epoch,loss
1,1.1214829346201474
2,0.9730240446523317
3,0.8344075982149383
4,0.7854487175638215
5,0.7436297663299363
6,0.7243364667332262
7,0.7158671347531759
8,0.737150910364506
9,0.6810637875763994
10,0.6659340597737702
