epoch,loss
1,1.1001549333759717
2,0.9201283136338817
3,0.857602036079966
4,0.7910616554002415
5,0.7639643293290509
6,0.7429689476327191
7,0.7277901652619654
8,0.6964005028820576
9,0.6758537200563832
10,0.671284751580622
