code,dt,score,label
A,2024-05-10,0.022494584321975708,0.031324897
AAPL,2024-05-10,0.004812850616872311,-0.0069140345
ABBV,2024-05-10,0.0010987957939505577,0.0021797451
ABT,2024-05-10,0.008135288022458553,0.0006685405
ACGL,2024-05-10,0.0031240857206285,0.0042068316
ACN,2024-05-10,0.0008850990561768413,-0.00091361976
ADBE,2024-05-10,-0.004908260889351368,-0.0007461111
ADI,2024-05-10,0.002271632431074977,0.01165068
ADM,2024-05-10,0.0019722746219486,0.008610999
ADP,2024-05-10,0.0019556100014597178,0.006951085
ADSK,2024-05-10,-0.0035708157811313868,-0.003941345
AEE,2024-05-10,-0.005105585791170597,-0.0049608005
AEP,2024-05-10,0.0029766312800347805,0.0072304164
AES,2024-05-10,-0.008577998727560043,-0.002504258
AFL,2024-05-10,0.0024338404182344675,0.008165011
AIG,2024-05-10,-0.0014369485434144735,0.0028752359
AIZ,2024-05-10,-0.012020943686366081,-0.015682345
AJG,2024-05-10,0.000609635200817138,0.013081876
AKAM,2024-05-10,-0.10052157938480377,-0.11600263
ALB,2024-05-10,-0.008241730742156506,-0.029860018
ALGN,2024-05-10,-0.01021695975214243,-0.0314726
ALL,2024-05-10,0.003245990490540862,0.0072637894
ALLE,2024-05-10,0.0008184965117834508,0.0025430685
AMAT,2024-05-10,0.005496222525835037,0.016342785
AMCR,2024-05-10,-0.01110000815242529,0.003868578
AMD,2024-05-10,-0.0037314225919544697,-0.0030889388
AME,2024-05-10,0.002981082536280155,0.005283154
AMGN,2024-05-10,-0.002944031497463584,-0.008699499
AMP,2024-05-10,-0.0004234885855112225,0.008152005
AMT,2024-05-10,-0.002444669371470809,-0.010138306
AMZN,2024-05-10,-0.0033229587133973837,-0.010716445
ANET,2024-05-10,0.027439303696155548,0.058824606
ANSS,2024-05-10,0.001777790836058557,0.003051142
AON,2024-05-10,0.012884418480098248,0.019010654
AOS,2024-05-10,-0.0027706967666745186,-0.00011569931
APA,2024-05-10,-0.013655592687427998,-0.01632273
APD,2024-05-10,-0.0029934505000710487,-0.0002394009
APH,2024-05-10,0.00043710434692911804,-0.0003135696
APO,2024-05-10,-0.0028251498006284237,-0.0011594454
APTV,2024-05-10,0.0006898902356624603,-0.010932609
ARE,2024-05-10,0.0025895170401781797,0.008672923
ATO,2024-05-10,-0.02446618862450123,-0.021190599
AVB,2024-05-10,-0.0003590999695006758,-0.0012689525
AVGO,2024-05-10,0.005747796967625618,0.020562593
AVY,2024-05-10,-0.004098031669855118,-0.008957391
AWK,2024-05-10,0.012623350135982037,0.008299905
AXON,2024-05-10,-0.010396027937531471,-0.01847949
AXP,2024-05-10,0.004417142365127802,0.013126695
AZO,2024-05-10,-0.0033156154677271843,-0.0025912034
BA,2024-05-10,-0.003765059169381857,-0.01523154
BAC,2024-05-10,-0.003213075688108802,0.0044309245
BALL,2024-05-10,-0.0134911322966218,-0.006485316
BAX,2024-05-10,0.014928077347576618,-0.0072582806
BBY,2024-05-10,-0.0030460688285529613,0.00013469743
BDX,2024-05-10,0.005272217094898224,0.002847064
BEN,2024-05-10,-0.0025649042800068855,-0.016707234
BG,2024-05-10,0.003028547391295433,0.006054202
BK,2024-05-10,0.002924821339547634,0.0015412595
BKNG,2024-05-10,-0.001197006436996162,0.0067809615
BKR,2024-05-10,-0.007338535040616989,-0.013512925
BLDR,2024-05-10,-0.0071630934253335,-0.013680803
BLK,2024-05-10,0.00011702650226652622,0.009508981
BMY,2024-05-10,0.001519532292149961,0.0044602375
BR,2024-05-10,0.015430033206939697,0.013529861
BRO,2024-05-10,0.0008218865259550512,0.016908798
BSX,2024-05-10,-0.0036629359237849712,-0.005548347
BX,2024-05-10,0.0020171082578599453,0.008175652
BXP,2024-05-10,-0.0026052326429635286,0.0011389914
C,2024-05-10,0.0016109069110825658,0.0033109032
CAG,2024-05-10,0.012269468978047371,0.011306253
CAH,2024-05-10,0.00627600122243166,0.014878339
CAT,2024-05-10,0.002613730262964964,0.0085198805
CB,2024-05-10,0.0014162297593429685,0.0031440745
CBOE,2024-05-10,-0.00714817363768816,-0.0102200685
CBRE,2024-05-10,0.015808027237653732,0.03128808
CCL,2024-05-10,-0.006783626042306423,-0.008968456
CDNS,2024-05-10,0.008353754878044128,0.0076820333
CDW,2024-05-10,-0.002323867753148079,-0.0022898845
CF,2024-05-10,-0.0030962596647441387,-0.0045871558
CFG,2024-05-10,0.0023969258181750774,0.0011099371
CHD,2024-05-10,0.0016956365434452891,0.0024258208
CHRW,2024-05-10,-0.002085131825879216,0.017805606
CHTR,2024-05-10,0.021334396675229073,0.04305857
CI,2024-05-10,-0.0045228684321045876,-0.0073779393
CINF,2024-05-10,0.0028746677562594414,0.004722122
CL,2024-05-10,0.006159696262329817,0.010783077
CLX,2024-05-10,0.007852735929191113,0.012565064
CMCSA,2024-05-10,0.008917739614844322,0.019779693
CME,2024-05-10,-0.017551908269524574,-0.024399906
CMG,2024-05-10,0.0014596970286220312,0.0019344419
CMI,2024-05-10,0.01290361862629652,0.013586772
CMS,2024-05-10,-0.000521343550644815,-0.004755845
CNC,2024-05-10,0.0024227481335401535,0.001801296
CNP,2024-05-10,-0.00421098992228508,-0.0030257443
COF,2024-05-10,0.001747937873005867,0.004710851
COO,2024-05-10,-0.0004317719431128353,0.0007389436
COP,2024-05-10,0.005854995921254158,-0.0057255286
COR,2024-05-10,-0.005216588731855154,0.0022733537
COST,2024-05-10,0.0026762799825519323,0.01040685
CPAY,2024-05-10,0.0006740731187164783,0.00077646604
CPB,2024-05-10,0.012847768142819405,0.0153499115
CPRT,2024-05-10,-0.004799161106348038,-0.009454296
CPT,2024-05-10,-0.00785859301686287,-0.0017801246
CRL,2024-05-10,-0.005272519309073687,-0.008598501
CRM,2024-05-10,0.0028480442706495523,0.005436345
CRWD,2024-05-10,0.007496336940675974,0.0088303145
CSCO,2024-05-10,0.004140947479754686,0.005633608
CSGP,2024-05-10,-0.005138452630490065,-0.016111968
CSX,2024-05-10,-0.003501702332869172,-0.003484278
CTAS,2024-05-10,-0.0038050527218729258,0.0057571144
CTRA,2024-05-10,-0.011147725395858288,-0.014494666
CTSH,2024-05-10,0.002552085556089878,0.0026909763
CTVA,2024-05-10,-0.005903737619519234,-0.00607057
CVS,2024-05-10,0.009717397391796112,0.0025112012
CVX,2024-05-10,-0.0030948775820434093,0.0022339846
CZR,2024-05-10,-0.014969294890761375,-0.030477388
D,2024-05-10,0.003204653738066554,0.0043433346
DAL,2024-05-10,0.0007167293224483728,-0.0028477213
DAY,2024-05-10,0.011639668606221676,0.025861362
DD,2024-05-10,-0.013355269096791744,-0.0005076027
DE,2024-05-10,-0.0037195775657892227,-0.0027175415
DECK,2024-05-10,-0.014925539493560791,-0.014464798
DELL,2024-05-10,-0.0035274813417345285,0.008243514
DFS,2024-05-10,-0.003823069389909506,-0.0051728673
DG,2024-05-10,0.0013432035921141505,0.00063875766
DGX,2024-05-10,0.0006353278295136988,0.0018800672
DHI,2024-05-10,0.0014299949398264289,0.0031389645
DHR,2024-05-10,0.005699390545487404,0.0077256816
DIS,2024-05-10,-0.004479392897337675,-9.4597046e-05
DLR,2024-05-10,-0.0034114143345505,-0.014595643
DLTR,2024-05-10,0.002520087407901883,0.0073799924
DOC,2024-05-10,0.000399098003981635,0.0051281606
DOV,2024-05-10,0.0010272328509017825,0.0032390181
DOW,2024-05-10,-0.0017403634265065193,-0.00067316287
DPZ,2024-05-10,-0.004129202105104923,0.002683724
DRI,2024-05-10,0.007607847452163696,0.009011424
DTE,2024-05-10,0.00014071684563532472,-0.0072469944
DUK,2024-05-10,0.001247319974936545,-0.0034032362
DVA,2024-05-10,-0.002127252519130707,-0.0030494193
DVN,2024-05-10,-0.012821231037378311,-0.014458933
DXCM,2024-05-10,-0.003203459782525897,-0.008542475
EA,2024-05-10,0.0014229774242267013,0.00015734388
EBAY,2024-05-10,0.010462034493684769,0.013025054
ECL,2024-05-10,0.0012145702494308352,-0.00025692902
ED,2024-05-10,-0.0031436621211469173,-0.0042897286
EFX,2024-05-10,0.004111929330974817,0.009858171
EG,2024-05-10,0.003361193463206291,0.0062869987
EIX,2024-05-10,0.00138678343500942,0.001737275
EL,2024-05-10,-0.0014954946236684918,0.0025789773
ELV,2024-05-10,0.0032867423724383116,0.0011133903
EMN,2024-05-10,0.0014263199409469962,-0.0005936596
EMR,2024-05-10,-0.0028274445794522762,-0.00034606483
ENPH,2024-05-10,-0.01548737846314907,-0.025328504
EOG,2024-05-10,-0.004423338919878006,-0.0035294371
EPAM,2024-05-10,-0.008873717859387398,0.008047363
EQIX,2024-05-10,-0.004230082500725985,-0.019277826
EQR,2024-05-10,-0.002957521704956889,-0.0035863225
EQT,2024-05-10,-0.014728873036801815,-0.02760717
ERIE,2024-05-10,-0.003122309222817421,-0.0096925795
ES,2024-05-10,0.0017761833732947707,0.0025873005
ESS,2024-05-10,-0.0028583805542439222,-0.0024298073
ETN,2024-05-10,-0.0033138981088995934,-0.0081042955
ETR,2024-05-10,0.005412385333329439,0.004564193
EVRG,2024-05-10,-0.0010937307961285114,-0.0053986413
EW,2024-05-10,-0.004131812136620283,-0.008039345
EXC,2024-05-10,-0.004757794551551342,-0.007405439
EXPD,2024-05-10,0.011461518704891205,0.011046587
EXPE,2024-05-10,-0.0016272388165816665,0.002751013
EXR,2024-05-10,0.0007636567461304367,0.0030727715
F,2024-05-10,-0.003893161192536354,-0.011608265
FANG,2024-05-10,-0.0047792065888643265,-0.0075384458
FAST,2024-05-10,0.0028860163874924183,0.0038375845
FCX,2024-05-10,0.004663331434130669,0.009934532
FDS,2024-05-10,0.00400120485574007,0.0072673396
FDX,2024-05-10,0.01052644569426775,0.013906298
FE,2024-05-10,0.003044412937015295,0.0025068016
FFIV,2024-05-10,0.003463355591520667,0.003385278
FI,2024-05-10,-0.0038678536657243967,-0.0029136543
FICO,2024-05-10,0.019413510337471962,0.031979322
FIS,2024-05-10,0.0005084345466457307,0.012537522
FITB,2024-05-10,0.0018090279772877693,0.0033577147
FOX,2024-05-10,-0.0008620472508482635,0.0045351195
FOXA,2024-05-10,0.0007892019930295646,0.0026975153
FRT,2024-05-10,-0.00848578941076994,-0.008126347
FSLR,2024-05-10,0.0014895261265337467,-0.013309865
FTNT,2024-05-10,0.008129658177495003,0.00086008245
FTV,2024-05-10,-0.0070630325935781,-0.007773878
GD,2024-05-10,0.0008309607510454953,0.0015868451
GDDY,2024-05-10,0.0029774056747555733,0.014970042
GE,2024-05-10,-0.01179390586912632,-0.024899462
GEN,2024-05-10,0.09830676764249802,0.14174661
GILD,2024-05-10,0.012235509231686592,0.021140715
GIS,2024-05-10,0.005439245142042637,0.006242695
GL,2024-05-10,0.0013960845535621047,-0.0043834136
GLW,2024-05-10,-0.0036704710219055414,-0.000877646
GM,2024-05-10,-0.0038183098658919334,-0.003312393
GNRC,2024-05-10,-0.006610888987779617,-0.011854409
GOOG,2024-05-10,-0.0031503995414823294,-0.007546793
GOOGL,2024-05-10,-0.003461235435679555,-0.007737418
GPC,2024-05-10,-0.0015665172832086682,-0.00045077226
GPN,2024-05-10,0.002643863670527935,-0.021193277
GRMN,2024-05-10,-0.0034027970395982265,-0.002187852
GS,2024-05-10,3.613956505432725e-05,-0.0018235352
GWW,2024-05-10,0.001193028874695301,0.0047258
HAL,2024-05-10,-0.004780963528901339,-0.010999192
HAS,2024-05-10,-0.006169042084366083,-0.015357037
HBAN,2024-05-10,0.002687763422727585,0.002848966
HCA,2024-05-10,0.0036181285977363586,0.014678465
HD,2024-05-10,-0.0006760993273928761,-0.0029112035
HES,2024-05-10,0.0013641058467328548,0.0028092628
HIG,2024-05-10,-0.0003247411223128438,0.005511153
HII,2024-05-10,0.003897619666531682,0.004214666
HLT,2024-05-10,0.014369230717420578,0.022351261
HOLX,2024-05-10,-0.010960124433040619,-0.008085249
HON,2024-05-10,0.004398436285555363,0.011348797
HPE,2024-05-10,0.0005069014732725918,0.0
HPQ,2024-05-10,-0.0003529470122884959,0.002358034
HRL,2024-05-10,0.005294963251799345,0.0067588207
HSIC,2024-05-10,-0.002201775321736932,-0.0017717652
HST,2024-05-10,-0.004063647706061602,-0.0043525835
HSY,2024-05-10,0.0050101806409657,0.023164779
HUBB,2024-05-10,-0.002323318738490343,-0.004752012
HUM,2024-05-10,-0.0002913596108555794,0.002715348
HWM,2024-05-10,-0.011910708621144295,-0.014241118
IBM,2024-05-10,0.00340466876514256,0.0052785296
ICE,2024-05-10,-0.003907712176442146,-0.007138817
IDXX,2024-05-10,0.002965158550068736,0.017809117
IEX,2024-05-10,0.013416526839137077,0.015236412
IFF,2024-05-10,-0.005838986951857805,0.0012356744
INCY,2024-05-10,-0.004102890845388174,-0.008258066
INTC,2024-05-10,-0.0013273728545755148,-0.008007803
INTU,2024-05-10,0.0015789717435836792,0.008656379
INVH,2024-05-10,-0.0036817609798163176,-0.0057339803
IP,2024-05-10,-0.009594716131687164,-0.03212644
IPG,2024-05-10,-0.003898040158674121,-0.0016039339
IQV,2024-05-10,0.010783103294670582,0.021064881
IR,2024-05-10,0.0011463513365015388,0.0028530075
IRM,2024-05-10,0.0007408073870465159,0.002258843
ISRG,2024-05-10,0.0023867248091846704,0.003237711
IT,2024-05-10,0.006943549029529095,0.0057532038
ITW,2024-05-10,0.0026373066939413548,0.0023997768
IVZ,2024-05-10,0.01222885400056839,0.024671532
J,2024-05-10,-0.004245151299983263,-0.0039421828
JBHT,2024-05-10,0.0008559044217690825,0.0034058308
JBL,2024-05-10,-0.0021408144384622574,0.00016950125
JCI,2024-05-10,0.003592087421566248,-0.0022842688
JKHY,2024-05-10,-0.0007268584449775517,0.0011824522
JNJ,2024-05-10,-0.0026606151368469,0.00040022467
JNPR,2024-05-10,0.006003493443131447,0.0054998905
JPM,2024-05-10,0.002860669046640396,0.0064097126
K,2024-05-10,0.006074761506170034,0.004211817
KDP,2024-05-10,0.0028433913830667734,0.0011761416
KEY,2024-05-10,0.0008592294761911035,0.0
KEYS,2024-05-10,-0.004060734529048204,-0.0053116335
KHC,2024-05-10,0.010263622738420963,0.014731785
KIM,2024-05-10,-0.003245589090511203,-0.0031563824
KKR,2024-05-10,0.003591730259358883,0.010576111
KLAC,2024-05-10,0.0012861221330240369,0.010636967
KMB,2024-05-10,-0.00038466931437142193,7.331103e-05
KMI,2024-05-10,0.0005650625680573285,0.0036755952
KMX,2024-05-10,0.0029387730173766613,0.00938677
KO,2024-05-10,0.003914124332368374,0.0060249357
KR,2024-05-10,0.016192123293876648,0.016229754
L,2024-05-10,0.0035869190469384193,0.0035970847
LDOS,2024-05-10,0.0011677838629111648,0.0044170385
LEN,2024-05-10,0.007815651595592499,0.012598962
LH,2024-05-10,0.0022723034489899874,0.007346032
LHX,2024-05-10,-0.001224647043272853,0.00050103024
LII,2024-05-10,0.0015755731146782637,0.011817958
LIN,2024-05-10,0.003188011236488819,0.010482815
LKQ,2024-05-10,-0.0017547697061672807,-0.0024850173
LLY,2024-05-10,-0.003889382816851139,-0.015081861
LMT,2024-05-10,0.001278107287362218,0.0010455145
LNT,2024-05-10,-0.003155758371576667,-0.0071822186
LOW,2024-05-10,-0.0046478561125695705,-0.004669371
LRCX,2024-05-10,0.003342109965160489,0.008645034
LULU,2024-05-10,-0.0023896810598671436,2.8252203e-05
LUV,2024-05-10,-0.0009741811663843691,0.0029281299
LVS,2024-05-10,-0.010177217423915863,-0.014080824
LW,2024-05-10,0.008933315053582191,0.015739605
LYB,2024-05-10,-0.0031278678216040134,-0.0025615036
LYV,2024-05-10,0.0026110217440873384,-0.00010306174
MA,2024-05-10,0.00211704196408391,0.0032659904
MAA,2024-05-10,-0.004738653544336557,-0.0064015132
MAR,2024-05-10,0.007268468849360943,0.012217192
MAS,2024-05-10,0.0007321760058403015,0.0037409165
MCD,2024-05-10,0.017770923674106598,0.02596479
MCHP,2024-05-10,-0.002766369841992855,0.00021860594
MCK,2024-05-10,0.0001813549897633493,0.008591618
MCO,2024-05-10,-0.004301678389310837,-0.0029430059
MDLZ,2024-05-10,0.015653468668460846,0.014143582
MDT,2024-05-10,-0.002990914974361658,0.0009662009
MET,2024-05-10,-0.0014462812105193734,0.0026158362
META,2024-05-10,-0.000312924908939749,0.0016393315
MGM,2024-05-10,-0.002861944492906332,-0.006877786
MHK,2024-05-10,-0.002140261232852936,0.00075145124
MKC,2024-05-10,0.003987955395132303,0.010693456
MKTX,2024-05-10,0.0015793219208717346,0.0062783514
MLM,2024-05-10,0.008806880563497543,0.0119144255
MMC,2024-05-10,-0.0006760151591151953,0.0034601223
MMM,2024-05-10,0.004909991752356291,0.016303625
MNST,2024-05-10,0.002756914123892784,0.004698986
MO,2024-05-10,-9.038753341883421e-05,0.004240662
MOH,2024-05-10,0.005433135665953159,0.012970817
MOS,2024-05-10,-0.011023741215467453,-0.015508149
MPC,2024-05-10,-0.006470977794378996,-0.018591968
MPWR,2024-05-10,-0.003290271619334817,-0.007769914
MRK,2024-05-10,-0.0030356026254594326,-0.0013063131
MRNA,2024-05-10,-0.01973523572087288,-0.044810887
MS,2024-05-10,0.0012750555761158466,0.0017312058
MSCI,2024-05-10,0.0031974187586456537,0.005497757
MSFT,2024-05-10,0.0026130350306630135,0.0058520455
MSI,2024-05-10,0.0019283171277493238,0.0075799436
MTB,2024-05-10,0.005709370132535696,0.006528978
MTCH,2024-05-10,0.00483956141397357,0.0035906706
MTD,2024-05-10,0.10263391584157944,0.15602256
MU,2024-05-10,0.015869859606027603,0.028691063
NCLH,2024-05-10,-0.002520704409107566,-0.0061918874
NDAQ,2024-05-10,0.008236384019255638,0.007944248
NDSN,2024-05-10,0.007682034745812416,0.0037720317
NEE,2024-05-10,-0.003928818739950657,-0.010648859
NEM,2024-05-10,-0.0025511737912893295,-0.0082032615
NFLX,2024-05-10,-0.001736801816150546,-0.0019952254
NI,2024-05-10,-0.0033005529548972845,-0.007641441
NKE,2024-05-10,-0.026608679443597794,-0.026578022
NOC,2024-05-10,0.0013473279541358352,0.0028894995
NOW,2024-05-10,0.0049630566500127316,0.009430225
NRG,2024-05-10,-0.002213703701272607,0.022849469
NSC,2024-05-10,0.008366484194993973,0.017343543
NTAP,2024-05-10,-0.005921687465161085,0.0029536842
NTRS,2024-05-10,-0.0032349559478461742,-0.0009223897
NUE,2024-05-10,-0.0016693419311195612,0.00057335146
NVDA,2024-05-10,0.00430318946018815,0.01266287
NVR,2024-05-10,-0.0020720281172543764,-0.0020239528
NWS,2024-05-10,0.002018558792769909,0.008933692
NWSA,2024-05-10,0.00885432492941618,0.010037912
NXPI,2024-05-10,-0.0026202192530035973,0.0035596683
O,2024-05-10,0.0015853233635425568,0.006931671
ODFL,2024-05-10,0.017836501821875572,0.010211721
OKE,2024-05-10,-6.382516585290432e-05,0.0004996005
OMC,2024-05-10,0.0023185661993920803,0.0013575864
ON,2024-05-10,-0.00774962967261672,-0.011289548
ORCL,2024-05-10,-0.002116964664310217,0.00025722056
ORLY,2024-05-10,-0.013469799421727657,-0.011111516
OXY,2024-05-10,-0.005844402592629194,-0.010484006
PANW,2024-05-10,0.003481568768620491,0.00606925
PARA,2024-05-10,0.0015345757128670812,-0.0022961574
PAYC,2024-05-10,-0.006167005747556686,-0.0010952384
PAYX,2024-05-10,0.005666830111294985,0.010251952
PCAR,2024-05-10,-0.002159964293241501,0.0023843169
PCG,2024-05-10,-0.00022471026750281453,-0.0039182473
PEG,2024-05-10,0.002557404339313507,0.0055551343
PEP,2024-05-10,0.009303785860538483,0.009668599
PFE,2024-05-10,-0.0029000474605709314,-0.006050782
PFG,2024-05-10,-0.0029228348284959793,0.0056136935
PG,2024-05-10,0.004471237771213055,0.0048665022
PGR,2024-05-10,0.005211422219872475,0.009499653
PH,2024-05-10,0.0002184607437811792,0.00078444683
PHM,2024-05-10,0.0010442259954288602,0.005880606
PKG,2024-05-10,-0.002982822246849537,-0.0054477816
PLD,2024-05-10,-0.003141305409371853,-0.0061213025
PM,2024-05-10,9.423639858141541e-05,0.0020088004
PNC,2024-05-10,0.0016922656213864684,0.002923613
PNR,2024-05-10,-0.0011878515360876918,-0.0063407505
PNW,2024-05-10,-0.0004275177780073136,-0.0020692851
PODD,2024-05-10,-0.028940485790371895,-0.06765097
POOL,2024-05-10,0.0007072186563163996,0.0032387804
PPG,2024-05-10,0.002717055147513747,0.0072678127
PPL,2024-05-10,0.009360692463815212,0.007924025
PRU,2024-05-10,0.002285880735144019,0.0074330014
PSA,2024-05-10,0.000500791531521827,0.001995
PSX,2024-05-10,-0.005972147919237614,-0.014454398
PTC,2024-05-10,-0.0010026870295405388,0.0
PWR,2024-05-10,0.0010253868531435728,0.0048370822
PYPL,2024-05-10,-0.013038596138358116,-0.023862155
QCOM,2024-05-10,0.002275297651067376,0.008493523
RCL,2024-05-10,-0.0030036757234483957,-0.004950737
REG,2024-05-10,0.0015327275032177567,0.0042055254
REGN,2024-05-10,-0.0002839424414560199,0.005973747
RF,2024-05-10,0.0013255839003250003,0.002524638
RJF,2024-05-10,-0.0021100209560245275,0.0043051154
RL,2024-05-10,-0.00620416272431612,-0.005310315
RMD,2024-05-10,-0.011562277562916279,-0.014024256
ROK,2024-05-10,0.007543060928583145,0.01598899
ROL,2024-05-10,-0.0032999853137880564,-0.008116013
ROP,2024-05-10,0.0023939628154039383,0.00032479255
ROST,2024-05-10,-0.010080907493829727,-0.010359165
RSG,2024-05-10,0.004389194771647453,0.0058828574
RTX,2024-05-10,0.0035404711961746216,0.005470134
RVTY,2024-05-10,0.0016783663304522634,0.004398999
SBAC,2024-05-10,-0.0030694131273776293,-0.0048991656
SBUX,2024-05-10,-0.010552222840487957,0.0056657307
SCHW,2024-05-10,0.00687812827527523,0.008841657
SHW,2024-05-10,0.0010715043172240257,0.0012785357
SJM,2024-05-10,0.007298430893570185,0.016873058
SLB,2024-05-10,-0.0026162839494645596,0.0004126174
SMCI,2024-05-10,-3.055925481021404e-05,-0.0015017324
SNA,2024-05-10,0.001370729529298842,0.0028878357
SNPS,2024-05-10,0.00552450492978096,0.01234376
SO,2024-05-10,-0.00015182280912995338,-0.0014066442
SPG,2024-05-10,-0.003653773106634617,-0.0094995415
SPGI,2024-05-10,-0.0007434565341100097,-0.0016669196
SRE,2024-05-10,0.019808422774076462,0.013171983
STE,2024-05-10,0.0031676683574914932,0.023350213
STLD,2024-05-10,-0.0018354104831814766,0.0025184548
STT,2024-05-10,0.003282757243141532,0.0041872445
STX,2024-05-10,0.005006314255297184,0.02520071
STZ,2024-05-10,0.0026124659925699234,0.004783341
SWK,2024-05-10,0.00885151419788599,0.018874547
SWKS,2024-05-10,-0.00173257477581501,-0.00054225116
SYF,2024-05-10,-0.004228170961141586,-0.008058151
SYK,2024-05-10,0.0011321386555209756,-0.00084662484
SYY,2024-05-10,0.004893367178738117,0.01348071
T,2024-05-10,-0.0028529867995530367,-0.000582328
TAP,2024-05-10,0.0006369217881001532,0.004072565
TDG,2024-05-10,-0.0074976771138608456,-0.0063664825
TDY,2024-05-10,-0.001170559786260128,0.002213407
TECH,2024-05-10,0.01223963126540184,0.01695016
TEL,2024-05-10,-0.0023981304839253426,0.00061588385
TER,2024-05-10,-0.0025832930114120245,0.0025251138
TFC,2024-05-10,0.0034655826166272163,0.009418181
TGT,2024-05-10,-0.003329111495986581,-0.0072682467
TJX,2024-05-10,-0.0033564609475433826,-0.0010116444
TKO,2024-05-10,0.01461327075958252,0.018162012
TMO,2024-05-10,0.02019543945789337,0.025786597
TMUS,2024-05-10,-0.006829552818089724,-0.0029190343
TPL,2024-05-10,0.00373553647659719,0.013704578
TPR,2024-05-10,-0.004823686555027962,-0.00745876
TRGP,2024-05-10,-0.003981654066592455,-0.0034393005
TRMB,2024-05-10,-0.001653042039833963,0.0003522014
TROW,2024-05-10,0.0013383745681494474,0.0026918086
TRV,2024-05-10,-0.003189928364008665,-0.004201619
TSCO,2024-05-10,0.0021144752390682697,0.00639396
TSLA,2024-05-10,-0.005533632822334766,-0.020559428
TSN,2024-05-10,-0.0013186753494665027,0.0
TT,2024-05-10,0.0007270582718774676,-0.002827518
TTWO,2024-05-10,0.0019225167343392968,0.001371991
TXN,2024-05-10,0.0032188780605793,0.009291708
TXT,2024-05-10,-0.0030298130586743355,0.0006778325
TYL,2024-05-10,0.005143025889992714,0.006041761
UAL,2024-05-10,-0.007466111332178116,0.0017085952
UBER,2024-05-10,-0.006040278356522322,-0.013933548
UDR,2024-05-10,-0.0027712760493159294,0.0
UHS,2024-05-10,0.002975023817270994,0.005856667
ULTA,2024-05-10,0.005382009316235781,0.012326336
UNH,2024-05-10,0.003127316478639841,0.011334773
UNP,2024-05-10,-0.00274305185303092,0.0031982611
UPS,2024-05-10,0.003522527636960149,0.006398816
URI,2024-05-10,0.0014638241846114397,0.01285857
USB,2024-05-10,0.003909341525286436,0.007434776
V,2024-05-10,0.005557242780923843,0.00786714
VICI,2024-05-10,0.0026083269622176886,0.006802628
VLO,2024-05-10,-0.012003442272543907,-0.017395243
VMC,2024-05-10,0.00023623101878911257,0.005084991
VRSK,2024-05-10,-0.005157605279237032,0.0135007
VRSN,2024-05-10,0.00499982014298439,0.008445063
VRTX,2024-05-10,-0.00013427354861050844,0.009004692
VST,2024-05-10,-0.0057396129705011845,0.0026796819
VTR,2024-05-10,-0.0031315116211771965,0.00021038226
VTRS,2024-05-10,-0.0034143400844186544,-0.0053619677
VZ,2024-05-10,0.00837711337953806,0.015212819
WAB,2024-05-10,0.004413008224219084,0.0060175895
WAT,2024-05-10,0.022711021825671196,0.04271306
WBA,2024-05-10,-0.003066088305786252,-0.0034843378
WBD,2024-05-10,0.006368088535964489,0.013587947
WDAY,2024-05-10,0.006528113968670368,0.0015437589
WDC,2024-05-10,-0.004214196000248194,-0.006820115
WEC,2024-05-10,0.0005516339442692697,-0.0017541508
WELL,2024-05-10,0.0011043448466807604,0.0028371979
WFC,2024-05-10,0.004890484735369682,0.009904792
WM,2024-05-10,0.0023749161045998335,0.004692104
WMB,2024-05-10,0.000744010554626584,0.0015144784
WMT,2024-05-10,5.502538988366723e-05,0.00066163094
WRB,2024-05-10,0.010810893028974533,0.0119847385
WSM,2024-05-10,-0.004036980681121349,-0.007912941
WST,2024-05-10,-0.00365098612383008,-0.0038367517
WTW,2024-05-10,0.0021664120722562075,0.005150694
WY,2024-05-10,-0.0025497269816696644,-0.0051529165
WYNN,2024-05-10,-0.008005475625395775,-0.008265158
XEL,2024-05-10,0.00209576147608459,0.0039746137
XOM,2024-05-10,-0.00422649784013629,-0.0040609706
XYL,2024-05-10,0.0024028876796364784,0.002730922
YUM,2024-05-10,-0.0016991215525195003,-0.002395034
ZBH,2024-05-10,-0.002281415509060025,-0.0010710723
ZBRA,2024-05-10,-0.0037334260996431112,-0.0022141954
ZTS,2024-05-10,-0.003651190083473921,0.005397812
A,2024-05-13,-0.0095876669511199,-0.013443884
AAPL,2024-05-13,0.014718607068061829,0.01748982
ABBV,2024-05-13,-0.0014817455084994435,0.003291655
ABT,2024-05-13,0.001101334928534925,0.00028641892
ACGL,2024-05-13,-0.008781121112406254,-0.021617943
ACN,2024-05-13,0.002356500132009387,0.0035195188
ADBE,2024-05-13,0.0026635637041181326,0.0016987176
ADI,2024-05-13,0.004300147294998169,0.0057270103
ADM,2024-05-13,-0.008227295242249966,-0.0055728
ADP,2024-05-13,-0.0011775249149650335,0.0038005335
ADSK,2024-05-13,-0.005920641589909792,-0.0051563317
AEE,2024-05-13,-0.0027925048489123583,0.00094047625
AEP,2024-05-13,0.00020048546139150858,-0.0009829459
AES,2024-05-13,0.0031210179440677166,0.0010024048
AFL,2024-05-13,0.001095348154194653,-0.002442534
AIG,2024-05-13,-0.008694099262356758,-0.014078467
AIZ,2024-05-13,-0.00042406897409819067,-0.00085026375
AJG,2024-05-13,-0.0022641168907284737,-0.0052765803
AKAM,2024-05-13,0.011710703372955322,0.033735197
ALB,2024-05-13,0.004627116024494171,0.014474791
ALGN,2024-05-13,0.00308294128626585,0.0038203655
ALL,2024-05-13,-0.013244775123894215,-0.016520144
ALLE,2024-05-13,-0.0024302073288708925,-0.0022248286
AMAT,2024-05-13,-0.00756367202848196,-0.014890104
AMCR,2024-05-13,-0.00227156444452703,0.0009646527
AMD,2024-05-13,-0.008820555172860622,-0.0089921495
AME,2024-05-13,-0.001612791558727622,-0.004106754
AMGN,2024-05-13,-0.003083573654294014,-0.005496265
AMP,2024-05-13,-0.002734360983595252,-0.0037203834
AMT,2024-05-13,0.003970164805650711,0.0027605235
AMZN,2024-05-13,-0.0026997518725693226,-0.004865565
ANET,2024-05-13,-0.01129167526960373,-0.013334868
ANSS,2024-05-13,-0.0023022794630378485,-0.00015230147
AON,2024-05-13,-0.01459607481956482,-0.0155403465
AOS,2024-05-13,-0.0030922458972781897,-0.0037113498
APA,2024-05-13,0.002833258593454957,-0.0059425524
APD,2024-05-13,-0.0019264223519712687,-0.0011581922
APH,2024-05-13,-0.001749182934872806,-0.003218987
APO,2024-05-13,-0.01093513797968626,-0.020553166
APTV,2024-05-13,0.002197863766923547,-0.00048333162
ARE,2024-05-13,-0.006546573247760534,-0.0071808374
ATO,2024-05-13,-0.012449675239622593,-0.007280194
AVB,2024-05-13,0.0027456004172563553,0.00050782174
AVGO,2024-05-13,-0.0003422896843403578,0.0035278338
AVY,2024-05-13,-0.0012379632098600268,-0.0023962886
AWK,2024-05-13,0.0012615738669410348,-0.0071131247
AXON,2024-05-13,-0.006795072928071022,-0.010601634
AXP,2024-05-13,-0.016319749876856804,-0.01517751
AZO,2024-05-13,-0.014311229810118675,-0.013992347
BA,2024-05-13,-0.001905668992549181,-0.00039215622
BAC,2024-05-13,-0.002668644767254591,-0.006261158
BALL,2024-05-13,0.004776709247380495,0.0015889875
BAX,2024-05-13,0.002697798889130354,-0.0073115337
BBY,2024-05-13,0.006827088538557291,0.007120351
BDX,2024-05-13,0.006386144552379847,0.005416664
BEN,2024-05-13,0.004587892442941666,0.008806684
BG,2024-05-13,0.009474815800786018,0.014790386
BK,2024-05-13,-0.010879055596888065,-0.010146795
BKNG,2024-05-13,-0.011131729930639267,-0.016090047
BKR,2024-05-13,-0.002170698018744588,0.0021621408
BLDR,2024-05-13,0.006385264452546835,0.0024525772
BLK,2024-05-13,-0.008004827424883842,-0.007989719
BMY,2024-05-13,0.0012826122110709548,0.002666604
BR,2024-05-13,0.0066837710328400135,0.010724235
BRO,2024-05-13,0.004352153278887272,0.004583535
BSX,2024-05-13,-0.014075913466513157,-0.01201327
BX,2024-05-13,-0.008509430103003979,-0.015516804
BXP,2024-05-13,0.005396776366978884,0.020118669
C,2024-05-13,-0.0022114659659564495,-0.002048321
CAG,2024-05-13,-0.007662323769181967,-0.0057987836
CAH,2024-05-13,-0.009903381578624249,-0.015082224
CAT,2024-05-13,0.0009195291204378009,0.005312798
CB,2024-05-13,0.0015585224609822035,-0.0011778249
CBOE,2024-05-13,0.0059883976355195045,0.006001949
CBRE,2024-05-13,-0.018177539110183716,-0.023433892
CCL,2024-05-13,0.0028076856397092342,0.008968424
CDNS,2024-05-13,-0.013323227874934673,-0.010560315
CDW,2024-05-13,-0.002498638816177845,-0.0018446739
CF,2024-05-13,0.0043563153594732285,0.0041833273
CFG,2024-05-13,-0.0012150992406532168,-0.0033334435
CHD,2024-05-13,-0.0019654727075248957,-0.001492062
CHRW,2024-05-13,0.004357996396720409,0.020931982
CHTR,2024-05-13,-0.00604173494502902,-0.0032714896
CI,2024-05-13,-0.00035706136259250343,0.0021503645
CINF,2024-05-13,-0.0037878230214118958,-0.004553086
CL,2024-05-13,-0.008391301147639751,-0.006752366
CLX,2024-05-13,-0.01262628473341465,-0.014544488
CMCSA,2024-05-13,0.003355784807354212,0.009871981
CME,2024-05-13,0.005754838231950998,0.0069792583
CMG,2024-05-13,-0.007435578387230635,-0.013622505
CMI,2024-05-13,-0.014687205664813519,-0.024264893
CMS,2024-05-13,0.0019497808534651995,-0.00031780286
CNC,2024-05-13,-0.00988749973475933,-0.008261131
CNP,2024-05-13,-0.001902410527691245,-0.0013477335
COF,2024-05-13,-0.0019158236682415009,-0.0025285182
COO,2024-05-13,-0.010656907223165035,-0.020574633
COP,2024-05-13,0.00836577732115984,-0.0026283143
COR,2024-05-13,-0.017898278310894966,-0.00750794
COST,2024-05-13,-0.008954000659286976,-0.015411803
CPAY,2024-05-13,0.007122446782886982,0.01425627
CPB,2024-05-13,0.004671609029173851,0.006075056
CPRT,2024-05-13,-0.002014386933296919,-0.0027440183
CPT,2024-05-13,-0.0020868054125458,0.0009373797
CRL,2024-05-13,0.0029515379574149847,0.0012704398
CRM,2024-05-13,-0.0019400217570364475,0.0030673048
CRWD,2024-05-13,-0.010779514908790588,-0.004937979
CSCO,2024-05-13,0.009445185773074627,0.012817267
CSGP,2024-05-13,-0.008950462564826012,-0.014568251
CSX,2024-05-13,0.0028242352418601513,0.0040637795
CTAS,2024-05-13,-0.013309498317539692,-0.014613904
CTRA,2024-05-13,-0.0014750717673450708,-0.003925009
CTSH,2024-05-13,0.007450500037521124,0.013199273
CTVA,2024-05-13,-0.0017066446598619223,-0.003136412
CVS,2024-05-13,0.005602832417935133,0.011576808
CVX,2024-05-13,-0.005316885653883219,-0.0078098583
CZR,2024-05-13,0.005937372799962759,0.0024844464
D,2024-05-13,-0.004233896266669035,-0.0005655099
DAL,2024-05-13,0.005199770908802748,0.009289936
DAY,2024-05-13,0.0017195953987538815,0.018766139
DD,2024-05-13,0.00027415063232183456,0.0013955616
DE,2024-05-13,-0.0029708598740398884,0.00024494508
DECK,2024-05-13,-0.00762142101302743,-0.013218555
DELL,2024-05-13,-0.0030797813087701797,-0.013343987
DFS,2024-05-13,0.004603548441082239,0.0062204236
DG,2024-05-13,-0.011711576022207737,-0.021655444
DGX,2024-05-13,0.0159775260835886,0.016904345
DHI,2024-05-13,-0.01102837547659874,-0.020952383
DHR,2024-05-13,-0.009031817317008972,-0.0070099435
DIS,2024-05-13,0.009023227728903294,0.00037806036
DLR,2024-05-13,0.000956686504650861,0.01145627
DLTR,2024-05-13,-0.005808006040751934,-0.0069639683
DOC,2024-05-13,-0.001349734258837998,0.0010225308
DOV,2024-05-13,-0.001840086653828621,-0.0069766324
DOW,2024-05-13,-0.0010684955632314086,-0.0008419121
DPZ,2024-05-13,-0.017113007605075836,-0.016346775
DRI,2024-05-13,0.004597925115376711,0.0054487935
DTE,2024-05-13,-0.0017292910488322377,-0.0015597568
DUK,2024-05-13,0.0015546188224107027,0.0021404913
DVA,2024-05-13,-0.005292183253914118,-0.0067855497
DVN,2024-05-13,-0.006810005288571119,-0.0043989187
DXCM,2024-05-13,-0.007730918936431408,-0.01666555
EA,2024-05-13,-0.0022374573163688183,-0.0044142446
EBAY,2024-05-13,0.012960949912667274,0.019223427
ECL,2024-05-13,-0.01292016077786684,-0.0076084696
ED,2024-05-13,0.0020702367182821035,-0.000614176
EFX,2024-05-13,0.004823288414627314,0.012912812
EG,2024-05-13,-0.0024050455540418625,-0.0045803897
EIX,2024-05-13,-0.00019584980327636003,-0.006026856
EL,2024-05-13,0.004434456583112478,0.020319639
ELV,2024-05-13,-0.0016838590381667018,-0.0007606655
EMN,2024-05-13,0.0019782765302807093,-9.906782e-05
EMR,2024-05-13,-0.0014339550398290157,-0.0063376315
ENPH,2024-05-13,0.012939118780195713,0.02217589
EOG,2024-05-13,-0.0062363422475755215,-0.005395046
EPAM,2024-05-13,0.006842305883765221,0.039116915
EQIX,2024-05-13,0.006402845960110426,0.025032368
EQR,2024-05-13,-0.0014082536799833179,-0.0007487953
EQT,2024-05-13,0.00857332069426775,0.021847082
ERIE,2024-05-13,0.0008652318501845002,-0.009489433
ES,2024-05-13,-0.010027003474533558,-0.010389335
ESS,2024-05-13,0.0024490857031196356,0.006198033
ETN,2024-05-13,-0.00306144286878407,-0.006251082
ETR,2024-05-13,0.0020179939456284046,-0.0012508695
EVRG,2024-05-13,0.004730955231934786,0.00575747
EW,2024-05-13,-0.011781159788370132,-0.023564653
EXC,2024-05-13,0.010343407280743122,0.01213677
EXPD,2024-05-13,-0.0024332799948751926,-0.006103192
EXPE,2024-05-13,-0.006668689660727978,-0.0015077018
EXR,2024-05-13,0.002490515820682049,0.008283237
F,2024-05-13,0.008677389472723007,0.027955126
FANG,2024-05-13,-0.006977945100516081,-0.007047757
FAST,2024-05-13,-0.007819730788469315,-0.0076898485
FCX,2024-05-13,-0.0010358331492170691,0.008684622
FDS,2024-05-13,0.0011704671196639538,0.0019790577
FDX,2024-05-13,0.0021432717330753803,0.004355797
FE,2024-05-13,0.0020016960334032774,-0.006278971
FFIV,2024-05-13,0.005083171650767326,-0.0012827388
FI,2024-05-13,-0.00997177604585886,-0.0065052924
FICO,2024-05-13,-0.002281937748193741,0.0029460774
FIS,2024-05-13,0.006336360704153776,0.014760792
FITB,2024-05-13,-0.017414957284927368,-0.015067946
FOX,2024-05-13,-0.002265122951939702,-0.0064850757
FOXA,2024-05-13,-0.0022719891276210546,-0.006907913
FRT,2024-05-13,0.005533112678676844,0.007248405
FSLR,2024-05-13,-0.01197967678308487,-0.0079349885
FTNT,2024-05-13,0.01190263219177723,0.024955796
FTV,2024-05-13,-0.0018633264116942883,-0.0006504384
GD,2024-05-13,-0.010783667676150799,-0.009864647
GDDY,2024-05-13,-0.0023097856901586056,-0.0026168402
GE,2024-05-13,-0.021132120862603188,-0.024030188
GEN,2024-05-13,0.0033593582920730114,0.022753157
GILD,2024-05-13,0.010092588141560555,0.023666983
GIS,2024-05-13,-0.0011257021687924862,-0.0008487724
GL,2024-05-13,-0.0012608177494257689,-0.015846157
GLW,2024-05-13,-0.00826682336628437,0.0032141837
GM,2024-05-13,-0.004409198183566332,-0.0008852224
GNRC,2024-05-13,0.007701956667006016,0.018370878
GOOG,2024-05-13,0.002409975975751877,0.0035757043
GOOGL,2024-05-13,0.002565867267549038,0.002901267
GPC,2024-05-13,0.007466999348253012,0.014449535
GPN,2024-05-13,0.004679975099861622,0.0013722291
GRMN,2024-05-13,-0.006831149570643902,0.0025422361
GS,2024-05-13,-0.0011439116206020117,-0.0025762639
GWW,2024-05-13,-0.0081715676933527,-0.009874337
HAL,2024-05-13,0.009176548570394516,0.007257044
HAS,2024-05-13,0.0054307919926941395,0.014537519
HBAN,2024-05-13,-0.0015948652289807796,-0.0071377363
HCA,2024-05-13,-0.01736714504659176,-0.029411593
HD,2024-05-13,-0.012909562326967716,-0.015914269
HES,2024-05-13,-0.008218077011406422,-0.0049372604
HIG,2024-05-13,-0.011353831738233566,-0.013337344
HII,2024-05-13,0.003618517890572548,0.007510261
HLT,2024-05-13,-0.008686846122145653,-0.009609474
HOLX,2024-05-13,0.003784541040658951,0.005706268
HON,2024-05-13,0.0009397250250913203,0.004327311
HPE,2024-05-13,0.009724517352879047,0.018581456
HPQ,2024-05-13,0.0015736108180135489,0.007375141
HRL,2024-05-13,-0.0015469978097826242,-0.0022479473
HSIC,2024-05-13,-0.004915317520499229,-0.0024583682
HST,2024-05-13,0.004407037515193224,0.005980028
HSY,2024-05-13,0.00797182135283947,0.022831304
HUBB,2024-05-13,-0.008908859454095364,-0.012973835
HUM,2024-05-13,0.0050915624015033245,0.011818783
HWM,2024-05-13,0.0066100796684622765,-0.008069928
IBM,2024-05-13,-0.0016983593814074993,0.0024498422
ICE,2024-05-13,-0.0017732211854308844,-0.0018676044
IDXX,2024-05-13,-0.010167992673814297,-0.013427034
IEX,2024-05-13,-0.0023224693723022938,-0.00327735
IFF,2024-05-13,0.0017449320293962955,-0.006814654
INCY,2024-05-13,0.051286373287439346,0.08191518
INTC,2024-05-13,0.005879554897546768,0.021866085
INTU,2024-05-13,-0.0066774506121873856,-0.008130013
INVH,2024-05-13,-0.0021044944878667593,-0.00086273183
IP,2024-05-13,0.009024233557283878,0.024068208
IPG,2024-05-13,0.0014586402103304863,0.007993442
IQV,2024-05-13,-0.010494504123926163,-0.021762906
IR,2024-05-13,-0.003282058285549283,-0.004612844
IRM,2024-05-13,-0.011668413877487183,-0.01744939
ISRG,2024-05-13,-0.011970946565270424,-0.015163716
IT,2024-05-13,0.0006300961249507964,0.001864956
ITW,2024-05-13,-0.0018613975262269378,-0.00015987243
IVZ,2024-05-13,0.006292868871241808,0.025978021
J,2024-05-13,-0.002841258654370904,-0.0066291215
JBHT,2024-05-13,-0.006888020318001509,-0.007177416
JBL,2024-05-13,-0.005061216652393341,-0.0008481759
JCI,2024-05-13,0.00240681366994977,0.0071398793
JKHY,2024-05-13,-0.013219214044511318,-0.009021557
JNJ,2024-05-13,0.006696004420518875,0.008700338
JNPR,2024-05-13,-0.009071951732039452,-0.0040496597
JPM,2024-05-13,0.0006548154633492231,-0.00020124552
K,2024-05-13,0.006920279935002327,0.010132549
KDP,2024-05-13,0.003722256515175104,0.002641161
KEY,2024-05-13,-0.010890958830714226,-0.01335063
KEYS,2024-05-13,-0.0023734800051897764,-0.003334221
KHC,2024-05-13,0.005102528724819422,0.0068746097
KIM,2024-05-13,0.005007465835660696,0.008916679
KKR,2024-05-13,-0.017265820875763893,-0.028415428
KLAC,2024-05-13,-0.0018882851582020521,-0.005752564
KMB,2024-05-13,-0.006874412298202515,-0.0027844224
KMI,2024-05-13,0.0015374753857031465,0.0036619364
KMX,2024-05-13,0.020760798826813698,0.043496225
KO,2024-05-13,0.0039325375109910965,0.005045733
KR,2024-05-13,-0.013937055133283138,-0.012600798
L,2024-05-13,-0.005882053170353174,-0.00824094
LDOS,2024-05-13,-0.004388856701552868,-0.0094695175
LEN,2024-05-13,-0.0026071586180478334,-0.0056624683
LH,2024-05-13,0.0086127370595932,0.012916931
LHX,2024-05-13,0.0024723466485738754,0.0044526425
LII,2024-05-13,-0.013505752198398113,-0.018427113
LIN,2024-05-13,-0.0036915363743901253,0.0008974813
LKQ,2024-05-13,0.0039929295890033245,0.007661096
LLY,2024-05-13,-0.001535747665911913,-0.003030826
LMT,2024-05-13,0.002436269773170352,0.0035765357
LNT,2024-05-13,0.0026085490826517344,0.00019464982
LOW,2024-05-13,-0.007112827617675066,-0.008760283
LRCX,2024-05-13,-0.007944594137370586,-0.012785187
LULU,2024-05-13,-0.011601627804338932,-0.016567398
LUV,2024-05-13,0.018136169761419296,0.022404043
LVS,2024-05-13,0.004414503928273916,0.00813167
LW,2024-05-13,-0.0014370852150022984,-0.000704954
LYB,2024-05-13,-0.0010561170056462288,-0.00049335003
LYV,2024-05-13,-0.0015248216222971678,-0.014847825
MA,2024-05-13,-0.001772383344359696,0.0017052629
MAA,2024-05-13,0.0037938677705824375,0.004419412
MAR,2024-05-13,-0.011140512302517891,-0.012385549
MAS,2024-05-13,-0.013063131831586361,-0.021241535
MCD,2024-05-13,-0.011193953454494476,-0.013471307
MCHP,2024-05-13,0.006336918566375971,0.011301421
MCK,2024-05-13,-0.010332660749554634,-0.009510793
MCO,2024-05-13,-0.002488505095243454,-0.0071944646
MDLZ,2024-05-13,0.005487158428877592,0.007834498
MDT,2024-05-13,0.007044863421469927,0.008174943
MET,2024-05-13,-0.006102496292442083,-0.0044094557
META,2024-05-13,-0.0059505351819098,-0.017346557
MGM,2024-05-13,0.005861049517989159,0.008834213
MHK,2024-05-13,0.0020094364881515503,0.010461346
MKC,2024-05-13,-0.00513353431597352,-0.0053986413
MKTX,2024-05-13,-0.001473829848691821,-0.0008737086
MLM,2024-05-13,-0.006802180781960487,-0.003906699
MMC,2024-05-13,-0.001312220934778452,0.0
MMM,2024-05-13,-0.0010019484907388687,0.0070506353
MNST,2024-05-13,-0.009012279100716114,-0.013431926
MO,2024-05-13,0.003113826969638467,0.0031130584
MOH,2024-05-13,-0.0031637114007025957,-0.006365283
MOS,2024-05-13,-0.004832186736166477,0.0010188391
MPC,2024-05-13,0.005736954975873232,-0.009512478
MPWR,2024-05-13,-0.001457724953070283,0.00072572107
MRK,2024-05-13,-0.009295240044593811,-0.0059378752
MRNA,2024-05-13,0.019308559596538544,0.06873087
MS,2024-05-13,0.0027087186463177204,0.0028450433
MSCI,2024-05-13,-0.0017066638683900237,0.0008447176
MSFT,2024-05-13,-0.0025084258522838354,-0.0024623715
MSI,2024-05-13,-0.0087224580347538,-0.013455784
MTB,2024-05-13,-0.002021727617830038,0.0008455514
MTCH,2024-05-13,0.00878051482141018,0.008758947
MTD,2024-05-13,-0.001463951077312231,-0.0327044
MU,2024-05-13,0.007550225127488375,0.014411355
NCLH,2024-05-13,-0.010922767221927643,-0.016279483
NDAQ,2024-05-13,-0.00678678136318922,-0.00065974286
NDSN,2024-05-13,-0.012527065351605415,-0.018563436
NEE,2024-05-13,0.002161196433007717,0.010648878
NEM,2024-05-13,-0.0012480985606089234,-0.00070638553
NFLX,2024-05-13,0.002873757854104042,0.009319932
NI,2024-05-13,0.004340474959462881,0.0041752546
NKE,2024-05-13,0.017348751425743103,0.01938181
NOC,2024-05-13,0.004893061239272356,0.0038888836
NOW,2024-05-13,-0.002052291762083769,0.00045205862
NRG,2024-05-13,-0.005603863392025232,-0.014327259
NSC,2024-05-13,0.0027810370083898306,0.0029917178
NTAP,2024-05-13,0.0008480848628096282,-0.0032310062
NTRS,2024-05-13,-0.007450266275554895,-0.009386071
NUE,2024-05-13,-0.004021092783659697,-0.004193
NVDA,2024-05-13,-0.0018803082639351487,0.005779989
NVR,2024-05-13,-0.012013304978609085,-0.012903201
NWS,2024-05-13,0.0029662472661584616,0.016489683
NWSA,2024-05-13,0.005961013026535511,0.017031826
NXPI,2024-05-13,0.005280361510813236,0.00837024
O,2024-05-13,-0.001043966505676508,-0.000909384
ODFL,2024-05-13,-0.012233784422278404,-0.016454052
OKE,2024-05-13,0.005111076403409243,0.0065973084
OMC,2024-05-13,-0.002022210042923689,0.004996866
ON,2024-05-13,0.012665500864386559,0.02618786
ORCL,2024-05-13,-0.0025716274976730347,-0.0025746503
ORLY,2024-05-13,-0.00862524751573801,-0.0064760773
OXY,2024-05-13,-0.008406766690313816,-0.010436127
PANW,2024-05-13,0.007529237773269415,0.01593973
PARA,2024-05-13,-0.0015819063410162926,-0.0030698664
PAYC,2024-05-13,-0.0026970356702804565,0.003971645
PAYX,2024-05-13,0.010004996322095394,0.017950993
PCAR,2024-05-13,-0.008138208650052547,-0.021568632
PCG,2024-05-13,0.002675701165571809,0.0022408832
PEG,2024-05-13,-0.002856804057955742,-0.0070506986
PEP,2024-05-13,0.004480483941733837,0.006154791
PFE,2024-05-13,0.009191429242491722,0.015233831
PFG,2024-05-13,0.001957716653123498,-0.0004766527
PG,2024-05-13,-0.011247746646404266,-0.00589081
PGR,2024-05-13,-0.01270722784101963,-0.015646933
PH,2024-05-13,-0.014593958854675293,-0.01816119
PHM,2024-05-13,-0.004925903398543596,-0.011108019
PKG,2024-05-13,0.005303514655679464,0.011251449
PLD,2024-05-13,0.0025991208385676146,0.001766073
PM,2024-05-13,-0.006974507123231888,-0.003719546
PNC,2024-05-13,0.0018786019645631313,0.0029781684
PNR,2024-05-13,-0.0019708203617483377,-0.00831564
PNW,2024-05-13,-0.0019759174901992083,-0.0036316055
PODD,2024-05-13,-0.011272012256085873,-0.029847685
POOL,2024-05-13,-0.0022671788465231657,-0.0029975262
PPG,2024-05-13,0.0006706083659082651,0.0030251145
PPL,2024-05-13,0.004818237852305174,0.0010289615
PRU,2024-05-13,-0.005769770592451096,-0.008705391
PSA,2024-05-13,0.0028824270702898502,0.0035091839
PSX,2024-05-13,-0.0012693834723904729,-0.0035778282
PTC,2024-05-13,-0.009171156212687492,-0.004900843
PWR,2024-05-13,-0.012993540614843369,-0.022533536
PYPL,2024-05-13,0.005165561567991972,0.016077187
QCOM,2024-05-13,0.004981478676199913,0.011629826
RCL,2024-05-13,-0.0008403287502005696,-0.0014191789
REG,2024-05-13,0.001592327724210918,0.0038536158
REGN,2024-05-13,-0.002328361850231886,0.003239731
RF,2024-05-13,0.0055491020902991295,0.0050300765
RJF,2024-05-13,-0.001636982779018581,0.0
RL,2024-05-13,-0.011305541731417179,-0.009255649
RMD,2024-05-13,0.015495042316615582,0.018853614
ROK,2024-05-13,-0.01134059950709343,-0.017214878
ROL,2024-05-13,-0.0017323802458122373,-0.004729195
ROP,2024-05-13,-0.0025528615806251764,-0.0033292572
ROST,2024-05-13,0.0001516011543571949,0.0008986723
RSG,2024-05-13,-0.005828822497278452,-0.005351481
RTX,2024-05-13,0.0006319231470115483,-0.004902819
RVTY,2024-05-13,0.0019014830468222499,0.007130884
SBAC,2024-05-13,-0.0013001469196751714,0.0026293905
SBUX,2024-05-13,-0.00845966674387455,0.0009192768
SCHW,2024-05-13,-0.01615339145064354,-0.018697472
SHW,2024-05-13,-0.00859094224870205,-0.015672842
SJM,2024-05-13,0.0015586407389491796,0.006481368
SLB,2024-05-13,0.0021309354342520237,0.0051414436
SMCI,2024-05-13,-0.009136763401329517,-0.019906152
SNA,2024-05-13,-0.001920867944136262,-0.0034948648
SNPS,2024-05-13,0.0007265200838446617,0.0012206725
SO,2024-05-13,0.0032452556770294905,0.0071409442
SPG,2024-05-13,-0.004625321831554174,-0.005090012
SPGI,2024-05-13,-0.0024627309758216143,-0.008283007
SRE,2024-05-13,0.0021386072039604187,-0.00077772554
STE,2024-05-13,-0.0030618852470070124,0.0053029563
STLD,2024-05-13,-0.0016920703928917646,-0.002443968
STT,2024-05-13,-0.003161555854603648,-0.0054993816
STX,2024-05-13,-0.0023723880294710398,-0.009189783
STZ,2024-05-13,-0.013163325376808643,-0.01221366
SWK,2024-05-13,0.0019714406225830317,0.0039991913
SWKS,2024-05-13,0.003577620256692171,0.018268265
SYF,2024-05-13,-0.012620293535292149,-0.018092083
SYK,2024-05-13,-0.011068757623434067,-0.018376071
SYY,2024-05-13,-0.008962604217231274,-0.008040427
T,2024-05-13,0.004019012674689293,0.005228014
TAP,2024-05-13,0.005293791648000479,-0.0049231243
TDG,2024-05-13,-0.013252179138362408,-0.023099508
TDY,2024-05-13,-0.005567455664277077,-0.006808413
TECH,2024-05-13,0.006450761575251818,0.013015053
TEL,2024-05-13,0.0063351537100970745,0.011222927
TER,2024-05-13,0.00915471650660038,0.015578044
TFC,2024-05-13,-0.0022943606600165367,-0.0073743365
TGT,2024-05-13,-0.009023886173963547,-0.0137636345
TJX,2024-05-13,0.0028352069202810526,-0.0006074365
TKO,2024-05-13,-0.002804189920425415,-0.0061186035
TMO,2024-05-13,-0.002189689315855503,-0.0039366777
TMUS,2024-05-13,-0.00830767396837473,-0.0051898225
TPL,2024-05-13,-0.01680385321378708,-0.030001333
TPR,2024-05-13,0.01375176478177309,0.031434193
TRGP,2024-05-13,-0.0009212498553097248,-0.0025650891
TRMB,2024-05-13,0.006271884776651859,0.004567041
TROW,2024-05-13,0.008220521733164787,0.009541922
TRV,2024-05-13,-0.008395260199904442,-0.008825821
TSCO,2024-05-13,-0.0004976168856956065,0.0008839035
TSLA,2024-05-13,0.008506791666150093,0.020094378
TSN,2024-05-13,-0.0009249307913705707,0.0
TT,2024-05-13,-0.009243179112672806,-0.016214678
TTWO,2024-05-13,-0.009884930215775967,-0.013317595
TXN,2024-05-13,-0.0012243564706295729,0.004108062
TXT,2024-05-13,-0.002665072912350297,-0.0075950767
TYL,2024-05-13,-0.0017216397682204843,-0.0075786216
UAL,2024-05-13,0.018894445151090622,0.031358946
UBER,2024-05-13,-0.007850592955946922,-0.014584638
UDR,2024-05-13,-0.0009166550007648766,0.0020469893
UHS,2024-05-13,-0.004575424827635288,0.0028037946
ULTA,2024-05-13,0.0028015736024826765,0.005884161
UNH,2024-05-13,-0.001691727084107697,-0.0020888164
UNP,2024-05-13,-0.001740091945976019,-0.006976392
UPS,2024-05-13,0.013759789057075977,0.021677565
URI,2024-05-13,-0.0027333234902471304,-0.0020935351
USB,2024-05-13,-0.009167511947453022,-0.008639139
V,2024-05-13,-0.0066255792044103146,-0.004820286
VICI,2024-05-13,0.002639967482537031,0.0037217955
VLO,2024-05-13,0.006839800626039505,-0.0012819628
VMC,2024-05-13,-0.0021071569062769413,-0.007303969
VRSK,2024-05-13,-0.01993286982178688,-0.007965207
VRSN,2024-05-13,-0.002593354322016239,-0.00081793114
VRTX,2024-05-13,0.002848756266757846,0.016768878
VST,2024-05-13,-0.010643405839800835,-0.035393786
VTR,2024-05-13,0.0026780867483466864,0.001050635
VTRS,2024-05-13,0.002593524055555463,0.017760532
VZ,2024-05-13,0.0021476526744663715,0.0034594096
WAB,2024-05-13,-0.015078970231115818,-0.020643603
WAT,2024-05-13,-0.0036737879272550344,-0.0052255914
WBA,2024-05-13,0.030633224174380302,0.052639786
WBD,2024-05-13,0.009403575211763382,0.027822837
WDAY,2024-05-13,0.003064140910282731,0.0029994429
WDC,2024-05-13,-0.01076104212552309,-0.008837606
WEC,2024-05-13,0.002199403243139386,0.00336318
WELL,2024-05-13,0.004380415193736553,0.006555268
WFC,2024-05-13,-0.010520406067371368,-0.010231088
WM,2024-05-13,-0.0030085488688200712,-0.0031730048
WMB,2024-05-13,0.001411809935234487,0.00050448556
WMT,2024-05-13,0.0023207138292491436,-0.0011581325
WRB,2024-05-13,-0.011337689124047756,-0.014271524
WSM,2024-05-13,0.0017576623940840364,-0.0010135537
WST,2024-05-13,-0.010529464110732079,-0.016666396
WTW,2024-05-13,-0.008378847502171993,-0.012729294
WY,2024-05-13,0.0037229792214930058,0.0077194124
WYNN,2024-05-13,0.01198387611657381,0.016461432
XEL,2024-05-13,0.0030695523601025343,0.006649294
XOM,2024-05-13,-0.0011365737300366163,-0.00042399808
XYL,2024-05-13,-0.003669518744572997,-0.012171069
YUM,2024-05-13,-0.010504201054573059,-0.0090507865
ZBH,2024-05-13,-0.008314646780490875,-0.0142789595
ZBRA,2024-05-13,-0.0004536631458904594,0.00063315843
ZTS,2024-05-13,-0.0010367907816544175,-0.0067071225
A,2024-05-14,0.007659888360649347,0.023538752
AAPL,2024-05-14,-0.005464399233460426,0.0061544357
ABBV,2024-05-14,-0.0017169318161904812,0.0019201643
ABT,2024-05-14,-0.008458320051431656,-0.0072803744
ACGL,2024-05-14,-0.0011149815982207656,-0.00010216758
ACN,2024-05-14,-0.0021039515268057585,-0.0014975538
ADBE,2024-05-14,-0.012461834587156773,-0.014930389
ADI,2024-05-14,0.013440120965242386,0.01693821
ADM,2024-05-14,-0.012470630928874016,-0.0154456915
ADP,2024-05-14,-0.01061467919498682,-0.009324769
ADSK,2024-05-14,-0.0055160801857709885,-0.0037920575
AEE,2024-05-14,0.006802738644182682,0.005490288
AEP,2024-05-14,-0.0076776910573244095,-0.008008103
AES,2024-05-14,0.010320346802473068,0.017873386
AFL,2024-05-14,0.006069495342671871,0.0049950867
AIG,2024-05-14,0.008261077105998993,0.005680666
AIZ,2024-05-14,0.002528491662815213,0.0055415016
AJG,2024-05-14,0.003014027141034603,0.004877772
AKAM,2024-05-14,-0.002880133455619216,-0.012696217
ALB,2024-05-14,-0.002273204270750284,0.029584976
ALGN,2024-05-14,0.013472264632582664,0.01938742
ALL,2024-05-14,-0.005776738282293081,-0.004720392
ALLE,2024-05-14,0.016491791233420372,0.012882221
AMAT,2024-05-14,0.004372021183371544,0.015319044
AMCR,2024-05-14,-0.0075076185166835785,0.0057693226
AMD,2024-05-14,0.015966549515724182,0.01711981
AME,2024-05-14,-0.0056587643921375275,-0.009272432
AMGN,2024-05-14,0.0034672124311327934,0.009550422
AMP,2024-05-14,0.006713011767715216,0.007817466
AMT,2024-05-14,-0.0025136834010481834,0.010538487
AMZN,2024-05-14,-0.0002721021883189678,0.002676353
ANET,2024-05-14,0.005179434549063444,0.0121562
ANSS,2024-05-14,-0.011845842003822327,-0.007155325
AON,2024-05-14,-0.0025119332130998373,-0.0022897052
AOS,2024-05-14,0.0014079675311222672,0.003942911
APA,2024-05-14,-7.192668272182345e-05,-0.0009938644
APD,2024-05-14,0.0003697471402119845,-0.006816034
APH,2024-05-14,0.006114667747169733,0.0109492075
APO,2024-05-14,0.005126492120325565,0.009879771
APTV,2024-05-14,0.0041474164463579655,0.0012078135
ARE,2024-05-14,0.013930218294262886,0.02696251
ATO,2024-05-14,0.006697175092995167,0.007877311
AVB,2024-05-14,-4.721197547041811e-05,0.002534983
AVGO,2024-05-14,0.010829205624759197,0.031285424
AVY,2024-05-14,-0.0012467894703149796,0.0029724634
AWK,2024-05-14,-0.0026688561774790287,-0.0048704757
AXON,2024-05-14,-0.011272150091826916,-0.012635923
AXP,2024-05-14,0.00496984226629138,0.011995101
AZO,2024-05-14,-0.007778224069625139,-0.005628542
BA,2024-05-14,-1.573528061271645e-05,0.012917048
BAC,2024-05-14,0.004706549923866987,0.0073010656
BALL,2024-05-14,0.01308095920830965,0.010911362
BAX,2024-05-14,-0.005743714515119791,-0.005376949
BBY,2024-05-14,-0.0071785226464271545,-0.004696438
BDX,2024-05-14,-0.01144446711987257,-0.008263536
BEN,2024-05-14,0.001437762868590653,0.019431716
BG,2024-05-14,-0.026470869779586792,-0.039501302
BK,2024-05-14,0.003255835734307766,0.008605681
BKNG,2024-05-14,0.0059011043049395084,0.007408982
BKR,2024-05-14,0.002106714528053999,0.0067650955
BLDR,2024-05-14,-0.002048378810286522,0.013883377
BLK,2024-05-14,0.01179260853677988,0.015853046
BMY,2024-05-14,-0.008577065542340279,-0.007797605
BR,2024-05-14,0.0017390591092407703,0.010410271
BRO,2024-05-14,0.009722663089632988,0.011141008
BSX,2024-05-14,0.006687209475785494,0.0092957225
BX,2024-05-14,0.017321305349469185,0.030947868
BXP,2024-05-14,0.012581675313413143,0.020502705
C,2024-05-14,-0.0005981324356980622,0.002992312
CAG,2024-05-14,0.0008474517962895334,0.0016141003
CAH,2024-05-14,-0.005042343866080046,-0.006241366
CAT,2024-05-14,-0.0010880716145038605,0.004196741
CB,2024-05-14,-0.005563251208513975,-0.0054362756
CBOE,2024-05-14,-0.007833356969058514,-0.0084903
CBRE,2024-05-14,0.010214949026703835,0.0066722655
CCL,2024-05-14,-0.004369441419839859,-0.0027510112
CDNS,2024-05-14,-0.006745375692844391,-0.003980361
CDW,2024-05-14,0.003460126928985119,-0.00211898
CF,2024-05-14,0.0022957096807658672,0.00837024
CFG,2024-05-14,0.008500609546899796,0.013540914
CHD,2024-05-14,-0.0052479226142168045,-0.00033700184
CHRW,2024-05-14,0.004439997486770153,-0.007128312
CHTR,2024-05-14,0.0038430597633123398,0.012590488
CI,2024-05-14,-0.009372112341225147,-0.007820851
CINF,2024-05-14,-0.004968670196831226,-0.0010146874
CL,2024-05-14,-0.0013053325237706304,0.0011637583
CLX,2024-05-14,-0.015087730251252651,-0.01951007
CMCSA,2024-05-14,-0.005131784360855818,0.0
CME,2024-05-14,0.0020625717006623745,0.0041832086
CMG,2024-05-14,-0.007329382002353668,-0.0058786995
CMI,2024-05-14,0.012434194795787334,0.012716064
CMS,2024-05-14,-0.0012580443872138858,-8.017146e-05
CNC,2024-05-14,-0.006180223077535629,-0.0036358528
CNP,2024-05-14,-0.003240798134356737,0.00067402044
COF,2024-05-14,0.006180210504680872,0.0061693634
COO,2024-05-14,0.017823848873376846,0.033149388
COP,2024-05-14,-0.0012601491762325168,-0.0045336266
COR,2024-05-14,-0.0006830932688899338,-0.004405923
COST,2024-05-14,-0.002470453269779682,0.0035413755
CPAY,2024-05-14,-0.010454690083861351,-0.014750271
CPB,2024-05-14,-0.0034392294473946095,-0.004770098
CPRT,2024-05-14,-0.005381050053983927,-0.0034865509
CPT,2024-05-14,0.004329246934503317,0.0015913678
CRL,2024-05-14,0.017425188794732094,0.019121023
CRM,2024-05-14,-0.005619904492050409,-0.002597777
CRWD,2024-05-14,0.01626531034708023,0.031962026
CSCO,2024-05-14,0.006182640790939331,0.0055310694
CSGP,2024-05-14,-0.005061145406216383,-0.009072197
CSX,2024-05-14,-0.01542617566883564,-0.017237673
CTAS,2024-05-14,0.0017491413746029139,-0.0015402957
CTRA,2024-05-14,0.004909773822873831,0.0067698318
CTSH,2024-05-14,-0.007526671513915062,-0.001327023
CTVA,2024-05-14,-0.001452977187000215,0.004353423
CVS,2024-05-14,0.00020551696070469916,-0.008357589
CVX,2024-05-14,-0.005943864583969116,-0.005607384
CZR,2024-05-14,0.008731761947274208,0.012057637
D,2024-05-14,-0.004138338379561901,-0.003777818
DAL,2024-05-14,-0.0006091292016208172,0.0013200856
DAY,2024-05-14,-0.0043425424955785275,0.0040338603
DD,2024-05-14,-0.008770902641117573,-0.0066148425
DE,2024-05-14,0.01595458947122097,0.011671532
DECK,2024-05-14,0.0303005650639534,0.03666139
DELL,2024-05-14,0.005769860465079546,0.02345694
DFS,2024-05-14,-0.0005941556883044541,0.0018505584
DG,2024-05-14,0.007664236705750227,0.017106103
DGX,2024-05-14,-0.012182086706161499,-0.011573657
DHI,2024-05-14,0.004124567378312349,0.007732305
DHR,2024-05-14,0.02848205156624317,0.029942095
DIS,2024-05-14,-0.003016451606526971,-0.0045459014
DLR,2024-05-14,-0.005219392012804747,-0.008632887
DLTR,2024-05-14,-0.009945420548319817,-0.011041974
DOC,2024-05-14,0.012129751034080982,0.012692998
DOV,2024-05-14,-0.0027471340727061033,-0.0029892763
DOW,2024-05-14,0.0008953639771789312,0.0048735016
DPZ,2024-05-14,-0.002566504292190075,0.00092070596
DRI,2024-05-14,0.00015280731895472854,-0.00080540404
DTE,2024-05-14,-0.007584909908473492,-0.004606856
DUK,2024-05-14,-0.006086556240916252,-0.0056529976
DVA,2024-05-14,-0.004453935194760561,0.003070157
DVN,2024-05-14,-0.0006528109661303461,-0.0014038986
DXCM,2024-05-14,0.002748713595792651,0.008130014
EA,2024-05-14,3.80895180569496e-05,7.903264e-05
EBAY,2024-05-14,-0.0076991175301373005,0.0021134883
ECL,2024-05-14,-0.006392656825482845,0.0006470969
ED,2024-05-14,-0.0067605869844555855,-0.0017575541
EFX,2024-05-14,0.01137571781873703,0.01072907
EG,2024-05-14,-0.006552745588123798,-0.006368822
EIX,2024-05-14,0.007581989746540785,0.0064272424
EL,2024-05-14,-0.0030676540918648243,-0.0048369355
ELV,2024-05-14,-0.007998700253665447,-0.007713573
EMN,2024-05-14,-0.00623186444863677,-0.0028746796
EMR,2024-05-14,-0.0031171906739473343,-0.004101667
ENPH,2024-05-14,0.051333893090486526,0.05551036
EOG,2024-05-14,-0.0011812770972028375,0.00023183519
EPAM,2024-05-14,-0.005171248689293861,-0.01942799
EQIX,2024-05-14,0.0043212007731199265,0.016504806
EQR,2024-05-14,0.0048498474061489105,0.009541922
EQT,2024-05-14,0.011400694027543068,0.022854012
ERIE,2024-05-14,-0.01536518894135952,-0.021480791
ES,2024-05-14,-0.006247709039598703,-0.006220195
ESS,2024-05-14,0.013672707602381706,0.016781887
ETN,2024-05-14,0.0025618658401072025,0.005888072
ETR,2024-05-14,0.002120217541232705,-0.0049292934
EVRG,2024-05-14,-0.009677005000412464,-0.007925016
EW,2024-05-14,0.008898976258933544,0.02056341
EXC,2024-05-14,0.017410865053534508,0.007055962
EXPD,2024-05-14,-0.0015505919000133872,-0.0007655568
EXPE,2024-05-14,-0.007921891286969185,0.007163313
EXR,2024-05-14,-0.00463795056566596,0.005125789
F,2024-05-14,-0.0008257918525487185,0.008881472
FANG,2024-05-14,-0.002559595974162221,-0.0037797326
FAST,2024-05-14,-0.002011725911870599,-0.0019318011
FCX,2024-05-14,0.014089621603488922,0.02728828
FDS,2024-05-14,0.0011767169926315546,0.0033577147
FDX,2024-05-14,-0.021573791280388832,-0.02984517
FE,2024-05-14,0.0022611678577959538,0.0037722695
FFIV,2024-05-14,0.0019675365183502436,0.003087389
FI,2024-05-14,7.190388714661822e-06,0.00299766
FICO,2024-05-14,-0.004160389769822359,0.015930697
FIS,2024-05-14,0.007649649865925312,0.008413267
FITB,2024-05-14,0.00126883783377707,0.0070431787
FOX,2024-05-14,0.00299466704018414,0.007131239
FOXA,2024-05-14,0.008800092153251171,0.003910495
FRT,2024-05-14,-0.00234229932539165,9.762764e-05
FSLR,2024-05-14,-0.010706378147006035,-0.013651019
FTNT,2024-05-14,-0.000986167578957975,0.009513232
FTV,2024-05-14,0.006361328065395355,0.008295413
GD,2024-05-14,-0.001241710502654314,0.0018037949
GDDY,2024-05-14,-0.0034101218916475773,-0.0056308196
GE,2024-05-14,4.117358912480995e-06,0.003129933
GEN,2024-05-14,0.0023036671336740255,0.022246858
GILD,2024-05-14,0.00211680238135159,0.0016273111
GIS,2024-05-14,0.0006833542720414698,0.0029683036
GL,2024-05-14,0.031410425901412964,0.039362967
GLW,2024-05-14,0.011610978282988071,0.019353991
GM,2024-05-14,-0.005605244543403387,-0.0031042448
GNRC,2024-05-14,0.015135691501200199,0.02125842
GOOG,2024-05-14,0.0055136349983513355,0.0060088215
GOOGL,2024-05-14,0.00590028939768672,0.0070694555
GPC,2024-05-14,-0.009428010322153568,-0.012455181
GPN,2024-05-14,-0.0007730416837148368,0.007377981
GRMN,2024-05-14,-0.008482331410050392,0.003242345
GS,2024-05-14,0.005148150492459536,0.0107669225
GWW,2024-05-14,0.0001695696555543691,0.0013580625
HAL,2024-05-14,0.009314839728176594,0.005874444
HAS,2024-05-14,0.014301760122179985,0.019648952
HBAN,2024-05-14,0.007300646975636482,0.008559
HCA,2024-05-14,0.006532007362693548,0.010412511
HD,2024-05-14,-0.007062418386340141,-0.0013500613
HES,2024-05-14,-0.007315302267670631,-0.007104961
HIG,2024-05-14,0.004685520194470882,0.00782681
HII,2024-05-14,-0.003110115649178624,-0.0095755365
HLT,2024-05-14,-0.005750816315412521,-0.003840581
HOLX,2024-05-14,-0.0012954710982739925,0.0010581373
HON,2024-05-14,7.399692549370229e-05,-0.002899248
HPE,2024-05-14,0.011768961325287819,0.015414461
HPQ,2024-05-14,0.020635690540075302,0.027013179
HRL,2024-05-14,0.007271346170455217,0.0064487983
HSIC,2024-05-14,-0.008472921326756477,-0.004934864
HST,2024-05-14,0.0021982111502438784,0.004326718
HSY,2024-05-14,0.002119449432939291,-0.0029635702
HUBB,2024-05-14,-0.005828046705573797,-0.002440682
HUM,2024-05-14,0.0075421263463795185,0.014383512
HWM,2024-05-14,0.007744425907731056,0.008193505
IBM,2024-05-14,-0.003665380412712693,-0.0011942356
ICE,2024-05-14,0.005240060854703188,0.004848352
IDXX,2024-05-14,0.020954258739948273,0.035316564
IEX,2024-05-14,-0.005399564281105995,-0.0033772204
IFF,2024-05-14,0.003486050060018897,0.0011389914
INCY,2024-05-14,-0.007367848418653011,-0.009594191
INTC,2024-05-14,0.012493710033595562,0.017542517
INTU,2024-05-14,0.007412216626107693,0.013035877
INVH,2024-05-14,0.006361203268170357,0.0065967166
IP,2024-05-14,0.006111458875238895,0.008315154
IPG,2024-05-14,0.011407047510147095,0.010454269
IQV,2024-05-14,0.0024504088796675205,0.009126713
IR,2024-05-14,0.005395890679210424,0.0076761185
IRM,2024-05-14,0.023591842502355576,0.02692691
ISRG,2024-05-14,0.005925812292844057,0.008652598
IT,2024-05-14,-0.00777306966483593,-0.008030334
ITW,2024-05-14,-0.008751471526920795,-0.0036423136
IVZ,2024-05-14,0.008937058970332146,0.013835772
J,2024-05-14,-0.001280578668229282,-0.003258573
JBHT,2024-05-14,-0.007374878041446209,-0.0071695517
JBL,2024-05-14,0.002064866479486227,-0.0010192816
JCI,2024-05-14,0.006464691367000341,0.012335989
JKHY,2024-05-14,-0.016666745766997337,-0.012176679
JNJ,2024-05-14,0.001640477916225791,0.0010574228
JNPR,2024-05-14,-0.0035502563696354628,-0.0017407164
JPM,2024-05-14,0.011900559067726135,0.013891018
K,2024-05-14,0.0021423562429845333,0.0011195822
KDP,2024-05-14,-0.00381663185544312,0.001464247
KEY,2024-05-14,0.014747252687811852,0.015337587
KEYS,2024-05-14,0.007103693205863237,0.01188498
KHC,2024-05-14,-0.0062566702254116535,-0.008255484
KIM,2024-05-14,0.001338140806183219,0.0031282695
KKR,2024-05-14,0.008428207598626614,0.021706596
KLAC,2024-05-14,0.010260184295475483,0.02386977
KMB,2024-05-14,-0.016340363770723343,-0.008769362
KMI,2024-05-14,0.019559362903237343,0.01348506
KMX,2024-05-14,0.003309236839413643,0.011416086
KO,2024-05-14,-0.007295446470379829,-0.007578081
KR,2024-05-14,0.00614584144204855,0.006715603
L,2024-05-14,-0.002032679971307516,0.0
LDOS,2024-05-14,-0.0034994473680853844,0.003485188
LEN,2024-05-14,-0.0027989100199192762,0.001973228
LH,2024-05-14,0.001950588310137391,0.0039376863
LHX,2024-05-14,-0.004059369210153818,0.002490392
LII,2024-05-14,0.010157423093914986,0.023145918
LIN,2024-05-14,-0.004560287110507488,-0.0061599226
LKQ,2024-05-14,-0.009687359444797039,-0.0072088125
LLY,2024-05-14,-0.0008592283702455461,0.0082536815
LMT,2024-05-14,-0.01039836835116148,-0.0072086924
LNT,2024-05-14,-0.002984291408210993,0.00038961924
LOW,2024-05-14,-0.007535828743129969,-0.006027156
LRCX,2024-05-14,0.004640867002308369,0.009634718
LULU,2024-05-14,0.007589912507683039,0.0148381805
LUV,2024-05-14,-0.0009602815844118595,0.00534671
LVS,2024-05-14,-0.011056392453610897,-0.012869576
LW,2024-05-14,0.0033499181736260653,0.0056245993
LYB,2024-05-14,-0.0007623006822541356,0.0019720383
LYV,2024-05-14,0.00672977464273572,0.002507634
MA,2024-05-14,-0.010367706418037415,-0.0078072753
MAA,2024-05-14,-0.005009564571082592,0.0054965713
MAR,2024-05-14,-0.007551898248493671,-0.0068867276
MAS,2024-05-14,-0.0006233470630832016,0.0043696836
MCD,2024-05-14,-0.003578976495191455,-0.002435364
MCHP,2024-05-14,0.011473378166556358,0.014162384
MCK,2024-05-14,-0.007576903328299522,-0.0054781656
MCO,2024-05-14,0.0017615471733734012,0.011555718
MDLZ,2024-05-14,-0.002343222964555025,0.0023662401
MDT,2024-05-14,0.007182180415838957,0.009295605
MET,2024-05-14,0.009800070896744728,0.012351882
META,2024-05-14,0.0018952778773382306,0.008171278
MGM,2024-05-14,0.0067977337166666985,0.008756821
MHK,2024-05-14,0.00983533263206482,0.015976677
MKC,2024-05-14,-0.011992933228611946,-0.015164624
MKTX,2024-05-14,-0.008027806878089905,-0.007359566
MLM,2024-05-14,-0.0069122822023928165,-0.0031624814
MMC,2024-05-14,-0.0039359391666948795,-0.0023378576
MMM,2024-05-14,-0.004037747625261545,0.0045066387
MNST,2024-05-14,-0.005073246080428362,-0.004395626
MO,2024-05-14,0.006429457571357489,0.010161103
MOH,2024-05-14,-0.0050445073284208775,-0.0067774486
MOS,2024-05-14,0.012954114936292171,0.02082404
MPC,2024-05-14,-0.004530475474894047,-0.019012416
MPWR,2024-05-14,0.006959544960409403,0.015047413
MRK,2024-05-14,-0.006129289045929909,-0.0048845513
MRNA,2024-05-14,0.000979266595095396,0.020864766
MS,2024-05-14,0.010333357378840446,0.008285128
MSCI,2024-05-14,-0.0007019650656729937,0.0052172225
MSFT,2024-05-14,0.004392334260046482,0.006840869
MSI,2024-05-14,0.0017998690018430352,0.008483358
MTB,2024-05-14,0.0036699564661830664,0.008223889
MTCH,2024-05-14,0.029994230717420578,0.031153025
MTD,2024-05-14,0.0025297608226537704,0.023325186
MU,2024-05-14,0.013565074652433395,0.014607172
NCLH,2024-05-14,-0.0020154579542577267,-0.013985337
NDAQ,2024-05-14,-0.006462608929723501,-0.0034701026
NDSN,2024-05-14,0.0011010336456820369,-0.0064864554
NEE,2024-05-14,0.0028438519220799208,0.011199589
NEM,2024-05-14,0.0011946216691285372,0.0025873005
NFLX,2024-05-14,-0.000900683575309813,-0.004763331
NI,2024-05-14,-0.003637888003140688,0.0024277235
NKE,2024-05-14,0.0011486513540148735,0.0007546675
NOC,2024-05-14,-0.0069346558302640915,-0.0054274662
NOW,2024-05-14,-0.01105882041156292,-0.011709682
NRG,2024-05-14,-0.0018753199838101864,-0.0046188314
NSC,2024-05-14,-0.005990109406411648,-0.004512731
NTAP,2024-05-14,0.010528902523219585,0.008195515
NTRS,2024-05-14,0.0068511636927723885,0.0045302543
NUE,2024-05-14,-0.009739008732140064,-0.006467139
NVDA,2024-05-14,0.00465606153011322,0.010530348
NVR,2024-05-14,-0.0004046440008096397,-0.00076382695
NWS,2024-05-14,-0.001686970004811883,0.0041753734
NWSA,2024-05-14,-0.0007547763525508344,0.004311169
NXPI,2024-05-14,0.008431032299995422,0.014032646
O,2024-05-14,-0.004557507112622261,-0.001638859
ODFL,2024-05-14,-0.0034537736792117357,-0.0004395616
OKE,2024-05-14,0.01464137528091669,0.0133098345
OMC,2024-05-14,-0.004008669406175613,0.0029034067
ON,2024-05-14,0.004427715670317411,0.009083128
ORCL,2024-05-14,0.03174057602882385,0.037922572
ORLY,2024-05-14,-0.004003070294857025,-0.0059221066
OXY,2024-05-14,0.004248978570103645,0.0023815816
PANW,2024-05-14,-0.0050690737552940845,-0.0023517779
PARA,2024-05-14,-0.030785568058490753,-0.05363141
PAYC,2024-05-14,0.007203614804893732,0.0024670851
PAYX,2024-05-14,-0.010607132688164711,-0.008531716
PCAR,2024-05-14,0.009458867833018303,0.014626318
PCG,2024-05-14,-0.0027888258919119835,0.007803628
PEG,2024-05-14,-0.00033013796200975776,0.0033959704
PEP,2024-05-14,-0.011151980608701706,-0.005709943
PFE,2024-05-14,-0.00630066217854619,-0.002111932
PFG,2024-05-14,0.003188356524333358,0.003212164
PG,2024-05-14,-0.005586565006524324,-0.0006633811
PGR,2024-05-14,0.005387976765632629,0.00591438
PH,2024-05-14,-0.003711824771016836,-0.0029624943
PHM,2024-05-14,-0.00065879977773875,-0.001719938
PKG,2024-05-14,-0.0030063455924391747,0.0011568523
PLD,2024-05-14,0.005324378143996,0.005556557
PM,2024-05-14,-0.0021739208605140448,0.0055239564
PNC,2024-05-14,0.012732560746371746,0.008504988
PNR,2024-05-14,0.004584386013448238,0.006754321
PNW,2024-05-14,-0.0019356500124558806,0.0005196174
PODD,2024-05-14,0.03330403193831444,0.06743199
POOL,2024-05-14,0.005527448374778032,0.011750343
PPG,2024-05-14,-0.006253635976463556,-0.002655745
PPL,2024-05-14,-0.0029555289074778557,0.00068545673
PRU,2024-05-14,0.012185748666524887,0.0091258865
PSA,2024-05-14,0.0034964215010404587,0.0104891835
PSX,2024-05-14,0.0006758671370334923,-0.0015865613
PTC,2024-05-14,0.0045398022048175335,0.007840884
PWR,2024-05-14,-0.005133919417858124,-0.00782914
PYPL,2024-05-14,0.0036695431917905807,0.009802933
QCOM,2024-05-14,0.004671710077673197,0.025506182
RCL,2024-05-14,-0.0018136459402740002,-0.00028393723
REG,2024-05-14,-0.003716403618454933,-0.0008365432
REGN,2024-05-14,0.0027660285122692585,0.00783024
RF,2024-05-14,0.010671177878975868,0.008493523
RJF,2024-05-14,0.005214029923081398,0.009973714
RL,2024-05-14,0.0008403812535107136,0.004217871
RMD,2024-05-14,-0.009995518252253532,-0.009406345
ROK,2024-05-14,0.005686997901648283,0.0071140775
ROL,2024-05-14,0.002580619417130947,0.010928576
ROP,2024-05-14,-0.004045352805405855,-0.0017840655
ROST,2024-05-14,-0.008333062753081322,-0.00555434
RSG,2024-05-14,-0.0073686628602445126,-0.004739436
RTX,2024-05-14,0.00015744722622912377,-0.0009457168
RVTY,2024-05-14,0.0047376928851008415,0.009241515
SBAC,2024-05-14,0.005925952456891537,0.005388564
SBUX,2024-05-14,0.0012930161319673061,-0.0072457935
SCHW,2024-05-14,0.02685706876218319,0.031224018
SHW,2024-05-14,-0.007079421542584896,-0.005778581
SJM,2024-05-14,-0.010812482796609402,-0.007695855
SLB,2024-05-14,-0.001192741678096354,-0.0026703272
SMCI,2024-05-14,0.043846018612384796,0.04932426
SNA,2024-05-14,-0.00479950150474906,-0.0028978132
SNPS,2024-05-14,0.0003039033035747707,0.00401059
SO,2024-05-14,-0.0007616734365001321,0.00012694983
SPG,2024-05-14,0.01535047311335802,0.017333588
SPGI,2024-05-14,-0.00013087128172628582,4.672895e-05
SRE,2024-05-14,-0.00011746876407414675,-0.0063740406
STE,2024-05-14,0.006188306957483292,0.014682459
STLD,2024-05-14,-0.0015721141826361418,0.0016299294
STT,2024-05-14,0.0006630670395679772,0.005238212
STX,2024-05-14,0.016465293243527412,0.032414626
STZ,2024-05-14,-0.014780680648982525,-0.018642472
SWK,2024-05-14,0.011432448402047157,0.017581042
SWKS,2024-05-14,0.0047649359330534935,0.005522534
SYF,2024-05-14,0.00145419139880687,0.0059938915
SYK,2024-05-14,-1.0329127690056339e-05,-0.00080146693
SYY,2024-05-14,0.0008411575108766556,0.004357815
T,2024-05-14,-0.000832690333481878,0.0023147434
TAP,2024-05-14,0.00020545956795103848,-0.010607116
TDG,2024-05-14,-0.004531810525804758,-0.003747545
TDY,2024-05-14,0.007491728290915489,0.013166336
TECH,2024-05-14,-0.014498554170131683,0.026241703
TEL,2024-05-14,0.0061011179350316525,0.009759731
TER,2024-05-14,0.012662854976952076,0.017937884
TFC,2024-05-14,0.0022430382668972015,0.0053455243
TGT,2024-05-14,-0.0033600940369069576,-0.005270229
TJX,2024-05-14,0.0029611163772642612,0.0029324088
TKO,2024-05-14,0.024251345545053482,0.028263884
TMO,2024-05-14,0.007825118489563465,0.0069167544
TMUS,2024-05-14,-0.0103605380281806,-0.005771147
TPL,2024-05-14,-0.00270467228256166,0.0039572786
TPR,2024-05-14,0.01374438963830471,0.018210692
TRGP,2024-05-14,0.01620052382349968,0.013371461
TRMB,2024-05-14,-0.0014762218343093991,0.0005255748
TROW,2024-05-14,0.017471086233854294,0.014887146
TRV,2024-05-14,0.007661475334316492,0.0046525938
TSCO,2024-05-14,0.006227692123502493,0.010362731
TSLA,2024-05-14,0.02009560726583004,0.032386266
TSN,2024-05-14,0.006335550919175148,0.010339844
TT,2024-05-14,0.005878133699297905,0.010415344
TTWO,2024-05-14,0.005629467777907848,0.0069918055
TXN,2024-05-14,0.008545560762286186,0.017467922
TXT,2024-05-14,-0.0014043247792869806,0.0025003806
TYL,2024-05-14,0.0011350016575306654,0.0077642417
UAL,2024-05-14,0.010891440324485302,0.012603316
UBER,2024-05-14,-0.0066858804784715176,-0.010659039
UDR,2024-05-14,0.0016859718598425388,0.0063702706
UHS,2024-05-14,-0.0036852629855275154,0.0017902296
ULTA,2024-05-14,-0.0066157919354736805,-0.0056600706
UNH,2024-05-14,0.0020421205554157495,0.004173118
UNP,2024-05-14,-0.005951481405645609,-0.0030165974
UPS,2024-05-14,-0.01413579098880291,-0.017818542
URI,2024-05-14,-0.004789149854332209,-0.0031628401
USB,2024-05-14,0.010889574885368347,0.011025602
V,2024-05-14,-0.013687667436897755,-0.0059233056
VICI,2024-05-14,0.006909271702170372,0.009746157
VLO,2024-05-14,-0.0018508587963879108,0.0
VMC,2024-05-14,-0.009251905605196953,-0.0087012425
VRSK,2024-05-14,-0.002469097264111042,0.0023921656
VRSN,2024-05-14,0.0012017727131024003,-0.007980647
VRTX,2024-05-14,0.0016965399263426661,-0.0031216436
VST,2024-05-14,0.005243149120360613,0.0143132545
VTR,2024-05-14,0.006779137998819351,0.007324378
VTRS,2024-05-14,-0.008852615021169186,-0.019553572
VZ,2024-05-14,-0.0046881865710020065,-0.0012340402
WAB,2024-05-14,-0.0025522648356854916,0.0015149545
WAT,2024-05-14,0.0043013147078454494,0.02741369
WBA,2024-05-14,0.0020356797613203526,0.012612615
WBD,2024-05-14,0.011995972134172916,0.02124909
WDAY,2024-05-14,-0.0015515218256041408,-0.00080975867
WDC,2024-05-14,0.03908698633313179,0.035557188
WEC,2024-05-14,-0.0033616286236792803,-0.005433998
WELL,2024-05-14,-0.006704472471028566,-0.0066565415
WFC,2024-05-14,0.0029558613896369934,0.01023107
WM,2024-05-14,-0.009657246060669422,-0.0045641633
WMB,2024-05-14,0.012244189158082008,0.01749427
WMT,2024-05-14,-0.014050384983420372,-0.0091458745
WRB,2024-05-14,0.000898229016456753,0.0027946413
WSM,2024-05-14,0.006939926650375128,0.0048357775
WST,2024-05-14,-0.00915115512907505,-0.010355372
WTW,2024-05-14,-0.0013613862683996558,0.0008273276
WY,2024-05-14,-0.002942133229225874,-0.0006409552
WYNN,2024-05-14,-0.0014641416491940618,0.0005100856
XEL,2024-05-14,-0.006537138018757105,-0.0048478357
XOM,2024-05-14,0.00486324867233634,0.0060520694
XYL,2024-05-14,0.005602777935564518,0.005646884
YUM,2024-05-14,0.0077246990986168385,0.008106012
ZBH,2024-05-14,0.002172982320189476,0.0031724751
ZBRA,2024-05-14,0.007818114943802357,0.015635302
ZTS,2024-05-14,0.0011687983060255647,0.005700934
A,2024-05-15,0.006995690055191517,0.018337533
AAPL,2024-05-15,0.00442685279995203,0.012143364
ABBV,2024-05-15,0.00835778471082449,0.013522102
ABT,2024-05-15,0.01181267760694027,0.0055608246
ACGL,2024-05-15,-0.006165939383208752,-0.00030647442
ACN,2024-05-15,0.00042765980469994247,0.005101832
ADBE,2024-05-15,0.020153004676103592,0.019555006
ADI,2024-05-15,0.008016671054065228,0.017815204
ADM,2024-05-15,-0.017759231850504875,-0.01797778
ADP,2024-05-15,0.00034969544503837824,0.004551733
ADSK,2024-05-15,0.018840376287698746,0.020224005
AEE,2024-05-15,0.018880825489759445,0.0059915213
AEP,2024-05-15,0.0043872143141925335,0.012912694
AES,2024-05-15,-0.00551492627710104,0.039068267
AFL,2024-05-15,0.0057320911437273026,0.013579717
AIG,2024-05-15,-0.008472422137856483,-0.006820655
AIZ,2024-05-15,-0.01768415793776512,-0.010543812
AJG,2024-05-15,0.004433464724570513,0.0042188205
AKAM,2024-05-15,0.014696264639496803,0.030134412
ALB,2024-05-15,-0.025303425267338753,-0.059939202
ALGN,2024-05-15,-0.008034897968173027,0.008022886
ALL,2024-05-15,-0.020676376298069954,-0.016757406
ALLE,2024-05-15,0.0015754338819533587,0.004700766
AMAT,2024-05-15,0.014084701426327229,0.03588746
AMCR,2024-05-15,-0.00021012336947023869,-0.008666072
AMD,2024-05-15,0.03929688781499863,0.041602015
AME,2024-05-15,0.007628954481333494,0.006505647
AMGN,2024-05-15,0.025232503190636635,0.024201369
AMP,2024-05-15,-0.0058107939548790455,0.009282732
AMT,2024-05-15,0.01161120180040598,0.026698448
AMZN,2024-05-15,-0.011700385250151157,-0.0057899114
ANET,2024-05-15,0.00823349691927433,0.038660455
ANSS,2024-05-15,0.016790838912129402,0.012260521
AON,2024-05-15,-0.0014813984744250774,-0.0004516071
AOS,2024-05-15,0.0003061027964577079,0.0042733047
APA,2024-05-15,0.009699319489300251,0.012188698
APD,2024-05-15,0.0038192560896277428,0.012155728
APH,2024-05-15,0.010012018494307995,0.026097221
APO,2024-05-15,0.026717299595475197,0.03933218
APTV,2024-05-15,-0.02513301558792591,-0.013489004
ARE,2024-05-15,0.011150069534778595,0.009229824
ATO,2024-05-15,0.0006000435096211731,0.004764596
AVB,2024-05-15,0.008509574458003044,0.0048994804
AVGO,2024-05-15,0.01719987764954567,0.039853275
AVY,2024-05-15,-0.0018395575461909175,0.0016376653
AWK,2024-05-15,-0.00493648974224925,0.0046461863
AXON,2024-05-15,-0.011501006782054901,-0.008502321
AXP,2024-05-15,-0.006225379183888435,0.0007036831
AZO,2024-05-15,0.00023866700939834118,0.0029872013
BA,2024-05-15,-0.01850239932537079,-0.021073766
BAC,2024-05-15,0.011944921687245369,0.010852292
BALL,2024-05-15,0.006546307355165482,0.007114314
BAX,2024-05-15,0.014029344543814659,0.005376945
BBY,2024-05-15,-0.017824549227952957,-0.013676634
BDX,2024-05-15,0.02223898097872734,0.0096972855
BEN,2024-05-15,-1.8743914552032948e-05,0.003678802
BG,2024-05-15,-0.01482821349054575,-0.0165697
BK,2024-05-15,0.007391051389276981,0.007682388
BKNG,2024-05-15,0.004109570756554604,0.005202518
BKR,2024-05-15,0.0006169390981085598,0.009151636
BLDR,2024-05-15,0.0001043570227921009,0.013053759
BLK,2024-05-15,0.01079283095896244,0.015740426
BMY,2024-05-15,-0.010570562444627285,-0.0035849465
BR,2024-05-15,0.0077886939980089664,0.011194049
BRO,2024-05-15,0.002811852376908064,0.0028224578
BSX,2024-05-15,0.00816612970083952,0.012977641
BX,2024-05-15,0.02161545678973198,0.04149322
BXP,2024-05-15,0.0015220363857224584,0.009787587
C,2024-05-15,0.004328205715864897,0.010169481
CAG,2024-05-15,-0.021648554131388664,-0.018884655
CAH,2024-05-15,-0.00848845113068819,-0.003289908
CAT,2024-05-15,-2.8605922125279903e-05,0.005179393
CB,2024-05-15,0.0008384745451621711,-0.000750883
CBOE,2024-05-15,-0.01757683791220188,-0.015735675
CBRE,2024-05-15,0.02309509366750717,0.039105352
CCL,2024-05-15,0.0303423423320055,0.023141842
CDNS,2024-05-15,0.037055015563964844,0.033888645
CDW,2024-05-15,0.012796718627214432,0.008359011
CF,2024-05-15,0.006421740632504225,0.0058981446
CFG,2024-05-15,0.002807273529469967,0.01119122
CHD,2024-05-15,0.005141694098711014,0.0032708622
CHRW,2024-05-15,-0.017364539206027985,-0.0062194155
CHTR,2024-05-15,-0.014517839066684246,-0.023128465
CI,2024-05-15,-0.0165167897939682,-0.009105276
CINF,2024-05-15,-0.014042752794921398,-0.007812922
CL,2024-05-15,-0.006188323721289635,-0.000423044
CLX,2024-05-15,-0.00526045635342598,-0.0010110477
CMCSA,2024-05-15,-0.013265829533338547,-0.011399313
CME,2024-05-15,-0.015789976343512535,-0.012121905
CMG,2024-05-15,-0.013667020946741104,-0.0026382946
CMI,2024-05-15,-0.015764689072966576,-0.010351879
CMS,2024-05-15,0.005017868708819151,0.00957073
CNC,2024-05-15,0.008037551306188107,0.015744884
CNP,2024-05-15,0.013706156052649021,0.009452896
COF,2024-05-15,0.005940405651926994,0.008836812
COO,2024-05-15,0.0033255054149776697,0.020012503
COP,2024-05-15,-0.014017632231116295,-0.0028129332
COR,2024-05-15,-0.013027247972786427,-0.0005859064
COST,2024-05-15,0.00909865740686655,0.011680486
CPAY,2024-05-15,-0.014155999757349491,-0.015078412
CPB,2024-05-15,-0.015728427097201347,-0.006322876
CPRT,2024-05-15,0.016502538695931435,0.016588032
CPT,2024-05-15,0.009531652554869652,0.010236143
CRL,2024-05-15,-0.010517106391489506,-0.0011174359
CRM,2024-05-15,0.03895709291100502,0.038048513
CRWD,2024-05-15,0.03138885274529457,0.040330295
CSCO,2024-05-15,0.03160670027136803,0.014600713
CSGP,2024-05-15,0.00044354572310112417,0.00794271
CSX,2024-05-15,-0.008163273334503174,-0.0026559243
CTAS,2024-05-15,0.006085130386054516,0.006811152
CTRA,2024-05-15,-0.01057319063693285,-0.0050214203
CTSH,2024-05-15,0.014920120127499104,0.015806943
CTVA,2024-05-15,-0.013655683025717735,-0.0073245624
CVS,2024-05-15,0.005190678406506777,0.0046319477
CVX,2024-05-15,-0.009870977140963078,-0.0034285947
CZR,2024-05-15,-0.012709994800388813,-0.012057603
D,2024-05-15,0.005821420345455408,0.0071656806
DAL,2024-05-15,-0.005382229574024677,0.0037621749
DAY,2024-05-15,0.005980644375085831,0.008019102
DD,2024-05-15,-0.006986234337091446,-0.001660591
DE,2024-05-15,-0.0005798303172923625,0.0029995618
DECK,2024-05-15,0.016579193994402885,0.023768673
DELL,2024-05-15,0.07260610163211823,0.105886444
DFS,2024-05-15,0.008231794461607933,0.018554552
DG,2024-05-15,0.0025171327870339155,0.0053311773
DGX,2024-05-15,0.015929820016026497,0.011573627
DHI,2024-05-15,0.042748257517814636,0.06263884
DHR,2024-05-15,0.018669160082936287,0.016068744
DIS,2024-05-15,-0.027799619361758232,-0.024789603
DLR,2024-05-15,0.017128273844718933,0.019404717
DLTR,2024-05-15,0.0004961710073985159,-0.0006731032
DOC,2024-05-15,0.019853197038173676,0.021460086
DOV,2024-05-15,0.007793687283992767,0.007915746
DOW,2024-05-15,-0.015084591694176197,-0.009939826
DPZ,2024-05-15,0.020306574180722237,0.013554555
DRI,2024-05-15,0.013970550149679184,0.018886358
DTE,2024-05-15,0.012392621487379074,0.011347972
DUK,2024-05-15,0.008227798156440258,0.010113551
DVA,2024-05-15,0.0005764223751612008,0.006329761
DVN,2024-05-15,-0.00929518323391676,-0.0024111061
DXCM,2024-05-15,0.01690049283206463,0.02924912
EA,2024-05-15,0.019317513331770897,0.008103411
EBAY,2024-05-15,0.009578123688697815,0.0061231586
ECL,2024-05-15,0.006859679706394672,0.0045175566
ED,2024-05-15,-0.0075008156709373,0.0027900052
EFX,2024-05-15,0.008433383889496326,0.015761074
EG,2024-05-15,-0.014590813778340816,-0.009683251
EIX,2024-05-15,0.003502186154946685,0.010621046
EL,2024-05-15,0.005258029792457819,0.014366477
ELV,2024-05-15,0.00746726943179965,0.009975366
EMN,2024-05-15,-0.0069407992996275425,0.0007937378
EMR,2024-05-15,-0.006530096288770437,0.0041016517
ENPH,2024-05-15,-0.018230414018034935,-0.014101977
EOG,2024-05-15,-0.011982412077486515,-0.002630406
EPAM,2024-05-15,0.0145574901252985,0.01816915
EQIX,2024-05-15,0.007354411296546459,0.024828898
EQR,2024-05-15,-0.0006993233691900969,0.0026675551
EQT,2024-05-15,0.0010251414496451616,0.0053896313
ERIE,2024-05-15,0.0034504972863942385,0.0017742839
ES,2024-05-15,0.0012214712332934141,0.0057158684
ESS,2024-05-15,0.010487725026905537,0.0107727
ETN,2024-05-15,0.011037553660571575,0.022468355
ETR,2024-05-15,0.009185563772916794,0.011522962
EVRG,2024-05-15,0.006509037688374519,0.0061293193
EW,2024-05-15,0.02152623049914837,0.041879587
EXC,2024-05-15,0.006513559725135565,0.008556636
EXPD,2024-05-15,-0.006252529565244913,0.0024645878
EXPE,2024-05-15,-0.017301315441727638,-0.009117726
EXR,2024-05-15,0.005251533817499876,0.022808127
F,2024-05-15,-0.012485572136938572,-0.010504664
FANG,2024-05-15,-0.014426215551793575,-0.0066363816
FAST,2024-05-15,-0.008075953461229801,-0.0037254686
FCX,2024-05-15,-0.009409714490175247,0.0024278425
FDS,2024-05-15,0.00014398328494280577,0.008704474
FDX,2024-05-15,0.00099962018430233,0.0010801674
FE,2024-05-15,0.004718284588307142,0.010486589
FFIV,2024-05-15,0.012483971193432808,0.017982362
FI,2024-05-15,0.008227013982832432,0.008616908
FICO,2024-05-15,0.018593214452266693,0.010454859
FIS,2024-05-15,0.015811113640666008,0.014166967
FITB,2024-05-15,0.010141429491341114,0.013169159
FOX,2024-05-15,-0.0076921661384403706,-0.011368751
FOXA,2024-05-15,-0.009535478428006172,-0.010562785
FRT,2024-05-15,0.0010387187357991934,0.0050617442
FSLR,2024-05-15,0.021353095769882202,0.026176486
FTNT,2024-05-15,0.0038473540917038918,0.00876521
FTV,2024-05-15,0.000502913782838732,0.004122071
GD,2024-05-15,0.0012542234035208821,0.00180082
GDDY,2024-05-15,0.008450804278254509,0.026956826
GE,2024-05-15,0.024852702394127846,0.021452388
GEN,2024-05-15,0.001949987607076764,0.020566327
GILD,2024-05-15,-0.012999659404158592,-0.009505258
GIS,2024-05-15,-0.020132379606366158,-0.014500168
GL,2024-05-15,-0.006873052567243576,-0.008846445
GLW,2024-05-15,0.008180762641131878,0.004567397
GM,2024-05-15,0.01675344444811344,0.010163344
GNRC,2024-05-15,0.007909445092082024,0.014018307
GOOG,2024-05-15,0.0027263022493571043,0.011277497
GOOGL,2024-05-15,0.0033081192523241043,0.012658045
GPC,2024-05-15,-0.011491392739117146,-0.0036705497
GPN,2024-05-15,-0.019499104470014572,-0.012510336
GRMN,2024-05-15,0.015869613736867905,0.003759681
GS,2024-05-15,0.012802346609532833,0.0164823
GWW,2024-05-15,0.007695395965129137,0.007963523
HAL,2024-05-15,-0.012005330063402653,-0.0053389575
HAS,2024-05-15,-0.02582119032740593,-0.027218085
HBAN,2024-05-15,0.015056364238262177,0.012702413
HCA,2024-05-15,0.004501283634454012,0.019952934
HD,2024-05-15,0.02427069842815399,0.023706544
HES,2024-05-15,-0.016175527125597,-0.011166899
HIG,2024-05-15,-0.00977123249322176,-0.007130773
HII,2024-05-15,0.007376294583082199,0.00047708093
HLT,2024-05-15,-0.009478054940700531,-0.0035620364
HOLX,2024-05-15,-0.017539268359541893,-0.010497376
HON,2024-05-15,0.0046895039267838,0.009062456
HPE,2024-05-15,0.015489514917135239,0.017965974
HPQ,2024-05-15,0.006339136976748705,0.019315772
HRL,2024-05-15,-0.014299499802291393,-0.005043405
HSIC,2024-05-15,0.03875565901398659,0.02670529
HST,2024-05-15,-0.008278558030724525,-0.002702122
HSY,2024-05-15,-0.014703682623803616,-0.016798189
HUBB,2024-05-15,0.00025115441530942917,0.00915884
HUM,2024-05-15,-0.012006031349301338,0.0076627517
HWM,2024-05-15,-0.016448473557829857,0.022853546
IBM,2024-05-15,0.007361334282904863,0.005363191
ICE,2024-05-15,0.017513513565063477,0.025559602
IDXX,2024-05-15,0.023551201447844505,0.051235966
IEX,2024-05-15,-0.008718837052583694,-0.002049635
IFF,2024-05-15,-0.012766937725245953,-0.0012425146
INCY,2024-05-15,-0.014194910414516926,0.0
INTC,2024-05-15,0.00048285778029821813,0.0070603415
INTU,2024-05-15,0.02627928927540779,0.030537877
INVH,2024-05-15,0.016992764547467232,0.018970432
IP,2024-05-15,-0.007538770791143179,-0.0035194482
IPG,2024-05-15,-0.009365450590848923,0.0012599627
IQV,2024-05-15,0.0027648909017443657,0.01097149
IR,2024-05-15,0.007951708510518074,0.013780522
IRM,2024-05-15,0.013781429268419743,0.022223553
ISRG,2024-05-15,0.02682219073176384,0.038781717
IT,2024-05-15,0.012486819177865982,0.0126997065
ITW,2024-05-15,-0.008626637980341911,-0.0011635628
IVZ,2024-05-15,0.006333268713206053,0.018562855
J,2024-05-15,-0.011074980720877647,-0.0011612355
JBHT,2024-05-15,-0.009151858277618885,-0.0033953416
JBL,2024-05-15,-0.026203880086541176,-0.018701237
JCI,2024-05-15,0.02435229904949665,0.019249028
JKHY,2024-05-15,0.015271865762770176,0.012832212
JNJ,2024-05-15,0.011498352512717247,0.008485486
JNPR,2024-05-15,0.005626191385090351,0.0040567745
JPM,2024-05-15,0.00022708997130393982,0.0029730576
K,2024-05-15,-0.013285292312502861,-0.011736877
KDP,2024-05-15,-0.018870562314987183,-0.010591034
KEY,2024-05-15,0.02451721765100956,0.029980237
KEYS,2024-05-15,0.021457158029079437,0.027338587
KHC,2024-05-15,-0.012304144911468029,-0.009438833
KIM,2024-05-15,0.0027092299424111843,0.0067443755
KKR,2024-05-15,0.01672893762588501,0.049752474
KLAC,2024-05-15,0.027918018400669098,0.03999371
KMB,2024-05-15,-0.017985424026846886,-0.0073548225
KMI,2024-05-15,0.007828705944120884,0.006674989
KMX,2024-05-15,-0.021826840937137604,-0.018784594
KO,2024-05-15,-0.0007934052846394479,0.0004754128
KR,2024-05-15,-0.018472520634531975,-0.016413225
L,2024-05-15,-0.015085308812558651,-0.009352801
LDOS,2024-05-15,0.01009803544729948,0.0044238036
LEN,2024-05-15,0.04868680611252785,0.05111013
LH,2024-05-15,0.0017838567728176713,0.009471788
LHX,2024-05-15,-0.004618325270712376,0.0043318216
LII,2024-05-15,0.0024159345775842667,0.012937168
LIN,2024-05-15,0.0017741679912433028,-0.0029897548
LKQ,2024-05-15,0.006819695234298706,0.0056746206
LLY,2024-05-15,0.015054385177791119,0.03140488
LMT,2024-05-15,-0.017090830951929092,-0.0066576214
LNT,2024-05-15,0.005354283843189478,0.012191171
LOW,2024-05-15,0.02172616310417652,0.01924295
LRCX,2024-05-15,0.01896602474153042,0.03784074
LULU,2024-05-15,-0.015236415900290012,-0.015731316
LUV,2024-05-15,-0.014657569117844105,-0.012879597
LVS,2024-05-15,-0.009362154640257359,-0.0045438656
LW,2024-05-15,0.0013136850902810693,0.0057093496
LYB,2024-05-15,-0.016598975285887718,-0.012388747
LYV,2024-05-15,0.00678551709279418,0.006759886
MA,2024-05-15,0.01671851985156536,0.008331468
MAA,2024-05-15,0.000618536549154669,0.006483737
MAR,2024-05-15,0.0005298080504871905,0.0005509527
MAS,2024-05-15,0.01188241969794035,0.015351437
MCD,2024-05-15,0.0071980394423007965,0.011789452
MCHP,2024-05-15,0.013423088937997818,0.015853515
MCK,2024-05-15,0.0015634014271199703,-3.6121066e-05
MCO,2024-05-15,0.013109876774251461,0.019210102
MDLZ,2024-05-15,-0.012993303127586842,-0.00837622
MDT,2024-05-15,0.008141630329191685,0.0049695848
MET,2024-05-15,-0.00925819855183363,-0.0024583084
META,2024-05-15,0.009789899922907352,0.02032536
MGM,2024-05-15,0.011682865209877491,0.006277048
MHK,2024-05-15,0.004074258264154196,0.0021112282
MKC,2024-05-15,-0.0012137426529079676,0.00040201208
MKTX,2024-05-15,0.05108044296503067,0.059236567
MLM,2024-05-15,0.014437106437981129,0.010747702
MMC,2024-05-15,0.005976512096822262,0.006125409
MMM,2024-05-15,0.016514204442501068,0.011523551
MNST,2024-05-15,-0.010000092908740044,-0.004414963
MO,2024-05-15,0.0043234084732830524,0.0076626334
MOH,2024-05-15,-0.012739544734358788,-0.011870631
MOS,2024-05-15,8.048233576118946e-05,0.0043125935
MPC,2024-05-15,-0.01326698251068592,-0.005976849
MPWR,2024-05-15,0.03321487084031105,0.037964515
MRK,2024-05-15,0.01761949062347412,0.023576688
MRNA,2024-05-15,0.005231624934822321,0.005750122
MS,2024-05-15,0.014645373448729515,0.011405363
MSCI,2024-05-15,0.001533221104182303,0.003987081
MSFT,2024-05-15,0.012937989085912704,0.017331127
MSI,2024-05-15,0.0023106359876692295,0.010962647
MTB,2024-05-15,-0.005622918717563152,-0.003035549
MTCH,2024-05-15,-0.02275664545595646,-0.01832388
MTD,2024-05-15,0.011186614632606506,0.01574817
MU,2024-05-15,0.0045501599088311195,0.023747731
NCLH,2024-05-15,0.010075623169541359,0.0063815233
NDAQ,2024-05-15,0.015955444425344467,0.0154392235
NDSN,2024-05-15,0.010292300954461098,0.009404247
NEE,2024-05-15,0.019866717979311943,0.021378795
NEM,2024-05-15,0.007137116510421038,0.014458228
NFLX,2024-05-15,0.006840973161160946,-0.00022807338
NI,2024-05-15,0.006520816590636969,0.008965234
NKE,2024-05-15,-0.019259566441178322,-0.012143199
NOC,2024-05-15,-0.01866803504526615,-0.009366879
NOW,2024-05-15,0.03909656032919884,0.052521136
NRG,2024-05-15,0.017771931365132332,0.02893062
NSC,2024-05-15,0.012884702533483505,0.0061564497
NTAP,2024-05-15,0.004181034862995148,0.014385156
NTRS,2024-05-15,-0.0009706337004899979,0.00196835
NUE,2024-05-15,0.019192121922969818,0.02058092
NVDA,2024-05-15,0.027627818286418915,0.03519588
NVR,2024-05-15,0.026026759296655655,0.034765895
NWS,2024-05-15,0.002182659460231662,0.0146636665
NWSA,2024-05-15,0.006044203881174326,0.016290491
NXPI,2024-05-15,0.007274808827787638,0.016083168
O,2024-05-15,9.372388012707233e-05,0.004364461
ODFL,2024-05-15,0.011782835237681866,0.0108234035
OKE,2024-05-15,-0.0004550548910629004,-0.00085754175
OMC,2024-05-15,0.014968318864703178,0.01111979
ON,2024-05-15,0.021148912608623505,0.023688508
ORCL,2024-05-15,0.0026060601230710745,0.0062680454
ORLY,2024-05-15,0.0019570838194340467,0.0035792675
OXY,2024-05-15,0.004964503925293684,0.005061626
PANW,2024-05-15,0.03008522279560566,0.035111163
PARA,2024-05-15,0.018472254276275635,0.01847968
PAYC,2024-05-15,0.010567981749773026,0.016705124
PAYX,2024-05-15,0.004420978482812643,0.005320861
PCAR,2024-05-15,1.876393798738718e-05,-0.00036997482
PCG,2024-05-15,0.007512209005653858,0.016518755
PEG,2024-05-15,0.005002166610211134,0.009582182
PEP,2024-05-15,0.000801925256382674,-0.002281879
PFE,2024-05-15,0.01008741743862629,0.015383596
PFG,2024-05-15,0.005911557003855705,0.0069835195
PG,2024-05-15,0.0008767220424488187,0.004514353
PGR,2024-05-15,-0.021703479811549187,-0.020900123
PH,2024-05-15,0.009773765690624714,0.0070191496
PHM,2024-05-15,0.04566348344087601,0.049413674
PKG,2024-05-15,-0.0005027349689044058,0.0021448925
PLD,2024-05-15,0.01272407453507185,0.015667804
PM,2024-05-15,0.0035565304569900036,0.007284972
PNC,2024-05-15,0.01840084046125412,0.012096733
PNR,2024-05-15,0.006197111215442419,0.022461131
PNW,2024-05-15,0.0037527368403971195,0.0069884914
PODD,2024-05-15,0.012639048509299755,0.046965457
POOL,2024-05-15,0.014208781532943249,0.01782937
PPG,2024-05-15,-0.0007480951026082039,-0.002514655
PPL,2024-05-15,0.004887139890342951,0.012933403
PRU,2024-05-15,0.004625528119504452,0.0060382066
PSA,2024-05-15,0.006259846966713667,0.024074955
PSX,2024-05-15,0.007832085713744164,0.009344968
PTC,2024-05-15,0.015354599803686142,0.018221224
PWR,2024-05-15,0.014523503370583057,0.027814843
PYPL,2024-05-15,-0.013530190102756023,-0.010585011
QCOM,2024-05-15,0.011700964532792568,0.029400872
RCL,2024-05-15,-0.014475351199507713,-0.0011371276
REG,2024-05-15,0.015553091652691364,0.013299485
REGN,2024-05-15,-0.016408639028668404,-0.006551607
RF,2024-05-15,0.010481612756848335,0.0079285195
RJF,2024-05-15,-0.009387539699673653,0.0026744509
RL,2024-05-15,0.0013623328413814306,0.004020563
RMD,2024-05-15,0.023459354415535927,0.021899775
ROK,2024-05-15,0.013807589188218117,0.016077539
ROL,2024-05-15,0.0014590590726584196,0.005313984
ROP,2024-05-15,0.020598681643605232,0.020163748
ROST,2024-05-15,0.00044588473974727094,0.0010531358
RSG,2024-05-15,-0.0016901911003515124,-0.0019768905
RTX,2024-05-15,-0.00716411555185914,-0.0033166988
RVTY,2024-05-15,0.0032202820293605328,0.0072950306
SBAC,2024-05-15,0.03127909079194069,0.016239604
SBUX,2024-05-15,1.6687670722603798e-05,0.0009248744
SCHW,2024-05-15,0.010008365847170353,0.020671966
SHW,2024-05-15,0.00876633357256651,0.007360114
SJM,2024-05-15,-0.015043403021991253,-0.007930302
SLB,2024-05-15,-0.00935787707567215,-0.0063962345
SMCI,2024-05-15,0.11640657484531403,0.14570825
SNA,2024-05-15,0.0038916543126106262,0.0025047804
SNPS,2024-05-15,0.018040038645267487,0.03608132
SO,2024-05-15,-0.007851426489651203,0.007341891
SPG,2024-05-15,-0.009356542490422726,0.0047365967
SPGI,2024-05-15,0.021353384479880333,0.017758777
SRE,2024-05-15,0.004170857835561037,0.018102795
STE,2024-05-15,0.0019367239437997341,-0.0022907208
STLD,2024-05-15,0.010603399015963078,0.013675774
STT,2024-05-15,0.015551701188087463,0.013105284
STX,2024-05-15,0.0192906204611063,0.025644833
STZ,2024-05-15,-0.009726843796670437,-0.006715583
SWK,2024-05-15,-0.012914485298097134,-0.004476329
SWKS,2024-05-15,0.0006230220315046608,-0.00031774322
SYF,2024-05-15,-0.02058977261185646,-0.02328382
SYK,2024-05-15,0.017875324934720993,0.023431567
SYY,2024-05-15,-0.0010514759924262762,0.0010536121
T,2024-05-15,0.0031801732257008553,0.0017326339
TAP,2024-05-15,-0.018922703340649605,-0.021203926
TDG,2024-05-15,0.010166073217988014,0.010471491
TDY,2024-05-15,0.011934547685086727,0.018809645
TECH,2024-05-15,-0.009113246574997902,-0.0077541764
TEL,2024-05-15,-0.0005221395404078066,0.014429916
TER,2024-05-15,0.044452667236328125,0.037352804
TFC,2024-05-15,0.008229957893490791,0.019854693
TGT,2024-05-15,-0.00893520936369896,-0.009163498
TJX,2024-05-15,-0.0064156437292695045,-0.0018767411
TKO,2024-05-15,0.007907946594059467,0.027392132
TMO,2024-05-15,0.003616692963987589,0.0070695737
TMUS,2024-05-15,0.0005813525640405715,0.0016609918
TPL,2024-05-15,-0.010472727939486504,-0.010155044
TPR,2024-05-15,0.0063593122176826,0.013210212
TRGP,2024-05-15,0.010321080684661865,0.009999323
TRMB,2024-05-15,0.007873003371059895,0.010281212
TROW,2024-05-15,0.006864495109766722,0.0062761004
TRV,2024-05-15,-0.021027442067861557,-0.015001162
TSCO,2024-05-15,0.0017867606366053224,0.005304735
TSLA,2024-05-15,-0.01624857634305954,-0.020251678
TSN,2024-05-15,0.0036122032906860113,0.0072739664
TT,2024-05-15,0.0063113858923316,0.0067336005
TTWO,2024-05-15,0.019902408123016357,0.021291548
TXN,2024-05-15,0.014295466244220734,0.02275607
TXT,2024-05-15,-0.00024688069242984056,0.00090760493
TYL,2024-05-15,0.0029721129685640335,0.008808929
UAL,2024-05-15,-0.010904202237725258,-0.002362592
UBER,2024-05-15,0.01462839636951685,0.019704102
UDR,2024-05-15,0.004186106845736504,0.006329879
UHS,2024-05-15,0.014288203790783882,0.018439673
ULTA,2024-05-15,0.001068072859197855,0.004297638
UNH,2024-05-15,0.012219185940921307,0.007116208
UNP,2024-05-15,0.005441014654934406,0.0065109762
UPS,2024-05-15,-0.01250904705375433,0.0
URI,2024-05-15,0.013321311213076115,0.025443004
USB,2024-05-15,0.003963977098464966,0.0064155166
V,2024-05-15,0.020771963521838188,0.013446255
VICI,2024-05-15,0.014177100732922554,0.020193176
VLO,2024-05-15,0.00942949391901493,0.011350212
VMC,2024-05-15,0.010680656880140305,0.010218091
VRSK,2024-05-15,-0.004435119219124317,0.0036784457
VRSN,2024-05-15,-0.01121270190924406,-0.0028320006
VRTX,2024-05-15,0.017200322821736336,0.02055022
VST,2024-05-15,0.018710264936089516,0.057707462
VTR,2024-05-15,0.009109892882406712,0.015515735
VTRS,2024-05-15,-0.010289338417351246,-0.0063035027
VZ,2024-05-15,-0.008674507029354572,0.0
WAB,2024-05-15,0.027408810332417488,0.022981403
WAT,2024-05-15,0.003498793812468648,0.0077693276
WBA,2024-05-15,-0.01648053154349327,-0.025382329
WBD,2024-05-15,-0.024197207763791084,-0.04293969
WDAY,2024-05-15,0.017476866021752357,0.017782893
WDC,2024-05-15,0.023336436599493027,0.02880865
WEC,2024-05-15,0.012560945935547352,0.007199765
WELL,2024-05-15,0.02193029224872589,0.021817004
WFC,2024-05-15,0.0045958589762449265,0.007244618
WM,2024-05-15,-0.011204756796360016,-0.004106335
WMB,2024-05-15,0.00022000132594257593,0.0027218866
WMT,2024-05-15,-0.0007363790646195412,-0.0005012218
WRB,2024-05-15,-0.012573020532727242,-0.0058523198
WSM,2024-05-15,-0.007852989248931408,0.009695751
WST,2024-05-15,-0.011959024704992771,-0.008385235
WTW,2024-05-15,0.009923195466399193,0.006829977
WY,2024-05-15,0.009570177644491196,0.0054356335
WYNN,2024-05-15,-0.00987238809466362,-0.004293081
XEL,2024-05-15,0.0018074291292577982,0.0041310936
XOM,2024-05-15,0.006205638870596886,0.007703562
XYL,2024-05-15,0.008201714605093002,0.012033377
YUM,2024-05-15,0.0020967430900782347,0.0061629657
ZBH,2024-05-15,0.008798856288194656,0.008383362
ZBRA,2024-05-15,0.0037484278436750174,0.008963108
ZTS,2024-05-15,0.018252357840538025,0.025773827
A,2024-05-16,0.00564311258494854,0.0014916245
AAPL,2024-05-16,-0.003654924686998129,0.00063220534
ABBV,2024-05-16,0.007199506275355816,0.0034131967
ABT,2024-05-16,0.0028348208870738745,0.0026736187
ACGL,2024-05-16,0.007020862307399511,0.009659627
ACN,2024-05-16,-0.0013388891238719225,-0.0016868608
ADBE,2024-05-16,-0.004380611702799797,-0.0051020538
ADI,2024-05-16,-0.009000019170343876,-0.0075836666
ADM,2024-05-16,0.017618831247091293,0.024817277
ADP,2024-05-16,0.012583055533468723,0.013851288
ADSK,2024-05-16,0.0018294096225872636,0.00086222636
AEE,2024-05-16,-0.013129075989127159,-0.0057245092
AEP,2024-05-16,0.0035313216503709555,0.006178367
AES,2024-05-16,0.010252317413687706,0.0037789198
AFL,2024-05-16,-0.007547570392489433,-0.0038941929
AIG,2024-05-16,-0.011297913268208504,-0.0020299254
AIZ,2024-05-16,0.00020180922001600266,5.6980418e-05
AJG,2024-05-16,0.022089630365371704,0.014743999
AKAM,2024-05-16,0.011350301094353199,0.009229824
ALB,2024-05-16,0.006479849107563496,0.012618382
ALGN,2024-05-16,-0.007792329415678978,-0.024406012
ALL,2024-05-16,0.01633778028190136,0.016757395
ALLE,2024-05-16,-0.02545829862356186,-0.020129845
AMAT,2024-05-16,-0.005858004558831453,-0.016035367
AMCR,2024-05-16,0.007557006552815437,0.0019323002
AMD,2024-05-16,0.02194625325500965,0.018304888
AME,2024-05-16,-0.005117736291140318,-0.010191108
AMGN,2024-05-16,-0.011225283145904541,-0.0065556862
AMP,2024-05-16,-0.0062489272095263,-0.007790757
AMT,2024-05-16,0.004361911676824093,0.015091086
AMZN,2024-05-16,-0.008904257789254189,-0.012769373
ANET,2024-05-16,-0.013996344059705734,-0.018385114
ANSS,2024-05-16,-0.009003200568258762,-0.0071492014
AON,2024-05-16,0.018350975587964058,0.014590141
AOS,2024-05-16,-0.019926700741052628,-0.016381785
APA,2024-05-16,0.0027134830597788095,-0.0009828863
APD,2024-05-16,0.017632894217967987,0.02138801
APH,2024-05-16,-0.0030674755107611418,-0.0018963879
APO,2024-05-16,-0.0137774758040905,-0.018690126
APTV,2024-05-16,9.379792027175426e-05,0.0068283193
ARE,2024-05-16,-0.009943034499883652,-0.008907298
ATO,2024-05-16,0.010309184901416302,0.0063459887
AVB,2024-05-16,-0.004457250237464905,-0.0020680905
AVGO,2024-05-16,-0.00616477569565177,-0.016878966
AVY,2024-05-16,-0.004920680075883865,-0.00678951
AWK,2024-05-16,-0.0007126767886802554,0.0038803339
AXON,2024-05-16,-0.011925282888114452,-0.012012124
AXP,2024-05-16,-0.001590341911651194,-0.0015734276
AZO,2024-05-16,-0.014264723286032677,-0.010008029
BA,2024-05-16,0.02320302464067936,0.033162177
BAC,2024-05-16,0.007734917104244232,0.007935496
BALL,2024-05-16,-0.007817945443093777,-0.004404786
BAX,2024-05-16,-0.00047720290604047477,-0.00736539
BBY,2024-05-16,0.002819425892084837,0.004082181
BDX,2024-05-16,-0.005172667093575001,-0.002827518
BEN,2024-05-16,-0.005220924504101276,-0.01438191
BG,2024-05-16,0.016746964305639267,0.02417474
BK,2024-05-16,-0.0016707872273400426,-0.0005103459
BKNG,2024-05-16,-0.01174510270357132,-0.015281701
BKR,2024-05-16,0.006332175340503454,0.0027292576
BLDR,2024-05-16,-0.010497747920453548,-0.038819756
BLK,2024-05-16,-0.003160918364301324,-0.00984322
BMY,2024-05-16,-0.015331008471548557,-0.00992532
BR,2024-05-16,0.006128015927970409,0.009405192
BRO,2024-05-16,0.003373343264684081,0.007860754
BSX,2024-05-16,-0.0011751707643270493,0.001342348
BX,2024-05-16,-0.01607976295053959,-0.026462361
BXP,2024-05-16,-0.010358372703194618,-0.016051354
C,2024-05-16,-0.0044162399135529995,-0.0015577867
CAG,2024-05-16,0.017450161278247833,0.018562153
CAH,2024-05-16,0.012564435601234436,0.016239254
CAT,2024-05-16,-0.020754219964146614,-0.026220927
CB,2024-05-16,0.0589551143348217,0.04597363
CBOE,2024-05-16,0.01646115817129612,0.021200327
CBRE,2024-05-16,0.009257659316062927,-0.0022787726
CCL,2024-05-16,0.00031082320492714643,0.002688123
CDNS,2024-05-16,-0.015908129513263702,-0.014328469
CDW,2024-05-16,0.004457472823560238,0.0031279128
CF,2024-05-16,0.025050004944205284,0.03285548
CFG,2024-05-16,-0.0065993559546768665,-0.008723908
CHD,2024-05-16,-0.008583237417042255,-0.0046758386
CHRW,2024-05-16,-0.001497391378507018,-0.0024023233
CHTR,2024-05-16,0.013106250204145908,0.02100596
CI,2024-05-16,-0.009531448595225811,-0.011779088
CINF,2024-05-16,0.012156888842582703,0.0104317395
CL,2024-05-16,-0.0016619174275547266,0.0
CLX,2024-05-16,-0.005761010106652975,-0.010457869
CMCSA,2024-05-16,0.005379745736718178,0.0030526868
CME,2024-05-16,0.015070165507495403,0.021233223
CMG,2024-05-16,-0.012783694081008434,-0.00710142
CMI,2024-05-16,-0.010733903385698795,-0.014792606
CMS,2024-05-16,-0.005283190403133631,0.0025368854
CNC,2024-05-16,-0.008605441078543663,-0.012239421
CNP,2024-05-16,0.0056820097379386425,0.006030031
COF,2024-05-16,-0.022850463166832924,-0.023122368
COO,2024-05-16,-0.00024273816961795092,0.0
COP,2024-05-16,-0.005342569202184677,-0.0072339065
COR,2024-05-16,-0.008784258738160133,0.00018034739
COST,2024-05-16,0.005468164570629597,0.0076323505
CPAY,2024-05-16,0.005693123675882816,0.013524453
CPB,2024-05-16,0.021614069119095802,0.021419149
CPRT,2024-05-16,-0.014426279813051224,-0.013285407
CPT,2024-05-16,-0.010255618020892143,-0.013890281
CRL,2024-05-16,-0.0314193032681942,-0.03414632
CRM,2024-05-16,-0.01460912823677063,-0.00999611
CRWD,2024-05-16,-0.0071904947981238365,-0.011902595
CSCO,2024-05-16,-0.053164660930633545,-0.027134974
CSGP,2024-05-16,-0.002269268734380603,-0.0039636055
CSX,2024-05-16,0.0018889582715928555,0.0026559038
CTAS,2024-05-16,-0.008399544283747673,-0.0014743332
CTRA,2024-05-16,0.010900255292654037,0.007165799
CTSH,2024-05-16,0.019402289763092995,0.021119948
CTVA,2024-05-16,-0.020632632076740265,-0.019975018
CVS,2024-05-16,0.02014041505753994,0.02214524
CVX,2024-05-16,-0.00045626258361153305,-0.0020464098
CZR,2024-05-16,-0.016491888090968132,-0.026818315
D,2024-05-16,-8.717167656868696e-05,0.0015019802
DAL,2024-05-16,-0.008012685924768448,-0.014181036
DAY,2024-05-16,-0.0029845796525478363,-0.0015986803
DD,2024-05-16,-0.00530999805778265,-0.008344487
DE,2024-05-16,-0.05417012423276901,-0.04843479
DECK,2024-05-16,-0.007658272981643677,-0.020184558
DELL,2024-05-16,-0.01116056740283966,-0.019357888
DFS,2024-05-16,-0.011797061190009117,-0.0152650615
DG,2024-05-16,0.02733784168958664,0.03843529
DGX,2024-05-16,0.012211310677230358,0.011651622
DHI,2024-05-16,-0.028709566220641136,-0.04282585
DHR,2024-05-16,0.008604727685451508,0.005224219
DIS,2024-05-16,0.006862319074571133,0.005821351
DLR,2024-05-16,0.00639849528670311,0.0020719713
DLTR,2024-05-16,0.019197961315512657,0.020822406
DOC,2024-05-16,-0.013070192188024521,-0.0139228515
DOV,2024-05-16,-0.006416077259927988,-0.005577895
DOW,2024-05-16,-0.0024005044251680374,-0.0061141658
DPZ,2024-05-16,-0.011678287759423256,-0.00849661
DRI,2024-05-16,-0.0003500324673950672,-0.0023746605
DTE,2024-05-16,-0.002059363992884755,0.005925993
DUK,2024-05-16,0.0010421578772366047,0.005020232
DVA,2024-05-16,-0.006515027489513159,-0.010205378
DVN,2024-05-16,-0.0012000581482425332,-0.0094995415
DXCM,2024-05-16,0.011524791829288006,0.016817044
EA,2024-05-16,0.013782368041574955,0.011994277
EBAY,2024-05-16,0.013424067758023739,0.0053272643
ECL,2024-05-16,0.0004303522582631558,-0.0013746518
ED,2024-05-16,0.0033937417902052402,0.0
EFX,2024-05-16,-0.004807301796972752,-0.0054265074
EG,2024-05-16,0.0254232008010149,0.03446801
EIX,2024-05-16,-0.003900631098076701,0.0018472268
EL,2024-05-16,0.01252517756074667,0.016335165
ELV,2024-05-16,0.010025100782513618,0.0071962145
EMN,2024-05-16,-0.008507185615599155,-0.0073673716
EMR,2024-05-16,-0.010079624131321907,-0.012988445
ENPH,2024-05-16,0.0044513875618577,0.01187968
EOG,2024-05-16,-0.006433088332414627,-0.009104374
EPAM,2024-05-16,-0.0014417729107663035,-0.007059582
EQIX,2024-05-16,-0.00997702032327652,-0.012651856
EQR,2024-05-16,-0.0068769012577831745,-0.0071290922
EQT,2024-05-16,-0.007138960529118776,-0.010314242
ERIE,2024-05-16,-0.009426425211131573,0.0035391187
ES,2024-05-16,0.020595280453562737,0.015246272
ESS,2024-05-16,-0.008218714967370033,-0.011754425
ETN,2024-05-16,-0.014365173876285553,-0.023285346
ETR,2024-05-16,0.004484353121370077,0.0069038505
EVRG,2024-05-16,-0.010684930719435215,0.0
EW,2024-05-16,0.0004571735335048288,-0.000554775
EXC,2024-05-16,-0.006823954172432423,-0.0028441946
EXPD,2024-05-16,-0.003777699777856469,-0.0014440098
EXPE,2024-05-16,0.02913263998925686,0.008853236
EXR,2024-05-16,-0.006902308668941259,-0.0048115416
F,2024-05-16,0.004459541290998459,0.0056703533
FANG,2024-05-16,-0.010147097520530224,-0.010987863
FAST,2024-05-16,-0.005642394535243511,-0.0025414256
FCX,2024-05-16,-0.014918232336640358,-0.029714184
FDS,2024-05-16,-0.0048492681235075,0.00033670955
FDX,2024-05-16,0.001256893272511661,-0.002084516
FE,2024-05-16,-0.006081476341933012,-0.0009939241
FFIV,2024-05-16,-0.0032219127751886845,-0.006993738
FI,2024-05-16,-0.014065505936741829,-0.014097082
FICO,2024-05-16,0.024746635928750038,0.026158845
FIS,2024-05-16,-0.01734621822834015,0.0010320578
FITB,2024-05-16,-0.0057691666297614574,-0.009795973
FOX,2024-05-16,-0.010980122722685337,-0.011169189
FOXA,2024-05-16,-0.01250933762639761,-0.008531114
FRT,2024-05-16,-0.01899937354028225,-0.013292411
FSLR,2024-05-16,-0.00430606072768569,0.0139173465
FTNT,2024-05-16,0.010983743704855442,0.008362558
FTV,2024-05-16,-0.006273984909057617,-0.0059308605
GD,2024-05-16,0.006487215869128704,0.00392985
GDDY,2024-05-16,-0.0006463720928877592,-0.010609044
GE,2024-05-16,-0.011153466999530792,-0.014479187
GEN,2024-05-16,-0.0014218875439837575,0.014268019
GILD,2024-05-16,0.008094726130366325,0.012604376
GIS,2024-05-16,0.017417749390006065,0.02223031
GL,2024-05-16,-0.015245200134813786,-0.04470152
GLW,2024-05-16,0.014301924966275692,0.0031281505
GM,2024-05-16,0.013390608131885529,0.008318583
GNRC,2024-05-16,-0.007424484007060528,-0.014577563
GOOG,2024-05-16,0.006479818373918533,0.008874384
GOOGL,2024-05-16,0.007260055746883154,0.009633774
GPC,2024-05-16,-0.004073329735547304,-0.0058875727
GPN,2024-05-16,0.0003742804692592472,0.0041265823
GRMN,2024-05-16,0.004211619962006807,-0.0033478562
GS,2024-05-16,-0.006089643109589815,-0.0033741104
GWW,2024-05-16,-0.01441848836839199,-0.010849886
HAL,2024-05-16,0.004610562697052956,0.0032069357
HAS,2024-05-16,-0.012670299038290977,-0.017166747
HBAN,2024-05-16,-0.00944441370666027,-0.0063312133
HCA,2024-05-16,-0.007889301516115665,-0.013082994
HD,2024-05-16,-0.020851366221904755,-0.017181294
HES,2024-05-16,-0.00100186956115067,-0.002619888
HIG,2024-05-16,0.015755699947476387,0.01538512
HII,2024-05-16,0.008454232476651669,0.017840609
HLT,2024-05-16,0.0014516892842948437,0.006679489
HOLX,2024-05-16,-0.0008402566309086978,0.001201503
HON,2024-05-16,0.01119934394955635,0.01285857
HPE,2024-05-16,-0.0011202272726222873,-0.00446178
HPQ,2024-05-16,-0.0008656257996335626,-0.009290298
HRL,2024-05-16,0.018470901995897293,0.013669544
HSIC,2024-05-16,-0.0042003062553703785,-0.0055007
HST,2024-05-16,0.014704769477248192,0.014503571
HSY,2024-05-16,0.010010380297899246,0.020036213
HUBB,2024-05-16,-0.02851451188325882,-0.03365643
HUM,2024-05-16,0.021110087633132935,0.022891976
HWM,2024-05-16,0.0037204953841865063,-0.0026621993
IBM,2024-05-16,0.011241322383284569,0.0042107487
ICE,2024-05-16,-0.0077092619612813,-0.0055276696
IDXX,2024-05-16,-0.009453428909182549,-0.013932762
IEX,2024-05-16,-0.0037355481181293726,-0.005698194
IFF,2024-05-16,0.012331216596066952,0.013583832
INCY,2024-05-16,-0.0009002898586913943,-0.0033359553
INTC,2024-05-16,0.015953270718455315,0.024009123
INTU,2024-05-16,0.0015020599821582437,-0.0026901092
INVH,2024-05-16,-0.013879883103072643,-0.012418314
IP,2024-05-16,-0.0030050885397940874,0.02019014
IPG,2024-05-16,-0.005090123508125544,-0.0044163996
IQV,2024-05-16,0.008235476911067963,0.0055899858
IR,2024-05-16,-0.009019114077091217,-0.015092326
IRM,2024-05-16,-0.003506879787892103,-0.004137636
ISRG,2024-05-16,-0.005155832972377539,-0.007438824
IT,2024-05-16,0.010615751147270203,0.01265216
ITW,2024-05-16,0.0045832255855202675,0.0027261665
IVZ,2024-05-16,-0.010440007783472538,-0.013579614
J,2024-05-16,0.003270406275987625,0.00029047084
JBHT,2024-05-16,0.009692843072116375,0.011272899
JBL,2024-05-16,-0.0021527125500142574,-0.00077975367
JCI,2024-05-16,0.015047820284962654,0.0013190141
JKHY,2024-05-16,0.015644077211618423,0.009192974
JNJ,2024-05-16,0.012967633083462715,0.01049001
JNPR,2024-05-16,0.01047903299331665,0.0037521988
JPM,2024-05-16,-0.002368475077673793,0.0017796388
K,2024-05-16,-0.0019046388333663344,0.0050011356
KDP,2024-05-16,0.021273832768201828,0.009712867
KEY,2024-05-16,-0.013166762888431549,-0.015533023
KEYS,2024-05-16,0.009616052731871605,0.006912375
KHC,2024-05-16,0.006380554288625717,0.0061179455
KIM,2024-05-16,-0.015010366216301918,-0.0124865
KKR,2024-05-16,-0.01163963507860899,-0.033226535
KLAC,2024-05-16,-0.011213666759431362,-0.013569586
KMB,2024-05-16,0.006107663735747337,0.004166945
KMI,2024-05-16,0.008128633722662926,0.0030659975
KMX,2024-05-16,-0.006756025366485119,-0.018596034
KO,2024-05-16,0.007343703415244818,0.003005148
KR,2024-05-16,0.0028402230236679316,0.0011026734
L,2024-05-16,0.00961883831769228,0.0075410213
LDOS,2024-05-16,0.002715284237638116,0.0021031392
LEN,2024-05-16,-0.021166449412703514,-0.03361635
LH,2024-05-16,-0.007640575524419546,-0.00037522198
LHX,2024-05-16,0.0026310174725949764,0.0
LII,2024-05-16,-0.013967023231089115,-0.024451245
LIN,2024-05-16,0.002803575247526169,-0.0026262824
LKQ,2024-05-16,0.00023804313968867064,-0.00067912735
LLY,2024-05-16,-0.01051628403365612,-0.020406911
LMT,2024-05-16,-0.0018010311760008335,0.0016148144
LNT,2024-05-16,-0.0035326473880559206,-0.00038476236
LOW,2024-05-16,-0.021125758066773415,-0.016311886
LRCX,2024-05-16,-0.00246584159322083,-0.0051304502
LULU,2024-05-16,-0.022923776879906654,-0.025013242
LUV,2024-05-16,0.011864826083183289,0.0075334497
LVS,2024-05-16,0.008938532322645187,0.010999314
LW,2024-05-16,0.014394843950867653,0.010286992
LYB,2024-05-16,-0.003701932029798627,-0.003296486
LYV,2024-05-16,-0.01772335357964039,-0.001037062
MA,2024-05-16,0.004398035351186991,0.0018976767
MAA,2024-05-16,-0.006762557663023472,-0.0061912877
MAR,2024-05-16,0.015318398363888264,0.012463718
MAS,2024-05-16,-0.020362580195069313,-0.026093503
MCD,2024-05-16,-0.001107142772525549,-0.001315325
MCHP,2024-05-16,-0.0074528781697154045,-0.011813884
MCK,2024-05-16,0.006719818338751793,0.0075857406
MCO,2024-05-16,0.006154474336653948,0.0072343224
MDLZ,2024-05-16,0.012447039596736431,0.00823713
MDT,2024-05-16,0.00037299198447726667,0.010800411
MET,2024-05-16,0.006548014003783464,0.004638474
META,2024-05-16,-0.005447914823889732,-0.017405976
MGM,2024-05-16,0.009941338561475277,0.0024039391
MHK,2024-05-16,-0.012588663958013058,-0.019739997
MKC,2024-05-16,-0.0017918803496286273,-0.0020118286
MKTX,2024-05-16,0.0029093355406075716,-0.0014302215
MLM,2024-05-16,-0.03986726328730583,-0.05185835
MMC,2024-05-16,0.01821872964501381,0.013526216
MMM,2024-05-16,0.03653643652796745,0.035117716
MNST,2024-05-16,-0.0017356795724481344,-0.0027693606
MO,2024-05-16,0.003578710835427046,0.0021786746
MOH,2024-05-16,-0.001341305673122406,-0.0024317792
MOS,2024-05-16,0.01799527369439602,0.018365145
MPC,2024-05-16,0.003085121512413025,0.012203887
MPWR,2024-05-16,-0.0178762748837471,-0.018019035
MRK,2024-05-16,-0.005350793711841106,-0.0064733177
MRNA,2024-05-16,-0.0013198823435232043,0.02765577
MS,2024-05-16,-0.010005299933254719,-0.009395095
MSCI,2024-05-16,0.015639744699001312,0.01835602
MSFT,2024-05-16,-0.00523011339828372,-0.0049521746
MSI,2024-05-16,0.004279843997210264,0.0037732194
MTB,2024-05-16,-0.0011193634709343314,-0.007271189
MTCH,2024-05-16,0.004531065002083778,0.0
MTD,2024-05-16,-0.0012357387458905578,0.0069890837
MU,2024-05-16,0.0005739553016610444,0.0006257721
NCLH,2024-05-16,0.006890908349305391,0.010755838
NDAQ,2024-05-16,0.012205344624817371,0.014241112
NDSN,2024-05-16,-0.03236541524529457,-0.014675041
NEE,2024-05-16,-0.005098684225231409,-0.00834076
NEM,2024-05-16,-0.006568431854248047,-0.0081365025
NFLX,2024-05-16,-0.0004015326558146626,-0.0049018012
NI,2024-05-16,-0.007002384401857853,0.0006862906
NKE,2024-05-16,0.0026658272836357355,0.0010902892
NOC,2024-05-16,0.0030796858482062817,0.002211742
NOW,2024-05-16,0.002117757685482502,-0.0033715388
NRG,2024-05-16,-0.0021320832893252373,-0.018634034
NSC,2024-05-16,0.00746206846088171,0.005130295
NTAP,2024-05-16,-0.007779459934681654,-0.00789576
NTRS,2024-05-16,-0.013347546570003033,-0.009530167
NUE,2024-05-16,-0.014267228543758392,-0.01590113
NVDA,2024-05-16,-8.238363079726696e-06,-0.0028677457
NVR,2024-05-16,-0.008420147933065891,-0.014916355
NWS,2024-05-16,0.010009816847741604,0.012242154
NWSA,2024-05-16,0.00984648521989584,0.011856476
NXPI,2024-05-16,-0.009617521427571774,-0.00882552
O,2024-05-16,-0.0024011502973735332,0.0014504389
ODFL,2024-05-16,-0.012636106461286545,-0.009560253
OKE,2024-05-16,0.011498396284878254,0.00768984
OMC,2024-05-16,-0.011619928292930126,-0.010395417
ON,2024-05-16,-0.014937091618776321,-0.0235516
ORCL,2024-05-16,-0.006632941775023937,0.0043479633
ORLY,2024-05-16,-0.007561619393527508,-0.0043643164
OXY,2024-05-16,-0.003576078685000539,-0.008238176
PANW,2024-05-16,0.010249079205095768,0.014178248
PARA,2024-05-16,0.0035433643497526646,0.0063490686
PAYC,2024-05-16,0.01349878590553999,0.020192241
PAYX,2024-05-16,0.006404605228453875,0.0065714926
PCAR,2024-05-16,-0.009792331606149673,-0.020090511
PCG,2024-05-16,0.005799455102533102,0.0076168533
PEG,2024-05-16,-0.0031244386918842793,-0.0030941404
PEP,2024-05-16,0.02595601975917816,0.020131867
PFE,2024-05-16,-0.002704008249565959,0.0034638052
PFG,2024-05-16,-0.0066595012322068214,-0.0059150322
PG,2024-05-16,0.017141127958893776,0.008074797
PGR,2024-05-16,-0.003289569402113557,-0.010762169
PH,2024-05-16,-0.027582665905356407,-0.025216462
PHM,2024-05-16,-0.019013160839676857,-0.028324747
PKG,2024-05-16,-0.0036997704301029444,0.0020305717
PLD,2024-05-16,-0.000783315219450742,0.007246985
PM,2024-05-16,0.002758063841611147,0.0008945037
PNC,2024-05-16,0.0011929224710911512,-0.0027929696
PNR,2024-05-16,-0.012523203156888485,-0.017666304
PNW,2024-05-16,-0.0031287134625017643,0.003604449
PODD,2024-05-16,0.007806138135492802,0.026338592
POOL,2024-05-16,-0.026450520381331444,-0.036781393
PPG,2024-05-16,-0.000460693467175588,-0.0019270236
PPL,2024-05-16,-0.0008652930846437812,0.001351753
PRU,2024-05-16,0.008429949171841145,0.0027554117
PSA,2024-05-16,-0.0019511993741616607,0.0012900842
PSX,2024-05-16,0.0008932483615353703,-0.0024652993
PTC,2024-05-16,0.00813374761492014,0.0019562147
PWR,2024-05-16,-0.018440213054418564,-0.026070701
PYPL,2024-05-16,0.0018306832062080503,0.0031249418
QCOM,2024-05-16,-0.019050655886530876,-0.0069092335
RCL,2024-05-16,0.013080555945634842,0.01566053
REG,2024-05-16,-0.0056386119686067104,-0.007126751
REGN,2024-05-16,-0.011231619864702225,-0.010512614
RF,2024-05-16,-0.004541828762739897,-0.007928501
RJF,2024-05-16,-0.013672946952283382,-0.013443462
RL,2024-05-16,-0.01274937391281128,-0.0053441706
RMD,2024-05-16,-0.004361353348940611,-0.0029958526
ROK,2024-05-16,-0.012163987383246422,-0.015081498
ROL,2024-05-16,-0.0015792821068316698,-0.0021221456
ROP,2024-05-16,0.01108529046177864,0.013753367
ROST,2024-05-16,0.015742821618914604,0.010024459
RSG,2024-05-16,0.004914468619972467,0.003896602
RTX,2024-05-16,0.002962846541777253,-0.0045941616
RVTY,2024-05-16,0.013615514151751995,0.010659257
SBAC,2024-05-16,0.002462685341015458,0.0025170278
SBUX,2024-05-16,0.0014108977047726512,0.001994762
SCHW,2024-05-16,-0.004696687683463097,-0.008167327
SHW,2024-05-16,-0.00668947771191597,-0.0051931776
SJM,2024-05-16,0.015155443921685219,0.021403171
SLB,2024-05-16,0.004611562471836805,0.0022743053
SMCI,2024-05-16,-0.020345941185951233,-0.051625397
SNA,2024-05-16,-0.013691742904484272,-0.010814762
SNPS,2024-05-16,-0.013222107663750648,-0.019015756
SO,2024-05-16,-0.0019318553386256099,0.0011342285
SPG,2024-05-16,-0.009999423287808895,-0.010638136
SPGI,2024-05-16,-0.008686929941177368,0.005310545
SRE,2024-05-16,-0.0016051441198214889,-0.0046242806
STE,2024-05-16,-0.0014119864208623767,-0.020290166
STLD,2024-05-16,-0.010610220022499561,-0.014564381
STT,2024-05-16,-0.0006748661398887634,0.00077313074
STX,2024-05-16,0.006529924459755421,-0.0048741293
STZ,2024-05-16,0.014080123975872993,0.012212012
SWK,2024-05-16,-0.020272331312298775,-0.017660484
SWKS,2024-05-16,-5.444500129669905e-05,-0.003183469
SYF,2024-05-16,-0.008554298430681229,-0.015064256
SYK,2024-05-16,0.005386048927903175,0.0059762355
SYY,2024-05-16,0.004440386313945055,0.0035476713
T,2024-05-16,-0.0040732636116445065,-0.0017325961
TAP,2024-05-16,0.0033700240310281515,0.009268088
TDG,2024-05-16,-0.008291725069284439,-0.0022364177
TDY,2024-05-16,-0.0027998685836791992,-0.0031273237
TECH,2024-05-16,0.00652992632240057,-0.007935529
TEL,2024-05-16,-0.007292482536286116,-0.00244594
TER,2024-05-16,-0.010204138234257698,-0.0034921733
TFC,2024-05-16,-0.0008732696296647191,-0.0007468269
TGT,2024-05-16,0.01694639027118683,0.019736582
TJX,2024-05-16,0.002036128658801317,0.0044578644
TKO,2024-05-16,-0.009539701044559479,-0.0036229317
TMO,2024-05-16,0.00636453228071332,-0.0031264867
TMUS,2024-05-16,0.0064464411698281765,0.0055170804
TPL,2024-05-16,0.008915891870856285,0.011536276
TPR,2024-05-16,0.0005041318363510072,-0.0035215414
TRGP,2024-05-16,0.0032928918953984976,0.0047472743
TRMB,2024-05-16,-0.0033351087477058172,-0.007482719
TROW,2024-05-16,0.007775637321174145,0.00839329
TRV,2024-05-16,0.025147229433059692,0.022461828
TSCO,2024-05-16,0.000755226006731391,0.0009054611
TSLA,2024-05-16,0.0010713470401242375,0.004873383
TSN,2024-05-16,0.009484617970883846,0.0036171584
TT,2024-05-16,-0.015469346195459366,-0.023040676
TTWO,2024-05-16,-0.009142475202679634,-0.013597434
TXN,2024-05-16,0.0027493718080222607,-0.002868164
TXT,2024-05-16,-0.004123053513467312,-0.007969713
TYL,2024-05-16,-0.0021265107207000256,-0.0023948548
UAL,2024-05-16,-0.00362209789454937,-0.0032804594
UBER,2024-05-16,-0.008150151930749416,-0.008592609
UDR,2024-05-16,-0.004852235782891512,-0.0050607775
UHS,2024-05-16,-0.010680314153432846,-0.01804858
ULTA,2024-05-16,-0.0025439378805458546,-0.005892189
UNH,2024-05-16,0.0018906728364527225,0.007161893
UNP,2024-05-16,-0.0036354491021484137,-0.0025993905
UPS,2024-05-16,0.015019488520920277,0.011558781
URI,2024-05-16,-0.023369871079921722,-0.0447995
USB,2024-05-16,-0.020273419097065926,-0.013591816
V,2024-05-16,-0.006322929635643959,-0.004065399
VICI,2024-05-16,-0.010610195808112621,-0.007566851
VLO,2024-05-16,0.007548147346824408,0.0049967472
VMC,2024-05-16,-0.037232737988233566,-0.03956984
VRSK,2024-05-16,0.007467286195605993,0.0145791005
VRSN,2024-05-16,0.014559579081833363,0.010052427
VRTX,2024-05-16,0.010912958532571793,0.00717432
VST,2024-05-16,-0.009548726491630077,-0.039658133
VTR,2024-05-16,-0.01102004386484623,0.0
VTRS,2024-05-16,-0.003741607768461108,-0.0045268615
VZ,2024-05-16,-0.006298350635915995,-0.0059450706
WAB,2024-05-16,-0.014658921398222446,-0.0138829695
WAT,2024-05-16,0.00033090414945036173,-0.0035442114
WBA,2024-05-16,0.01327153854072094,0.024837498
WBD,2024-05-16,0.0013764104805886745,0.0036518406
WDAY,2024-05-16,0.018266795203089714,0.020711416
WDC,2024-05-16,-0.01542417611926794,-0.021227295
WEC,2024-05-16,0.0066962214186787605,0.0056291036
WELL,2024-05-16,3.4726341255009174e-05,-0.00049525837
WFC,2024-05-16,-0.019690651446580887,-0.020743296
WM,2024-05-16,0.02158299833536148,0.015193802
WMB,2024-05-16,0.017445901408791542,0.011790395
WMT,2024-05-16,0.07137073576450348,0.06742954
WRB,2024-05-16,0.002824791707098484,0.0028033191
WSM,2024-05-16,-0.01316125225275755,-0.022672044
WST,2024-05-16,0.004058706574141979,0.007340826
WTW,2024-05-16,0.006724412087351084,0.0029295562
WY,2024-05-16,-0.008435539901256561,-0.008003777
WYNN,2024-05-16,-0.008220519870519638,-0.005238054
XEL,2024-05-16,0.0031464167404919863,0.0010748088
XOM,2024-05-16,-0.003419217886403203,-0.0060054497
XYL,2024-05-16,-0.01120446901768446,-0.0077494313
YUM,2024-05-16,0.024000825360417366,0.023711082
ZBH,2024-05-16,0.004430732224136591,0.0020643577
ZBRA,2024-05-16,-0.00853816233575344,-0.0124582
ZTS,2024-05-16,-0.0073887803591787815,0.0024785006
A,2024-05-17,0.007047140039503574,-0.0005186352
AAPL,2024-05-17,-0.006372008938342333,0.00015793984
ABBV,2024-05-17,0.009025897830724716,0.012515746
ABT,2024-05-17,-0.013955910690128803,-0.007465425
ACGL,2024-05-17,0.00976149458438158,0.021718139
ACN,2024-05-17,-0.01756499893963337,-0.014420724
ADBE,2024-05-17,-0.007367732468992472,0.001138277
ADI,2024-05-17,0.000381358404411003,-0.00018675879
ADM,2024-05-17,-0.0022521275095641613,0.00048697053
ADP,2024-05-17,0.008092524483799934,0.009036704
ADSK,2024-05-17,0.0027383428532630205,0.0035323477
AEE,2024-05-17,-0.008193730376660824,-0.0021385122
AEP,2024-05-17,-0.0032414698507636786,0.0014038946
AES,2024-05-17,0.005731077864766121,0.003294982
AFL,2024-05-17,0.010954168625175953,0.014015721
AIG,2024-05-17,0.021949663758277893,0.022598825
AIZ,2024-05-17,-0.003005323000252247,0.0006835507
AJG,2024-05-17,0.0012066313065588474,0.008378869
AKAM,2024-05-17,-0.01226936187595129,-0.017283201
ALB,2024-05-17,0.014747364446520805,0.014827494
ALGN,2024-05-17,-0.0063807605765759945,-0.007558684
ALL,2024-05-17,0.0036458109971135855,0.0025399772
ALLE,2024-05-17,-0.013728716410696507,-0.0076854043
AMAT,2024-05-17,-0.011850327253341675,-0.0091523705
AMCR,2024-05-17,-0.007842941209673882,-0.00872499
AMD,2024-05-17,0.004287198651582003,0.011311556
AME,2024-05-17,-0.013298938050866127,-0.006632542
AMGN,2024-05-17,-0.0038195219822227955,-0.0071747745
AMP,2024-05-17,-0.015824362635612488,-0.0042753625
AMT,2024-05-17,-0.002189588500186801,-0.002208162
AMZN,2024-05-17,0.003967339172959328,0.005809974
ANET,2024-05-17,-0.0007583446567878127,-0.00062497106
ANSS,2024-05-17,-0.001428336719982326,0.00054940383
AON,2024-05-17,0.0008247647783719003,0.0014715081
AOS,2024-05-17,0.001262263278476894,0.003741748
APA,2024-05-17,0.013840152882039547,0.012053632
APD,2024-05-17,0.016078850254416466,0.021777483
APH,2024-05-17,0.00028818577993661165,0.001517216
APO,2024-05-17,0.005671283695846796,0.0030998671
APTV,2024-05-17,-0.007345884572714567,-0.0021897636
ARE,2024-05-17,0.0016471792478114367,0.0008862856
ATO,2024-05-17,-0.00751896807923913,0.0006744969
AVB,2024-05-17,0.0048324898816645145,0.004232353
AVGO,2024-05-17,-0.0030092012602835894,-0.011996261
AVY,2024-05-17,0.0023985914885997772,0.0076293927
AWK,2024-05-17,-0.00500467699021101,-0.0038055794
AXON,2024-05-17,-0.012280032970011234,-0.005697175
AXP,2024-05-17,-0.007219345308840275,0.0061964933
AZO,2024-05-17,0.010348087176680565,0.0056749764
BA,2024-05-17,0.007646669168025255,0.010817508
BAC,2024-05-17,0.003781182924285531,0.0017830897
BALL,2024-05-17,-0.005844385828822851,-0.001567816
BAX,2024-05-17,-0.006205207202583551,0.0022720455
BBY,2024-05-17,-0.0057323831133544445,-0.0039458927
BDX,2024-05-17,-0.008294575847685337,-0.0013532842
BEN,2024-05-17,0.0005775900208391249,0.004954639
BG,2024-05-17,-0.004119779448956251,-0.0044522015
BK,2024-05-17,0.011809811927378178,0.012344113
BKNG,2024-05-17,-0.012221834622323513,-0.0071633086
BKR,2024-05-17,0.008840658701956272,0.013236559
BLDR,2024-05-17,-0.002507462864741683,0.0099865785
BLK,2024-05-17,-0.0019705763552337885,0.0055680554
BMY,2024-05-17,-0.004487896338105202,-0.0018153546
BR,2024-05-17,-0.007540705613791943,-0.0026501871
BRO,2024-05-17,0.007695614825934172,0.0047982894
BSX,2024-05-17,-0.0018053154926747084,0.0013404433
BX,2024-05-17,-0.012361902743577957,-0.017431138
BXP,2024-05-17,-0.007075474597513676,-0.007094817
C,2024-05-17,-0.001986468443647027,-0.0010919565
CAG,2024-05-17,-0.019128330051898956,-0.008424964
CAH,2024-05-17,0.00991219375282526,0.003842691
CAT,2024-05-17,0.0054115429520606995,0.015699245
CB,2024-05-17,0.02424878627061844,0.03485846
CBOE,2024-05-17,0.008162131533026695,0.010462291
CBRE,2024-05-17,-0.006885326933115721,-0.008509655
CCL,2024-05-17,0.0053369528613984585,0.0066889618
CDNS,2024-05-17,-0.0006603815127164125,-0.0004154114
CDW,2024-05-17,-0.0039013091009110212,-0.0022331919
CF,2024-05-17,-0.011837173253297806,-0.014327622
CFG,2024-05-17,0.01025848276913166,0.017371068
CHD,2024-05-17,-0.013856098055839539,-0.0027222033
CHRW,2024-05-17,0.01440504938364029,0.011478658
CHTR,2024-05-17,-0.01440062839537859,-0.016418615
CI,2024-05-17,0.008605253882706165,-0.0016225008
CINF,2024-05-17,0.01125795766711235,0.012909165
CL,2024-05-17,-0.007343064993619919,-0.0042404654
CLX,2024-05-17,-0.013946826569736004,-0.009904734
CMCSA,2024-05-17,-0.00594776077196002,-0.0025433374
CME,2024-05-17,0.0006502218311652541,0.0019255185
CMG,2024-05-17,0.020864732563495636,0.02124209
CMI,2024-05-17,-0.012803404591977596,-0.007987016
CMS,2024-05-17,0.0054993657395243645,0.0014241316
CNC,2024-05-17,0.0091879703104496,0.01185518
CNP,2024-05-17,0.008944190107285976,0.004665052
COF,2024-05-17,0.006726990919560194,0.005373625
COO,2024-05-17,-0.009507408365607262,-0.0060447855
COP,2024-05-17,0.013911914080381393,0.0155658405
COR,2024-05-17,-0.00028346513863652945,0.0012163862
COST,2024-05-17,-0.009305381216108799,0.0034488365
CPAY,2024-05-17,-0.017888173460960388,-0.011841865
CPB,2024-05-17,-0.011705499142408371,-0.005366462
CPRT,2024-05-17,-0.0005125487805344164,-0.0014668717
CPT,2024-05-17,-0.004450818989425898,-0.00018765303
CRL,2024-05-17,-0.013476964086294174,-0.014068676
CRM,2024-05-17,0.0033457824029028416,0.003261594
CRWD,2024-05-17,0.010145793668925762,0.020056654
CSCO,2024-05-17,-0.01277943141758442,-0.0035230368
CSGP,2024-05-17,-0.009011425077915192,-0.007174054
CSX,2024-05-17,-0.01993478275835514,-0.012156712
CTAS,2024-05-17,-0.007893463596701622,0.0010987438
CTRA,2024-05-17,0.007776146754622459,0.0064055678
CTSH,2024-05-17,-0.02152242511510849,-0.018299423
CTVA,2024-05-17,0.0071524824015796185,0.0080033755
CVS,2024-05-17,0.0034624531399458647,0.0027778796
CVX,2024-05-17,0.010992922820150852,0.009760085
CZR,2024-05-17,0.004361066035926342,0.0059296666
D,2024-05-17,0.010430846363306046,0.003745311
DAL,2024-05-17,-0.003448624862357974,0.0036119323
DAY,2024-05-17,0.004060991574078798,0.013191862
DD,2024-05-17,0.031038181856274605,0.029711584
DE,2024-05-17,0.0029381937347352505,0.0065449653
DECK,2024-05-17,-0.0029369862750172615,0.0033142301
DELL,2024-05-17,0.03133602812886238,0.021767458
DFS,2024-05-17,0.005953038111329079,0.0048753996
DG,2024-05-17,-0.026333745568990707,-0.030887572
DGX,2024-05-17,0.014509241096675396,0.013320184
DHI,2024-05-17,0.00017332087736576796,0.0035044323
DHR,2024-05-17,0.0038320107851177454,0.0036181086
DIS,2024-05-17,0.010437014512717724,-0.0011615936
DLR,2024-05-17,-0.011658118106424809,-0.007687627
DLTR,2024-05-17,-0.027663424611091614,-0.033434413
DOC,2024-05-17,-0.002577186794951558,-0.0040139924
DOV,2024-05-17,-0.0019227316370233893,-0.00027165527
DOW,2024-05-17,0.00418355455622077,0.008312553
DPZ,2024-05-17,0.00032889924477785826,-0.0005260897
DRI,2024-05-17,0.014293579384684563,0.016893683
DTE,2024-05-17,-0.0036537423729896545,-0.001542564
DUK,2024-05-17,0.011937249451875687,0.010158036
DVA,2024-05-17,0.016914840787649155,0.024173228
DVN,2024-05-17,0.00893726758658886,0.007687593
DXCM,2024-05-17,-0.003841346362605691,-0.004178216
EA,2024-05-17,-0.021394293755292892,-0.010976414
EBAY,2024-05-17,-0.024399152025580406,-0.023417793
ECL,2024-05-17,0.008210266008973122,0.0044178693
ED,2024-05-17,0.0037871161475777626,0.0019585942
EFX,2024-05-17,-0.007279666606336832,-0.0047724936
EG,2024-05-17,0.008792685344815254,0.011904532
EIX,2024-05-17,-0.004228450823575258,0.005783545
EL,2024-05-17,-0.01376461610198021,-0.025564663
ELV,2024-05-17,0.008854236453771591,0.00699879
EMN,2024-05-17,0.0036786480341106653,0.0030930934
EMR,2024-05-17,-0.003733572317287326,0.00053165125
ENPH,2024-05-17,-0.019072195515036583,-0.021886026
EOG,2024-05-17,0.01580372266471386,0.015666395
EPAM,2024-05-17,-0.006519882008433342,-0.0071097636
EQIX,2024-05-17,-0.0048414114862680435,0.0004126174
EQR,2024-05-17,-0.0033765442203730345,0.0005961071
EQT,2024-05-17,0.01088721677660942,0.016159631
ERIE,2024-05-17,-0.012994934804737568,0.0013618721
ES,2024-05-17,-0.015074355527758598,-0.00816853
ESS,2024-05-17,0.004108956549316645,0.0059511145
ETN,2024-05-17,-0.0002441734541207552,0.00018165846
ETR,2024-05-17,-0.013993902131915092,-0.0030035644
EVRG,2024-05-17,0.0025167798157781363,0.0020526994
EW,2024-05-17,-0.014236126095056534,-0.010822594
EXC,2024-05-17,0.00313095236197114,-0.001036167
EXPD,2024-05-17,0.0043424442410469055,0.002207698
EXPE,2024-05-17,0.005540695507079363,0.004923917
EXR,2024-05-17,0.0031495902221649885,0.0035614502
F,2024-05-17,-0.00995018519461155,-0.008110365
FANG,2024-05-17,0.01354512944817543,0.015702883
FAST,2024-05-17,-0.01194190327078104,-0.005854478
FCX,2024-05-17,0.015471531078219414,0.041198287
FDS,2024-05-17,0.0010758297285065055,0.0075133373
FDX,2024-05-17,-0.012403100728988647,-0.0059297816
FE,2024-05-17,-0.007679719943553209,-0.004485489
FFIV,2024-05-17,0.0012778789969161153,0.0017243037
FI,2024-05-17,-0.005961891263723373,-0.0008508603
FICO,2024-05-17,-0.007611177396029234,0.00491502
FIS,2024-05-17,0.014179861173033714,0.010261391
FITB,2024-05-17,-0.0123837785795331,-0.0010367637
FOX,2024-05-17,-0.00218796799890697,0.008552499
FOXA,2024-05-17,-0.0020093307830393314,0.005188406
FRT,2024-05-17,0.011776930652558804,0.006864073
FSLR,2024-05-17,0.009027321822941303,0.015144031
FTNT,2024-05-17,0.0056790318340063095,0.003097728
FTV,2024-05-17,-0.004204078111797571,-0.0022008743
GD,2024-05-17,0.007245718035846949,0.01099554
GDDY,2024-05-17,-0.003612326690927148,0.0050976807
GE,2024-05-17,-0.010937459766864777,-0.007663242
GEN,2024-05-17,0.004373851232230663,-0.010135777
GILD,2024-05-17,-0.0029712957330048084,-0.0020652835
GIS,2024-05-17,-0.008395977318286896,-0.0022433472
GL,2024-05-17,0.013430085964500904,0.025053281
GLW,2024-05-17,0.003073819912970066,0.0036841463
GM,2024-05-17,-0.008135491982102394,-0.0024010087
GNRC,2024-05-17,0.00851415190845728,0.012301023
GOOG,2024-05-17,0.008699541911482811,0.010546153
GOOGL,2024-05-17,0.008171075023710728,0.010735202
GPC,2024-05-17,-0.01475211326032877,-0.007883085
GPN,2024-05-17,-0.003994146827608347,-0.0010070502
GRMN,2024-05-17,0.008757585659623146,0.0056319484
GS,2024-05-17,-0.008280972950160503,0.0068650204
GWW,2024-05-17,-0.007328344509005547,-0.0022709467
HAL,2024-05-17,0.01043444499373436,0.011143129
HAS,2024-05-17,0.010024039074778557,0.010868327
HBAN,2024-05-17,0.0012503204634413123,0.0028188918
HCA,2024-05-17,-0.003787802532315254,0.00046456986
HD,2024-05-17,0.0013806404313072562,0.004308795
HES,2024-05-17,0.012041964568197727,0.011449435
HIG,2024-05-17,0.003937557339668274,0.009739782
HII,2024-05-17,-0.003329253988340497,-0.0021886285
HLT,2024-05-17,-0.010341144166886806,-0.007805113
HOLX,2024-05-17,-0.0040003289468586445,0.0009335686
HON,2024-05-17,-0.004865372087806463,-0.0031507618
HPE,2024-05-17,-0.004479489289224148,-0.0016782036
HPQ,2024-05-17,-0.007586435414850712,0.0038548033
HRL,2024-05-17,0.011064117774367332,0.006077188
HSIC,2024-05-17,0.008918500505387783,0.003625829
HST,2024-05-17,-0.017505768686532974,-0.017754795
HSY,2024-05-17,-0.004513719584792852,-0.0054429877
HUBB,2024-05-17,0.0002212546532973647,0.0035966095
HUM,2024-05-17,0.001658393768593669,0.0028394563
HWM,2024-05-17,0.0045617264695465565,0.004834947
IBM,2024-05-17,-0.004160113632678986,0.0003550614
ICE,2024-05-17,0.009731847792863846,0.009364334
IDXX,2024-05-17,0.007003454025834799,0.004629337
IEX,2024-05-17,0.0005383443203754723,0.00040487194
IFF,2024-05-17,0.004742506891489029,0.018831981
INCY,2024-05-17,-0.006762503646314144,0.0042119357
INTC,2024-05-17,-0.005615520291030407,-0.006263617
INTU,2024-05-17,0.005122264381498098,0.011882036
INVH,2024-05-17,0.009880797006189823,0.006793038
IP,2024-05-17,0.008270880207419395,0.002957131
IPG,2024-05-17,0.009054027497768402,0.0047311387
IQV,2024-05-17,-0.016095684841275215,-0.01638748
IR,2024-05-17,0.009212477132678032,0.013582656
IRM,2024-05-17,-0.008380921557545662,-0.002564372
ISRG,2024-05-17,0.001130128395743668,0.0060107172
IT,2024-05-17,0.0005535514210350811,0.0055231266
ITW,2024-05-17,0.002717106370255351,0.0033175568
IVZ,2024-05-17,0.001644752686843276,-0.005609122
J,2024-05-17,-0.0038373686838895082,-0.009555259
JBHT,2024-05-17,-0.02456926740705967,-0.028053854
JBL,2024-05-17,0.0013116755289956927,-0.0031250517
JCI,2024-05-17,0.008346392773091793,0.01092551
JKHY,2024-05-17,-0.013426320627331734,-0.0023052976
JNJ,2024-05-17,-0.007584430743008852,0.0023306804
JNPR,2024-05-17,-0.00814149621874094,-0.0020186969
JPM,2024-05-17,0.01131634321063757,0.011392872
K,2024-05-17,-0.011997900903224945,-0.009377347
KDP,2024-05-17,-0.026425328105688095,-0.011488893
KEY,2024-05-17,0.008302357979118824,0.0045557674
KEYS,2024-05-17,0.0015609811525791883,0.0033112597
KHC,2024-05-17,-0.005766013637185097,-0.0019426105
KIM,2024-05-17,0.009005657397210598,0.0062629515
KKR,2024-05-17,0.004308000672608614,0.0046937657
KLAC,2024-05-17,-0.0045922258868813515,-0.0024044742
KMB,2024-05-17,-0.013729068450629711,-0.0028257247
KMI,2024-05-17,0.0031422730535268784,0.005089023
KMX,2024-05-17,-0.0022549971472471952,-0.0021948412
KO,2024-05-17,-0.012788236141204834,-0.0045904494
KR,2024-05-17,-0.014547121711075306,-0.004418136
L,2024-05-17,0.008751323446631432,0.0069703804
LDOS,2024-05-17,0.006443673279136419,0.007493934
LEN,2024-05-17,0.002568044699728489,0.004107587
LH,2024-05-17,-0.020970923826098442,-0.011988721
LHX,2024-05-17,0.006058002822101116,0.0066418336
LII,2024-05-17,0.0011779437772929668,-0.0026503664
LIN,2024-05-17,0.006116855889558792,0.006564387
LKQ,2024-05-17,0.014702832326292992,0.0117086405
LLY,2024-05-17,-0.005144315306097269,-0.0014534411
LMT,2024-05-17,0.004333603195846081,0.0029429873
LNT,2024-05-17,-0.004282752051949501,0.0
LOW,2024-05-17,-0.013838131912052631,-0.0049635554
LRCX,2024-05-17,-0.02095912955701351,-0.033231214
LULU,2024-05-17,-0.013971902430057526,-0.009892335
LUV,2024-05-17,-0.007129184901714325,-0.0042979294
LVS,2024-05-17,0.010492485947906971,0.008755876
LW,2024-05-17,-0.007208588067442179,-0.002187374
LYB,2024-05-17,0.010777806863188744,0.0096588
LYV,2024-05-17,-0.0005366228870116174,0.0021765335
MA,2024-05-17,0.0008509611943736672,0.0030462693
MAA,2024-05-17,0.004119075834751129,0.0064092395
MAR,2024-05-17,-0.013210772536695004,-0.0051605855
MAS,2024-05-17,-0.0002373190363869071,-0.0025621012
MCD,2024-05-17,-0.008366133086383343,-0.004139911
MCHP,2024-05-17,0.0012443972518667579,0.0009546487
MCK,2024-05-17,0.008699710480868816,0.01563812
MCO,2024-05-17,-0.0027770637534558773,0.0046008592
MDLZ,2024-05-17,-0.016218213364481926,-0.009639923
MDT,2024-05-17,0.007577064447104931,0.0032640893
MET,2024-05-17,0.007245407905429602,0.010156147
META,2024-05-17,-0.004035007208585739,-0.0027932087
MGM,2024-05-17,-0.01905527152121067,-0.014996806
MHK,2024-05-17,-0.009896582923829556,-0.0042283144
MKC,2024-05-17,-0.016412299126386642,-0.006330373
MKTX,2024-05-17,-0.0035608636680990458,-0.008763891
MLM,2024-05-17,-0.008400261402130127,-0.0016173068
MMC,2024-05-17,0.0023599418345838785,0.0039608404
MMM,2024-05-17,0.007888023741543293,0.0038073026
MNST,2024-05-17,-0.00176940334495157,0.00036971882
MO,2024-05-17,0.0063172499649226665,0.0028250732
MOH,2024-05-17,0.0034986070822924376,0.0075653926
MOS,2024-05-17,-0.004502162337303162,-0.005213309
MPC,2024-05-17,0.011154246516525745,0.027643835
MPWR,2024-05-17,0.0018394646467640996,0.0026745698
MRK,2024-05-17,0.004829312674701214,0.0023657642
MRNA,2024-05-17,-0.007084793411195278,0.0016567074
MS,2024-05-17,0.0013137342175468802,0.0064062783
MSCI,2024-05-17,0.011312486603856087,0.015594705
MSFT,2024-05-17,-0.004955654498189688,-0.0018545268
MSI,2024-05-17,0.008596474304795265,0.0037864016
MTB,2024-05-17,-0.01137543935328722,0.002082797
MTCH,2024-05-17,-0.011078746058046818,-0.0047946526
MTD,2024-05-17,0.00846127513796091,-0.0051092426
MU,2024-05-17,-0.017587225884199142,-0.020536624
NCLH,2024-05-17,-0.022342097014188766,-0.008849392
NDAQ,2024-05-17,0.0018086463678628206,0.008480522
NDSN,2024-05-17,-0.01015143096446991,0.0040206816
NEE,2024-05-17,-0.012406457215547562,-0.004196711
NEM,2024-05-17,0.012506851926445961,0.020787861
NFLX,2024-05-17,0.0002452285261824727,0.017179323
NI,2024-05-17,0.004168701823800802,0.0027407892
NKE,2024-05-17,0.009711685590445995,0.0044578644
NOC,2024-05-17,-0.0036140745505690575,-0.0009989358
NOW,2024-05-17,0.00742495059967041,0.00924435
NRG,2024-05-17,-0.0031743040308356285,-0.007625586
NSC,2024-05-17,-0.011679734103381634,-0.0046548797
NTAP,2024-05-17,0.00781203992664814,0.0065388074
NTRS,2024-05-17,-0.006118042394518852,-0.0014024064
NUE,2024-05-17,-0.012536861933767796,-0.0075819846
NVDA,2024-05-17,-0.01769956946372986,-0.020122489
NVR,2024-05-17,-0.004132403060793877,-0.0044184355
NWS,2024-05-17,-0.005475031211972237,-0.0014760643
NWSA,2024-05-17,-0.005527632310986519,-0.00038023066
NXPI,2024-05-17,-0.011631465516984463,-0.0070346124
O,2024-05-17,-0.00355346268042922,-0.0010876007
ODFL,2024-05-17,0.007231186144053936,0.0049283053
OKE,2024-05-17,-0.0029557577800005674,0.0047310204
OMC,2024-05-17,-0.011320368386805058,-0.0053947465
ON,2024-05-17,0.0035426849499344826,0.002326042
ORCL,2024-05-17,0.008087310008704662,0.0109091215
ORLY,2024-05-17,0.008151806890964508,0.006025647
OXY,2024-05-17,0.004862991627305746,0.008711328
PANW,2024-05-17,0.0036607906222343445,0.0033720904
PARA,2024-05-17,-0.03413887694478035,-0.050252028
PAYC,2024-05-17,0.002003914210945368,0.006659951
PAYX,2024-05-17,0.0003814233641605824,0.0036676372
PCAR,2024-05-17,-0.0014159599086269736,0.0006606779
PCG,2024-05-17,0.009201151318848133,0.008097026
PEG,2024-05-17,-0.004592754878103733,0.0043021482
PEP,2024-05-17,-0.008633230812847614,-0.0050369957
PFE,2024-05-17,-0.005183541215956211,-0.009728747
PFG,2024-05-17,0.0036434445064514875,0.010034608
PG,2024-05-17,-0.008124946616590023,-0.0013113264
PGR,2024-05-17,0.00939753744751215,0.010618805
PH,2024-05-17,0.009417676366865635,0.010362967
PHM,2024-05-17,0.0010292697697877884,0.003449193
PKG,2024-05-17,-0.0024070509243756533,0.0039942046
PLD,2024-05-17,-0.007326121442019939,0.0063880375
PM,2024-05-17,-0.011001924984157085,-0.008279521
PNC,2024-05-17,-0.005401588976383209,-0.0033619702
PNR,2024-05-17,-0.004576460458338261,0.0042974004
PNW,2024-05-17,0.007757013197988272,0.007935496
PODD,2024-05-17,0.005962335038930178,0.010143286
POOL,2024-05-17,-0.012045055627822876,-0.0063304333
PPG,2024-05-17,-0.012498771771788597,-0.002525889
PPL,2024-05-17,0.00326620414853096,-0.00067566795
PRU,2024-05-17,-0.0029060188680887222,0.011440479
PSA,2024-05-17,-0.00786897074431181,0.005732225
PSX,2024-05-17,0.010443398728966713,0.016312536
PTC,2024-05-17,-0.008913332596421242,5.4238757e-05
PWR,2024-05-17,-0.0036576990969479084,0.0021959222
PYPL,2024-05-17,0.005526083521544933,0.005910706
QCOM,2024-05-17,0.008954211138188839,0.0030481708
RCL,2024-05-17,-0.008493376895785332,-0.0066015227
REG,2024-05-17,0.01117305550724268,0.012725832
REGN,2024-05-17,0.012116112746298313,0.01467412
RF,2024-05-17,0.0029265787452459335,0.003972239
RJF,2024-05-17,0.007904374971985817,0.0065074237
RL,2024-05-17,0.02079610899090767,0.010719282
RMD,2024-05-17,-0.014257720671594143,-0.0063847178
ROK,2024-05-17,-0.010237745940685272,-0.0049917093
ROL,2024-05-17,-0.01882767491042614,-0.020169541
ROP,2024-05-17,0.002807921264320612,0.005718476
ROST,2024-05-17,-0.028046580031514168,-0.015074057
RSG,2024-05-17,0.005374970845878124,0.0024478205
RTX,2024-05-17,-0.010682281106710434,-0.0005757677
RVTY,2024-05-17,0.01095270924270153,0.01618625
SBAC,2024-05-17,-0.029222996905446053,-0.017351044
SBUX,2024-05-17,0.018092459067702293,0.03355663
SCHW,2024-05-17,0.004215100314468145,0.00943731
SHW,2024-05-17,-0.013272283598780632,-0.0051721483
SJM,2024-05-17,-0.008513426408171654,-0.0040712045
SLB,2024-05-17,0.0013323635794222355,0.0035047885
SMCI,2024-05-17,-0.033547189086675644,-0.018421832
SNA,2024-05-17,0.009225615300238132,0.014549852
SNPS,2024-05-17,-0.0038659751880913973,-0.0044718985
SO,2024-05-17,0.010644492693245411,0.011124859
SPG,2024-05-17,0.0007316218689084053,0.00087377965
SPGI,2024-05-17,0.0018184543587267399,0.0087736
SRE,2024-05-17,0.0033102137967944145,0.0064168195
STE,2024-05-17,0.011724260635674,0.008458774
STLD,2024-05-17,-0.007893461734056473,-0.007586909
STT,2024-05-17,-0.007524759043008089,0.0048831105
STX,2024-05-17,-0.019518766552209854,-0.030688908
STZ,2024-05-17,-0.002935832366347313,0.00015662874
SWK,2024-05-17,0.00027835508808493614,0.0036684687
SWKS,2024-05-17,-0.007569315377622843,-0.005007523
SYF,2024-05-17,0.006550953257828951,0.010523626
SYK,2024-05-17,0.0022780557628721,0.0020937412
SYY,2024-05-17,-0.004577331244945526,-0.004337738
T,2024-05-17,0.008325300179421902,0.005763633
TAP,2024-05-17,-0.019230917096138,-0.017203785
TDG,2024-05-17,0.004409680142998695,0.0043673096
TDY,2024-05-17,0.008475523442029953,0.010312711
TECH,2024-05-17,0.008994374424219131,0.0116407825
TEL,2024-05-17,-0.003754064906388521,-0.0005296082
TER,2024-05-17,-0.007171445991843939,0.0031891116
TFC,2024-05-17,-0.006519285496324301,-0.004493213
TGT,2024-05-17,-0.010436146520078182,-0.0032420089
TJX,2024-05-17,0.01165746245533228,0.01375372
TKO,2024-05-17,-0.0027362757828086615,0.006188911
TMO,2024-05-17,0.002030706964433193,-0.00310281
TMUS,2024-05-17,0.0053516351617872715,0.0025643525
TPL,2024-05-17,-0.003402355592697859,0.0027897675
TPR,2024-05-17,-0.007198710925877094,-0.004714763
TRGP,2024-05-17,0.003229491412639618,0.013173042
TRMB,2024-05-17,0.0011781358625739813,-0.0027986479
TROW,2024-05-17,0.008853293024003506,0.006099344
TRV,2024-05-17,0.0032711364328861237,0.002232795
TSCO,2024-05-17,0.02375348098576069,0.033663016
TSLA,2024-05-17,0.01027886662632227,0.014872937
TSN,2024-05-17,-0.027673639357089996,-0.011222707
TT,2024-05-17,0.008133841678500175,0.011999107
TTWO,2024-05-17,0.018076162785291672,0.011975552
TXN,2024-05-17,-0.0049599879421293736,0.0002565055
TXT,2024-05-17,0.014109989628195763,0.019132013
TYL,2024-05-17,-0.0059733581729233265,0.002394782
UAL,2024-05-17,0.0034233180340379477,0.0034624983
UBER,2024-05-17,0.0038610142655670643,-0.005769829
UDR,2024-05-17,0.005218178499490023,0.003039614
UHS,2024-05-17,-0.004914218559861183,-0.0071772356
ULTA,2024-05-17,-0.00814647227525711,-0.0036972312
UNH,2024-05-17,0.006046842783689499,0.00642511
UNP,2024-05-17,-0.007402446586638689,-0.003789126
UPS,2024-05-17,-0.008866626769304276,-0.0028104228
URI,2024-05-17,0.002532629994675517,0.0068034567
USB,2024-05-17,-0.01447301171720028,-0.005295994
V,2024-05-17,0.0026702156756073236,0.0009288046
VICI,2024-05-17,0.004070361610502005,0.003297002
VLO,2024-05-17,0.028911666944622993,0.046560794
VMC,2024-05-17,-0.007416673470288515,-0.0034674709
VRSK,2024-05-17,0.009801661595702171,0.0005564333
VRSN,2024-05-17,-0.004080308601260185,-0.0012291466
VRTX,2024-05-17,0.013428102247416973,0.01031743
VST,2024-05-17,0.00951702706515789,0.010041453
VTR,2024-05-17,-0.0020983910653740168,0.0040976154
VTRS,2024-05-17,-0.008257600478827953,-0.0036363315
VZ,2024-05-17,-0.007186346687376499,-0.0047315904
WAB,2024-05-17,0.011453229002654552,0.009910929
WAT,2024-05-17,-0.008146727457642555,-0.012728751
WBA,2024-05-17,-0.006766080856323242,-0.008762087
WBD,2024-05-17,-0.015422469936311245,-0.022110265
WDAY,2024-05-17,0.007107943296432495,0.0052865925
WDC,2024-05-17,-0.028313225135207176,-0.027354702
WEC,2024-05-17,-0.004944142885506153,-0.000117010764
WELL,2024-05-17,-0.005751205608248711,0.0033624673
WFC,2024-05-17,-0.010583149269223213,0.0003275335
WM,2024-05-17,-0.01694403402507305,-0.00832844
WMB,2024-05-17,0.009481879882514477,0.0077837575
WMT,2024-05-17,0.008988548070192337,0.009948459
WRB,2024-05-17,0.010136443190276623,0.009119508
WSM,2024-05-17,-0.013334675692021847,-0.011436145
WST,2024-05-17,0.002911024959757924,0.0043114065
WTW,2024-05-17,0.0019314007367938757,0.0039705765
WY,2024-05-17,0.0038802698254585266,0.0019267083
WYNN,2024-05-17,-0.0017856968333944678,-0.00072290783
XEL,2024-05-17,-0.012377210892736912,-0.0059260637
XOM,2024-05-17,0.012007598765194416,0.01490382
XYL,2024-05-17,0.0034438162110745907,0.004475547
YUM,2024-05-17,-0.007567826192826033,0.0
ZBH,2024-05-17,-0.017264116555452347,-0.008698837
ZBRA,2024-05-17,-0.012208789587020874,-0.0061777937
ZTS,2024-05-17,-0.003445512382313609,0.0020128456
A,2024-05-20,-0.000293994351522997,0.0026549525
AAPL,2024-05-20,0.004993659909814596,0.0061431807
ABBV,2024-05-20,-0.006907944101840258,-0.01123892
ABT,2024-05-20,-0.012252990156412125,-0.008489939
ACGL,2024-05-20,-0.010299825109541416,-0.008152606
ACN,2024-05-20,0.004294329322874546,0.0069261068
ADBE,2024-05-20,-0.0009607910760678351,0.0026029954
ADI,2024-05-20,0.00805717147886753,0.015755912
ADM,2024-05-20,-0.00953808706253767,-0.012245393
ADP,2024-05-20,-0.002309547271579504,-0.0021821174
ADSK,2024-05-20,0.002835627878084779,0.00085853407
AEE,2024-05-20,-0.009511183947324753,-0.004559373
AEP,2024-05-20,-0.0028209707234054804,-0.000863746
AES,2024-05-20,0.0031046755611896515,0.0
AFL,2024-05-20,-0.005282439291477203,-0.007724445
AIG,2024-05-20,-0.02005060948431492,-0.021964401
AIZ,2024-05-20,-0.019268883392214775,-0.01960765
AJG,2024-05-20,-0.0070607783272862434,-0.0049799685
AKAM,2024-05-20,-0.0033953506499528885,-0.003261264
ALB,2024-05-20,-0.0108970757573843,-0.0074251336
ALGN,2024-05-20,-0.007782754022628069,-0.015065769
ALL,2024-05-20,-0.01414559967815876,-0.009781288
ALLE,2024-05-20,-0.011510415934026241,-0.009609354
AMAT,2024-05-20,0.0175978671759367,0.03642059
AMCR,2024-05-20,-0.01063001062721014,-0.019663855
AMD,2024-05-20,0.007193119265139103,0.011245085
AME,2024-05-20,0.006945839151740074,0.0107331965
AMGN,2024-05-20,0.0053334832191467285,0.0066027557
AMP,2024-05-20,0.0020225432235747576,-0.0023523157
AMT,2024-05-20,-0.002472175285220146,-0.014238096
AMZN,2024-05-20,-0.005322933662682772,-0.0063002035
ANET,2024-05-20,0.003701383713632822,-0.0015642341
ANSS,2024-05-20,0.005206999368965626,0.0026817028
AON,2024-05-20,0.0025709772016853094,0.0017422731
AOS,2024-05-20,0.0024708937853574753,0.0015160257
APA,2024-05-20,0.004952630493789911,0.0006474543
APD,2024-05-20,0.0070192343555390835,0.013271727
APH,2024-05-20,0.003083606483414769,0.010931995
APO,2024-05-20,-0.0003317713853903115,-0.0011503153
APTV,2024-05-20,-0.0031554168090224266,-0.0020725105
ARE,2024-05-20,0.0012325564166530967,-0.0037114695
ATO,2024-05-20,-0.004174361936748028,-0.003038957
AVB,2024-05-20,-0.009447233751416206,-0.007468968
AVGO,2024-05-20,0.006332198157906532,0.013340766
AVY,2024-05-20,-0.0008563026203773916,-0.001105263
AWK,2024-05-20,-0.0025530324783176184,-0.0014213874
AXON,2024-05-20,0.004473413340747356,0.0111562135
AXP,2024-05-20,0.002786450320854783,-0.0021437686
AZO,2024-05-20,0.004812805913388729,0.002239099
BA,2024-05-20,0.005282315891236067,0.00893511
BAC,2024-05-20,-0.009663526900112629,-0.012033897
BALL,2024-05-20,-0.0013542539672926068,-0.0002852489
BAX,2024-05-20,-0.006048247218132019,-0.0065459674
BBY,2024-05-20,0.0056323460303246975,0.007605615
BDX,2024-05-20,0.005907514598220587,0.0035063329
BEN,2024-05-20,-0.008029433898627758,-0.014101373
BG,2024-05-20,-0.00406047934666276,-0.00788807
BK,2024-05-20,-0.011154788546264172,-0.009286388
BKNG,2024-05-20,0.009255931712687016,0.016120462
BKR,2024-05-20,-0.010487407445907593,-0.010514963
BLDR,2024-05-20,0.006111531984061003,0.012964817
BLK,2024-05-20,-0.006509141530841589,-0.008692705
BMY,2024-05-20,-0.013505438342690468,-0.01533265
BR,2024-05-20,-0.017201373353600502,-0.015350198
BRO,2024-05-20,-0.0037040102761238813,0.00033396867
BSX,2024-05-20,0.010016568005084991,0.009465766
BX,2024-05-20,0.0015261615626513958,0.0
BXP,2024-05-20,-0.016439709812402725,-0.017556537
C,2024-05-20,-0.013438786379992962,-0.014304046
CAG,2024-05-20,-0.0016735721146687865,-0.00065115414
CAH,2024-05-20,-0.006005493924021721,-0.006277172
CAT,2024-05-20,0.006854240316897631,0.01802321
CB,2024-05-20,-0.030834753066301346,-0.03765237
CBOE,2024-05-20,-0.005535322241485119,-0.004423644
CBRE,2024-05-20,-0.004495119210332632,-0.011902956
CCL,2024-05-20,0.06281398981809616,0.07003291
CDNS,2024-05-20,0.005370575934648514,0.012592371
CDW,2024-05-20,0.017941178753972054,0.020357354
CF,2024-05-20,0.021591268479824066,0.030229518
CFG,2024-05-20,-0.01577182300388813,-0.018192561
CHD,2024-05-20,-0.0008525610319338739,0.0011273222
CHRW,2024-05-20,0.003199747996404767,0.004980972
CHTR,2024-05-20,0.0032202841248363256,0.006643965
CI,2024-05-20,-0.01384407002478838,-0.01589005
CINF,2024-05-20,-0.0174966212362051,-0.01772908
CL,2024-05-20,0.0032946825958788395,0.0027583835
CLX,2024-05-20,-0.006464170292019844,-0.0058420077
CMCSA,2024-05-20,-0.0004141208773944527,-0.0015289533
CME,2024-05-20,-0.006356315687298775,-0.008811992
CMG,2024-05-20,-0.013560148887336254,-0.011593011
CMI,2024-05-20,0.0015760574024170637,-0.0025246341
CMS,2024-05-20,-0.008536010980606079,-0.007778323
CNC,2024-05-20,-0.005282671190798283,-0.0062969048
CNP,2024-05-20,-0.00029966377769596875,-0.0029964503
COF,2024-05-20,-0.013311224058270454,-0.008426707
COO,2024-05-20,-0.0003603932273108512,-0.0010281717
COP,2024-05-20,-0.009883937425911427,-0.0067599267
COR,2024-05-20,-0.011624999344348907,-0.005055087
COST,2024-05-20,0.002776636276394129,-0.0035372132
CPAY,2024-05-20,0.005020306445658207,-0.0021128873
CPB,2024-05-20,0.0023802523501217365,-0.001723401
CPRT,2024-05-20,0.005011464469134808,0.0076767104
CPT,2024-05-20,-0.009631340391933918,-0.008770505
CRL,2024-05-20,0.004399825353175402,0.0065216348
CRM,2024-05-20,0.0018876225221902132,0.0050988668
CRWD,2024-05-20,0.005416997242718935,0.008118781
CSCO,2024-05-20,-0.024753304198384285,-0.021823186
CSGP,2024-05-20,-0.004958848934620619,0.0002284981
CSX,2024-05-20,-0.007135543506592512,-0.003286918
CTAS,2024-05-20,0.006522541865706444,0.007656719
CTRA,2024-05-20,0.008780375123023987,0.008477567
CTSH,2024-05-20,0.008874469436705112,0.011854238
CTVA,2024-05-20,0.0009207603288814425,0.0051241284
CVS,2024-05-20,0.0014450991293415427,-0.004866224
CVX,2024-05-20,-0.011239801533520222,-0.009449784
CZR,2024-05-20,-0.01636815257370472,-0.01646217
D,2024-05-20,0.0020154365338385105,0.00521995
DAL,2024-05-20,0.004613593686372042,0.00548768
DAY,2024-05-20,-0.015380156226456165,-0.016396323
DD,2024-05-20,0.005129730328917503,-0.00050068507
DE,2024-05-20,-0.009985525161027908,-0.014051271
DECK,2024-05-20,0.014801833778619766,0.015952865
DELL,2024-05-20,-0.00665623415261507,-0.027590703
DFS,2024-05-20,-0.004284978378564119,-0.0064791366
DG,2024-05-20,-0.01656409725546837,-0.030711565
DGX,2024-05-20,0.0028961116913706064,-0.0011783619
DHI,2024-05-20,-0.0033785237465053797,-0.011350789
DHR,2024-05-20,-0.002885767025873065,0.0049165622
DIS,2024-05-20,0.002092750510200858,-0.0033956405
DLR,2024-05-20,-0.003045273944735527,-0.0033428925
DLTR,2024-05-20,-0.02001798525452614,-0.033181172
DOC,2024-05-20,-0.0009806350572034717,-0.0050402903
DOV,2024-05-20,0.003851511050015688,0.0053633098
DOW,2024-05-20,-0.003966191783547401,0.00084447936
DPZ,2024-05-20,0.006162687670439482,0.0059274146
DRI,2024-05-20,-0.011108476668596268,-0.013203097
DTE,2024-05-20,-0.000917371828109026,-0.0021463372
DUK,2024-05-20,-0.004864980932325125,-0.0022163459
DVA,2024-05-20,0.004586813040077686,0.007907113
DVN,2024-05-20,0.005485094618052244,0.008028917
DXCM,2024-05-20,0.00044904820970259607,-0.005113496
EA,2024-05-20,0.004727985244244337,0.0042960946
EBAY,2024-05-20,-0.003308922750875354,-0.0046727243
ECL,2024-05-20,0.004860925022512674,0.0043984056
ED,2024-05-20,-0.006814169231802225,-0.0060946764
EFX,2024-05-20,0.006326512899249792,0.011749165
EG,2024-05-20,-0.012946117669343948,-0.007972056
EIX,2024-05-20,-0.005348021164536476,-0.0026247287
EL,2024-05-20,-0.014411638490855694,-0.02714911
ELV,2024-05-20,-0.010282848961651325,-0.011180821
EMN,2024-05-20,0.0023953556083142757,0.0022886968
EMR,2024-05-20,0.0055396598763763905,0.007237991
ENPH,2024-05-20,-0.010757272131741047,-0.0076392186
EOG,2024-05-20,-0.00019762937154155225,-0.00061590556
EPAM,2024-05-20,0.0024790053721517324,0.019507794
EQIX,2024-05-20,-0.0050064511597156525,-0.0057048476
EQR,2024-05-20,-0.011196889914572239,-0.009879996
EQT,2024-05-20,0.013553768396377563,0.0180513
ERIE,2024-05-20,-0.0005273014539852738,0.0012591293
ES,2024-05-20,-0.0015357775846496224,-0.0029570542
ESS,2024-05-20,-0.013433685526251793,-0.010873805
ETN,2024-05-20,0.005069960840046406,0.009073087
ETR,2024-05-20,-0.0029598299879580736,-0.0020367939
EVRG,2024-05-20,-0.00034733358188532293,-0.00036299851
EW,2024-05-20,0.0048638805747032166,0.0071539637
EXC,2024-05-20,-0.0024529059883207083,-0.003115306
EXPD,2024-05-20,0.003306528553366661,0.0043163914
EXPE,2024-05-20,0.0033644726499915123,0.002715348
EXR,2024-05-20,-0.0005749032134190202,-0.010589468
F,2024-05-20,-0.008993436582386494,-0.010642353
FANG,2024-05-20,0.0026370708364993334,0.0008091035
FAST,2024-05-20,0.004194691777229309,0.0036069434
FCX,2024-05-20,0.009885711595416069,0.011549709
FDS,2024-05-20,0.00473537715151906,0.007987884
FDX,2024-05-20,-0.012788011692464352,-0.00992243
FE,2024-05-20,-0.0004513643798418343,0.0004993622
FFIV,2024-05-20,0.0027399035170674324,0.0006889114
FI,2024-05-20,-0.012325206771492958,-0.009011574
FICO,2024-05-20,0.005812815390527248,0.024443224
FIS,2024-05-20,-0.005548825487494469,-0.008200859
FITB,2024-05-20,-0.015299016609787941,-0.020962117
FOX,2024-05-20,0.003761210711672902,0.0016363561
FOXA,2024-05-20,0.003138308646157384,0.0042528883
FRT,2024-05-20,-0.01694416254758835,-0.01298271
FSLR,2024-05-20,-0.0005845965351909399,-0.0063462686
FTNT,2024-05-20,0.005355249159038067,0.014703951
FTV,2024-05-20,0.002017113147303462,-0.00025919458
GD,2024-05-20,0.004336807876825333,0.004038372
GDDY,2024-05-20,-0.0006087623769417405,0.016515825
GE,2024-05-20,-0.004902488552033901,-0.0038223322
GEN,2024-05-20,0.0015592670533806086,-0.022623414
GILD,2024-05-20,0.005325497593730688,0.002654477
GIS,2024-05-20,0.0032481143716722727,0.0026635127
GL,2024-05-20,-0.011115346103906631,-0.00069737894
GLW,2024-05-20,0.005569872912019491,0.0047974586
GM,2024-05-20,-0.018829666078090668,-0.014305254
GNRC,2024-05-20,0.024801617488265038,0.04356184
GOOG,2024-05-20,0.004658903926610947,0.006577769
GOOGL,2024-05-20,0.00321981986053288,0.004872671
GPC,2024-05-20,-0.011519137769937515,-0.006298764
GPN,2024-05-20,-0.02098856121301651,-0.016439332
GRMN,2024-05-20,-0.004772981628775597,-0.0043972423
GS,2024-05-20,-0.007086341269314289,-0.010272032
GWW,2024-05-20,0.005220024846494198,0.0081512965
HAL,2024-05-20,0.002179943723604083,0.0015817273
HAS,2024-05-20,0.020928114652633667,0.031904235
HBAN,2024-05-20,-0.015747718513011932,-0.014173601
HCA,2024-05-20,0.0031380641739815474,0.0067602415
HD,2024-05-20,-0.017973974347114563,-0.01873651
HES,2024-05-20,-0.017063232138752937,-0.014524353
HIG,2024-05-20,-0.007560062222182751,-0.010620789
HII,2024-05-20,0.0019410058157518506,-3.916102e-05
HLT,2024-05-20,0.003984241280704737,0.0067356136
HOLX,2024-05-20,-0.005385676398873329,-0.0022686168
HON,2024-05-20,-0.004035649821162224,-0.0065759043
HPE,2024-05-20,-0.005966955795884132,-0.0033651993
HPQ,2024-05-20,0.00765362661331892,0.019994749
HRL,2024-05-20,0.020273080095648766,0.012588487
HSIC,2024-05-20,-0.01810130476951599,-0.015262096
HST,2024-05-20,0.0005581293953582644,-0.002174113
HSY,2024-05-20,0.005964255426079035,0.0050586606
HUBB,2024-05-20,0.00593463284894824,0.012725596
HUM,2024-05-20,0.00023014674661681056,-0.0027550159
HWM,2024-05-20,0.006372498814016581,0.013533037
IBM,2024-05-20,0.00612806249409914,0.0052514933
ICE,2024-05-20,-0.005261415150016546,-0.010531707
IDXX,2024-05-20,-0.011202243156731129,-0.024923462
IEX,2024-05-20,-0.014516647905111313,-0.011489737
IFF,2024-05-20,-0.00536334328353405,-0.008765154
INCY,2024-05-20,-0.0023444052785634995,0.0015749431
INTC,2024-05-20,0.005126657895743847,0.008446599
INTU,2024-05-20,0.005916620139032602,0.013474712
INVH,2024-05-20,0.00012774343485943973,-0.0005643171
IP,2024-05-20,0.004799532238394022,0.013199037
IPG,2024-05-20,0.005130911245942116,0.006273376
IQV,2024-05-20,-0.004660560749471188,-0.004726021
IR,2024-05-20,0.00937569234520197,0.01595263
IRM,2024-05-20,0.005021283868700266,0.0037830763
ISRG,2024-05-20,0.005270509980618954,0.0030292743
IT,2024-05-20,0.005303412675857544,0.013324418
ITW,2024-05-20,0.0014565951423719525,-3.993591e-05
IVZ,2024-05-20,0.003907879814505577,0.0012492472
J,2024-05-20,0.0012988189700990915,0.0032927245
JBHT,2024-05-20,0.0008184703183360398,-0.0042566867
JBL,2024-05-20,0.03799319267272949,0.050723698
JCI,2024-05-20,0.022472640499472618,0.02291317
JKHY,2024-05-20,0.0008818440837785602,0.002718439
JNJ,2024-05-20,-0.013645811937749386,-0.0139815295
JNPR,2024-05-20,0.002366369590163231,0.0
JPM,2024-05-20,-0.04730699211359024,-0.045983046
K,2024-05-20,0.004251193255186081,0.008411494
KDP,2024-05-20,-0.004332434851676226,-0.0020761539
KEY,2024-05-20,-0.009984442964196205,-0.011099884
KEYS,2024-05-20,0.013093298301100731,0.015454009
KHC,2024-05-20,-0.006960793863981962,-0.0061299377
KIM,2024-05-20,-0.015277390368282795,-0.016258951
KKR,2024-05-20,0.00033373053884133697,0.0022909564
KLAC,2024-05-20,0.012956203892827034,0.03303327
KMB,2024-05-20,-0.01173540111631155,-0.0050016525
KMI,2024-05-20,-0.003443032968789339,0.0070812916
KMX,2024-05-20,0.002015484729781747,-0.0034390015
KO,2024-05-20,-0.01044797245413065,-0.0073248027
KR,2024-05-20,-0.007751001976430416,-0.0057360786
L,2024-05-20,-0.022137565538287163,-0.020924397
LDOS,2024-05-20,0.0034125817473977804,0.005165755
LEN,2024-05-20,-0.00827748142182827,-0.013411451
LH,2024-05-20,-0.016577329486608505,-0.018013999
LHX,2024-05-20,-0.0012078495929017663,0.0002237308
LII,2024-05-20,0.0012178554898127913,0.002161665
LIN,2024-05-20,0.0026105809956789017,0.00020799857
LKQ,2024-05-20,0.004935248754918575,0.0020126076
LLY,2024-05-20,0.008517086505889893,0.016970431
LMT,2024-05-20,0.006463840138167143,0.0018856595
LNT,2024-05-20,-0.0012061882298439741,-0.003662713
LOW,2024-05-20,-0.01338194590061903,-0.008429532
LRCX,2024-05-20,0.012837521731853485,0.03231974
LULU,2024-05-20,-0.025538310408592224,-0.023802549
LUV,2024-05-20,0.010721295140683651,0.012129469
LVS,2024-05-20,-0.005334543529897928,-0.0044751912
LW,2024-05-20,0.0021305514965206385,-0.00115312
LYB,2024-05-20,-0.013011563569307327,-0.0080592325
LYV,2024-05-20,0.030859798192977905,0.02897054
MA,2024-05-20,0.00037779207923449576,-0.0013260681
MAA,2024-05-20,-0.0047661662101745605,-0.0064091915
MAR,2024-05-20,0.006482854951173067,0.010877052
MAS,2024-05-20,-0.0105643505230546,-0.0090198135
MCD,2024-05-20,-0.01444617286324501,-0.016695056
MCHP,2024-05-20,0.016827626153826714,0.022325395
MCK,2024-05-20,0.0003572160785552114,-0.0009214948
MCO,2024-05-20,-0.0017450894229114056,-0.0032667655
MDLZ,2024-05-20,-0.016083335503935814,-0.013568439
MDT,2024-05-20,-0.007555629126727581,-0.016545163
MET,2024-05-20,-0.01589317061007023,-0.01808031
META,2024-05-20,-0.001889639999717474,-0.0065267095
MGM,2024-05-20,0.01056651957333088,0.008010589
MHK,2024-05-20,-0.009547962807118893,-0.012035708
MKC,2024-05-20,-0.001429177587851882,0.003506808
MKTX,2024-05-20,-8.912467455957085e-05,0.0046466608
MLM,2024-05-20,-0.0009392916690558195,0.0040382533
MMC,2024-05-20,-0.007673598360270262,-0.0038652325
MMM,2024-05-20,0.004263472743332386,-0.00047510222
MNST,2024-05-20,-0.01218328531831503,-0.009842799
MO,2024-05-20,-0.0032530934549868107,-0.0039137597
MOH,2024-05-20,-0.005687816068530083,-0.010933031
MOS,2024-05-20,0.00539356516674161,0.0055383006
MPC,2024-05-20,-0.015673793852329254,-0.020180607
MPWR,2024-05-20,0.009918860159814358,0.034755662
MRK,2024-05-20,-0.0004995164927095175,-0.0015257298
MRNA,2024-05-20,0.023214656859636307,0.05916469
MS,2024-05-20,-0.005431459750980139,0.0010970767
MSCI,2024-05-20,0.007521140854805708,0.013619929
MSFT,2024-05-20,0.009998345747590065,0.012133709
MSI,2024-05-20,-0.004907175898551941,0.0017113322
MTB,2024-05-20,-0.008113766089081764,-0.009998156
MTCH,2024-05-20,-0.023176446557044983,-0.026947537
MTD,2024-05-20,0.00492119463160634,-0.0029332018
MU,2024-05-20,0.0028875190764665604,0.02917312
NCLH,2024-05-20,0.09735026210546494,0.0727088
NDAQ,2024-05-20,-3.2537514925934374e-05,-0.004951636
NDSN,2024-05-20,-0.013400888070464134,-0.009492141
NEE,2024-05-20,-0.0019872563425451517,-0.002895482
NEM,2024-05-20,0.0032275482080876827,0.015875567
NFLX,2024-05-20,0.01604641228914261,0.03124641
NI,2024-05-20,-0.004833768121898174,-0.0037703393
NKE,2024-05-20,-0.0039207106456160545,-0.004457889
NOC,2024-05-20,-0.0031933162827044725,-0.0027258492
NOW,2024-05-20,0.0018134828424081206,0.0118627185
NRG,2024-05-20,-0.000278312450973317,-0.0100132665
NSC,2024-05-20,-0.0057051400654017925,-0.0049372003
NTAP,2024-05-20,0.011305621825158596,0.016250392
NTRS,2024-05-20,-0.013541433028876781,-0.0123545965
NUE,2024-05-20,-0.0038540433160960674,-0.0069376207
NVDA,2024-05-20,0.011225398629903793,0.024572032
NVR,2024-05-20,0.002703036181628704,0.001141611
NWS,2024-05-20,-0.0013688976177945733,0.0055238376
NWSA,2024-05-20,0.0013048115652054548,0.004932576
NXPI,2024-05-20,0.007284827064722776,0.021612618
O,2024-05-20,-0.005443579517304897,-0.0027246538
ODFL,2024-05-20,-0.02044084295630455,-0.02264645
OKE,2024-05-20,0.0001722021261230111,0.00096774916
OMC,2024-05-20,-0.000866580056026578,0.0008318538
ON,2024-05-20,0.007216441910713911,0.015055162
ORCL,2024-05-20,0.006128071807324886,0.008224835
ORLY,2024-05-20,-0.020016204565763474,-0.016667245
OXY,2024-05-20,0.0010562384268268943,0.0025201195
PANW,2024-05-20,0.01803871989250183,0.018451722
PARA,2024-05-20,-0.00032330036628991365,0.0
PAYC,2024-05-20,-0.002418085001409054,-0.010976776
PAYX,2024-05-20,0.0024306096602231264,-0.00063695916
PCAR,2024-05-20,0.0018763162661343813,-0.005486796
PCG,2024-05-20,-0.0002845468989107758,0.0026844374
PEG,2024-05-20,-0.0035549933090806007,-0.0030903737
PEP,2024-05-20,-0.011318204924464226,-0.0103721125
PFE,2024-05-20,0.0015543181216344237,-0.00384812
PFG,2024-05-20,-0.013382770121097565,-0.018851623
PG,2024-05-20,0.0007678946712985635,-0.0019705598
PGR,2024-05-20,-0.012364043854176998,-0.0107637355
PH,2024-05-20,0.005296786781400442,0.00528766
PHM,2024-05-20,-0.0010153517359867692,0.0010911227
PKG,2024-05-20,-0.0039921896532177925,-0.008609863
PLD,2024-05-20,0.0061102574691176414,0.0049205953
PM,2024-05-20,0.0008730193949304521,-0.002407103
PNC,2024-05-20,-0.02851804718375206,-0.02021915
PNR,2024-05-20,0.00349680264480412,0.0078309495
PNW,2024-05-20,-0.004413476213812828,-0.0054969243
PODD,2024-05-20,-0.0056646824814379215,-0.016853513
POOL,2024-05-20,-0.00024354377819690853,0.0037812951
PPG,2024-05-20,-0.0037163295783102512,-0.004996082
PPL,2024-05-20,-0.004404200706630945,0.0006756882
PRU,2024-05-20,-0.015968725085258484,-0.01943358
PSA,2024-05-20,0.004890440031886101,-0.0096418485
PSX,2024-05-20,-0.013443619944155216,-0.018248934
PTC,2024-05-20,0.0028748605400323868,-0.0011949517
PWR,2024-05-20,0.005379745736718178,0.012253692
PYPL,2024-05-20,-0.00015908159548416734,0.0044872956
QCOM,2024-05-20,0.006930064409971237,0.019915204
RCL,2024-05-20,0.022283827885985374,0.03989845
REG,2024-05-20,-0.019953781738877296,-0.015556869
REGN,2024-05-20,0.005044826306402683,0.005057
RF,2024-05-20,-0.01907098852097988,-0.014976663
RJF,2024-05-20,-0.01140499021857977,-0.010256196
RL,2024-05-20,-0.01498482283204794,-0.005614996
RMD,2024-05-20,0.002991126151755452,0.00077741896
ROK,2024-05-20,0.004235919564962387,0.005397456
ROL,2024-05-20,0.004948106594383717,0.0142050395
ROP,2024-05-20,0.006152478512376547,0.008233347
ROST,2024-05-20,-0.00711761973798275,-0.0061395927
RSG,2024-05-20,-0.015011048875749111,-0.011653003
RTX,2024-05-20,0.005200420506298542,0.008030455
RVTY,2024-05-20,0.009112893603742123,0.016106859
SBAC,2024-05-20,-0.007356920745223761,-0.0048769442
SBUX,2024-05-20,-0.001773744123056531,-0.003989816
SCHW,2024-05-20,0.00619089649990201,-0.001524297
SHW,2024-05-20,-0.006080320570617914,-0.009584622
SJM,2024-05-20,-0.005450150463730097,-0.007842355
SLB,2024-05-20,-0.006218614988029003,-0.0074364226
SMCI,2024-05-20,0.012099743820726871,0.017913185
SNA,2024-05-20,0.0019429483218118548,0.0012894889
SNPS,2024-05-20,0.006169167347252369,0.013407447
SO,2024-05-20,-0.0012610492995008826,-0.0044099945
SPG,2024-05-20,-0.012704205699265003,-0.016396627
SPGI,2024-05-20,-0.004756373818963766,-0.009412963
SRE,2024-05-20,-0.002948637120425701,-0.0010241742
STE,2024-05-20,0.003099463414400816,0.00025781646
STLD,2024-05-20,-0.005899020936340094,-0.0063667223
STT,2024-05-20,-0.011260299943387508,-0.011084999
STX,2024-05-20,0.0003072578110732138,0.01603403
STZ,2024-05-20,-0.014803970232605934,-0.019247577
SWK,2024-05-20,-0.005959876347333193,-0.0062333294
SWKS,2024-05-20,0.009240441024303436,0.011871906
SYF,2024-05-20,0.0034195417538285255,0.0052206614
SYK,2024-05-20,-0.009804079309105873,-0.014899479
SYY,2024-05-20,-0.007892590016126633,-0.011260256
T,2024-05-20,0.00040712906047701836,0.006872834
TAP,2024-05-20,-0.017911788076162338,-0.022561688
TDG,2024-05-20,0.006930740550160408,0.015977731
TDY,2024-05-20,0.00267086923122406,0.0027518452
TECH,2024-05-20,0.0018369411118328571,-0.015752625
TEL,2024-05-20,0.006026497110724449,0.004492992
TER,2024-05-20,0.023444416001439095,0.05595767
TFC,2024-05-20,-0.01737077720463276,-0.023794312
TGT,2024-05-20,-0.01828370802104473,-0.021585738
TJX,2024-05-20,-0.022414065897464752,-0.025238272
TKO,2024-05-20,0.01887137070298195,0.021129398
TMO,2024-05-20,-0.0023821524810045958,-0.002169394
TMUS,2024-05-20,-0.0013598902150988579,-0.0006100011
TPL,2024-05-20,0.0056871455162763596,0.01121114
TPR,2024-05-20,0.0019103570375591516,0.0033028238
TRGP,2024-05-20,-0.0034362217411398888,-0.0010202362
TRMB,2024-05-20,0.005492695607244968,0.004020563
TROW,2024-05-20,-0.00470568984746933,0.0031639196
TRV,2024-05-20,-0.01957603543996811,-0.018881436
TSCO,2024-05-20,-0.005438996013253927,-0.0057221116
TSLA,2024-05-20,-0.009435707703232765,-0.0142440805
TSN,2024-05-20,0.005651309620589018,0.0061223293
TT,2024-05-20,-0.0008750878623686731,0.0068833707
TTWO,2024-05-20,0.0056810518726706505,0.020483911
TXN,2024-05-20,-0.004263022448867559,0.021203943
TXT,2024-05-20,-0.0019375522388145328,-0.0016835771
TYL,2024-05-20,0.002689099172130227,0.009724555
UAL,2024-05-20,-0.008903510868549347,-0.0063874167
UBER,2024-05-20,-0.011875735595822334,-0.015652746
UDR,2024-05-20,-0.005283806473016739,-0.0038009724
UHS,2024-05-20,0.01019442081451416,0.020659944
ULTA,2024-05-20,-0.04244847595691681,-0.03321983
UNH,2024-05-20,-0.01525087933987379,-0.014204669
UNP,2024-05-20,-0.006364405620843172,-0.005485058
UPS,2024-05-20,-0.01358377281576395,-0.011117119
URI,2024-05-20,0.009805569425225258,0.022118201
USB,2024-05-20,-0.014775781892240047,-0.013118981
V,2024-05-20,-0.005755429156124592,-0.005585147
VICI,2024-05-20,-0.002984424587339163,-0.0052803555
VLO,2024-05-20,-0.009706372395157814,-0.013824176
VMC,2024-05-20,0.0025075580924749374,0.004274848
VRSK,2024-05-20,0.003053761553019285,0.0031348052
VRSN,2024-05-20,0.013517496176064014,0.010891673
VRTX,2024-05-20,-0.0025419145822525024,0.0014813879
VST,2024-05-20,-0.008037866093218327,-0.027690198
VTR,2024-05-20,-0.0014755320735275745,-0.0036871207
VTRS,2024-05-20,0.0017153717344626784,0.008163001
VZ,2024-05-20,0.002210297854617238,0.0014966239
WAB,2024-05-20,0.007521288003772497,0.013746783
WAT,2024-05-20,0.003291261149570346,-0.005436875
WBA,2024-05-20,3.800383274210617e-05,-0.0061538653
WBD,2024-05-20,0.004786455072462559,0.004956537
WDAY,2024-05-20,0.0047849370166659355,0.0060684206
WDC,2024-05-20,0.009257195517420769,0.0130894035
WEC,2024-05-20,-0.008883669972419739,-0.009518434
WELL,2024-05-20,-0.0034288140013813972,-0.0044526206
WFC,2024-05-20,-0.000757757865358144,-0.006240766
WM,2024-05-20,-0.013707037083804607,-0.009405202
WMB,2024-05-20,0.005299231968820095,0.0041109114
WMT,2024-05-20,-0.0017944462597370148,-0.0072964043
WRB,2024-05-20,-0.01117047667503357,-0.008102073
WSM,2024-05-20,0.014001449570059776,0.022613853
WST,2024-05-20,-0.02162662148475647,-0.036871683
WTW,2024-05-20,-0.013332249596714973,-0.016845029
WY,2024-05-20,-0.013820651918649673,-0.0083761
WYNN,2024-05-20,0.01170223020017147,0.008948105
XEL,2024-05-20,0.0068564568646252155,0.009857345
XOM,2024-05-20,-0.004137333948165178,-0.008140468
XYL,2024-05-20,0.014489538967609406,0.016948638
YUM,2024-05-20,-0.007677579298615456,-0.014146341
ZBH,2024-05-20,-0.010197010822594166,-0.009446595
ZBRA,2024-05-20,0.005030087195336819,0.007115261
ZTS,2024-05-20,0.0018839876865968108,0.0018941073
A,2024-05-21,-0.0018812172347679734,-0.006292287
AAPL,2024-05-21,0.0008682932239025831,0.0068337657
ABBV,2024-05-21,-0.011975743807852268,-0.009954454
ABT,2024-05-21,-0.008371930569410324,-0.0024252667
ACGL,2024-05-21,0.01159029919654131,0.0146657815
ACN,2024-05-21,-0.0037555985618382692,-0.006761367
ADBE,2024-05-21,-0.004201288800686598,-0.0058766007
ADI,2024-05-21,-0.004597895313054323,-0.0038698998
ADM,2024-05-21,0.007466593291610479,0.006549821
ADP,2024-05-21,0.0008246480138041079,0.0014288932
ADSK,2024-05-21,-0.003421411383897066,-0.0050715012
AEE,2024-05-21,0.0069313314743340015,0.0021482233
AEP,2024-05-21,0.0009447284392081201,0.00032395837
AES,2024-05-21,-0.002597600454464555,-0.011341807
AFL,2024-05-21,0.005885609425604343,0.0045770085
AIG,2024-05-21,-0.004873005207628012,-0.0013970941
AIZ,2024-05-21,-0.008164874278008938,-0.004715002
AJG,2024-05-21,0.007889941334724426,0.0056394166
AKAM,2024-05-21,-0.0004017867904622108,-0.004223885
ALB,2024-05-21,-0.02086874097585678,-0.02733236
ALGN,2024-05-21,-0.010123842395842075,-0.012869697
ALL,2024-05-21,0.0011961519485339522,0.001964067
ALLE,2024-05-21,0.002682429738342762,0.0025122715
AMAT,2024-05-21,0.0013235473306849599,-0.0006821096
AMCR,2024-05-21,0.006423244718462229,0.012489968
AMD,2024-05-21,-0.011480217799544334,-0.0100906845
AME,2024-05-21,0.0042708637192845345,0.003138608
AMGN,2024-05-21,-0.0030715165194123983,0.0009851366
AMP,2024-05-21,0.0034670019522309303,0.0022600326
AMT,2024-05-21,0.010087269358336926,0.0122830095
AMZN,2024-05-21,-0.004785812459886074,-0.0021271035
ANET,2024-05-21,-0.00679572019726038,-0.0075426497
ANSS,2024-05-21,-0.011002152226865292,-0.0054929084
AON,2024-05-21,-0.011455859988927841,-0.010223682
AOS,2024-05-21,0.0014409603318199515,-0.0008160222
APA,2024-05-21,-0.006898261606693268,-0.0058422475
APD,2024-05-21,-0.003648966085165739,-0.00583925
APH,2024-05-21,-0.003470927942544222,0.015179952
APO,2024-05-21,0.010805312544107437,0.015373502
APTV,2024-05-21,0.0006297362851910293,0.004505215
ARE,2024-05-21,-0.003706512739881873,-0.0017798857
ATO,2024-05-21,0.00040612308657728136,0.0018582927
AVB,2024-05-21,0.005064385011792183,0.005355128
AVGO,2024-05-21,-0.008343694731593132,-0.01054297
AVY,2024-05-21,0.013237155973911285,0.013576072
AWK,2024-05-21,-0.00031593511812388897,0.005897078
AXON,2024-05-21,-0.010030350647866726,-0.014068737
AXP,2024-05-21,-0.0006776851369068027,0.0032139462
AZO,2024-05-21,-0.02248147688806057,-0.035919573
BA,2024-05-21,-0.0063853696919977665,-0.009854655
BAC,2024-05-21,0.016209213063120842,0.021152265
BALL,2024-05-21,-0.0007301943842321634,0.0031337359
BAX,2024-05-21,-0.009993896819651127,-0.016409043
BBY,2024-05-21,-0.017089946195483208,-0.016917994
BDX,2024-05-21,-0.016234174370765686,-0.00961862
BEN,2024-05-21,0.0006085466011427343,-0.0029281205
BG,2024-05-21,0.007393155246973038,0.010019621
BK,2024-05-21,-0.0026174872182309628,0.0022028212
BKNG,2024-05-21,0.007855440489947796,0.014152983
BKR,2024-05-21,0.00013525038957595825,-0.002722024
BLDR,2024-05-21,0.006936981342732906,-0.007651771
BLK,2024-05-21,0.001357521046884358,-0.00032299012
BMY,2024-05-21,-0.016167541965842247,-0.025454184
BR,2024-05-21,-0.005532817915081978,-0.0020980744
BRO,2024-05-21,0.0037052894476801157,-0.000111347676
BSX,2024-05-21,-0.0035658155102282763,0.0041050944
BX,2024-05-21,0.006502536125481129,0.016101347
BXP,2024-05-21,0.0018402999266982079,0.0040175947
C,2024-05-21,0.017499206587672234,0.02470303
CAG,2024-05-21,0.003367234719917178,0.0026018063
CAH,2024-05-21,-0.021895989775657654,-0.0251927
CAT,2024-05-21,-0.003367298049852252,-0.010196286
CB,2024-05-21,0.004964627791196108,0.003250544
CBOE,2024-05-21,0.00620714295655489,0.0056762802
CBRE,2024-05-21,-0.0030096692498773336,0.0025468734
CCL,2024-05-21,-0.00414841016754508,0.0068131653
CDNS,2024-05-21,-0.01011697854846716,-0.008136202
CDW,2024-05-21,0.007655656896531582,0.009332095
CF,2024-05-21,0.0013655434595420957,0.00025459862
CFG,2024-05-21,0.0013814480043947697,0.0021899748
CHD,2024-05-21,0.009727300144731998,0.0051504564
CHRW,2024-05-21,-0.013672682456672192,-0.02309268
CHTR,2024-05-21,-0.0036421739496290684,0.0009819212
CI,2024-05-21,0.0071032047271728516,0.008988389
CINF,2024-05-21,0.007321028038859367,0.0054113287
CL,2024-05-21,0.009600604884326458,0.008229328
CLX,2024-05-21,-0.002828039228916168,-0.0034919938
CMCSA,2024-05-21,0.0011646036291494966,0.0
CME,2024-05-21,-0.002876363229006529,-0.0043641375
CMG,2024-05-21,-0.0036435823421925306,-0.001130862
CMI,2024-05-21,0.003477838821709156,0.003924269
CMS,2024-05-21,-0.004282816778868437,-0.0022335502
CNC,2024-05-21,0.0068017710000276566,0.010642746
CNP,2024-05-21,0.016148313879966736,0.01390665
COF,2024-05-21,-0.0006034500547684729,-0.0014232976
COO,2024-05-21,-0.00250270776450634,-0.004639849
COP,2024-05-21,-0.0019249952165409923,-0.003978446
COR,2024-05-21,-0.017831703647971153,-0.017894791
COST,2024-05-21,0.008724164217710495,0.009950111
CPAY,2024-05-21,-0.009517754428088665,-0.021118976
CPB,2024-05-21,-0.005388855002820492,-0.007574838
CPRT,2024-05-21,0.0013993065804243088,0.0001821352
CPT,2024-05-21,-0.0020636471454054117,0.003309715
CRL,2024-05-21,-0.0019062345381826162,-0.007108383
CRM,2024-05-21,-0.010504071600735188,-0.01159687
CRWD,2024-05-21,-0.0016217107186093926,0.0016331428
CSCO,2024-05-21,-0.002107043284922838,-0.004039486
CSGP,2024-05-21,-0.0035705766640603542,-0.007684684
CSX,2024-05-21,-0.015435760840773582,-0.010228318
CTAS,2024-05-21,0.00808828417211771,0.003563707
CTRA,2024-05-21,-0.017186760902404785,-0.02096808
CTSH,2024-05-21,-0.008436284027993679,-0.011418241
CTVA,2024-05-21,-0.004669707268476486,-0.0015875166
CVS,2024-05-21,-0.0030527100898325443,-0.0013946469
CVX,2024-05-21,-0.007307908497750759,-0.0072872182
CZR,2024-05-21,0.01157755870372057,0.018430311
D,2024-05-21,0.005319517571479082,0.0029706806
DAL,2024-05-21,-0.012475510127842426,-0.0144452695
DAY,2024-05-21,-0.0157728623598814,-0.02026548
DD,2024-05-21,-0.006168373394757509,-0.0043917946
DE,2024-05-21,-0.005183561705052853,-0.012181143
DECK,2024-05-21,-0.0049726953729987144,-0.0034506044
DELL,2024-05-21,-0.003276342060416937,0.012230733
DFS,2024-05-21,0.0040189665742218494,0.004563837
DG,2024-05-21,0.02078932151198387,0.034009382
DGX,2024-05-21,-0.009326407685875893,-0.005773725
DHI,2024-05-21,-0.0025008481461554766,-0.0027409107
DHR,2024-05-21,0.00016530754510313272,-0.0020987913
DIS,2024-05-21,-0.0025464510545134544,0.0010684975
DLR,2024-05-21,0.005981708876788616,0.0063278656
DLTR,2024-05-21,0.006422113161534071,0.010692984
DOC,2024-05-21,-0.004959255922585726,-0.0020232361
DOV,2024-05-21,-0.0023848707787692547,0.00528102
DOW,2024-05-21,-0.0054394397884607315,-0.005586046
DPZ,2024-05-21,-0.010333490557968616,-0.004583563
DRI,2024-05-21,-0.008994707837700844,-0.01518108
DTE,2024-05-21,-0.00020887190476059914,0.007108278
DUK,2024-05-21,0.0044999378733336926,0.0069216085
DVA,2024-05-21,-0.01210942305624485,-0.016020652
DVN,2024-05-21,-0.007854166440665722,-0.0050105783
DXCM,2024-05-21,0.0013123461976647377,0.0011470884
EA,2024-05-21,0.005328919738531113,0.004277697
EBAY,2024-05-21,0.013630503788590431,0.017985053
ECL,2024-05-21,-0.004753666929900646,0.0013199666
ED,2024-05-21,-0.009067828767001629,-0.0017630474
EFX,2024-05-21,-0.039341773837804794,-0.055659812
EG,2024-05-21,0.0007998515502549708,0.011122619
EIX,2024-05-21,0.011612087488174438,0.008765447
EL,2024-05-21,0.004562966525554657,0.011975669
ELV,2024-05-21,0.007615018170326948,0.0073397607
EMN,2024-05-21,-0.013160012662410736,-0.006581544
EMR,2024-05-21,-0.0051502566784620285,0.0
ENPH,2024-05-21,-0.0074783372692763805,-0.017335886
EOG,2024-05-21,-0.01184963807463646,-0.00742003
EPAM,2024-05-21,-0.0035971335601061583,-0.0012540922
EQIX,2024-05-21,-0.0031693780329078436,0.0015411405
EQR,2024-05-21,-0.0006298587541095912,0.004952385
EQT,2024-05-21,-0.008637547492980957,-0.017565755
ERIE,2024-05-21,-0.004067576956003904,-0.0017129524
ES,2024-05-21,0.005329389590770006,0.007213138
ESS,2024-05-21,-0.001779153011739254,0.0028432603
ETN,2024-05-21,0.00662675267085433,0.010388211
ETR,2024-05-21,0.014457732439041138,0.01250939
EVRG,2024-05-21,0.009834226220846176,0.009754183
EW,2024-05-21,0.002492076251655817,0.0062179356
EXC,2024-05-21,0.000768008700106293,0.001558875
EXPD,2024-05-21,-0.005098498426377773,-0.005844226
EXPE,2024-05-21,-0.02156076394021511,-0.023091154
EXR,2024-05-21,-0.015193394385278225,-0.028404769
F,2024-05-21,0.0008435629424639046,0.0
FANG,2024-05-21,-0.0022471053525805473,-0.006440264
FAST,2024-05-21,-0.004081158898770809,-0.0052644773
FCX,2024-05-21,-0.007880468852818012,-0.009891673
FDS,2024-05-21,0.0005553780938498676,-0.005651559
FDX,2024-05-21,-0.012334035709500313,-0.009387695
FE,2024-05-21,0.009877213276922703,0.009193328
FFIV,2024-05-21,-0.00347895547747612,-0.004659311
FI,2024-05-21,0.010851510800421238,0.009404365
FICO,2024-05-21,-0.012203263118863106,-0.0506431
FIS,2024-05-21,-0.0029822085052728653,0.0050055245
FITB,2024-05-21,0.0018943581962957978,0.007387802
FOX,2024-05-21,-0.005653508938848972,-0.0059035807
FOXA,2024-05-21,-0.004288560710847378,-0.0036441681
FRT,2024-05-21,0.0058554052375257015,0.002768132
FSLR,2024-05-21,0.07674631476402283,0.077103846
FTNT,2024-05-21,-0.007967154495418072,-0.016658762
FTV,2024-05-21,0.001250923378393054,-0.00051869487
GD,2024-05-21,-0.013108307495713234,-0.010614224
GDDY,2024-05-21,0.0005119117558933794,0.006574335
GE,2024-05-21,0.008272114209830761,0.010740391
GEN,2024-05-21,0.015421240590512753,0.02342156
GILD,2024-05-21,-0.0035167557653039694,-0.009024143
GIS,2024-05-21,-0.009283388033509254,-0.011262486
GL,2024-05-21,-0.02373497188091278,-0.031644244
GLW,2024-05-21,0.03692970797419548,0.026661912
GM,2024-05-21,-0.0050257169641554356,-0.0042207725
GNRC,2024-05-21,0.014536277391016483,0.019706672
GOOG,2024-05-21,-0.0008249740931205451,0.00603323
GOOGL,2024-05-21,-0.0024960043374449015,0.0052429554
GPC,2024-05-21,-0.001967382151633501,-0.0027682846
GPN,2024-05-21,7.362198084592819e-05,-0.00018616264
GRMN,2024-05-21,0.0060246847569942474,0.0031679596
GS,2024-05-21,0.009920221753418446,0.016005881
GWW,2024-05-21,0.0019914181903004646,0.0035284278
HAL,2024-05-21,-0.009818482212722301,-0.008731003
HAS,2024-05-21,-0.000651276670396328,0.0064225043
HBAN,2024-05-21,0.008180039003491402,0.009942912
HCA,2024-05-21,-0.00409809360280633,-0.012163529
HD,2024-05-21,-0.0036180918104946613,-0.004955709
HES,2024-05-21,-0.008747421205043793,-0.007859596
HIG,2024-05-21,0.0005702286143787205,0.00039176416
HII,2024-05-21,-0.000989453517831862,-0.00718546
HLT,2024-05-21,0.001514592906460166,0.0011181533
HOLX,2024-05-21,-0.0036602667532861233,-0.0040159672
HON,2024-05-21,-0.004056961741298437,-0.0054392717
HPE,2024-05-21,0.0017775753512978554,-0.0011242384
HPQ,2024-05-21,0.01142820343375206,0.026967727
HRL,2024-05-21,-0.008498625829815865,-0.009289396
HSIC,2024-05-21,-0.005801813211292028,-0.0029989013
HST,2024-05-21,0.001381589099764824,-0.0021784736
HSY,2024-05-21,-0.002591932425275445,-0.0035625151
HUBB,2024-05-21,0.011239096522331238,0.015539673
HUM,2024-05-21,-0.00047316457494162023,0.0011536374
HWM,2024-05-21,0.004793267697095871,0.008646571
IBM,2024-05-21,0.021273193880915642,0.020673832
ICE,2024-05-21,-0.00379398325458169,0.0023340103
IDXX,2024-05-21,-0.013025096617639065,-0.022181163
IEX,2024-05-21,-0.01094242837280035,-0.012221684
IFF,2024-05-21,-0.004950469359755516,-0.009353223
INCY,2024-05-21,0.006494723726063967,0.0036652621
INTC,2024-05-21,-0.004455528687685728,-0.011277855
INTU,2024-05-21,-0.006008855067193508,-0.0034829024
INVH,2024-05-21,-0.010517328977584839,-0.007081191
IP,2024-05-21,0.008503342047333717,0.017092748
IPG,2024-05-21,-0.022423749789595604,-0.015756924
IQV,2024-05-21,-0.0008169765933416784,-0.0030904934
IR,2024-05-21,0.0033219619654119015,0.011196525
IRM,2024-05-21,0.005190630909055471,0.009093522
ISRG,2024-05-21,0.0023167203180491924,0.005186034
IT,2024-05-21,-0.00914853811264038,-0.015347173
ITW,2024-05-21,-0.012401481159031391,-0.0072489153
IVZ,2024-05-21,-0.0028320038691163063,-0.003752331
J,2024-05-21,0.008757222443819046,0.013783461
JBHT,2024-05-21,-0.019783098250627518,-0.029301755
JBL,2024-05-21,-0.01861720159649849,-0.02696326
JCI,2024-05-21,0.015222773887217045,0.031216282
JKHY,2024-05-21,-0.0034446464851498604,-0.0021859405
JNJ,2024-05-21,0.0014264523051679134,-0.00019838393
JNPR,2024-05-21,-0.0027860538102686405,-0.002601482
JPM,2024-05-21,0.014451848343014717,0.01994242
K,2024-05-21,-0.003465129528194666,0.0027344886
KDP,2024-05-21,0.01226902101188898,0.008278981
KEY,2024-05-21,0.00227770465426147,0.0058919825
KEYS,2024-05-21,-0.1046483963727951,-0.08731778
KHC,2024-05-21,0.00044021589565090835,0.0039052702
KIM,2024-05-21,0.00500659691169858,0.005800137
KKR,2024-05-21,0.006382152903825045,0.015233009
KLAC,2024-05-21,-0.005046159960329533,-0.009961136
KMB,2024-05-21,0.002676411299034953,0.00089771947
KMI,2024-05-21,-0.0006121360347606242,-0.0050530504
KMX,2024-05-21,-0.004023931920528412,-0.008302057
KO,2024-05-21,0.00556446798145771,0.0054191537
KR,2024-05-21,0.001309872604906559,-0.004276979
L,2024-05-21,0.0020540631376206875,0.0010502778
LDOS,2024-05-21,0.006930680479854345,0.0056052776
LEN,2024-05-21,-0.003634803229942918,-0.005882776
LH,2024-05-21,0.0005316405440680683,-0.007229884
LHX,2024-05-21,0.005605882033705711,0.007262488
LII,2024-05-21,0.0017834207974374294,0.004937558
LIN,2024-05-21,0.005097168032079935,0.0056014843
LKQ,2024-05-21,-0.012101856991648674,-0.005825521
LLY,2024-05-21,0.0192630123347044,0.025198502
LMT,2024-05-21,-0.00021544471383094788,0.0026299849
LNT,2024-05-21,0.005088017787784338,0.0065447283
LOW,2024-05-21,-0.027817221358418465,-0.018983874
LRCX,2024-05-21,0.016298841685056686,0.02303939
LULU,2024-05-21,-0.011830807663500309,-0.012583116
LUV,2024-05-21,-0.0038520400412380695,-0.008189441
LVS,2024-05-21,-0.01567831076681614,-0.013113487
LW,2024-05-21,0.005248603411018848,0.0064405077
LYB,2024-05-21,0.002206855220720172,0.00039962886
LYV,2024-05-21,0.02550143375992775,0.025317451
MA,2024-05-21,0.0012449414934962988,-0.0012190611
MAA,2024-05-21,-0.010530790314078331,-0.0026339318
MAR,2024-05-21,-0.005012625828385353,-0.0085664
MAS,2024-05-21,0.006457729265093803,0.0053071068
MCD,2024-05-21,-0.007349991239607334,-0.0074943085
MCHP,2024-05-21,-0.002596483798697591,-0.002377588
MCK,2024-05-21,-0.01613367535173893,-0.020796947
MCO,2024-05-21,-0.0028263491112738848,0.00092058687
MDLZ,2024-05-21,0.005657461006194353,0.0055347444
MDT,2024-05-21,0.005056062713265419,0.0077791447
MET,2024-05-21,0.00021147029474377632,-0.00412429
META,2024-05-21,-0.006760394666343927,-0.009019873
MGM,2024-05-21,-0.016197137534618378,-0.013386264
MHK,2024-05-21,0.002748839557170868,0.0053673405
MKC,2024-05-21,-0.0025633908808231354,-0.0036419549
MKTX,2024-05-21,-0.0061826156452298164,0.011975552
MLM,2024-05-21,-0.0008532667998224497,-0.0030745298
MMC,2024-05-21,0.0010647698072716594,0.003674645
MMM,2024-05-21,-0.009310035966336727,-0.01986853
MNST,2024-05-21,-0.0029428880661726,-0.0037397074
MO,2024-05-21,0.00805965717881918,0.009324302
MOH,2024-05-21,-0.0022385916672647,-0.004430409
MOS,2024-05-21,0.0008146416512317955,0.0025956235
MPC,2024-05-21,0.0016711436910554767,0.0028355336
MPWR,2024-05-21,-0.003893438261002302,0.0011370863
MRK,2024-05-21,-0.004010796081274748,-0.0017574348
MRNA,2024-05-21,-0.00033014360815286636,0.018825198
MS,2024-05-21,0.008907743729650974,0.011888867
MSCI,2024-05-21,-0.0035130721516907215,-0.0132241715
MSFT,2024-05-21,0.0019386274507269263,0.008661105
MSI,2024-05-21,0.001577141578309238,0.0035494529
MTB,2024-05-21,-0.002271183067932725,0.0073289927
MTCH,2024-05-21,-0.00741218775510788,-0.011587042
MTD,2024-05-21,-0.00506704393774271,0.001973942
MU,2024-05-21,0.0003328511957079172,-0.011695572
NCLH,2024-05-21,0.0025100980419665575,-0.0005904987
NDAQ,2024-05-21,0.0019144034013152122,-0.0001601109
NDSN,2024-05-21,-0.053941886872053146,-0.098557286
NEE,2024-05-21,0.0064782192930579185,0.014133477
NEM,2024-05-21,-0.004894321784377098,-0.009041283
NFLX,2024-05-21,0.003927181009203196,0.015160583
NI,2024-05-21,0.005512567702680826,0.0030858442
NKE,2024-05-21,0.007516427431255579,0.011376255
NOC,2024-05-21,0.006564246024936438,0.006292211
NOW,2024-05-21,0.00388024328276515,0.003700299
NRG,2024-05-21,0.006358089856803417,0.018842155
NSC,2024-05-21,-0.018777666613459587,-0.0246974
NTAP,2024-05-21,0.005064372904598713,0.0059494553
NTRS,2024-05-21,0.001520761987194419,0.0016559933
NUE,2024-05-21,0.005295586306601763,0.0069375895
NVDA,2024-05-21,0.006824486423283815,0.006373232
NVR,2024-05-21,-0.0028646765276789665,-0.007522412
NWS,2024-05-21,-0.0029053676407784224,-0.0051545943
NWSA,2024-05-21,-0.0031165527179837227,-0.004932588
NXPI,2024-05-21,-0.0014070991892367601,0.0031021251
O,2024-05-21,0.0036070907954126596,0.0018171222
ODFL,2024-05-21,-0.020613418892025948,-0.019804597
OKE,2024-05-21,0.0009758569649420679,0.0036204841
OMC,2024-05-21,-0.025994136929512024,-0.012971541
ON,2024-05-21,-0.014627138152718544,-0.019848475
ORCL,2024-05-21,-0.004098250064998865,0.00088306976
ORLY,2024-05-21,0.0004740215081255883,0.00026115344
OXY,2024-05-21,-0.003059160662814975,-0.0034667533
PANW,2024-05-21,-0.03466740623116493,-0.03810203
PARA,2024-05-21,0.007534141186624765,0.006633426
PAYC,2024-05-21,3.1132716685533524e-05,-0.0034448027
PAYX,2024-05-21,0.0005258661112748086,0.0026246347
PCAR,2024-05-21,0.001304099801927805,0.001706096
PCG,2024-05-21,-0.0018378114327788353,0.014372468
PEG,2024-05-21,0.008562403731048107,0.011240252
PEP,2024-05-21,0.0002732280408963561,0.0042613163
PFE,2024-05-21,-0.00289214332588017,0.0010508732
PFG,2024-05-21,0.000472529063699767,-0.000598729
PG,2024-05-21,0.005307134706526995,0.0061968486
PGR,2024-05-21,0.011141405440866947,0.011528029
PH,2024-05-21,0.000795499247033149,-0.0020643277
PHM,2024-05-21,-0.006090495269745588,-0.010965448
PKG,2024-05-21,0.0014876878121867776,0.0015960096
PLD,2024-05-21,-0.011097862385213375,-0.013024488
PM,2024-05-21,0.005447165574878454,0.0064058043
PNC,2024-05-21,0.009935383684933186,0.008932747
PNR,2024-05-21,0.0009706455166451633,-0.00402644
PNW,2024-05-21,0.004692170303314924,0.0077889618
PODD,2024-05-21,-0.004579403903335333,-0.007358305
POOL,2024-05-21,0.007656152360141277,0.007708648
PPG,2024-05-21,0.0006564076757058501,-0.00029914084
PPL,2024-05-21,0.009054241701960564,0.007737391
PRU,2024-05-21,0.0036783458199352026,0.0011887628
PSA,2024-05-21,-0.005848086904734373,-0.010088878
PSX,2024-05-21,0.0004867773677688092,-0.0019406994
PTC,2024-05-21,-0.004464278928935528,-0.0072543784
PWR,2024-05-21,0.008361865766346455,0.016266808
PYPL,2024-05-21,-0.00806591659784317,-0.010397767
QCOM,2024-05-21,0.008559724316000938,0.015502945
RCL,2024-05-21,0.006041075102984905,0.020436978
REG,2024-05-21,0.0035152360796928406,0.0036630053
REGN,2024-05-21,0.005924673285335302,0.00674331
RF,2024-05-21,0.0002007945440709591,0.0005028175
RJF,2024-05-21,-0.001822225865907967,-0.0027208286
RL,2024-05-21,0.014547429978847504,0.006329405
RMD,2024-05-21,-0.004006573464721441,-0.0021051825
ROK,2024-05-21,0.0007977469940669835,-0.003175815
ROL,2024-05-21,-0.006167798303067684,-0.006217136
ROP,2024-05-21,-0.0033791260793805122,-0.009137935
ROST,2024-05-21,0.007844454608857632,0.005913076
RSG,2024-05-21,-0.0009889447828754783,0.0026847941
RTX,2024-05-21,-0.0025157309137284756,0.0038964832
RVTY,2024-05-21,0.003934682812541723,0.010743338
SBAC,2024-05-21,0.0019470845581963658,-0.00020154362
SBUX,2024-05-21,0.0002443701960146427,0.002318787
SCHW,2024-05-21,-0.004724021069705486,0.0030463883
SHW,2024-05-21,0.002066276501864195,0.0017437012
SJM,2024-05-21,-0.015885770320892334,-0.019877039
SLB,2024-05-21,0.002564980648458004,0.0012432942
SMCI,2024-05-21,-0.003677212866023183,-0.005535521
SNA,2024-05-21,-0.012981356121599674,-0.011665967
SNPS,2024-05-21,-0.0010204039281234145,-0.004974158
SO,2024-05-21,0.006262810435146093,0.0074227075
SPG,2024-05-21,0.0037848977372050285,0.010871628
SPGI,2024-05-21,0.007308394648134708,0.0048540463
SRE,2024-05-21,-0.00293411361053586,0.003962146
STE,2024-05-21,-0.002346426248550415,-0.009280072
STLD,2024-05-21,0.0067001646384596825,0.009497528
STT,2024-05-21,0.0009509969386272132,-0.00090777315
STX,2024-05-21,-0.011369066312909126,-0.033707235
STZ,2024-05-21,0.0062310416251420975,0.001674916
SWK,2024-05-21,-0.012562872841954231,-0.01564076
SWKS,2024-05-21,-0.013694900088012218,-0.017157046
SYF,2024-05-21,0.009432606399059296,0.014161444
SYK,2024-05-21,0.0015207773540169,0.0023627912
SYY,2024-05-21,0.002986916806548834,0.003457984
T,2024-05-21,-0.019183412194252014,-0.01437127
TAP,2024-05-21,0.0005587563500739634,-0.0009061027
TDG,2024-05-21,0.009345175698399544,0.018174766
TDY,2024-05-21,0.0015971690881997347,0.0008584149
TECH,2024-05-21,-0.002659161575138569,0.0021793884
TEL,2024-05-21,-0.0020406655967235565,0.0007248872
TER,2024-05-21,-0.003612813074141741,0.0062933955
TFC,2024-05-21,0.007952669635415077,0.012981641
TGT,2024-05-21,-0.003360317787155509,-0.0059520854
TJX,2024-05-21,0.00032662716694176197,-0.00092083856
TKO,2024-05-21,0.00757724791765213,-0.0006507367
TMO,2024-05-21,-0.005029941909015179,-0.006570145
TMUS,2024-05-21,0.006451581139117479,0.002802606
TPL,2024-05-21,-0.004084921907633543,0.0019104079
TPR,2024-05-21,-0.0041533662006258965,-0.0025940717
TRGP,2024-05-21,0.004069121088832617,0.0055142352
TRMB,2024-05-21,-0.00010012683924287558,-0.00034898648
TROW,2024-05-21,0.0015917716082185507,0.0042596543
TRV,2024-05-21,0.0011609499342739582,0.0030102585
TSCO,2024-05-21,0.009489243850111961,0.005757233
TSLA,2024-05-21,0.03162037581205368,0.06437799
TSN,2024-05-21,0.006639968138188124,0.006904443
TT,2024-05-21,0.007277627009898424,0.014012901
TTWO,2024-05-21,0.0009294349583797157,0.0034400455
TXN,2024-05-21,-0.005177293438464403,-0.00095424836
TXT,2024-05-21,-0.00045397455687634647,-0.002249142
TYL,2024-05-21,-0.0009973697597160935,0.004161959
UAL,2024-05-21,-0.01998973824083805,-0.02953371
UBER,2024-05-21,-0.00847956258803606,-0.010573506
UDR,2024-05-21,0.0030554283875972033,0.0075870417
UHS,2024-05-21,-0.0021828962489962578,-0.006692182
ULTA,2024-05-21,-0.013902517035603523,-0.012155807
UNH,2024-05-21,0.009780245833098888,0.012144188
UNP,2024-05-21,-0.030445216223597527,-0.036219507
UPS,2024-05-21,-0.021567106246948242,-0.014811053
URI,2024-05-21,-0.003828846151009202,-0.009371331
USB,2024-05-21,0.002419278724119067,0.007067088
V,2024-05-21,-0.014160217717289925,-0.009341552
VICI,2024-05-21,-0.0041742874309420586,-0.0033146658
VLO,2024-05-21,-0.00457263458520174,-0.008523059
VMC,2024-05-21,0.0075672767125070095,0.0075420863
VRSK,2024-05-21,-0.0029366714879870415,-0.0036117455
VRSN,2024-05-21,0.008636546321213245,0.009226044
VRTX,2024-05-21,-0.0038838759064674377,-0.008717295
VST,2024-05-21,0.011549613438546658,0.029387917
VTR,2024-05-21,-0.004499340895563364,-0.007414926
VTRS,2024-05-21,-0.008091351017355919,-0.0099861175
VZ,2024-05-21,-0.016301607713103294,-0.012540148
WAB,2024-05-21,-0.0034292316995561123,-0.00352208
WAT,2024-05-21,-0.0034604049287736416,-0.0067169033
WBA,2024-05-21,-0.06687748432159424,-0.06601482
WBD,2024-05-21,-0.01564699597656727,-0.025027413
WDAY,2024-05-21,0.0015562033513560891,-0.0024693622
WDC,2024-05-21,0.012708918191492558,0.013055406
WEC,2024-05-21,-0.007944815792143345,-0.0012997481
WELL,2024-05-21,-0.0023685588967055082,0.0025750538
WFC,2024-05-21,0.01000628899782896,0.012442176
WM,2024-05-21,-0.0035664502065628767,-0.00067173137
WMB,2024-05-21,0.0027866836171597242,0.008170923
WMT,2024-05-21,0.014051198028028011,0.01499963
WRB,2024-05-21,0.012829955667257309,0.0070930095
WSM,2024-05-21,0.0010790014639496803,-0.006973211
WST,2024-05-21,-0.003810384077951312,-0.01691636
WTW,2024-05-21,0.004183837678283453,0.0031163858
WY,2024-05-21,0.010077975690364838,0.0064493907
WYNN,2024-05-21,-0.013346814550459385,-0.011016424
XEL,2024-05-21,0.011172601021826267,0.011877913
XOM,2024-05-21,-0.004589096177369356,-0.0069338395
XYL,2024-05-21,-0.004583663772791624,0.0012340075
YUM,2024-05-21,-0.0011833180906251073,-0.0026525178
ZBH,2024-05-21,0.001652001985348761,-0.00042012215
ZBRA,2024-05-21,0.005868997424840927,0.005047156
ZTS,2024-05-21,-0.0021456903778016567,-0.009217031
A,2024-05-22,-0.0022855657152831554,-0.0052195396
AAPL,2024-05-22,-0.000712167820893228,-0.007566851
ABBV,2024-05-22,-0.027891110628843307,-0.020584183
ABT,2024-05-22,0.021658338606357574,0.01790218
ACGL,2024-05-22,0.014009385369718075,0.010276139
ACN,2024-05-22,0.010236958973109722,0.011362585
ADBE,2024-05-22,0.007155788131058216,0.004307371
ADI,2024-05-22,0.0687175765633583,0.10270499
ADM,2024-05-22,0.011997649446129799,0.010229418
ADP,2024-05-22,0.010066594928503036,0.007428387
ADSK,2024-05-22,0.004053171724081039,-0.0014537395
AEE,2024-05-22,-0.026807105168700218,-0.01840678
AEP,2024-05-22,-0.011203905567526817,-0.012384101
AES,2024-05-22,-0.0038524819537997246,-0.0052417684
AFL,2024-05-22,0.003042397554963827,0.00079885975
AIG,2024-05-22,0.005134394858032465,0.0029188585
AIZ,2024-05-22,-0.008843958377838135,-0.010971111
AJG,2024-05-22,0.0012928969226777554,-0.00073716376
AKAM,2024-05-22,-0.0020197948906570673,0.0083248485
ALB,2024-05-22,0.0005162187735550106,-0.0012642378
ALGN,2024-05-22,-0.0062813847325742245,-0.011044324
ALL,2024-05-22,-0.015109045431017876,-0.012082335
ALLE,2024-05-22,-0.0019957220647484064,-0.0038926972
AMAT,2024-05-22,0.004608822986483574,-0.005713659
AMCR,2024-05-22,0.0012670222204178572,0.0
AMD,2024-05-22,0.002530699595808983,0.0052092774
AME,2024-05-22,0.0378616638481617,0.029126268
AMGN,2024-05-22,-0.016186954453587532,-0.01742738
AMP,2024-05-22,0.011606371030211449,0.008967125
AMT,2024-05-22,-0.007520460523664951,-0.0144750755
AMZN,2024-05-22,0.0024741634260863066,-0.00010914206
ANET,2024-05-22,0.005744049325585365,-0.0015469815
ANSS,2024-05-22,0.0012104163179174066,-0.0013167575
AON,2024-05-22,-0.01901058480143547,-0.018549599
AOS,2024-05-22,-0.004011181183159351,-0.007844878
APA,2024-05-22,-0.027226191014051437,-0.019390145
APD,2024-05-22,0.0029738766606897116,-3.7849666e-05
APH,2024-05-22,0.000464948097942397,-0.006148708
APO,2024-05-22,-0.0028048930689692497,-0.007525835
APTV,2024-05-22,-0.006321336608380079,-0.007316037
ARE,2024-05-22,0.0008711412083357573,-0.005765992
ATO,2024-05-22,-0.01754957251250744,-0.011115914
AVB,2024-05-22,0.0004530964361038059,-0.004393112
AVGO,2024-05-22,0.00583358108997345,-0.0049864976
AVY,2024-05-22,0.00031982106156647205,0.00034910307
AWK,2024-05-22,-0.0019540279172360897,-0.004550512
AXON,2024-05-22,-0.005230046808719635,-0.010753554
AXP,2024-05-22,-0.008064121939241886,-0.012376197
AZO,2024-05-22,-0.018339285627007484,-0.017229611
BA,2024-05-22,0.011678692884743214,0.008084847
BAC,2024-05-22,0.0034561539068818092,0.0027705093
BALL,2024-05-22,-0.00035413444857113063,-0.0027058872
BAX,2024-05-22,-0.002041585510596633,-0.0029068994
BBY,2024-05-22,-0.02647135779261589,-0.030306485
BDX,2024-05-22,0.0017252055695280433,-0.001747344
BEN,2024-05-22,0.0005867583095096052,-0.004619131
BG,2024-05-22,0.00046871075755916536,-0.0017438212
BK,2024-05-22,0.005960545502603054,-0.0018635438
BKNG,2024-05-22,0.0012406810419633985,0.00072179
BKR,2024-05-22,-0.022447923198342323,-0.028561149
BLDR,2024-05-22,-0.006417205091565847,-0.011799169
BLK,2024-05-22,-0.0038873290177434683,-0.0066311015
BMY,2024-05-22,0.0004964566905982792,0.0016546842
BR,2024-05-22,0.026785340160131454,0.019753873
BRO,2024-05-22,0.019598696380853653,0.014473617
BSX,2024-05-22,-0.00255352770909667,-0.003972402
BX,2024-05-22,-0.0012105806963518262,-0.008097687
BXP,2024-05-22,-0.0032565263099968433,-0.00999328
C,2024-05-22,-0.010554900392889977,-0.014311663
CAG,2024-05-22,-0.0015205384697765112,-0.0009748318
CAH,2024-05-22,0.0005895204958505929,0.00322369
CAT,2024-05-22,-0.002526790602132678,-0.008754992
CB,2024-05-22,0.011504256166517735,0.009165218
CBOE,2024-05-22,0.0031025682110339403,0.0014140131
CBRE,2024-05-22,-0.007086628582328558,-0.008998283
CCL,2024-05-22,-0.009860416874289513,-0.03452667
CDNS,2024-05-22,0.022736771032214165,0.009400351
CDW,2024-05-22,0.024659059941768646,0.025239741
CF,2024-05-22,0.016421852633357048,0.013900422
CFG,2024-05-22,-0.010619187727570534,-0.018210402
CHD,2024-05-22,0.010137437842786312,0.0023323453
CHRW,2024-05-22,0.016835050657391548,0.020843646
CHTR,2024-05-22,-0.01912652514874935,-0.014719066
CI,2024-05-22,0.0011036014184355736,0.00026746988
CINF,2024-05-22,0.007907427847385406,0.0019376542
CL,2024-05-22,-0.006240777671337128,-0.004317324
CLX,2024-05-22,-0.0033329252619296312,-0.002384459
CMCSA,2024-05-22,-0.004850609228014946,-0.008194549
CME,2024-05-22,0.008049706928431988,0.0053574997
CMG,2024-05-22,-0.007801688276231289,-0.0061395327
CMI,2024-05-22,0.00761172641068697,0.0036651434
CMS,2024-05-22,-0.018104834482073784,-0.012373964
CNC,2024-05-22,0.003386711934581399,0.0003825886
CNP,2024-05-22,-0.010615148581564426,-0.011575648
COF,2024-05-22,-0.008634659461677074,-0.007075128
COO,2024-05-22,0.0030538002029061317,-0.0016549788
COP,2024-05-22,-0.02708307094871998,-0.018607022
COR,2024-05-22,-0.008584639057517052,-0.0015214914
COST,2024-05-22,0.0052223652601242065,0.0011604244
CPAY,2024-05-22,-0.0008990946225821972,-0.0012456775
CPB,2024-05-22,0.008961238898336887,0.00563266
CPRT,2024-05-22,-0.01874065399169922,-0.017999984
CPT,2024-05-22,-0.005163862835615873,-0.0053009074
CRL,2024-05-22,-0.006320458371192217,-0.011260075
CRM,2024-05-22,0.0013834505807608366,0.00021145493
CRWD,2024-05-22,4.947872366756201e-05,-0.011226865
CSCO,2024-05-22,0.009036636911332607,0.010384437
CSGP,2024-05-22,0.0006834825035184622,0.00390717
CSX,2024-05-22,0.027012793347239494,0.028020568
CTAS,2024-05-22,0.008279813453555107,0.002625229
CTRA,2024-05-22,-0.016287673264741898,-0.01265089
CTSH,2024-05-22,0.006427096202969551,0.003772507
CTVA,2024-05-22,0.009532790631055832,0.005808315
CVS,2024-05-22,0.009888705797493458,0.0020913621
CVX,2024-05-22,-0.011457707732915878,-0.0151152555
CZR,2024-05-22,-0.018451901152729988,-0.024743745
D,2024-05-22,-0.008486908860504627,-0.008190522
DAL,2024-05-22,-0.008547651581466198,-0.012522285
DAY,2024-05-22,0.02662327140569687,0.032065246
DD,2024-05-22,-0.018362799659371376,-0.012272541
DE,2024-05-22,-0.0004908614209853113,-0.0018892817
DECK,2024-05-22,-0.003893886459991336,-0.0075863083
DELL,2024-05-22,0.0018385837320238352,0.0036608675
DFS,2024-05-22,0.0026490893214941025,-0.0013667135
DG,2024-05-22,-0.004475760273635387,-0.0073903077
DGX,2024-05-22,-0.005513404496014118,-0.010378435
DHI,2024-05-22,-0.02362459897994995,-0.032579705
DHR,2024-05-22,0.004666474182158709,0.0023981119
DIS,2024-05-22,-0.0051311650313436985,9.7031654e-05
DLR,2024-05-22,-0.004832664038985968,-0.0077240244
DLTR,2024-05-22,-0.00761104840785265,-0.008141009
DOC,2024-05-22,-0.007036271039396524,-0.011713421
DOV,2024-05-22,0.012617836706340313,0.007976058
DOW,2024-05-22,-0.026699118316173553,-0.022484548
DPZ,2024-05-22,-0.0050916001200675964,-0.003509878
DRI,2024-05-22,-0.0011267985682934523,-0.0065683452
DTE,2024-05-22,-0.01811530999839306,-0.018255487
DUK,2024-05-22,-0.0020868994761258364,-0.009046035
DVA,2024-05-22,-0.03575930744409561,-0.028812068
DVN,2024-05-22,-0.020148972049355507,-0.019679593
DXCM,2024-05-22,0.0018150483956560493,-0.0023720914
EA,2024-05-22,0.05711605027318001,0.047626045
EBAY,2024-05-22,0.011080472730100155,0.012003111
ECL,2024-05-22,-0.001843249425292015,-0.005547268
ED,2024-05-22,0.0012614119332283735,-0.0021821174
EFX,2024-05-22,0.011945467442274094,0.016909737
EG,2024-05-22,0.01771564595401287,0.013531038
EIX,2024-05-22,-0.008063879795372486,-0.016017986
EL,2024-05-22,-0.005242625717073679,-0.014800529
ELV,2024-05-22,0.0015219645574688911,0.004005603
EMN,2024-05-22,-0.006917300168424845,-0.0053167264
EMR,2024-05-22,0.007121746893972158,0.008582164
ENPH,2024-05-22,0.050298627465963364,0.08347038
EOG,2024-05-22,-0.03153110668063164,-0.02235435
EPAM,2024-05-22,0.010313829407095909,-0.009930677
EQIX,2024-05-22,0.00040275228093378246,-0.013699592
EQR,2024-05-22,-0.008199875243008137,-0.008116433
EQT,2024-05-22,0.0035679107531905174,0.00048542157
ERIE,2024-05-22,-0.019070880487561226,-0.020913508
ES,2024-05-22,-0.02018943801522255,-0.023296932
ESS,2024-05-22,0.0009186884853988886,-0.0046290113
ETN,2024-05-22,0.00370422238484025,-0.0016347397
ETR,2024-05-22,-0.00722180400043726,-0.01339629
EVRG,2024-05-22,-0.01087488979101181,-0.0143018095
EW,2024-05-22,0.007676560431718826,-0.0014400106
EXC,2024-05-22,-0.019926469773054123,-0.016225036
EXPD,2024-05-22,-0.010972565039992332,-0.0044270563
EXPE,2024-05-22,0.008361431770026684,0.0032173921
EXR,2024-05-22,0.003950981423258781,0.0019833408
F,2024-05-22,-0.008013511076569557,-0.00992532
FANG,2024-05-22,-0.016171220690011978,-0.021699706
FAST,2024-05-22,0.009096900001168251,0.0052644187
FCX,2024-05-22,-0.03277931362390518,-0.058500372
FDS,2024-05-22,0.0016888221725821495,-0.0047676424
FDX,2024-05-22,-0.007944728247821331,-0.001030797
FE,2024-05-22,-0.01459819357842207,-0.013194945
FFIV,2024-05-22,0.003074518172070384,-0.0012692509
FI,2024-05-22,-0.0002193856635130942,-0.0013100135
FICO,2024-05-22,0.003859154647216201,-0.005953045
FIS,2024-05-22,-0.0007624227437190711,-0.011200166
FITB,2024-05-22,-0.007068156730383635,-0.0118997
FOX,2024-05-22,0.0056161736138165,0.005576591
FOXA,2024-05-22,0.00478294026106596,0.0042500393
FRT,2024-05-22,0.0012221751967445016,-0.0019765322
FSLR,2024-05-22,0.10910044610500336,0.16967453
FTNT,2024-05-22,0.006277869921177626,0.0042317593
FTV,2024-05-22,0.001197358244098723,-0.00038923442
GD,2024-05-22,0.00873187929391861,0.003192795
GDDY,2024-05-22,0.01014594454318285,0.002948098
GE,2024-05-22,0.0021343121770769358,-0.0011808684
GEN,2024-05-22,0.0068664588034152985,-0.0019978534
GILD,2024-05-22,0.020407140254974365,0.0075506046
GIS,2024-05-22,-0.0033111402299255133,-0.003972103
GL,2024-05-22,0.00877709686756134,0.02687009
GLW,2024-05-22,-0.00011350197019055486,0.0027374607
GM,2024-05-22,-0.017188282683491707,-0.021372385
GNRC,2024-05-22,-0.00853636022657156,-0.015945692
GOOG,2024-05-22,-0.0016690456541255116,-0.008614191
GOOGL,2024-05-22,-0.0015092398971319199,-0.008299593
GPC,2024-05-22,-0.010458576492965221,-0.012752593
GPN,2024-05-22,-0.013882913626730442,-0.010204415
GRMN,2024-05-22,-0.07268156856298447,-0.052069623
GS,2024-05-22,-0.009721605107188225,-0.017215848
GWW,2024-05-22,0.014031665399670601,0.007434776
HAL,2024-05-22,-0.03717762231826782,-0.034044307
HAS,2024-05-22,-0.01808979921042919,-0.03500271
HBAN,2024-05-22,-0.014589381404221058,-0.01638645
HCA,2024-05-22,-0.00029247935162857175,-0.008474912
HD,2024-05-22,-0.01913836970925331,-0.016677061
HES,2024-05-22,-0.01305980421602726,-0.021439705
HIG,2024-05-22,0.006156556773930788,0.0025427118
HII,2024-05-22,0.0045425849966704845,0.0028726207
HLT,2024-05-22,-0.00493958592414856,-0.006679042
HOLX,2024-05-22,0.0034616352058947086,0.0034813867
HON,2024-05-22,-0.002228153171017766,-0.003494805
HPE,2024-05-22,0.021594038233160973,0.02059341
HPQ,2024-05-22,-0.00433766795322299,0.00974108
HRL,2024-05-22,-0.03282725065946579,-0.02669914
HSIC,2024-05-22,-0.021978721022605896,-0.011947708
HST,2024-05-22,0.008541436865925789,0.0038096777
HSY,2024-05-22,-0.002759357215836644,-0.008621345
HUBB,2024-05-22,-0.005805744789540768,-0.007104301
HUM,2024-05-22,0.0005712032434530556,0.0027237888
HWM,2024-05-22,-0.003236725926399231,-0.015808804
IBM,2024-05-22,0.002030985662713647,0.0012674633
ICE,2024-05-22,0.0011304798536002636,-0.0027720502
IDXX,2024-05-22,0.012709757313132286,-0.0009648682
IEX,2024-05-22,0.0031049775425344706,0.0039990726
IFF,2024-05-22,-0.012249033898115158,-0.020220794
INCY,2024-05-22,0.010890702717006207,0.013840121
INTC,2024-05-22,-0.004282787442207336,-0.010132708
INTU,2024-05-22,0.007945084944367409,0.0036619364
INVH,2024-05-22,-0.0032559854444116354,-0.005701191
IP,2024-05-22,0.008775063790380955,0.005000424
IPG,2024-05-22,0.015300204046070576,0.013252791
IQV,2024-05-22,-0.008611852303147316,-0.014711264
IR,2024-05-22,0.01274933572858572,0.011280089
IRM,2024-05-22,-0.009813516400754452,-0.023072377
ISRG,2024-05-22,-0.00036705771344713867,-0.0030136083
IT,2024-05-22,0.009436292573809624,0.0057251137
ITW,2024-05-22,0.002329308306798339,-0.00016082627
IVZ,2024-05-22,-0.0038005425594747066,-0.010708373
J,2024-05-22,-0.0033376053906977177,-0.006650661
JBHT,2024-05-22,-0.002663129474967718,-0.008697215
JBL,2024-05-22,0.009045667015016079,0.0033055565
JCI,2024-05-22,-0.00040908463415689766,0.0045190994
JKHY,2024-05-22,0.007978714071214199,0.0032475733
JNJ,2024-05-22,0.017145050689578056,0.014831486
JNPR,2024-05-22,0.009437451139092445,0.003755643
JPM,2024-05-22,-0.0116192027926445,-0.006082923
K,2024-05-22,-0.01073289755731821,-0.009847192
KDP,2024-05-22,0.01526246964931488,0.009086789
KEY,2024-05-22,-0.018119394779205322,-0.019108612
KEYS,2024-05-22,0.0024729748256504536,0.0076230047
KHC,2024-05-22,0.015211588703095913,0.012724303
KIM,2024-05-22,0.0008538934634998441,-0.0010521577
KKR,2024-05-22,-0.0009501296444796026,-0.0067840493
KLAC,2024-05-22,0.007069858256727457,0.008549781
KMB,2024-05-22,-0.004975895397365093,0.00097156013
KMI,2024-05-22,-0.010126003064215183,-0.017887695
KMX,2024-05-22,-0.020496821030974388,-0.031178478
KO,2024-05-22,0.004623924847692251,0.0014296074
KR,2024-05-22,0.0030785477720201015,0.004833523
L,2024-05-22,-0.0007157155778259039,-0.0042077843
LDOS,2024-05-22,-0.00499119283631444,-0.0023984993
LEN,2024-05-22,-0.03724062070250511,-0.04285678
LH,2024-05-22,-0.010546631179749966,-0.02041451
LHX,2024-05-22,0.00424150051549077,0.00031084951
LII,2024-05-22,0.009269317612051964,0.010263987
LIN,2024-05-22,0.0022956531029194593,-0.0005748731
LKQ,2024-05-22,-0.014825491234660149,-0.01311874
LLY,2024-05-22,-0.0005635304842144251,-0.00032382485
LMT,2024-05-22,0.006485006306320429,0.0029850618
LNT,2024-05-22,-0.019098365679383278,-0.018393368
LOW,2024-05-22,-0.010187073610723019,-0.016725535
LRCX,2024-05-22,0.004668505396693945,0.0018344949
LULU,2024-05-22,-0.06055125966668129,-0.074901536
LUV,2024-05-22,0.003561905585229397,-0.003222814
LVS,2024-05-22,-0.007733779493719339,-0.007384784
LW,2024-05-22,0.011701797135174274,0.017498603
LYB,2024-05-22,-0.014649070799350739,-0.016308313
LYV,2024-05-22,-0.0031255281064659357,-0.0057035885
MA,2024-05-22,-0.006945962086319923,-0.005635555
MAA,2024-05-22,-0.0005128272459842265,-0.0036696524
MAR,2024-05-22,-0.009703248739242554,-0.008936644
MAS,2024-05-22,-0.011460191570222378,-0.009342154
MCD,2024-05-22,-0.0001503304811194539,-0.00037605676
MCHP,2024-05-22,0.024924570694565773,0.037984915
MCK,2024-05-22,0.013497085310518742,0.008992642
MCO,2024-05-22,0.01568182371556759,0.0051687197
MDLZ,2024-05-22,-0.0043017505668103695,-0.0062464643
MDT,2024-05-22,0.00944279320538044,0.0069034956
MET,2024-05-22,0.006899890024214983,0.0038499346
META,2024-05-22,0.006907569244503975,0.0067565707
MGM,2024-05-22,-0.02273234911262989,-0.015059054
MHK,2024-05-22,-0.009037693031132221,-0.018144201
MKC,2024-05-22,-0.0021040828432887793,-0.004876645
MKTX,2024-05-22,0.005867269355803728,0.008467284
MLM,2024-05-22,-0.010373549535870552,-0.013961285
MMC,2024-05-22,0.0003143183421343565,0.0042305724
MMM,2024-05-22,-0.0016446325462311506,-0.016125593
MNST,2024-05-22,-0.003344987751916051,-0.005259204
MO,2024-05-22,-0.0029363904614001513,-0.00021591134
MOH,2024-05-22,0.008892221376299858,0.008956965
MOS,2024-05-22,0.022827789187431335,0.028424243
MPC,2024-05-22,-0.003572758287191391,-0.0031763534
MPWR,2024-05-22,0.00992020033299923,0.0051140473
MRK,2024-05-22,0.005660687573254108,0.0025968126
MRNA,2024-05-22,0.06960518658161163,0.12741812
MS,2024-05-22,-0.0028696367517113686,-0.00781118
MSCI,2024-05-22,0.0003826766915153712,-0.0033685486
MSFT,2024-05-22,0.00020625372417271137,0.0034436097
MSI,2024-05-22,0.006933610420674086,0.003590552
MTB,2024-05-22,-0.005505796987563372,-0.0022846272
MTCH,2024-05-22,-0.008568097837269306,-0.014083786
MTD,2024-05-22,-0.006525304634124041,-0.012906883
MU,2024-05-22,0.005174083169549704,-0.009614348
NCLH,2024-05-22,-0.031027397140860558,-0.040357184
NDAQ,2024-05-22,0.006460942793637514,0.00016008526
NDSN,2024-05-22,-0.007128498982638121,-8.225779e-05
NEE,2024-05-22,0.0005089699407108128,-0.008220568
NEM,2024-05-22,-0.01771686039865017,-0.03816733
NFLX,2024-05-22,-0.005542549304664135,-0.01570686
NI,2024-05-22,-0.011598317883908749,-0.011707451
NKE,2024-05-22,0.0009063815232366323,-0.0034535353
NOC,2024-05-22,0.012349301017820835,0.0058948263
NOW,2024-05-22,0.003018399700522423,-0.008036641
NRG,2024-05-22,-0.015917770564556122,-0.023884544
NSC,2024-05-22,0.025368329137563705,0.025954807
NTAP,2024-05-22,0.016990510746836662,0.010217265
NTRS,2024-05-22,-0.005848695989698172,-0.008308248
NUE,2024-05-22,-0.0019924191292375326,-0.0059436318
NVDA,2024-05-22,0.0018380526453256607,-0.004581288
NVR,2024-05-22,-0.02047901228070259,-0.021550855
NWS,2024-05-22,-0.004515002015978098,-0.013377386
NWSA,2024-05-22,-0.004445991944521666,-0.013016278
NXPI,2024-05-22,0.016433654353022575,0.015941137
O,2024-05-22,-0.0280290599912405,-0.024996018
ODFL,2024-05-22,-0.014974799938499928,-0.017070062
OKE,2024-05-22,-0.009516287595033646,-0.016395234
OMC,2024-05-22,0.0054864054545760155,0.0030490027
ON,2024-05-22,0.029100604355335236,0.04651765
ORCL,2024-05-22,-0.0016577324131503701,-0.00024077215
ORLY,2024-05-22,-0.005817563738673925,-0.004177079
OXY,2024-05-22,-0.007671989966183901,-0.0109512275
PANW,2024-05-22,-0.010005935095250607,-0.009931459
PARA,2024-05-22,0.007259072735905647,0.008230391
PAYC,2024-05-22,0.005255206488072872,0.005550274
PAYX,2024-05-22,0.013899479061365128,0.008541509
PCAR,2024-05-22,0.021612469106912613,0.025518259
PCG,2024-05-22,-0.00042193575063720345,-0.010092732
PEG,2024-05-22,-0.004688309505581856,-0.010971111
PEP,2024-05-22,0.007751763332635164,0.0055620098
PFE,2024-05-22,0.03616133704781532,0.03575215
PFG,2024-05-22,-0.0007033483707346022,-0.0025184196
PG,2024-05-22,-0.001961611909791827,-0.003212888
PGR,2024-05-22,-0.009960527531802654,-0.014624425
PH,2024-05-22,0.0005067267338745296,-0.001463887
PHM,2024-05-22,-0.0221239123493433,-0.031874806
PKG,2024-05-22,0.0007355230627581477,-0.0030290922
PLD,2024-05-22,-0.009680699557065964,-0.012555235
PM,2024-05-22,0.00821691658347845,0.008345535
PNC,2024-05-22,-0.01947651244699955,-0.013013259
PNR,2024-05-22,0.006509457249194384,-0.0021382733
PNW,2024-05-22,-0.005177129525691271,-0.010870069
PODD,2024-05-22,0.0031041966285556555,-0.009398704
POOL,2024-05-22,-0.008044390939176083,-0.00958372
PPG,2024-05-22,0.008869439363479614,0.0072272215
PPL,2024-05-22,-0.011545069515705109,-0.011120013
PRU,2024-05-22,0.02438688836991787,0.013903948
PSA,2024-05-22,0.0030913089867681265,-7.0634e-05
PSX,2024-05-22,-0.008996627293527126,-0.00863968
PTC,2024-05-22,0.01671445183455944,0.0059492183
PWR,2024-05-22,0.002905725035816431,-0.0034979153
PYPL,2024-05-22,-0.02066255360841751,-0.030240929
QCOM,2024-05-22,0.011132752522826195,0.010302329
RCL,2024-05-22,-0.009032811969518661,-0.022672776
REG,2024-05-22,0.007094164378941059,0.0024899163
REGN,2024-05-22,-0.0049593509174883366,-0.010263964
RF,2024-05-22,-0.02918691374361515,-0.020825721
RJF,2024-05-22,-0.016060175374150276,-0.009581434
RL,2024-05-22,-0.05945234373211861,-0.02287469
RMD,2024-05-22,0.0064272573217749596,-4.5777415e-05
ROK,2024-05-22,0.006290358491241932,0.001663015
ROL,2024-05-22,-0.00531052565202117,-0.008422199
ROP,2024-05-22,0.014340833760797977,0.011112482
ROST,2024-05-22,-0.005083050578832626,-0.0059891404
RSG,2024-05-22,0.004229406826198101,0.0015539951
RTX,2024-05-22,0.010106523521244526,0.008311963
RVTY,2024-05-22,-0.0035568277817219496,-0.004957985
SBAC,2024-05-22,-0.03088962659239769,-0.018507533
SBUX,2024-05-22,0.025014854967594147,0.03785541
SCHW,2024-05-22,-0.06216152012348175,-0.047064748
SHW,2024-05-22,-0.0064986711367964745,-0.008878975
SJM,2024-05-22,0.0005382925155572593,-0.0021439479
SLB,2024-05-22,-0.0345279760658741,-0.038183775
SMCI,2024-05-22,-0.013409566134214401,-0.028974453
SNA,2024-05-22,0.003965124953538179,0.00025340685
SNPS,2024-05-22,0.009045017883181572,0.0027955924
SO,2024-05-22,-0.0053025479428470135,-0.01375584
SPG,2024-05-22,-0.00893092155456543,-0.012101878
SPGI,2024-05-22,0.015436768531799316,0.0055091376
SRE,2024-05-22,-0.00801787432283163,-0.013741098
STE,2024-05-22,-0.007810087408870459,0.0
STLD,2024-05-22,-0.010640773922204971,-0.012130712
STT,2024-05-22,-0.006089404225349426,-0.007683723
STX,2024-05-22,0.01547597162425518,0.011366238
STZ,2024-05-22,-0.007795094046741724,-0.008161198
SWK,2024-05-22,-0.006132665555924177,-0.011406125
SWKS,2024-05-22,0.011317644268274307,0.010544266
SYF,2024-05-22,-0.012842681258916855,-0.028520396
SYK,2024-05-22,0.014745298773050308,0.014745408
SYY,2024-05-22,-0.04514702409505844,-0.034977492
T,2024-05-22,0.015893518924713135,0.013229267
TAP,2024-05-22,-0.005589729640632868,-0.012403712
TDG,2024-05-22,-0.0002289272379130125,-0.00799831
TDY,2024-05-22,0.003778635524213314,0.0032308195
TECH,2024-05-22,0.006438704673200846,0.0036219095
TEL,2024-05-22,0.0019891993142664433,-0.00092274765
TER,2024-05-22,0.010038239881396294,0.018294007
TFC,2024-05-22,-0.009916255250573158,-0.016574183
TGT,2024-05-22,-0.07059945911169052,-0.08351874
TJX,2024-05-22,0.06107792630791664,0.034392774
TKO,2024-05-22,0.0021426042076200247,-0.005221397
TMO,2024-05-22,0.005456368438899517,0.0011516132
TMUS,2024-05-22,0.0187858734279871,0.0069119013
TPL,2024-05-22,-0.009713605046272278,-0.016732018
TPR,2024-05-22,-0.008295929990708828,-0.02075394
TRGP,2024-05-22,-0.022138306871056557,-0.028134465
TRMB,2024-05-22,0.010973232798278332,0.0052218474
TROW,2024-05-22,-0.0011860502418130636,0.0004248908
TRV,2024-05-22,0.0027500330470502377,0.0013400862
TSCO,2024-05-22,-0.0014943783171474934,-0.010273477
TSLA,2024-05-22,-0.00987822376191616,-0.03538478
TSN,2024-05-22,-0.011613687500357628,-0.012196769
TT,2024-05-22,-0.00024635030422359705,-0.006127359
TTWO,2024-05-22,0.0023154981900006533,-0.005363646
TXN,2024-05-22,0.016284197568893433,0.017580573
TXT,2024-05-22,0.009942025877535343,0.0029230188
TYL,2024-05-22,0.005615145433694124,0.003080021
UAL,2024-05-22,-0.0024469788186252117,-0.011569076
UBER,2024-05-22,0.012562683783471584,0.02332635
UDR,2024-05-22,0.00464449729770422,-0.0022701104
UHS,2024-05-22,-0.005028234329074621,-0.00724021
ULTA,2024-05-22,-0.006981242448091507,-0.00920837
UNH,2024-05-22,-0.0011677223956212401,-0.0042108367
UNP,2024-05-22,-0.0024790694005787373,-0.0010645089
UPS,2024-05-22,-0.017132146283984184,-0.011410765
URI,2024-05-22,-0.008964985609054565,-0.017410947
USB,2024-05-22,-0.0107334665954113,-0.0100058615
V,2024-05-22,0.0027396460063755512,-0.0013418844
VICI,2024-05-22,-0.018230339512228966,-0.019779984
VLO,2024-05-22,-0.0006281842361204326,-0.0024045338
VMC,2024-05-22,-0.004057316109538078,-0.0050089606
VRSK,2024-05-22,0.009880837053060532,0.008472721
VRSN,2024-05-22,0.009724188596010208,0.0048669768
VRTX,2024-05-22,0.007047379855066538,0.012432993
VST,2024-05-22,-0.002516502281650901,0.00031823816
VTR,2024-05-22,0.005905307363718748,0.0020653096
VTRS,2024-05-22,0.001608777092769742,-0.0073258835
VZ,2024-05-22,0.007302023936063051,0.004281614
WAB,2024-05-22,-0.0016658974345773458,-0.002649709
WAT,2024-05-22,-0.00498461676761508,-0.008137524
WBA,2024-05-22,-0.0040715718641877174,-0.012669299
WBD,2024-05-22,0.014252408407628536,0.021314295
WDAY,2024-05-22,0.011430731043219566,0.003932699
WDC,2024-05-22,-0.003131071338430047,-0.0063706813
WEC,2024-05-22,-0.03577079996466637,-0.027198624
WELL,2024-05-22,0.002518261782824993,0.0075872783
WFC,2024-05-22,-0.0093629639595747,-0.008660661
WM,2024-05-22,0.010105266235768795,0.007603012
WMB,2024-05-22,-0.016533000394701958,-0.02569263
WMT,2024-05-22,0.006363831460475922,0.0015336418
WRB,2024-05-22,0.017009953036904335,0.010795458
WSM,2024-05-22,-0.05757981911301613,-0.11554452
WST,2024-05-22,-0.0076393079943954945,-0.008103576
WTW,2024-05-22,0.012929229065775871,0.009681349
WY,2024-05-22,-0.022936174646019936,-0.013265839
WYNN,2024-05-22,-0.0110548697412014,-0.011557922
XEL,2024-05-22,-0.017542513087391853,-0.021732707
XOM,2024-05-22,-0.020408550277352333,-0.020312358
XYL,2024-05-22,-0.0039114500395953655,-0.005152018
YUM,2024-05-22,0.003566018771380186,-0.0012210305
ZBH,2024-05-22,0.005921171512454748,0.0027693205
ZBRA,2024-05-22,0.01923074759542942,0.016029572
ZTS,2024-05-22,0.004148364532738924,-0.004291644
A,2024-05-23,-0.00411630654707551,-0.015291383
AAPL,2024-05-23,0.0012812381610274315,-0.021279814
ABBV,2024-05-23,-0.008368146605789661,-0.008493966
ABT,2024-05-23,0.0014548231847584248,-0.005644486
ACGL,2024-05-23,0.0019452928099781275,-0.007525595
ACN,2024-05-23,0.003480062820017338,-0.0038496158
ADBE,2024-05-23,0.005281515885144472,-0.0012819628
ADI,2024-05-23,-0.0025801353622227907,-0.023589598
ADM,2024-05-23,-0.017272962257266045,-0.019244662
ADP,2024-05-23,-0.0007560341618955135,-0.010009353
ADSK,2024-05-23,-0.037496116012334824,-0.022060199
AEE,2024-05-23,-0.011254831217229366,-0.0234936
AEP,2024-05-23,-0.008709744550287724,-0.024338014
AES,2024-05-23,-0.00017790673882700503,-0.017834377
AFL,2024-05-23,-0.004170495085418224,-0.010089119
AIG,2024-05-23,-0.006408254615962505,-0.016996602
AIZ,2024-05-23,-0.011233842000365257,-0.01665458
AJG,2024-05-23,-0.021550679579377174,-0.026302377
AKAM,2024-05-23,0.009732859209179878,-0.014054836
ALB,2024-05-23,-0.012920424342155457,-0.028298832
ALGN,2024-05-23,-0.015234391205012798,-0.033991456
ALL,2024-05-23,-0.014302512630820274,-0.013144221
ALLE,2024-05-23,-0.01459649857133627,-0.012344641
AMAT,2024-05-23,0.011080024763941765,-0.0009171993
AMCR,2024-05-23,-0.008167910389602184,-0.019045694
AMD,2024-05-23,-0.02201610803604126,-0.031224247
AME,2024-05-23,-0.007399070076644421,-0.008130074
AMGN,2024-05-23,0.002257987856864929,-0.009449302
AMP,2024-05-23,-0.007056832313537598,-0.008805798
AMT,2024-05-23,-0.006836470682173967,-0.025079511
AMZN,2024-05-23,-0.003878446528688073,-0.011422582
ANET,2024-05-23,-0.02203596755862236,-0.04877983
ANSS,2024-05-23,0.020618213340640068,0.00556118
AON,2024-05-23,-0.021344788372516632,-0.018971547
AOS,2024-05-23,-0.013998223468661308,-0.011824074
APA,2024-05-23,-0.023868132382631302,-0.020450389
APD,2024-05-23,0.009630710817873478,-0.006254021
APH,2024-05-23,0.015173782594501972,0.0135063445
APO,2024-05-23,-0.0034351565409451723,-0.008468481
APTV,2024-05-23,-0.0321519635617733,-0.017654054
ARE,2024-05-23,-0.03731467202305794,-0.034708045
ATO,2024-05-23,-0.017417259514331818,-0.027678931
AVB,2024-05-23,-0.01059038657695055,-0.018590631
AVGO,2024-05-23,0.01132524386048317,0.0007537145
AVY,2024-05-23,0.0021588013041764498,-0.009599786
AWK,2024-05-23,-0.02519947662949562,-0.03924527
AXON,2024-05-23,0.010231390595436096,-0.01727732
AXP,2024-05-23,-0.018505124375224113,-0.019470336
AZO,2024-05-23,0.005127592943608761,0.001765716
BA,2024-05-23,-0.0386950708925724,-0.07837515
BAC,2024-05-23,-0.010804285295307636,-0.01494926
BALL,2024-05-23,-0.018847735598683357,-0.02249509
BAX,2024-05-23,0.0044593820348382,-0.010241203
BBY,2024-05-23,-0.0020084185525774956,-0.012416684
BDX,2024-05-23,-0.020074348896741867,-0.01764047
BEN,2024-05-23,-0.021228624507784843,-0.026866525
BG,2024-05-23,0.003172829281538725,-0.007396372
BK,2024-05-23,-0.022865695878863335,-0.010911943
BKNG,2024-05-23,-0.013615578413009644,-0.019112073
BKR,2024-05-23,0.0004041959182359278,-0.008763529
BLDR,2024-05-23,0.0029616919346153736,0.0023470926
BLK,2024-05-23,-0.01940622553229332,-0.019011505
BMY,2024-05-23,-0.014929044991731644,-0.019073267
BR,2024-05-23,-0.01492208894342184,-0.011191487
BRO,2024-05-23,-0.010573078878223896,-0.022740789
BSX,2024-05-23,-0.0041848779655992985,-0.013221514
BX,2024-05-23,-0.023343907669186592,-0.028578246
BXP,2024-05-23,-0.027874302119016647,-0.03242224
C,2024-05-23,-0.00873722042888403,-0.012613835
CAG,2024-05-23,-0.0068708863109350204,-0.010457266
CAH,2024-05-23,-0.0009119078749790788,-0.0028071352
CAT,2024-05-23,-0.007279086858034134,-0.014829923
CB,2024-05-23,-0.009221270680427551,-0.016435757
CBOE,2024-05-23,-0.0158624779433012,-0.019701164
CBRE,2024-05-23,-0.028484823182225227,-0.022111665
CCL,2024-05-23,-0.03491201624274254,-0.05713371
CDNS,2024-05-23,0.019306274130940437,0.0062975413
CDW,2024-05-23,-0.015834365040063858,-0.01746358
CF,2024-05-23,-0.003751648124307394,-0.017980026
CFG,2024-05-23,-0.01825321838259697,-0.022241406
CHD,2024-05-23,-0.006469469051808119,-0.00832814
CHRW,2024-05-23,0.011007667519152164,0.0030778816
CHTR,2024-05-23,-0.005951481405645609,-0.0099348305
CI,2024-05-23,0.011756488122045994,0.004033623
CINF,2024-05-23,-0.017876729369163513,-0.014495028
CL,2024-05-23,-0.005204737652093172,-0.010928633
CLX,2024-05-23,-0.013099520467221737,-0.020726873
CMCSA,2024-05-23,4.882746725343168e-05,-0.0054144016
CME,2024-05-23,0.011201011948287487,0.0027860822
CMG,2024-05-23,-0.001195322722196579,-0.004799983
CMI,2024-05-23,0.004657559096813202,-0.0050244154
CMS,2024-05-23,-0.016946693882346153,-0.015808621
CNC,2024-05-23,-0.005930057726800442,-0.014123555
CNP,2024-05-23,-0.023602556437253952,-0.023898274
COF,2024-05-23,-0.021574728190898895,-0.014010537
COO,2024-05-23,-0.010215796530246735,-0.022610132
COP,2024-05-23,0.0027183464262634516,-0.0045793117
COR,2024-05-23,0.018720228224992752,0.014063554
COST,2024-05-23,0.0021147537045180798,-0.006907553
CPAY,2024-05-23,0.009714357554912567,-0.010391744
CPB,2024-05-23,-0.011444940231740475,-0.014140539
CPRT,2024-05-23,-0.00435058306902647,-0.008002096
CPT,2024-05-23,-0.01056427601724863,-0.012895293
CRL,2024-05-23,0.0013538144994527102,-0.0066429214
CRM,2024-05-23,-0.03463613986968994,-0.018668637
CRWD,2024-05-23,0.007215774152427912,-0.008927262
CSCO,2024-05-23,-0.015691563487052917,-0.017652659
CSGP,2024-05-23,-0.0041730087250471115,-0.01735177
CSX,2024-05-23,-0.006917205173522234,-0.015107935
CTAS,2024-05-23,0.0019486562814563513,-0.008183792
CTRA,2024-05-23,-0.0013987099518999457,-0.015394919
CTSH,2024-05-23,-0.006046780385077,-0.008434821
CTVA,2024-05-23,-0.018500523641705513,-0.025051659
CVS,2024-05-23,-0.031298015266656876,-0.0316483
CVX,2024-05-23,0.007005155086517334,-0.0040062126
CZR,2024-05-23,-0.046336330473423004,-0.06506117
D,2024-05-23,-0.01789553463459015,-0.018104764
DAL,2024-05-23,0.0006218371563591063,-0.007394391
DAY,2024-05-23,-0.023939261212944984,-0.036163896
DD,2024-05-23,0.015025736764073372,0.00482605
DE,2024-05-23,-0.013295014388859272,-0.017692324
DECK,2024-05-23,0.01724223606288433,0.013027995
DELL,2024-05-23,0.03463165834546089,0.03841284
DFS,2024-05-23,-0.009828703477978706,-0.0121394
DG,2024-05-23,0.0012734540505334735,-0.017314546
DGX,2024-05-23,-0.0076368930749595165,-0.012911774
DHI,2024-05-23,-0.002521186601370573,-0.012316524
DHR,2024-05-23,-0.01599048636853695,-0.021904783
DIS,2024-05-23,-0.012539461255073547,-0.023170412
DLR,2024-05-23,-0.0001709704811219126,-0.006306801
DLTR,2024-05-23,0.011429503560066223,0.0072688777
DOC,2024-05-23,-0.009379456751048565,-0.024892317
DOV,2024-05-23,-0.011749541386961937,-0.017587343
DOW,2024-05-23,-0.01189674623310566,-0.011875154
DPZ,2024-05-23,-0.015241073444485664,-0.019306984
DRI,2024-05-23,-0.001385701703839004,-0.0070856325
DTE,2024-05-23,-0.025616921484470367,-0.026413128
DUK,2024-05-23,-0.00851714238524437,-0.016078541
DVA,2024-05-23,-0.0016881084302440286,-0.018724974
DVN,2024-05-23,-0.003663854906335473,-0.011748515
DXCM,2024-05-23,-0.025425249710679054,-0.038481805
EA,2024-05-23,-0.0038381938356906176,-0.0054906914
EBAY,2024-05-23,0.004781194031238556,0.00018928644
ECL,2024-05-23,0.0046846684999763966,-0.0024419366
ED,2024-05-23,-0.017707504332065582,-0.023786018
EFX,2024-05-23,0.005511489696800709,-0.019042658
EG,2024-05-23,-0.011250345036387444,-0.030872893
EIX,2024-05-23,-0.012134991586208344,-0.017355105
EL,2024-05-23,-0.02476002275943756,-0.036111124
ELV,2024-05-23,-0.0038381617050617933,-0.0070711668
EMN,2024-05-23,-0.00134578300639987,-0.00372852
EMR,2024-05-23,-0.015963498502969742,-0.019278979
ENPH,2024-05-23,-0.026541898027062416,-0.031241082
EOG,2024-05-23,-0.013144711963832378,-0.016153876
EPAM,2024-05-23,0.00964253768324852,-0.01312834
EQIX,2024-05-23,-0.00800345279276371,-0.017984454
EQR,2024-05-23,-0.007987507618963718,-0.013369414
EQT,2024-05-23,-0.02512284368276596,-0.032042947
ERIE,2024-05-23,-0.011965624056756496,-0.014129659
ES,2024-05-23,-0.010391661897301674,-0.038846795
ESS,2024-05-23,-0.0026517477817833424,-0.01908025
ETN,2024-05-23,0.013736401684582233,0.0066410042
ETR,2024-05-23,-0.033886708319187164,-0.029709827
EVRG,2024-05-23,-0.0330764502286911,-0.026415696
EW,2024-05-23,-0.019779423251748085,-0.030948866
EXC,2024-05-23,-0.029334718361496925,-0.0232187
EXPD,2024-05-23,-0.00396762415766716,-0.0043609645
EXPE,2024-05-23,-0.0027886691968888044,-0.014197718
EXR,2024-05-23,-0.010865469463169575,-0.02587795
F,2024-05-23,0.01434448454529047,0.006627979
FANG,2024-05-23,0.009404120966792107,-0.0019774877
FAST,2024-05-23,-0.005575326271355152,-0.012984642
FCX,2024-05-23,0.01063193753361702,-0.0005857871
FDS,2024-05-23,-0.031123781576752663,-0.025850993
FDX,2024-05-23,-0.011873171664774418,-0.01108964
FE,2024-05-23,-0.016832495108246803,-0.01922899
FFIV,2024-05-23,-0.025291016325354576,-0.019055896
FI,2024-05-23,-0.009979961439967155,-0.01565456
FICO,2024-05-23,0.005399279296398163,-0.009897451
FIS,2024-05-23,0.002093786606565118,-0.012113098
FITB,2024-05-23,-0.01414920948445797,-0.020693965
FOX,2024-05-23,0.011158122681081295,0.002613458
FOXA,2024-05-23,0.005655806511640549,-0.0012123772
FRT,2024-05-23,-0.018116556107997894,-0.024427986
FSLR,2024-05-23,0.024773498997092247,-0.007735737
FTNT,2024-05-23,0.008310113102197647,-0.010448715
FTV,2024-05-23,-0.024394549429416656,-0.019519974
GD,2024-05-23,0.009141209535300732,-0.0050124354
GDDY,2024-05-23,0.005355057772248983,-0.0051828125
GE,2024-05-23,0.021391654387116432,0.02728967
GEN,2024-05-23,-0.022568492218852043,-0.013287097
GILD,2024-05-23,-0.028658127412199974,-0.024330385
GIS,2024-05-23,-0.01776488497853279,-0.01807103
GL,2024-05-23,-0.023516541346907616,-0.060732253
GLW,2024-05-23,0.0008014112827368081,-0.012654392
GM,2024-05-23,0.005000109318643808,-0.005473252
GNRC,2024-05-23,-0.004467470571398735,-0.051666837
GOOG,2024-05-23,-0.003246673382818699,-0.016653188
GOOGL,2024-05-23,-0.0036576867569237947,-0.016173558
GPC,2024-05-23,-0.01389718521386385,-0.026685499
GPN,2024-05-23,-0.02204139530658722,-0.028918605
GRMN,2024-05-23,0.0029236185364425182,0.004125633
GS,2024-05-23,0.003647970035672188,-0.009190143
GWW,2024-05-23,-0.01240516360849142,-0.009600448
HAL,2024-05-23,-0.020913410931825638,-0.0107804835
HAS,2024-05-23,0.004371607676148415,0.0003314661
HBAN,2024-05-23,-0.0344274677336216,-0.024723597
HCA,2024-05-23,-0.004241670947521925,-0.009751376
HD,2024-05-23,-0.007817825302481651,-0.011254651
HES,2024-05-23,0.0005389295401982963,-0.006962588
HIG,2024-05-23,-0.020873991772532463,-0.017040543
HII,2024-05-23,0.004007064271718264,-0.0063463286
HLT,2024-05-23,-0.027585070580244064,-0.021754868
HOLX,2024-05-23,-0.01318495161831379,-0.011021185
HON,2024-05-23,-0.020790286362171173,-0.016956056
HPE,2024-05-23,0.016876980662345886,0.0049463357
HPQ,2024-05-23,0.013576732017099857,-0.010965207
HRL,2024-05-23,-0.01862756349146366,-0.020504756
HSIC,2024-05-23,-0.00243822461925447,-0.011952352
HST,2024-05-23,-0.006400348152965307,-0.014222621
HSY,2024-05-23,-0.005472815129905939,-0.022279052
HUBB,2024-05-23,0.0074306149035692215,-0.0013221886
HUM,2024-05-23,0.0011060162214562297,-0.012358216
HWM,2024-05-23,0.003270211163908243,-0.0125386985
IBM,2024-05-23,-0.015604396350681782,-0.017538344
ICE,2024-05-23,-0.0031440439634025097,-0.010943998
IDXX,2024-05-23,0.007911398075520992,-0.003558926
IEX,2024-05-23,-0.03377930447459221,-0.011302206
IFF,2024-05-23,-0.013398200273513794,-0.015439459
INCY,2024-05-23,0.002140298020094633,-0.012969608
INTC,2024-05-23,-0.03664455935359001,-0.043556582
INTU,2024-05-23,-0.0036690544802695513,-0.012021834
INVH,2024-05-23,-0.01541808806359768,-0.013236853
IP,2024-05-23,0.03420792147517204,0.058762554
IPG,2024-05-23,-0.025820132344961166,-0.015796876
IQV,2024-05-23,0.013352354057133198,0.0046785786
IR,2024-05-23,-0.008929581381380558,-0.012331005
IRM,2024-05-23,-0.013241066597402096,-0.020966314
ISRG,2024-05-23,0.006635055877268314,-0.006280471
IT,2024-05-23,-0.004270265344530344,-0.013902729
ITW,2024-05-23,-0.03269360959529877,-0.029737005
IVZ,2024-05-23,-0.010892880149185658,-0.021117637
J,2024-05-23,0.010819136165082455,0.0047034947
JBHT,2024-05-23,0.010499849915504456,-0.0006332017
JBL,2024-05-23,0.013670573011040688,0.005148203
JCI,2024-05-23,0.010327942669391632,0.0009559588
JKHY,2024-05-23,-0.005208064801990986,-0.0076930323
JNJ,2024-05-23,-0.03942865878343582,-0.025062105
JNPR,2024-05-23,-0.009098746813833714,-0.002598494
JPM,2024-05-23,0.0029913857579231262,-0.007033952
K,2024-05-23,0.0022681537084281445,-0.005041788
KDP,2024-05-23,-0.007770592346787453,-0.008498174
KEY,2024-05-23,-0.04250892251729965,-0.038642693
KEYS,2024-05-23,-0.023696133866906166,-0.02498582
KHC,2024-05-23,-0.008249341510236263,-0.016069943
KIM,2024-05-23,-0.01998673938214779,-0.022887614
KKR,2024-05-23,9.674797183834016e-05,-0.017066607
KLAC,2024-05-23,0.006438703741878271,-0.008602228
KMB,2024-05-23,-0.027159258723258972,-0.015279038
KMI,2024-05-23,-0.010253162123262882,-0.01611536
KMX,2024-05-23,-0.003203097265213728,-0.011968757
KO,2024-05-23,-0.011158114299178123,-0.014548721
KR,2024-05-23,-0.024425029754638672,-0.011376949
L,2024-05-23,-0.014248142950236797,-0.023055796
LDOS,2024-05-23,0.005834492389112711,-0.0010009047
LEN,2024-05-23,-0.006667063105851412,-0.008762687
LH,2024-05-23,-0.02649248205125332,-0.020586492
LHX,2024-05-23,-0.0020666972268372774,-0.009856461
LII,2024-05-23,-0.0031000433955341578,-0.013369535
LIN,2024-05-23,-0.007900687865912914,-0.0057433317
LKQ,2024-05-23,-0.03326466307044029,-0.03520674
LLY,2024-05-23,0.015883008018136024,0.0068760305
LMT,2024-05-23,-0.009571493603289127,-0.005614996
LNT,2024-05-23,-0.012880105525255203,-0.02292632
LOW,2024-05-23,-0.0010203320998698473,-0.016642464
LRCX,2024-05-23,0.0012066210620105267,-0.007942078
LULU,2024-05-23,0.00936111155897379,0.00036697803
LUV,2024-05-23,-0.034807026386260986,-0.045089882
LVS,2024-05-23,-0.017919212579727173,-0.023598809
LW,2024-05-23,-0.0011511251796036959,-0.011670308
LYB,2024-05-23,-0.00300282402895391,-0.011227529
LYV,2024-05-23,-0.0385482981801033,-0.081146784
MA,2024-05-23,-0.022953983396291733,-0.01169907
MAA,2024-05-23,-0.022423552349209785,-0.0229034
MAR,2024-05-23,-0.028327111154794693,-0.014841294
MAS,2024-05-23,0.0004809089587070048,-0.0031954874
MCD,2024-05-23,-0.020349957048892975,-0.029934078
MCHP,2024-05-23,-0.0019853857811540365,-0.013661228
MCK,2024-05-23,0.0069579919800162315,0.0011654253
MCO,2024-05-23,-0.0006506817881017923,-0.019630557
MDLZ,2024-05-23,-0.011675726622343063,-0.019700313
MDT,2024-05-23,-0.04381692409515381,-0.052375387
MET,2024-05-23,-0.01719619892537594,-0.016882421
META,2024-05-23,0.0013030803529545665,-0.0042847604
MGM,2024-05-23,-0.031889352947473526,-0.032090843
MHK,2024-05-23,-0.00842403806746006,-0.014152083
MKC,2024-05-23,-0.017886240035295486,-0.02043829
MKTX,2024-05-23,-0.00026316233561374247,-0.022675153
MLM,2024-05-23,0.012748181819915771,0.00036626303
MMC,2024-05-23,-0.0037140462081879377,-0.013513892
MMM,2024-05-23,-0.0036374423652887344,-0.012780238
MNST,2024-05-23,-0.009040710516273975,-0.008700401
MO,2024-05-23,-0.0035458297934383154,-0.014788191
MOH,2024-05-23,-0.01250083465129137,-0.012819956
MOS,2024-05-23,-0.00930076651275158,-0.022612203
MPC,2024-05-23,0.013225122354924679,0.0030631453
MPWR,2024-05-23,0.001711343415081501,-0.01888332
MRK,2024-05-23,0.0076500107534229755,-7.635647e-05
MRNA,2024-05-23,0.008288088254630566,0.0041545993
MS,2024-05-23,-0.014203451573848724,-0.018229516
MSCI,2024-05-23,-0.03335460275411606,-0.02701087
MSFT,2024-05-23,0.0078963041305542,-0.008209512
MSI,2024-05-23,-0.016100795939564705,-0.021021195
MTB,2024-05-23,-0.032537300139665604,-0.023266563
MTCH,2024-05-23,0.013112928718328476,-0.0044001164
MTD,2024-05-23,-0.006878430023789406,-0.0150808925
MU,2024-05-23,0.008508038707077503,-7.921771e-05
NCLH,2024-05-23,-0.01699782907962799,-0.043335006
NDAQ,2024-05-23,-0.008476249873638153,-0.015002734
NDSN,2024-05-23,-0.004536694847047329,-0.02170135
NEE,2024-05-23,0.001748539274558425,-0.013188604
NEM,2024-05-23,-0.006643735803663731,-0.027739309
NFLX,2024-05-23,0.010117747820913792,-0.0075225323
NI,2024-05-23,-0.01179430726915598,-0.027738389
NKE,2024-05-23,-0.01186920702457428,-0.011962544
NOC,2024-05-23,-0.019604787230491638,-0.015881877
NOW,2024-05-23,-0.01758737862110138,-0.016585087
NRG,2024-05-23,-0.0017859087092801929,0.0002466136
NSC,2024-05-23,-0.009865500964224339,-0.018907484
NTAP,2024-05-23,0.00835638027638197,-0.0006136392
NTRS,2024-05-23,-0.014058724977076054,-0.012472561
NUE,2024-05-23,0.011361570097506046,0.0025100121
NVDA,2024-05-23,0.05402803048491478,0.088870905
NVR,2024-05-23,-0.0021306213457137346,-0.008833577
NWS,2024-05-23,0.005553124006837606,-0.0014974942
NWSA,2024-05-23,0.010341930203139782,-0.0027011659
NXPI,2024-05-23,-0.0019461617339402437,-0.022152962
O,2024-05-23,-0.009981879033148289,-0.0265916
ODFL,2024-05-23,-0.003181193955242634,-0.0053479457
OKE,2024-05-23,-0.011881504207849503,-0.018163497
OMC,2024-05-23,-0.006192742381244898,-0.010977077
ON,2024-05-23,-0.019874747842550278,-0.06266645
ORCL,2024-05-23,0.007449086755514145,-0.0041014873
ORLY,2024-05-23,-0.029437296092510223,-0.015827753
OXY,2024-05-23,-0.002319617196917534,-0.011233797
PANW,2024-05-23,0.02003108523786068,0.009225335
PARA,2024-05-23,-0.006766897160559893,-0.034170896
PAYC,2024-05-23,-0.01647380366921425,-0.03507688
PAYX,2024-05-23,0.0018408779287710786,-0.010449437
PCAR,2024-05-23,0.012218120507895947,0.0049723126
PCG,2024-05-23,-0.000895796692930162,-0.018861094
PEG,2024-05-23,-0.0053312634117901325,-0.010548752
PEP,2024-05-23,-0.02124629355967045,-0.015606742
PFE,2024-05-23,-0.0348677821457386,-0.031215586
PFG,2024-05-23,-0.0286034494638443,-0.022583624
PG,2024-05-23,-0.00977353472262621,-0.013920676
PGR,2024-05-23,-0.006657509598881006,-0.015431712
PH,2024-05-23,-0.042262397706508636,-0.03634685
PHM,2024-05-23,-0.00035827874671667814,-0.012866257
PKG,2024-05-23,-0.006975917611271143,-0.005863591
PLD,2024-05-23,-0.0350906066596508,-0.0333148
PM,2024-05-23,-0.011998170055449009,-0.014148336
PNC,2024-05-23,-0.04604952409863472,-0.024117876
PNR,2024-05-23,-0.025016622617840767,-0.018723639
PNW,2024-05-23,-0.017673837020993233,-0.01672493
PODD,2024-05-23,-0.04116035997867584,-0.058437582
POOL,2024-05-23,-0.005960959941148758,-0.0068515004
PPG,2024-05-23,-0.03664148226380348,-0.027692894
PPL,2024-05-23,-0.022551901638507843,-0.025043352
PRU,2024-05-23,-0.006821713410317898,-0.0138191
PSA,2024-05-23,-0.02972370944917202,-0.031031234
PSX,2024-05-23,-0.0015907961642369628,-0.0049808673
PTC,2024-05-23,-0.0010332108940929174,-0.006332413
PWR,2024-05-23,0.025460433214902878,0.019901186
PYPL,2024-05-23,0.00638751732185483,-0.009856702
QCOM,2024-05-23,0.009575506672263145,-0.005782178
RCL,2024-05-23,0.00028153994935564697,-0.007218598
REG,2024-05-23,-0.021630965173244476,-0.017558722
REGN,2024-05-23,0.007772273384034634,-0.0032885326
RF,2024-05-23,-0.030281323939561844,-0.029160472
RJF,2024-05-23,0.00021324920817278326,-0.0017005334
RL,2024-05-23,0.04070650413632393,0.032169495
RMD,2024-05-23,-0.028773600235581398,-0.031119628
ROK,2024-05-23,-0.03323432803153992,-0.032908425
ROL,2024-05-23,-0.012207881547510624,-0.015957015
ROP,2024-05-23,0.006841674912720919,-0.0051828725
ROST,2024-05-23,0.011558069847524166,0.0026579248
RSG,2024-05-23,0.0023864482063800097,-0.0023586487
RTX,2024-05-23,-0.0019143199315294623,-0.0085016005
RVTY,2024-05-23,0.01277337595820427,-0.006946863
SBAC,2024-05-23,-0.024286365136504173,-0.026030777
SBUX,2024-05-23,-0.01171802170574665,-0.030301757
SCHW,2024-05-23,-0.05254647880792618,-0.039683707
SHW,2024-05-23,-0.010690920986235142,-0.013533402
SJM,2024-05-23,-0.020183751359581947,-0.012779574
SLB,2024-05-23,-0.0026446396950632334,-0.003448272
SMCI,2024-05-23,-0.015524664893746376,-0.030086512
SNA,2024-05-23,-0.026629624888300896,-0.021554813
SNPS,2024-05-23,0.025243641808629036,0.022715071
SO,2024-05-23,-0.0044199079275131226,-0.019502962
SPG,2024-05-23,-0.012452482245862484,-0.010520564
SPGI,2024-05-23,-0.0011720121838152409,-0.013703277
SRE,2024-05-23,-0.010410000570118427,-0.01919018
STE,2024-05-23,-0.012774708680808544,-0.016570428
STLD,2024-05-23,0.013819094747304916,0.006308676
STT,2024-05-23,-0.03335405886173248,-0.022204736
STX,2024-05-23,-0.0052160583436489105,-0.012862755
STZ,2024-05-23,-0.021730519831180573,-0.015462819
SWK,2024-05-23,-0.005565710831433535,-0.01351208
SWKS,2024-05-23,-0.021039467304944992,-0.02404343
SYF,2024-05-23,-0.0015670612920075655,-0.015739791
SYK,2024-05-23,-0.009550098329782486,-0.015926074
SYY,2024-05-23,0.02648489736020565,0.0019230199
T,2024-05-23,0.007018267177045345,-0.001715878
TAP,2024-05-23,-0.008559228852391243,-0.014047403
TDG,2024-05-23,0.013137700967490673,0.003409989
TDY,2024-05-23,-0.009221457876265049,-0.020338504
TECH,2024-05-23,-0.008013774640858173,-0.031450663
TEL,2024-05-23,0.013873467221856117,-0.006710603
TER,2024-05-23,0.00966187659651041,-0.01843658
TFC,2024-05-23,-0.012805607169866562,-0.016853575
TGT,2024-05-23,0.012226806953549385,0.007925326
TJX,2024-05-23,-0.016420602798461914,-0.009538591
TKO,2024-05-23,0.004840264096856117,-0.011564674
TMO,2024-05-23,-0.026570292189717293,-0.009813969
TMUS,2024-05-23,1.6939520719461143e-05,-0.003207626
TPL,2024-05-23,0.00969900656491518,0.0006739013
TPR,2024-05-23,0.0014596609398722649,-0.0028972153
TRGP,2024-05-23,0.001173278782516718,-0.009354246
TRMB,2024-05-23,0.00020365192904137075,-0.01275392
TROW,2024-05-23,0.020046811550855637,-0.006564446
TRV,2024-05-23,-0.020266713574528694,-0.020054769
TSCO,2024-05-23,0.004643934313207865,0.001766787
TSLA,2024-05-23,-0.004311248194426298,-0.03599227
TSN,2024-05-23,0.01147107221186161,0.00033170445
TT,2024-05-23,0.006326547358185053,-0.0018305216
TTWO,2024-05-23,0.02476358786225319,0.011355043
TXN,2024-05-23,0.006616738624870777,-0.026256697
TXT,2024-05-23,-0.015930339694023132,-0.015041874
TYL,2024-05-23,0.00048351549776270986,-0.0129061
UAL,2024-05-23,-4.336275742389262e-05,-0.012669842
UBER,2024-05-23,-0.007709787227213383,-0.02912313
UDR,2024-05-23,-0.0069053019396960735,-0.020148326
UHS,2024-05-23,-0.011957383714616299,-0.0111854
ULTA,2024-05-23,0.010124360211193562,-0.005805258
UNH,2024-05-23,-0.003793451003730297,-0.008707315
UNP,2024-05-23,0.010580699890851974,-0.008557564
UPS,2024-05-23,-0.044765982776880264,-0.033009652
URI,2024-05-23,-0.004645640030503273,-0.023459507
USB,2024-05-23,-0.023101268336176872,-0.018565077
V,2024-05-23,-0.0014483423437923193,-0.0049107256
VICI,2024-05-23,-0.02494654804468155,-0.03198915
VLO,2024-05-23,0.016904031857848167,0.0034507373
VMC,2024-05-23,-0.0028884229250252247,-0.012363827
VRSK,2024-05-23,-0.005650699604302645,-0.017457698
VRSN,2024-05-23,-0.014733249321579933,-0.017689595
VRTX,2024-05-23,0.015975967049598694,0.007280002
VST,2024-05-23,0.013435637578368187,0.019535957
VTR,2024-05-23,-0.009996781125664711,-0.026756646
VTRS,2024-05-23,-0.0011250354582443833,-0.021603879
VZ,2024-05-23,-0.013699470087885857,-0.009088495
WAB,2024-05-23,0.00621572881937027,-0.000707996
WAT,2024-05-23,-0.03262176737189293,-0.03502472
WBA,2024-05-23,-0.018198125064373016,-0.032070614
WBD,2024-05-23,-0.02487788163125515,-0.045661543
WDAY,2024-05-23,0.017670772969722748,0.0039171446
WDC,2024-05-23,0.013914179056882858,0.0083953
WEC,2024-05-23,-0.050903744995594025,-0.020123035
WELL,2024-05-23,-0.0021675245370715857,-0.018925155
WFC,2024-05-23,-0.008446174673736095,-0.020725716
WM,2024-05-23,0.003520545084029436,-0.0020504713
WMB,2024-05-23,-0.003948753699660301,-0.01509269
WMT,2024-05-23,-0.008940281346440315,-0.006303263
WRB,2024-05-23,-0.022552603855729103,-0.015602385
WSM,2024-05-23,-0.006237618159502745,0.016403047
WST,2024-05-23,-0.0026189135387539864,-0.01719645
WTW,2024-05-23,-0.020037926733493805,-0.01517025
WY,2024-05-23,-0.017176583409309387,-0.019402903
WYNN,2024-05-23,-0.0057504805736243725,-0.014663974
XEL,2024-05-23,-0.011326946318149567,-0.026827307
XOM,2024-05-23,-0.008031776174902916,-0.017204754
XYL,2024-05-23,0.0067583355121314526,-0.0102446955
YUM,2024-05-23,0.00349408364854753,-0.015353829
ZBH,2024-05-23,-0.018463313579559326,-0.029587934
ZBRA,2024-05-23,0.0018108319491147995,-0.00897014
ZTS,2024-05-23,0.003931531682610512,-0.006706583
A,2024-05-24,-0.007519915234297514,0.00073036685
AAPL,2024-05-24,0.00757618248462677,0.016450645
ABBV,2024-05-24,-0.01639808528125286,-0.007611232
ABT,2024-05-24,-0.00714436499401927,-0.0026900494
ACGL,2024-05-24,0.007241500075906515,0.013930864
ACN,2024-05-24,-0.02079956978559494,-0.016277786
ADBE,2024-05-24,-0.031111430376768112,-0.01643715
ADI,2024-05-24,-0.006857692264020443,-0.00877796
ADM,2024-05-24,-0.0068336245603859425,-0.0037949893
ADP,2024-05-24,-0.018689019605517387,-0.010351818
ADSK,2024-05-24,-0.011919423006474972,-0.0012557035
AEE,2024-05-24,-0.013391347602009773,-0.002240241
AEP,2024-05-24,-0.0055909669026732445,-0.0034782372
AES,2024-05-24,0.0037174909375607967,0.016878683
AFL,2024-05-24,0.00872012972831726,0.010431267
AIG,2024-05-24,0.0007280597346834838,0.005783663
AIZ,2024-05-24,-0.0018248941050842404,0.013583009
AJG,2024-05-24,-0.0011014023330062628,0.0043734815
AKAM,2024-05-24,-0.00012961874017491937,0.0019138583
ALB,2024-05-24,0.017170043662190437,0.037027296
ALGN,2024-05-24,0.00761202210560441,0.012715711
ALL,2024-05-24,-0.004652312025427818,0.0051088296
ALLE,2024-05-24,0.007839818485081196,0.008518816
AMAT,2024-05-24,8.503667777404189e-05,0.013398392
AMCR,2024-05-24,0.0017663899343460798,0.006054321
AMD,2024-05-24,0.0216300617903471,0.036280535
AME,2024-05-24,0.00465201074257493,0.005427453
AMGN,2024-05-24,-0.004314952064305544,-0.0021556555
AMP,2024-05-24,0.009684599004685879,0.015585554
AMT,2024-05-24,-0.007252913434058428,-0.00359697
AMZN,2024-05-24,-0.008726886473596096,-0.001658382
ANET,2024-05-24,0.0008095500525087118,0.016874582
ANSS,2024-05-24,0.018952595070004463,0.008888207
AON,2024-05-24,0.007286721374839544,0.005178089
AOS,2024-05-24,0.004976621828973293,0.008409721
APA,2024-05-24,-0.010100198909640312,-0.005434777
APD,2024-05-24,0.0027908573392778635,0.0061028986
APH,2024-05-24,-0.00261517520993948,-0.0011737073
APO,2024-05-24,0.013524803332984447,0.023114251
APTV,2024-05-24,0.027465026825666428,0.027876474
ARE,2024-05-24,-0.00552114425227046,-0.0016033369
ATO,2024-05-24,-0.011235127225518227,-0.0050929473
AVB,2024-05-24,0.0036478128749877214,0.007089459
AVGO,2024-05-24,0.0012822661083191633,0.01038833
AVY,2024-05-24,-0.0006295456551015377,8.7972585e-05
AWK,2024-05-24,-0.010220016352832317,-0.0028813148
AXON,2024-05-24,0.00882105901837349,0.019940786
AXP,2024-05-24,0.005624908022582531,0.011485139
AZO,2024-05-24,-0.004545585252344608,0.0055147097
BA,2024-05-24,-0.00021390040637925267,0.0133238295
BAC,2024-05-24,0.0052158706821501255,0.013439435
BALL,2024-05-24,0.0036386616993695498,0.004656509
BAX,2024-05-24,-0.00375472498126328,-0.002945337
BBY,2024-05-24,0.01653687097132206,0.0264958
BDX,2024-05-24,-0.017038876190781593,-0.006795391
BEN,2024-05-24,0.00461165513843298,0.008609463
BG,2024-05-24,0.01321526151150465,0.013582303
BK,2024-05-24,0.013599297031760216,0.012944463
BKNG,2024-05-24,0.010622762143611908,0.011305899
BKR,2024-05-24,0.009976305067539215,0.017449653
BLDR,2024-05-24,0.02118612267076969,0.028086701
BLK,2024-05-24,-0.005516379605978727,-0.0033835
BMY,2024-05-24,-0.013414163142442703,-0.0072478345
BR,2024-05-24,-0.0055125500075519085,-0.005718095
BRO,2024-05-24,-0.002141253324225545,0.0028015361
BSX,2024-05-24,0.013246171176433563,0.016664455
BX,2024-05-24,5.1552022341638803e-05,0.004295857
BXP,2024-05-24,-0.009528016671538353,-0.0075583835
C,2024-05-24,0.0039201946929097176,0.008846619
CAG,2024-05-24,-0.00698438985273242,-0.0052699894
CAH,2024-05-24,-0.005032447632402182,0.0035335356
CAT,2024-05-24,-0.006879510823637247,-0.0051457873
CB,2024-05-24,0.00398202845826745,0.0063655325
CBOE,2024-05-24,0.00977630726993084,0.011955765
CBRE,2024-05-24,-0.0049158744513988495,-0.001712833
CCL,2024-05-24,0.016903609037399292,0.023400376
CDNS,2024-05-24,-0.0054432787001132965,-0.0013922594
CDW,2024-05-24,-0.0018888177582994103,-0.0022048766
CF,2024-05-24,-0.018329622223973274,-0.009629392
CFG,2024-05-24,0.0013439847389236093,0.0065275566
CHD,2024-05-24,-0.004705842584371567,0.0004698126
CHRW,2024-05-24,0.016142193228006363,0.024745336
CHTR,2024-05-24,0.010197957046329975,0.011298592
CI,2024-05-24,-0.01964034140110016,-0.015570972
CINF,2024-05-24,0.002768712816759944,0.0048553515
CL,2024-05-24,-0.011400159448385239,-0.0045981733
CLX,2024-05-24,-0.0038023858796805143,0.0018265225
CMCSA,2024-05-24,-0.009648776613175869,-0.0036259827
CME,2024-05-24,0.014112518168985844,0.0133486455
CMG,2024-05-24,0.0032110740430653095,0.0042449352
CMI,2024-05-24,0.0012591555714607239,0.0035513535
CMS,2024-05-24,0.006287131458520889,0.009157659
CNC,2024-05-24,-0.03151996061205864,-0.035524484
CNP,2024-05-24,0.0014591059880331159,0.005436582
COF,2024-05-24,-0.006692493800073862,0.00094500196
COO,2024-05-24,-0.0026022179517894983,0.004753562
COP,2024-05-24,-0.007213032804429531,-0.003405688
COR,2024-05-24,-0.01654539816081524,-0.004239627
COST,2024-05-24,0.012373753823339939,0.016673008
CPAY,2024-05-24,-0.011753004975616932,-0.0075109424
CPB,2024-05-24,-0.014473525807261467,-0.0065946835
CPRT,2024-05-24,0.008970646187663078,0.009298675
CPT,2024-05-24,-0.01146441325545311,-0.0039497823
CRL,2024-05-24,-0.006874955724924803,-0.001564055
CRM,2024-05-24,-0.03837169334292412,-0.022797773
CRWD,2024-05-24,0.006973551586270332,0.026284637
CSCO,2024-05-24,-0.005532541777938604,-0.0038700793
CSGP,2024-05-24,0.0013932171277701855,0.0027969
CSX,2024-05-24,0.008487562648952007,0.0083231935
CTAS,2024-05-24,-0.030588174238801003,-0.019231237
CTRA,2024-05-24,-0.004288452211767435,0.002214002
CTSH,2024-05-24,-0.008596531115472317,-0.002193228
CTVA,2024-05-24,-0.0072963363490998745,-0.001080142
CVS,2024-05-24,-0.013219000771641731,-0.0019786225
CVX,2024-05-24,-0.001925596036016941,0.0051478473
CZR,2024-05-24,0.0005335583118721843,0.033243615
D,2024-05-24,0.0004681489954236895,0.004746918
DAL,2024-05-24,0.008573566563427448,0.012421928
DAY,2024-05-24,-0.03773324191570282,-0.079218656
DD,2024-05-24,0.0473221093416214,0.027361419
DE,2024-05-24,-0.016118833795189857,-0.011349342
DECK,2024-05-24,0.11210118979215622,0.13180618
DELL,2024-05-24,0.0153929078951478,0.04211669
DFS,2024-05-24,0.005297074560075998,0.0033330023
DG,2024-05-24,0.028201399371027946,0.04295542
DGX,2024-05-24,0.006335744168609381,0.008815309
DHI,2024-05-24,0.002939710859209299,0.012523868
DHR,2024-05-24,0.0024906902108341455,0.0052654855
DIS,2024-05-24,0.0031873369589447975,0.01086821
DLR,2024-05-24,-0.0006105136126279831,0.00364899
DLTR,2024-05-24,0.0025653792545199394,0.0066965395
DOC,2024-05-24,-0.0016520562348887324,0.0031462132
DOV,2024-05-24,-0.004932394251227379,-0.00054284756
DOW,2024-05-24,0.015230564400553703,0.014648634
DPZ,2024-05-24,-0.007931678555905819,5.972207e-05
DRI,2024-05-24,-0.007399305235594511,-0.00040646704
DTE,2024-05-24,0.0009079299052245915,0.007999118
DUK,2024-05-24,0.00200594961643219,0.00372619
DVA,2024-05-24,0.03886740654706955,0.046431586
DVN,2024-05-24,-0.012197143398225307,-0.0016601731
DXCM,2024-05-24,0.005967642180621624,0.013993156
EA,2024-05-24,-0.004808302503079176,0.004898413
EBAY,2024-05-24,0.023090481758117676,0.029838521
ECL,2024-05-24,0.00872157420963049,0.005048698
ED,2024-05-24,-0.004094536416232586,0.0059477966
EFX,2024-05-24,0.0019277347018942237,0.011986741
EG,2024-05-24,0.007052171044051647,0.011293878
EIX,2024-05-24,0.0009652244625613093,0.0043004863
EL,2024-05-24,-0.006088638212531805,-0.00055525213
ELV,2024-05-24,-0.03782297298312187,-0.042277083
EMN,2024-05-24,0.016012990847229958,0.011842224
EMR,2024-05-24,0.006201636046171188,0.00823311
ENPH,2024-05-24,0.027880165725946426,0.06322993
EOG,2024-05-24,-0.013523456640541553,-0.0061463094
EPAM,2024-05-24,-0.024265045300126076,-0.036989033
EQIX,2024-05-24,-0.008624334819614887,-0.0018387622
EQR,2024-05-24,-0.002212048973888159,0.0048825173
EQT,2024-05-24,0.0028458319138735533,0.00599555
ERIE,2024-05-24,0.010714207775890827,0.015518551
ES,2024-05-24,-0.011148212477564812,0.0
ESS,2024-05-24,-0.0007842405466362834,0.0055278684
ETN,2024-05-24,0.004707333631813526,0.007271955
ETR,2024-05-24,-0.006765455473214388,-0.0023794402
EVRG,2024-05-24,-0.004345799330621958,0.00037436627
EW,2024-05-24,0.0037641553208231926,0.0059280074
EXC,2024-05-24,-0.019962884485721588,-0.009223768
EXPD,2024-05-24,0.02010781690478325,0.010824347
EXPE,2024-05-24,-0.009846757166087627,-0.0016304412
EXR,2024-05-24,-0.003404650604352355,-0.00035071562
F,2024-05-24,0.008415093645453453,0.0041202903
FANG,2024-05-24,2.8892012778669596e-05,0.0077836392
FAST,2024-05-24,-0.006084580905735493,0.0033378736
FCX,2024-05-24,0.0006119887111708522,0.0064246366
FDS,2024-05-24,-0.004405194893479347,-0.0007335252
FDX,2024-05-24,-0.007814076729118824,-0.006842619
FE,2024-05-24,-0.008622564375400543,-0.004352823
FFIV,2024-05-24,-0.002762519521638751,-0.0002942518
FI,2024-05-24,-0.0063062310218811035,0.00093166303
FICO,2024-05-24,-0.0025485774967819452,0.022978727
FIS,2024-05-24,0.011412646621465683,0.019206712
FITB,2024-05-24,0.0060705868527293205,0.011610269
FOX,2024-05-24,0.015047135762870312,0.01553803
FOXA,2024-05-24,0.02080097608268261,0.019223195
FRT,2024-05-24,-0.006015135906636715,-0.005998734
FSLR,2024-05-24,0.06003938987851143,0.10202161
FTNT,2024-05-24,-0.0011266949586570263,0.006869401
FTV,2024-05-24,-0.004807803314179182,0.0040932223
GD,2024-05-24,0.011711597442626953,0.0104000075
GDDY,2024-05-24,0.0017191368388012052,0.011337955
GE,2024-05-24,0.0018152982229366899,0.012447238
GEN,2024-05-24,-0.0006106146611273289,0.008877928
GILD,2024-05-24,-0.017444651573896408,-0.007432639
GIS,2024-05-24,-0.020229799672961235,-0.011499564
GL,2024-05-24,-0.0002676866133697331,0.014664254
GLW,2024-05-24,-7.530098082497716e-05,0.0044200057
GM,2024-05-24,0.0015844163717702031,0.008651888
GNRC,2024-05-24,0.017208067700266838,0.030867038
GOOG,2024-05-24,0.0023444807156920433,0.0072285235
GOOGL,2024-05-24,0.0030773943290114403,0.0082629025
GPC,2024-05-24,-0.005268089007586241,-0.002956576
GPN,2024-05-24,0.0015602019848302007,-0.0046601496
GRMN,2024-05-24,-0.0027041062712669373,0.0066148345
GS,2024-05-24,0.002191818319261074,0.006591624
GWW,2024-05-24,0.013443310745060444,0.012180102
HAL,2024-05-24,-0.00710720382630825,0.0036065872
HAS,2024-05-24,-0.0014838994247838855,0.0051235356
HBAN,2024-05-24,0.008558510802686214,0.011712647
HCA,2024-05-24,0.002948100445792079,0.010661851
HD,2024-05-24,-0.01341808121651411,-0.005490991
HES,2024-05-24,-0.004676958546042442,0.0073589305
HIG,2024-05-24,0.004212737083435059,0.0062396144
HII,2024-05-24,0.01803852804005146,0.013042583
HLT,2024-05-24,0.013561096042394638,0.01591885
HOLX,2024-05-24,-0.008085912093520164,-0.0025711246
HON,2024-05-24,-0.00021422634017653763,0.0015035276
HPE,2024-05-24,0.0026630430947989225,0.009276827
HPQ,2024-05-24,0.0006344238063320518,0.003058035
HRL,2024-05-24,0.01236713957041502,0.010305987
HSIC,2024-05-24,0.0012866363395005465,0.0027926206
HST,2024-05-24,0.003377612680196762,0.008230273
HSY,2024-05-24,-0.017749203369021416,-0.02029734
HUBB,2024-05-24,0.02491380274295807,0.03044985
HUM,2024-05-24,-0.010048101656138897,-0.008324714
HWM,2024-05-24,0.01998315379023552,0.027516719
IBM,2024-05-24,0.0007814846467226744,0.0012880602
ICE,2024-05-24,0.005651213228702545,0.0069182934
IDXX,2024-05-24,-0.008042093366384506,0.0007747984
IEX,2024-05-24,-0.011519688181579113,-0.001811115
IFF,2024-05-24,0.015837522223591805,0.01752144
INCY,2024-05-24,-0.009683283977210522,-0.0024398454
INTC,2024-05-24,0.014065024442970753,0.021050297
INTU,2024-05-24,-0.11004459857940674,-0.0869259
INVH,2024-05-24,-0.004862223286181688,-0.0011592663
IP,2024-05-24,0.012046176008880138,0.02900525
IPG,2024-05-24,0.006547790952026844,0.009508508
IQV,2024-05-24,0.01084885373711586,0.010991886
IR,2024-05-24,0.0002673533163033426,0.004197335
IRM,2024-05-24,0.005201302003115416,0.011911128
ISRG,2024-05-24,0.009375309571623802,0.016083755
IT,2024-05-24,-0.014874760061502457,-0.015031952
ITW,2024-05-24,-0.01184022706001997,-0.0057317023
IVZ,2024-05-24,-0.0013016574084758759,0.01093565
J,2024-05-24,0.01640799641609192,0.014191762
JBHT,2024-05-24,-0.008303102105855942,-0.0016482921
JBL,2024-05-24,0.0003271009190939367,0.0067955237
JCI,2024-05-24,0.01028119120746851,0.008697738
JKHY,2024-05-24,0.00288288458250463,0.004934711
JNJ,2024-05-24,-0.029096083715558052,-0.018402714
JNPR,2024-05-24,0.010722508653998375,0.0028867659
JPM,2024-05-24,0.011954941786825657,0.019061396
K,2024-05-24,-0.012544798664748669,-0.004739855
KDP,2024-05-24,0.006782952696084976,0.006160952
KEY,2024-05-24,0.007390594109892845,0.015659356
KEYS,2024-05-24,-0.004178690258413553,0.0014588904
KHC,2024-05-24,-0.0025516250170767307,0.0013955616
KIM,2024-05-24,-0.015325848944485188,-0.0053996
KKR,2024-05-24,0.009358072653412819,0.02328468
KLAC,2024-05-24,-0.00046897868742235005,0.018079622
KMB,2024-05-24,-0.008471009321510792,0.00075824105
KMI,2024-05-24,-0.003039495786651969,-0.00052424095
KMX,2024-05-24,0.008652258664369583,0.013687061
KO,2024-05-24,-0.006135965697467327,-0.0014506356
KR,2024-05-24,-0.004757765214890242,-0.0060205604
L,2024-05-24,-0.0010134443873539567,0.007924025
LDOS,2024-05-24,0.004458154551684856,0.009171596
LEN,2024-05-24,0.004710134118795395,0.011964953
LH,2024-05-24,0.015499835833907127,0.01656377
LHX,2024-05-24,-0.0024305928964167833,0.0006272017
LII,2024-05-24,0.013809410855174065,0.023307843
LIN,2024-05-24,0.013672194443643093,0.0075355796
LKQ,2024-05-24,0.0014721780316904187,0.012188934
LLY,2024-05-24,-0.0033197926823049784,-0.0012623877
LMT,2024-05-24,-0.0029046135023236275,0.00057799794
LNT,2024-05-24,-0.010028872638940811,-0.0012005016
LOW,2024-05-24,-0.009154691360890865,-0.010492138
LRCX,2024-05-24,-0.0005663805641233921,0.012899281
LULU,2024-05-24,0.004388913046568632,0.010850051
LUV,2024-05-24,-0.0002096600946970284,0.007104017
LVS,2024-05-24,-0.0074522956274449825,0.0017841607
LW,2024-05-24,0.014333033002912998,0.016613584
LYB,2024-05-24,0.012875699438154697,0.01143058
LYV,2024-05-24,0.02969467267394066,0.02649023
MA,2024-05-24,0.0006709162262268364,-6.646139e-05
MAA,2024-05-24,-0.005634936038404703,0.0021042097
MAR,2024-05-24,0.017781924456357956,0.019330265
MAS,2024-05-24,0.005001469049602747,0.0052235075
MCD,2024-05-24,-0.004151816945523024,0.0006976077
MCHP,2024-05-24,-0.001993703655898571,0.00091677567
MCK,2024-05-24,0.002817536238580942,0.004826643
MCO,2024-05-24,0.0035128341987729073,0.008757058
MDLZ,2024-05-24,-0.01259161252528429,-0.008020359
MDT,2024-05-24,0.010203961282968521,0.011119672
MET,2024-05-24,0.0050171841867268085,0.012344466
META,2024-05-24,0.023745985701680183,0.026351355
MGM,2024-05-24,0.019777843728661537,0.020087019
MHK,2024-05-24,-0.002392326481640339,0.0057711
MKC,2024-05-24,-0.0015730903251096606,0.00083125825
MKTX,2024-05-24,0.0052984715439379215,0.011126745
MLM,2024-05-24,0.0009230569703504443,0.009890157
MMC,2024-05-24,-0.0032641543075442314,-0.00048088664
MMM,2024-05-24,-0.005610471125692129,0.0016064832
MNST,2024-05-24,-0.007080644369125366,0.0011392296
MO,2024-05-24,-0.0059331441298127174,-0.0032919412
MOH,2024-05-24,-0.025442996993660927,-0.026349893
MOS,2024-05-24,-0.011213960126042366,-0.0019349065
MPC,2024-05-24,0.006866203621029854,0.006998435
MPWR,2024-05-24,0.002689200919121504,0.009321231
MRK,2024-05-24,-0.021041730418801308,-0.012279661
MRNA,2024-05-24,0.009564798325300217,0.015727052
MS,2024-05-24,-0.002947240835055709,0.0005054388
MSCI,2024-05-24,0.0005879158852621913,0.00528766
MSFT,2024-05-24,0.0006336149526759982,0.007373011
MSI,2024-05-24,0.0023326356895267963,0.0034343433
MTB,2024-05-24,0.004066821653395891,0.0076622786
MTCH,2024-05-24,-0.013327354565262794,-0.0027173623
MTD,2024-05-24,-0.003951714374125004,0.00015543684
MU,2024-05-24,0.00876631960272789,0.025175964
NCLH,2024-05-24,0.021506700664758682,0.027236003
NDAQ,2024-05-24,0.011389532126486301,0.011474297
NDSN,2024-05-24,-0.0070994640700519085,0.00016819016
NEE,2024-05-24,0.00777457794174552,0.016980391
NEM,2024-05-24,0.005779775325208902,0.0180252
NFLX,2024-05-24,0.006992822512984276,0.017278539
NI,2024-05-24,-0.010223563760519028,-0.0014254464
NKE,2024-05-24,-0.0019124606624245644,0.003822028
NOC,2024-05-24,-0.0007982765091583133,0.002747922
NOW,2024-05-24,-0.014664244838058949,-0.026240615
NRG,2024-05-24,0.030067140236496925,0.0587201
NSC,2024-05-24,-0.0054250420071184635,0.0024716037
NTAP,2024-05-24,0.006909791845828295,0.014191057
NTRS,2024-05-24,0.0037906868383288383,0.0054159523
NUE,2024-05-24,-0.007329242303967476,-0.0015169545
NVDA,2024-05-24,3.178312908858061e-06,0.025392018
NVR,2024-05-24,0.0070742471143603325,0.003265634
NWS,2024-05-24,0.009356793947517872,0.03061446
NWSA,2024-05-24,0.007161159999668598,0.032678474
NXPI,2024-05-24,0.00803604070097208,0.01618402
O,2024-05-24,-0.011430855840444565,-0.002488244
ODFL,2024-05-24,0.008002926595509052,0.008646689
OKE,2024-05-24,0.0037068158853799105,0.008196461
OMC,2024-05-24,0.0129980044439435,0.009401295
ON,2024-05-24,0.0022286996245384216,0.012619913
ORCL,2024-05-24,-0.009285838343203068,-0.009554417
ORLY,2024-05-24,0.00449667451903224,0.011299653
OXY,2024-05-24,-0.0067384978756308556,-0.0001613628
PANW,2024-05-24,0.014301772229373455,0.03209085
PARA,2024-05-24,-0.00012037117267027497,0.0143150175
PAYC,2024-05-24,-0.013216094113886356,-0.019635843
PAYX,2024-05-24,-0.02073357068002224,-0.011444644
PCAR,2024-05-24,0.004291473887860775,0.005130414
PCG,2024-05-24,0.002373535418882966,0.004343097
PEG,2024-05-24,0.019790945574641228,0.02005315
PEP,2024-05-24,-0.01234048418700695,-0.00716541
PFE,2024-05-24,0.0008772722794674337,0.0066005057
PFG,2024-05-24,0.007137681357562542,0.009777318
PG,2024-05-24,-0.004563684109598398,-0.0009672547
PGR,2024-05-24,-0.004128873813897371,0.0035863945
PH,2024-05-24,0.0011355741880834103,0.0061718514
PHM,2024-05-24,0.004065625835210085,0.013741493
PKG,2024-05-24,0.020602550357580185,0.019393146
PLD,2024-05-24,-0.012176331132650375,-0.008460366
PM,2024-05-24,-0.00011294579599052668,0.0028059343
PNC,2024-05-24,0.008546607568860054,0.009705667
PNR,2024-05-24,0.0005086703458800912,0.002662205
PNW,2024-05-24,0.0014808968408033252,0.0044356715
PODD,2024-05-24,0.024562161415815353,0.052861705
POOL,2024-05-24,-0.008173797279596329,-0.0072296443
PPG,2024-05-24,-0.002652569441124797,0.0030481708
PPL,2024-05-24,-0.004149526357650757,-0.0034806295
PRU,2024-05-24,0.007252962794154882,0.0127307745
PSA,2024-05-24,-0.007724737748503685,-0.007205991
PSX,2024-05-24,-0.0019504796946421266,0.0034401645
PTC,2024-05-24,0.0015914009418338537,0.0021881906
PWR,2024-05-24,0.01414449978619814,0.02456866
PYPL,2024-05-24,-0.005753591191023588,0.0009738229
QCOM,2024-05-24,0.022288421168923378,0.0417173
RCL,2024-05-24,0.0068270256742835045,0.014384922
REG,2024-05-24,-0.004422295372933149,0.00033742457
REGN,2024-05-24,-0.0012123890919610858,0.0045278813
RF,2024-05-24,-0.0045875003561377525,0.010515016
RJF,2024-05-24,0.020430535078048706,0.019817427
RL,2024-05-24,0.008584718219935894,0.022619676
RMD,2024-05-24,0.007539384067058563,0.007908651
ROK,2024-05-24,-0.004469974432140589,0.008133324
ROL,2024-05-24,0.015141844749450684,0.017689934
ROP,2024-05-24,-0.0012066782219335437,7.343022e-05
ROST,2024-05-24,0.09047125279903412,0.07486105
RSG,2024-05-24,0.002894411562010646,0.0025727947
RTX,2024-05-24,0.0077611953020095825,0.008125166
RVTY,2024-05-24,0.005306287668645382,0.012257578
SBAC,2024-05-24,-0.0059024919755756855,-0.0037147002
SBUX,2024-05-24,0.004765617661178112,0.0071255583
SCHW,2024-05-24,-0.00806538574397564,-0.0009682093
SHW,2024-05-24,0.004307533614337444,0.005757233
SJM,2024-05-24,-0.008378672413527966,-0.0057229507
SLB,2024-05-24,-0.006734197493642569,-0.0017285956
SMCI,2024-05-24,0.03139650821685791,0.042147152
SNA,2024-05-24,-0.002502656541764736,0.0022544425
SNPS,2024-05-24,-0.0032375913579016924,0.0018744748
SO,2024-05-24,0.0021107986103743315,0.0074876635
SPG,2024-05-24,0.02105831354856491,0.022011325
SPGI,2024-05-24,0.0029912458267062902,0.0044824304
SRE,2024-05-24,-0.0015040985308587551,-0.0002636065
STE,2024-05-24,0.0030237347818911076,0.010351052
STLD,2024-05-24,-0.0049331230111420155,-0.0017235205
STT,2024-05-24,0.005631844978779554,0.007723079
STX,2024-05-24,-0.003440266940742731,0.007780209
STZ,2024-05-24,0.011917386204004288,0.013734322
SWK,2024-05-24,0.003483727341517806,0.0015105504
SWKS,2024-05-24,0.010606609284877777,0.010361433
SYF,2024-05-24,0.002749016275629401,0.010905821
SYK,2024-05-24,0.015406418591737747,0.01628369
SYY,2024-05-24,-0.009187357500195503,0.0010970767
T,2024-05-24,-0.003623124910518527,0.0017158545
TAP,2024-05-24,-0.007573767099529505,-0.0041035824
TDG,2024-05-24,0.0054320842027664185,0.014613045
TDY,2024-05-24,0.0009408550104126334,0.003758612
TECH,2024-05-24,-0.0036995403934270144,0.0047145286
TEL,2024-05-24,0.0001258919364772737,0.005783189
TER,2024-05-24,0.002695360453799367,0.02645009
TFC,2024-05-24,-0.00201753550209105,0.004175492
TGT,2024-05-24,0.0002894868375733495,0.005661938
TJX,2024-05-24,0.02003263123333454,0.019573001
TKO,2024-05-24,0.002881187479943037,0.016413132
TMO,2024-05-24,-0.011616441421210766,-0.0016766514
TMUS,2024-05-24,0.010683656670153141,0.006224214
TPL,2024-05-24,-0.0004732170782517642,0.0046404907
TPR,2024-05-24,0.010545103810727596,0.022468936
TRGP,2024-05-24,0.0014921131078153849,0.0037698941
TRMB,2024-05-24,-0.007521386258304119,-0.0012316532
TROW,2024-05-24,0.007230008952319622,0.010973141
TRV,2024-05-24,0.003269738284870982,0.0051224683
TSCO,2024-05-24,-0.007248993963003159,-0.0044581885
TSLA,2024-05-24,0.01418540719896555,0.03115568
TSN,2024-05-24,-0.019197672605514526,-0.010164014
TT,2024-05-24,0.008819385431706905,0.014905817
TTWO,2024-05-24,0.007414789404720068,0.014790856
TXN,2024-05-24,0.0016595436027273536,0.009533894
TXT,2024-05-24,0.007682721130549908,0.009978198
TYL,2024-05-24,-0.0023556367959827185,0.0018715002
UAL,2024-05-24,-0.006688072811812162,-0.00057976355
UBER,2024-05-24,0.0016459851758554578,0.0103235645
UDR,2024-05-24,-0.0002656283904798329,0.0038574159
UHS,2024-05-24,-0.006431531626731157,-0.003057072
ULTA,2024-05-24,0.006863297428935766,0.01488198
UNH,2024-05-24,-0.018846161663532257,-0.01689636
UNP,2024-05-24,0.0011923842830583453,-0.00284013
UPS,2024-05-24,-0.005510078743100166,-0.0031682812
URI,2024-05-24,0.0045651099644601345,0.010116619
USB,2024-05-24,0.009398222900927067,0.012662399
V,2024-05-24,-0.0031534682493656874,0.00094750297
VICI,2024-05-24,-0.018099917098879814,-0.010544475
VLO,2024-05-24,-0.0042274524457752705,-0.00086141936
VMC,2024-05-24,0.007826205343008041,0.0078999
VRSK,2024-05-24,0.0002661540056578815,0.009304344
VRSN,2024-05-24,-0.01845569722354412,-0.004837235
VRTX,2024-05-24,0.0007154972408898175,0.013549381
VST,2024-05-24,0.03037656843662262,0.06017847
VTR,2024-05-24,0.0023312168195843697,0.0065475707
VTRS,2024-05-24,-0.0068381051532924175,-0.011460921
VZ,2024-05-24,0.009974181652069092,0.007831186
WAB,2024-05-24,-0.00399841507896781,0.002478025
WAT,2024-05-24,-7.697241380810738e-05,-0.0009803805
WBA,2024-05-24,0.0051942006684839725,0.0050030337
WBD,2024-05-24,0.008056258782744408,0.0038885274
WDAY,2024-05-24,-0.1426050066947937,-0.1648633
WDC,2024-05-24,-0.0008142719743773341,0.0087264525
WEC,2024-05-24,-0.006828419864177704,0.00037174465
WELL,2024-05-24,0.008257001638412476,0.009062338
WFC,2024-05-24,0.0009718738729134202,0.008841185
WM,2024-05-24,-0.011044710874557495,-0.0032513973
WMB,2024-05-24,-0.003656389657407999,0.0004985281
WMT,2024-05-24,0.003023858182132244,0.00829364
WRB,2024-05-24,0.01067139208316803,0.0055647367
WSM,2024-05-24,-0.00045216831495054066,0.011355869
WST,2024-05-24,-0.0007096063927747309,0.0092993835
WTW,2024-05-24,-0.0003133246791549027,0.0027684884
WY,2024-05-24,-0.00392759358510375,0.0029845866
WYNN,2024-05-24,-0.0025192617904394865,0.0056171315
XEL,2024-05-24,-0.010897012427449226,-0.0061241807
XOM,2024-05-24,-0.008176324889063835,-0.0007932946
XYL,2024-05-24,-0.0024161487817764282,0.003680821
YUM,2024-05-24,0.007033343426883221,0.009562111
ZBH,2024-05-24,-0.003630921244621277,0.0048222532
ZBRA,2024-05-24,0.008225172758102417,0.00903127
ZTS,2024-05-24,-0.005376387387514114,-0.0048683793
A,2024-05-28,-0.007839242927730083,-0.01639396
AAPL,2024-05-28,0.006421617232263088,5.2569914e-05
ABBV,2024-05-28,-0.017615528777241707,-0.011011242
ABT,2024-05-28,-0.031153259798884392,-0.019425137
ACGL,2024-05-28,0.0007390918908640742,-0.01079681
ACN,2024-05-28,-0.014794090762734413,-0.01088959
ADBE,2024-05-28,0.012735448777675629,0.006290197
ADI,2024-05-28,0.0026909185107797384,0.0039918297
ADM,2024-05-28,0.009821303188800812,0.0065907952
ADP,2024-05-28,-0.02368573658168316,-0.02275194
ADSK,2024-05-28,-0.019671661779284477,-0.02087518
AEE,2024-05-28,0.00490795960649848,-0.0015429221
AEP,2024-05-28,0.0012595808366313577,-0.0039416444
AES,2024-05-28,0.010746155865490437,0.01046583
AFL,2024-05-28,0.0022650850005447865,-0.004915637
AIG,2024-05-28,-0.009881238453090191,-0.008623208
AIZ,2024-05-28,0.010162039659917355,-0.0024883635
AJG,2024-05-28,-0.010596261359751225,-0.0149075845
AKAM,2024-05-28,-0.005336192902177572,-0.016600417
ALB,2024-05-28,0.005182687193155289,0.0013315146
ALGN,2024-05-28,-0.0015162939671427011,-0.007263444
ALL,2024-05-28,0.004991442430764437,-0.0010318711
ALLE,2024-05-28,-0.016779305413365364,-0.01793944
AMAT,2024-05-28,0.0006436328403651714,0.0019447929
AMCR,2024-05-28,-0.008617737330496311,-0.011127485
AMD,2024-05-28,0.024294644594192505,0.031060321
AME,2024-05-28,-0.0559762641787529,-0.031281628
AMGN,2024-05-28,-0.013748731464147568,-0.018644232
AMP,2024-05-28,-0.010380007326602936,-0.0136988675
AMT,2024-05-28,0.003567894920706749,-0.0048522083
AMZN,2024-05-28,0.010193376801908016,0.007715509
ANET,2024-05-28,0.0038969209417700768,0.0030617192
ANSS,2024-05-28,-0.014698992483317852,-0.009192911
AON,2024-05-28,-0.007491879630833864,-0.0053213406
AOS,2024-05-28,-0.03880450502038002,-0.026770165
APA,2024-05-28,0.015668639913201332,0.015880141
APD,2024-05-28,0.006250138860195875,7.557583e-05
APH,2024-05-28,-0.005391236394643784,-0.016725957
APO,2024-05-28,0.007345620542764664,0.000692247
APTV,2024-05-28,0.015661025419831276,0.0070012757
ARE,2024-05-28,-0.009661266580224037,-0.01215068
ATO,2024-05-28,0.0037675388157367706,-0.005074556
AVB,2024-05-28,-0.019751977175474167,-0.015943633
AVGO,2024-05-28,0.005195905454456806,0.0032690798
AVY,2024-05-28,-0.011298893950879574,-0.009514103
AWK,2024-05-28,-0.010140761733055115,-0.015639428
AXON,2024-05-28,0.006734100636094809,0.008957202
AXP,2024-05-28,0.0013679409166797996,-0.0039120843
AZO,2024-05-28,0.003406641073524952,0.0025389069
BA,2024-05-28,0.007632941007614136,0.0032036083
BAC,2024-05-28,-0.0010342476889491081,-0.009617658
BALL,2024-05-28,-0.0194459930062294,-0.02082779
BAX,2024-05-28,0.003951225429773331,-0.001476124
BBY,2024-05-28,0.016241464763879776,0.014577573
BDX,2024-05-28,-0.01710517518222332,-0.008735752
BEN,2024-05-28,-0.006470310501754284,-0.011206495
BG,2024-05-28,0.018129482865333557,0.02521128
BK,2024-05-28,-0.014573497697710991,-0.014488378
BKNG,2024-05-28,0.008632008917629719,-0.0013789491
BKR,2024-05-28,0.005817015189677477,0.00123496
BLDR,2024-05-28,-0.06262987852096558,-0.050359007
BLK,2024-05-28,-0.015751808881759644,-0.013506039
BMY,2024-05-28,-0.021568765863776207,-0.018351736
BR,2024-05-28,-0.028344109654426575,-0.021722903
BRO,2024-05-28,-0.015078017488121986,-0.020117808
BSX,2024-05-28,-0.0035911104641854763,-0.006100733
BX,2024-05-28,-0.011763411574065685,-0.019846957
BXP,2024-05-28,-0.006796073634177446,-0.020781316
C,2024-05-28,-0.0169607512652874,-0.017930886
CAG,2024-05-28,-0.020381374284625053,-0.018328857
CAH,2024-05-28,-0.0278110783547163,-0.017159047
CAT,2024-05-28,-0.0028314751107245684,-0.0069889966
CB,2024-05-28,-1.69629929587245e-05,-0.008039225
CBOE,2024-05-28,-0.023204881697893143,-0.02063801
CBRE,2024-05-28,-0.007177733350545168,-0.008492884
CCL,2024-05-28,0.028415212407708168,0.033778485
CDNS,2024-05-28,0.006635443773120642,0.006536794
CDW,2024-05-28,-0.028356987982988358,-0.025682852
CF,2024-05-28,0.01843114197254181,0.015362117
CFG,2024-05-28,-0.019942419603466988,-0.019709613
CHD,2024-05-28,-0.05399474874138832,-0.021931516
CHRW,2024-05-28,-0.0012917061103507876,-0.007988398
CHTR,2024-05-28,0.004216797649860382,-0.00014729392
CI,2024-05-28,0.009058766067028046,0.0018023669
CINF,2024-05-28,-0.02609153836965561,-0.016621258
CL,2024-05-28,-0.02314932458102703,-0.014682781
CLX,2024-05-28,-0.01584680564701557,-0.020428073
CMCSA,2024-05-28,0.007246764376759529,0.0
CME,2024-05-28,-0.04349774122238159,-0.030317595
CMG,2024-05-28,0.004567665047943592,0.00070094323
CMI,2024-05-28,-0.031287144869565964,-0.02361302
CMS,2024-05-28,0.0021939813159406185,-0.0030976678
CNC,2024-05-28,-0.028665408492088318,-0.02592025
CNP,2024-05-28,0.007081124931573868,0.0010161
COF,2024-05-28,-0.016944553703069687,-0.0072928616
COO,2024-05-28,-0.03223106265068054,-0.034400467
COP,2024-05-28,0.011965882033109665,0.014477846
COR,2024-05-28,-0.006514986976981163,-0.012318576
COST,2024-05-28,0.007918084971606731,0.004239356
CPAY,2024-05-28,-0.011175872758030891,-0.017961584
CPB,2024-05-28,-0.04769343137741089,-0.025007255
CPRT,2024-05-28,-0.02804645150899887,-0.02416511
CPT,2024-05-28,-0.028152354061603546,-0.020377176
CRL,2024-05-28,-0.005040217190980911,-0.012507682
CRM,2024-05-28,0.0019171216990798712,-0.009075384
CRWD,2024-05-28,-0.006978723686188459,-0.013317656
CSCO,2024-05-28,0.0008870197925716639,-0.0030204835
CSGP,2024-05-28,-0.03192802891135216,-0.03155427
CSX,2024-05-28,-0.0065162163227796555,-0.008920347
CTAS,2024-05-28,-0.028286362066864967,-0.01844435
CTRA,2024-05-28,0.014515751972794533,0.015724001
CTSH,2024-05-28,-0.02079799398779869,-0.02159834
CTVA,2024-05-28,0.007041565142571926,0.0026985852
CVS,2024-05-28,-0.06537061929702759,-0.034980576
CVX,2024-05-28,0.011340864934027195,0.008143848
CZR,2024-05-28,0.0008720909245312214,-0.011062703
D,2024-05-28,0.009232277050614357,0.0018924417
DAL,2024-05-28,-0.029838480055332184,-0.030545168
DAY,2024-05-28,-0.009780813939869404,-0.035877492
DD,2024-05-28,0.02123839035630226,0.011885922
DE,2024-05-28,-0.0038863657973706722,-0.015290051
DECK,2024-05-28,0.03853756561875343,0.043766167
DELL,2024-05-28,0.006884370930492878,0.03615573
DFS,2024-05-28,-0.0177504550665617,-0.011426318
DG,2024-05-28,-0.011064321734011173,-0.020588987
DGX,2024-05-28,-0.018693316727876663,-0.016915753
DHI,2024-05-28,-0.008175146766006947,-0.01231375
DHR,2024-05-28,-0.015540952794253826,-0.015608195
DIS,2024-05-28,0.007186587899923325,0.006659951
DLR,2024-05-28,0.011642128229141235,0.0069796136
DLTR,2024-05-28,-0.022054949775338173,-0.020576702
DOC,2024-05-28,-0.0060923220589756966,-0.009997193
DOV,2024-05-28,-0.0010256903478875756,-0.0038077931
DOW,2024-05-28,0.011209720745682716,0.0048360145
DPZ,2024-05-28,0.020207131281495094,0.013685533
DRI,2024-05-28,0.012742399238049984,0.0048662657
DTE,2024-05-28,0.005989794619381428,0.0003539889
DUK,2024-05-28,-0.01302777323871851,-0.009736692
DVA,2024-05-28,0.02511543408036232,0.036343906
DVN,2024-05-28,0.016407432034611702,0.015659474
DXCM,2024-05-28,0.0023146099410951138,7.8436635e-05
EA,2024-05-28,-0.02390754036605358,-0.02253445
EBAY,2024-05-28,-0.017745057120919228,-0.028137224
ECL,2024-05-28,-0.042946431785821915,-0.02335559
ED,2024-05-28,-0.012329344637691975,-0.013003056
EFX,2024-05-28,-0.001656156498938799,-0.014730738
EG,2024-05-28,0.002374055562540889,-0.008510015
EIX,2024-05-28,0.0012151169357821345,-0.0057830173
EL,2024-05-28,0.005731739569455385,0.0
ELV,2024-05-28,-0.006861453410238028,-0.004266623
EMN,2024-05-28,0.01527070440351963,0.0049761087
EMR,2024-05-28,-0.012000324204564095,-0.012151826
ENPH,2024-05-28,0.02525121159851551,0.032989144
EOG,2024-05-28,0.007629941217601299,0.020710716
EPAM,2024-05-28,-0.006078892853111029,-0.015892413
EQIX,2024-05-28,0.00967397727072239,0.0033750606
EQR,2024-05-28,-0.01751706749200821,-0.016263917
EQT,2024-05-28,0.02257067896425724,0.02677975
ERIE,2024-05-28,-0.019688405096530914,-0.028865272
ES,2024-05-28,-0.010334626771509647,-0.012769493
ESS,2024-05-28,-0.013077205047011375,-0.015813101
ETN,2024-05-28,-0.00881689041852951,-0.010408967
ETR,2024-05-28,-0.017189979553222656,-0.014860466
EVRG,2024-05-28,-0.0030739030335098505,-0.0031868771
EW,2024-05-28,-0.008026586845517159,-0.010741325
EXC,2024-05-28,0.01039283536374569,0.0024499611
EXPD,2024-05-28,0.026753302663564682,0.009533658
EXPE,2024-05-28,-0.003615286899730563,-0.0018146976
EXR,2024-05-28,0.0033415788784623146,-0.0015440563
F,2024-05-28,-0.06307512521743774,-0.040252108
FANG,2024-05-28,0.018575556576251984,0.021979738
FAST,2024-05-28,-0.03144286572933197,-0.019267196
FCX,2024-05-28,0.021899515762925148,0.03992315
FDS,2024-05-28,-0.0162111334502697,-0.020829918
FDX,2024-05-28,0.004778540693223476,0.0018159322
FE,2024-05-28,-0.0002733145374804735,-0.00462949
FFIV,2024-05-28,-0.010198499076068401,-0.009224009
FI,2024-05-28,-0.018889131024479866,-0.012852553
FICO,2024-05-28,0.009570718742907047,0.00035386972
FIS,2024-05-28,-0.03468678519129753,-0.034779053
FITB,2024-05-28,-0.013671278022229671,-0.015419125
FOX,2024-05-28,0.004310323391109705,-0.0012857228
FOXA,2024-05-28,0.003126715077087283,-0.003278247
FRT,2024-05-28,-0.003912508953362703,-0.0006120289
FSLR,2024-05-28,0.023221995681524277,0.012281832
FTNT,2024-05-28,-0.023080701008439064,-0.031449124
FTV,2024-05-28,-0.02026633359491825,-0.017678859
GD,2024-05-28,-0.0077804275788366795,-0.007638558
GDDY,2024-05-28,-0.0022139695938676596,-0.011843191
GE,2024-05-28,0.010641315951943398,0.007323668
GEN,2024-05-28,0.004183925688266754,-0.0032192264
GILD,2024-05-28,-0.025195520371198654,-0.026842786
GIS,2024-05-28,-0.03725415840744972,-0.024000045
GL,2024-05-28,0.01950990781188011,0.026790766
GLW,2024-05-28,-0.00983413029462099,-0.011922558
GM,2024-05-28,-0.04071727767586708,-0.023391265
GNRC,2024-05-28,0.006123436614871025,0.017336633
GOOG,2024-05-28,0.012260787189006805,0.009538262
GOOGL,2024-05-28,0.011098491959273815,0.008025015
GPC,2024-05-28,-0.015947513282299042,-0.024039218
GPN,2024-05-28,-0.005685790441930294,-0.012632302
GRMN,2024-05-28,-0.0065937950275838375,-0.008644611
GS,2024-05-28,0.0023818155750632286,-0.002975048
GWW,2024-05-28,-0.04515577480196953,-0.028626721
HAL,2024-05-28,0.014368696138262749,0.011289636
HAS,2024-05-28,0.019115565344691277,0.017807595
HBAN,2024-05-28,-0.0043665505945682526,-0.00583943
HCA,2024-05-28,0.002858136547729373,-0.00012559487
HD,2024-05-28,0.01224365085363388,0.011012399
HES,2024-05-28,-0.0008198161376640201,0.0043500997
HIG,2024-05-28,-0.006083750631660223,-0.0094239125
HII,2024-05-28,-0.016192974522709846,-0.013556719
HLT,2024-05-28,-0.016164343804121017,-0.016068792
HOLX,2024-05-28,-0.020801832899451256,-0.0059798467
HON,2024-05-28,0.005756170954555273,-0.002557261
HPE,2024-05-28,0.0047736456617712975,0.0
HPQ,2024-05-28,0.0023642820306122303,0.011837511
HRL,2024-05-28,-0.011856243014335632,-0.011745742
HSIC,2024-05-28,-0.0032566848676651716,-0.007979145
HST,2024-05-28,-0.019679265096783638,-0.007129032
HSY,2024-05-28,0.00765350041911006,0.0030915486
HUBB,2024-05-28,-0.0304495170712471,-0.03783205
HUM,2024-05-28,0.008001250214874744,-0.00025752521
HWM,2024-05-28,0.006511082872748375,0.0065880716
IBM,2024-05-28,-0.008124048821628094,-0.0072234604
ICE,2024-05-28,-0.014351203106343746,-0.019700374
IDXX,2024-05-28,-0.009580872021615505,-0.021721685
IEX,2024-05-28,-0.027869813144207,-0.018338444
IFF,2024-05-28,-0.00984153151512146,-0.010560737
INCY,2024-05-28,-0.008820053189992905,-0.0010475037
INTC,2024-05-28,0.013822244480252266,0.011006504
INTU,2024-05-28,0.0066528539173305035,-0.0115487585
INVH,2024-05-28,-0.01896626129746437,-0.011961579
IP,2024-05-28,0.0034972545690834522,-0.006842379
IPG,2024-05-28,-0.013271691277623177,-0.016217707
IQV,2024-05-28,-0.016936255618929863,-0.012666342
IR,2024-05-28,-0.018417006358504295,-0.02158933
IRM,2024-05-28,-2.6559806428849697e-05,-0.009140341
ISRG,2024-05-28,-0.0019805270712822676,-0.009480108
IT,2024-05-28,-0.0053686522878706455,-0.009934048
ITW,2024-05-28,0.0025179176591336727,-0.0111415265
IVZ,2024-05-28,-0.001075123087503016,-0.011582641
J,2024-05-28,-0.03115905448794365,-0.021507513
JBHT,2024-05-28,0.0044059776701033115,0.004873383
JBL,2024-05-28,-0.006984642706811428,-0.0069639683
JCI,2024-05-28,-0.0027081454172730446,-0.016645132
JKHY,2024-05-28,-0.08487039059400558,-0.036463402
JNJ,2024-05-28,-0.031062716618180275,-0.017777964
JNPR,2024-05-28,-0.03345447778701782,-0.007813582
JPM,2024-05-28,0.0024978704750537872,-0.006046824
K,2024-05-28,-0.03656139224767685,-0.02554743
KDP,2024-05-28,-0.028940849006175995,-0.014137759
KEY,2024-05-28,-0.021985916420817375,-0.02022815
KEYS,2024-05-28,-0.004076668061316013,-0.010958458
KHC,2024-05-28,-0.044641219079494476,-0.022564186
KIM,2024-05-28,-0.013912009075284004,-0.013078466
KKR,2024-05-28,-0.002946128137409687,-0.009345101
KLAC,2024-05-28,0.004261292051523924,0.009046509
KMB,2024-05-28,-0.016423597931861877,-0.021369465
KMI,2024-05-28,0.008571677841246128,0.0
KMX,2024-05-28,-0.004793740343302488,-0.010500991
KO,2024-05-28,-0.0067591373808681965,-0.0029073777
KR,2024-05-28,-0.01298430934548378,-0.012914973
L,2024-05-28,-0.008569926023483276,-0.0098134875
LDOS,2024-05-28,-0.01335703395307064,-0.023897601
LEN,2024-05-28,-0.006491880863904953,-0.0091863545
LH,2024-05-28,-5.838996730744839e-05,-0.017480435
LHX,2024-05-28,-0.01656857691705227,-0.019811707
LII,2024-05-28,0.0069535463117063046,-0.0009738772
LIN,2024-05-28,-0.0260744858533144,-0.0130555825
LKQ,2024-05-28,0.004844083916395903,0.0013969901
LLY,2024-05-28,0.002970223780721426,0.0005323661
LMT,2024-05-28,-0.045144520699977875,-0.019159446
LNT,2024-05-28,0.0017673592083156109,-0.0016028594
LOW,2024-05-28,0.00591497216373682,0.0007431128
LRCX,2024-05-28,0.0014298299793154001,0.00071071147
LULU,2024-05-28,-0.018207602202892303,-0.02593755
LUV,2024-05-28,-0.00857600662857294,-0.011993546
LVS,2024-05-28,-0.004632406402379274,-0.0033478562
LW,2024-05-28,-0.0008107587927952409,-0.009120793
LYB,2024-05-28,0.007510829251259565,0.0017235896
LYV,2024-05-28,-0.01365511491894722,-0.011525186
MA,2024-05-28,-0.02559789828956127,-0.01361157
MAA,2024-05-28,-0.019180694594979286,-0.021932004
MAR,2024-05-28,-0.013117874972522259,-0.010409027
MAS,2024-05-28,-0.027254324406385422,-0.023719097
MCD,2024-05-28,-0.010470351204276085,-0.017862339
MCHP,2024-05-28,0.0025153043679893017,0.0059882035
MCK,2024-05-28,-0.023885270580649376,-0.020664526
MCO,2024-05-28,-0.0034335413947701454,-0.011758525
MDLZ,2024-05-28,-0.010781782679259777,-0.010745181
MDT,2024-05-28,0.0029545011930167675,-0.003530394
MET,2024-05-28,-0.0332755483686924,-0.021736542
META,2024-05-28,0.009930024854838848,0.0035486214
MGM,2024-05-28,-0.02173634245991707,-0.018803962
MHK,2024-05-28,-0.0026217845734208822,-0.0057710875
MKC,2024-05-28,-0.02012099139392376,-0.012541294
MKTX,2024-05-28,-0.04332970455288887,-0.049775284
MLM,2024-05-28,-0.02368897944688797,-0.015379851
MMC,2024-05-28,-0.019149798899888992,-0.019033914
MMM,2024-05-28,-0.008298453874886036,-0.009982144
MNST,2024-05-28,-0.04420383274555206,-0.02012255
MO,2024-05-28,0.005234551150351763,-0.0002199057
MOH,2024-05-28,-0.022908339276909828,-0.024500323
MOS,2024-05-28,0.01206202432513237,0.0048302016
MPC,2024-05-28,0.012440095655620098,0.0076198108
MPWR,2024-05-28,0.005201386753469706,0.008195751
MRK,2024-05-28,-0.03198332339525223,-0.02660151
MRNA,2024-05-28,-0.023260392248630524,-0.08371511
MS,2024-05-28,0.002891237149015069,-0.0030359079
MSCI,2024-05-28,0.010582135058939457,0.005461716
MSFT,2024-05-28,0.004478504881262779,0.0003718638
MSI,2024-05-28,-0.010454706847667694,-0.0130017875
MTB,2024-05-28,-0.013887516222894192,-0.012287565
MTCH,2024-05-28,0.00946954358369112,-0.0017020858
MTD,2024-05-28,-0.003407299518585205,-0.017026242
MU,2024-05-28,0.017190037295222282,0.024256257
NCLH,2024-05-28,0.03589189052581787,0.03438783
NDAQ,2024-05-28,-0.04067692905664444,-0.033152737
NDSN,2024-05-28,-0.020037243142724037,-0.018491812
NEE,2024-05-28,0.012074730359017849,0.011936686
NEM,2024-05-28,0.008860784582793713,0.009954714
NFLX,2024-05-28,0.003995011560618877,0.0034728334
NI,2024-05-28,-0.0029293608386069536,-0.0050054262
NKE,2024-05-28,0.009190752170979977,0.0027210545
NOC,2024-05-28,-0.044549498707056046,-0.023707751
NOW,2024-05-28,0.0017484544077888131,-0.013152253
NRG,2024-05-28,-0.004272626247256994,-0.025312437
NSC,2024-05-28,-0.015720490366220474,-0.018011754
NTAP,2024-05-28,0.02725687064230442,0.02002547
NTRS,2024-05-28,-0.0179076436907053,-0.014873047
NUE,2024-05-28,-0.02001519314944744,-0.016956843
NVDA,2024-05-28,0.03939976915717125,0.06737342
NVR,2024-05-28,-0.005477912724018097,-0.00814882
NWS,2024-05-28,0.006523656193166971,-0.0010907035
NWSA,2024-05-28,0.006980614271014929,-0.004122135
NXPI,2024-05-28,0.0035031919833272696,0.008835985
O,2024-05-28,-0.0014958067331463099,-0.011758706
ODFL,2024-05-28,-0.0015135178109630942,0.0014435347
OKE,2024-05-28,0.005613433662801981,0.0013596101
OMC,2024-05-28,-0.02463616244494915,-0.020176413
ON,2024-05-28,0.012055115774273872,0.014909339
ORCL,2024-05-28,0.013819986954331398,0.012772198
ORLY,2024-05-28,-0.031342364847660065,-0.03028408
OXY,2024-05-28,0.010617383755743504,0.004188075
PANW,2024-05-28,-0.025830721482634544,-0.04314944
PARA,2024-05-28,0.007389205973595381,0.004171812
PAYC,2024-05-28,-0.022132642567157745,-0.023050798
PAYX,2024-05-28,-0.049832750111818314,-0.03238417
PCAR,2024-05-28,-0.012023890390992165,-0.01361604
PCG,2024-05-28,-0.003037813352420926,-0.013085471
PEG,2024-05-28,0.000890060793608427,-0.0066852816
PEP,2024-05-28,-0.051576320081949234,-0.026235785
PFE,2024-05-28,-0.01375295128673315,-0.020284753
PFG,2024-05-28,-0.018152818083763123,-0.013468167
PG,2024-05-28,-0.02596379816532135,-0.0135178175
PGR,2024-05-28,0.01150886807590723,0.0062088137
PH,2024-05-28,-0.0022127225529402494,-0.0062289513
PHM,2024-05-28,-0.005848044063895941,-0.009140281
PKG,2024-05-28,-0.019724305719137192,-0.015628716
PLD,2024-05-28,0.0081016905605793,0.0023839602
PM,2024-05-28,0.005691799335181713,0.0012000742
PNC,2024-05-28,-0.006138630211353302,-0.012523974
PNR,2024-05-28,-0.0817708745598793,-0.04697492
PNW,2024-05-28,-0.00043259383528493345,-0.0044357376
PODD,2024-05-28,-5.6171324104070663e-05,-0.012573219
POOL,2024-05-28,-0.009729395620524883,-0.013358422
PPG,2024-05-28,-0.022378213703632355,-0.013944364
PPL,2024-05-28,0.0046687680296599865,-0.003842795
PRU,2024-05-28,-0.011815730482339859,-0.013749315
PSA,2024-05-28,0.002264929935336113,-0.0069999197
PSX,2024-05-28,0.0023146304301917553,0.0005606033
PTC,2024-05-28,-0.01959294266998768,-0.01897446
PWR,2024-05-28,-0.0018466149922460318,-0.013461281
PYPL,2024-05-28,0.012807280756533146,0.008561363
QCOM,2024-05-28,0.022326840087771416,0.012846567
RCL,2024-05-28,0.009632553905248642,0.011387686
REG,2024-05-28,-0.008431433700025082,-0.0064297067
REGN,2024-05-28,-0.011598530225455761,-0.012112917
RF,2024-05-28,0.00410275487229228,-0.0031430488
RJF,2024-05-28,-0.0310332290828228,-0.018602954
RL,2024-05-28,0.032384250313043594,0.04395952
RMD,2024-05-28,-0.022049717605113983,-0.028964275
ROK,2024-05-28,-0.02631705440580845,-0.021344936
ROL,2024-05-28,0.0032224259339272976,-0.00064960343
ROP,2024-05-28,-0.01796579919755459,-0.021599313
ROST,2024-05-28,-0.011228046379983425,-0.032089494
RSG,2024-05-28,-0.035922348499298096,-0.017821152
RTX,2024-05-28,-0.00619368813931942,-0.0070823315
RVTY,2024-05-28,-0.0028883549384772778,-0.012525665
SBAC,2024-05-28,-0.0032237721607089043,-0.0042623137
SBUX,2024-05-28,-0.007597118616104126,-0.017779117
SCHW,2024-05-28,-0.0119176609441638,-0.020688249
SHW,2024-05-28,-0.01096021756529808,-0.010254088
SJM,2024-05-28,-0.002834492828696966,-0.011820758
SLB,2024-05-28,0.011610225774347782,0.0062519345
SMCI,2024-05-28,-0.00013742479495704174,-0.010417096
SNA,2024-05-28,-0.0055107735097408295,-0.00544125
SNPS,2024-05-28,0.0031606273259967566,0.00091880036
SO,2024-05-28,0.002884267596527934,-0.0027045126
SPG,2024-05-28,-0.00010370335076004267,-0.004744766
SPGI,2024-05-28,-0.018128573894500732,-0.016657127
SRE,2024-05-28,0.00269883475266397,-0.0063490276
STE,2024-05-28,-0.02590159699320793,-0.025539424
STLD,2024-05-28,0.01285363920032978,0.0070248316
STT,2024-05-28,-0.018834831193089485,-0.019824043
STX,2024-05-28,0.019591258838772774,0.02773896
STZ,2024-05-28,-0.01863095350563526,-0.012226208
SWK,2024-05-28,-0.005768467206507921,-0.014147126
SWKS,2024-05-28,-0.006508168298751116,-0.008827745
SYF,2024-05-28,0.0018764435080811381,-0.0025418436
SYK,2024-05-28,0.01386878453195095,0.011172597
SYY,2024-05-28,-0.003876421833410859,-0.0066014626
T,2024-05-28,-0.016001345589756966,-0.013229304
TAP,2024-05-28,-0.002856991719454527,-0.010144507
TDG,2024-05-28,-0.014948882162570953,-0.024259584
TDY,2024-05-28,-0.014344068244099617,-0.01890876
TECH,2024-05-28,-0.0026211172807961702,-0.01747898
TEL,2024-05-28,0.002642138162627816,-0.0031200892
TER,2024-05-28,0.01853851042687893,0.008435725
TFC,2024-05-28,-0.01736024022102356,-0.017070428
TGT,2024-05-28,0.013857659883797169,0.01279338
TJX,2024-05-28,-0.002515494590625167,-0.0070740483
TKO,2024-05-28,0.007756644859910011,0.010365326
TMO,2024-05-28,-0.021760331466794014,-0.019849021
TMUS,2024-05-28,0.01975325681269169,0.007860281
TPL,2024-05-28,0.014425107277929783,0.009557153
TPR,2024-05-28,-0.019581548869609833,-0.021261437
TRGP,2024-05-28,0.01755169965326786,0.010705131
TRMB,2024-05-28,-0.0352514423429966,-0.017402338
TROW,2024-05-28,-0.015569915063679218,-0.015945692
TRV,2024-05-28,-0.019326243549585342,-0.013971498
TSCO,2024-05-28,0.010248885490000248,-0.00049651065
TSLA,2024-05-28,-0.010937944985926151,-0.013988479
TSN,2024-05-28,-0.035006631165742874,-0.032844987
TT,2024-05-28,-0.02114975079894066,-0.02884296
TTWO,2024-05-28,0.009700511582195759,0.0140651995
TXN,2024-05-28,0.008290525525808334,0.0021065888
TXT,2024-05-28,-0.015292786993086338,-0.013173809
TYL,2024-05-28,-0.024874351918697357,-0.026602061
UAL,2024-05-28,-0.017664283514022827,-0.021292899
UBER,2024-05-28,-0.0046518947929143906,-0.011582038
UDR,2024-05-28,-0.02073504403233528,-0.019435707
UHS,2024-05-28,-0.011562456376850605,-0.006769948
ULTA,2024-05-28,-0.0029111537151038647,-0.0017039964
UNH,2024-05-28,-0.0062938472256064415,-0.0088747665
UNP,2024-05-28,-0.01016334816813469,-0.01318649
UPS,2024-05-28,0.0016495614545419812,-0.007819049
URI,2024-05-28,-0.007377940695732832,-0.01315032
USB,2024-05-28,-0.02220742218196392,-0.01892734
V,2024-05-28,-0.01676258072257042,-0.012868851
VICI,2024-05-28,0.00863703340291977,-0.0014144038
VLO,2024-05-28,0.01667710207402706,0.00705537
VMC,2024-05-28,-0.01645718887448311,-0.020534495
VRSK,2024-05-28,-0.001432284596376121,-0.010829884
VRSN,2024-05-28,0.005142387468367815,-0.0007012559
VRTX,2024-05-28,-0.00436708377674222,-0.02228021
VST,2024-05-28,0.02448091097176075,0.03935107
VTR,2024-05-28,-0.004196347668766975,-0.006759447
VTRS,2024-05-28,0.00012520793825387955,-0.0019230224
VZ,2024-05-28,-0.014168464578688145,-0.009607971
WAB,2024-05-28,-0.0005849396693520248,-0.00579153
WAT,2024-05-28,0.00036159410956315696,-0.013825445
WBA,2024-05-28,-0.06286091357469559,-0.041370388
WBD,2024-05-28,0.014696257188916206,0.017947247
WDAY,2024-05-28,-0.0031465059146285057,-0.025067663
WDC,2024-05-28,0.023162949830293655,0.017620387
WEC,2024-05-28,-0.0077756731770932674,-0.01221746
WELL,2024-05-28,0.00865559559315443,-0.00039668794
WFC,2024-05-28,-0.009648451581597328,-0.012197672
WM,2024-05-28,-0.01995597407221794,-0.011317395
WMB,2024-05-28,0.012818013317883015,0.013365698
WMT,2024-05-28,0.001290128449909389,-0.005213968
WRB,2024-05-28,-0.021939603611826897,-0.009121936
WSM,2024-05-28,-0.006165044382214546,-0.012199483
WST,2024-05-28,-0.012876365333795547,-0.012713178
WTW,2024-05-28,-0.016623390838503838,-0.010201585
WY,2024-05-28,-0.004917461890727282,-0.014675645
WYNN,2024-05-28,-0.011438019573688507,-0.011799953
XEL,2024-05-28,0.004608440212905407,0.0003722213
XOM,2024-05-28,0.013069545850157738,0.012615675
XYL,2024-05-28,-0.030852431431412697,-0.027330646
YUM,2024-05-28,-0.01527620293200016,-0.013088428
ZBH,2024-05-28,0.004916973877698183,-0.00068753737
ZBRA,2024-05-28,0.002944189589470625,-0.0023268647
ZTS,2024-05-28,0.010329891927540302,0.007206156
A,2024-05-29,-0.0037991765420883894,-0.01858954
AAPL,2024-05-29,0.008109921589493752,0.0015777996
ABBV,2024-05-29,0.011269740760326385,-0.0035468433
ABT,2024-05-29,-0.012593279592692852,-0.01203806
ACGL,2024-05-29,0.004725641570985317,-0.006869384
ACN,2024-05-29,-0.02293163724243641,-0.013389103
ADBE,2024-05-29,0.005293841008096933,-0.001736298
ADI,2024-05-29,-0.015321827493607998,-0.022917785
ADM,2024-05-29,-0.016377337276935577,-0.014223589
ADP,2024-05-29,-0.002289992058649659,-0.013280696
ADSK,2024-05-29,-0.0015250483993440866,-0.009260822
AEE,2024-05-29,-0.02091645821928978,-0.015990073
AEP,2024-05-29,-0.0076970504596829414,-0.013061077
AES,2024-05-29,0.008439424447715282,-0.0028434773
AFL,2024-05-29,0.007521506864577532,-0.0009171993
AIG,2024-05-29,0.010038018226623535,0.0027108304
AIZ,2024-05-29,0.016219113022089005,0.002843379
AJG,2024-05-29,-0.0011150190839543939,-0.012194355
AKAM,2024-05-29,-0.014919285662472248,-0.019079097
ALB,2024-05-29,-0.043858177959918976,-0.034384813
ALGN,2024-05-29,0.00440198602154851,-0.003987961
ALL,2024-05-29,0.005732018034905195,-0.007130293
ALLE,2024-05-29,-0.006230099592357874,-0.008590025
AMAT,2024-05-29,0.005870646331459284,-0.010309305
AMCR,2024-05-29,-0.008932394906878471,-0.010224825
AMD,2024-05-29,-0.028056995943188667,-0.03841197
AME,2024-05-29,-0.014522196725010872,-0.009551467
AMGN,2024-05-29,-0.003234363393858075,-0.0128062535
AMP,2024-05-29,-0.021056314930319786,-0.016199173
AMT,2024-05-29,0.010176663286983967,0.0015661354
AMZN,2024-05-29,0.003953653387725353,-0.00071390107
ANET,2024-05-29,0.00781723391264677,0.002663275
ANSS,2024-05-29,-0.03707420453429222,-0.017338615
AON,2024-05-29,-0.004476407077163458,-0.012394118
AOS,2024-05-29,-0.02441573329269886,-0.017475039
APA,2024-05-29,-0.046180374920368195,-0.02237019
APD,2024-05-29,0.0016213093185797334,-0.016611565
APH,2024-05-29,0.003731717821210623,-0.0068151937
APO,2024-05-29,-0.011640236712992191,-0.021241656
APTV,2024-05-29,-0.037578556686639786,-0.019554788
ARE,2024-05-29,-0.011847900226712227,-0.014812746
ATO,2024-05-29,-0.002843269379809499,-0.0062673357
AVB,2024-05-29,-0.04426686093211174,-0.019218968
AVGO,2024-05-29,-0.008060828782618046,-0.015538833
AVY,2024-05-29,-0.02594918943941593,-0.0132029755
AWK,2024-05-29,-0.008368712849915028,-0.017014906
AXON,2024-05-29,-0.003518944140523672,-0.01401078
AXP,2024-05-29,0.0010795870330184698,-0.005536899
AZO,2024-05-29,-0.022699566558003426,-0.021986445
BA,2024-05-29,-0.016167381778359413,-0.01978296
BAC,2024-05-29,-0.005456719547510147,-0.015375735
BALL,2024-05-29,-0.002164989011362195,-0.013730706
BAX,2024-05-29,-0.015720771625638008,-0.019687857
BBY,2024-05-29,-0.005584405269473791,-0.008999607
BDX,2024-05-29,-0.0006345641450025141,-0.007656876
BEN,2024-05-29,-0.013431118801236153,-0.014406697
BG,2024-05-29,0.008715903386473656,-0.0023518973
BK,2024-05-29,-0.006579316221177578,-0.008275735
BKNG,2024-05-29,-0.01495489664375782,-0.014838873
BKR,2024-05-29,-0.009759663604199886,-0.014919803
BLDR,2024-05-29,-0.03525973856449127,-0.04215786
BLK,2024-05-29,-0.018006717786192894,-0.019409219
BMY,2024-05-29,0.0070136175490915775,-0.0059449505
BR,2024-05-29,-0.0009384918375872076,-0.010810425
BRO,2024-05-29,-0.0023381789214909077,-0.014490192
BSX,2024-05-29,0.006029288284480572,-0.0025307292
BX,2024-05-29,-0.03825215995311737,-0.042788282
BXP,2024-05-29,-0.007407188881188631,-0.015962949
C,2024-05-29,-0.008572938852012157,-0.0070704464
CAG,2024-05-29,0.001237805699929595,-0.01730145
CAH,2024-05-29,0.017343871295452118,0.014562656
CAT,2024-05-29,-0.02519327774643898,-0.02442005
CB,2024-05-29,0.00940658524632454,-0.004235318
CBOE,2024-05-29,-0.011720911599695683,-0.012659522
CBRE,2024-05-29,-0.0036962791346013546,-0.007868427
CCL,2024-05-29,-0.010738072916865349,-0.027853332
CDNS,2024-05-29,-0.0145241254940629,-0.015341485
CDW,2024-05-29,-0.03844470530748367,-0.02013653
CF,2024-05-29,-0.010116798803210258,-0.02066404
CFG,2024-05-29,-0.010251980274915695,-0.013359871
CHD,2024-05-29,0.0034609364811331034,-0.008194008
CHRW,2024-05-29,-0.008077718317508698,-0.023993576
CHTR,2024-05-29,0.004705407191067934,-0.00025794256
CI,2024-05-29,0.0009253689204342663,-0.0008704871
CINF,2024-05-29,-0.015074605122208595,-0.00937476
CL,2024-05-29,-0.006790695246309042,-0.0070949364
CLX,2024-05-29,-0.005376846995204687,-0.0051344642
CMCSA,2024-05-29,-0.029005326330661774,-0.015689548
CME,2024-05-29,-0.013515617698431015,-0.012596273
CMG,2024-05-29,-0.04287425056099892,-0.026009442
CMI,2024-05-29,-0.019600186496973038,-0.014186717
CMS,2024-05-29,-0.023564375936985016,-0.012817964
CNC,2024-05-29,-0.05413325875997543,-0.030993827
CNP,2024-05-29,-0.0004457297036424279,-0.0054311217
COF,2024-05-29,0.003176214173436165,-0.0071251905
COO,2024-05-29,0.0036740365903824568,-0.0062366277
COP,2024-05-29,-0.05204460024833679,-0.031673007
COR,2024-05-29,0.019882922992110252,0.013094815
COST,2024-05-29,0.0025105904787778854,-0.008211374
CPAY,2024-05-29,0.004763524979352951,0.0032247594
CPB,2024-05-29,-0.021426772698760033,-0.018255062
CPRT,2024-05-29,0.000330504059093073,-0.011251697
CPT,2024-05-29,-0.03187711536884308,-0.02100209
CRL,2024-05-29,-0.006577635183930397,-0.014224979
CRM,2024-05-29,0.01002516970038414,0.006611874
CRWD,2024-05-29,0.007756698876619339,0.0077546607
CSCO,2024-05-29,0.0010949401184916496,-0.004330734
CSGP,2024-05-29,-0.04718317836523056,-0.03829923
CSX,2024-05-29,-0.00942887831479311,-0.0071939845
CTAS,2024-05-29,-0.009347546845674515,-0.010210796
CTRA,2024-05-29,-0.0049201264046132565,-0.003999211
CTSH,2024-05-29,-0.0020325484219938517,-0.011129233
CTVA,2024-05-29,-0.040684692561626434,-0.025284823
CVS,2024-05-29,0.0032703543547540903,0.00074561435
CVX,2024-05-29,-0.014548612758517265,-0.013546147
CZR,2024-05-29,-0.012153377756476402,-0.033929925
D,2024-05-29,-0.007373799569904804,-0.008544459
DAL,2024-05-29,-0.009766009636223316,-0.0075861886
DAY,2024-05-29,0.012508277781307697,-0.019379513
DD,2024-05-29,-0.009666452184319496,-0.010038971
DE,2024-05-29,-0.004108934197574854,-0.01168502
DECK,2024-05-29,0.007469696458429098,-0.013264028
DELL,2024-05-29,0.04584342986345291,0.075942315
DFS,2024-05-29,0.004084770102053881,-0.0011498976
DG,2024-05-29,-0.015080751851201057,-0.021237275
DGX,2024-05-29,0.0037341031711548567,-0.005196593
DHI,2024-05-29,-0.004494986496865749,-0.010343508
DHR,2024-05-29,0.004622946493327618,-0.010803376
DIS,2024-05-29,-0.014432638883590698,-0.015344329
DLR,2024-05-29,-0.03507079929113388,-0.01640868
DLTR,2024-05-29,0.007449635304510593,0.0071411813
DOC,2024-05-29,0.008292115293443203,0.0026405666
DOV,2024-05-29,-0.026468627154827118,-0.010629342
DOW,2024-05-29,-0.02689448930323124,-0.01807922
DPZ,2024-05-29,0.011864058673381805,0.0018253326
DRI,2024-05-29,-0.037993550300598145,-0.01590125
DTE,2024-05-29,-0.0189528688788414,-0.018125877
DUK,2024-05-29,-0.012557441368699074,-0.007539467
DVA,2024-05-29,0.012959455139935017,0.02079953
DVN,2024-05-29,-0.0558224581182003,-0.035784572
DXCM,2024-05-29,0.0069019789807498455,0.0020390186
EA,2024-05-29,0.009786572307348251,0.00083387864
EBAY,2024-05-29,-0.010963582433760166,-0.01542917
ECL,2024-05-29,-0.018081508576869965,-0.012174447
ED,2024-05-29,-0.00944594107568264,-0.014044199
EFX,2024-05-29,-0.014582609757781029,-0.024174387
EG,2024-05-29,0.00023899335064925253,-0.009802895
EIX,2024-05-29,-0.003250475972890854,-0.010712289
EL,2024-05-29,-0.026841020211577415,-0.03641611
ELV,2024-05-29,-0.048074882477521896,-0.026676137
EMN,2024-05-29,-0.06501927226781845,-0.022890966
EMR,2024-05-29,-0.006435652729123831,-0.010135717
ENPH,2024-05-29,0.0029770727269351482,-0.028927187
EOG,2024-05-29,-0.051032137125730515,-0.031715047
EPAM,2024-05-29,0.005125462543219328,0.006522227
EQIX,2024-05-29,0.0009268244612030685,-0.01136863
EQR,2024-05-29,-0.06781430542469025,-0.01968251
EQT,2024-05-29,-0.0036958453711122274,-0.013425523
ERIE,2024-05-29,-0.017548982053995132,-0.026432576
ES,2024-05-29,0.005548499524593353,-0.0005283559
ESS,2024-05-29,-6.234165630303323e-05,-0.009522767
ETN,2024-05-29,0.0003481681633275002,-0.013337647
ETR,2024-05-29,-0.00010604862472973764,-0.007654894
EVRG,2024-05-29,-0.015150847844779491,-0.01303916
EW,2024-05-29,0.00821823999285698,-0.00011492436
EXC,2024-05-29,-0.019930221140384674,-0.016446177
EXPD,2024-05-29,-0.03465002402663231,-0.010721024
EXPE,2024-05-29,0.0018285553669556975,0.0015426876
EXR,2024-05-29,-0.018375584855675697,-0.028203566
F,2024-05-29,-0.0074997274205088615,-0.010326647
FANG,2024-05-29,-0.02333635464310646,-0.0139510725
FAST,2024-05-29,-0.006223973352462053,-0.0047983658
FCX,2024-05-29,0.00377668091095984,-0.016164351
FDS,2024-05-29,-0.017405083402991295,-0.022181895
FDX,2024-05-29,-0.01396939717233181,-0.011882331
FE,2024-05-29,-0.002101584104821086,-0.006725424
FFIV,2024-05-29,0.006758255418390036,-0.00065365917
FI,2024-05-29,0.010532309301197529,-0.0040506767
FICO,2024-05-29,-0.005112231709063053,-0.021030443
FIS,2024-05-29,0.0028109136037528515,-0.0086890375
FITB,2024-05-29,-0.008338883519172668,-0.011516082
FOX,2024-05-29,0.011440042406320572,0.005772878
FOXA,2024-05-29,0.01633850485086441,0.009210926
FRT,2024-05-29,-0.0072032380849123,-0.0030659207
FSLR,2024-05-29,-0.002209453145042062,-0.0070564006
FTNT,2024-05-29,0.010448050685226917,0.0046987487
FTV,2024-05-29,-0.02149348333477974,-0.02045708
GD,2024-05-29,-0.01748526841402054,-0.013066029
GDDY,2024-05-29,0.011179694905877113,0.0062622405
GE,2024-05-29,-0.009705077856779099,-0.0298583
GEN,2024-05-29,-0.005452580284327269,-0.012573038
GILD,2024-05-29,0.001615731162019074,-0.006905152
GIS,2024-05-29,0.009255917742848396,-0.0028535791
GL,2024-05-29,-0.019961388781666756,-0.01911693
GLW,2024-05-29,0.0022246316075325012,-0.008403147
GM,2024-05-29,-0.009475726634263992,-0.010497738
GNRC,2024-05-29,-0.00010690538329072297,-0.011770102
GOOG,2024-05-29,0.005252777598798275,-0.0034889434
GOOGL,2024-05-29,0.0056809852831065655,-0.0028383965
GPC,2024-05-29,0.0002070588816422969,-0.01800508
GPN,2024-05-29,-0.003451328491792083,-0.009704615
GRMN,2024-05-29,-0.0012730661546811461,-0.0045670974
GS,2024-05-29,0.0023837739136070013,-0.0057580187
GWW,2024-05-29,-0.04273378476500511,-0.030862758
HAL,2024-05-29,-0.017586320638656616,-0.019630434
HAS,2024-05-29,-0.021918725222349167,-0.024918271
HBAN,2024-05-29,-0.022080188617110252,-0.014005945
HCA,2024-05-29,0.022484498098492622,0.020097647
HD,2024-05-29,-0.016946518793702126,-0.008524141
HES,2024-05-29,-0.015111514367163181,-0.021065796
HIG,2024-05-29,0.0011210720986127853,-0.005797645
HII,2024-05-29,-0.02257484197616577,-0.017761346
HLT,2024-05-29,-0.023419318720698357,-0.017754916
HOLX,2024-05-29,0.00044241303112357855,-0.013309865
HON,2024-05-29,-0.0019552481826394796,-0.010649522
HPE,2024-05-29,-0.012747582979500294,-0.012571348
HPQ,2024-05-29,0.004495984874665737,-0.010312134
HRL,2024-05-29,-0.02089054509997368,-0.017440658
HSIC,2024-05-29,-0.02010977454483509,-0.014296127
HST,2024-05-29,-0.05094486474990845,-0.02113206
HSY,2024-05-29,-0.014190896414220333,-0.020756494
HUBB,2024-05-29,-0.015794383361935616,-0.021295333
HUM,2024-05-29,-0.007015836890786886,-0.011230482
HWM,2024-05-29,-0.0009226837428286672,-0.014289175
IBM,2024-05-29,-0.029064754024147987,-0.015501975
ICE,2024-05-29,-0.0012052130186930299,-0.013024972
IDXX,2024-05-29,0.002016139915212989,-0.014046617
IEX,2024-05-29,0.007461694534868002,-0.01877749
IFF,2024-05-29,0.0035302406176924706,-0.0044247815
INCY,2024-05-29,0.0027419929392635822,-0.005780859
INTC,2024-05-29,-0.02506871148943901,-0.030390153
INTU,2024-05-29,0.008990127593278885,-0.0029041497
INVH,2024-05-29,-0.01610454171895981,-0.008548305
IP,2024-05-29,0.005284530576318502,-0.016749166
IPG,2024-05-29,-0.027564939111471176,-0.022694837
IQV,2024-05-29,-0.013528409413993359,-0.0075711748
IR,2024-05-29,-0.01472641434520483,-0.025679918
IRM,2024-05-29,-0.0020994143560528755,-0.014187261
ISRG,2024-05-29,0.0029416296165436506,-0.006579624
IT,2024-05-29,-0.020835313946008682,-0.01613928
ITW,2024-05-29,-0.004460392519831657,-0.010160281
IVZ,2024-05-29,-0.0025284786242991686,-0.020265967
J,2024-05-29,-0.022013183683156967,-0.024956563
JBHT,2024-05-29,-0.016622556373476982,-0.02389144
JBL,2024-05-29,-0.00873833242803812,-0.012197733
JCI,2024-05-29,-0.006093513686209917,-0.021975363
JKHY,2024-05-29,-0.0067253815941512585,-0.0064178295
JNJ,2024-05-29,0.006371297407895327,0.00041547723
JNPR,2024-05-29,0.017828892916440964,0.0057937372
JPM,2024-05-29,0.0010911296121776104,-0.006991697
K,2024-05-29,0.0044429549016058445,0.0016793193
KDP,2024-05-29,0.00398439634591341,-0.0014842423
KEY,2024-05-29,-0.02439592219889164,-0.01920852
KEYS,2024-05-29,-0.003987753763794899,-0.022567902
KHC,2024-05-29,-0.03893211483955383,-0.011188776
KIM,2024-05-29,0.007624307181686163,0.002739006
KKR,2024-05-29,-0.005388943944126368,-0.021469956
KLAC,2024-05-29,0.00209869840182364,-0.017682254
KMB,2024-05-29,0.002973955823108554,-0.007694834
KMI,2024-05-29,-0.0008113216026686132,-0.008425385
KMX,2024-05-29,-0.023350350558757782,-0.025182743
KO,2024-05-29,0.002183984499424696,-0.0019429688
KR,2024-05-29,-0.011845685541629791,-0.008061335
L,2024-05-29,0.002623740117996931,0.002066618
LDOS,2024-05-29,-0.006454320624470711,-0.012682879
LEN,2024-05-29,-0.0030201373156160116,-0.0057602967
LH,2024-05-29,-0.02110314555466175,-0.018985149
LHX,2024-05-29,-0.012929809279739857,-0.016722625
LII,2024-05-29,-0.04029854014515877,-0.032565556
LIN,2024-05-29,-0.008711115457117558,-0.008737255
LKQ,2024-05-29,-0.05510609969496727,-0.032623135
LLY,2024-05-29,0.009676105342805386,0.0045326278
LMT,2024-05-29,-0.019355831667780876,-0.01264214
LNT,2024-05-29,-0.011800674721598625,-0.010278896
LOW,2024-05-29,0.0018586780643090606,-0.005120565
LRCX,2024-05-29,0.005137135274708271,-0.018725278
LULU,2024-05-29,0.004435022361576557,0.011081008
LUV,2024-05-29,-0.0694655179977417,-0.038809113
LVS,2024-05-29,-0.020623570308089256,-0.018727887
LW,2024-05-29,-0.06363459676504135,-0.034980204
LYB,2024-05-29,-0.027752572670578957,-0.019330187
LYV,2024-05-29,-0.01485090795904398,-0.009423251
MA,2024-05-29,-0.0007717183907516301,-0.0058811572
MAA,2024-05-29,-0.013972887769341469,-0.0118101435
MAR,2024-05-29,-0.038808923214673996,-0.02455307
MAS,2024-05-29,-0.0018990285461768508,-0.0022252467
MCD,2024-05-29,-0.01363119576126337,-0.016582362
MCHP,2024-05-29,-0.0169454887509346,-0.033533227
MCK,2024-05-29,0.01862320676445961,0.017379032
MCO,2024-05-29,0.0011591542279347777,-0.014694875
MDLZ,2024-05-29,-0.004944431129842997,-0.009516509
MDT,2024-05-29,-0.0033455139491707087,-0.006238907
MET,2024-05-29,-0.003350549843162298,-0.0076368763
META,2024-05-29,-0.005580492317676544,-0.01165246
MGM,2024-05-29,-0.005011404864490032,-0.0072089327
MHK,2024-05-29,0.011333049274981022,0.0022435
MKC,2024-05-29,-0.02802940085530281,-0.015971849
MKTX,2024-05-29,-0.020321927964687347,-0.029200206
MLM,2024-05-29,-0.005223620217293501,-0.011462066
MMC,2024-05-29,-0.0023742278572171926,-0.0099028675
MMM,2024-05-29,0.0004871307755820453,-0.011414202
MNST,2024-05-29,0.014847350306808949,0.009250137
MO,2024-05-29,-0.0003189959970768541,-0.0072821155
MOH,2024-05-29,-0.03658550977706909,-0.028440919
MOS,2024-05-29,-0.04784068092703819,-0.044305895
MPC,2024-05-29,-0.036166079342365265,-0.03809554
MPWR,2024-05-29,-0.008414207957684994,-0.017502204
MRK,2024-05-29,0.002529523568227887,-0.0015079406
MRNA,2024-05-29,-0.014335273765027523,-0.03505826
MS,2024-05-29,-0.011649396270513535,-0.014289417
MSCI,2024-05-29,0.0005698712193407118,-0.012095786
MSFT,2024-05-29,0.005363281350582838,-0.0026760048
MSI,2024-05-29,-0.0007754898397251964,-0.0077542965
MTB,2024-05-29,-0.030012864619493484,-0.021459121
MTCH,2024-05-29,0.01217767596244812,0.006452707
MTD,2024-05-29,0.005407293792814016,-0.012027082
MU,2024-05-29,0.0020914452616125345,-0.008249714
NCLH,2024-05-29,0.003128581680357456,-0.0042359764
NDAQ,2024-05-29,0.0010085219983011484,-0.005830917
NDSN,2024-05-29,-0.0013152267783880234,-0.015444118
NEE,2024-05-29,0.0031336720567196608,-0.011023596
NEM,2024-05-29,-0.006955294404178858,-0.018085165
NFLX,2024-05-29,0.012067053467035294,0.008621991
NI,2024-05-29,-0.0020046101417392492,-0.0046702693
NKE,2024-05-29,0.001572906505316496,-0.0035934409
NOC,2024-05-29,-0.033564794808626175,-0.02019988
NOW,2024-05-29,0.009910603053867817,0.0030959456
NRG,2024-05-29,0.006620734930038452,-0.0038236484
NSC,2024-05-29,-0.0011572538642212749,-0.017200269
NTAP,2024-05-29,0.005295441951602697,-0.0043310327
NTRS,2024-05-29,-0.0001690264034550637,-0.0042730877
NUE,2024-05-29,-0.014769637025892735,-0.010686567
NVDA,2024-05-29,0.019208818674087524,0.008079408
NVR,2024-05-29,-0.0020712364930659533,-0.002841146
NWS,2024-05-29,0.0058073196560144424,-0.0029144913
NWSA,2024-05-29,0.005855396389961243,0.0
NXPI,2024-05-29,-0.004846593830734491,-0.020957006
O,2024-05-29,0.010862158611416817,-0.007786432
ODFL,2024-05-29,0.0022924032527953386,-0.011664821
OKE,2024-05-29,-0.01708362251520157,-0.017065033
OMC,2024-05-29,-0.03080626204609871,-0.02267363
ON,2024-05-29,-0.026988573372364044,-0.036487233
ORCL,2024-05-29,0.004066750407218933,-0.0060426267
ORLY,2024-05-29,0.007545839995145798,0.00040725517
OXY,2024-05-29,-0.021823549643158913,-0.017674858
PANW,2024-05-29,0.0062570758163928986,-0.00361031
PARA,2024-05-29,-0.021597353741526604,-0.026144741
PAYC,2024-05-29,-0.0173360425978899,-0.019369794
PAYX,2024-05-29,-0.0026136848609894514,-0.012717946
PCAR,2024-05-29,-0.024997899308800697,-0.025419174
PCG,2024-05-29,0.0036317307967692614,-0.006607822
PEG,2024-05-29,-0.015995068475604057,-0.018138498
PEP,2024-05-29,-0.011721977032721043,-0.012944555
PFE,2024-05-29,-0.01185261458158493,-0.017104916
PFG,2024-05-29,-0.004895914811640978,-0.009288313
PG,2024-05-29,-0.008646083064377308,-0.008991127
PGR,2024-05-29,-0.005386080127209425,-0.009942776
PH,2024-05-29,-9.52535483520478e-05,-0.006382318
PHM,2024-05-29,0.002457924885675311,-0.0063772793
PKG,2024-05-29,-0.014259697869420052,-0.00977545
PLD,2024-05-29,0.007889865897595882,0.0
PM,2024-05-29,0.0007699555135332048,-0.0045077614
PNC,2024-05-29,-0.01331340055912733,-0.0077756797
PNR,2024-05-29,0.0017508117016404867,-0.0066080024
PNW,2024-05-29,-0.015117840841412544,-0.009854474
PODD,2024-05-29,-0.016292352229356766,-0.031814195
POOL,2024-05-29,-0.023674240335822105,-0.018367758
PPG,2024-05-29,-0.015353390015661716,-0.019083103
PPL,2024-05-29,-0.005476793274283409,-0.013389043
PRU,2024-05-29,0.007487592753022909,-0.0020407357
PSA,2024-05-29,-0.021577518433332443,-0.025038527
PSX,2024-05-29,-0.04965962469577789,-0.03252385
PTC,2024-05-29,-0.005735410377383232,-0.012609127
PWR,2024-05-29,0.003232307732105255,-0.0059898
PYPL,2024-05-29,-0.015442508272826672,-0.018177332
QCOM,2024-05-29,-0.023329580202698708,-0.022876458
RCL,2024-05-29,-0.0029267817735671997,-0.014558637
REG,2024-05-29,0.0009098948212340474,-0.0037415621
REGN,2024-05-29,-0.0018622825155034661,-0.0068774256
RF,2024-05-29,-0.03900325670838356,-0.022278445
RJF,2024-05-29,-0.019809285178780556,-0.014922827
RL,2024-05-29,0.0102743124589324,0.011900763
RMD,2024-05-29,-0.00031020326423458755,-0.0058575957
ROK,2024-05-29,0.004980321973562241,-0.012920769
ROL,2024-05-29,-0.016451841220259666,-0.017701725
ROP,2024-05-29,0.0029984484426677227,-0.00391005
ROST,2024-05-29,0.014166411012411118,0.010551107
RSG,2024-05-29,-0.016853289678692818,-0.010517192
RTX,2024-05-29,-0.010047812946140766,-0.009043569
RVTY,2024-05-29,-0.0075651854276657104,-0.019040653
SBAC,2024-05-29,-0.0033116061240434647,-0.0048704757
SBUX,2024-05-29,0.009582363069057465,-0.007773938
SCHW,2024-05-29,0.0007835516589693725,-0.003679583
SHW,2024-05-29,-0.01656370609998703,-0.014352831
SJM,2024-05-29,-0.013404648751020432,-0.009353825
SLB,2024-05-29,-0.02861381135880947,-0.019310324
SMCI,2024-05-29,-0.045802608132362366,-0.04081262
SNA,2024-05-29,-0.018637780100107193,-0.015069943
SNPS,2024-05-29,-0.0016379436710849404,-0.013234015
SO,2024-05-29,0.0031174623873084784,-0.004394489
SPG,2024-05-29,0.005144105758517981,-0.0005437421
SPGI,2024-05-29,-0.007279565557837486,-0.011998915
SRE,2024-05-29,-0.010071148164570332,-0.017804472
STE,2024-05-29,0.008457363583147526,0.00013433985
STLD,2024-05-29,-0.030887421220541,-0.019170683
STT,2024-05-29,0.0069161951541900635,-0.0010829464
STX,2024-05-29,-0.008685512468218803,-0.026996609
STZ,2024-05-29,-0.00225868565030396,-0.0062108985
SWK,2024-05-29,-0.016978830099105835,-0.023587707
SWKS,2024-05-29,-0.026961226016283035,-0.014665364
SYF,2024-05-29,-0.010725322179496288,-0.019624237
SYK,2024-05-29,0.012969212606549263,0.0053787236
SYY,2024-05-29,-0.011378705501556396,-0.0138939675
T,2024-05-29,-0.006802529562264681,-0.0087233065
TAP,2024-05-29,0.009839930571615696,0.0011324424
TDG,2024-05-29,0.0051779416389763355,-0.0042961338
TDY,2024-05-29,-0.016388526186347008,-0.02307317
TECH,2024-05-29,0.001993009587749839,-0.010000444
TEL,2024-05-29,-0.017346762120723724,-0.01615224
TER,2024-05-29,-0.012833300977945328,-0.02340328
TFC,2024-05-29,-0.004792902152985334,-0.0077115316
TGT,2024-05-29,0.00673309899866581,0.004341317
TJX,2024-05-29,0.008102196268737316,0.00019727192
TKO,2024-05-29,0.003854086622595787,0.0020235528
TMO,2024-05-29,-0.0021083925385028124,-0.009246445
TMUS,2024-05-29,0.012710322625935078,0.009339771
TPL,2024-05-29,0.0014669478405267,-0.005459348
TPR,2024-05-29,0.010844560340046883,0.0026529313
TRGP,2024-05-29,-0.003732372308149934,-0.007211334
TRMB,2024-05-29,0.0011707157827913761,-0.0021520716
TROW,2024-05-29,-0.003392036771401763,-0.00924025
TRV,2024-05-29,0.00030908858752809465,-0.0014269983
TSCO,2024-05-29,0.000655684620141983,-0.002984673
TSLA,2024-05-29,0.00774424709379673,-0.0031733038
TSN,2024-05-29,-0.00435418589040637,-0.007121049
TT,2024-05-29,-0.017377132549881935,-0.01918696
TTWO,2024-05-29,0.017041867598891258,0.018262414
TXN,2024-05-29,-0.009691063314676285,-0.023773083
TXT,2024-05-29,-0.030135829001665115,-0.016482161
TYL,2024-05-29,0.0017340693157166243,-0.007815264
UAL,2024-05-29,0.020983465015888214,0.023223218
UBER,2024-05-29,0.01792326010763645,0.021951415
UDR,2024-05-29,-0.020487124100327492,-0.016889876
UHS,2024-05-29,0.026583710685372353,0.028412202
ULTA,2024-05-29,0.002768011298030615,-0.0075057177
UNH,2024-05-29,-0.0595514141023159,-0.03835087
UNP,2024-05-29,-0.009384158998727798,-0.013760915
UPS,2024-05-29,-0.011594750918447971,-0.023306565
URI,2024-05-29,-0.026737989857792854,-0.030322136
USB,2024-05-29,-0.017664484679698944,-0.018523922
V,2024-05-29,-0.004376916214823723,-0.00785425
VICI,2024-05-29,-0.005041260272264481,-0.012103506
VLO,2024-05-29,-0.06428197771310806,-0.04933429
VMC,2024-05-29,-0.0011747771641239524,-0.008183372
VRSK,2024-05-29,0.003961225505918264,-0.007866144
VRSN,2024-05-29,0.0025557070039212704,-0.0014041374
VRTX,2024-05-29,0.003046623896807432,-0.012949747
VST,2024-05-29,0.0019437705632299185,-0.024588786
VTR,2024-05-29,0.010076585225760937,0.0048629437
VTRS,2024-05-29,0.002392997033894062,-0.0077293096
VZ,2024-05-29,-0.0006936216959729791,-0.006627622
WAB,2024-05-29,0.0007571997120976448,-0.0073166974
WAT,2024-05-29,0.003651238512247801,-0.012706297
WBA,2024-05-29,-0.015615029260516167,-0.032366827
WBD,2024-05-29,-0.014293884858489037,-0.027039507
WDAY,2024-05-29,0.016381176188588142,-0.018077279
WDC,2024-05-29,0.021322917193174362,0.016798995
WEC,2024-05-29,-0.01701754331588745,-0.010592359
WELL,2024-05-29,0.008622024208307266,-0.0018861167
WFC,2024-05-29,-0.009235053323209286,-0.012348382
WM,2024-05-29,-0.013992118649184704,-0.011202276
WMB,2024-05-29,-0.006967063527554274,-0.014113462
WMT,2024-05-29,0.008291578851640224,-0.0018466444
WRB,2024-05-29,-0.05000212788581848,-0.007922072
WSM,2024-05-29,-0.0026467444840818644,-0.0062094596
WST,2024-05-29,0.0007808802765794098,-0.014207691
WTW,2024-05-29,-0.007311870343983173,-0.0037977416
WY,2024-05-29,-0.008590607903897762,-0.013531288
WYNN,2024-05-29,-0.02588970959186554,-0.01053514
XEL,2024-05-29,-0.005814426578581333,-0.008221049
XOM,2024-05-29,0.0018964546034112573,-0.010766084
XYL,2024-05-29,-0.026904843747615814,-0.017317515
YUM,2024-05-29,-0.015273576602339745,-0.008797441
ZBH,2024-05-29,-0.0035348383244127035,-0.010281786
ZBRA,2024-05-29,-0.03259587660431862,-0.02894429
ZTS,2024-05-29,0.005352126434445381,-0.002923159
A,2024-05-30,-0.053688935935497284,-0.10129176
AAPL,2024-05-30,0.004201782867312431,0.005241414
ABBV,2024-05-30,0.01649555005133152,0.009771534
ABT,2024-05-30,-0.0012996464502066374,0.009976429
ACGL,2024-05-30,-0.0056862542405724525,-0.0013796057
ACN,2024-05-30,-0.02324042282998562,-0.031000093
ADBE,2024-05-30,-0.04288918524980545,-0.06863804
ADI,2024-05-30,0.0056661078706383705,0.00807586
ADM,2024-05-30,-0.005264868959784508,0.0018308061
ADP,2024-05-30,0.0037699721287935972,0.0034096327
ADSK,2024-05-30,-0.032564640045166016,-0.04199502
AEE,2024-05-30,0.012518840841948986,0.019912051
AEP,2024-05-30,0.004797373432666063,0.007857442
AES,2024-05-30,0.016116250306367874,0.032670982
AFL,2024-05-30,0.00843266025185585,0.009134272
AIG,2024-05-30,0.009040357545018196,0.008727871
AIZ,2024-05-30,0.00792088732123375,0.008950939
AJG,2024-05-30,0.010626421310007572,0.01524956
AKAM,2024-05-30,-0.01601153053343296,-0.00684844
ALB,2024-05-30,-0.004231485538184643,0.0027506563
ALGN,2024-05-30,0.006141375750303268,0.014687156
ALL,2024-05-30,0.009636645205318928,0.009010952
ALLE,2024-05-30,0.005375407636165619,0.008839058
AMAT,2024-05-30,-0.008777711540460587,-0.0115242805
AMCR,2024-05-30,0.015738418325781822,0.015297566
AMD,2024-05-30,0.005939715076237917,0.009701771
AME,2024-05-30,0.00312956259585917,0.0058611706
AMGN,2024-05-30,0.011667902581393719,0.015500363
AMP,2024-05-30,0.003916576039046049,0.005893997
AMT,2024-05-30,0.016352100297808647,0.029028736
AMZN,2024-05-30,-0.014584621414542198,-0.014943514
ANET,2024-05-30,-0.008543670177459717,-0.015195903
ANSS,2024-05-30,-0.009720588102936745,-0.007877197
AON,2024-05-30,0.005126833915710449,0.0039440985
AOS,2024-05-30,0.00983199942857027,0.0116438465
APA,2024-05-30,0.017496401444077492,0.019013578
APD,2024-05-30,-0.007808055263012648,0.000883308
APH,2024-05-30,-0.006601682398468256,0.0
APO,2024-05-30,0.020558685064315796,0.031304814
APTV,2024-05-30,0.00588979572057724,0.0053828727
ARE,2024-05-30,0.00532643822953105,0.00906907
ATO,2024-05-30,0.004851851612329483,0.0111638745
AVB,2024-05-30,0.00792827270925045,0.007343429
AVGO,2024-05-30,-0.014169223606586456,-0.019302974
AVY,2024-05-30,0.008527476340532303,0.0068697557
AWK,2024-05-30,0.007286316715180874,0.017331714
AXON,2024-05-30,-0.0120576536282897,-0.0086936075
AXP,2024-05-30,0.003853998612612486,0.00541038
AZO,2024-05-30,0.0014870701124891639,0.012141126
BA,2024-05-30,0.0017992972861975431,0.006387919
BAC,2024-05-30,-0.007162778172641993,-0.0023271635
BALL,2024-05-30,0.024609560146927834,0.03135306
BAX,2024-05-30,-0.0009939161827787757,0.007204972
BBY,2024-05-30,0.14705970883369446,0.1252786
BDX,2024-05-30,0.005379647482186556,0.0075688236
BEN,2024-05-30,0.005640753079205751,0.013973176
BG,2024-05-30,-0.009176854975521564,-0.009748487
BK,2024-05-30,0.02090848796069622,0.011361289
BKNG,2024-05-30,0.004618483129888773,0.0054293494
BKR,2024-05-30,0.014265095815062523,0.017076699
BLDR,2024-05-30,0.009519425220787525,0.026503457
BLK,2024-05-30,0.005991724319756031,0.0069543994
BMY,2024-05-30,0.00548250786960125,0.0
BR,2024-05-30,0.0067955986596643925,0.008106129
BRO,2024-05-30,0.010094714350998402,0.016428957
BSX,2024-05-30,0.001243457430973649,0.00026663562
BX,2024-05-30,0.010159897617995739,0.027175955
BXP,2024-05-30,0.009015323594212532,0.01768244
C,2024-05-30,-0.005061125848442316,-0.0012908555
CAG,2024-05-30,-0.0006294636405073106,-0.0020554883
CAH,2024-05-30,0.0240536667406559,0.016197154
CAT,2024-05-30,0.0013451166450977325,0.0033659125
CB,2024-05-30,0.0013048120308667421,0.013745607
CBOE,2024-05-30,-0.011589405126869678,-0.010702229
CBRE,2024-05-30,0.008910117670893669,0.009250491
CCL,2024-05-30,-0.009442000649869442,-0.0013149669
CDNS,2024-05-30,-0.012467820197343826,-0.011897228
CDW,2024-05-30,0.013302617706358433,0.009604141
CF,2024-05-30,-0.0054747797548770905,-0.0015576077
CFG,2024-05-30,0.004994128365069628,0.0061215
CHD,2024-05-30,0.008548576384782791,0.010112017
CHRW,2024-05-30,0.015114043839275837,0.010658077
CHTR,2024-05-30,0.017037833109498024,0.01738805
CI,2024-05-30,-0.006021539214998484,-0.005783797
CINF,2024-05-30,0.020873215049505234,0.013340766
CL,2024-05-30,-0.0065881372429430485,-0.003951219
CLX,2024-05-30,0.002676810370758176,0.0062977783
CMCSA,2024-05-30,0.02585390768945217,0.02421207
CME,2024-05-30,-0.0062185549177229404,-0.0048199864
CMG,2024-05-30,0.012217012234032154,0.010678243
CMI,2024-05-30,0.023979822173714638,0.017271861
CMS,2024-05-30,0.014558427035808563,0.014286231
CNC,2024-05-30,-0.010423376224935055,-0.02208249
CNP,2024-05-30,0.020433468744158745,0.012178219
COF,2024-05-30,-0.0034270016476511955,0.0038995706
COO,2024-05-30,-0.007320906035602093,-0.009705277
COP,2024-05-30,-0.015335128642618656,-0.014595219
COR,2024-05-30,0.008234708569943905,0.006687896
COST,2024-05-30,0.009311573579907417,0.01087611
CPAY,2024-05-30,-0.006002340000122786,0.009124232
CPB,2024-05-30,1.8946127966046333e-05,0.003678208
CPRT,2024-05-30,0.005756061058491468,0.0074519324
CPT,2024-05-30,0.004212979227304459,0.016066164
CRL,2024-05-30,-0.005647264886647463,-0.008356928
CRM,2024-05-30,-0.1762082874774933,-0.21638761
CRWD,2024-05-30,-0.03938001021742821,-0.10072897
CSCO,2024-05-30,0.00035805333754979074,0.0008675861
CSGP,2024-05-30,-0.008928416296839714,-0.013568861
CSX,2024-05-30,0.0008820224902592599,0.001803319
CTAS,2024-05-30,0.008225599303841591,0.008568573
CTRA,2024-05-30,0.016026129946112633,0.011229526
CTSH,2024-05-30,-0.02101656049489975,-0.02047143
CTVA,2024-05-30,0.011808142066001892,0.017713936
CVS,2024-05-30,0.03551072999835014,0.043184612
CVX,2024-05-30,0.006251235492527485,0.008630381
CZR,2024-05-30,-0.007075792644172907,-0.009374821
D,2024-05-30,0.027997830882668495,0.02000935
DAL,2024-05-30,0.0023913776967674494,0.00419959
DAY,2024-05-30,-0.020413048565387726,-0.05308721
DD,2024-05-30,0.007828162983059883,0.0067447308
DE,2024-05-30,0.0012628736440092325,0.009190848
DECK,2024-05-30,-0.005692886188626289,0.01644584
DELL,2024-05-30,-0.04717130586504936,-0.05318036
DFS,2024-05-30,-0.011016116477549076,-0.00469536
DG,2024-05-30,-0.05568411946296692,-0.08472122
DGX,2024-05-30,0.009157844819128513,0.008215377
DHI,2024-05-30,0.024137305095791817,0.028648006
DHR,2024-05-30,-0.009953013621270657,-0.012541958
DIS,2024-05-30,0.015488463453948498,0.00809537
DLR,2024-05-30,0.019021570682525635,0.018284177
DLTR,2024-05-30,0.006121235433965921,0.008398019
DOC,2024-05-30,0.01676901988685131,0.023452634
DOV,2024-05-30,-0.004963328596204519,0.0004956685
DOW,2024-05-30,0.00486485892906785,0.006818611
DPZ,2024-05-30,-0.009799856692552567,-0.0017859166
DRI,2024-05-30,0.018283838406205177,0.01407942
DTE,2024-05-30,0.01031880546361208,0.015911812
DUK,2024-05-30,0.00951915979385376,0.008724798
DVA,2024-05-30,-0.002316465135663748,0.0030630263
DVN,2024-05-30,0.01089293323457241,0.008440335
DXCM,2024-05-30,-0.040383290499448776,-0.07500395
EA,2024-05-30,-0.01029526349157095,-0.0056232675
EBAY,2024-05-30,0.01862124539911747,0.02389641
ECL,2024-05-30,0.01558529119938612,0.011300477
ED,2024-05-30,-0.0016257138922810555,0.005857971
EFX,2024-05-30,-0.0067925783805549145,-0.0055161626
EG,2024-05-30,0.01141749881207943,0.015144031
EIX,2024-05-30,0.01616217941045761,0.017834052
EL,2024-05-30,-0.00990334339439869,-0.001317235
ELV,2024-05-30,-0.003273364156484604,0.003593878
EMN,2024-05-30,0.030819004401564598,0.02378345
EMR,2024-05-30,-0.0006730494787916541,-0.00018026069
ENPH,2024-05-30,0.02096613124012947,0.038760535
EOG,2024-05-30,0.002716741291806102,0.002703103
EPAM,2024-05-30,-0.014982976019382477,-0.013427456
EQIX,2024-05-30,-0.007698152679949999,0.000802314
EQR,2024-05-30,-0.0010169170564040542,0.008170805
EQT,2024-05-30,0.008029336109757423,0.012455359
ERIE,2024-05-30,0.009095014072954655,0.015956268
ES,2024-05-30,0.013454236090183258,0.013992686
ESS,2024-05-30,0.007075353991240263,0.010579649
ETN,2024-05-30,0.0012175420997664332,0.0039274753
ETR,2024-05-30,0.009740081615746021,0.009976901
EVRG,2024-05-30,0.008534693159162998,0.013602174
EW,2024-05-30,0.005305122118443251,0.009832795
EXC,2024-05-30,0.020863590762019157,0.015086038
EXPD,2024-05-30,0.03621035814285278,0.02016258
EXPE,2024-05-30,-0.015583322383463383,-0.007280494
EXR,2024-05-30,0.01031104102730751,0.023418533
F,2024-05-30,0.01908496581017971,0.018001089
FANG,2024-05-30,0.010776480659842491,0.011825262
FAST,2024-05-30,0.010256410576403141,0.006341369
FCX,2024-05-30,-0.004735543392598629,-0.008755052
FDS,2024-05-30,-0.019612809643149376,-0.02714954
FDX,2024-05-30,0.015599249862134457,0.018070495
FE,2024-05-30,0.010273044928908348,0.011867666
FFIV,2024-05-30,-0.009412948042154312,-0.005543372
FI,2024-05-30,-0.00688123470172286,0.00040582524
FICO,2024-05-30,-0.018510211259126663,-0.04033017
FIS,2024-05-30,-0.006297800224274397,-0.0053849183
FITB,2024-05-30,0.008458762429654598,0.013422265
FOX,2024-05-30,0.01677362620830536,0.013971884
FOXA,2024-05-30,0.0186830572783947,0.01351293
FRT,2024-05-30,0.0009337451192550361,0.011600371
FSLR,2024-05-30,0.009544230066239834,-0.0050813253
FTNT,2024-05-30,-0.017949435859918594,-0.029382952
FTV,2024-05-30,-0.0013368753716349602,0.0072288783
GD,2024-05-30,0.008362707681953907,0.008819916
GDDY,2024-05-30,-0.007526716683059931,-0.008286011
GE,2024-05-30,0.003004159312695265,0.00366063
GEN,2024-05-30,0.0027620892506092787,0.0032600495
GILD,2024-05-30,0.008882483467459679,0.009092105
GIS,2024-05-30,-0.003605159930884838,0.0024034635
GL,2024-05-30,-0.006726883351802826,-0.001214824
GLW,2024-05-30,0.04393867775797844,0.038876634
GM,2024-05-30,0.002042061183601618,0.017895158
GNRC,2024-05-30,0.0027213154826313257,0.0008024331
GOOG,2024-05-30,-0.016697878018021584,-0.021880243
GOOGL,2024-05-30,-0.01643562689423561,-0.021778371
GPC,2024-05-30,-0.0017741790506988764,0.010288172
GPN,2024-05-30,-0.0073750875890254974,0.00079564366
GRMN,2024-05-30,-0.004446066450327635,0.006842763
GS,2024-05-30,-0.010990926064550877,-0.0092631085
GWW,2024-05-30,-0.006164035759866238,-0.0034102933
HAL,2024-05-30,-0.002187898615375161,0.004180122
HAS,2024-05-30,-0.005208341404795647,0.0011614962
HBAN,2024-05-30,0.020028458908200264,0.014005967
HCA,2024-05-30,0.02608788013458252,0.030194735
HD,2024-05-30,0.010542663745582104,0.016909502
HES,2024-05-30,0.002585354493930936,0.008893642
HIG,2024-05-30,0.013290167786180973,0.01482585
HII,2024-05-30,0.0071096657775342464,0.011690852
HLT,2024-05-30,-0.00525145698338747,0.00025459862
HOLX,2024-05-30,-0.0009318774682469666,0.0026213054
HON,2024-05-30,0.016750697046518326,0.01929555
HPE,2024-05-30,0.022505415603518486,0.018526943
HPQ,2024-05-30,0.16244809329509735,0.15531942
HRL,2024-05-30,-0.050940658897161484,-0.10175394
HSIC,2024-05-30,-0.01574275642633438,-0.012769373
HST,2024-05-30,-0.0035172065254300833,0.0011233927
HSY,2024-05-30,-0.004372316412627697,-0.002172321
HUBB,2024-05-30,0.001014701439999044,0.003589958
HUM,2024-05-30,0.005424625240266323,0.0059765913
HWM,2024-05-30,0.0035604520235210657,0.0019014842
IBM,2024-05-30,-0.01644950732588768,-0.008536644
ICE,2024-05-30,0.0077146743424236774,0.009728685
IDXX,2024-05-30,-0.006860104855149984,0.002845281
IEX,2024-05-30,-0.008222057484090328,-0.010229823
IFF,2024-05-30,0.010066874325275421,0.008725153
INCY,2024-05-30,0.01964789628982544,0.006653793
INTC,2024-05-30,-0.0013353772228583694,0.0019894084
INTU,2024-05-30,-0.028377989307045937,-0.060757626
INVH,2024-05-30,0.00899579655379057,0.007373485
IP,2024-05-30,0.0009776783408597112,0.004045852
IPG,2024-05-30,0.005715820472687483,0.009790893
IQV,2024-05-30,-0.015144014731049538,-0.011397565
IR,2024-05-30,0.010209049098193645,0.009940315
IRM,2024-05-30,0.014866188168525696,0.015946414
ISRG,2024-05-30,0.0049480353482067585,0.012446767
IT,2024-05-30,-0.026671376079320908,-0.031480342
ITW,2024-05-30,-0.0036047634202986956,0.011801468
IVZ,2024-05-30,0.008122147992253304,0.014425452
J,2024-05-30,0.01751704514026642,0.023938518
JBHT,2024-05-30,0.01345477532595396,0.014761732
JBL,2024-05-30,0.01909753307700157,0.015978787
JCI,2024-05-30,0.0013414734276011586,0.0064487983
JKHY,2024-05-30,-0.0066779544577002525,-0.0023553625
JNJ,2024-05-30,0.00555107556283474,0.005798596
JNPR,2024-05-30,0.031042374670505524,0.014623029
JPM,2024-05-30,0.0060093458741903305,0.0061391527
K,2024-05-30,-0.0070354691706597805,-0.0043719793
KDP,2024-05-30,0.012452960014343262,0.0071048453
KEY,2024-05-30,-0.0032913347240537405,0.005016081
KEYS,2024-05-30,-0.010188533924520016,-0.00590394
KHC,2024-05-30,-0.0034442576579749584,-0.0002885281
KIM,2024-05-30,0.03009849414229393,0.030695774
KKR,2024-05-30,0.0028568219859153032,0.0060860743
KLAC,2024-05-30,-0.007271009963005781,-0.002891417
KMB,2024-05-30,0.014922302216291428,0.011712764
KMI,2024-05-30,0.005964075215160847,0.0047481046
KMX,2024-05-30,0.026692083105444908,0.032381423
KO,2024-05-30,0.005523816682398319,0.00436636
KR,2024-05-30,-0.004229952581226826,0.001732991
L,2024-05-30,0.018960868939757347,0.016193872
LDOS,2024-05-30,-0.007328722160309553,-0.0030240703
LEN,2024-05-30,0.01568034663796425,0.019092495
LH,2024-05-30,0.005718996282666922,0.004871129
LHX,2024-05-30,0.012515165843069553,0.018091911
LII,2024-05-30,0.009998196735978127,0.0147819305
LIN,2024-05-30,0.012764953076839447,0.009179037
LKQ,2024-05-30,-0.004595878999680281,0.0076626334
LLY,2024-05-30,-0.004081632476300001,0.0043402486
LMT,2024-05-30,0.025243261829018593,0.017992077
LNT,2024-05-30,0.011646204628050327,0.016076133
LOW,2024-05-30,-0.007847750559449196,0.005538419
LRCX,2024-05-30,-0.007238926365971565,-0.0026681758
LULU,2024-05-30,0.006254361476749182,0.014497697
LUV,2024-05-30,0.01407626736909151,0.02324359
LVS,2024-05-30,-0.005077078472822905,0.0022752567
LW,2024-05-30,0.002233416773378849,0.0031580967
LYB,2024-05-30,0.003863210789859295,0.0049453867
LYV,2024-05-30,-0.012923753820359707,-0.007260202
MA,2024-05-30,-0.008452591486275196,-0.0008366028
MAA,2024-05-30,-0.0017224710900336504,0.00835121
MAR,2024-05-30,-0.003248335560783744,0.0021861685
MAS,2024-05-30,0.013880778104066849,0.015473138
MCD,2024-05-30,-0.00011275289580225945,0.010768691
MCHP,2024-05-30,0.010182037018239498,0.00802537
MCK,2024-05-30,0.003915715496987104,0.0036968547
MCO,2024-05-30,-0.008005363866686821,-0.011013231
MDLZ,2024-05-30,0.01870661787688732,0.014240407
MDT,2024-05-30,-0.011103488504886627,-0.010981114
MET,2024-05-30,0.007315963972359896,0.009466475
META,2024-05-30,-0.016928911209106445,-0.015529028
MGM,2024-05-30,-0.009004156105220318,-0.004402451
MHK,2024-05-30,0.02600422501564026,0.022074614
MKC,2024-05-30,-0.0033529691863805056,0.0076649995
MKTX,2024-05-30,-0.009713875129818916,-0.013714999
MLM,2024-05-30,0.012194349430501461,0.0058534676
MMC,2024-05-30,0.013556062243878841,0.012008527
MMM,2024-05-30,0.007761596702039242,0.006538452
MNST,2024-05-30,-0.02139567956328392,-0.017218394
MO,2024-05-30,0.004137107171118259,0.0064021326
MOH,2024-05-30,-0.025646857917308807,-0.028848782
MOS,2024-05-30,0.003915999084711075,0.009357958
MPC,2024-05-30,0.0010347353527322412,-0.002612657
MPWR,2024-05-30,-0.006858740467578173,-0.003354973
MRK,2024-05-30,-0.013277474790811539,-0.010940864
MRNA,2024-05-30,0.0023697749711573124,0.023843594
MS,2024-05-30,-0.004331457428634167,-0.00041117772
MSCI,2024-05-30,-0.0070647671818733215,-0.0004493411
MSFT,2024-05-30,-0.026839718222618103,-0.034356594
MSI,2024-05-30,0.007202370557934046,0.007198463
MTB,2024-05-30,0.00780097208917141,0.014989649
MTCH,2024-05-30,0.011147151701152325,0.0141169075
MTD,2024-05-30,-0.015593629330396652,-0.037983634
MU,2024-05-30,-0.019452115520834923,-0.041011054
NCLH,2024-05-30,-0.005228882655501366,-0.0024286124
NDAQ,2024-05-30,-0.014980302192270756,-0.013455905
NDSN,2024-05-30,-0.004103884566575289,0.005636216
NEE,2024-05-30,0.019179845228791237,0.019498445
NEM,2024-05-30,0.0034786479081958532,0.0059858337
NFLX,2024-05-30,-0.006886746734380722,-0.010688676
NI,2024-05-30,0.004987419117242098,0.0075334497
NKE,2024-05-30,0.024990156292915344,0.019229038
NOC,2024-05-30,0.000942564511206001,0.0002910667
NOW,2024-05-30,-0.06601981818675995,-0.12728779
NRG,2024-05-30,0.010255472734570503,0.0132003315
NSC,2024-05-30,-0.0022706398740410805,0.0075960327
NTAP,2024-05-30,-0.009343098849058151,-0.008546864
NTRS,2024-05-30,0.022758202627301216,0.014212912
NUE,2024-05-30,-0.007840690203011036,0.00042012444
NVDA,2024-05-30,-0.018664037808775902,-0.038374927
NVR,2024-05-30,0.016829555854201317,0.016232334
NWS,2024-05-30,0.004061352461576462,0.0098019885
NWSA,2024-05-30,0.0046362797729671,0.010830714
NXPI,2024-05-30,-0.007481388747692108,-0.0088027315
O,2024-05-30,-0.006781750824302435,0.011270661
ODFL,2024-05-30,0.004860147833824158,0.010105882
OKE,2024-05-30,0.0037840656004846096,0.0043879612
OMC,2024-05-30,-0.00931498035788536,-0.0043995176
ON,2024-05-30,0.008311777375638485,0.015370803
ORCL,2024-05-30,-0.03064246103167534,-0.055183705
ORLY,2024-05-30,0.0020525832660496235,0.00597434
OXY,2024-05-30,0.0025966791436076164,0.0014713891
PANW,2024-05-30,-0.024570723995566368,-0.04570332
PARA,2024-05-30,0.002977533731609583,0.010203816
PAYC,2024-05-30,-0.023670610040426254,-0.028765665
PAYX,2024-05-30,-0.007690761238336563,-0.0028672675
PCAR,2024-05-30,0.0014594080857932568,0.004834354
PCG,2024-05-30,0.0051155490800738335,0.009895232
PEG,2024-05-30,0.007433673366904259,0.009652544
PEP,2024-05-30,-0.008396375924348831,-0.0039223167
PFE,2024-05-30,0.008641588501632214,0.013566078
PFG,2024-05-30,0.008027195930480957,0.010766332
PG,2024-05-30,0.004742160439491272,0.0057366104
PGR,2024-05-30,0.02079004794359207,0.018433822
PH,2024-05-30,-0.0021996740251779556,0.0024243938
PHM,2024-05-30,0.021525319665670395,0.028289242
PKG,2024-05-30,0.013792560435831547,0.012865512
PLD,2024-05-30,0.020711040124297142,0.024176717
PM,2024-05-30,-0.007484724745154381,-0.0019094662
PNC,2024-05-30,0.023775575682520866,0.018092029
PNR,2024-05-30,0.004270183388143778,0.011409369
PNW,2024-05-30,0.021233368664979935,0.016888995
PODD,2024-05-30,0.012017193250358105,0.021249788
POOL,2024-05-30,0.011362950317561626,0.014109856
PPG,2024-05-30,0.008240582421422005,0.015373502
PPL,2024-05-30,0.008066571317613125,0.0130390525
PRU,2024-05-30,0.013047920539975166,0.008897068
PSA,2024-05-30,0.0079767731949687,0.0166893
PSX,2024-05-30,-0.00526707386597991,0.0014461535
PTC,2024-05-30,-0.018264848738908768,-0.019646721
PWR,2024-05-30,-0.004772415850311518,0.006418952
PYPL,2024-05-30,0.016365230083465576,0.023628933
QCOM,2024-05-30,-0.007937582209706306,-0.012662841
RCL,2024-05-30,-0.002976600779220462,-0.0031815555
REG,2024-05-30,0.02246684394776821,0.023569938
REGN,2024-05-30,0.0037131421267986298,0.0035323477
RF,2024-05-30,0.012922648340463638,0.019126985
RJF,2024-05-30,-0.0039053347427397966,0.0014779359
RL,2024-05-30,0.0163065604865551,0.010952392
RMD,2024-05-30,0.013572953641414642,0.016276306
ROK,2024-05-30,0.00016915029846131802,0.007415135
ROL,2024-05-30,0.011228450573980808,0.011182734
ROP,2024-05-30,-0.01043060701340437,-0.008245567
ROST,2024-05-30,0.006706065498292446,0.005305565
RSG,2024-05-30,-0.0030310829170048237,0.0026398532
RTX,2024-05-30,0.0148746557533741,0.010936947
RVTY,2024-05-30,-0.015257790684700012,-0.012930005
SBAC,2024-05-30,0.03502726927399635,0.035922837
SBUX,2024-05-30,0.019239967688918114,0.024154853
SCHW,2024-05-30,0.022056251764297485,0.018957686
SHW,2024-05-30,0.014920313842594624,0.015412465
SJM,2024-05-30,0.012268227525055408,0.004456203
SLB,2024-05-30,-0.010211250744760036,-0.0010961931
SMCI,2024-05-30,-0.01231788657605648,-0.014126879
SNA,2024-05-30,0.008032763376832008,0.010643925
SNPS,2024-05-30,-0.02037779614329338,-0.027035834
SO,2024-05-30,0.011218606494367123,0.011334066
SPG,2024-05-30,0.013010171242058277,0.009068008
SPGI,2024-05-30,-0.007928810082376003,-0.007961602
SRE,2024-05-30,0.0022675993386656046,0.0052542207
STE,2024-05-30,-0.004738768097013235,-0.0008955432
STLD,2024-05-30,0.010480096563696861,0.013346529
STT,2024-05-30,0.006604608613997698,0.005672368
STX,2024-05-30,-0.006936103105545044,-0.0058520203
STZ,2024-05-30,0.012777146883308887,0.010681427
SWK,2024-05-30,0.01951955072581768,0.028635044
SWKS,2024-05-30,0.004412250593304634,0.0073048524
SYF,2024-05-30,0.007018811069428921,0.014289991
SYK,2024-05-30,-0.00984047818928957,-0.0018191761
SYY,2024-05-30,-0.005690545774996281,0.002515482
T,2024-05-30,0.02836882323026657,0.02877937
TAP,2024-05-30,0.0007269683992490172,0.0037650252
TDG,2024-05-30,0.004975743591785431,0.0072583454
TDY,2024-05-30,0.009682394564151764,0.01990469
TECH,2024-05-30,-0.009517695754766464,-0.017323095
TEL,2024-05-30,0.0017133468063548207,0.0017553632
TER,2024-05-30,-0.0065253740176558495,-0.004238131
TFC,2024-05-30,-0.010787708684802055,-0.009117606
TGT,2024-05-30,0.0011159603018313646,0.0143132545
TJX,2024-05-30,0.026886649429798126,0.018845078
TKO,2024-05-30,-0.009727448225021362,-0.009787426
TMO,2024-05-30,-0.009192523546516895,-0.008034899
TMUS,2024-05-30,0.019274737685918808,0.01071881
TPL,2024-05-30,0.00387190212495625,0.0012536525
TPR,2024-05-30,0.016684193164110184,0.019790558
TRGP,2024-05-30,0.012269682250916958,0.016430598
TRMB,2024-05-30,-0.0038959842640906572,-0.0035971494
TROW,2024-05-30,-0.001620772061869502,0.002512866
TRV,2024-05-30,0.017864536494016647,0.011453559
TSCO,2024-05-30,-0.008595481514930725,-0.00078309415
TSLA,2024-05-30,0.01866009086370468,0.014647929
TSN,2024-05-30,-0.001790408045053482,-0.005242847
TT,2024-05-30,0.006827209144830704,0.009055958
TTWO,2024-05-30,0.002185162389650941,0.0006261295
TXN,2024-05-30,-0.0021294099278748035,0.0039426736
TXT,2024-05-30,0.0004323213070165366,0.0024377124
TYL,2024-05-30,0.0022128226701170206,0.004156261
UAL,2024-05-30,-0.012672348879277706,-0.009498699
UBER,2024-05-30,-0.011089477688074112,-0.012552761
UDR,2024-05-30,0.0060659958980977535,0.007953235
UHS,2024-05-30,0.03242569416761398,0.030965071
ULTA,2024-05-30,0.036973509937524796,0.01911167
UNH,2024-05-30,-0.0059351008385419846,-0.006353586
UNP,2024-05-30,0.006811200641095638,0.01476455
UPS,2024-05-30,0.005924643017351627,0.018061599
URI,2024-05-30,0.011137481778860092,0.02198918
USB,2024-05-30,-0.0018525334307923913,0.008671151
V,2024-05-30,0.008170225657522678,0.009034223
VICI,2024-05-30,0.00482414523139596,0.00500161
VLO,2024-05-30,-0.024983596056699753,-0.024348207
VMC,2024-05-30,0.005442801397293806,0.008577081
VRSK,2024-05-30,0.004548656288534403,0.0098729255
VRSN,2024-05-30,-0.017268355935811996,-0.0072268825
VRTX,2024-05-30,-0.0035273132380098104,0.0043429784
VST,2024-05-30,0.0033379553351551294,0.016746026
VTR,2024-05-30,0.030503755435347557,0.0329752
VTRS,2024-05-30,0.0055169472470879555,0.01635275
VZ,2024-05-30,0.02997552789747715,0.030963568
WAB,2024-05-30,0.012091514654457569,0.00921128
WAT,2024-05-30,-0.02502487041056156,-0.06299718
WBA,2024-05-30,0.030844511464238167,0.033016104
WBD,2024-05-30,0.03865775838494301,0.05332927
WDAY,2024-05-30,-0.0053421081975102425,-0.01975847
WDC,2024-05-30,-0.02084287628531456,-0.025103945
WEC,2024-05-30,-0.007620839402079582,0.004805882
WELL,2024-05-30,0.009291693568229675,0.014891373
WFC,2024-05-30,0.004743561148643494,0.0077992515
WM,2024-05-30,0.012945374473929405,0.010184583
WMB,2024-05-30,0.013215389102697372,0.01337593
WMT,2024-05-30,-0.010004833340644836,-0.00046216196
WRB,2024-05-30,0.022495022043585777,0.019686809
WSM,2024-05-30,0.009650013409554958,0.02021186
WST,2024-05-30,0.00018685718532651663,0.019232195
WTW,2024-05-30,0.019026927649974823,0.0067060124
WY,2024-05-30,-0.0007277235854417086,0.012186461
WYNN,2024-05-30,-0.0008330521523021162,0.00010799778
XEL,2024-05-30,0.013699299655854702,0.018953828
XOM,2024-05-30,0.0022734447848051786,0.0031632066
XYL,2024-05-30,0.012223518453538418,0.013068699
YUM,2024-05-30,-0.0060727838426828384,0.0012615104
ZBH,2024-05-30,-0.013490136712789536,-0.0060979747
ZBRA,2024-05-30,-0.0076123857870697975,-0.0009785906
ZTS,2024-05-30,-0.00943642109632492,-0.007994224
A,2024-05-31,-0.010289945639669895,-0.0077147745
AAPL,2024-05-31,-0.006961527746170759,0.0050058803
ABBV,2024-05-31,0.04296020045876503,0.031042775
ABT,2024-05-31,-0.009317507036030293,0.0044132406
ACGL,2024-05-31,0.010393261909484863,0.011957886
ACN,2024-05-31,-0.01389613188803196,-0.008851977
ADBE,2024-05-31,-0.02277451567351818,-0.002492606
ADI,2024-05-31,0.005271259695291519,0.019331317
ADM,2024-05-31,0.06133878603577614,0.03751322
ADP,2024-05-31,0.015572081319987774,0.016506681
ADSK,2024-05-31,-0.009650979191064835,0.008318109
AEE,2024-05-31,0.03069913573563099,0.02567212
AEP,2024-05-31,0.018193628638982773,0.023425866
AES,2024-05-31,-0.010875851847231388,-0.008302418
AFL,2024-05-31,0.03459504619240761,0.021251539
AIG,2024-05-31,0.0019757815171033144,0.0072578723
AIZ,2024-05-31,0.007467805873602629,0.01685724
AJG,2024-05-31,0.016100261360406876,0.016877044
AKAM,2024-05-31,0.010609419085085392,0.022139065
ALB,2024-05-31,-0.016491806134581566,-0.0096601425
ALGN,2024-05-31,-0.009193632751703262,0.0027642087
ALL,2024-05-31,0.04860619828104973,0.020867568
ALLE,2024-05-31,0.00717143202200532,0.011309316
AMAT,2024-05-31,-0.015373880043625832,-0.006765027
AMCR,2024-05-31,0.02569785714149475,0.028921593
AMD,2024-05-31,-0.009732450358569622,0.0008991487
AME,2024-05-31,0.004337594844400883,0.011207368
AMGN,2024-05-31,0.007300498895347118,0.015983127
AMP,2024-05-31,0.017021117731928825,0.014068725
AMT,2024-05-31,0.016946665942668915,0.02566074
AMZN,2024-05-31,-0.0159146711230278,-0.016189666
ANET,2024-05-31,-0.015708627179265022,-0.019987723
ANSS,2024-05-31,-0.02078007347881794,-0.0077192197
AON,2024-05-31,0.0015289161819964647,0.016935397
AOS,2024-05-31,0.01795663870871067,0.019068763
APA,2024-05-31,0.022614194080233574,0.026546959
APD,2024-05-31,0.006746008526533842,0.023517223
APH,2024-05-31,-0.008815419860184193,-0.0052742437
APO,2024-05-31,-0.011468101292848587,-0.0052375146
APTV,2024-05-31,0.018370892852544785,0.015735617
ARE,2024-05-31,0.01951274648308754,0.022946471
ATO,2024-05-31,0.052827682346105576,0.029139109
AVB,2024-05-31,0.01004322711378336,0.014111032
AVGO,2024-05-31,-0.0247444249689579,-0.026386036
AVY,2024-05-31,0.028402671217918396,0.018221809
AWK,2024-05-31,0.030249642208218575,0.03492423
AXON,2024-05-31,-0.011656723916530609,-0.00021299008
AXP,2024-05-31,0.004305843263864517,0.011650444
AZO,2024-05-31,-0.008896641433238983,-0.00094547815
BA,2024-05-31,0.018907254561781883,0.027737569
BAC,2024-05-31,0.040374673902988434,0.034586485
BALL,2024-05-31,0.010179921984672546,0.011151852
BAX,2024-05-31,0.011612385511398315,0.028255545
BBY,2024-05-31,0.021209539845585823,0.039294764
BDX,2024-05-31,0.05224843695759773,0.022623753
BEN,2024-05-31,0.005019896663725376,0.023143124
BG,2024-05-31,0.00839302223175764,0.02303089
BK,2024-05-31,0.03406595066189766,0.020162348
BKNG,2024-05-31,4.9072783440351486e-05,0.0057707443
BKR,2024-05-31,0.037235911935567856,0.030314445
BLDR,2024-05-31,-0.011545193381607533,0.003925813
BLK,2024-05-31,0.00726858526468277,0.013259848
BMY,2024-05-31,0.0016505025560036302,0.020651888
BR,2024-05-31,0.0471402108669281,0.02557156
BRO,2024-05-31,0.014171291142702103,0.01985598
BSX,2024-05-31,0.0016668782336637378,0.007571071
BX,2024-05-31,-0.008049730211496353,0.00975678
BXP,2024-05-31,0.04451204463839531,0.04171148
C,2024-05-31,-0.0007042061188258231,0.0061171157
CAG,2024-05-31,0.019390907138586044,0.024386603
CAH,2024-05-31,0.02612227201461792,0.01583803
CAT,2024-05-31,-0.009738574735820293,-0.0021541622
CB,2024-05-31,-0.0021673408336937428,0.021155763
CBOE,2024-05-31,-0.018477946519851685,-0.009950541
CBRE,2024-05-31,0.010389698669314384,0.013603233
CCL,2024-05-31,-0.011644518002867699,-0.007925917
CDNS,2024-05-31,-0.012997333891689777,-0.0067529064
CDW,2024-05-31,-0.006604505702853203,0.0034940974
CF,2024-05-31,0.009296084754168987,0.035085876
CFG,2024-05-31,0.020414924249053,0.025247175
CHD,2024-05-31,0.06674385815858841,0.025070593
CHRW,2024-05-31,0.013734288513660431,0.017282402
CHTR,2024-05-31,0.04889102652668953,0.039081085
CI,2024-05-31,0.043093565851449966,0.040302057
CINF,2024-05-31,0.01462891697883606,0.01180559
CL,2024-05-31,0.027267655357718468,0.022075662
CLX,2024-05-31,0.022955456748604774,0.01949307
CMCSA,2024-05-31,0.0319056399166584,0.02939798
CME,2024-05-31,-0.01788770593702793,-0.009414347
CMG,2024-05-31,-0.0010514884488657117,0.0075953226
CMI,2024-05-31,-0.002289635594934225,0.009307059
CMS,2024-05-31,0.0479741208255291,0.025748285
CNC,2024-05-31,0.017493555322289467,0.037411287
CNP,2024-05-31,0.04071367532014847,0.025555886
COF,2024-05-31,0.010098240338265896,0.01059109
COO,2024-05-31,0.058733079582452774,0.044196427
COP,2024-05-31,0.01511160284280777,0.025206866
COR,2024-05-31,0.027905864641070366,0.02701376
COST,2024-05-31,-0.017915811389684677,-0.0067067025
CPAY,2024-05-31,-0.010616783984005451,0.0046433383
CPB,2024-05-31,0.024745995178818703,0.01818846
CPRT,2024-05-31,0.0007792637916281819,0.01003862
CPT,2024-05-31,0.008867650292813778,0.016104162
CRL,2024-05-31,-0.006709426641464233,-0.006122022
CRM,2024-05-31,-0.0005375157343223691,0.07253117
CRWD,2024-05-31,-0.008273863233625889,-0.007147401
CSCO,2024-05-31,0.001685193507000804,0.0082054455
CSGP,2024-05-31,-0.013917735777795315,-0.0111942
CSX,2024-05-31,0.024174794554710388,0.017031474
CTAS,2024-05-31,0.014989292249083519,0.012974464
CTRA,2024-05-31,0.059206705540418625,0.02700286
CTSH,2024-05-31,0.011870753020048141,0.02092498
CTVA,2024-05-31,0.012340755201876163,0.012591665
CVS,2024-05-31,0.02469376102089882,0.061512075
CVX,2024-05-31,0.036787133663892746,0.025201986
CZR,2024-05-31,0.1509135663509369,0.10974033
D,2024-05-31,0.03619975596666336,0.020381637
DAL,2024-05-31,0.012225947342813015,0.017995002
DAY,2024-05-31,-0.009271197021007538,-0.018626325
DD,2024-05-31,0.00978702399879694,0.008801721
DE,2024-05-31,0.0013041836209595203,0.017250542
DECK,2024-05-31,-0.007199324667453766,0.010420179
DELL,2024-05-31,-0.030010763555765152,-0.19432992
DFS,2024-05-31,0.030790556222200394,0.012716417
DG,2024-05-31,0.022101541981101036,0.06765889
DGX,2024-05-31,0.03584243357181549,0.018768128
DHI,2024-05-31,0.0091800382360816,0.015751338
DHR,2024-05-31,0.006765685509890318,0.01593492
DIS,2024-05-31,0.0054651605896651745,0.021494487
DLR,2024-05-31,0.011394948698580265,0.00898449
DLTR,2024-05-31,0.03841795399785042,0.027149754
DOC,2024-05-31,0.02315925806760788,0.02492605
DOV,2024-05-31,0.02613113634288311,0.014796257
DOW,2024-05-31,0.018645821139216423,0.016443962
DPZ,2024-05-31,-0.008604568429291248,-0.0010220262
DRI,2024-05-31,0.012546079233288765,0.015680593
DTE,2024-05-31,0.045495763421058655,0.032963794
DUK,2024-05-31,0.04756766930222511,0.022157595
DVA,2024-05-31,-0.005339656490832567,-0.00013596744
DVN,2024-05-31,0.037593260407447815,0.030819345
DXCM,2024-05-31,-0.010102849453687668,0.0031200699
EA,2024-05-31,-0.003498478326946497,0.0124945585
EBAY,2024-05-31,0.010507027618587017,0.021246523
ECL,2024-05-31,0.0255734883248806,0.01518676
ED,2024-05-31,0.033233046531677246,0.02245717
EFX,2024-05-31,-0.003203241154551506,0.007809305
EG,2024-05-31,-0.007250333204865456,0.00615799
EIX,2024-05-31,0.059556182473897934,0.02876907
EL,2024-05-31,0.013879681937396526,0.021546965
ELV,2024-05-31,0.10545560717582703,0.059498604
EMN,2024-05-31,0.0025779278948903084,0.005045851
EMR,2024-05-31,0.009636101312935352,0.01129706
ENPH,2024-05-31,-0.014877215027809143,-0.02134658
EOG,2024-05-31,0.00614449568092823,0.018637015
EPAM,2024-05-31,-0.009808403439819813,0.0106217535
EQIX,2024-05-31,-0.01650441624224186,0.0030847746
EQR,2024-05-31,0.011384987272322178,0.01752741
EQT,2024-05-31,-0.009953804314136505,-0.0026733752
ERIE,2024-05-31,-0.02193327620625496,-0.031280525
ES,2024-05-31,0.025259457528591156,0.028418917
ESS,2024-05-31,0.013526295311748981,0.016258366
ETN,2024-05-31,-0.015421085059642792,-0.004047685
ETR,2024-05-31,0.09466298669576645,0.04274601
EVRG,2024-05-31,0.026148363947868347,0.025378082
EW,2024-05-31,-0.013875615783035755,-0.011442595
EXC,2024-05-31,0.030651990324258804,0.022076128
EXPD,2024-05-31,0.013046251609921455,0.0056402464
EXPE,2024-05-31,0.03213924169540405,0.030396823
EXR,2024-05-31,0.006402233149856329,0.021572039
F,2024-05-31,0.030739676207304,0.030118696
FANG,2024-05-31,-0.005306705366820097,0.009682175
FAST,2024-05-31,0.033892303705215454,0.01711899
FCX,2024-05-31,-0.0025661818217486143,0.007996635
FDS,2024-05-31,-0.011282271705567837,-0.0029392994
FDX,2024-05-31,0.023614492267370224,0.017395545
FE,2024-05-31,0.060207299888134,0.0320423
FFIV,2024-05-31,-0.01039645355194807,0.00993229
FI,2024-05-31,0.0036198159214109182,0.012632152
FICO,2024-05-31,-0.010917247273027897,-0.009820048
FIS,2024-05-31,0.0143566420301795,0.024002958
FITB,2024-05-31,0.01767795719206333,0.018065227
FOX,2024-05-31,0.009633802808821201,0.007226985
FOXA,2024-05-31,0.011756699532270432,0.004657933
FRT,2024-05-31,0.03702462464570999,0.021119833
FSLR,2024-05-31,0.0013050967827439308,-0.018301547
FTNT,2024-05-31,0.0034853629767894745,0.022499692
FTV,2024-05-31,-0.0005983049049973488,0.012707356
GD,2024-05-31,0.009742800146341324,0.012385199
GDDY,2024-05-31,5.0903588999062777e-05,0.010221396
GE,2024-05-31,-0.018133750185370445,0.005708283
GEN,2024-05-31,0.0004337070567999035,0.010119097
GILD,2024-05-31,-0.0009185029775835574,0.0029606968
GIS,2024-05-31,0.04018701612949371,0.031011833
GL,2024-05-31,-0.009185289964079857,0.0059383167
GLW,2024-05-31,0.004261836409568787,0.01568728
GM,2024-05-31,0.07366082072257996,0.035735264
GNRC,2024-05-31,-0.015887487679719925,-0.016170347
GOOG,2024-05-31,-0.0044984580017626286,0.0023021365
GOOGL,2024-05-31,-0.004901588428765535,0.002263363
GPC,2024-05-31,0.01515586394816637,0.024292655
GPN,2024-05-31,-0.0034750637132674456,0.012646393
GRMN,2024-05-31,-0.007961230352520943,0.006613177
GS,2024-05-31,0.01221510674804449,0.013873033
GWW,2024-05-31,0.004444266203790903,0.015297683
HAL,2024-05-31,0.011005776934325695,0.020366693
HAS,2024-05-31,-0.011888120323419571,-0.008660781
HBAN,2024-05-31,0.024425720795989037,0.018852679
HCA,2024-05-31,0.006915097124874592,0.013780287
HD,2024-05-31,0.01565835438668728,0.017136093
HES,2024-05-31,0.026831433176994324,0.025561808
HIG,2024-05-31,0.028995294123888016,0.021591045
HII,2024-05-31,-0.0010479605989530683,0.012643098
HLT,2024-05-31,0.01630096323788166,0.020494884
HOLX,2024-05-31,0.028536945581436157,0.016396834
HON,2024-05-31,-0.0028642795514315367,0.0063508456
HPE,2024-05-31,-0.026582682505249977,-0.04807819
HPQ,2024-05-31,-0.027464743703603745,-0.049662177
HRL,2024-05-31,0.018151182681322098,0.0061518294
HSIC,2024-05-31,-0.009166360832750797,0.0012987752
HST,2024-05-31,0.005399041809141636,0.0072725466
HSY,2024-05-31,0.020941896364092827,0.024039946
HUBB,2024-05-31,-0.007770391646772623,-0.0014647228
HUM,2024-05-31,0.02348281629383564,0.030439338
HWM,2024-05-31,-0.005302551202476025,0.004973855
IBM,2024-05-31,-0.00477574672549963,0.0073386957
ICE,2024-05-31,-0.000281998363789171,0.0049411166
IDXX,2024-05-31,-0.011230462230741978,-0.005658452
IEX,2024-05-31,0.013509824872016907,0.016623665
IFF,2024-05-31,-7.61474366299808e-05,0.00667641
INCY,2024-05-31,0.04953702166676521,0.008514916
INTC,2024-05-31,0.00013032654533162713,0.021622645
INTU,2024-05-31,0.015136686153709888,0.023640454
INVH,2024-05-31,0.042778197675943375,0.022084054
IP,2024-05-31,-0.004664601292461157,0.011374606
IPG,2024-05-31,0.012830782681703568,0.018659825
IQV,2024-05-31,-0.024632254615426064,-0.015218592
IR,2024-05-31,-0.00067199143813923,0.0113478545
IRM,2024-05-31,0.007182506378740072,0.013097404
ISRG,2024-05-31,-0.007441552355885506,-0.003153333
IT,2024-05-31,0.0003670332080218941,0.0124433525
ITW,2024-05-31,0.016742723062634468,0.020599129
IVZ,2024-05-31,0.010774413123726845,0.022526952
J,2024-05-31,0.0023179217241704464,0.014238058
JBHT,2024-05-31,0.01222241297364235,0.02391851
JBL,2024-05-31,-0.011585734784603119,-0.0026877783
JCI,2024-05-31,-0.010972863994538784,0.0048791957
JKHY,2024-05-31,0.029287440702319145,0.021665206
JNJ,2024-05-31,0.019818712025880814,0.009522087
JNPR,2024-05-31,0.026673126965761185,0.01525308
JPM,2024-05-31,0.022824427112936974,0.016418407
K,2024-05-31,0.022827012464404106,0.016710047
KDP,2024-05-31,0.011187035590410233,0.010271066
KEY,2024-05-31,0.022123483940958977,0.026793549
KEYS,2024-05-31,0.00044101945240981877,0.0
KHC,2024-05-31,0.029357021674513817,0.020563293
KIM,2024-05-31,0.03755008429288864,0.026689865
KKR,2024-05-31,-0.013513021171092987,-0.00958041
KLAC,2024-05-31,-0.012375133112072945,-0.013858558
KMB,2024-05-31,0.06426754593849182,0.02760247
KMI,2024-05-31,0.05446778982877731,0.025456943
KMX,2024-05-31,-0.0010966171976178885,0.008719718
KO,2024-05-31,0.02821592427790165,0.01537139
KR,2024-05-31,0.011040376499295235,0.0074747675
L,2024-05-31,0.01586046628654003,0.019456608
LDOS,2024-05-31,0.013106095604598522,0.012109214
LEN,2024-05-31,0.01890937238931656,0.020919029
LH,2024-05-31,0.0012908079661428928,0.0075704795
LHX,2024-05-31,0.024960778653621674,0.025491318
LII,2024-05-31,0.005291302222758532,0.017135976
LIN,2024-05-31,0.007119826506823301,0.012499149
LKQ,2024-05-31,0.020623017102479935,0.026128441
LLY,2024-05-31,-0.009613925591111183,0.006457089
LMT,2024-05-31,0.03768254816532135,0.020185236
LNT,2024-05-31,0.033952247351408005,0.026163837
LOW,2024-05-31,0.027368858456611633,0.026692415
LRCX,2024-05-31,-0.021221447736024857,-0.0193913
LULU,2024-05-31,0.020496470853686333,0.029559765
LUV,2024-05-31,0.011374237015843391,0.027567938
LVS,2024-05-31,0.021986445412039757,0.02313509
LW,2024-05-31,0.051882706582546234,0.030581657
LYB,2024-05-31,0.02584383450448513,0.021551047
LYV,2024-05-31,-0.004945569206029177,0.0044905
MA,2024-05-31,0.005084134638309479,0.011178609
MAA,2024-05-31,0.030966797843575478,0.029208172
MAR,2024-05-31,0.0012877616100013256,0.009605794
MAS,2024-05-31,0.032725512981414795,0.022267716
MCD,2024-05-31,0.02420894056558609,0.026690213
MCHP,2024-05-31,-0.008509471081197262,0.009299265
MCK,2024-05-31,0.01922661066055298,0.015265991
MCO,2024-05-31,-0.005775897763669491,0.0037602747
MDLZ,2024-05-31,0.005470891483128071,0.0093827555
MDT,2024-05-31,0.007121987175196409,0.0095078
MET,2024-05-31,0.030993472784757614,0.01756207
META,2024-05-31,-0.011023047380149364,-0.00047110682
MGM,2024-05-31,0.06687440723180771,0.0416592
MHK,2024-05-31,0.024561118334531784,0.02759934
MKC,2024-05-31,0.03151104226708412,0.020985542
MKTX,2024-05-31,0.000655812444165349,0.006303464
MLM,2024-05-31,0.0017134840600192547,0.008690057
MMC,2024-05-31,0.026012733578681946,0.015436758
MMM,2024-05-31,0.010958950966596603,0.019560497
MNST,2024-05-31,0.006202904507517815,0.013182805
MO,2024-05-31,0.032325711101293564,0.017666986
MOH,2024-05-31,0.017166458070278168,0.027515559
MOS,2024-05-31,0.01290008146315813,0.028523456
MPC,2024-05-31,0.0008491683402098715,0.026385235
MPWR,2024-05-31,-0.017653020098805428,-0.011178892
MRK,2024-05-31,0.0031417834106832743,0.008077634
MRNA,2024-05-31,-0.021462678909301758,-0.06075188
MS,2024-05-31,-0.0006638117483817041,0.0062539484
MSCI,2024-05-31,0.003422829555347562,0.011495626
MSFT,2024-05-31,-0.00942244939506054,0.0011087463
MSI,2024-05-31,0.013327639549970627,0.014407244
MTB,2024-05-31,0.0263984277844429,0.024974385
MTCH,2024-05-31,0.01997237280011177,0.022113191
MTD,2024-05-31,0.0007470140117220581,0.014721215
MU,2024-05-31,-0.016063982620835304,-0.010266794
NCLH,2024-05-31,-0.009482864290475845,0.009076985
NDAQ,2024-05-31,-0.006744831334799528,-0.0003388502
NDSN,2024-05-31,-0.011001281440258026,0.014676586
NEE,2024-05-31,0.013973813503980637,0.023130551
NEM,2024-05-31,-0.00712188333272934,0.0011928112
NFLX,2024-05-31,-0.0156788881868124,-0.009369346
NI,2024-05-31,0.07975348085165024,0.037854604
NKE,2024-05-31,0.0059417556039988995,0.016975002
NOC,2024-05-31,-0.005586931016296148,0.009472852
NOW,2024-05-31,-0.0023728427477180958,0.020978773
NRG,2024-05-31,-0.029369477182626724,-0.04392956
NSC,2024-05-31,0.007681289222091436,0.018495476
NTAP,2024-05-31,0.05548638477921486,0.03316517
NTRS,2024-05-31,0.01992124319076538,0.016033443
NUE,2024-05-31,0.017266439273953438,0.01299423
NVDA,2024-05-31,-0.019339215010404587,-0.007876776
NVR,2024-05-31,0.05585263669490814,0.029779216
NWS,2024-05-31,-0.0002574963145889342,0.0071992916
NWSA,2024-05-31,0.002993297763168812,0.009979497
NXPI,2024-05-31,-0.01217386219650507,0.0024653012
O,2024-05-31,0.028757154941558838,0.024993675
ODFL,2024-05-31,0.01747136004269123,0.012690056
OKE,2024-05-31,0.0037084058858454227,0.013171983
OMC,2024-05-31,0.0174123365432024,0.024386719
ON,2024-05-31,-0.00034299533581361175,0.012813855
ORCL,2024-05-31,-0.01272143330425024,0.0008537698
ORLY,2024-05-31,-0.008442789316177368,-0.00039442207
OXY,2024-05-31,0.013213018886744976,0.020852981
PANW,2024-05-31,-0.008291292004287243,0.00588345
PARA,2024-05-31,0.009931489825248718,0.0075852675
PAYC,2024-05-31,-0.03060637228190899,-0.08941205
PAYX,2024-05-31,0.016454339027404785,0.014669892
PCAR,2024-05-31,-0.003305754391476512,0.016411489
PCG,2024-05-31,0.004625760018825531,0.014122078
PEG,2024-05-31,0.04077448323369026,0.024717094
PEP,2024-05-31,0.013202597387135029,0.014094462
PFE,2024-05-31,0.010752176865935326,0.01617898
PFG,2024-05-31,0.005025719758123159,0.009798801
PG,2024-05-31,0.01592964120209217,0.011982972
PGR,2024-05-31,0.02256011962890625,0.020327577
PH,2024-05-31,0.0011605741456151009,0.0133708725
PHM,2024-05-31,0.010744248516857624,0.0132990135
PKG,2024-05-31,0.01331100333482027,0.0110142855
PLD,2024-05-31,0.02318219095468521,0.02677685
PM,2024-05-31,0.04150402545928955,0.019620558
PNC,2024-05-31,0.029215630143880844,0.02229009
PNR,2024-05-31,0.02628188021481037,0.025507577
PNW,2024-05-31,0.03203988075256348,0.023604617
PODD,2024-05-31,-0.007570499554276466,0.0070227007
POOL,2024-05-31,0.013784971088171005,0.020618038
PPG,2024-05-31,0.015198017470538616,0.017578116
PPL,2024-05-31,0.0219048410654068,0.026597418
PRU,2024-05-31,0.022776328027248383,0.015152483
PSA,2024-05-31,0.01643041893839836,0.020622473
PSX,2024-05-31,0.024229813367128372,0.026519464
PTC,2024-05-31,0.006144674029201269,0.013595472
PWR,2024-05-31,-0.01797335408627987,-0.013747926
PYPL,2024-05-31,-0.006601541303098202,0.007649385
QCOM,2024-05-31,-0.00858173705637455,-0.003668815
RCL,2024-05-31,-0.008076740428805351,0.0012873459
REG,2024-05-31,0.03218766301870346,0.021562941
REGN,2024-05-31,0.013890574686229229,0.010512184
RF,2024-05-31,0.01670110784471035,0.018251298
RJF,2024-05-31,-0.002349808346480131,0.0070306314
RL,2024-05-31,-0.0015513628022745252,0.0077351443
RMD,2024-05-31,-0.018748873844742775,-0.014481788
ROK,2024-05-31,-0.006141848396509886,0.0013599673
ROL,2024-05-31,-0.008764139376580715,-0.0037138625
ROP,2024-05-31,-0.004075069446116686,0.011667291
ROST,2024-05-31,-0.009580058977007866,-0.000572249
RSG,2024-05-31,0.030253475531935692,0.016989412
RTX,2024-05-31,0.02959977090358734,0.019573819
RVTY,2024-05-31,0.004428377375006676,0.008455819
SBAC,2024-05-31,0.02920064888894558,0.017850207
SBUX,2024-05-31,0.007314731366932392,0.018365497
SCHW,2024-05-31,0.009945851750671864,0.019287251
SHW,2024-05-31,-0.0036548639182001352,0.0057769073
SJM,2024-05-31,0.05151229724287987,0.033598654
SLB,2024-05-31,-0.008952248841524124,0.006558703
SMCI,2024-05-31,-0.0259541068226099,-0.053829342
SNA,2024-05-31,0.014493829570710659,0.01711243
SNPS,2024-05-31,-0.012494165450334549,-0.0069832946
SO,2024-05-31,0.03910674899816513,0.026035246
SPG,2024-05-31,0.04590601474046707,0.019147558
SPGI,2024-05-31,0.013852888718247414,0.013943559
SRE,2024-05-31,0.03486231714487076,0.03445662
STE,2024-05-31,-0.00755660142749548,-0.0015243568
STLD,2024-05-31,-0.008806893602013588,0.0027674185
STT,2024-05-31,0.01821707747876644,0.017884271
STX,2024-05-31,-0.011195418424904346,-0.00502789
STZ,2024-05-31,0.01692788675427437,0.014652392
SWK,2024-05-31,0.009664717130362988,0.021096615
SWKS,2024-05-31,0.013138297945261002,0.021596642
SYF,2024-05-31,0.012928042560815811,0.018664034
SYK,2024-05-31,-0.007336288690567017,0.0016725359
SYY,2024-05-31,-0.0010784897021949291,0.016195985
T,2024-05-31,0.045876529067754745,0.033472683
TAP,2024-05-31,0.01580565609037876,0.0294299
TDG,2024-05-31,0.011964002624154091,0.016043529
TDY,2024-05-31,-0.004319669213145971,0.008220933
TECH,2024-05-31,-0.004855009727180004,-0.00077689043
TEL,2024-05-31,-0.0010807814542204142,0.009732936
TER,2024-05-31,-0.010328573174774647,-0.0023386343
TFC,2024-05-31,0.0065790568478405476,0.016827943
TGT,2024-05-31,0.050144266337156296,0.041089673
TJX,2024-05-31,-0.007863364182412624,-0.002615406
TKO,2024-05-31,0.0048708319664001465,0.011990038
TMO,2024-05-31,0.006559599656611681,0.009232657
TMUS,2024-05-31,0.018378587439656258,0.028457122
TPL,2024-05-31,-0.009714445099234581,-0.0003743276
TPR,2024-05-31,0.0071175736375153065,0.026556354
TRGP,2024-05-31,-0.0038652028888463974,0.0140532125
TRMB,2024-05-31,-0.0008293075952678919,0.0032379488
TROW,2024-05-31,0.010522083379328251,0.019537125
TRV,2024-05-31,0.021042682230472565,0.014992468
TSCO,2024-05-31,-0.0021204513031989336,0.015862195
TSLA,2024-05-31,-0.008298536762595177,-0.0039789844
TSN,2024-05-31,0.013401557691395283,0.011771547
TT,2024-05-31,-0.0010953906457871199,0.007540548
TTWO,2024-05-31,0.001104863127693534,0.0036234534
TXN,2024-05-31,-0.008419516496360302,-0.0034298506
TXT,2024-05-31,0.009632243774831295,0.015643986
TYL,2024-05-31,0.00031700741965323687,0.0062229107
UAL,2024-05-31,0.03667484223842621,0.031622514
UBER,2024-05-31,-0.005539612378925085,0.006838501
UDR,2024-05-31,0.012515225447714329,0.01960829
UHS,2024-05-31,0.01464145164936781,0.020759035
ULTA,2024-05-31,0.039837051182985306,0.024360092
UNH,2024-05-31,0.028740650042891502,0.028079867
UNP,2024-05-31,0.01321378443390131,0.021180145
UPS,2024-05-31,0.004458421841263771,0.015010548
URI,2024-05-31,0.0010570123558863997,0.0153230345
USB,2024-05-31,0.02557816542685032,0.029269246
V,2024-05-31,-0.009672730229794979,0.0042665387
VICI,2024-05-31,0.02302723564207554,0.0228964
VLO,2024-05-31,0.025759857147932053,0.040497623
VMC,2024-05-31,0.009287203662097454,0.0066293995
VRSK,2024-05-31,0.009677521884441376,0.01358101
VRSN,2024-05-31,0.037952058017253876,0.027560985
VRTX,2024-05-31,0.02680487558245659,0.027354928
VST,2024-05-31,-0.02889174222946167,-0.061472625
VTR,2024-05-31,0.014296319335699081,0.025383772
VTRS,2024-05-31,-0.007084418088197708,0.011384976
VZ,2024-05-31,0.024839483201503754,0.020125443
WAB,2024-05-31,-0.007007341366261244,0.0011233927
WAT,2024-05-31,-0.002578107640147209,0.0041523436
WBA,2024-05-31,0.03936197981238365,0.052478727
WBD,2024-05-31,0.008820910006761551,0.019605953
WDAY,2024-05-31,0.011894510127604008,0.019144053
WDC,2024-05-31,-0.011221430264413357,-0.002917719
WEC,2024-05-31,0.023802919313311577,0.02208219
WELL,2024-05-31,0.009902984835207462,0.014769365
WFC,2024-05-31,0.0021900124847888947,0.011919254
WM,2024-05-31,0.054832614958286285,0.021485392
WMB,2024-05-31,0.01884150318801403,0.021178281
WMT,2024-05-31,-0.0011539210099726915,0.0133173615
WRB,2024-05-31,0.04127940908074379,0.01906011
WSM,2024-05-31,-0.0020397123880684376,0.01681599
WST,2024-05-31,-0.016146518290042877,0.0069338013
WTW,2024-05-31,0.036049727350473404,0.015512802
WY,2024-05-31,0.018724894151091576,0.017127309
WYNN,2024-05-31,0.024828074499964714,0.024966719
XEL,2024-05-31,0.015149646438658237,0.020586288
XOM,2024-05-31,0.02829076535999775,0.028275346
XYL,2024-05-31,0.00514212716370821,0.011553715
YUM,2024-05-31,0.010547146201133728,0.019023515
ZBH,2024-05-31,-0.004500703886151314,0.0061848834
ZBRA,2024-05-31,-0.02741769514977932,-0.013609154
ZTS,2024-05-31,-0.006838745437562466,0.00070797163
A,2024-06-03,0.0061698369681835175,0.0075624348
AAPL,2024-06-03,0.013718553818762302,0.009216005
ABBV,2024-06-03,-0.0033864835277199745,-0.0065331887
ABT,2024-06-03,0.017106639221310616,0.006632242
ACGL,2024-06-03,-0.0033813142217695713,-0.00910275
ACN,2024-06-03,-0.005601503886282444,-0.0018792492
ADBE,2024-06-03,0.00014108775940258056,-0.01298917
ADI,2024-06-03,0.0014783921651542187,-0.009770575
ADM,2024-06-03,-0.003024047939106822,-0.0072327657
ADP,2024-06-03,-0.00248593813739717,-0.0036814376
ADSK,2024-06-03,0.04328928515315056,0.044689402
AEE,2024-06-03,0.010602387599647045,0.005436938
AEP,2024-06-03,0.002780491253361106,-0.0018854
AES,2024-06-03,-0.02255926840007305,-0.039182078
AFL,2024-06-03,-0.005590543616563082,-0.010739157
AIG,2024-06-03,-0.008562923409044743,-0.0063637234
AIZ,2024-06-03,0.0029747013468295336,-0.0056652254
AJG,2024-06-03,0.004438287112861872,-0.0011849263
AKAM,2024-06-03,-0.00814546924084425,-0.01463277
ALB,2024-06-03,-0.002565336413681507,-0.013963581
ALGN,2024-06-03,0.0024931952357292175,-0.010473768
ALL,2024-06-03,-0.028913386166095734,-0.02050214
ALLE,2024-06-03,-0.010507992468774319,-0.010894289
AMAT,2024-06-03,0.0007065885001793504,-0.0040532504
AMCR,2024-06-03,0.01227925717830658,0.0039254567
AMD,2024-06-03,-0.024751214310526848,-0.020273263
AME,2024-06-03,-0.02267272397875786,-0.020069905
AMGN,2024-06-03,0.01083400472998619,0.0051200963
AMP,2024-06-03,-0.01162358932197094,-0.012838669
AMT,2024-06-03,0.007383141200989485,0.0062640174
AMZN,2024-06-03,0.014654522761702538,0.010710555
ANET,2024-06-03,0.00193892908282578,-0.0042420216
ANSS,2024-06-03,-0.01265600323677063,-0.008541513
AON,2024-06-03,-0.0028297461103647947,-0.0013501209
AOS,2024-06-03,-0.016974955797195435,-0.017364746
APA,2024-06-03,-0.04360366240143776,-0.036339443
APD,2024-06-03,0.02000618353486061,0.015661
APH,2024-06-03,0.0021364549174904823,-0.004467169
APO,2024-06-03,0.009694909676909447,0.0033517743
APTV,2024-06-03,0.020038839429616928,0.016555328
ARE,2024-06-03,-0.0033892879728227854,-0.011239041
ATO,2024-06-03,0.0030318868812173605,-0.0035431348
AVB,2024-06-03,0.014922304078936577,0.009195454
AVGO,2024-06-03,0.0019823340699076653,-0.0050178864
AVY,2024-06-03,0.0002561651635915041,-0.0019352051
AWK,2024-06-03,0.0010009229881688952,0.0
AXON,2024-06-03,-0.005754380486905575,-0.011209991
AXP,2024-06-03,-0.010597956366837025,-0.013084444
AZO,2024-06-03,0.001596131594851613,0.00096715364
BA,2024-06-03,0.024556636810302734,0.038419828
BAC,2024-06-03,0.0008652208489365876,-0.0027545975
BALL,2024-06-03,0.007530640345066786,0.0061918725
BAX,2024-06-03,0.0022181833628565073,-0.00029329787
BBY,2024-06-03,0.014515196904540062,0.02468176
BDX,2024-06-03,0.028650732710957527,0.029177517
BEN,2024-06-03,-0.0077236127108335495,-0.008510436
BG,2024-06-03,0.011192422360181808,0.0066696606
BK,2024-06-03,0.0015875882236286998,-0.00067131384
BKNG,2024-06-03,-0.0046750339679419994,-0.0033713593
BKR,2024-06-03,-0.02713819220662117,-0.040513456
BLDR,2024-06-03,-0.02928907796740532,-0.055372804
BLK,2024-06-03,0.009707313030958176,0.0068928413
BMY,2024-06-03,0.011635187081992626,0.016412193
BR,2024-06-03,-0.0027080681174993515,-0.0059447708
BRO,2024-06-03,-0.004834190476685762,-0.006950645
BSX,2024-06-03,0.001765563036315143,-0.0009267448
BX,2024-06-03,-0.009112467058002949,-0.010762772
BXP,2024-06-03,-0.009154817089438438,-0.010437994
C,2024-06-03,-0.0066467151045799255,-0.0062787314
CAG,2024-06-03,-0.006995695177465677,-0.005032683
CAH,2024-06-03,0.008114236406981945,0.00241488
CAT,2024-06-03,-0.018077559769153595,-0.021374516
CB,2024-06-03,-0.005854771472513676,-0.015553843
CBOE,2024-06-03,0.01115587167441845,0.011494565
CBRE,2024-06-03,-0.017731206491589546,-0.016946055
CCL,2024-06-03,0.043400850147008896,0.059772875
CDNS,2024-06-03,0.005204068962484598,-0.0005590093
CDW,2024-06-03,0.0030593029223382473,-0.0005814931
CF,2024-06-03,0.008907745592296124,0.010107533
CFG,2024-06-03,-0.019740276038646698,-0.01628233
CHD,2024-06-03,0.013659009709954262,0.0026131014
CHRW,2024-06-03,0.01349946204572916,0.008530989
CHTR,2024-06-03,0.00989668257534504,-0.0031394614
CI,2024-06-03,-0.0029991420451551676,-0.00912356
CINF,2024-06-03,-0.01332283578813076,-0.010515746
CL,2024-06-03,-0.011987174861133099,-0.0052849688
CLX,2024-06-03,-0.0017623332096263766,-0.003502461
CMCSA,2024-06-03,-0.011885341256856918,-0.011304617
CME,2024-06-03,-0.0035109994933009148,-0.006078066
CMG,2024-06-03,-0.029047328978776932,-0.017095158
CMI,2024-06-03,-0.02144048921763897,-0.023374008
CMS,2024-06-03,-0.0027026061434298754,-0.004619011
CNC,2024-06-03,-0.007448195479810238,-0.006446083
CNP,2024-06-03,0.014741535298526287,0.007835326
COF,2024-06-03,0.006571188569068909,-0.0037124865
COO,2024-06-03,0.006068143993616104,0.004337994
COP,2024-06-03,-0.013451005332171917,-0.022658274
COR,2024-06-03,0.019025014713406563,0.017238595
COST,2024-06-03,0.010471360757946968,0.0067679374
CPAY,2024-06-03,-0.020551497116684914,-0.035424806
CPB,2024-06-03,-0.0036184797063469887,-0.0036116259
CPRT,2024-06-03,-0.00881023146212101,-0.0077569396
CPT,2024-06-03,0.015744050964713097,0.0095978845
CRL,2024-06-03,-0.0038681034930050373,-0.002449764
CRM,2024-06-03,0.006139210890978575,0.009255451
CRWD,2024-06-03,-0.002226338954642415,-0.016002608
CSCO,2024-06-03,0.00506039010360837,0.0032206005
CSGP,2024-06-03,-0.005610524211078882,-0.0015362363
CSX,2024-06-03,-0.014666102826595306,-0.017031513
CTAS,2024-06-03,-0.00923331268131733,-0.0050571235
CTRA,2024-06-03,-0.027327660471200943,-0.028083378
CTSH,2024-06-03,-0.0060980007983744144,-0.0056089424
CTVA,2024-06-03,-0.003150338539853692,-0.006636142
CVS,2024-06-03,0.001414947910234332,0.01018246
CVX,2024-06-03,-0.02897077053785324,-0.03026579
CZR,2024-06-03,-0.009566393680870533,0.0016857458
D,2024-06-03,0.003985350485891104,-0.0046473346
DAL,2024-06-03,-0.007280996069312096,-0.0045181196
DAY,2024-06-03,-0.0004584497364703566,0.0050418186
DD,2024-06-03,-0.010192280635237694,-0.018795582
DE,2024-06-03,-0.008689302019774914,-0.017875077
DECK,2024-06-03,0.0014058867236599326,-0.006741565
DELL,2024-06-03,-0.03734896332025528,-0.05540867
DFS,2024-06-03,0.008083672262728214,0.0012221013
DG,2024-06-03,0.015346535481512547,0.019168368
DGX,2024-06-03,-0.0076910629868507385,-0.006075787
DHI,2024-06-03,-0.001893550273962319,-0.0059037004
DHR,2024-06-03,0.01459540892392397,0.017675769
DIS,2024-06-03,-0.002681100508198142,-0.011031249
DLR,2024-06-03,-0.015068095177412033,-0.015950173
DLTR,2024-06-03,0.023320525884628296,0.025359035
DOC,2024-06-03,-0.0031117494218051434,-0.006553946
DOV,2024-06-03,-0.021445438265800476,-0.013858316
DOW,2024-06-03,-0.026551926508545876,-0.027435444
DPZ,2024-06-03,0.03400932252407074,0.027913425
DRI,2024-06-03,0.010272660292685032,0.004974685
DTE,2024-06-03,0.0015816146042197943,-0.0024917696
DUK,2024-06-03,-0.0003828606859315187,-0.0015459667
DVA,2024-06-03,0.005114276893436909,-0.0103163505
DVN,2024-06-03,-0.02715611830353737,-0.041579343
DXCM,2024-06-03,-0.012506861239671707,-0.0302494
EA,2024-06-03,0.005375017412006855,0.0008274467
EBAY,2024-06-03,-0.000613110139966011,-0.011313779
ECL,2024-06-03,0.01064195204526186,0.0030959456
ED,2024-06-03,-0.01212871540337801,-0.009243798
EFX,2024-06-03,0.002393030561506748,-0.0010809774
EG,2024-06-03,-0.009595340117812157,-0.010723735
EIX,2024-06-03,-0.002281192224472761,-0.007444649
EL,2024-06-03,0.00660976767539978,0.0069471784
ELV,2024-06-03,0.015122716315090656,0.007842895
EMN,2024-06-03,-0.02930734120309353,-0.027405938
EMR,2024-06-03,-0.028997547924518585,-0.02829583
ENPH,2024-06-03,4.870160773862153e-05,-0.0027402532
EOG,2024-06-03,-0.026071691885590553,-0.040198393
EPAM,2024-06-03,-0.007905537262558937,-0.009826909
EQIX,2024-06-03,-0.01314652431756258,-0.015212663
EQR,2024-06-03,0.0056371125392615795,0.005979198
EQT,2024-06-03,-0.001233237562701106,-0.0026808456
ERIE,2024-06-03,0.008137794211506844,0.0003586364
ES,2024-06-03,0.007466468494385481,0.0075687054
ESS,2024-06-03,0.004340830724686384,0.0032282053
ETN,2024-06-03,-0.021144958212971687,-0.025524147
ETR,2024-06-03,-0.004020041320472956,-0.006331513
EVRG,2024-06-03,-0.010573876090347767,-0.0067919707
EW,2024-06-03,0.014900535345077515,0.011101283
EXC,2024-06-03,-0.00946687813848257,-0.009364292
EXPD,2024-06-03,0.019768275320529938,0.008617027
EXPE,2024-06-03,0.021475186571478844,0.010576111
EXR,2024-06-03,0.001973628532141447,0.0012424609
F,2024-06-03,0.00982159748673439,0.004934118
FANG,2024-06-03,-0.030556920915842056,-0.04382836
FAST,2024-06-03,-0.030712010338902473,-0.02563109
FCX,2024-06-03,-0.008797185495495796,-0.013171031
FDS,2024-06-03,-0.012586248107254505,-0.023446701
FDX,2024-06-03,-0.0185654666274786,-0.021247987
FE,2024-06-03,0.0009899305878207088,-0.0022380305
FFIV,2024-06-03,-0.010752329602837563,-0.012265785
FI,2024-06-03,-0.013879031874239445,-0.008650862
FICO,2024-06-03,0.007772417739033699,0.0030110904
FIS,2024-06-03,0.003290128894150257,0.002106351
FITB,2024-06-03,-0.018548693507909775,-0.015348686
FOX,2024-06-03,0.014791365712881088,0.0105882585
FOXA,2024-06-03,0.01109299249947071,0.010975971
FRT,2024-06-03,0.013790699653327465,0.0033623483
FSLR,2024-06-03,0.00035472444142214954,0.0035262895
FTNT,2024-06-03,-0.0011540777049958706,-0.008804415
FTV,2024-06-03,-0.04109276831150055,-0.020216597
GD,2024-06-03,-0.005254870746284723,-0.005049875
GDDY,2024-06-03,0.006375954952090979,0.004715478
GE,2024-06-03,-0.010674724355340004,-0.022532256
GEN,2024-06-03,0.006537007167935371,-0.00080576196
GILD,2024-06-03,-0.006736871786415577,-0.013155271
GIS,2024-06-03,-0.019401034340262413,-0.014651274
GL,2024-06-03,0.0024995591957122087,-0.0033888824
GLW,2024-06-03,0.0038589874748140574,0.0026802763
GM,2024-06-03,0.023007085546851158,0.016531298
GNRC,2024-06-03,-0.023015525192022324,-0.040457565
GOOG,2024-06-03,0.006453546695411205,0.0026408045
GOOGL,2024-06-03,0.007598374038934708,0.0038765343
GPC,2024-06-03,0.00432623503729701,-0.00020804185
GPN,2024-06-03,-0.003143558045849204,-0.027566457
GRMN,2024-06-03,-0.008456525392830372,-0.0039750948
GS,2024-06-03,-0.003017252776771784,-0.0033790146
GWW,2024-06-03,-0.047001540660858154,-0.036341168
HAL,2024-06-03,-0.04272192344069481,-0.05482989
HAS,2024-06-03,-0.0220648180693388,-0.018740455
HBAN,2024-06-03,-0.02668909542262554,-0.018121025
HCA,2024-06-03,-0.008252033963799477,-0.020965707
HD,2024-06-03,-0.01636335253715515,-0.020695426
HES,2024-06-03,-0.02876579947769642,-0.031901237
HIG,2024-06-03,-0.010179908946156502,-0.013392002
HII,2024-06-03,-0.009445855394005775,-0.01080446
HLT,2024-06-03,-0.01459413580596447,-0.012237551
HOLX,2024-06-03,0.016203802078962326,0.01011367
HON,2024-06-03,0.0020056073553860188,0.0013343717
HPE,2024-06-03,0.02467404305934906,0.016852785
HPQ,2024-06-03,-0.002100413665175438,-0.032851078
HRL,2024-06-03,-0.004941514693200588,-0.0022619858
HSIC,2024-06-03,0.0021910318173468113,0.0048914137
HST,2024-06-03,0.01614036038517952,0.011637248
HSY,2024-06-03,-0.004906238988041878,-0.0071528037
HUBB,2024-06-03,-0.006718771532177925,-0.008106819
HUM,2024-06-03,0.013995219953358173,0.01683345
HWM,2024-06-03,0.0021087103523314,-0.00023636034
IBM,2024-06-03,-0.018029410392045975,-0.009453936
ICE,2024-06-03,-0.0013600810198113322,-0.0018687391
IDXX,2024-06-03,-0.0043459995649755,-0.009136912
IEX,2024-06-03,-0.020975681021809578,-0.012199604
IFF,2024-06-03,-0.0005395273328758776,-0.0009361711
INCY,2024-06-03,0.04561420530080795,0.017324334
INTC,2024-06-03,-0.010296322405338287,-0.018317083
INTU,2024-06-03,-0.003468306502327323,-0.016122567
INVH,2024-06-03,-0.0030976184643805027,-0.002590307
IP,2024-06-03,0.005271065514534712,0.010149776
IPG,2024-06-03,-0.011003253981471062,-0.011864238
IQV,2024-06-03,-0.016563087701797485,-0.012030038
IR,2024-06-03,-0.027482695877552032,-0.03287114
IRM,2024-06-03,0.0015530632808804512,0.0004956685
ISRG,2024-06-03,0.010884040035307407,0.004317697
IT,2024-06-03,0.010062810964882374,0.010287936
ITW,2024-06-03,-0.028107905760407448,-0.011934379
IVZ,2024-06-03,-0.0029860211070626974,-0.0038265204
J,2024-06-03,-0.007976003922522068,-0.009807889
JBHT,2024-06-03,0.0022905541118234396,-0.0005599635
JBL,2024-06-03,-0.02018635906279087,-0.014143984
JCI,2024-06-03,-0.007607012987136841,-0.0034825436
JKHY,2024-06-03,-0.011270266026258469,-0.008659881
JNJ,2024-06-03,0.012795303016901016,0.007268523
JNPR,2024-06-03,0.004009724594652653,1.1920928e-07
JPM,2024-06-03,-0.003868898842483759,-0.004005435
K,2024-06-03,0.005153924226760864,0.0018384216
KDP,2024-06-03,0.010710654780268669,0.0034974236
KEY,2024-06-03,-0.02259831875562668,-0.017548654
KEYS,2024-06-03,0.001337334862910211,-0.010671629
KHC,2024-06-03,-0.00801264401525259,-0.007662642
KIM,2024-06-03,0.010081089101731777,0.008742523
KKR,2024-06-03,0.005477644503116608,0.0032037273
KLAC,2024-06-03,-0.0040198941715061665,-0.007108503
KMB,2024-06-03,0.02035604603588581,0.011856829
KMI,2024-06-03,0.003948580473661423,0.00051306427
KMX,2024-06-03,0.006185394246131182,0.003835447
KO,2024-06-03,0.0023263744078576565,0.0
KR,2024-06-03,-0.0006700558005832136,-0.009785862
L,2024-06-03,-0.01248643733561039,-0.012182833
LDOS,2024-06-03,-0.011740344576537609,-0.010458772
LEN,2024-06-03,0.006469286046922207,0.0022425484
LH,2024-06-03,0.011151342652738094,0.0005127069
LHX,2024-06-03,0.011445772834122181,0.008062144
LII,2024-06-03,-0.006982018239796162,-0.012593254
LIN,2024-06-03,-0.001754306023940444,-0.0027360695
LKQ,2024-06-03,0.004238215275108814,0.00092928106
LLY,2024-06-03,0.01672615297138691,0.013222914
LMT,2024-06-03,0.006711285095661879,0.0008771146
LNT,2024-06-03,-0.00781173026189208,-0.007603064
LOW,2024-06-03,-0.006479716394096613,-0.020818666
LRCX,2024-06-03,0.010027355514466763,0.0034152165
LULU,2024-06-03,-0.0036469304468482733,-0.0173602
LUV,2024-06-03,0.02603207714855671,0.031167917
LVS,2024-06-03,0.005589376203715801,-0.0037822456
LW,2024-06-03,-0.014015713706612587,-0.010703434
LYB,2024-06-03,-0.027221297845244408,-0.026650997
LYV,2024-06-03,0.009332369081676006,0.006486224
MA,2024-06-03,-0.014335430227220058,-0.008716453
MAA,2024-06-03,0.0012134346179664135,-7.492585e-05
MAR,2024-06-03,-0.017444193363189697,-0.012141872
MAS,2024-06-03,-0.021780740469694138,-0.017600747
MCD,2024-06-03,0.016024746000766754,0.009787469
MCHP,2024-06-03,-0.015399811789393425,-0.016695661
MCK,2024-06-03,0.013026947155594826,0.0073369206
MCO,2024-06-03,0.014579840935766697,0.011669411
MDLZ,2024-06-03,-0.020146463066339493,-0.017367171
MDT,2024-06-03,0.016780592501163483,0.009174549
MET,2024-06-03,-0.014668840914964676,-0.0132132415
META,2024-06-03,0.021520700305700302,0.022574248
MGM,2024-06-03,0.005303083918988705,0.0009952594
MHK,2024-06-03,-0.008040488697588444,-0.0067478055
MKC,2024-06-03,0.002587931929156184,-0.0044407663
MKTX,2024-06-03,0.006919785402715206,0.00035184392
MLM,2024-06-03,-0.012294423766434193,-0.01397603
MMC,2024-06-03,-0.0037693260237574577,-0.005168014
MMM,2024-06-03,0.002715825103223324,-0.0038018099
MNST,2024-06-03,0.0036373804323375225,-0.00057797437
MO,2024-06-03,0.013520394451916218,0.0064652613
MOH,2024-06-03,-0.007952663116157055,-0.013375815
MOS,2024-06-03,-0.013167688623070717,-0.011052942
MPC,2024-06-03,-0.004617395810782909,-0.010587239
MPWR,2024-06-03,-0.00020810453861486167,-0.00523368
MRK,2024-06-03,0.02044757455587387,0.022677682
MRNA,2024-06-03,0.014765145257115364,0.03628662
MS,2024-06-03,-0.00416588457301259,-0.0044044266
MSCI,2024-06-03,-0.010478858835995197,-0.009495751
MSFT,2024-06-03,-0.0015663945814594626,-0.0038858757
MSI,2024-06-03,0.004815783351659775,0.004074702
MTB,2024-06-03,-0.0164254792034626,-0.013062768
MTCH,2024-06-03,0.018594542518258095,0.012651571
MTD,2024-06-03,0.002129501895979047,-0.0033242938
MU,2024-06-03,0.018193287774920464,0.025038525
NCLH,2024-06-03,0.029877321794629097,0.034910895
NDAQ,2024-06-03,0.00026549288304522634,-0.0049247416
NDSN,2024-06-03,-0.005184466484934092,-0.02300922
NEE,2024-06-03,-0.011679273098707199,-0.022832086
NEM,2024-06-03,-0.00031880155438557267,-0.0011928034
NFLX,2024-06-03,-0.008534603752195835,-0.012277971
NI,2024-06-03,-0.02142156846821308,-0.015604988
NKE,2024-06-03,-0.0026205871254205704,-0.002961717
NOC,2024-06-03,-0.0004060359497088939,-0.0031997329
NOW,2024-06-03,0.01700563356280327,0.004829015
NRG,2024-06-03,-0.019143346697092056,-0.033378392
NSC,2024-06-03,-0.0037133211735635996,-0.004503092
NTAP,2024-06-03,-0.019356679171323776,-0.012280687
NTRS,2024-06-03,-0.008683991618454456,-0.007506679
NUE,2024-06-03,-0.015621032565832138,-0.012154781
NVDA,2024-06-03,0.025845766067504883,0.047757246
NVR,2024-06-03,-0.009908572770655155,-0.006977953
NWS,2024-06-03,0.00864547211676836,0.005722506
NWSA,2024-06-03,0.006701982114464045,0.0036710817
NXPI,2024-06-03,-0.005730743054300547,-0.007969773
O,2024-06-03,0.011103961616754532,0.009669189
ODFL,2024-06-03,-0.03241027146577835,-0.034350496
OKE,2024-06-03,-0.013993997126817703,-0.01818704
OMC,2024-06-03,-0.025861317291855812,-0.0283601
ON,2024-06-03,0.002734113484621048,0.002051629
ORCL,2024-06-03,0.01765419729053974,0.0176753
ORLY,2024-06-03,-9.321176912635565e-05,-0.006927478
OXY,2024-06-03,-0.026768503710627556,-0.031356588
PANW,2024-06-03,0.0031335444655269384,-0.0014591118
PARA,2024-06-03,0.03866619989275932,0.071942344
PAYC,2024-06-03,0.008427302353084087,-0.0011705447
PAYX,2024-06-03,0.0011405275436118245,-8.327115e-05
PCAR,2024-06-03,-0.010127631947398186,-0.018872328
PCG,2024-06-03,-0.011075128801167011,-0.01631213
PEG,2024-06-03,-0.01192521583288908,-0.016233088
PEP,2024-06-03,-0.019283710047602654,-0.009705217
PFE,2024-06-03,0.019473634660243988,0.022422684
PFG,2024-06-03,-0.00953745935112238,-0.0072807344
PG,2024-06-03,0.00292701437138021,0.0006681831
PGR,2024-06-03,-0.0067625148221850395,-0.008559909
PH,2024-06-03,-0.034218210726976395,-0.03529449
PHM,2024-06-03,-0.017880383878946304,-0.015719997
PKG,2024-06-03,-0.004911391995847225,-0.0033846362
PLD,2024-06-03,-0.016449246555566788,-0.02835716
PM,2024-06-03,0.02286294475197792,0.015463397
PNC,2024-06-03,-0.01704820990562439,-0.015236018
PNR,2024-06-03,-0.021459152922034264,-0.018351553
PNW,2024-06-03,-0.02798047661781311,-0.024903065
PODD,2024-06-03,0.020027196034789085,0.023587743
POOL,2024-06-03,-0.010180254466831684,-0.006678682
PPG,2024-06-03,0.0038378103636205196,0.0019007704
PPL,2024-06-03,-0.0023387575056403875,-0.0023894776
PRU,2024-06-03,-0.006357172969728708,-0.0060839425
PSA,2024-06-03,0.0037007215432822704,0.0020431823
PSX,2024-06-03,-0.016570739448070526,-0.022627315
PTC,2024-06-03,-0.010171308182179928,-0.012158823
PWR,2024-06-03,-0.01313026063144207,-0.014490736
PYPL,2024-06-03,0.012336324900388718,0.007433593
QCOM,2024-06-03,0.0063764313235878944,0.009073796
RCL,2024-06-03,0.014640710316598415,0.02202974
REG,2024-06-03,0.012242508120834827,0.008756112
REGN,2024-06-03,0.016181716695427895,0.009463405
RF,2024-06-03,-0.011935173533856869,-0.009991896
RJF,2024-06-03,-0.010172377340495586,-0.0149368
RL,2024-06-03,0.006557798478752375,-0.00859838
RMD,2024-06-03,0.0032071382738649845,0.0051241284
ROK,2024-06-03,0.011666461825370789,0.0016682515
ROL,2024-06-03,0.011970550753176212,0.007631049
ROP,2024-06-03,0.01047658920288086,0.006361387
ROST,2024-06-03,0.014874299988150597,0.010392222
RSG,2024-06-03,0.005692129954695702,0.00070165796
RTX,2024-06-03,0.004153258632868528,-0.0040895776
RVTY,2024-06-03,0.002231635618954897,-0.0042190966
SBAC,2024-06-03,0.003613395383581519,0.00040665938
SBUX,2024-06-03,0.009324015118181705,0.022917593
SCHW,2024-06-03,-0.007026167586445808,-0.012495129
SHW,2024-06-03,0.0022039790637791157,-0.005843207
SJM,2024-06-03,-0.0005411913152784109,-0.0027806568
SLB,2024-06-03,-0.04122966527938843,-0.040445853
SMCI,2024-06-03,-0.023803789168596268,-0.017900918
SNA,2024-06-03,-0.017217621207237244,-0.014729709
SNPS,2024-06-03,0.0024317738134413958,0.00067735603
SO,2024-06-03,0.006005420815199614,0.0031146032
SPG,2024-06-03,0.008307825773954391,0.0019148102
SPGI,2024-06-03,0.006392129231244326,0.004085149
SRE,2024-06-03,-0.003726523369550705,-0.004162774
STE,2024-06-03,0.02120358869433403,0.0243287
STLD,2024-06-03,-0.004990743938833475,-0.009456221
STT,2024-06-03,-0.0037583557423204184,-0.003445341
STX,2024-06-03,-0.014054639264941216,-0.020694574
STZ,2024-06-03,0.00986962579190731,0.0003597089
SWK,2024-06-03,-0.0011663775658234954,-0.0020669557
SWKS,2024-06-03,-0.018153749406337738,-0.013799947
SYF,2024-06-03,-0.003023815108463168,-0.005494467
SYK,2024-06-03,0.0019347555935382843,-0.0049963216
SYY,2024-06-03,0.014491247944533825,0.0050681494
T,2024-06-03,0.0024767254944890738,-0.011592288
TAP,2024-06-03,0.0001203530264319852,-0.025120802
TDG,2024-06-03,-6.742558616679162e-05,-0.0030122332
TDY,2024-06-03,-0.005898658186197281,-0.008449607
TECH,2024-06-03,0.010221408680081367,0.009155769
TEL,2024-06-03,-0.00294326851144433,-0.0039490643
TER,2024-06-03,0.002650208305567503,0.0005675135
TFC,2024-06-03,-0.018433524295687675,-0.017097156
TGT,2024-06-03,-0.01729491911828518,-0.020244382
TJX,2024-06-03,0.02088920585811138,0.022438996
TKO,2024-06-03,-0.004340891260653734,-0.008193166
TMO,2024-06-03,0.007442132104188204,0.0028130668
TMUS,2024-06-03,-0.0025932558346539736,-0.010803075
TPL,2024-06-03,-0.027524178847670555,-0.028697142
TPR,2024-06-03,0.023517848923802376,0.018000152
TRGP,2024-06-03,-0.0130245890468359,-0.014482089
TRMB,2024-06-03,-0.02877793088555336,-0.021417063
TROW,2024-06-03,-0.0008469469612464309,-0.008522999
TRV,2024-06-03,-0.02614343911409378,-0.025158063
TSCO,2024-06-03,-0.048229847103357315,-0.064074434
TSLA,2024-06-03,-0.00271543744020164,-0.010102243
TSN,2024-06-03,-0.004465040285140276,-0.004025482
TT,2024-06-03,-0.013794110156595707,-0.0183663
TTWO,2024-06-03,0.008397063240408897,0.020244792
TXN,2024-06-03,-0.001501305727288127,-0.0066368016
TXT,2024-06-03,-0.0034023623447865248,-0.0041176467
TYL,2024-06-03,-0.0120281632989645,-0.012926986
UAL,2024-06-03,-0.0019772029481828213,-0.0051082843
UBER,2024-06-03,-0.007467847317457199,-0.011997949
UDR,2024-06-03,0.008762986399233341,0.0061953086
UHS,2024-06-03,-0.008320369757711887,-0.015947992
ULTA,2024-06-03,-0.022197531536221504,-0.013196876
UNH,2024-06-03,0.006021837703883648,0.0041699125
UNP,2024-06-03,-0.019589660689234734,-0.019515114
UPS,2024-06-03,-0.001259232871234417,-0.003677549
URI,2024-06-03,-0.021936802193522453,-0.048788007
USB,2024-06-03,-0.02562113106250763,-0.020426368
V,2024-06-03,-0.011764190159738064,-0.007663182
VICI,2024-06-03,0.0024526859633624554,0.0020876743
VLO,2024-06-03,-0.016959454864263535,-0.02057141
VMC,2024-06-03,-0.006049433257430792,-0.014094907
VRSK,2024-06-03,0.01095686573535204,0.0038298657
VRSN,2024-06-03,0.011579727753996849,0.003493147
VRTX,2024-06-03,0.022603144869208336,0.032060172
VST,2024-06-03,-0.028992582112550735,-0.060569324
VTR,2024-06-03,-0.003828934160992503,-0.004586617
VTRS,2024-06-03,0.0015441779978573322,-0.0018886845
VZ,2024-06-03,-0.0013632612535730004,-0.004139791
WAB,2024-06-03,-0.023416578769683838,-0.020955972
WAT,2024-06-03,0.010244341567158699,0.0032320076
WBA,2024-06-03,-0.020140675827860832,-0.018666694
WBD,2024-06-03,0.008563942275941372,0.010862668
WDAY,2024-06-03,0.006101658102124929,-0.00293643
WDC,2024-06-03,-0.00038026997935958207,-0.004125906
WEC,2024-06-03,-0.002561121014878154,0.0018494877
WELL,2024-06-03,0.011998148635029793,0.0037548116
WFC,2024-06-03,-0.011127008125185966,-0.009726461
WM,2024-06-03,-0.05352691188454628,-0.045749396
WMB,2024-06-03,-0.009558754041790962,-0.012849474
WMT,2024-06-03,0.0059899017214775085,0.00091201166
WRB,2024-06-03,-0.011826121248304844,-0.011917672
WSM,2024-06-03,0.014111051335930824,0.015094725
WST,2024-06-03,0.0044346097856760025,-0.008119377
WTW,2024-06-03,0.006846042349934578,-0.0009797241
WY,2024-06-03,-0.007429137825965881,-0.010712831
WYNN,2024-06-03,0.00045280627091415226,0.00031633142
XEL,2024-06-03,-0.002006707713007927,-0.003070584
XOM,2024-06-03,-0.024976298213005066,-0.024250917
XYL,2024-06-03,-0.017437173053622246,-0.017235793
YUM,2024-06-03,0.01705678552389145,0.01372962
ZBH,2024-06-03,-0.00834309495985508,-0.017784575
ZBRA,2024-06-03,-0.013364449143409729,-0.015193363
ZTS,2024-06-03,0.014396058395504951,0.016434936
A,2024-06-04,-0.01011429913341999,-0.004194257
AAPL,2024-06-04,0.005579416174441576,0.0016479004
ABBV,2024-06-04,0.015141689218580723,0.012098853
ABT,2024-06-04,0.008928623981773853,0.0054288753
ACGL,2024-06-04,-0.007874044589698315,-0.008293644
ACN,2024-06-04,0.0007712842780165374,0.022109577
ADBE,2024-06-04,-0.004715737886726856,0.021070713
ADI,2024-06-04,-0.0028167597483843565,-0.0028576439
ADM,2024-06-04,0.005559100769460201,-0.0027462298
ADP,2024-06-04,0.010210801847279072,0.006738811
ADSK,2024-06-04,0.013639861717820168,0.005581451
AEE,2024-06-04,-0.009315813891589642,-0.0008136958
AEP,2024-06-04,0.005889395251870155,0.0033248044
AES,2024-06-04,-0.00847940519452095,-0.0130903
AFL,2024-06-04,-0.010519766248762608,-0.009833109
AIG,2024-06-04,-0.017708994448184967,-0.021549944
AIZ,2024-06-04,0.0062135630287230015,-0.004008367
AJG,2024-06-04,0.010168047621846199,0.008617617
AKAM,2024-06-04,-0.00024293852038681507,0.0017585761
ALB,2024-06-04,0.005026090890169144,-0.021569362
ALGN,2024-06-04,-0.0108164818957448,-0.022323586
ALL,2024-06-04,-0.00467822328209877,-0.004274285
ALLE,2024-06-04,-0.0175920557230711,-0.02401603
AMAT,2024-06-04,-0.007726529147475958,-0.009333069
AMCR,2024-06-04,-0.005094228312373161,-0.002942647
AMD,2024-06-04,-0.024941889569163322,-0.022003865
AME,2024-06-04,0.007949242368340492,0.00396274
AMGN,2024-06-04,0.0037673439364880323,-0.00016273392
AMP,2024-06-04,-0.014428623951971531,-0.015169947
AMT,2024-06-04,0.01380760408937931,0.017312154
AMZN,2024-06-04,0.007962041534483433,0.005591527
ANET,2024-06-04,-0.006173510104417801,-0.010889048
ANSS,2024-06-04,0.009150207042694092,0.007438444
AON,2024-06-04,0.012579318135976791,0.011453206
AOS,2024-06-04,-0.009857547469437122,-0.011623881
APA,2024-06-04,-0.008783900178968906,-0.016437333
APD,2024-06-04,-0.0041877105832099915,-0.0022543392
APH,2024-06-04,-0.009472046047449112,-0.0132139055
APO,2024-06-04,-0.013079320080578327,-0.023170961
APTV,2024-06-04,-0.009389478713274002,-0.010211097
ARE,2024-06-04,0.005565990693867207,-0.0013605659
ATO,2024-06-04,0.007716896943747997,0.0032842886
AVB,2024-06-04,0.013088897801935673,0.012621089
AVGO,2024-06-04,0.0060371835716068745,0.006725194
AVY,2024-06-04,0.010496493428945541,0.0014078231
AWK,2024-06-04,0.01235906034708023,0.015553284
AXON,2024-06-04,-0.008100185543298721,-0.0083278995
AXP,2024-06-04,0.005803321022540331,0.0015607794
AZO,2024-06-04,0.01265337411314249,0.006599914
BA,2024-06-04,0.01208209153264761,0.021702165
BAC,2024-06-04,-0.006614585407078266,-0.005027591
BALL,2024-06-04,-0.009467406198382378,-0.00807149
BAX,2024-06-04,-0.015787051990628242,-0.023149256
BBY,2024-06-04,0.019470706582069397,0.0104121575
BDX,2024-06-04,-0.006112145259976387,-0.0014246703
BEN,2024-06-04,0.008242039009928703,0.0021345434
BG,2024-06-04,-0.0068648881278932095,-0.01403858
BK,2024-06-04,-0.01007290929555893,-0.011819974
BKNG,2024-06-04,0.01260228082537651,0.009972062
BKR,2024-06-04,-0.009600256569683552,-0.016305164
BLDR,2024-06-04,-0.013582627288997173,-0.03749008
BLK,2024-06-04,0.010449511930346489,0.010136325
BMY,2024-06-04,0.009535681456327438,-0.00047891875
BR,2024-06-04,-0.002408016938716173,0.0020021384
BRO,2024-06-04,0.011785807088017464,0.011297885
BSX,2024-06-04,0.0105125792324543,0.005547429
BX,2024-06-04,0.005051008891314268,-0.0010910018
BXP,2024-06-04,-0.002352581126615405,-0.0015000013
C,2024-06-04,-0.01074824295938015,-0.014476588
CAG,2024-06-04,0.006466198246926069,0.009040484
CAH,2024-06-04,-0.011280424892902374,-0.012030219
CAT,2024-06-04,-0.010863778181374073,-0.01150312
CB,2024-06-04,-0.006224026437848806,-0.006886548
CBOE,2024-06-04,0.010233651846647263,0.0041629085
CBRE,2024-06-04,-0.01108541525900364,-0.011031369
CCL,2024-06-04,0.027641892433166504,0.0564042
CDNS,2024-06-04,0.006894049234688282,0.0034188994
CDW,2024-06-04,-0.009483284316956997,-0.0070946966
CF,2024-06-04,-0.001511506037786603,-0.00037253878
CFG,2024-06-04,-0.01211880799382925,-0.015966458
CHD,2024-06-04,0.014421077445149422,0.007613541
CHRW,2024-06-04,-0.01255381666123867,-0.012939966
CHTR,2024-06-04,-0.009543911553919315,-0.019827934
CI,2024-06-04,-0.006997779943048954,-0.008949211
CINF,2024-06-04,-0.014707234688103199,-0.013062466
CL,2024-06-04,0.01460004411637783,0.014386213
CLX,2024-06-04,0.00696478271856904,0.010244402
CMCSA,2024-06-04,0.006457141134887934,-0.0005053962
CME,2024-06-04,0.00910160318017006,0.01001136
CMG,2024-06-04,0.009372680447995663,0.00083506975
CMI,2024-06-04,0.00866252277046442,-0.0076962155
CMS,2024-06-04,0.01101959403604269,0.0038241656
CNC,2024-06-04,-0.010478155687451363,-0.01401501
CNP,2024-06-04,-0.005305777303874493,0.0029225433
COF,2024-06-04,-0.01994992606341839,-0.019438563
COO,2024-06-04,-0.004429044667631388,-0.001690682
COP,2024-06-04,-0.008471019566059113,-0.014149907
COR,2024-06-04,-0.0018632010323926806,0.0006937956
COST,2024-06-04,0.013112972490489483,0.0146085825
CPAY,2024-06-04,0.0066850087605416775,-0.0016657852
CPB,2024-06-04,-0.007237063720822334,-0.00090508856
CPRT,2024-06-04,0.008710967376828194,0.006436836
CPT,2024-06-04,0.01953374780714512,0.026088284
CRL,2024-06-04,0.010005864314734936,0.011000256
CRM,2024-06-04,-0.0044564735144376755,-0.0074657854
CRWD,2024-06-04,-0.005571868736296892,-0.010125603
CSCO,2024-06-04,0.01499613281339407,0.016369518
CSGP,2024-06-04,0.005526960827410221,0.0072763334
CSX,2024-06-04,-0.01044575683772564,-0.012433157
CTAS,2024-06-04,0.014127827249467373,0.011686848
CTRA,2024-06-04,-0.009674886241555214,-0.009056198
CTSH,2024-06-04,-0.007916875183582306,-0.006558386
CTVA,2024-06-04,-0.017424646764993668,-0.031336743
CVS,2024-06-04,-0.004544422961771488,0.00083018624
CVX,2024-06-04,-0.008491714484989643,-0.008482185
CZR,2024-06-04,-0.012434406206011772,-0.0030929446
D,2024-06-04,-0.004753409884870052,-0.0072929817
DAL,2024-06-04,-0.013296675868332386,-0.01847834
DAY,2024-06-04,-0.004537508357316256,0.0012062656
DD,2024-06-04,-0.005592837929725647,-0.0036031913
DE,2024-06-04,0.010624225251376629,0.0033899113
DECK,2024-06-04,-0.0013369211228564382,-0.018332314
DELL,2024-06-04,0.010754943825304508,0.027852261
DFS,2024-06-04,-0.013928170315921307,-0.014020811
DG,2024-06-04,-0.01908036693930626,-0.036839385
DGX,2024-06-04,0.005892195738852024,0.0032545838
DHI,2024-06-04,-0.015709325671195984,-0.021042977
DHR,2024-06-04,0.007852710783481598,0.0074326466
DIS,2024-06-04,0.009609030559659004,0.005434329
DLR,2024-06-04,0.012877300381660461,0.014435672
DLTR,2024-06-04,-0.003926281817257404,-0.0056365742
DOC,2024-06-04,0.005903282202780247,-0.001518447
DOV,2024-06-04,-0.01588338613510132,-0.010256617
DOW,2024-06-04,-0.014727909117937088,-0.01654268
DPZ,2024-06-04,-0.004735227208584547,-0.0038314865
DRI,2024-06-04,-0.010257625952363014,-0.008838508
DTE,2024-06-04,0.008209353312849998,0.002491819
DUK,2024-06-04,0.014368882402777672,0.011441304
DVA,2024-06-04,-0.007542366161942482,-0.015920384
DVN,2024-06-04,-0.011952432803809643,-0.009175227
DXCM,2024-06-04,0.01200714148581028,0.012761372
EA,2024-06-04,0.020128261297941208,0.026044644
EBAY,2024-06-04,0.008715464733541012,0.0026079891
ECL,2024-06-04,0.014793449081480503,0.01110034
ED,2024-06-04,-0.012454845011234283,0.0004269165
EFX,2024-06-04,0.008109488524496555,0.01494245
EG,2024-06-04,-0.005758333019912243,-0.00531445
EIX,2024-06-04,0.010753671638667583,0.0031413413
EL,2024-06-04,-0.009373455308377743,-0.0054891333
ELV,2024-06-04,-0.0070031811483204365,-0.004228434
EMN,2024-06-04,-0.009603449143469334,-0.011116939
EMR,2024-06-04,-0.012826907448470592,-0.020007232
ENPH,2024-06-04,0.014149108901619911,0.017253472
EOG,2024-06-04,0.010301328264176846,0.0013365147
EPAM,2024-06-04,-0.003415220184251666,-0.009580651
EQIX,2024-06-04,0.012052732519805431,0.017437708
EQR,2024-06-04,0.010533388704061508,0.0029001974
EQT,2024-06-04,-0.007939997129142284,-0.0088232355
ERIE,2024-06-04,0.006824894342571497,-0.0039242315
ES,2024-06-04,0.016285886988043785,0.018919451
ESS,2024-06-04,0.012208106927573681,0.0121267615
ETN,2024-06-04,-0.018678653985261917,-0.025876362
ETR,2024-06-04,-0.004519094247370958,-0.00170125
EVRG,2024-06-04,0.01091749407351017,0.0053273826
EW,2024-06-04,-0.006233370862901211,-0.0051348833
EXC,2024-06-04,0.006246956996619701,0.0042917025
EXPD,2024-06-04,0.010440279729664326,0.00927919
EXPE,2024-06-04,0.012831879779696465,0.0037628876
EXR,2024-06-04,0.011569561436772346,0.021225525
F,2024-06-04,-0.011804928071796894,-0.013211671
FANG,2024-06-04,-0.006994985975325108,-0.007843497
FAST,2024-06-04,0.009529100731015205,0.00046635716
FCX,2024-06-04,-0.02266167849302292,-0.045975324
FDS,2024-06-04,0.0076072365045547485,0.0031855467
FDX,2024-06-04,-0.004003980662673712,-0.010796929
FE,2024-06-04,0.006479090079665184,0.0009953785
FFIV,2024-06-04,0.009260445833206177,0.0053775376
FI,2024-06-04,-0.008110233582556248,-0.0032381818
FICO,2024-06-04,0.005885032005608082,0.0068705846
FIS,2024-06-04,0.005261003505438566,0.0003945049
FITB,2024-06-04,-0.009552406147122383,-0.01862329
FOX,2024-06-04,0.0006517056608572602,-0.0034134632
FOXA,2024-06-04,-0.005329678766429424,-0.008365762
FRT,2024-06-04,0.006712437141686678,0.002858951
FSLR,2024-06-04,-0.01479807123541832,-0.024305604
FTNT,2024-06-04,-0.0007151296595111489,-0.0027247733
FTV,2024-06-04,-0.0038372783455997705,-0.0023328392
GD,2024-06-04,-0.0054221679456532,-0.003156502
GDDY,2024-06-04,-0.011468291282653809,-0.01067717
GE,2024-06-04,-0.005943693220615387,-0.0004956758
GEN,2024-06-04,-0.005432800389826298,0.00040296538
GILD,2024-06-04,0.011370757594704628,0.011442601
GIS,2024-06-04,0.008408752270042896,0.005739811
GL,2024-06-04,-0.00872541032731533,-0.008156272
GLW,2024-06-04,-0.0029252402018755674,-0.009412302
GM,2024-06-04,-0.009624655358493328,-0.010549113
GNRC,2024-06-04,-0.007284409366548061,-0.013817047
GOOG,2024-06-04,0.005348437000066042,0.0040623546
GOOGL,2024-06-04,0.0052054934203624725,0.0035739224
GPC,2024-06-04,0.010154741816222668,0.0045692953
GPN,2024-06-04,-0.002205819822847843,-0.015663762
GRMN,2024-06-04,-0.0031802020967006683,-0.0010421933
GS,2024-06-04,0.00590843241661787,0.0007030875
GWW,2024-06-04,-0.006863341201096773,-0.0016219636
HAL,2024-06-04,-0.014220626093447208,-0.02535673
HAS,2024-06-04,-0.0095745287835598,-0.020314608
HBAN,2024-06-04,0.0037911790423095226,-0.013995792
HCA,2024-06-04,-0.0013785380870103836,-0.0021063173
HD,2024-06-04,0.0059715090319514275,0.0007619337
HES,2024-06-04,0.0034193526953458786,-0.008207047
HIG,2024-06-04,-0.008426547050476074,-0.010188278
HII,2024-06-04,0.0062908330000936985,0.00031954906
HLT,2024-06-04,0.010792994871735573,0.011439772
HOLX,2024-06-04,-0.0030771694146096706,0.0016088636
HON,2024-06-04,0.018202148377895355,0.023282586
HPE,2024-06-04,-0.0176136065274477,-0.019688768
HPQ,2024-06-04,0.009219124913215637,0.0008490055
HRL,2024-06-04,-0.004583961330354214,-0.0055150837
HSIC,2024-06-04,-0.0077167050912976265,-0.0005742171
HST,2024-06-04,-0.01156171876937151,-0.007743305
HSY,2024-06-04,0.01217870693653822,0.018410072
HUBB,2024-06-04,-0.023791559040546417,-0.036897317
HUM,2024-06-04,-0.005569562781602144,-0.009185151
HWM,2024-06-04,-0.01525995135307312,-0.028031804
IBM,2024-06-04,0.011443063616752625,0.0032014695
ICE,2024-06-04,0.011139997281134129,0.008270822
IDXX,2024-06-04,-0.0061534433625638485,-0.0027859765
IEX,2024-06-04,0.01097708847373724,-4.851936e-05
IFF,2024-06-04,0.0065274364314973354,0.0022869126
INCY,2024-06-04,-0.011197105050086975,-0.0039192047
INTC,2024-06-04,-0.007983280345797539,-0.008620503
INTU,2024-06-04,0.008423250168561935,0.008496359
INVH,2024-06-04,0.01348457857966423,0.007178699
IP,2024-06-04,-0.014752381481230259,-0.02962474
IPG,2024-06-04,0.011531134136021137,0.011024305
IQV,2024-06-04,-0.0012223025551065803,0.0032744268
IR,2024-06-04,-0.01963508501648903,-0.023367604
IRM,2024-06-04,0.009599882178008556,0.00518888
ISRG,2024-06-04,0.011611029505729675,0.006786052
IT,2024-06-04,0.01638822630047798,0.00964617
ITW,2024-06-04,-0.002920005703344941,0.0033295567
IVZ,2024-06-04,-0.008454015478491783,-0.011567749
J,2024-06-04,0.013913456350564957,0.0046275575
JBHT,2024-06-04,-0.005512076895684004,-0.013471851
JBL,2024-06-04,-0.019525602459907532,-0.026093079
JCI,2024-06-04,-0.009239111095666885,-0.008126588
JKHY,2024-06-04,-0.014101842418313026,-0.0096009895
JNJ,2024-06-04,-0.006090268027037382,0.00040606357
JNPR,2024-06-04,0.0036660104524344206,-0.005941293
JPM,2024-06-04,-0.012622110545635223,-0.013266866
K,2024-06-04,0.011001170612871647,0.009802933
KDP,2024-06-04,0.015938909724354744,0.013007289
KEY,2024-06-04,-0.009586961008608341,-0.017862156
KEYS,2024-06-04,-0.011186239309608936,-0.008575958
KHC,2024-06-04,0.020799554884433746,0.014985775
KIM,2024-06-04,-0.00903802178800106,-0.0128827365
KKR,2024-06-04,-0.010886596515774727,-0.018190986
KLAC,2024-06-04,-0.0055486648343503475,-0.004771655
KMB,2024-06-04,0.019311437383294106,0.01836187
KMI,2024-06-04,0.006830299738794565,0.008171396
KMX,2024-06-04,0.005324212368577719,0.006359966
KO,2024-06-04,0.02106725051999092,0.015920728
KR,2024-06-04,0.00710775563493371,0.0034649929
L,2024-06-04,0.0051358770579099655,-0.004226519
LDOS,2024-06-04,-0.008731629699468613,-0.0068955496
LEN,2024-06-04,-0.015229349955916405,-0.018841362
LH,2024-06-04,0.0065757520496845245,0.008526971
LHX,2024-06-04,0.0065419431775808334,0.0053076996
LII,2024-06-04,-0.011508390307426453,-0.018544378
LIN,2024-06-04,-0.007210612762719393,-0.0041661854
LKQ,2024-06-04,-0.017516041174530983,-0.023249919
LLY,2024-06-04,-0.004075964912772179,0.001598747
LMT,2024-06-04,0.009564084000885487,0.002755055
LNT,2024-06-04,0.01694468967616558,0.01321868
LOW,2024-06-04,0.010067177005112171,-0.00092322484
LRCX,2024-06-04,-0.00788037944585085,-0.013882486
LULU,2024-06-04,-0.001512404764071107,0.0005216429
LUV,2024-06-04,0.009529924020171165,0.003964521
LVS,2024-06-04,-0.018885277211666107,-0.029169424
LW,2024-06-04,-0.011059949174523354,-0.012904107
LYB,2024-06-04,-0.010377205908298492,-0.011266946
LYV,2024-06-04,-0.01378895528614521,-0.008835742
MA,2024-06-04,0.007919367402791977,0.0035587181
MAA,2024-06-04,0.016523342579603195,0.020503405
MAR,2024-06-04,0.013524469919502735,0.009283087
MAS,2024-06-04,-0.01694815792143345,-0.021477565
MCD,2024-06-04,0.013738347217440605,0.011368713
MCHP,2024-06-04,-0.012131341733038425,-0.01708564
MCK,2024-06-04,-0.005857700947672129,0.0009940685
MCO,2024-06-04,0.00900359358638525,0.012002286
MDLZ,2024-06-04,0.009825749322772026,0.010927043
MDT,2024-06-04,0.01249425858259201,0.013905828
MET,2024-06-04,-0.014772363007068634,-0.015662732
META,2024-06-04,-0.0011927197920158505,-0.0010477423
MGM,2024-06-04,-0.01489185355603695,-0.0193328
MHK,2024-06-04,-0.03019632026553154,-0.04601182
MKC,2024-06-04,-0.04487023130059242,-0.043028876
MKTX,2024-06-04,0.009912352077662945,0.0025094177
MLM,2024-06-04,-0.009519700892269611,-0.01359828
MMC,2024-06-04,0.011861900798976421,0.0095420405
MMM,2024-06-04,-0.012026357464492321,-0.011594157
MNST,2024-06-04,0.016732610762119293,0.0057647
MO,2024-06-04,0.010257571935653687,0.005997091
MOH,2024-06-04,-0.00809844397008419,-0.008703767
MOS,2024-06-04,-0.018018951639533043,-0.027836798
MPC,2024-06-04,0.006103995721787214,0.0029142231
MPWR,2024-06-04,0.0048995050601661205,-0.007172373
MRK,2024-06-04,0.0053904056549072266,0.0022557508
MRNA,2024-06-04,-0.008887066505849361,-0.016917935
MS,2024-06-04,-0.008686539717018604,-0.008556963
MSCI,2024-06-04,0.010545236989855766,0.0054690666
MSFT,2024-06-04,0.008400957100093365,0.006147683
MSI,2024-06-04,0.010438057594001293,0.00766701
MTB,2024-06-04,-0.01063691545277834,-0.012142898
MTCH,2024-06-04,0.006485885474830866,0.0019323002
MTD,2024-06-04,0.005449986085295677,0.0052737864
MU,2024-06-04,-0.008076450787484646,-0.012008444
NCLH,2024-06-04,0.020685890689492226,0.038776107
NDAQ,2024-06-04,0.012101942673325539,0.011677658
NDSN,2024-06-04,0.017353417351841927,-0.0058150897
NEE,2024-06-04,-0.0055860066786408424,-0.0072321054
NEM,2024-06-04,-0.017689067870378494,-0.027012337
NFLX,2024-06-04,-0.007992404513061047,-0.003429671
NI,2024-06-04,0.0167563296854496,0.017323632
NKE,2024-06-04,0.012847010977566242,0.003595184
NOC,2024-06-04,-0.008920663967728615,-0.0020941324
NOW,2024-06-04,0.014064321294426918,0.017849972
NRG,2024-06-04,-0.0065632169134914875,-0.0065313294
NSC,2024-06-04,0.005850758403539658,-0.009337522
NTAP,2024-06-04,-0.0054024588316679,0.0003361137
NTRS,2024-06-04,0.004738562740385532,-0.002155118
NUE,2024-06-04,-0.021293554455041885,-0.03432024
NVDA,2024-06-04,0.011095617897808552,0.012417573
NVR,2024-06-04,-0.00924344640225172,-0.011092171
NWS,2024-06-04,-0.010445337742567062,-0.01003566
NWSA,2024-06-04,0.006099745165556669,-0.0022010535
NXPI,2024-06-04,-0.009756291285157204,-0.013575505
O,2024-06-04,0.01583254709839821,0.020788562
ODFL,2024-06-04,0.016393061727285385,0.01645721
OKE,2024-06-04,-0.008477425202727318,-0.006305902
OMC,2024-06-04,0.005682980641722679,0.009472261
ON,2024-06-04,-0.014370137825608253,-0.02307762
ORCL,2024-06-04,0.007112189196050167,0.006601098
ORLY,2024-06-04,0.015458259731531143,0.014208565
OXY,2024-06-04,-0.01199418306350708,-0.011289729
PANW,2024-06-04,-0.007035215385258198,-0.015018764
PARA,2024-06-04,-0.01963770017027855,-0.044706184
PAYC,2024-06-04,0.01487139705568552,0.010144466
PAYX,2024-06-04,0.011277874000370502,0.011748695
PCAR,2024-06-04,0.00929465051740408,0.004256687
PCG,2024-06-04,0.0059637087397277355,0.00437633
PEG,2024-06-04,-0.005711901001632214,-0.0026867623
PEP,2024-06-04,0.012103921733796597,0.015413874
PFE,2024-06-04,0.008825121447443962,0.0061224476
PFG,2024-06-04,-0.011128169484436512,-0.0122113675
PG,2024-06-04,0.01729326695203781,0.014230772
PGR,2024-06-04,0.011982586234807968,0.012293488
PH,2024-06-04,0.012817330658435822,-0.0012286096
PHM,2024-06-04,-0.010378625243902206,-0.02276602
PKG,2024-06-04,-0.005381742026656866,-0.0046039815
PLD,2024-06-04,0.007797542028129101,0.012674521
PM,2024-06-04,0.012003821320831776,0.008028917
PNC,2024-06-04,-0.0057128253392875195,-0.0054984824
PNR,2024-06-04,-0.01390023436397314,-0.011960676
PNW,2024-06-04,0.024998044595122337,0.013941912
PODD,2024-06-04,0.005354495253413916,0.0021473905
POOL,2024-06-04,-0.01553620770573616,-0.019684454
PPG,2024-06-04,-0.004372944589704275,0.00015186111
PPL,2024-06-04,0.007910099811851978,0.0020484168
PRU,2024-06-04,-0.011706553399562836,-0.013804056
PSA,2024-06-04,0.012666582129895687,0.016552163
PSX,2024-06-04,-0.013663566671311855,-0.014061363
PTC,2024-06-04,-0.014182480983436108,-0.0152777685
PWR,2024-06-04,0.0018115391721948981,-0.0071956655
PYPL,2024-06-04,0.005578754004091024,-0.0020505907
QCOM,2024-06-04,0.004031841643154621,-0.007506919
RCL,2024-06-04,0.011941827833652496,0.027368953
REG,2024-06-04,-0.0067606121301651,-0.0061537456
REGN,2024-06-04,0.008961012586951256,0.0038430472
RF,2024-06-04,-0.00638139434158802,-0.013836503
RJF,2024-06-04,-0.009132697246968746,-0.01633902
RL,2024-06-04,-0.003929712809622288,-0.022594044
RMD,2024-06-04,0.013390148989856243,0.018107828
ROK,2024-06-04,-0.013523458503186703,-0.011579626
ROL,2024-06-04,0.016539188101887703,0.02699312
ROP,2024-06-04,0.014542785473167896,0.013412504
ROST,2024-06-04,0.0011817201739177108,-0.001984774
RSG,2024-06-04,0.01718345284461975,0.010947439
RTX,2024-06-04,0.010071992874145508,0.0049240356
RVTY,2024-06-04,0.005177672486752272,-0.0024845991
SBAC,2024-06-04,0.015048449859023094,0.0094588
SBUX,2024-06-04,0.0017917582299560308,0.008612654
SCHW,2024-06-04,-0.00562518835067749,-0.005264597
SHW,2024-06-04,0.011448818258941174,0.01253505
SJM,2024-06-04,-0.004040719009935856,0.0033179133
SLB,2024-06-04,-0.007916854694485664,-0.015088273
SMCI,2024-06-04,0.009717289358377457,0.0013228238
SNA,2024-06-04,-0.007535216864198446,-0.006904432
SNPS,2024-06-04,0.005306809209287167,0.0009795394
SO,2024-06-04,0.01054985262453556,0.003972714
SPG,2024-06-04,0.010387138463556767,0.0057221507
SPGI,2024-06-04,0.009346392005681992,0.0059922324
SRE,2024-06-04,0.009944483637809753,0.00610823
STE,2024-06-04,0.005120257381349802,0.0005691815
STLD,2024-06-04,-0.020503658801317215,-0.041313954
STT,2024-06-04,-0.008643203414976597,-0.009067685
STX,2024-06-04,0.009552229195833206,0.0056774653
STZ,2024-06-04,0.00987365934997797,7.9747835e-05
SWK,2024-06-04,-0.021352065727114677,-0.037339248
SWKS,2024-06-04,-0.010713499039411545,-0.007799046
SYF,2024-06-04,-0.011397114023566246,-0.024160044
SYK,2024-06-04,0.014162125997245312,0.0076605044
SYY,2024-06-04,-0.0029625592287629843,-0.0067173834
T,2024-06-04,0.01852770708501339,0.018700177
TAP,2024-06-04,-0.005025372840464115,-0.009398224
TDG,2024-06-04,0.005740238353610039,0.0012238872
TDY,2024-06-04,0.009288194589316845,0.0045373742
TECH,2024-06-04,-0.007986258715391159,-0.01291932
TEL,2024-06-04,-0.007959765382111073,-0.0061888886
TER,2024-06-04,-0.014013328589498997,-0.009977088
TFC,2024-06-04,-0.011846023611724377,-0.0124725
TGT,2024-06-04,-0.01036644447594881,-0.016337266
TJX,2024-06-04,-0.0047419872134923935,0.0040698345
TKO,2024-06-04,-0.0051848082803189754,-0.005561712
TMO,2024-06-04,0.00390045833773911,0.00015793984
TMUS,2024-06-04,0.030595295131206512,0.027517065
TPL,2024-06-04,-0.01254704874008894,-0.019163515
TPR,2024-06-04,-0.02708883211016655,-0.027931295
TRGP,2024-06-04,0.008990820497274399,0.0017149025
TRMB,2024-06-04,-0.010671348311007023,-0.009216369
TROW,2024-06-04,-0.005895617417991161,-0.0022278752
TRV,2024-06-04,0.005720486398786306,-0.0033334435
TSCO,2024-06-04,0.012680571526288986,0.0080033755
TSLA,2024-06-04,-0.009805294685065746,-0.008659279
TSN,2024-06-04,-0.008407642133533955,-0.004922645
TT,2024-06-04,-0.007560099475085735,-0.0061463094
TTWO,2024-06-04,0.006257734261453152,0.014077068
TXN,2024-06-04,0.004730049520730972,-0.0021704691
TXT,2024-06-04,-0.0037805496249347925,-0.0027544778
TYL,2024-06-04,0.010354223661124706,0.010300914
UAL,2024-06-04,-0.006876464933156967,-0.0072339065
UBER,2024-06-04,0.012384777888655663,0.011843165
UDR,2024-06-04,0.017861124128103256,0.018608944
UHS,2024-06-04,-0.005326098762452602,-0.010558871
ULTA,2024-06-04,0.011678215116262436,-0.0012831566
UNH,2024-06-04,0.012555046007037163,0.016051857
UNP,2024-06-04,0.009727819822728634,-0.003070584
UPS,2024-06-04,-0.016216231510043144,-0.020359054
URI,2024-06-04,-0.007031579501926899,-0.00994675
USB,2024-06-04,-0.012267711572349072,-0.01956852
V,2024-06-04,0.00976110901683569,0.0075164135
VICI,2024-06-04,-0.0066926912404596806,-0.0020877414
VLO,2024-06-04,0.010785146616399288,0.0093107205
VMC,2024-06-04,-0.0066043054684996605,-0.0068834275
VRSK,2024-06-04,0.014810734428465366,0.01757671
VRSN,2024-06-04,0.02181927114725113,0.021822602
VRTX,2024-06-04,0.006713350303471088,0.01009361
VST,2024-06-04,-0.0184699147939682,-0.040464815
VTR,2024-06-04,-0.0036570020020008087,-0.00059980253
VTRS,2024-06-04,-0.00760987214744091,-0.0047369804
VZ,2024-06-04,0.016355859115719795,0.0140532125
WAB,2024-06-04,-0.007485122885555029,-0.005627703
WAT,2024-06-04,-0.006682796403765678,-0.008555099
WBA,2024-06-04,0.008697045035660267,0.011863543
WBD,2024-06-04,-0.0055300891399383545,-0.010862718
WDAY,2024-06-04,-0.0029042826499789953,0.0013744909
WDC,2024-06-04,-0.008786010555922985,-0.013966543
WEC,2024-06-04,0.011425262317061424,0.011755645
WELL,2024-06-04,0.00819079577922821,0.0041237334
WFC,2024-06-04,-0.010576064698398113,-0.010843319
WM,2024-06-04,0.016514401882886887,0.011507763
WMB,2024-06-04,0.011531281284987926,0.008262311
WMT,2024-06-04,0.017009904608130455,0.011780382
WRB,2024-06-04,0.013530886732041836,0.003366269
WSM,2024-06-04,-0.020818481221795082,-0.05141058
WST,2024-06-04,-0.018099308013916016,-0.03185464
WTW,2024-06-04,-0.0032152808271348476,0.0005486889
WY,2024-06-04,-0.0032777367159724236,-0.008110725
WYNN,2024-06-04,-0.0222031082957983,-0.02118713
XEL,2024-06-04,0.015888182446360588,0.013475301
XOM,2024-06-04,-0.013340482488274574,-0.015673568
XYL,2024-06-04,-0.009798518382012844,-0.010953156
YUM,2024-06-04,0.01769902929663658,0.015735852
ZBH,2024-06-04,0.010030788369476795,0.0028248352
ZBRA,2024-06-04,-0.011769933626055717,-0.015923047
ZTS,2024-06-04,-0.006800829898566008,-0.0028466452
A,2024-06-05,0.0061686099506914616,0.020496286
AAPL,2024-06-05,0.008637616410851479,0.007790263
ABBV,2024-06-05,0.015721919015049934,0.020145763
ABT,2024-06-05,-0.006660932675004005,-0.0019356231
ACGL,2024-06-05,-0.006841654423624277,-0.011767752
ACN,2024-06-05,0.015511000528931618,0.010222694
ADBE,2024-06-05,0.0011145604075863957,0.016433882
ADI,2024-06-05,0.011311441659927368,0.02165681
ADM,2024-06-05,-0.016800610348582268,-0.012205636
ADP,2024-06-05,-0.001634074840694666,0.00044764986
ADSK,2024-06-05,0.010455706156790257,0.019984938
AEE,2024-06-05,-0.018009070307016373,-0.018344391
AEP,2024-06-05,-0.009354093112051487,-0.015947266
AES,2024-06-05,0.008989538066089153,0.017894572
AFL,2024-06-05,0.009207230992615223,0.0038543283
AIG,2024-06-05,-0.009941501542925835,-0.009832687
AIZ,2024-06-05,0.0020025658886879683,0.003776426
AJG,2024-06-05,-0.007471788674592972,-0.008380547
AKAM,2024-06-05,-0.003145798807963729,-0.0035203453
ALB,2024-06-05,-0.0062406593933701515,0.002869649
ALGN,2024-06-05,0.017353376373648643,0.028117739
ALL,2024-06-05,0.0018037853296846151,-0.0007344199
ALLE,2024-06-05,0.005578610580414534,0.0052564736
AMAT,2024-06-05,0.02839253470301628,0.051161304
AMCR,2024-06-05,0.0015347503358498216,0.0029426306
AMD,2024-06-05,0.034658849239349365,0.037881885
AME,2024-06-05,0.012425529770553112,0.0106100775
AMGN,2024-06-05,-0.0011376745533198118,3.266281e-05
AMP,2024-06-05,0.002970293862745166,0.0072751497
AMT,2024-06-05,-0.009074377827346325,-0.011138573
AMZN,2024-06-05,0.0070297918282449245,0.010758904
ANET,2024-06-05,0.004776167217642069,0.014828081
ANSS,2024-06-05,0.02588251791894436,0.030947173
AON,2024-06-05,0.002920160535722971,0.0037888954
AOS,2024-06-05,0.0035374141298234463,0.010163109
APA,2024-06-05,-0.004590936936438084,0.0013802049
APD,2024-06-05,-0.004954065661877394,0.00011097769
APH,2024-06-05,0.015637552365660667,0.024528205
APO,2024-06-05,0.013171490281820297,0.020852748
APTV,2024-06-05,-0.025245804339647293,-0.026600715
ARE,2024-06-05,-0.007432486396282911,-0.010178043
ATO,2024-06-05,-0.008033494465053082,-0.0076221023
AVB,2024-06-05,0.007440545130521059,0.007839702
AVGO,2024-06-05,0.02474486455321312,0.0599116
AVY,2024-06-05,0.01177082397043705,0.0058524013
AWK,2024-06-05,-0.009105966426432133,-0.008619842
AXON,2024-06-05,0.014311954379081726,0.021167196
AXP,2024-06-05,-0.008545749820768833,-0.01084856
AZO,2024-06-05,-0.002168412087485194,-0.005280835
BA,2024-06-05,0.007253107614815235,0.0064998437
BAC,2024-06-05,0.008465688675642014,0.007031697
BALL,2024-06-05,0.01310295145958662,0.012797028
BAX,2024-06-05,0.0036348130088299513,-0.003308805
BBY,2024-06-05,0.002449632389470935,0.012330574
BDX,2024-06-05,-0.006703456863760948,-0.0092668375
BEN,2024-06-05,-0.006707476917654276,-0.005559195
BG,2024-06-05,-0.03758765757083893,-0.029254597
BK,2024-06-05,-0.0013105880934745073,0.00033980794
BKNG,2024-06-05,0.008454261347651482,0.007777134
BKR,2024-06-05,0.0015893338713794947,0.0037867578
BLDR,2024-06-05,0.0037132466677576303,0.023269083
BLK,2024-06-05,0.0013366856146603823,0.0045612263
BMY,2024-06-05,-0.0075707463547587395,-0.012290039
BR,2024-06-05,-0.007771006785333157,-0.010101461
BRO,2024-06-05,0.0020369503181427717,0.0011116042
BSX,2024-06-05,-0.001396136125549674,-0.00039519725
BX,2024-06-05,0.010875239968299866,0.02184207
BXP,2024-06-05,-0.006546721328049898,-0.0038439916
C,2024-06-05,0.00403118971735239,0.01205163
CAG,2024-06-05,-0.008108539506793022,-0.0076960954
CAH,2024-06-05,-0.006370627321302891,-0.0036682764
CAT,2024-06-05,0.003895470639690757,0.005722743
CB,2024-06-05,-0.006298876833170652,-0.0025334181
CBOE,2024-06-05,-0.008928350172936916,-0.0058215647
CBRE,2024-06-05,0.007003589998930693,0.009066354
CCL,2024-06-05,-0.0026454145554453135,0.0005901502
CDNS,2024-06-05,0.028504107147455215,0.031831563
CDW,2024-06-05,0.00874209776520729,0.0045859083
CF,2024-06-05,-0.04649052023887634,-0.046622284
CFG,2024-06-05,-0.00756377587094903,-0.0017574944
CHD,2024-06-05,-0.009080717340111732,-0.003706803
CHRW,2024-06-05,0.014876068569719791,0.01900434
CHTR,2024-06-05,-0.007375320419669151,-0.008949151
CI,2024-06-05,-0.009354121051728725,-0.008581008
CINF,2024-06-05,-0.0044625382870435715,-0.001917349
CL,2024-06-05,-0.00150916853453964,-0.0016002324
CLX,2024-06-05,-0.008695856668055058,-0.004616137
CMCSA,2024-06-05,-0.007902953773736954,-0.010673315
CME,2024-06-05,-0.01668090559542179,-0.016275242
CMG,2024-06-05,0.019846634939312935,0.022139529
CMI,2024-06-05,0.013212502934038639,0.020653056
CMS,2024-06-05,-0.01852644979953766,-0.014415403
CNC,2024-06-05,-0.002480145078152418,-0.0062928866
CNP,2024-06-05,-0.007616183254867792,-0.013382821
COF,2024-06-05,0.00033262954093515873,0.007408509
COO,2024-06-05,-0.0022130929864943027,-0.0034958816
COP,2024-06-05,0.0006274153129197657,-0.0003563204
COR,2024-06-05,0.009812221862375736,0.004757359
COST,2024-06-05,0.008906499482691288,0.008316573
CPAY,2024-06-05,0.011071324348449707,0.0019367024
CPB,2024-06-05,-0.00554952397942543,-0.0018124286
CPRT,2024-06-05,0.013864022679626942,0.018878523
CPT,2024-06-05,0.004347541369497776,0.008051383
CRL,2024-06-05,0.02138545922935009,0.027624601
CRM,2024-06-05,-0.003325728001073003,0.007085434
CRWD,2024-06-05,0.052553001791238785,0.11264527
CSCO,2024-06-05,-0.02421858161687851,-0.02995893
CSGP,2024-06-05,-0.008913072757422924,-0.0071483017
CSX,2024-06-05,0.007524156477302313,0.008507943
CTAS,2024-06-05,0.006651923060417175,0.004925577
CTRA,2024-06-05,0.002215286483988166,0.0029069725
CTSH,2024-06-05,0.0018348937155678868,0.0025980016
CTVA,2024-06-05,-0.0015970953973010182,0.0066815014
CVS,2024-06-05,0.011705138720571995,0.0072750314
CVX,2024-06-05,-0.00617098668590188,-0.00739295
CZR,2024-06-05,0.02616494707763195,0.029405497
D,2024-06-05,-0.020205922424793243,-0.01436601
DAL,2024-06-05,0.019062677398324013,0.019068528
DAY,2024-06-05,-0.00825507938861847,-0.0050357375
DD,2024-06-05,0.0013802911853417754,0.0034792484
DE,2024-06-05,-0.0024212519638240337,0.00437633
DECK,2024-06-05,0.007087042089551687,0.024467638
DELL,2024-06-05,-0.009030690416693687,0.013897482
DFS,2024-06-05,0.01045233104377985,0.008469176
DG,2024-06-05,-0.00204104813747108,-0.0006693456
DGX,2024-06-05,0.011526953428983688,0.007880031
DHI,2024-06-05,0.011549269780516624,0.015311533
DHR,2024-06-05,0.009587191045284271,0.017017532
DIS,2024-06-05,-0.024735651910305023,-0.017867131
DLR,2024-06-05,0.010958859696984291,0.0153165795
DLTR,2024-06-05,-0.07123734056949615,-0.050419662
DOC,2024-06-05,-0.0066978237591683865,-0.008649179
DOV,2024-06-05,0.006382269319146872,0.008435016
DOW,2024-06-05,0.003960075788199902,0.009743441
DPZ,2024-06-05,-0.007553739473223686,-0.0074752728
DRI,2024-06-05,0.005539375822991133,0.0053258413
DTE,2024-06-05,-0.017597144469618797,-0.01722294
DUK,2024-06-05,-0.013809973374009132,-0.013473843
DVA,2024-06-05,0.008540228940546513,0.011929972
DVN,2024-06-05,0.006761942990124226,-0.0006433409
DXCM,2024-06-05,0.002730832900851965,0.011669647
EA,2024-06-05,0.007913096807897091,0.010638854
EBAY,2024-06-05,-0.013224059715867043,-0.013862183
ECL,2024-06-05,0.015199513174593449,0.015461168
ED,2024-06-05,-0.00738220801576972,-0.012022016
EFX,2024-06-05,0.01548011600971222,0.028066434
EG,2024-06-05,-0.008155465126037598,-0.010819341
EIX,2024-06-05,-0.009719249792397022,-0.014345939
EL,2024-06-05,-0.0069592734798789024,-0.0047059
ELV,2024-06-05,-0.0018167656380683184,-0.0007773677
EMN,2024-06-05,0.01391258928924799,0.0094929235
EMR,2024-06-05,0.005568684544414282,0.013106462
ENPH,2024-06-05,0.015639809891581535,0.026382219
EOG,2024-06-05,0.011306759901344776,0.0042480216
EPAM,2024-06-05,0.007994714193046093,0.0
EQIX,2024-06-05,-0.008758699521422386,-0.007969593
EQR,2024-06-05,0.0026817491743713617,0.0019794146
EQT,2024-06-05,0.005468947812914848,0.007846798
ERIE,2024-06-05,0.0005290634580887854,-0.0014687221
ES,2024-06-05,-0.025136156007647514,-0.021602904
ESS,2024-06-05,0.010650903917849064,0.016054904
ETN,2024-06-05,0.0236053466796875,0.032414164
ETR,2024-06-05,-0.008671768940985203,-0.006382858
EVRG,2024-06-05,-0.02147204428911209,-0.014207269
EW,2024-06-05,-0.006374724674969912,-0.0038973044
EXC,2024-06-05,-0.010941923595964909,-0.015373375
EXPD,2024-06-05,0.028859367594122887,0.031845294
EXPE,2024-06-05,0.008859626017510891,0.007570006
EXR,2024-06-05,0.0009315389906987548,0.0026979907
F,2024-06-05,0.0016947913682088256,0.0033195766
FANG,2024-06-05,-0.00509106507524848,-0.00015850131
FAST,2024-06-05,0.011604220606386662,0.013123989
FCX,2024-06-05,0.011174538172781467,0.015769051
FDS,2024-06-05,0.003640444716438651,0.012467131
FDX,2024-06-05,0.005319656804203987,0.008501797
FE,2024-06-05,-0.02073385752737522,-0.019332862
FFIV,2024-06-05,-0.008450604043900967,-0.005677154
FI,2024-06-05,0.011708535254001617,0.0088797
FICO,2024-06-05,0.016114940866827965,0.036410946
FIS,2024-06-05,-0.0011664724443107843,-0.0014471735
FITB,2024-06-05,0.007068286649882793,0.0057891146
FOX,2024-06-05,0.004571895580738783,0.0027936904
FOXA,2024-06-05,0.0074344235472381115,0.0031816252
FRT,2024-06-05,0.0007123020477592945,0.0014755552
FSLR,2024-06-05,-0.016128305345773697,0.025550777
FTNT,2024-06-05,0.01005815714597702,0.018080441
FTV,2024-06-05,0.010864125564694405,0.011882272
GD,2024-06-05,0.008283095434308052,0.0071382225
GDDY,2024-06-05,0.00782587006688118,0.005962016
GE,2024-06-05,0.0074316407553851604,0.0072237896
GEN,2024-06-05,0.022510915994644165,0.025453227
GILD,2024-06-05,-0.006451054941862822,-0.0043735956
GIS,2024-06-05,-0.008049963973462582,-0.010029159
GL,2024-06-05,0.01656210422515869,0.021042712
GLW,2024-06-05,0.01576632633805275,0.012885515
GM,2024-06-05,0.0021840643603354692,0.007922369
GNRC,2024-06-05,0.003870193613693118,0.011480307
GOOG,2024-06-05,0.008527201600372791,0.011016054
GOOGL,2024-06-05,0.008235570974647999,0.009278126
GPC,2024-06-05,-0.0028540499042719603,-0.012370827
GPN,2024-06-05,-0.0030747149139642715,0.009895232
GRMN,2024-06-05,0.01544332318007946,0.0059322733
GS,2024-06-05,0.013525951653718948,0.013914644
GWW,2024-06-05,-0.0018306879792362452,0.0035445828
HAL,2024-06-05,0.0015803815331310034,-0.006549447
HAS,2024-06-05,0.013082684949040413,0.01860941
HBAN,2024-06-05,-0.008340638130903244,-0.0037159566
HCA,2024-06-05,0.010881222784519196,0.014679875
HD,2024-06-05,0.001976436236873269,0.0060742265
HES,2024-06-05,-0.0065729012712836266,-0.006913674
HIG,2024-06-05,-0.005573339760303497,-0.0037851771
HII,2024-06-05,0.0010631129844114184,0.0043821456
HLT,2024-06-05,0.008263996802270412,0.010619512
HOLX,2024-06-05,-0.012513241730630398,-0.005372694
HON,2024-06-05,0.007784267421811819,0.009795851
HPE,2024-06-05,0.13448119163513184,0.10114229
HPQ,2024-06-05,-0.008729645982384682,0.007889492
HRL,2024-06-05,-0.0028357054106891155,-0.0045646424
HSIC,2024-06-05,-0.0076941559091210365,0.0
HST,2024-06-05,0.002672137226909399,0.004985004
HSY,2024-06-05,-0.007432117126882076,-0.008583533
HUBB,2024-06-05,0.016339482739567757,0.026143992
HUM,2024-06-05,-0.0002678486052900553,0.00036030472
HWM,2024-06-05,0.01415723655372858,0.028031802
IBM,2024-06-05,0.011446241289377213,0.0094239665
ICE,2024-06-05,0.000812324695289135,0.004294789
IDXX,2024-06-05,0.009786875918507576,0.009686661
IEX,2024-06-05,0.007116513326764107,0.006962449
IFF,2024-06-05,0.019574502483010292,0.017801506
INCY,2024-06-05,0.020805897191166878,0.007823025
INTC,2024-06-05,0.014182236045598984,0.024663279
INTU,2024-06-05,-0.0030728622805327177,0.0038557532
INVH,2024-06-05,-0.007288917433470488,-0.006314599
IP,2024-06-05,0.005524799227714539,0.004062236
IPG,2024-06-05,-0.008761173114180565,-0.0077693732
IQV,2024-06-05,0.01191514078527689,0.00788831
IR,2024-06-05,0.012798475101590157,0.01992046
IRM,2024-06-05,0.011119539849460125,0.014556666
ISRG,2024-06-05,0.03247137367725372,0.025801342
IT,2024-06-05,0.01095605455338955,0.018122105
ITW,2024-06-05,-0.0018729091389104724,0.0030285611
IVZ,2024-06-05,-0.002237986773252487,0.0019374163
J,2024-06-05,-0.00748025206848979,-0.0023110926
JBHT,2024-06-05,0.0035456542391330004,0.004092273
JBL,2024-06-05,0.011979603208601475,0.015291462
JCI,2024-06-05,0.00656842440366745,0.0121646775
JKHY,2024-06-05,0.013770557008683681,0.016436577
JNJ,2024-06-05,-0.00901254266500473,-0.0124582
JNPR,2024-06-05,0.017028216272592545,0.005094716
JPM,2024-06-05,-0.007791642099618912,-0.009585585
K,2024-06-05,-0.014575782231986523,-0.011306667
KDP,2024-06-05,-0.006552709732204676,-0.0011495395
KEY,2024-06-05,-0.007158750202506781,-0.0007211781
KEYS,2024-06-05,0.006446010898798704,0.007480683
KHC,2024-06-05,-0.029181506484746933,-0.02730653
KIM,2024-06-05,0.002620996441692114,0.0005185451
KKR,2024-06-05,0.013352389447391033,0.020417016
KLAC,2024-06-05,0.019572541117668152,0.044795886
KMB,2024-06-05,-0.00837656855583191,-0.00401112
KMI,2024-06-05,-0.0018939792644232512,0.0065905587
KMX,2024-06-05,0.011450660414993763,0.018423878
KO,2024-06-05,-0.005560529418289661,-0.0003127945
KR,2024-06-05,-0.008791765198111534,-0.006941702
L,2024-06-05,-0.0020086264703422785,-0.0083738165
LDOS,2024-06-05,0.009632724337279797,0.007925681
LEN,2024-06-05,0.009826850146055222,0.010470193
LH,2024-06-05,0.004961902275681496,0.0066889618
LHX,2024-06-05,-0.008103407919406891,-0.011267548
LII,2024-06-05,0.012520863674581051,0.025128333
LIN,2024-06-05,0.013573534786701202,0.009096829
LKQ,2024-06-05,0.0012974495766684413,0.003084418
LLY,2024-06-05,-0.00854049064218998,-0.0009973845
LMT,2024-06-05,-0.011574605479836464,-0.007836109
LNT,2024-06-05,-0.01532764919102192,-0.013022979
LOW,2024-06-05,0.011815170757472515,0.013485649
LRCX,2024-06-05,0.026394834741950035,0.051684845
LULU,2024-06-05,0.007729906588792801,0.0048450306
LUV,2024-06-05,0.017674380913376808,0.023459267
LVS,2024-06-05,-0.0017117809038609266,0.0006881967
LW,2024-06-05,-0.00828368030488491,-0.010726084
LYB,2024-06-05,0.0060391975566744804,0.006649294
LYV,2024-06-05,0.002475953195244074,0.00085507997
MA,2024-06-05,0.0017313417047262192,0.0042404244
MAA,2024-06-05,0.0014676846330985427,0.0020497253
MAR,2024-06-05,0.008902782574295998,0.009756308
MAS,2024-06-05,0.007706681732088327,0.00770368
MCD,2024-06-05,-0.00745740719139576,-0.0104453415
MCHP,2024-06-05,-0.0012830017367377877,0.0031864974
MCK,2024-06-05,0.01233423687517643,0.010178803
MCO,2024-06-05,0.0019485929515212774,0.008841302
MDLZ,2024-06-05,-0.007932307198643684,-0.0016167099
MDT,2024-06-05,-0.008663535118103027,-0.011595363
MET,2024-06-05,-0.00600149342790246,0.0002845121
META,2024-06-05,0.02297663502395153,0.037166324
MGM,2024-06-05,0.01589723862707615,0.023549806
MHK,2024-06-05,0.01267268881201744,0.019433934
MKC,2024-06-05,-0.010734058916568756,-0.008164504
MKTX,2024-06-05,-0.007746228016912937,-0.015557717
MLM,2024-06-05,-0.0015061196172609925,0.005526327
MMC,2024-06-05,-0.005705994553864002,-0.0017282374
MMM,2024-06-05,0.0071460185572505,0.0045529194
MNST,2024-06-05,-0.007655469700694084,-0.0036471593
MO,2024-06-05,-0.006309643853455782,-0.0034226738
MOH,2024-06-05,0.0022846339270472527,-0.003972641
MOS,2024-06-05,-0.019886530935764313,-0.020714464
MPC,2024-06-05,-0.006420590914785862,-0.007674894
MPWR,2024-06-05,0.015570604242384434,0.04182321
MRK,2024-06-05,0.007977672852575779,0.005732699
MRNA,2024-06-05,0.018627839162945747,0.06323205
MS,2024-06-05,-0.0011254568817093968,0.0008279231
MSCI,2024-06-05,0.011171648278832436,0.010327458
MSFT,2024-06-05,0.010542141273617744,0.018901208
MSI,2024-06-05,0.001995253609493375,0.0038654907
MTB,2024-06-05,-0.007738803513348103,-0.0032131271
MTCH,2024-06-05,0.011242016218602657,0.01151601
MTD,2024-06-05,0.012439976446330547,0.031613167
MU,2024-06-05,0.032765164971351624,0.05427144
NCLH,2024-06-05,0.01723419688642025,0.031388607
NDAQ,2024-06-05,0.002900488441810012,0.0047002914
NDSN,2024-06-05,-0.0029079520609229803,0.0017087142
NEE,2024-06-05,-0.0005487820599228144,-0.0012970624
NEM,2024-06-05,0.009134659543633461,0.013964714
NFLX,2024-06-05,0.012569505721330643,0.029091561
NI,2024-06-05,-0.012939289212226868,-0.013139089
NKE,2024-06-05,-0.006015043705701828,-0.004443101
NOC,2024-06-05,-0.008803456090390682,-0.013516005
NOW,2024-06-05,0.010565293952822685,0.04664231
NRG,2024-06-05,0.02620958350598812,0.04665559
NSC,2024-06-05,0.007521722465753555,0.007145797
NTAP,2024-06-05,0.01820959337055683,0.027019903
NTRS,2024-06-05,-0.0031268622260540724,-0.006976032
NUE,2024-06-05,0.002307005925104022,0.003159285
NVDA,2024-06-05,0.01766122505068779,0.05022843
NVR,2024-06-05,0.013196268118917942,0.013276432
NWS,2024-06-05,0.019709540531039238,0.026301926
NWSA,2024-06-05,0.02127826400101185,0.023944333
NXPI,2024-06-05,0.01692608930170536,0.034676082
O,2024-06-05,-0.008799616247415543,-0.0073759574
ODFL,2024-06-05,0.010534155182540417,0.021977756
OKE,2024-06-05,-0.0017633085371926427,0.0015169779
OMC,2024-06-05,-0.0014274416025727987,0.0009859703
ON,2024-06-05,0.019830036908388138,0.041335203
ORCL,2024-06-05,0.010423355735838413,0.02109358
ORLY,2024-06-05,-0.005667333956807852,0.006737982
OXY,2024-06-05,0.0020165969617664814,-0.0008351115
PANW,2024-06-05,0.009853930212557316,0.018171022
PARA,2024-06-05,-0.0031863204203546047,-0.013157264
PAYC,2024-06-05,-0.008042847737669945,-0.015878003
PAYX,2024-06-05,-0.002016563666984439,0.0005756151
PCAR,2024-06-05,0.020512564107775688,0.03768049
PCG,2024-06-05,-0.005793986842036247,-0.0054733716
PEG,2024-06-05,0.010593533515930176,0.0069704987
PEP,2024-06-05,-0.00681747030466795,-0.002302908
PFE,2024-06-05,0.00446922704577446,0.0020323563
PFG,2024-06-05,-0.0062363240867853165,-0.0013800833
PG,2024-06-05,-0.008482708595693111,-0.005764673
PGR,2024-06-05,0.0016677356325089931,0.003014656
PH,2024-06-05,0.011209958232939243,0.020757517
PHM,2024-06-05,0.014535954222083092,0.023458103
PKG,2024-06-05,0.005855139344930649,0.0037834325
PLD,2024-06-05,-0.0016866917721927166,-0.0002757691
PM,2024-06-05,0.003095035906881094,0.0026940673
PNC,2024-06-05,-0.00022725971939507872,0.0028501546
PNR,2024-06-05,0.013785755261778831,0.016579825
PNW,2024-06-05,-0.011405314318835735,-0.01095671
PODD,2024-06-05,0.016508201137185097,0.03176546
POOL,2024-06-05,0.008148415945470333,0.0053795534
PPG,2024-06-05,0.009903541766107082,0.011551712
PPL,2024-06-05,-0.010551520623266697,-0.013044293
PRU,2024-06-05,-0.00576448068022728,-0.0021212497
PSA,2024-06-05,-0.006570100784301758,-0.006581364
PSX,2024-06-05,0.0012245289981365204,0.0029157684
PTC,2024-06-05,0.007217560429126024,0.004132043
PWR,2024-06-05,0.01307661458849907,0.021647831
PYPL,2024-06-05,0.0032566774170845747,0.003152987
QCOM,2024-06-05,0.012077643536031246,0.036166638
RCL,2024-06-05,0.00922221876680851,0.0075121545
REG,2024-06-05,-0.0069830771535634995,-0.00488521
REGN,2024-06-05,0.014153695665299892,0.012584721
RF,2024-06-05,0.0014908378943800926,0.003744242
RJF,2024-06-05,0.005799591541290283,0.01534639
RL,2024-06-05,0.018751395866274834,0.017889421
RMD,2024-06-05,0.006340848747640848,0.009707084
ROK,2024-06-05,0.009844303131103516,0.017684666
ROL,2024-06-05,0.0036847065202891827,0.0031662963
ROP,2024-06-05,0.0021611680276691914,0.006456615
ROST,2024-06-05,0.018063073977828026,0.023832893
RSG,2024-06-05,0.002565631177276373,0.0037823638
RTX,2024-06-05,-0.001042534364387393,0.0049921214
RVTY,2024-06-05,0.007838976569473743,0.012179513
SBAC,2024-06-05,-0.015604007989168167,-0.008798342
SBUX,2024-06-05,-0.013124551624059677,-0.019882144
SCHW,2024-06-05,0.011909959837794304,0.032782543
SHW,2024-06-05,0.006616485770791769,0.0077841124
SJM,2024-06-05,-0.011019844561815262,-0.012340176
SLB,2024-06-05,0.018197840079665184,0.0015057892
SMCI,2024-06-05,0.025861479341983795,0.039257344
SNA,2024-06-05,0.008102485910058022,0.008204972
SNPS,2024-06-05,0.021570885553956032,0.045911483
SO,2024-06-05,-0.01866956613957882,-0.01611088
SPG,2024-06-05,-0.0011066440492868423,0.006406752
SPGI,2024-06-05,0.008220722898840904,0.010251598
SRE,2024-06-05,-0.00788145698606968,-0.009110929
STE,2024-06-05,-0.0005333083681762218,0.0061515924
STLD,2024-06-05,-0.005191686563193798,-0.0006288478
STT,2024-06-05,-0.002004723297432065,-0.0021457996
STX,2024-06-05,0.027365414425730705,0.05037904
STZ,2024-06-05,-0.002875108504667878,-0.0012390532
SWK,2024-06-05,0.008863141760230064,0.016721297
SWKS,2024-06-05,0.016609981656074524,0.017488768
SYF,2024-06-05,0.0013582771643996239,0.0065633217
SYK,2024-06-05,-0.00023664582113269717,0.011598604
SYY,2024-06-05,0.0009733365150168538,-0.0063473484
T,2024-06-05,-0.00018132392142433673,-0.002728479
TAP,2024-06-05,-0.008603572845458984,-0.008534901
TDG,2024-06-05,0.008679860271513462,0.015884366
TDY,2024-06-05,-0.0056671989150345325,-0.0010121217
TECH,2024-06-05,0.011021576821804047,0.030218424
TEL,2024-06-05,0.008582856506109238,0.012072828
TER,2024-06-05,0.019600054249167442,0.040473398
TFC,2024-06-05,0.0023904982954263687,-0.00054576976
TGT,2024-06-05,-0.008555012755095959,-0.021481156
TJX,2024-06-05,0.01472161803394556,0.017971007
TKO,2024-06-05,-0.009743000380694866,-0.0027925512
TMO,2024-06-05,0.007727223914116621,0.009799391
TMUS,2024-06-05,0.011444213800132275,0.013177158
TPL,2024-06-05,0.009301726706326008,0.0145047465
TPR,2024-06-05,0.002792768646031618,0.010166059
TRGP,2024-06-05,0.008235505782067776,0.012429227
TRMB,2024-06-05,-0.001216149888932705,0.00811488
TROW,2024-06-05,0.0014438993530347943,0.002484684
TRV,2024-06-05,-0.0075663174502551556,-0.005884395
TSCO,2024-06-05,-0.0021765148267149925,0.0024440151
TSLA,2024-06-05,-0.0001614442007848993,0.0013150855
TSN,2024-06-05,-0.009363880380988121,-0.0061875093
TT,2024-06-05,0.006749562919139862,0.0115743335
TTWO,2024-06-05,0.011146118864417076,0.008818263
TXN,2024-06-05,0.009467239491641521,0.01427836
TXT,2024-06-05,-0.007618588395416737,-0.0054163793
TYL,2024-06-05,0.007138391956686974,0.009823943
UAL,2024-06-05,0.010040639899671078,0.010831068
UBER,2024-06-05,0.015479790046811104,0.01948115
UDR,2024-06-05,0.0010958416387438774,0.0042848187
UHS,2024-06-05,0.01654187962412834,0.025817014
ULTA,2024-06-05,-0.010645906440913677,-0.005794647
UNH,2024-06-05,-0.007179453037679195,-0.0046995524
UNP,2024-06-05,0.003818721044808626,-0.00092298625
UPS,2024-06-05,0.010919095948338509,0.01420128
URI,2024-06-05,0.004741867538541555,0.015202723
USB,2024-06-05,0.000525648589245975,0.003075386
V,2024-06-05,0.008130750618875027,0.00760597
VICI,2024-06-05,-0.008032850921154022,-0.011560334
VLO,2024-06-05,-0.007983062416315079,-0.008661383
VMC,2024-06-05,-0.0023923194967210293,0.002870481
VRSK,2024-06-05,0.0033148243092000484,0.011664109
VRSN,2024-06-05,0.008610883727669716,0.011068513
VRTX,2024-06-05,0.016274843364953995,0.016888293
VST,2024-06-05,0.012663694098591805,0.026984887
VTR,2024-06-05,-0.007582002319395542,-0.004610688
VTRS,2024-06-05,-0.003264959901571274,-0.0038058786
VZ,2024-06-05,-0.005976066924631596,-0.0050658695
WAB,2024-06-05,0.002866266295313835,0.005627681
WAT,2024-06-05,-0.006656045094132423,-0.00022789452
WBA,2024-06-05,-0.008835936896502972,-0.010608201
WBD,2024-06-05,0.004959014244377613,0.0072551505
WDAY,2024-06-05,-0.008646313101053238,0.006327037
WDC,2024-06-05,0.02827632799744606,0.039231822
WEC,2024-06-05,-0.009455383755266666,-0.013975003
WELL,2024-06-05,0.005323730409145355,0.004964247
WFC,2024-06-05,-0.003352372907102108,-0.00034081782
WM,2024-06-05,-0.0019504696829244494,0.0013249668
WMB,2024-06-05,0.005261977668851614,0.006272665
WMT,2024-06-05,0.004351841751486063,0.007330176
WRB,2024-06-05,-0.006901951972395182,-0.0062429854
WSM,2024-06-05,0.022599907591938972,0.052649375
WST,2024-06-05,0.005967806093394756,-0.0022952014
WTW,2024-06-05,-0.007486589718610048,-0.006171497
WY,2024-06-05,-0.00711462227627635,-0.0006788291
WYNN,2024-06-05,0.010424517095088959,0.0047241393
XEL,2024-06-05,-0.018438132479786873,-0.015647901
XOM,2024-06-05,-0.0008338068728335202,0.003986012
XYL,2024-06-05,0.013640348799526691,0.01856964
YUM,2024-06-05,-0.007019519340246916,-0.0071611474
ZBH,2024-06-05,-0.009651612490415573,-0.007076989
ZBRA,2024-06-05,0.011328397318720818,0.01550048
ZTS,2024-06-05,0.01158713549375534,0.022660213
A,2024-06-06,-0.012657673098146915,-0.0055557783
AAPL,2024-06-06,0.00020193768432363868,-0.0071217087
ABBV,2024-06-06,0.02260647341609001,0.018740293
ABT,2024-06-06,0.02985643595457077,0.01002387
ACGL,2024-06-06,0.002457450609654188,0.004004772
ACN,2024-06-06,-0.008129395544528961,0.002471009
ADBE,2024-06-06,0.00034377112751826644,0.0050988668
ADI,2024-06-06,-0.00952153280377388,0.007313609
ADM,2024-06-06,0.007816143333911896,0.0016361182
ADP,2024-06-06,0.01274745911359787,0.008870721
ADSK,2024-06-06,0.0016220659017562866,-0.0018975226
AEE,2024-06-06,0.0002487272140569985,-0.003737853
AEP,2024-06-06,0.001950241276063025,-0.002814607
AES,2024-06-06,-0.013304920867085457,-0.024256533
AFL,2024-06-06,0.0024209495168179274,-0.00033950608
AIG,2024-06-06,-0.009471326135098934,-0.0036957355
AIZ,2024-06-06,0.00209498917683959,0.00040582524
AJG,2024-06-06,-0.0024943882599473,-0.00574555
AKAM,2024-06-06,-0.0006809189217165112,-0.007966228
ALB,2024-06-06,-0.005421107634902,-0.0039689313
ALGN,2024-06-06,0.01750546507537365,0.005647714
ALL,2024-06-06,5.8050150983035564e-05,-0.0011031148
ALLE,2024-06-06,-0.012207693420350552,-0.006276992
AMAT,2024-06-06,-0.003526549320667982,-0.007278813
AMCR,2024-06-06,-0.004059350583702326,-0.004909168
AMD,2024-06-06,0.01790865883231163,0.0036641932
AME,2024-06-06,0.0003609170962590724,0.00023719836
AMGN,2024-06-06,-0.008347957395017147,-0.0055132257
AMP,2024-06-06,-0.008558264933526516,-0.0050165686
AMT,2024-06-06,0.006352714728564024,0.0065377415
AMZN,2024-06-06,0.020117418840527534,0.020310298
ANET,2024-06-06,-0.00681126257404685,-0.0033325464
ANSS,2024-06-06,-0.010404432192444801,-0.0071799974
AON,2024-06-06,-0.0023748541716486216,0.0004550375
AOS,2024-06-06,-0.01023536454886198,-0.014726685
APA,2024-06-06,0.01333252526819706,0.007899545
APD,2024-06-06,-0.0010222684359177947,-0.0022590584
APH,2024-06-06,-0.013154767453670502,-0.018321998
APO,2024-06-06,-0.017528731375932693,-0.02887079
APTV,2024-06-06,-0.0036456971429288387,-0.0035606008
ARE,2024-06-06,0.001793846138752997,0.0007734881
ATO,2024-06-06,0.005900407675653696,0.0038183467
AVB,2024-06-06,0.0036307303234934807,-0.0010584228
AVGO,2024-06-06,-0.004442586563527584,-0.00839972
AVY,2024-06-06,-0.0037571473512798548,-0.0043971227
AWK,2024-06-06,-0.0118027962744236,-0.008082185
AXON,2024-06-06,-0.011742881499230862,-0.010618319
AXP,2024-06-06,-0.007942194119095802,-0.005725888
AZO,2024-06-06,-0.024267304688692093,-0.0041834237
BA,2024-06-06,0.008662912994623184,0.008235475
BAC,2024-06-06,-0.0006525959470309317,-0.0065277293
BALL,2024-06-06,-0.002943608444184065,-0.0028615887
BAX,2024-06-06,0.0010561119997873902,0.003909189
BBY,2024-06-06,-0.011331760324537754,-0.008808384
BDX,2024-06-06,0.026693450286984444,0.016243357
BEN,2024-06-06,-0.0007799910963512957,-0.004297331
BG,2024-06-06,0.01963658630847931,0.013406741
BK,2024-06-06,0.028297588229179382,0.017170418
BKNG,2024-06-06,-0.002340467646718025,-0.0054911706
BKR,2024-06-06,-0.005061052273958921,0.0
BLDR,2024-06-06,-0.013723503798246384,-0.02928906
BLK,2024-06-06,-0.009628476575016975,-0.013206055
BMY,2024-06-06,-0.008191356435418129,-0.008767619
BR,2024-06-06,0.0012653814628720284,-0.0013648036
BRO,2024-06-06,-0.0027433941140770912,-0.0052358964
BSX,2024-06-06,0.007825429551303387,0.0030261842
BX,2024-06-06,-0.014025417156517506,-0.021087091
BXP,2024-06-06,0.01725287362933159,0.01841405
C,2024-06-06,0.00011308345710858703,0.0027483976
CAG,2024-06-06,-0.0014844771940261126,-0.007755738
CAH,2024-06-06,0.014992053620517254,0.008538317
CAT,2024-06-06,-0.0032912795431911945,-0.003527164
CB,2024-06-06,-0.0021610227413475513,-0.0014776761
CBOE,2024-06-06,-0.020030152052640915,-0.00401489
CBRE,2024-06-06,-0.005513183306902647,-0.0048717936
CCL,2024-06-06,-0.0002826605341397226,-0.019658508
CDNS,2024-06-06,0.00287943915463984,-0.0022967549
CDW,2024-06-06,-0.010996791534125805,-0.0050366363
CF,2024-06-06,0.003415360115468502,0.0059687705
CFG,2024-06-06,0.011569146066904068,-0.001466812
CHD,2024-06-06,0.011421292088925838,0.00185508
CHRW,2024-06-06,0.01526606548577547,0.00216559
CHTR,2024-06-06,0.013760164380073547,0.004520405
CI,2024-06-06,0.01307688094675541,0.011099397
CINF,2024-06-06,0.00474664568901062,0.0025268972
CL,2024-06-06,0.0058790468610823154,0.0034107019
CLX,2024-06-06,0.010578539222478867,0.0045405785
CMCSA,2024-06-06,0.0009369442705065012,-0.0017899172
CME,2024-06-06,0.014597006142139435,0.0049753967
CMG,2024-06-06,0.025606509298086166,0.020024301
CMI,2024-06-06,-0.013176378794014454,-0.016598236
CMS,2024-06-06,-0.009843965992331505,-0.010053239
CNC,2024-06-06,-0.0042023323476314545,0.01056066
CNP,2024-06-06,-0.0033633511047810316,-0.0059327194
COF,2024-06-06,0.018323581665754318,0.006547689
COO,2024-06-06,0.009300603531301022,0.010765979
COP,2024-06-06,0.002595006488263607,-0.00026736257
COR,2024-06-06,0.024726353585720062,0.020918213
COST,2024-06-06,0.007788647431880236,0.009946571
CPAY,2024-06-06,0.0012269910657778382,0.011847524
CPB,2024-06-06,-0.021883701905608177,-0.013008489
CPRT,2024-06-06,-0.006844975519925356,-0.009862962
CPT,2024-06-06,0.004531543236225843,-0.0024272385
CRL,2024-06-06,0.025744210928678513,0.02512508
CRM,2024-06-06,0.0037304831203073263,0.025992298
CRWD,2024-06-06,-0.0010689819464460015,-0.0049510966
CSCO,2024-06-06,0.006006167270243168,0.0045528007
CSGP,2024-06-06,-0.0076260799542069435,-0.013022376
CSX,2024-06-06,0.002362404251471162,-0.0018172056
CTAS,2024-06-06,-0.007778721395879984,-0.0054091886
CTRA,2024-06-06,0.0054968297481536865,0.0036220283
CTSH,2024-06-06,0.01811564527451992,0.01198462
CTVA,2024-06-06,0.016524868085980415,0.015781604
CVS,2024-06-06,-0.0004348407965153456,0.0039459984
CVX,2024-06-06,0.00849971640855074,0.0061109555
CZR,2024-06-06,0.005351122468709946,0.0027306841
D,2024-06-06,-0.0018343734554946423,-0.0047714156
DAL,2024-06-06,-0.0064612505957484245,-0.007703543
DAY,2024-06-06,-0.0017542626010254025,0.042281874
DD,2024-06-06,-0.001723978784866631,-0.0046000294
DE,2024-06-06,-0.0023607781622558832,0.00075442926
DECK,2024-06-06,0.003386127995327115,-0.025779909
DELL,2024-06-06,-0.019374625757336617,-0.027238896
DFS,2024-06-06,0.01165343914180994,0.0051452382
DG,2024-06-06,-0.03207166865468025,-0.037039682
DGX,2024-06-06,0.0050306194461882114,-0.00035059635
DHI,2024-06-06,-0.010807303711771965,-0.01649367
DHR,2024-06-06,0.004423569422215223,0.00048518326
DIS,2024-06-06,-0.0060500758700072765,-0.0028611703
DLR,2024-06-06,0.004892715252935886,-0.0016299636
DLTR,2024-06-06,-0.01010391116142273,-0.01772732
DOC,2024-06-06,0.004092940129339695,-0.0020459916
DOV,2024-06-06,-0.025277696549892426,-0.016322548
DOW,2024-06-06,0.007071927655488253,-0.0001794857
DPZ,2024-06-06,-0.008035488426685333,-0.0066161025
DRI,2024-06-06,-0.0026607473846524954,-0.00332543
DTE,2024-06-06,-0.008837448433041573,-0.008768761
DUK,2024-06-06,-0.0019749009516090155,-0.0032999546
DVA,2024-06-06,-0.0036675725132226944,-0.008238897
DVN,2024-06-06,-0.0021611193660646677,0.002998611
DXCM,2024-06-06,-0.015619033016264439,-0.023820423
EA,2024-06-06,-0.0061755189672112465,-0.0040675537
EBAY,2024-06-06,0.011187603697180748,0.007142838
ECL,2024-06-06,0.00662116939201951,0.005545058
ED,2024-06-06,0.006206896156072617,-0.007696756
EFX,2024-06-06,-0.005367442965507507,-0.009493465
EG,2024-06-06,-0.0007686703465878963,-0.0023939586
EIX,2024-06-06,-0.007263021543622017,-0.012405341
EL,2024-06-06,0.006164120975881815,0.004462967
ELV,2024-06-06,0.005943258758634329,0.0019055296
EMN,2024-06-06,0.03066437318921089,0.02586821
EMR,2024-06-06,-0.016211284324526787,-0.021561084
ENPH,2024-06-06,-0.004107646644115448,-0.0070798704
EOG,2024-06-06,0.000596839003264904,0.007452761
EPAM,2024-06-06,0.004855158273130655,0.004003228
EQIX,2024-06-06,0.0024235493037849665,0.005547429
EQR,2024-06-06,-0.006449946202337742,-0.0071749547
EQT,2024-06-06,-0.007493199780583382,-0.0068625426
ERIE,2024-06-06,0.000334054755512625,0.004399592
ES,2024-06-06,-0.006785871926695108,-0.011659877
ESS,2024-06-06,0.006620247382670641,0.0008949801
ETN,2024-06-06,-0.03257966786623001,-0.04101081
ETR,2024-06-06,-0.010090713389217854,-0.009332408
EVRG,2024-06-06,-0.013271498493850231,-0.007461162
EW,2024-06-06,0.011683676391839981,0.0069812704
EXC,2024-06-06,-0.00833488255739212,-0.00736581
EXPD,2024-06-06,0.006385692860931158,-0.0061948863
EXPE,2024-06-06,0.04998526722192764,0.04198936
EXR,2024-06-06,0.005848581437021494,0.00013469743
F,2024-06-06,0.0030555459670722485,0.0
FANG,2024-06-06,0.010443310253322124,0.009730574
FAST,2024-06-06,-0.01716223545372486,-0.018264832
FCX,2024-06-06,0.011921619065105915,0.014939163
FDS,2024-06-06,0.010025084018707275,0.022136848
FDX,2024-06-06,0.011807514354586601,0.008909827
FE,2024-06-06,-0.009353481233119965,-0.008657836
FFIV,2024-06-06,-0.002337530255317688,-0.0065537067
FI,2024-06-06,0.01576537825167179,0.008336788
FICO,2024-06-06,-0.011848184280097485,-0.015806805
FIS,2024-06-06,0.0051475511863827705,0.00538311
FITB,2024-06-06,-0.00828766543418169,-0.007449272
FOX,2024-06-06,-0.004085749853402376,-0.0087170545
FOXA,2024-06-06,-0.004369665868580341,-0.0081182355
FRT,2024-06-06,0.010668906383216381,0.003042704
FSLR,2024-06-06,0.0005451097385957837,0.0014273457
FTNT,2024-06-06,-0.0009485969785600901,0.00066973176
FTV,2024-06-06,-0.0038851567078381777,-0.005445684
GD,2024-06-06,-0.00013742916053161025,-0.003948466
GDDY,2024-06-06,-0.003431502031162381,-0.006971051
GE,2024-06-06,-0.005800497252494097,-0.011943727
GEN,2024-06-06,0.004030408803373575,-0.00078571885
GILD,2024-06-06,-0.0005217517609708011,-0.0004697949
GIS,2024-06-06,-0.0014470056630671024,-0.0010383746
GL,2024-06-06,-0.019405923783779144,-0.028030211
GLW,2024-06-06,-0.0013730059145018458,-0.002403578
GM,2024-06-06,0.006855608895421028,-0.0002191903
GNRC,2024-06-06,-0.005607353523373604,-0.0071866605
GOOG,2024-06-06,0.010142971761524677,0.0072026057
GOOGL,2024-06-06,0.011587299406528473,0.007496892
GPC,2024-06-06,0.017188947647809982,0.011265239
GPN,2024-06-06,0.0005603055469691753,-0.0076425215
GRMN,2024-06-06,0.005372986663132906,-0.00054899015
GS,2024-06-06,-0.0073067969642579556,-0.0077842693
GWW,2024-06-06,-0.014346162788569927,-0.01270509
HAL,2024-06-06,0.009417213499546051,0.01010364
HAS,2024-06-06,-0.008944587782025337,-0.0030779976
HBAN,2024-06-06,-9.02392202988267e-05,-0.0037299558
HCA,2024-06-06,-0.0002928525791503489,-0.0002671837
HD,2024-06-06,0.00528168398886919,0.002540215
HES,2024-06-06,0.0019641686230897903,0.0065082526
HIG,2024-06-06,-0.0038862803485244513,-0.0044008344
HII,2024-06-06,-0.005268932320177555,-0.0037036922
HLT,2024-06-06,-0.007558860816061497,-0.0069845547
HOLX,2024-06-06,0.022359389811754227,0.0071125384
HON,2024-06-06,0.006132856477051973,-0.0039261463
HPE,2024-06-06,0.00827299989759922,0.0056308815
HPQ,2024-06-06,0.014251047745347023,0.015317284
HRL,2024-06-06,0.0020166600588709116,0.009108406
HSIC,2024-06-06,-0.0018410023767501116,-0.015045443
HST,2024-06-06,-0.014812406152486801,-0.006651921
HSY,2024-06-06,-0.0036713252775371075,-0.0052566277
HUBB,2024-06-06,-0.032760873436927795,-0.041931417
HUM,2024-06-06,-0.013794006779789925,-0.015548456
HWM,2024-06-06,-0.007657723966985941,-0.016199052
IBM,2024-06-06,0.008706706576049328,0.004887025
ICE,2024-06-06,-0.0016176728531718254,-0.0035529446
IDXX,2024-06-06,0.0013342396123334765,0.0040254304
IEX,2024-06-06,-0.016342807561159134,-0.020146865
IFF,2024-06-06,0.0004414297000039369,-0.001428968
INCY,2024-06-06,-0.015443584881722927,-0.010558268
INTC,2024-06-06,-0.00765589065849781,-0.011764314
INTU,2024-06-06,-0.0027215168811380863,-0.002824828
INVH,2024-06-06,0.007222157437354326,0.003736166
IP,2024-06-06,-0.005527921952307224,0.0006753308
IPG,2024-06-06,-0.002102786209434271,-0.0006502595
IQV,2024-06-06,-0.0014554072404280305,0.0072372807
IR,2024-06-06,-0.010690836235880852,-0.015158392
IRM,2024-06-06,0.03106158785521984,0.02990129
ISRG,2024-06-06,0.011537819169461727,0.0021786746
IT,2024-06-06,-0.008171643130481243,-0.008638899
ITW,2024-06-06,0.013721005991101265,-0.0017828116
IVZ,2024-06-06,-0.0127963712438941,-0.015603838
J,2024-06-06,0.0031430411618202925,0.0
JBHT,2024-06-06,0.0006171533605083823,-0.0010058569
JBL,2024-06-06,-0.012911458499729633,-0.014329073
JCI,2024-06-06,-0.020180456340312958,-0.03348163
JKHY,2024-06-06,0.00011684204218909144,0.0010336059
JNJ,2024-06-06,0.004181272350251675,0.0030780006
JNPR,2024-06-06,-0.0029337287414819,0.001128632
JPM,2024-06-06,-0.00306484242901206,-0.0017758254
K,2024-06-06,0.011222983710467815,0.004837794
KDP,2024-06-06,-0.003073477651923895,-0.007793039
KEY,2024-06-06,0.004660298116505146,0.005037667
KEYS,2024-06-06,-0.008444064296782017,-0.006303563
KHC,2024-06-06,0.01712227053940296,0.008715819
KIM,2024-06-06,0.0028708602767437696,-0.0021019569
KKR,2024-06-06,-0.0221785269677639,-0.03852875
KLAC,2024-06-06,-0.001957311062142253,-0.0073006065
KMB,2024-06-06,0.006597485393285751,0.0011685211
KMI,2024-06-06,0.005692475009709597,0.0010100265
KMX,2024-06-06,-0.020295029506087303,-0.03131917
KO,2024-06-06,0.01053548976778984,0.0035917398
KR,2024-06-06,0.0005117577966302633,0.005210819
L,2024-06-06,-0.0018708157585933805,0.0010671876
LDOS,2024-06-06,-0.013821186497807503,-0.009864948
LEN,2024-06-06,-0.013924684375524521,-0.020600663
LH,2024-06-06,0.0023597178515046835,0.0020686404
LHX,2024-06-06,-0.0048148599453270435,-0.009457605
LII,2024-06-06,-0.008920428343117237,-0.016222734
LIN,2024-06-06,-0.003558379365131259,-0.0028311042
LKQ,2024-06-06,-0.0010354941477999091,-0.0016596954
LLY,2024-06-06,0.008508114144206047,0.0066264397
LMT,2024-06-06,0.01807675138115883,0.007260121
LNT,2024-06-06,-0.010030459612607956,-0.011016846
LOW,2024-06-06,-0.006184058263897896,-0.0046584127
LRCX,2024-06-06,0.0007037624600343406,-0.0098553775
LULU,2024-06-06,0.05209052562713623,0.046735168
LUV,2024-06-06,-0.024573761969804764,-0.021663114
LVS,2024-06-06,0.006314986851066351,0.0013752052
LW,2024-06-06,0.009152877144515514,0.008636643
LYB,2024-06-06,0.0032706980127841234,0.0018918467
LYV,2024-06-06,-0.02342013083398342,-0.014527074
MA,2024-06-06,0.011152374558150768,0.0045120977
MAA,2024-06-06,0.00903612282127142,0.0024831383
MAR,2024-06-06,-0.008835535496473312,-0.0031841863
MAS,2024-06-06,-0.006957619916647673,-0.009489674
MCD,2024-06-06,0.0032596455421298742,0.0028040323
MCHP,2024-06-06,-0.011067034676671028,-0.010018022
MCK,2024-06-06,0.017032530158758163,0.011168825
MCO,2024-06-06,-0.0029566853772848845,-0.008054426
MDLZ,2024-06-06,0.007045480888336897,0.003084418
MDT,2024-06-06,0.0027269935235381126,0.0003645947
MET,2024-06-06,-0.008232776075601578,-0.004131831
META,2024-06-06,-0.002363662701100111,-0.0026292705
MGM,2024-06-06,-0.006264788098633289,-0.007207612
MHK,2024-06-06,-0.011895757168531418,-0.016758135
MKC,2024-06-06,0.01179309468716383,0.013233031
MKTX,2024-06-06,0.02373831905424595,0.047439706
MLM,2024-06-06,-0.017158757895231247,-0.013691013
MMC,2024-06-06,0.0002449674648232758,0.0006244616
MMM,2024-06-06,-0.006372797302901745,-0.008515666
MNST,2024-06-06,0.01638617366552353,0.008616435
MO,2024-06-06,0.009320614859461784,0.00042846557
MOH,2024-06-06,0.00462908111512661,0.022291487
MOS,2024-06-06,0.0005975457606837153,0.0044834977
MPC,2024-06-06,0.006499668583273888,0.010352821
MPWR,2024-06-06,0.0023202316369861364,0.0013191332
MRK,2024-06-06,0.010862980969250202,0.008231692
MRNA,2024-06-06,0.0015762940747663379,-0.0009691639
MS,2024-06-06,0.001841353951022029,0.0019637102
MSCI,2024-06-06,-0.010118046775460243,-0.010530201
MSFT,2024-06-06,-0.0010018517496064305,0.0012019792
MSI,2024-06-06,0.005373637657612562,-0.00048571694
MTB,2024-06-06,-0.007992485538125038,-0.005011177
MTCH,2024-06-06,0.03298097848892212,0.039273936
MTD,2024-06-06,-0.01252550259232521,-0.009688126
MU,2024-06-06,-0.012578652240335941,-0.027593458
NCLH,2024-06-06,-0.014360141009092331,-0.014749303
NDAQ,2024-06-06,-0.010748686268925667,-0.0075648692
NDSN,2024-06-06,-0.010855314321815968,-0.008484349
NEE,2024-06-06,0.00125752086751163,-0.004552847
NEM,2024-06-06,0.022756749764084816,0.03348351
NFLX,2024-06-06,0.003586455946788192,-0.0026948305
NI,2024-06-06,-0.008082169108092785,-0.0066351215
NKE,2024-06-06,0.025794824585318565,0.014733076
NOC,2024-06-06,0.0003470588126219809,0.005433025
NOW,2024-06-06,-0.001102732727304101,-0.0013501209
NRG,2024-06-06,-0.03432383015751839,-0.046655558
NSC,2024-06-06,0.004134156741201878,0.0062499205
NTAP,2024-06-06,-0.0016280097188428044,-0.006482556
NTRS,2024-06-06,0.0017283315537497401,-0.001087004
NUE,2024-06-06,0.005176674108952284,0.010152607
NVDA,2024-06-06,-0.021105119958519936,-0.011846568
NVR,2024-06-06,-0.00798021536320448,-0.007034012
NWS,2024-06-06,6.732414476573467e-05,-0.006688882
NWSA,2024-06-06,-0.0013330703368410468,-0.0064747576
NXPI,2024-06-06,-0.009517795406281948,-0.013473784
O,2024-06-06,0.004911964759230614,0.004247903
ODFL,2024-06-06,-0.03891927748918533,-0.033908185
OKE,2024-06-06,-0.006191226653754711,-0.0026564023
OMC,2024-06-06,-0.009865079075098038,-0.0038402819
ON,2024-06-06,-0.014153119176626205,-0.028431606
ORCL,2024-06-06,0.00696709705516696,0.0070694555
ORLY,2024-06-06,0.015814313665032387,0.0056754504
OXY,2024-06-06,-2.6327092200517654e-05,0.0040026344
PANW,2024-06-06,0.001099999062716961,0.0017586951
PARA,2024-06-06,-0.00554982665926218,-0.009147438
PAYC,2024-06-06,-0.004940616432577372,0.0064232154
PAYX,2024-06-06,0.0017538274405524135,0.0015607794
PCAR,2024-06-06,-0.00706655066460371,-0.008306204
PCG,2024-06-06,-0.0008422667742706835,-0.00054899015
PEG,2024-06-06,-0.004320009611546993,-0.0056262044
PEP,2024-06-06,-0.0028163299430161715,-0.0016730692
PFE,2024-06-06,-0.01650126837193966,-0.025702653
PFG,2024-06-06,0.003253520932048559,-0.003395581
PG,2024-06-06,0.023348214104771614,0.014467626
PGR,2024-06-06,0.006699040532112122,0.0027242645
PH,2024-06-06,-0.010682732798159122,-0.015368655
PHM,2024-06-06,-0.0085862185806036,-0.009388658
PKG,2024-06-06,0.006166649516671896,0.002022839
PLD,2024-06-06,0.013761082664132118,0.011611094
PM,2024-06-06,0.0015000258572399616,0.0016320717
PNC,2024-06-06,0.002810356905683875,0.0023903819
PNR,2024-06-06,-0.01710144802927971,-0.024205327
PNW,2024-06-06,-0.007439452223479748,-0.0078072753
PODD,2024-06-06,0.020371146500110626,0.02493697
POOL,2024-06-06,-0.025719018653035164,-0.025657978
PPG,2024-06-06,-0.016179563477635384,-0.019632077
PPL,2024-06-06,-0.005931363441050053,-0.008327418
PRU,2024-06-06,-0.006332149263471365,-0.0044266973
PSA,2024-06-06,-0.0014448099536821246,-0.0036149158
PSX,2024-06-06,0.012695029377937317,0.007107449
PTC,2024-06-06,0.012132227420806885,0.013956369
PWR,2024-06-06,-0.014637382701039314,-0.03183958
PYPL,2024-06-06,0.06846097111701965,0.053427868
QCOM,2024-06-06,-0.0034121698699891567,-0.011676579
RCL,2024-06-06,-0.004488791339099407,-0.011450974
REG,2024-06-06,0.011455635540187359,0.0035847316
REGN,2024-06-06,-0.001648884848691523,-0.005063114
RF,2024-06-06,-0.008047733455896378,-0.004816752
RJF,2024-06-06,-0.005653236992657185,-0.00481238
RL,2024-06-06,-0.007660118397325277,-0.013263907
RMD,2024-06-06,-0.010609535500407219,-0.007909456
ROK,2024-06-06,-0.009687140583992004,-0.016626772
ROL,2024-06-06,0.0017943306593224406,-0.0008434631
ROP,2024-06-06,0.008218458853662014,0.0062699406
ROST,2024-06-06,0.0003717602521646768,-0.0013173543
RSG,2024-06-06,-0.006426278036087751,-0.0053313477
RTX,2024-06-06,0.001818631193600595,-0.0024004711
RVTY,2024-06-06,0.011808007955551147,0.010503102
SBAC,2024-06-06,-0.012092621996998787,-0.007749972
SBUX,2024-06-06,0.006647949572652578,0.0038122903
SCHW,2024-06-06,-0.0027339798398315907,-0.001883728
SHW,2024-06-06,-0.009664174169301987,-0.013620512
SJM,2024-06-06,0.04620574414730072,0.04463878
SLB,2024-06-06,0.006780482828617096,0.010591444
SMCI,2024-06-06,-0.039601631462574005,-0.031123005
SNA,2024-06-06,-0.008515792898833752,-0.008130074
SNPS,2024-06-06,-0.014330295845866203,-0.024592083
SO,2024-06-06,-0.007913881912827492,-0.009742289
SPG,2024-06-06,0.0012389941839501262,0.002148342
SPGI,2024-06-06,-0.0036035415250808,-0.0037431177
SRE,2024-06-06,-0.0060787806287407875,-0.0064274273
STE,2024-06-06,0.0030611867550760508,0.0024761222
STLD,2024-06-06,0.0007940018549561501,0.0093145
STT,2024-06-06,0.0009521546307951212,0.00013433985
STX,2024-06-06,-0.0027258177287876606,-0.0062303306
STZ,2024-06-06,0.002388095948845148,0.00031990657
SWK,2024-06-06,-0.009230289608240128,-0.011077106
SWKS,2024-06-06,-0.005999394692480564,-0.0060868813
SYF,2024-06-06,0.005546072963625193,0.006056335
SYK,2024-06-06,0.017689384520053864,0.010465357
SYY,2024-06-06,0.012823447585105896,0.0057971743
T,2024-06-06,-0.0019602978136390448,-0.001093508
TAP,2024-06-06,0.0045149135403335094,0.0068337657
TDG,2024-06-06,-0.011621752753853798,-0.020502506
TDY,2024-06-06,-0.004832851234823465,-0.0050761136
TECH,2024-06-06,-0.004109426401555538,-0.0054398114
TEL,2024-06-06,-0.004717023577541113,-0.004410054
TER,2024-06-06,-0.002725661499425769,-0.014966984
TFC,2024-06-06,-0.010481355711817741,-0.0057496266
TGT,2024-06-06,-0.007368923630565405,-0.01517981
TJX,2024-06-06,-0.00450315373018384,-0.008010326
TKO,2024-06-06,0.01749984174966812,0.0094626965
TMO,2024-06-06,0.005511405412107706,0.007895287
TMUS,2024-06-06,-0.002071678638458252,-0.0027775487
TPL,2024-06-06,-0.005955802742391825,-0.00045548318
TPR,2024-06-06,0.0069711944088339806,0.0011487554
TRGP,2024-06-06,0.0020123536232858896,-0.0017783333
TRMB,2024-06-06,0.017433246597647667,0.020541463
TROW,2024-06-06,-0.004634110722690821,-0.0054055927
TRV,2024-06-06,0.006100228521972895,0.006218291
TSCO,2024-06-06,-0.001345197786577046,-0.0022587003
TSLA,2024-06-06,0.026320522651076317,0.016658945
TSN,2024-06-06,-0.0011953274952247739,-0.00017733955
TT,2024-06-06,-0.015242149122059345,-0.014928089
TTWO,2024-06-06,0.00035820042830891907,-0.010567062
TXN,2024-06-06,0.004107956774532795,0.00081553555
TXT,2024-06-06,-0.013643821701407433,-0.008587379
TYL,2024-06-06,-0.00607581902295351,-0.004993446
UAL,2024-06-06,0.018123459070920944,0.007343784
UBER,2024-06-06,0.04216494783759117,0.045700587
UDR,2024-06-06,-3.606168320402503e-05,-0.004032245
UHS,2024-06-06,0.0024466810282319784,-0.00068634446
ULTA,2024-06-06,-0.009330686181783676,-0.0059063984
UNH,2024-06-06,-0.0054625943303108215,-0.0023879244
UNP,2024-06-06,-0.007862270809710026,0.003949679
UPS,2024-06-06,0.0008697508019395173,-7.2899136e-05
URI,2024-06-06,-0.011795582249760628,-0.016280392
USB,2024-06-06,-0.0018721251981332898,-0.0015365347
V,2024-06-06,0.015395709313452244,0.009210453
VICI,2024-06-06,0.005127776879817247,0.002112061
VLO,2024-06-06,0.007238414138555527,0.011167882
VMC,2024-06-06,-0.012887523509562016,-0.0104046315
VRSK,2024-06-06,-0.0008281193440780044,-0.0049108453
VRSN,2024-06-06,0.003535693511366844,-0.0026586733
VRTX,2024-06-06,0.0060950652696192265,0.0051415623
VST,2024-06-06,-0.03819899633526802,-0.06433352
VTR,2024-06-06,0.004458127077668905,0.0014054421
VTRS,2024-06-06,-9.14416741579771e-05,-0.0066953623
VZ,2024-06-06,0.0005298566538840532,-0.0004836298
WAB,2024-06-06,-0.012310164980590343,-0.010432876
WAT,2024-06-06,-0.010927530005574226,-0.021848882
WBA,2024-06-06,0.0037892439868301153,-0.0050314846
WBD,2024-06-06,0.013930232264101505,0.0048076613
WDAY,2024-06-06,-0.007811485789716244,0.011651151
WDC,2024-06-06,-0.01201972458511591,-0.021686554
WEC,2024-06-06,0.004481281619518995,-0.00805695
WELL,2024-06-06,-0.0010092096636071801,-0.0034342166
WFC,2024-06-06,-0.017773985862731934,-0.016320549
WM,2024-06-06,-0.009682178497314453,-0.0068896688
WMB,2024-06-06,0.0017451223684474826,-0.0038554796
WMT,2024-06-06,-0.0018654268933460116,0.0008941464
WRB,2024-06-06,-0.0004780657181981951,-0.0028849016
WSM,2024-06-06,0.0020724781788885593,-0.0051802364
WST,2024-06-06,-0.011488279327750206,-0.007868547
WTW,2024-06-06,0.0060483054257929325,0.0035818808
WY,2024-06-06,0.0169207863509655,0.010470901
WYNN,2024-06-06,-0.009926088154315948,-0.0094703
XEL,2024-06-06,-0.007542286533862352,-0.0061830115
XOM,2024-06-06,0.007924211211502552,0.007485889
XYL,2024-06-06,-0.015719560906291008,-0.020248031
YUM,2024-06-06,0.008866495452821255,0.0021325212
ZBH,2024-06-06,0.005029365420341492,0.006459813
ZBRA,2024-06-06,0.012187200598418713,-3.2544667e-05
ZTS,2024-06-06,0.005388112273067236,0.0054452363
A,2024-06-07,-0.006920685525983572,0.0012037653
AAPL,2024-06-07,0.01678161695599556,0.01231515
ABBV,2024-06-07,0.008962408639490604,0.0050296024
ABT,2024-06-07,0.028368130326271057,0.031240985
ACGL,2024-06-07,0.004568152595311403,0.0048841783
ACN,2024-06-07,-0.013208855874836445,-0.011514032
ADBE,2024-06-07,0.014088409952819347,0.015807413
ADI,2024-06-07,0.001802006270736456,-0.011181906
ADM,2024-06-07,0.00011032721522497013,0.0016334999
ADP,2024-06-07,0.014765702188014984,0.017388519
ADSK,2024-06-07,0.001447450602427125,0.0008335213
AEE,2024-06-07,-0.016018521040678024,-0.014387895
AEP,2024-06-07,-0.004343471489846706,-0.0045196167
AES,2024-06-07,-0.015338013879954815,-0.024356324
AFL,2024-06-07,0.009128225035965443,0.0049678055
AIG,2024-06-07,0.004759959410876036,0.0052754465
AIZ,2024-06-07,0.006701755337417126,0.0047416985
AJG,2024-06-07,0.010721433907747269,0.009869502
AKAM,2024-06-07,-0.01102362759411335,-0.00937476
ALB,2024-06-07,-0.027227897197008133,-0.02779148
ALGN,2024-06-07,0.000608614063821733,-0.007485241
ALL,2024-06-07,0.015291201882064342,0.011822435
ALLE,2024-06-07,-0.00011127354082418606,-0.005033042
AMAT,2024-06-07,0.0012067847419530153,-9.0185895e-05
AMCR,2024-06-07,-0.01736108772456646,-0.014872805
AMD,2024-06-07,0.01586315408349037,0.006514174
AME,2024-06-07,0.01186960469931364,0.0077356175
AMGN,2024-06-07,-0.00531010190024972,-0.0021942437
AMP,2024-06-07,-0.00028606707928702235,0.002628677
AMT,2024-06-07,-0.01462701614946127,-0.026560405
AMZN,2024-06-07,-8.768849511398003e-05,-0.0037909208
ANET,2024-06-07,0.00031820632284507155,0.00074156426
ANSS,2024-06-07,-0.006154955364763737,-0.0013251131
AON,2024-06-07,-0.006516571622341871,-0.009106118
AOS,2024-06-07,0.008247392252087593,0.002469701
APA,2024-06-07,-0.01970299892127514,-0.013084866
APD,2024-06-07,0.030712831765413284,0.03570999
APH,2024-06-07,-0.0046671596355736256,-0.0016827412
APO,2024-06-07,-0.00658834632486105,-0.0054141623
APTV,2024-06-07,0.0007560467929579318,0.001474841
ARE,2024-06-07,-0.01773734577000141,-0.01662956
ATO,2024-06-07,-0.009731331840157509,-0.005820246
AVB,2024-06-07,-0.004830923862755299,-0.0053604697
AVGO,2024-06-07,0.008308719843626022,0.0038248783
AVY,2024-06-07,-0.0034032140392810106,-0.0027801786
AWK,2024-06-07,-0.016719579696655273,-0.018308828
AXON,2024-06-07,0.00804203376173973,0.004824389
AXP,2024-06-07,-5.660793249262497e-05,-0.0029183766
AZO,2024-06-07,0.023594338446855545,0.012940109
BA,2024-06-07,3.637251938926056e-05,-0.0061834315
BAC,2024-06-07,0.011892483569681644,0.008076451
BALL,2024-06-07,-0.020056474953889847,-0.01909282
BAX,2024-06-07,-0.007063642144203186,-0.0048133982
BBY,2024-06-07,0.0016584567492827773,-0.0027260883
BDX,2024-06-07,0.008947196416556835,0.0019135014
BEN,2024-06-07,-0.0066525074653327465,-0.014312872
BG,2024-06-07,-0.000521946931257844,-0.009462178
BK,2024-06-07,0.013294526375830173,0.0066543855
BKNG,2024-06-07,0.0015668990090489388,0.003094163
BKR,2024-06-07,-0.0038816870655864477,-0.0034706409
BLDR,2024-06-07,0.005590338259935379,0.004384757
BLK,2024-06-07,-0.005170110147446394,-0.006147269
BMY,2024-06-07,0.011841945350170135,0.014569469
BR,2024-06-07,0.001835936913266778,0.0017182345
BRO,2024-06-07,0.013461615890264511,0.008342107
BSX,2024-06-07,0.016599120572209358,0.012921167
BX,2024-06-07,-0.006340914871543646,-0.013091025
BXP,2024-06-07,-0.01920577883720398,-0.02614266
C,2024-06-07,0.0007680542767047882,-0.0025864823
CAG,2024-06-07,0.007445841562002897,0.006074937
CAH,2024-06-07,-0.0012178061297163367,-0.0029395984
CAT,2024-06-07,0.007165560033172369,0.0019779871
CB,2024-06-07,0.017561478540301323,0.013069994
CBOE,2024-06-07,-0.004976863041520119,-0.0076150154
CBRE,2024-06-07,-0.004975382704287767,-0.004311638
CCL,2024-06-07,0.010506097227334976,0.0048018484
CDNS,2024-06-07,-0.006183570716530085,-0.0044732755
CDW,2024-06-07,0.02044304460287094,0.010895328
CF,2024-06-07,0.010141381993889809,0.0072179907
CFG,2024-06-07,0.010195200331509113,0.002638783
CHD,2024-06-07,-0.009742552414536476,-0.004923484
CHRW,2024-06-07,0.0018159693572670221,-0.0027553146
CHTR,2024-06-07,-0.007805167231708765,-0.009097397
CI,2024-06-07,0.0010596879292279482,0.0005621521
CINF,2024-06-07,0.013882920145988464,0.00918199
CL,2024-06-07,0.0004942527739331126,-0.0009581264
CLX,2024-06-07,0.009677656926214695,0.0039938483
CMCSA,2024-06-07,-0.006666901521384716,-0.0028193886
CME,2024-06-07,-0.005624947138130665,-0.004903598
CMG,2024-06-07,-0.019975503906607628,-0.013364703
CMI,2024-06-07,-0.007995416410267353,-0.008606437
CMS,2024-06-07,-0.017992820590734482,-0.011967791
CNC,2024-06-07,0.011810672469437122,-0.00898385
CNP,2024-06-07,-0.0053407857194542885,-0.002648155
COF,2024-06-07,0.026698626577854156,0.024835872
COO,2024-06-07,-0.007543935440480709,-0.009175588
COP,2024-06-07,-0.0007505007670260966,-0.0017840655
COR,2024-06-07,0.005226909648627043,-0.0050832424
COST,2024-06-07,0.01199191715568304,0.003482931
CPAY,2024-06-07,0.0022735740058124065,-0.009567293
CPB,2024-06-07,-0.018267018720507622,-0.015510206
CPRT,2024-06-07,0.0073898895643651485,0.005408839
CPT,2024-06-07,-0.0020953468047082424,-0.0027144337
CRL,2024-06-07,-0.02721802517771721,-0.03129318
CRM,2024-06-07,-0.010729745030403137,-0.0037555618
CRWD,2024-06-07,0.02030137926340103,0.025024697
CSCO,2024-06-07,-0.006204723846167326,-0.008471605
CSGP,2024-06-07,-0.024702593684196472,-0.010961471
CSX,2024-06-07,-0.010275615379214287,-0.007301327
CTAS,2024-06-07,0.0011089209001511335,2.920585e-05
CTRA,2024-06-07,-0.006373703014105558,-0.002896498
CTSH,2024-06-07,-0.007290471810847521,-0.0055952766
CTVA,2024-06-07,-0.02633572928607464,-0.037456527
CVS,2024-06-07,0.0005637308349832892,0.01368906
CVX,2024-06-07,0.0005707949167117476,0.0009616753
CZR,2024-06-07,-0.014902445487678051,-0.0167731
D,2024-06-07,-0.02197529375553131,-0.016005151
DAL,2024-06-07,0.008201010525226593,0.0001982254
DAY,2024-06-07,0.014078507199883461,-0.0025196148
DD,2024-06-07,-0.003256402211263776,-0.0029950156
DE,2024-06-07,-5.014129419578239e-05,-0.007271669
DECK,2024-06-07,-0.0210176482796669,-0.020019451
DELL,2024-06-07,-0.018784906715154648,-0.03022847
DFS,2024-06-07,0.01656406745314598,0.017280411
DG,2024-06-07,-0.007158778142184019,-0.02279704
DGX,2024-06-07,0.0011501829139888287,-0.0021053615
DHI,2024-06-07,-0.021694159135222435,-0.024510153
DHR,2024-06-07,-0.015795238316059113,-0.018451996
DIS,2024-06-07,0.0003060635062865913,0.003255178
DLR,2024-06-07,-0.007090054452419281,-0.0052475207
DLTR,2024-06-07,-0.006056897342205048,-0.009657315
DOC,2024-06-07,-0.01681196503341198,-0.01236425
DOV,2024-06-07,-0.003987138159573078,-0.004560211
DOW,2024-06-07,0.0008974733646027744,0.0008974813
DPZ,2024-06-07,0.0037381285801529884,-0.0002726688
DRI,2024-06-07,-0.021876472979784012,-0.010513758
DTE,2024-06-07,-0.008542164228856564,-0.010713735
DUK,2024-06-07,-0.0014619408175349236,-0.0023360653
DVA,2024-06-07,-0.00111493025906384,-0.0045990115
DVN,2024-06-07,-0.0012679697247222066,0.0006413786
DXCM,2024-06-07,0.00969339907169342,0.0042407806
EA,2024-06-07,0.0004772557003889233,-0.0042300504
EBAY,2024-06-07,-0.0015488085336983204,-0.0058231833
ECL,2024-06-07,0.005118324421346188,-0.0055449903
ED,2024-06-07,-0.000542247318662703,-0.0030518107
EFX,2024-06-07,-0.018786514177918434,-0.024302978
EG,2024-06-07,0.006088392809033394,0.008262429
EIX,2024-06-07,-0.005778132006525993,-0.0070041213
EL,2024-06-07,-0.006198203191161156,-0.024916196
ELV,2024-06-07,-0.005776888225227594,-0.0038888676
EMN,2024-06-07,0.034058716148138046,0.022414062
EMR,2024-06-07,0.012219950556755066,0.018787893
ENPH,2024-06-07,-0.043269600719213486,-0.074782446
EOG,2024-06-07,-0.005598141346126795,-0.008450569
EPAM,2024-06-07,0.007372643798589706,0.010051129
EQIX,2024-06-07,-0.013806646689772606,-0.012451441
EQR,2024-06-07,0.0008624842739664018,-0.0030688501
EQT,2024-06-07,-0.00501801585778594,-0.002955739
ERIE,2024-06-07,-0.017031393945217133,-0.013116445
ES,2024-06-07,-0.005640786606818438,-0.0042585423
ESS,2024-06-07,-0.006070718634873629,-0.00093217386
ETN,2024-06-07,0.012081732973456383,0.0043610195
ETR,2024-06-07,-0.01695534773170948,-0.012641597
EVRG,2024-06-07,-0.014186954125761986,-0.008460847
EW,2024-06-07,0.0015955590642988682,0.00523252
EXC,2024-06-07,-0.009773573838174343,-0.009629934
EXPD,2024-06-07,-0.0003235792391933501,-0.00039841718
EXPE,2024-06-07,0.021891850978136063,0.022596497
EXR,2024-06-07,-0.006632756441831589,-0.0025625792
F,2024-06-07,0.012293827719986439,0.0066059534
FANG,2024-06-07,-0.00035464789834804833,-0.003881029
FAST,2024-06-07,-0.006311929784715176,-0.0018765022
FCX,2024-06-07,-0.02748565562069416,-0.039379843
FDS,2024-06-07,-0.011681858450174332,-0.00041469585
FDX,2024-06-07,-0.014143716543912888,-0.010200561
FE,2024-06-07,-0.008824971504509449,-0.0071867807
FFIV,2024-06-07,0.0008540762937627733,-0.0012071854
FI,2024-06-07,0.008209556341171265,0.0056957193
FICO,2024-06-07,-0.012533696368336678,-0.014816315
FIS,2024-06-07,0.012119751423597336,0.014815869
FITB,2024-06-07,0.000612441566772759,0.000553693
FOX,2024-06-07,-0.008291841484606266,-0.0065881433
FOXA,2024-06-07,-0.011707753874361515,-0.0070112636
FRT,2024-06-07,-0.020923493430018425,-0.010145049
FSLR,2024-06-07,0.000575815502088517,-0.022593739
FTNT,2024-06-07,-0.0006761305849067867,-0.00050217594
FTV,2024-06-07,0.00012527283979579806,-0.00684922
GD,2024-06-07,0.007951846346259117,0.002912678
GDDY,2024-06-07,0.011559924110770226,0.0050355326
GE,2024-06-07,0.009916644543409348,0.008060962
GEN,2024-06-07,-0.042639173567295074,-0.02870235
GILD,2024-06-07,0.009666108526289463,0.013223856
GIS,2024-06-07,0.008742502890527248,0.0010383694
GL,2024-06-07,0.00028563680825755,0.0011073174
GLW,2024-06-07,-0.00958187784999609,-0.012645882
GM,2024-06-07,0.01216758880764246,0.0050433604
GNRC,2024-06-07,-0.009030421264469624,-0.01279231
GOOG,2024-06-07,-0.016702814027667046,-0.013547235
GOOGL,2024-06-07,-0.014745169319212437,-0.012926745
GPC,2024-06-07,0.016636211425065994,0.010941426
GPN,2024-06-07,0.006996322423219681,-0.0005115386
GRMN,2024-06-07,-0.006170723587274551,-0.0039734794
GS,2024-06-07,-0.012909519486129284,-0.006987736
GWW,2024-06-07,0.016801802441477776,0.014926247
HAL,2024-06-07,0.008414553478360176,0.007658375
HAS,2024-06-07,0.00011934707436012104,0.0010271752
HBAN,2024-06-07,0.006770468782633543,0.001493648
HCA,2024-06-07,0.0014784043887630105,0.0018391355
HD,2024-06-07,-0.013844406232237816,-0.012367931
HES,2024-06-07,0.00015797576634213328,-0.0029777384
HIG,2024-06-07,0.014104258269071579,0.010866559
HII,2024-06-07,-0.01750594936311245,-0.0056818295
HLT,2024-06-07,0.00836812425404787,0.0050080153
HOLX,2024-06-07,-0.0073003643192350864,-0.0036170692
HON,2024-06-07,0.007798141799867153,0.0015818463
HPE,2024-06-07,0.02204899862408638,0.022208402
HPQ,2024-06-07,0.011269784532487392,0.007434895
HRL,2024-06-07,0.0011983284493908286,-0.00780217
HSIC,2024-06-07,0.0084243668243289,-0.0013127588
HST,2024-06-07,-0.00993826799094677,-0.009499722
HSY,2024-06-07,-0.004077456425875425,-0.006406132
HUBB,2024-06-07,-0.005713511258363724,0.0020201027
HUM,2024-06-07,-0.010528922080993652,-0.010264987
HWM,2024-06-07,0.0015677226474508643,0.006105979
IBM,2024-06-07,0.016552014276385307,0.010703126
ICE,2024-06-07,-0.010229706764221191,-0.007965867
IDXX,2024-06-07,0.0006886541959829628,-0.00066308293
IEX,2024-06-07,-0.0074318875558674335,-0.007946763
IFF,2024-06-07,0.00099524378310889,0.005906914
INCY,2024-06-07,0.028205275535583496,0.0127578415
INTC,2024-06-07,0.00970474537461996,0.01046406
INTU,2024-06-07,0.012077025137841702,0.002180459
INVH,2024-06-07,0.01120834331959486,0.004293602
IP,2024-06-07,0.012216043658554554,0.017401636
IPG,2024-06-07,5.884067650185898e-05,-0.00097608473
IQV,2024-06-07,0.0031120870262384415,-0.0057309233
IR,2024-06-07,0.009397716261446476,0.008450028
IRM,2024-06-07,0.008537561632692814,0.0073980964
ISRG,2024-06-07,0.012530539184808731,-0.0012922281
IT,2024-06-07,0.007474369835108519,0.005169313
ITW,2024-06-07,0.009766374714672565,-0.0022850453
IVZ,2024-06-07,-0.015664059668779373,-0.015185618
J,2024-06-07,0.01376779843121767,0.005480092
JBHT,2024-06-07,0.011696330271661282,0.0060194856
JBL,2024-06-07,-0.00012444081949070096,-0.0038562575
JCI,2024-06-07,0.005753220058977604,0.005303312
JKHY,2024-06-07,0.012429756112396717,0.0013967521
JNJ,2024-06-07,0.008392766118049622,0.0044975015
JNPR,2024-06-07,0.008608941920101643,0.0025348642
JPM,2024-06-07,0.016608120873570442,0.015319278
K,2024-06-07,-0.005734715610742569,-0.0076845037
KDP,2024-06-07,4.1757666622288525e-06,0.003471289
KEY,2024-06-07,0.002804491901770234,0.0
KEYS,2024-06-07,0.00021582673070952296,-0.0013980492
KHC,2024-06-07,-0.0071607171557843685,-0.0052203787
KIM,2024-06-07,-0.009107264690101147,-0.0116398595
KKR,2024-06-07,-0.014509444124996662,-0.0151906395
KLAC,2024-06-07,-0.009317577816545963,-0.013292049
KMB,2024-06-07,-0.000591290881857276,-0.009620185
KMI,2024-06-07,-0.008124429732561111,-0.009637035
KMX,2024-06-07,-0.006381137762218714,-0.012926806
KO,2024-06-07,-0.00776897557079792,-0.0037482032
KR,2024-06-07,4.756189446197823e-05,0.0005772831
L,2024-06-07,0.00789044238626957,0.0033277746
LDOS,2024-06-07,0.0027741147205233574,0.004220245
LEN,2024-06-07,-0.006756029091775417,-0.013541617
LH,2024-06-07,-0.005582342855632305,-0.009164159
LHX,2024-06-07,0.00019176508067175746,-0.0006306967
LII,2024-06-07,0.009382911957800388,0.011086312
LIN,2024-06-07,0.0009742843685671687,-0.00034582632
LKQ,2024-06-07,0.011519800871610641,0.0016596827
LLY,2024-06-07,0.010960308834910393,0.015052931
LMT,2024-06-07,0.01026658620685339,0.0032170357
LNT,2024-06-07,-0.006267074961215258,-0.008343045
LOW,2024-06-07,-0.010506841354072094,-0.008181509
LRCX,2024-06-07,0.001179073820821941,0.0005507144
LULU,2024-06-07,-0.0017700116150081158,-0.0161328
LUV,2024-06-07,-0.005530664697289467,-0.0035972092
LVS,2024-06-07,0.02290659211575985,0.030664936
LW,2024-06-07,-0.005072759464383125,-0.0024433706
LYB,2024-06-07,0.009848684072494507,0.00857271
LYV,2024-06-07,-0.025602305307984352,-0.018818775
MA,2024-06-07,0.008877485990524292,0.002471009
MAA,2024-06-07,-0.00677109370008111,-0.0031414346
MAR,2024-06-07,-0.006160291843116283,-0.004016087
MAS,2024-06-07,-0.019008321687579155,-0.016371489
MCD,2024-06-07,-0.01477910578250885,-0.017447874
MCHP,2024-06-07,-0.004467163234949112,-0.0054776263
MCK,2024-06-07,-0.006952900439500809,0.00134711
MCO,2024-06-07,-0.0023949642200022936,-0.007698618
MDLZ,2024-06-07,0.0004483199736569077,-0.0055882637
MDT,2024-06-07,0.01570994406938553,0.020789845
MET,2024-06-07,0.00027734338073059916,0.00014268333
META,2024-06-07,-0.0003832886286545545,-0.0016216054
MGM,2024-06-07,0.013681449927389622,0.014854268
MHK,2024-06-07,-0.006878289859741926,-0.022141999
MKC,2024-06-07,7.514092430938035e-06,-0.009288673
MKTX,2024-06-07,-0.02168240398168564,-0.035617504
MLM,2024-06-07,-0.004746383987367153,-0.00074426195
MMC,2024-06-07,0.01282037515193224,0.00827236
MMM,2024-06-07,0.02523454651236534,0.026517494
MNST,2024-06-07,0.013923370279371738,0.004565261
MO,2024-06-07,0.001680911984294653,0.00021431534
MOH,2024-06-07,-0.00034425785997882485,-0.0123277465
MOS,2024-06-07,-0.016895841807127,-0.027201071
MPC,2024-06-07,-0.0072480738162994385,-0.003591467
MPWR,2024-06-07,-0.0052953800186514854,-0.009230085
MRK,2024-06-07,0.007023508194833994,0.0011486363
MRNA,2024-06-07,-0.0011074850335717201,-0.024072476
MS,2024-06-07,0.0013650314649567008,0.002989816
MSCI,2024-06-07,-0.00048206772771663964,-0.0028432382
MSFT,2024-06-07,0.00046886017662473023,-0.0015793975
MSI,2024-06-07,0.007247322704643011,0.0015912488
MTB,2024-06-07,0.013453084975481033,0.010337722
MTCH,2024-06-07,-0.019479312002658844,-0.021011278
MTD,2024-06-07,-0.004852498881518841,0.00038235026
MU,2024-06-07,0.0022771533112972975,0.006666227
NCLH,2024-06-07,-0.00879480317234993,-0.02113218
NDAQ,2024-06-07,-0.005829688161611557,-0.008132656
NDSN,2024-06-07,-0.007961656898260117,-0.0015906208
NEE,2024-06-07,-0.018051644787192345,-0.017225366
NEM,2024-06-07,-0.028426943346858025,-0.05161889
NFLX,2024-06-07,-0.010398969054222107,-0.010930079
NI,2024-06-07,-0.006940566934645176,-0.009151588
NKE,2024-06-07,0.01579856686294079,0.008633572
NOC,2024-06-07,-0.017668817192316055,-0.0107136145
NOW,2024-06-07,-0.007009426131844521,-0.0062054414
NRG,2024-06-07,0.000716300040949136,0.00077062927
NSC,2024-06-07,0.0003913572581950575,-0.0028076135
NTAP,2024-06-07,0.00325123593211174,-0.0040419996
NTRS,2024-06-07,0.006791934836655855,0.0034085633
NUE,2024-06-07,-0.02043357864022255,-0.014428704
NVDA,2024-06-07,0.012244430370628834,-0.00090950326
NVR,2024-06-07,-0.006944640539586544,-0.0122940205
NWS,2024-06-07,-0.014114105142652988,-0.01853673
NWSA,2024-06-07,-0.016434097662568092,-0.018941855
NXPI,2024-06-07,0.0004065657558385283,-0.00044117164
O,2024-06-07,-0.016325823962688446,-0.017474009
ODFL,2024-06-07,-0.002881445223465562,-0.0077428245
OKE,2024-06-07,-0.0052044447511434555,-0.0038070153
OMC,2024-06-07,0.0019369454821571708,0.0014281789
ON,2024-06-07,-0.005269738379865885,-0.0019342497
ORCL,2024-06-07,0.016921566799283028,0.01940308
ORLY,2024-06-07,0.0010198303498327732,-0.003793733
OXY,2024-06-07,-0.006242257077246904,-0.010036503
PANW,2024-06-07,0.0124400295317173,0.01997022
PARA,2024-06-07,0.008695635013282299,0.0033360915
PAYC,2024-06-07,0.007811208255589008,0.0005505952
PAYX,2024-06-07,0.008547385223209858,0.0061372574
PCAR,2024-06-07,-0.007373683154582977,-0.013193012
PCG,2024-06-07,-0.013729018159210682,-0.0088250395
PEG,2024-06-07,-0.017254985868930817,-0.013085651
PEP,2024-06-07,-0.005797686520963907,-0.00469542
PFE,2024-06-07,-0.006283166818320751,-0.0076679867
PFG,2024-06-07,0.009867742657661438,-0.0013867085
PG,2024-06-07,-0.00836174562573433,-0.008404469
PGR,2024-06-07,-0.0007749471114948392,-0.0031005975
PH,2024-06-07,0.008866867981851101,0.0017842797
PHM,2024-06-07,-0.019721271470189095,-0.026098214
PKG,2024-06-07,0.008600079454481602,0.0026726674
PLD,2024-06-07,0.002171988831833005,0.0017256127
PM,2024-06-07,-0.005205673165619373,-0.0060619353
PNC,2024-06-07,0.010133425705134869,0.0058548898
PNR,2024-06-07,-0.006902514491230249,-0.010262638
PNW,2024-06-07,-0.016650399193167686,-0.011297565
PODD,2024-06-07,-0.004751657135784626,-0.0052104928
POOL,2024-06-07,-0.0059912074357271194,-0.017793372
PPG,2024-06-07,-0.0071152858436107635,-0.017062305
PPL,2024-06-07,-0.01384823676198721,-0.010155585
PRU,2024-06-07,0.013577996753156185,0.0053605824
PSA,2024-06-07,-0.008086888119578362,-0.008436624
PSX,2024-06-07,-0.007776299957185984,-0.00217029
PTC,2024-06-07,-0.000241464760620147,-0.00068759697
PWR,2024-06-07,0.002388698747381568,0.0076033673
PYPL,2024-06-07,0.00709950365126133,0.0041692005
QCOM,2024-06-07,-0.004214331973344088,-0.013555149
RCL,2024-06-07,0.008055382408201694,0.00012933371
REG,2024-06-07,5.888235318707302e-05,-0.0039112465
REGN,2024-06-07,0.008477206341922283,0.0021560742
RF,2024-06-07,0.0002548542688600719,-0.0021481889
RJF,2024-06-07,0.0006610195268876851,-0.0016649493
RL,2024-06-07,0.005889703053981066,-0.0011547311
RMD,2024-06-07,0.0003426155890338123,-0.0030771007
ROK,2024-06-07,0.010697426274418831,0.0025431875
ROL,2024-06-07,-0.014186049811542034,-0.017874714
ROP,2024-06-07,0.0016923719085752964,0.006646215
ROST,2024-06-07,0.0004528108111117035,0.00090141164
RSG,2024-06-07,0.0007918304763734341,-0.0006416709
RTX,2024-06-07,0.004278894979506731,-0.000647337
RVTY,2024-06-07,0.0016700132982805371,-0.0009011511
SBAC,2024-06-07,-0.021572714671492577,-0.01018593
SBUX,2024-06-07,-0.0007690018974244595,-0.0004911436
SCHW,2024-06-07,-2.2608837753068656e-05,-0.00431912
SHW,2024-06-07,-0.04298756644129753,-0.040620048
SJM,2024-06-07,0.0007962372619658709,-0.0033860714
SLB,2024-06-07,0.007994276471436024,0.020177063
SMCI,2024-06-07,0.00017247750656679273,-0.011389125
SNA,2024-06-07,0.009612014517188072,0.0042972816
SNPS,2024-06-07,-0.00027300516376271844,-0.0041909646
SO,2024-06-07,-0.012514302507042885,-0.009068047
SPG,2024-06-07,0.008606006391346455,6.580136e-05
SPGI,2024-06-07,-0.01586163230240345,-0.013712642
SRE,2024-06-07,-0.012089304625988007,-0.008722946
STE,2024-06-07,-0.01722315140068531,-0.015873704
STLD,2024-06-07,-0.019588300958275795,-0.02229215
STT,2024-06-07,0.008471298962831497,0.0034838812
STX,2024-06-07,0.007311108056455851,0.0011451832
STZ,2024-06-07,0.007574497722089291,0.0032731197
SWK,2024-06-07,-0.005689683835953474,-0.012412762
SWKS,2024-06-07,-0.011571213603019714,-0.009970707
SYF,2024-06-07,0.01489342749118805,0.0147525715
SYK,2024-06-07,0.00034269358729943633,-0.00085849623
SYY,2024-06-07,-0.0025774440728127956,0.0
T,2024-06-07,-0.014107368886470795,-0.009895164
TAP,2024-06-07,-0.015550008043646812,-0.009198865
TDG,2024-06-07,-0.018744179978966713,-0.018639741
TDY,2024-06-07,-0.0077034407295286655,-0.010075694
TECH,2024-06-07,-0.014993453398346901,-0.015338701
TEL,2024-06-07,0.00066395039903,-0.0010719674
TER,2024-06-07,-0.011651280336081982,-0.01639996
TFC,2024-06-07,0.007799434941262007,-0.006887928
TGT,2024-06-07,0.008746391162276268,0.0059768283
TJX,2024-06-07,0.008167874068021774,0.0047581894
TKO,2024-06-07,-0.006389663554728031,-0.004905814
TMO,2024-06-07,0.0009989888640120625,0.0021534571
TMUS,2024-06-07,-0.0013220275286585093,0.0002780766
TPL,2024-06-07,-0.01533691119402647,-0.018179942
TPR,2024-06-07,0.008964191190898418,0.004158042
TRGP,2024-06-07,-5.2454932301770896e-05,0.00025424108
TRMB,2024-06-07,-0.010933657176792622,-0.010491716
TROW,2024-06-07,-0.011137879453599453,-0.0058676074
TRV,2024-06-07,0.018946124240756035,0.015330546
TSCO,2024-06-07,0.001652281847782433,0.004327786
TSLA,2024-06-07,-0.00016147393034771085,-0.0025885142
TSN,2024-06-07,-0.005965988617390394,-0.009265695
TT,2024-06-07,0.007991035468876362,0.0044295
TTWO,2024-06-07,0.0019033878343179822,-0.0054471823
TXN,2024-06-07,-0.00010643694986356422,-0.0032153993
TXT,2024-06-07,0.0001809491659514606,-0.0023338548
TYL,2024-06-07,-0.00010224134166492149,0.0008719931
UAL,2024-06-07,-0.011336944997310638,-0.005644366
UBER,2024-06-07,0.006614282727241516,0.005932866
UDR,2024-06-07,0.007103368639945984,0.001766192
UHS,2024-06-07,-0.00374607159756124,-0.009605262
ULTA,2024-06-07,-0.004026296082884073,-0.0059153917
UNH,2024-06-07,-0.026254139840602875,-0.022624329
UNP,2024-06-07,-0.005118540022522211,-0.0014902116
UPS,2024-06-07,0.010646916925907135,0.0005815721
URI,2024-06-07,0.017124539241194725,0.0202191
USB,2024-06-07,0.0037649301812052727,0.0
V,2024-06-07,0.01020827330648899,0.0058662663
VICI,2024-06-07,0.008336644619703293,-0.0024644032
VLO,2024-06-07,-0.006427480839192867,-0.0086395
VMC,2024-06-07,-0.0071974750608205795,-0.003990534
VRSK,2024-06-07,0.01890084333717823,0.015266108
VRSN,2024-06-07,-0.005979165434837341,0.00088700023
VRTX,2024-06-07,0.001592904096469283,-0.005141534
VST,2024-06-07,0.0011770633282139897,-0.013890704
VTR,2024-06-07,0.0010075537720695138,-0.0026118204
VTRS,2024-06-07,0.009665166959166527,0.0047870185
VZ,2024-06-07,-0.012753091752529144,-0.00948089
WAB,2024-06-07,-0.0057093193754553795,-0.0050737774
WAT,2024-06-07,0.007406635209918022,0.0051108454
WBA,2024-06-07,0.008190304972231388,-0.0012617909
WBD,2024-06-07,-0.008959367871284485,-0.008428451
WDAY,2024-06-07,0.01916825957596302,0.0028338695
WDC,2024-06-07,-0.005542496684938669,-0.0035945177
WEC,2024-06-07,-0.010907573625445366,-0.006242146
WELL,2024-06-07,-0.006614819169044495,-0.008058933
WFC,2024-06-07,0.015325430780649185,0.010853353
WM,2024-06-07,-0.012190161272883415,-0.005965636
WMB,2024-06-07,-0.005247478373348713,-0.006001552
WMT,2024-06-07,-0.022802583873271942,-0.019091848
WRB,2024-06-07,0.008753444999456406,0.007383779
WSM,2024-06-07,-0.010440053418278694,-0.0135470545
WST,2024-06-07,-0.0005869010929018259,-0.0016511579
WTW,2024-06-07,0.010628816671669483,0.0038038588
WY,2024-06-07,-0.010600082576274872,-0.013531228
WYNN,2024-06-07,0.013469799421727657,0.0071111186
XEL,2024-06-07,-0.00498834066092968,-0.0014603056
XOM,2024-06-07,-0.002618578262627125,-0.010761868
XYL,2024-06-07,0.0002688876702450216,0.0032825063
YUM,2024-06-07,-0.01820443570613861,-0.0061252597
ZBH,2024-06-07,0.00817213486880064,-0.00026473927
ZBRA,2024-06-07,-0.01393649261444807,-0.02189376
ZTS,2024-06-07,0.000981731223873794,0.00079159375
