epoch,loss
0,9.739255475897557e+27
1,9.73925348196126e+27
2,9.73925358058503e+27
3,9.73925352235119e+27
4,9.739253384422594e+27
5,9.739253384302027e+27
6,9.739253482684662e+27
7,9.73925347605348e+27
8,9.739253406848047e+27
9,9.739253246735131e+27
