code,dt,score,label
000001SZ,2025-02-06,-0.03125521168112755,-0.0008799129
000002SZ,2025-02-06,-0.023635616526007652,0.007147928
000157SZ,2025-02-06,-0.03386347368359566,-0.0014337433
000166SZ,2025-02-06,-0.017068587243556976,0.0059463745
000333SZ,2025-02-06,-0.0075877346098423,0.0008305436
000338SZ,2025-02-06,-0.01785500906407833,0.0035727348
000538SZ,2025-02-06,-0.018835758790373802,0.002435334
000568SZ,2025-02-06,-0.020230727270245552,0.0038586033
000596SZ,2025-02-06,-0.033980511128902435,-0.015630048
000617SZ,2025-02-06,0.0036443511489778757,0.019800022
000625SZ,2025-02-06,0.06280283629894257,0.036351595
000651SZ,2025-02-06,-0.021339882165193558,-0.004344382
000661SZ,2025-02-06,0.022924130782485008,0.021233574
000708SZ,2025-02-06,-0.018244588747620583,-0.0017452543
000725SZ,2025-02-06,0.007233741693198681,0.006629755
000768SZ,2025-02-06,-0.0001624466385692358,0.02551106
000776SZ,2025-02-06,0.0117265610024333,0.009642982
000786SZ,2025-02-06,-0.03753635659813881,-0.023930548
000800SZ,2025-02-06,0.012460149824619293,0.017564531
000807SZ,2025-02-06,-0.011580636724829674,-0.007948445
000858SZ,2025-02-06,-0.010168755427002907,0.0070940745
000876SZ,2025-02-06,-0.02781405858695507,0.002331037
000895SZ,2025-02-06,-0.04455294832587242,-0.027478114
000938SZ,2025-02-06,0.04206196963787079,0.045134585
000963SZ,2025-02-06,0.012954553589224815,-0.0028603335
000999SZ,2025-02-06,-0.01921490579843521,-0.006794911
001965SZ,2025-02-06,-0.007700391113758087,0.0008067212
002001SZ,2025-02-06,0.0024433054495602846,0.0022426674
002007SZ,2025-02-06,-0.011106779798865318,-0.004895931
002027SZ,2025-02-06,-0.03740502893924713,-0.016652824
002028SZ,2025-02-06,0.0138718755915761,0.017435247
002050SZ,2025-02-06,0.042795322835445404,0.07836852
002129SZ,2025-02-06,0.023497018963098526,0.03012066
002179SZ,2025-02-06,-0.00993356667459011,0.013843882
002230SZ,2025-02-06,-0.015445339493453503,0.003118406
002236SZ,2025-02-06,0.04589172825217247,0.02328922
002241SZ,2025-02-06,0.08177977800369263,0.058311373
002271SZ,2025-02-06,-0.03072173334658146,0.0
002304SZ,2025-02-06,-0.01816057413816452,0.0036240474
002311SZ,2025-02-06,-0.025194929912686348,-0.004089996
002371SZ,2025-02-06,0.05931032449007034,0.08414984
002415SZ,2025-02-06,0.036479514092206955,0.012257342
002422SZ,2025-02-06,-0.020266367122530937,0.007596151
002459SZ,2025-02-06,0.022300509735941887,0.039169908
002460SZ,2025-02-06,0.051226016134023666,0.04903931
002463SZ,2025-02-06,-0.018720263615250587,0.015371507
002466SZ,2025-02-06,0.0211715716868639,0.026996018
002475SZ,2025-02-06,0.033031340688467026,0.028287157
002493SZ,2025-02-06,-0.02705533802509308,-0.0045146467
002555SZ,2025-02-06,0.06552968919277191,0.027603164
002594SZ,2025-02-06,0.07252512872219086,0.09502265
002601SZ,2025-02-06,-0.0033559282310307026,-0.0028065974
002648SZ,2025-02-06,-0.004169177729636431,0.0015072175
002709SZ,2025-02-06,0.0498032309114933,0.04294482
002714SZ,2025-02-06,-0.02894645184278488,-0.0005433246
002916SZ,2025-02-06,0.001257572090253234,0.017078806
002920SZ,2025-02-06,0.06855273246765137,0.09503844
002938SZ,2025-02-06,0.0030124832410365343,0.0030104963
003816SZ,2025-02-06,-0.00722199073061347,0.01086927
300014SZ,2025-02-06,0.03030437044799328,0.04585479
300033SZ,2025-02-06,0.03945807367563248,0.06294369
300059SZ,2025-02-06,0.028709953650832176,0.029984744
300122SZ,2025-02-06,0.012492598965764046,0.014710997
300124SZ,2025-02-06,0.05502620339393616,0.09502275
300274SZ,2025-02-06,-0.015846306458115578,0.009838106
300308SZ,2025-02-06,-0.0037666885182261467,0.0275983
300316SZ,2025-02-06,0.030518680810928345,0.043541107
300347SZ,2025-02-06,0.01016625389456749,0.015229488
300394SZ,2025-02-06,0.00975271686911583,0.025911508
300408SZ,2025-02-06,0.023808998987078667,0.026125656
300413SZ,2025-02-06,-0.00012457231059670448,0.010905585
300418SZ,2025-02-06,0.04096836969256401,-0.016451204
300433SZ,2025-02-06,0.02039145678281784,0.054484293
300450SZ,2025-02-06,0.038296621292829514,0.049547896
300498SZ,2025-02-06,-0.017308831214904785,0.0018571028
300502SZ,2025-02-06,0.028347928076982498,0.03957143
300628SZ,2025-02-06,-0.002951731439679861,0.00904958
300661SZ,2025-02-06,0.04631542041897774,0.047924813
300750SZ,2025-02-06,-0.030703643336892128,0.0038795026
300759SZ,2025-02-06,0.032813481986522675,0.03046175
300760SZ,2025-02-06,0.0030973961111158133,0.013422147
300782SZ,2025-02-06,0.044923145323991776,0.047825273
600000SS,2025-02-06,-0.006325584836304188,0.0019194505
600010SS,2025-02-06,0.03267300873994827,0.032600097
600011SS,2025-02-06,-0.02787850983440876,-0.009216369
600015SS,2025-02-06,-0.03670079633593559,-0.0040567215
600016SS,2025-02-06,-0.0015169396065175533,0.0
600018SS,2025-02-06,-0.022583231329917908,0.007017493
600019SS,2025-02-06,-0.030913112685084343,-0.0029806078
600023SS,2025-02-06,-0.015179606154561043,0.007547055
600025SS,2025-02-06,-0.02326362021267414,0.004454304
600026SS,2025-02-06,-0.021075522527098656,-0.011768897
600028SS,2025-02-06,-0.01574360951781273,0.0115603125
600029SS,2025-02-06,-0.018968475982546806,0.0017080001
600031SS,2025-02-06,-0.014301248826086521,-0.0031675638
600036SS,2025-02-06,-0.0048037003725767136,0.0049874955
600048SS,2025-02-06,-0.007237417157739401,0.0072639077
600050SS,2025-02-06,0.05189615860581398,0.027662722
600061SS,2025-02-06,0.03264659643173218,0.01680556
600085SS,2025-02-06,0.015913520008325577,0.024883633
600089SS,2025-02-06,-0.017744045704603195,0.004991647
600104SS,2025-02-06,-0.02983119897544384,-0.0041139955
600111SS,2025-02-06,0.08227624744176865,0.079342015
600115SS,2025-02-06,-0.02942679636180401,-0.005304982
600161SS,2025-02-06,0.009452201426029205,-0.009926524
600183SS,2025-02-06,0.011910480447113514,0.03188924
600188SS,2025-02-06,-0.03172183036804199,-0.003009782
600196SS,2025-02-06,0.009264175780117512,0.014899828
600219SS,2025-02-06,-0.011863231658935547,-0.004987516
600233SS,2025-02-06,-0.01402660645544529,0.0059214896
600276SS,2025-02-06,-0.01686350256204605,0.007921186
600309SS,2025-02-06,-0.04074559360742569,-0.009046936
600332SS,2025-02-06,-0.018428094685077667,0.0036968547
600346SS,2025-02-06,-0.029746035113930702,-0.0060220594
600362SS,2025-02-06,0.021670499816536903,0.013707635
600377SS,2025-02-06,-0.011403954587876797,-0.0007010173
600406SS,2025-02-06,-0.01771884597837925,0.006962449
600415SS,2025-02-06,-0.0281402338296175,-0.0054665394
600426SS,2025-02-06,-0.037278953939676285,-0.01017166
600436SS,2025-02-06,0.011160971596837044,0.011761771
600438SS,2025-02-06,-0.010196353308856487,0.024000399
600489SS,2025-02-06,0.008594824932515621,-0.0058138906
600519SS,2025-02-06,-0.007354492321610451,0.006418833
600570SS,2025-02-06,0.05183577165007591,0.044135757
600585SS,2025-02-06,-0.0044788517989218235,0.0025253515
600588SS,2025-02-06,0.10483347624540329,0.036797374
600600SS,2025-02-06,-0.006534218322485685,0.009876584
600660SS,2025-02-06,-0.04459526389837265,-0.012716679
600674SS,2025-02-06,-0.01672232896089554,0.010886602
600741SS,2025-02-06,0.008188885636627674,0.025236372
600760SS,2025-02-06,0.011431842111051083,0.028764905
600795SS,2025-02-06,-0.021511133760213852,0.0072375177
600809SS,2025-02-06,-0.01616523042321205,0.009847903
600875SS,2025-02-06,-0.01345099601894617,0.009465648
600886SS,2025-02-06,-0.016331402584910393,0.002108968
600887SS,2025-02-06,-0.013081922195851803,0.0074210507
600926SS,2025-02-06,0.008577829226851463,0.012946698
600989SS,2025-02-06,-0.027135418727993965,-0.022806244
601006SS,2025-02-06,-0.00466161547228694,0.0076744626
601009SS,2025-02-06,-0.024484682828187943,-0.0018904163
601012SS,2025-02-06,0.02377256378531456,0.0229403
601021SS,2025-02-06,-0.017279591411352158,0.0048275916
601058SS,2025-02-06,-0.0016903250943869352,0.0027027463
601066SS,2025-02-06,0.0005067898309789598,0.017844588
601088SS,2025-02-06,-0.02603396214544773,0.00334322
601100SS,2025-02-06,0.02080175094306469,0.057567947
601117SS,2025-02-06,-0.018972674384713173,0.0067887753
601138SS,2025-02-06,-0.004328642971813679,0.023712011
601166SS,2025-02-06,0.0046325307339429855,0.0054496233
601169SS,2025-02-06,-0.024171169847249985,-0.001690682
601186SS,2025-02-06,-0.026201268658041954,0.00355658
601225SS,2025-02-06,-0.023556802421808243,-0.00047927655
601229SS,2025-02-06,-0.014942605048418045,-0.0010933887
601238SS,2025-02-06,0.038583774119615555,0.029141769
601288SS,2025-02-06,-0.03379754722118378,-0.0019822058
601318SS,2025-02-06,-0.008673194795846939,0.010602883
601319SS,2025-02-06,0.014209282584488392,0.0057719294
601328SS,2025-02-06,-0.03296097740530968,-0.0013956616
601336SS,2025-02-06,0.006226659752428532,0.016279707
601360SS,2025-02-06,0.07559637725353241,0.076296695
601390SS,2025-02-06,-0.015904637053608894,0.010256082
601398SS,2025-02-06,-0.024874042719602585,0.0
601600SS,2025-02-06,-0.025004692375659943,-0.024528284
601601SS,2025-02-06,-0.01706641912460327,0.008545527
601607SS,2025-02-06,-0.02773134410381317,-0.01612402
601618SS,2025-02-06,-0.009684287942945957,0.009692799
601628SS,2025-02-06,0.011686942540109158,0.015074533
601633SS,2025-02-06,0.016401968896389008,0.020541696
601658SS,2025-02-06,-0.03321186825633049,-0.0018958504
601668SS,2025-02-06,-0.029235780239105225,0.003623216
601669SS,2025-02-06,-0.009041276760399342,0.009930166
601688SS,2025-02-06,0.02758011221885681,0.009961677
601689SS,2025-02-06,0.030431073158979416,0.09496959
601698SS,2025-02-06,0.045146308839321136,0.060698453
601699SS,2025-02-06,-0.005293905735015869,0.014410768
601766SS,2025-02-06,-0.02182350866496563,0.0054421546
601788SS,2025-02-06,0.01632809080183506,0.016757043
601799SS,2025-02-06,0.021957067772746086,0.031212935
601800SS,2025-02-06,-0.023575138300657272,0.007514757
601808SS,2025-02-06,-0.009073256514966488,0.011735854
601816SS,2025-02-06,-0.024670692160725594,0.0
601818SS,2025-02-06,0.009108379483222961,-0.0026489918
601838SS,2025-02-06,-0.036828916519880295,-0.0107652405
601857SS,2025-02-06,-0.00018844986334443092,0.006116168
601865SS,2025-02-06,-0.00874314084649086,0.032208472
601872SS,2025-02-06,-0.02018909715116024,-0.031465717
601877SS,2025-02-06,-0.032881349325180054,-0.002779103
601878SS,2025-02-06,0.012254011817276478,0.014736952
601881SS,2025-02-06,0.02852027676999569,0.01200947
601888SS,2025-02-06,-0.018990209326148033,0.012048686
601899SS,2025-02-06,-0.019297465682029724,-0.009761788
601901SS,2025-02-06,0.020518207922577858,0.016506799
601919SS,2025-02-06,-0.021182551980018616,0.0042492086
601939SS,2025-02-06,-0.031246192753314972,-0.004784651
601985SS,2025-02-06,-0.016600793227553368,0.008230273
601988SS,2025-02-06,-0.0341537743806839,-0.0037665106
601998SS,2025-02-06,-0.012598749250173569,-0.0015279385
603019SS,2025-02-06,0.02160559967160225,0.012404741
603195SS,2025-02-06,0.01479294989258051,0.0024016795
603259SS,2025-02-06,0.047214146703481674,0.036115885
603260SS,2025-02-06,-0.008813525550067425,0.014756565
603288SS,2025-02-06,0.0002711669076234102,0.011778851
603369SS,2025-02-06,-0.024456921964883804,0.0029664019
603501SS,2025-02-06,0.020695341750979424,0.026407512
603659SS,2025-02-06,0.011024869978427887,0.025585033
603799SS,2025-02-06,0.01507097389549017,0.020355016
603806SS,2025-02-06,0.010274721309542656,0.015682587
603833SS,2025-02-06,-0.046702802181243896,-0.0345764
603986SS,2025-02-06,0.036186568439006805,0.038249597
603993SS,2025-02-06,0.008265785872936249,0.0013841335
688008SS,2025-02-06,0.04474826157093048,0.027423311
688009SS,2025-02-06,-0.015951532870531082,0.010471019
688012SS,2025-02-06,0.04165182262659073,0.05672186
688036SS,2025-02-06,0.01079957652837038,0.008243986
688111SS,2025-02-06,-0.0006960568716749549,-0.012499293
688169SS,2025-02-06,0.010823829099535942,0.04888961
688396SS,2025-02-06,0.04062587395310402,0.029811934
000001SZ,2025-02-07,0.004005128052085638,0.001759052
000002SZ,2025-02-07,0.056126419454813004,0.055359144
000157SZ,2025-02-07,0.008794255554676056,0.011411962
000166SZ,2025-02-07,0.016723647713661194,0.017628463
000333SZ,2025-02-07,0.017374012619256973,0.016058307
000338SZ,2025-02-07,0.006150207947939634,0.0063986974
000538SZ,2025-02-07,-0.01331514772027731,-0.001042969
000568SZ,2025-02-07,0.016685953363776207,0.010881062
000596SZ,2025-02-07,-0.013090302236378193,0.009062338
000617SZ,2025-02-07,0.011197592131793499,0.017935775
000625SZ,2025-02-07,0.03059767745435238,0.028458627
000651SZ,2025-02-07,0.01488492265343666,0.010938598
000661SZ,2025-02-07,0.016289835795760155,0.0138759725
000708SZ,2025-02-07,0.016102924942970276,0.023302838
000725SZ,2025-02-07,-0.013445757329463959,0.0
000768SZ,2025-02-07,0.0017529083415865898,0.0019361075
000776SZ,2025-02-07,0.018290875479578972,0.017753858
000786SZ,2025-02-07,-0.011768314987421036,0.00510456
000800SZ,2025-02-07,-0.001704008667729795,0.006199573
000807SZ,2025-02-07,0.03184223175048828,0.04028434
000858SZ,2025-02-07,0.014127860777080059,0.0136466175
000876SZ,2025-02-07,0.017435189336538315,0.011573627
000895SZ,2025-02-07,0.007035163231194019,0.007930057
000938SZ,2025-02-07,0.03689197078347206,0.030187225
000963SZ,2025-02-07,-0.01416949275881052,-0.000573084
000999SZ,2025-02-07,0.019546348601579666,0.017570153
001965SZ,2025-02-07,-0.01367323100566864,-0.0048503513
002001SZ,2025-02-07,-0.012853644788265228,0.0022376718
002007SZ,2025-02-07,0.0015384663129225373,-0.0006135795
002027SZ,2025-02-07,0.004464903846383095,0.003048765
002028SZ,2025-02-07,-0.014128669165074825,0.007325916
002050SZ,2025-02-07,0.011881177313625813,0.0028351771
002129SZ,2025-02-07,0.030882300809025764,0.038060088
002179SZ,2025-02-07,0.013992194086313248,0.017818248
002230SZ,2025-02-07,-0.0167537909001112,-0.00550957
002236SZ,2025-02-07,0.0253184512257576,0.014209975
002241SZ,2025-02-07,-0.01792624406516552,-0.00067936594
002271SZ,2025-02-07,0.043408866971731186,0.025478775
002304SZ,2025-02-07,0.01094697043299675,0.0061822766
002311SZ,2025-02-07,-0.015767669305205345,-0.015486966
002371SZ,2025-02-07,-0.013306153938174248,-0.009085368
002415SZ,2025-02-07,0.032268740236759186,0.016651796
002422SZ,2025-02-07,0.008668173104524612,0.003956091
002459SZ,2025-02-07,0.047144245356321335,0.05526413
002460SZ,2025-02-07,0.007046423852443695,0.012614145
002463SZ,2025-02-07,0.020501941442489624,0.028002732
002466SZ,2025-02-07,0.01476375013589859,0.01791459
002475SZ,2025-02-07,0.0077876863069832325,0.024230093
002493SZ,2025-02-07,0.023902352899312973,0.02126227
002555SZ,2025-02-07,0.026680530980229378,0.009454549
002594SZ,2025-02-07,0.0372818224132061,0.049563628
002601SZ,2025-02-07,0.005342948716133833,0.013399686
002648SZ,2025-02-07,0.001170051982626319,0.010983162
002709SZ,2025-02-07,0.026612618938088417,0.046701115
002714SZ,2025-02-07,0.004579680971801281,0.0005433275
002916SZ,2025-02-07,-0.015992237254977226,-0.0094799865
002920SZ,2025-02-07,0.04474104568362236,0.064140886
002938SZ,2025-02-07,-0.01353435032069683,0.0022519447
003816SZ,2025-02-07,-0.004144138190895319,0.0026990608
300014SZ,2025-02-07,0.023252200335264206,0.026241006
300033SZ,2025-02-07,0.027570854872465134,0.033281855
300059SZ,2025-02-07,0.032490260899066925,0.024595048
300122SZ,2025-02-07,0.042567335069179535,0.029963246
300124SZ,2025-02-07,-0.012159952893853188,-0.005924445
300274SZ,2025-02-07,0.045081716030836105,0.039737526
300308SZ,2025-02-07,0.03275467827916145,0.064880274
300316SZ,2025-02-07,0.0019658489618450403,0.011221512
300347SZ,2025-02-07,0.05785772204399109,0.028422853
300394SZ,2025-02-07,0.012089836411178112,0.048757106
300408SZ,2025-02-07,-0.01826166920363903,-0.024011211
300413SZ,2025-02-07,-0.014659306034445763,-0.0042076046
300418SZ,2025-02-07,0.038967445492744446,0.0030328396
300433SZ,2025-02-07,-0.01344980951398611,0.01281762
300450SZ,2025-02-07,0.007822851650416851,0.019262237
300498SZ,2025-02-07,0.002800991525873542,0.0018536522
300502SZ,2025-02-07,0.019412508234381676,0.061204165
300628SZ,2025-02-07,0.009763203561306,0.021573437
300661SZ,2025-02-07,-0.01837840862572193,-0.00086159835
300750SZ,2025-02-07,0.021446578204631805,0.03179719
300759SZ,2025-02-07,0.0058357552625238895,0.010334654
300760SZ,2025-02-07,0.04060328006744385,0.0455392
300782SZ,2025-02-07,0.008476121351122856,0.010845335
600000SS,2025-02-07,-0.014984583482146263,-0.008666192
600010SS,2025-02-07,0.005692944396287203,0.010638028
600011SS,2025-02-07,0.0011493725469335914,0.0015419737
600015SS,2025-02-07,-0.01409314014017582,-0.005434717
600016SS,2025-02-07,-0.012707524001598358,0.004878009
600018SS,2025-02-07,0.0023241518065333366,0.003490415
600019SS,2025-02-07,0.027765562757849693,0.036617782
600023SS,2025-02-07,-0.0035571889020502567,0.0018779255
600025SS,2025-02-07,-0.01411787886172533,-0.005571002
600026SS,2025-02-07,0.0038525830022990704,0.0015772044
600028SS,2025-02-07,0.00046685230336152017,0.0032787041
600029SS,2025-02-07,0.010938907973468304,0.0051063388
600031SS,2025-02-07,0.05827558413147926,0.06084787
600036SS,2025-02-07,-0.012593821622431278,0.0
600048SS,2025-02-07,0.023078376427292824,0.019114124
600050SS,2025-02-07,0.025286229327321053,0.019303149
600061SS,2025-02-07,0.01862967759370804,0.017892582
600085SS,2025-02-07,-0.013743768446147442,-0.0036678575
600089SS,2025-02-07,0.04854405298829079,0.029429436
600104SS,2025-02-07,0.030599743127822876,0.061033577
600111SS,2025-02-07,0.006619872059673071,-0.013324117
600115SS,2025-02-07,0.005053300876170397,0.007946849
600161SS,2025-02-07,-0.013688874430954456,-0.008108621
600183SS,2025-02-07,-0.013989124447107315,0.040294856
600188SS,2025-02-07,0.014497113414108753,0.01198462
600196SS,2025-02-07,0.006808485835790634,0.009811667
600219SS,2025-02-07,0.043780092149972916,0.029550169
600233SS,2025-02-07,0.010734699666500092,0.0095480615
600276SS,2025-02-07,0.022913819178938866,0.020745145
600309SS,2025-02-07,0.0396030992269516,0.024861787
600332SS,2025-02-07,-0.0012129703536629677,0.0011063648
600346SS,2025-02-07,0.003119560657069087,0.0060220924
600362SS,2025-02-07,0.02838541567325592,0.01768127
600377SS,2025-02-07,-0.014476941898465157,-0.0035124498
600406SS,2025-02-07,0.004472735337913036,0.003030938
600415SS,2025-02-07,0.014295408502221107,0.027793875
600426SS,2025-02-07,0.03170695900917053,0.028311936
600436SS,2025-02-07,-0.013169564306735992,-0.00048535914
600438SS,2025-02-07,0.050336938351392746,0.07565593
600489SS,2025-02-07,0.009199490770697594,-0.0021890467
600519SS,2025-02-07,0.023136882111430168,0.016258249
600570SS,2025-02-07,0.03601221367716789,0.05727135
600585SS,2025-02-07,0.0021835879888385534,0.007120232
600588SS,2025-02-07,-0.022980863228440285,0.095384374
600600SS,2025-02-07,-0.015067016705870628,0.009925327
600660SS,2025-02-07,-0.015545335598289967,-0.0015370123
600674SS,2025-02-07,-0.014403622597455978,-0.004468546
600741SS,2025-02-07,0.04850531741976738,0.062600255
600760SS,2025-02-07,-0.006251583341509104,-0.00020863803
600795SS,2025-02-07,0.006245354190468788,0.004796154
600809SS,2025-02-07,0.013680932112038136,0.01482174
600875SS,2025-02-07,0.001607756013981998,0.0060382066
600886SS,2025-02-07,-0.0009275081683881581,0.00070201536
600887SS,2025-02-07,0.0041063218377530575,0.009565653
600926SS,2025-02-07,-0.015783600509166718,-0.0047506345
600989SS,2025-02-07,-0.01242009736597538,0.0006069486
601006SS,2025-02-07,0.0023875392507761717,0.009132264
601009SS,2025-02-07,-0.013749583624303341,-0.0018938798
601012SS,2025-02-07,0.05369265004992485,0.050504643
601021SS,2025-02-07,-0.014228257350623608,-0.0023143187
601058SS,2025-02-07,0.017480850219726562,0.020038083
601066SS,2025-02-07,0.013348325155675411,0.019550098
601088SS,2025-02-07,-0.004190952517092228,-0.0015416687
601100SS,2025-02-07,-0.016257010400295258,-0.015156335
601117SS,2025-02-07,0.0185682512819767,0.009427391
601138SS,2025-02-07,0.03537657484412193,0.050883036
601166SS,2025-02-07,-0.01490319985896349,-0.0059463894
601169SS,2025-02-07,-0.01531259436160326,-0.0067910706
601186SS,2025-02-07,0.02149573713541031,0.0117643615
601225SS,2025-02-07,0.008265597745776176,0.019461751
601229SS,2025-02-07,-0.012802758254110813,0.003276803
601238SS,2025-02-07,0.005144962575286627,0.009895349
601288SS,2025-02-07,-0.014003097079694271,-0.003976112
601318SS,2025-02-07,0.011431779712438583,0.012458774
601319SS,2025-02-07,0.007770491298288107,0.008595873
601328SS,2025-02-07,-0.015260627493262291,-0.005602229
601336SS,2025-02-07,0.007986470125615597,0.013125872
601360SS,2025-02-07,0.028336791321635246,0.0015162638
601390SS,2025-02-07,0.018062155693769455,0.008467166
601398SS,2025-02-07,-0.013028493151068687,0.0
601600SS,2025-02-07,0.03126756474375725,0.021975424
601601SS,2025-02-07,0.016617348417639732,0.021509534
601607SS,2025-02-07,0.0007277887780219316,0.0004924515
601618SS,2025-02-07,0.00912291556596756,0.009599891
601628SS,2025-02-07,0.005200929939746857,0.010172194
601633SS,2025-02-07,0.03166718780994415,0.030230673
601658SS,2025-02-07,-0.013773215003311634,-0.0038022886
601668SS,2025-02-07,0.0012275453191250563,0.0018066508
601669SS,2025-02-07,0.008968588896095753,0.01178745
601688SS,2025-02-07,0.015102946199476719,0.019056836
601689SS,2025-02-07,-0.015746138989925385,-0.020546779
601698SS,2025-02-07,-0.01275969110429287,-0.003334221
601699SS,2025-02-07,0.007148923352360725,0.009493396
601766SS,2025-02-07,0.016908610239624977,0.012137123
601788SS,2025-02-07,0.011008577421307564,0.01873234
601799SS,2025-02-07,-0.05287768691778183,0.0061293193
601800SS,2025-02-07,0.03301965445280075,0.019065956
601808SS,2025-02-07,0.0008851407328620553,0.00615799
601816SS,2025-02-07,0.010182777419686317,0.008888798
601818SS,2025-02-07,-0.014970640651881695,-0.005319123
601838SS,2025-02-07,-0.013010526075959206,-0.0048221424
601857SS,2025-02-07,-0.012877857312560081,0.007290297
601865SS,2025-02-07,0.039602749049663544,0.081447765
601872SS,2025-02-07,0.006924727465957403,0.015860552
601877SS,2025-02-07,0.017529292032122612,0.02110828
601878SS,2025-02-07,0.019908612594008446,0.01621756
601881SS,2025-02-07,0.020605020225048065,0.016021246
601888SS,2025-02-07,0.018710022792220116,0.011256634
601899SS,2025-02-07,0.02466523088514805,0.01882625
601901SS,2025-02-07,0.015554557554423809,0.019948144
601919SS,2025-02-07,0.03371032699942589,0.031296734
601939SS,2025-02-07,-0.014837092719972134,-0.0048076487
601985SS,2025-02-07,-0.0010025871451944113,0.0030689687
601988SS,2025-02-07,-0.014166511595249176,-0.00378069
601998SS,2025-02-07,-0.015072543174028397,-0.0045976345
603019SS,2025-02-07,0.05520489811897278,0.027288513
603195SS,2025-02-07,0.00486453901976347,0.007590591
603259SS,2025-02-07,-0.016083795577287674,0.0020650716
603260SS,2025-02-07,0.011298011988401413,0.021355234
603288SS,2025-02-07,0.013868764042854309,0.020760551
603369SS,2025-02-07,0.015410831198096275,0.0142511
603501SS,2025-02-07,0.02394210360944271,0.03077523
603659SS,2025-02-07,0.04498158022761345,0.053037014
603799SS,2025-02-07,0.012538811191916466,0.011822199
603806SS,2025-02-07,0.03855036944150925,0.043658882
603833SS,2025-02-07,0.014611933380365372,0.021241972
603986SS,2025-02-07,-0.017287947237491608,-0.014827866
603993SS,2025-02-07,0.016025802120566368,0.008264321
688008SS,2025-02-07,-0.016174426302313805,0.014197402
688009SS,2025-02-07,0.007440979592502117,0.006920306
688012SS,2025-02-07,-0.013551809825003147,-0.0017151616
688036SS,2025-02-07,-0.01584533043205738,-0.013091992
688111SS,2025-02-07,0.015632733702659607,0.01988016
688169SS,2025-02-07,0.003174351993948221,0.009622676
688396SS,2025-02-07,0.003027598839253187,0.008901912
000001SZ,2025-02-10,0.013576365076005459,0.0043840446
000002SZ,2025-02-10,-0.005504644941538572,0.0
000157SZ,2025-02-10,0.014203676022589207,0.0056576706
000166SZ,2025-02-10,0.014592702500522137,0.005808196
000333SZ,2025-02-10,-0.005398191045969725,-0.005872284
000338SZ,2025-02-10,0.007647699676454067,-0.001418403
000538SZ,2025-02-10,-0.012333215214312077,-0.003833401
000568SZ,2025-02-10,0.009679768234491348,0.0018165272
000596SZ,2025-02-10,0.005819516722112894,0.0064415736
000617SZ,2025-02-10,0.019065802916884422,0.013244439
000625SZ,2025-02-10,0.03991281986236572,0.046151523
000651SZ,2025-02-10,0.007478061597794294,-0.0054544336
000661SZ,2025-02-10,0.01647290214896202,0.004032911
000708SZ,2025-02-10,0.007349182851612568,0.0008528169
000725SZ,2025-02-10,-0.01781679131090641,-0.0066297217
000768SZ,2025-02-10,-0.007240624167025089,-0.0011612355
000776SZ,2025-02-10,0.005185683257877827,-0.0012578521
000786SZ,2025-02-10,0.00703740818426013,-0.0020387052
000800SZ,2025-02-10,0.038728728890419006,0.026824513
000807SZ,2025-02-10,-0.008813189342617989,-0.008883425
000858SZ,2025-02-10,0.006316567771136761,-0.00078381
000876SZ,2025-02-10,0.01822773739695549,0.008022886
000895SZ,2025-02-10,-0.012471946887671947,-0.010720361
000938SZ,2025-02-10,0.03383259475231171,0.009164392
000963SZ,2025-02-10,-0.01898079738020897,-0.005172388
000999SZ,2025-02-10,-0.005973130464553833,-0.021667864
001965SZ,2025-02-10,-0.007150269113481045,-0.009771719
002001SZ,2025-02-10,-0.007967903278768063,-0.008529612
002007SZ,2025-02-10,0.02992338128387928,0.018849054
002027SZ,2025-02-10,0.01981373503804207,0.010597694
002028SZ,2025-02-10,-0.014843538403511047,-0.011591504
002050SZ,2025-02-10,-0.01804962009191513,-0.03396657
002129SZ,2025-02-10,-0.013216610066592693,-0.002200277
002179SZ,2025-02-10,0.004507851786911488,-0.0007795151
002230SZ,2025-02-10,0.027404634281992912,0.013535153
002236SZ,2025-02-10,-0.018450338393449783,0.006116168
002241SZ,2025-02-10,0.0022683674469590187,-0.0054513775
002271SZ,2025-02-10,0.010872620157897472,0.0048583173
002304SZ,2025-02-10,-0.009985740296542645,-0.0038594287
002311SZ,2025-02-10,-0.007239585742354393,-0.004380001
002371SZ,2025-02-10,0.006393392104655504,-0.0039332667
002415SZ,2025-02-10,0.01937476545572281,0.005490051
002422SZ,2025-02-10,0.026460563763976097,0.019194787
002459SZ,2025-02-10,-0.010147628374397755,-0.024287904
002460SZ,2025-02-10,0.02718646451830864,0.021975424
002463SZ,2025-02-10,-0.006150226574391127,0.002299163
002466SZ,2025-02-10,0.017736366018652916,0.014841585
002475SZ,2025-02-10,-0.011654808185994625,0.0014074659
002493SZ,2025-02-10,0.006898919586092234,-0.0011079481
002555SZ,2025-02-10,0.025433089584112167,0.011228702
002594SZ,2025-02-10,0.011258712969720364,0.009831969
002601SZ,2025-02-10,-0.012373608537018299,-0.002221065
002648SZ,2025-02-10,-0.009383095428347588,-0.0024856746
002709SZ,2025-02-10,-0.00990864634513855,-0.013639178
002714SZ,2025-02-10,-0.0112801818177104,-0.006539368
002916SZ,2025-02-10,0.04420832544565201,0.05051719
002920SZ,2025-02-10,-0.005815635900944471,-0.027159391
002938SZ,2025-02-10,0.03456895053386688,0.05677788
003816SZ,2025-02-10,-0.01441724132746458,-0.008118956
300014SZ,2025-02-10,-0.017332665622234344,-0.03551554
300033SZ,2025-02-10,0.029170941561460495,0.014140057
300059SZ,2025-02-10,0.01197491493076086,0.002468155
300122SZ,2025-02-10,0.021343335509300232,0.01601151
300124SZ,2025-02-10,0.011362160556018353,-0.010489246
300274SZ,2025-02-10,-0.03622051328420639,-0.030976014
300308SZ,2025-02-10,0.016016436740756035,0.026002977
300316SZ,2025-02-10,-0.013055508024990559,-0.005595097
300347SZ,2025-02-10,0.049693405628204346,0.05540333
300394SZ,2025-02-10,0.013239923864603043,0.015821489
300408SZ,2025-02-10,0.016039486974477768,0.012862099
300413SZ,2025-02-10,0.010622261092066765,0.0010536121
300418SZ,2025-02-10,0.04040428251028061,0.008119491
300433SZ,2025-02-10,0.01011604256927967,0.0065287407
300450SZ,2025-02-10,0.0158999040722847,0.0043934206
300498SZ,2025-02-10,0.004416201263666153,-0.0030912706
300502SZ,2025-02-10,0.009087052196264267,0.010265167
300628SZ,2025-02-10,-0.016443952918052673,-0.019916
300661SZ,2025-02-10,-0.021610679104924202,-0.018594455
300750SZ,2025-02-10,-0.013082007877528667,-0.010889892
300759SZ,2025-02-10,0.029401836916804314,0.019232664
300760SZ,2025-02-10,0.013737996108829975,0.011320985
300782SZ,2025-02-10,0.016966331750154495,0.0063805757
600000SS,2025-02-10,-0.006027969531714916,-0.006792691
600010SS,2025-02-10,0.008413181640207767,0.0
600011SS,2025-02-10,-0.012620510533452034,-0.007733815
600015SS,2025-02-10,0.00773597089573741,-0.0013633711
600016SS,2025-02-10,0.016395483165979385,0.009685009
600018SS,2025-02-10,0.011701916344463825,0.003478298
600019SS,2025-02-10,-0.014641599729657173,-0.0072200987
600023SS,2025-02-10,-0.0009261611266992986,-0.005644306
600025SS,2025-02-10,0.004687892273068428,-0.0022370748
600026SS,2025-02-10,-0.0015005869790911674,-0.0015772483
600028SS,2025-02-10,0.010406285524368286,0.0
600029SS,2025-02-10,0.010437019169330597,0.010134908
600031SS,2025-02-10,0.01055824477225542,0.01422572
600036SS,2025-02-10,0.016851676627993584,0.009900661
600048SS,2025-02-10,0.005363308824598789,0.0023640993
600050SS,2025-02-10,0.043340783566236496,0.043010928
600061SS,2025-02-10,0.009678072296082973,0.004084437
600085SS,2025-02-10,0.0021618797909468412,-0.006318977
600089SS,2025-02-10,0.005597591400146484,-0.005656474
600104SS,2025-02-10,0.01108085922896862,0.0071763317
600111SS,2025-02-10,0.0071607246063649654,0.006469643
600115SS,2025-02-10,0.015580401755869389,0.015705816
600161SS,2025-02-10,0.013627910055220127,-0.0019174685
600183SS,2025-02-10,-0.011461401358246803,-0.00034666108
600188SS,2025-02-10,-0.013983459211885929,-0.0067238635
600196SS,2025-02-10,0.0404578261077404,0.033983372
600219SS,2025-02-10,-0.014732195995748043,-0.00975583
600233SS,2025-02-10,0.006185415666550398,-0.00073125854
600276SS,2025-02-10,-0.02095089480280876,-0.009093728
600309SS,2025-02-10,0.038510456681251526,0.03553237
600332SS,2025-02-10,0.014503917656838894,0.0036791582
600346SS,2025-02-10,0.03356316685676575,0.028274534
600362SS,2025-02-10,0.010566932149231434,0.0041427277
600377SS,2025-02-10,-0.007887417450547218,-0.009900762
600406SS,2025-02-10,0.012284442782402039,0.0038835402
600415SS,2025-02-10,0.0168843362480402,0.01885911
600426SS,2025-02-10,0.00696776807308197,-0.0014207308
600436SS,2025-02-10,0.012678096070885658,0.004600978
600438SS,2025-02-10,-0.008060287684202194,-0.027636254
600489SS,2025-02-10,0.03615039214491844,0.01952801
600519SS,2025-02-10,-0.002940425183624029,-0.0031316287
600570SS,2025-02-10,0.02014308236539364,0.02002757
600585SS,2025-02-10,0.009035599417984486,0.0041649267
600588SS,2025-02-10,0.036914676427841187,0.064903304
600600SS,2025-02-10,0.006954641547054052,0.0073799924
600660SS,2025-02-10,0.003907366190105677,-0.0027383405
600674SS,2025-02-10,-0.012719254940748215,-0.007062463
600741SS,2025-02-10,0.01686570979654789,0.010534713
600760SS,2025-02-10,0.012506047263741493,0.004993782
600795SS,2025-02-10,-0.00963805802166462,-0.0047961497
600809SS,2025-02-10,0.020007310435175896,0.013698701
600875SS,2025-02-10,0.009409853257238865,0.0040053655
600886SS,2025-02-10,-0.008630368858575821,-0.0063357716
600887SS,2025-02-10,-0.013186167925596237,-0.0066127423
600926SS,2025-02-10,-0.0029941920656710863,-0.0027247733
600989SS,2025-02-10,0.009480014443397522,0.0024242748
601006SS,2025-02-10,-0.01018873043358326,-0.0030348916
601009SS,2025-02-10,-0.000539438973646611,-0.0047505745
601012SS,2025-02-10,-0.005674267653375864,-0.012398703
601021SS,2025-02-10,0.00935143232345581,0.0046232855
601058SS,2025-02-10,0.02692568488419056,0.028034931
601066SS,2025-02-10,0.008132641203701496,0.0032219077
601088SS,2025-02-10,-0.0004698226402979344,-0.0077437856
601100SS,2025-02-10,0.012222111225128174,-0.014928997
601117SS,2025-02-10,0.009509609080851078,0.00133961
601138SS,2025-02-10,-0.004633895121514797,0.00785756
601166SS,2025-02-10,0.020553696900606155,0.011366002
601169SS,2025-02-10,0.0029738128650933504,0.0
601186SS,2025-02-10,0.0116054005920887,0.002336389
601225SS,2025-02-10,0.004461018368601799,-0.0032964263
601229SS,2025-02-10,-0.006612020079046488,-0.007662702
601238SS,2025-02-10,-0.020052189007401466,0.014122078
601288SS,2025-02-10,0.007452811114490032,0.0
601318SS,2025-02-10,0.0046990057453513145,0.0003929558
601319SS,2025-02-10,0.004533619154244661,0.0
601328SS,2025-02-10,0.012046966701745987,0.0
601336SS,2025-02-10,0.003443334484472871,-0.0026945916
601360SS,2025-02-10,0.0496394969522953,0.062324736
601390SS,2025-02-10,0.016806699335575104,0.0050462075
601398SS,2025-02-10,-0.007545251864939928,-0.0029939993
601600SS,2025-02-10,0.020263344049453735,0.007643233
601601SS,2025-02-10,-0.010639430955052376,-0.0015433998
601607SS,2025-02-10,-0.01303073950111866,-0.0074127642
601618SS,2025-02-10,0.010576874017715454,0.0031796051
601628SS,2025-02-10,-0.00016020354814827442,-0.005445444
601633SS,2025-02-10,-0.01950538158416748,-0.0015485934
601658SS,2025-02-10,0.011823595501482487,0.0
601668SS,2025-02-10,0.00611965823918581,-0.0018066365
601669SS,2025-02-10,0.01078765094280243,0.0038986206
601688SS,2025-02-10,0.009970895946025848,-0.0011448254
601689SS,2025-02-10,-0.007931380532681942,-0.04637616
601698SS,2025-02-10,0.022760523483157158,0.025896303
601699SS,2025-02-10,0.007062041200697422,0.0015736339
601766SS,2025-02-10,0.0125468410551548,0.0026774232
601788SS,2025-02-10,0.012569628655910492,0.002247187
601799SS,2025-02-10,-0.017943447455763817,-0.011476474
601800SS,2025-02-10,0.01988312602043152,0.0052328757
601808SS,2025-02-10,0.017798729240894318,-0.0006823482
601816SS,2025-02-10,0.009236042387783527,0.0017683341
601818SS,2025-02-10,-0.007870092988014221,0.0
601838SS,2025-02-10,-0.00787835381925106,-0.0054528755
601857SS,2025-02-10,0.015815844759345055,-0.0036386645
601865SS,2025-02-10,0.010812141932547092,-0.006981494
601872SS,2025-02-10,-0.000654457719065249,-0.0014315944
601877SS,2025-02-10,-0.013358724303543568,-0.0095822755
601878SS,2025-02-10,0.007192287594079971,0.0
601881SS,2025-02-10,-0.016451582312583923,0.0
601888SS,2025-02-10,0.014862976968288422,0.0066293995
601899SS,2025-02-10,0.024066926911473274,0.014928947
601901SS,2025-02-10,0.009440161287784576,0.0024660148
601919SS,2025-02-10,-0.003985553048551083,-0.015877519
601939SS,2025-02-10,-0.004841975402086973,0.0
601985SS,2025-02-10,0.00684070261195302,-0.0010219665
601988SS,2025-02-10,0.0007308354834094644,-0.0018957311
601998SS,2025-02-10,0.0003509896341711283,-0.0061633405
603019SS,2025-02-10,0.032910220324993134,0.01966426
603195SS,2025-02-10,0.014170952141284943,0.009476983
603259SS,2025-02-10,0.016005218029022217,0.0073648468
603260SS,2025-02-10,0.01362979132682085,0.011256634
603288SS,2025-02-10,0.006094066426157951,-0.002152848
603369SS,2025-02-10,-0.007706492207944393,-0.016531533
603501SS,2025-02-10,0.020229589194059372,0.010533179
603659SS,2025-02-10,-0.021283600479364395,-0.0107762655
603799SS,2025-02-10,-0.014468609355390072,-0.010501833
603806SS,2025-02-10,-0.00976397655904293,-0.023587769
603833SS,2025-02-10,0.008183147758245468,0.0034711703
603986SS,2025-02-10,-0.015989135950803757,-0.028765175
603993SS,2025-02-10,0.025172989815473557,0.02705863
688008SS,2025-02-10,0.016012025997042656,0.003587226
688009SS,2025-02-10,0.012306846678256989,0.0051589953
688012SS,2025-02-10,-0.0006274568731896579,-0.005633757
688036SS,2025-02-10,-0.004545173607766628,0.0007475203
688111SS,2025-02-10,0.005090044811367989,0.00958289
688169SS,2025-02-10,0.019745931029319763,0.008695021
688396SS,2025-02-10,-0.014323906973004341,-0.007200228
000001SZ,2025-02-11,-0.006106625311076641,-0.00087531935
000002SZ,2025-02-11,-0.030856916680932045,-0.024552949
000157SZ,2025-02-11,-0.010387600399553776,0.0
000166SZ,2025-02-11,-0.01608598232269287,-0.009699018
000333SZ,2025-02-11,0.014450213871896267,0.009406018
000338SZ,2025-02-11,0.0298143420368433,0.021759413
000538SZ,2025-02-11,-0.02963525429368019,-0.015835682
000568SZ,2025-02-11,-0.022490831092000008,-0.012434847
000596SZ,2025-02-11,-0.01126341987401247,-0.023863617
000617SZ,2025-02-11,-0.017132284119725227,-0.010286302
000625SZ,2025-02-11,-0.03387133404612541,-0.035882182
000651SZ,2025-02-11,-0.006235888227820396,-0.0050262725
000661SZ,2025-02-11,-0.017502836883068085,-0.01266954
000708SZ,2025-02-11,0.013313527218997478,0.005949811
000725SZ,2025-02-11,-0.008897515945136547,-0.0022198106
000768SZ,2025-02-11,-0.01685795933008194,-0.017186264
000776SZ,2025-02-11,-0.007046331651508808,-0.0044150227
000786SZ,2025-02-11,0.00010486430255696177,0.0010199109
000800SZ,2025-02-11,-0.03356526046991348,-0.009673382
000807SZ,2025-02-11,-0.009087678976356983,-0.0041728294
000858SZ,2025-02-11,-0.015651090070605278,-0.010007968
000876SZ,2025-02-11,-0.02671649120748043,-0.013792455
000895SZ,2025-02-11,-0.01132499985396862,-0.010433056
000938SZ,2025-02-11,0.011940653435885906,0.0
000963SZ,2025-02-11,0.009854262694716454,0.0
000999SZ,2025-02-11,0.025514373555779457,0.024120081
001965SZ,2025-02-11,0.014486042782664299,-0.0024580695
002001SZ,2025-02-11,0.01565321907401085,0.007635189
002007SZ,2025-02-11,-0.00990220531821251,-0.008469382
002027SZ,2025-02-11,0.010320321656763554,0.0060059777
002028SZ,2025-02-11,0.00903145782649517,0.005426267
002050SZ,2025-02-11,0.014256183058023453,-0.0070545403
002129SZ,2025-02-11,-0.020632827654480934,-0.020020302
002179SZ,2025-02-11,-0.014789994806051254,-0.009139439
002230SZ,2025-02-11,-0.014367299154400826,-0.020741228
002236SZ,2025-02-11,0.019040625542402267,0.022902457
002241SZ,2025-02-11,-0.010229798965156078,-0.005824862
002271SZ,2025-02-11,-0.010931343771517277,-0.01382617
002304SZ,2025-02-11,-0.0132057573646307,-0.0054284246
002311SZ,2025-02-11,0.013717085123062134,0.009776139
002371SZ,2025-02-11,-0.015832936391234398,-0.010647775
002415SZ,2025-02-11,0.01620141789317131,0.005460056
002422SZ,2025-02-11,-0.025745956227183342,-0.023149133
002459SZ,2025-02-11,-0.02572733722627163,-0.03949827
002460SZ,2025-02-11,-0.04144522175192833,-0.039200645
002463SZ,2025-02-11,0.014795570634305477,0.010154613
002466SZ,2025-02-11,-0.02630518563091755,-0.03560264
002475SZ,2025-02-11,-0.011199911125004292,-0.010130479
002493SZ,2025-02-11,-0.006754422094672918,-0.0022198106
002555SZ,2025-02-11,0.012595827691257,-0.0068471194
002594SZ,2025-02-11,0.010900706984102726,-0.0006969614
002601SZ,2025-02-11,0.012559358961880207,0.00609579
002648SZ,2025-02-11,0.03429453447461128,0.046170376
002709SZ,2025-02-11,-0.027476562187075615,-0.034133874
002714SZ,2025-02-11,-0.013911636546254158,-0.0093378825
002916SZ,2025-02-11,0.028002144768834114,0.049927365
002920SZ,2025-02-11,0.01039627380669117,-0.026653627
002938SZ,2025-02-11,-0.0125884423032403,0.0025940777
003816SZ,2025-02-11,-0.006993983406573534,-0.0027210678
300014SZ,2025-02-11,-0.01822756603360176,-0.018595487
300033SZ,2025-02-11,-0.01053360290825367,-0.0059956764
300059SZ,2025-02-11,-0.018729597330093384,-0.016568912
300122SZ,2025-02-11,-0.02489771507680416,-0.023913404
300124SZ,2025-02-11,0.011275784112513065,0.0027788307
300274SZ,2025-02-11,-0.023164113983511925,-0.018467717
300308SZ,2025-02-11,0.012232881970703602,0.007923552
300316SZ,2025-02-11,-0.012578733265399933,-0.01729163
300347SZ,2025-02-11,-0.020162856206297874,-0.031195987
300394SZ,2025-02-11,0.017164837568998337,0.01985773
300408SZ,2025-02-11,-0.0030642603524029255,0.0010427755
300413SZ,2025-02-11,0.016044361516833305,0.018085474
300418SZ,2025-02-11,0.015065917745232582,-0.04438052
300433SZ,2025-02-11,0.017538491636514664,0.022517283
300450SZ,2025-02-11,-0.015798108652234077,-0.018184796
300498SZ,2025-02-11,-0.020143410190939903,-0.014971097
300502SZ,2025-02-11,0.014978193677961826,0.0086044995
300628SZ,2025-02-11,0.010756876319646835,0.002836128
300661SZ,2025-02-11,0.012183315120637417,-0.0057242694
300750SZ,2025-02-11,-0.016530677676200867,-0.026061224
300759SZ,2025-02-11,-0.0323808453977108,-0.03379856
300760SZ,2025-02-11,-0.008071466349065304,-0.005446763
300782SZ,2025-02-11,-0.0317484512925148,-0.02323187
600000SS,2025-02-11,0.010033253580331802,0.0029168378
600010SS,2025-02-11,-0.02753366157412529,-0.015998974
600011SS,2025-02-11,-0.013699302449822426,-0.007794121
600015SS,2025-02-11,0.008038489148020744,0.00272474
600016SS,2025-02-11,-0.0032089361920952797,0.0
600018SS,2025-02-11,-0.005578754469752312,0.0
600019SS,2025-02-11,0.00964953750371933,-0.0014503371
600023SS,2025-02-11,-0.009757004678249359,-0.0056764344
600025SS,2025-02-11,-0.020689906552433968,-0.013528087
600026SS,2025-02-11,0.016438040882349014,0.010207826
600028SS,2025-02-11,0.012704828754067421,0.0
600029SS,2025-02-11,-0.017618412151932716,-0.028979357
600031SS,2025-02-11,-0.006522185634821653,-0.0064953943
600036SS,2025-02-11,0.014855761080980301,0.009315799
600048SS,2025-02-11,-0.015616336837410927,-0.021477262
600050SS,2025-02-11,0.017149996012449265,0.0036562353
600061SS,2025-02-11,-0.017216812819242477,-0.009556102
600085SS,2025-02-11,-0.008703778497874737,-0.00822159
600089SS,2025-02-11,-0.011949922889471054,-0.010590372
600104SS,2025-02-11,0.021709460765123367,0.044613402
600111SS,2025-02-11,-0.014162286184728146,-0.0069023916
600115SS,2025-02-11,-0.02460867166519165,-0.026311183
600161SS,2025-02-11,-0.02834072709083557,-0.010612296
600183SS,2025-02-11,0.012642725370824337,0.007255032
600188SS,2025-02-11,-0.009158708155155182,-0.0060149836
600196SS,2025-02-11,-0.00986059196293354,-0.0074994126
600219SS,2025-02-11,-0.0048515815287828445,-0.00737992
600233SS,2025-02-11,0.010949710384011269,0.0029218302
600276SS,2025-02-11,-0.016085533425211906,-0.015492534
600309SS,2025-02-11,-0.011181374080479145,-0.0019654238
600332SS,2025-02-11,-0.014646145515143871,-0.0051545943
600346SS,2025-02-11,-0.001744259032420814,0.0038834214
600362SS,2025-02-11,0.023549117147922516,0.009144667
600377SS,2025-02-11,0.014144495129585266,0.0070821205
600406SS,2025-02-11,-0.014963316731154919,-0.0069143344
600415SS,2025-02-11,0.010778460651636124,0.011886629
600426SS,2025-02-11,0.01820937916636467,0.01130967
600436SS,2025-02-11,-0.027725104242563248,-0.017055273
600438SS,2025-02-11,-0.020657973363995552,-0.033546157
600489SS,2025-02-11,0.012967963702976704,0.004288736
600519SS,2025-02-11,-0.015510257333517075,-0.009482153
600570SS,2025-02-11,0.022694356739521027,0.014201985
600585SS,2025-02-11,-0.008767382241785526,-0.0016638747
600588SS,2025-02-11,0.02979973331093788,0.017625771
600600SS,2025-02-11,0.013864575885236263,-0.011163162
600660SS,2025-02-11,-0.01638343185186386,-0.01990281
600674SS,2025-02-11,0.013068441301584244,0.0057821227
600741SS,2025-02-11,-0.017184454947710037,-0.026825778
600760SS,2025-02-11,-0.026584718376398087,-0.020547204
600795SS,2025-02-11,-0.01502817589789629,-0.007237449
600809SS,2025-02-11,-0.014851020649075508,-0.007911319
600875SS,2025-02-11,-0.013381079770624638,-0.0066844416
600886SS,2025-02-11,0.011072068475186825,-0.002828833
600887SS,2025-02-11,0.010673622600734234,-0.0066566616
600926SS,2025-02-11,0.01775735802948475,0.006120315
600989SS,2025-02-11,0.010993539355695248,0.017400347
601006SS,2025-02-11,0.017461219802498817,0.012084132
601009SS,2025-02-11,0.017379306256771088,0.009478519
601012SS,2025-02-11,-0.0347638800740242,-0.02207238
601021SS,2025-02-11,-0.023922650143504143,-0.022543285
601058SS,2025-02-11,0.012697922997176647,0.009599773
601066SS,2025-02-11,-0.012658991850912571,-0.008885169
601088SS,2025-02-11,0.009064732119441032,-0.0010371216
601100SS,2025-02-11,0.017061719670891762,0.01402148
601117SS,2025-02-11,-0.009877198375761509,-0.002680965
601138SS,2025-02-11,-0.009663979522883892,0.002299401
601166SS,2025-02-11,-0.002875840524211526,0.0
601169SS,2025-02-11,0.02247563749551773,0.013535741
601186SS,2025-02-11,-0.019561395049095154,-0.0070256093
601225SS,2025-02-11,0.00880475901067257,0.0
601229SS,2025-02-11,0.014438701793551445,0.009841175
601238SS,2025-02-11,-0.014469895511865616,-0.020706313
601288SS,2025-02-11,0.019124681130051613,0.017767673
601318SS,2025-02-11,-0.021445544436573982,-0.007493528
601319SS,2025-02-11,-0.013284774497151375,-0.008595916
601328SS,2025-02-11,0.013867571018636227,0.009783102
601336SS,2025-02-11,-0.02286980114877224,-0.018642958
601360SS,2025-02-11,-0.01922297477722168,-0.06686147
601390SS,2025-02-11,-0.021582340821623802,-0.008424483
601398SS,2025-02-11,0.025451160967350006,0.022235904
601600SS,2025-02-11,-0.010386978276073933,-0.0038143746
601601SS,2025-02-11,-0.010864716954529285,-0.0071305926
601607SS,2025-02-11,0.00882724765688181,-0.00049615285
601618SS,2025-02-11,-0.012438910081982613,-0.003179642
601628SS,2025-02-11,-0.019752051681280136,-0.0134926895
601633SS,2025-02-11,-0.02724863588809967,-0.027488887
601658SS,2025-02-11,0.012506077066063881,0.0038023149
601668SS,2025-02-11,-0.010964090935885906,-0.0072595417
601669SS,2025-02-11,-0.014301473274827003,-0.009774908
601688SS,2025-02-11,0.013076945208013058,0.0034305416
601689SS,2025-02-11,0.012530260719358921,-0.0028657133
601698SS,2025-02-11,-0.014067611657083035,-0.0027932685
601699SS,2025-02-11,0.010010113939642906,-0.015846824
601766SS,2025-02-11,-0.02019115537405014,-0.010752349
601788SS,2025-02-11,-0.012192297726869583,-0.008452913
601799SS,2025-02-11,0.012862937524914742,0.008896595
601800SS,2025-02-11,-0.024305369704961777,-0.010492919
601808SS,2025-02-11,-0.002027842914685607,0.0027266422
601816SS,2025-02-11,-0.027849871665239334,-0.019623386
601818SS,2025-02-11,-0.0062850345857441425,0.0
601838SS,2025-02-11,0.01651591807603836,0.012676875
601857SS,2025-02-11,0.01207831222563982,0.0072639077
601865SS,2025-02-11,-0.029763806611299515,-0.041946184
601872SS,2025-02-11,0.02272859215736389,0.019856213
601877SS,2025-02-11,-0.008472416549921036,-0.0032146818
601878SS,2025-02-11,-0.01565602794289589,-0.0102125425
601881SS,2025-02-11,-0.014256075024604797,-0.013216865
601888SS,2025-02-11,-0.02506437338888645,-0.01755672
601899SS,2025-02-11,0.026872985064983368,0.024008194
601901SS,2025-02-11,-0.00835424568504095,-0.007416367
601919SS,2025-02-11,0.017902875319123268,0.01792957
601939SS,2025-02-11,0.033344559371471405,0.03432973
601985SS,2025-02-11,0.01232475321739912,0.006116168
601988SS,2025-02-11,0.018729064613580704,0.020655042
601998SS,2025-02-11,0.008282413706183434,0.0015444731
603019SS,2025-02-11,0.013141048140823841,-0.02046401
603195SS,2025-02-11,-0.0033930183853954077,0.0015247148
603259SS,2025-02-11,-0.01827249675989151,-0.018773727
603260SS,2025-02-11,0.023187264800071716,0.032116566
603288SS,2025-02-11,-0.02134512923657894,-0.02276285
603369SS,2025-02-11,-0.01584637723863125,-0.0048071095
603501SS,2025-02-11,0.023547815158963203,0.03860331
603659SS,2025-02-11,-0.031643565744161606,-0.031060409
603799SS,2025-02-11,-0.020793676376342773,-0.013284017
603806SS,2025-02-11,-0.030014436691999435,-0.026876865
603833SS,2025-02-11,-0.02081005647778511,-0.030373579
603986SS,2025-02-11,0.011254864744842052,-0.0046904497
603993SS,2025-02-11,-0.010705065913498402,-0.00804277
688008SS,2025-02-11,0.012469744309782982,-0.011496308
688009SS,2025-02-11,-0.020465178415179253,-0.012078895
688012SS,2025-02-11,-0.02390986494719982,-0.019809458
688036SS,2025-02-11,-0.01525713037699461,-0.038637497
688111SS,2025-02-11,0.018414344638586044,0.0013502054
688169SS,2025-02-11,-0.007626193109899759,0.00033444533
688396SS,2025-02-11,-0.022144194692373276,-0.018445443
000001SZ,2025-02-12,-0.004117414355278015,0.0
000002SZ,2025-02-12,0.0597006157040596,0.09452484
000157SZ,2025-02-12,-0.010169865563511848,-0.0042402856
000166SZ,2025-02-12,0.02509009838104248,0.011627469
000333SZ,2025-02-12,-0.008355358615517616,-0.005714978
000338SZ,2025-02-12,0.04574606195092201,0.026040817
000538SZ,2025-02-12,0.042210210114717484,0.015835684
000568SZ,2025-02-12,0.014034170657396317,0.014765138
000596SZ,2025-02-12,-0.0005701141781173646,0.014285526
000617SZ,2025-02-12,0.02641148678958416,0.01756816
000625SZ,2025-02-12,0.0010783860925585032,0.001460914
000651SZ,2025-02-12,-0.0045313904993236065,0.0022877452
000661SZ,2025-02-12,0.022237828001379967,0.0032347406
000708SZ,2025-02-12,-0.007680620066821575,0.0
000725SZ,2025-02-12,0.01013996358960867,0.011049415
000768SZ,2025-02-12,0.002881935564801097,0.007849163
000776SZ,2025-02-12,0.014162629842758179,0.010062574
000786SZ,2025-02-12,-0.014154298231005669,0.0030534
000800SZ,2025-02-12,-0.00540341017767787,0.0012143621
000807SZ,2025-02-12,-0.020862717181444168,-0.023568738
000858SZ,2025-02-12,0.01308230496942997,0.011339959
000876SZ,2025-02-12,0.026801126077771187,0.009216359
000895SZ,2025-02-12,0.0013658785028383136,0.008835158
000938SZ,2025-02-12,0.012905728071928024,0.024602022
000963SZ,2025-02-12,-0.014628084376454353,-0.008970981
000999SZ,2025-02-12,-0.011843099258840084,-0.00962488
001965SZ,2025-02-12,0.0010289245983585715,-0.019045876
002001SZ,2025-02-12,-0.00842141080647707,-0.0031368902
002007SZ,2025-02-12,-0.01052197813987732,-0.012224399
002027SZ,2025-02-12,-0.009283928200602531,-0.010533875
002028SZ,2025-02-12,-0.001566856517456472,0.0075732004
002050SZ,2025-02-12,-0.011665863916277885,-0.019959336
002129SZ,2025-02-12,0.0004564209084492177,0.011172833
002179SZ,2025-02-12,-0.0015150574035942554,0.0015728007
002230SZ,2025-02-12,0.004964022897183895,0.0033333588
002236SZ,2025-02-12,-0.00978874508291483,0.017718501
002241SZ,2025-02-12,-0.010164172388613224,0.016696684
002271SZ,2025-02-12,0.020504439249634743,0.015440044
002304SZ,2025-02-12,0.0008556637912988663,0.0031055715
002311SZ,2025-02-12,0.008504043333232403,0.012342582
002371SZ,2025-02-12,0.05573691055178642,0.03179246
002415SZ,2025-02-12,-0.018847841769456863,-0.009978833
002422SZ,2025-02-12,-0.01117709930986166,-0.012692174
002459SZ,2025-02-12,-0.003478752449154854,0.009259112
002460SZ,2025-02-12,0.06724720448255539,0.048613816
002463SZ,2025-02-12,-0.009435608983039856,0.0025226166
002466SZ,2025-02-12,0.07892601191997528,0.07401779
002475SZ,2025-02-12,0.04657513275742531,0.048942722
002493SZ,2025-02-12,0.008657160215079784,0.011049415
002555SZ,2025-02-12,-0.013159574009478092,0.014262849
002594SZ,2025-02-12,0.05407657101750374,0.044869594
002601SZ,2025-02-12,-0.008314727805554867,0.0011043404
002648SZ,2025-02-12,-0.007150438614189625,0.0014247268
002709SZ,2025-02-12,0.054438769817352295,0.03159021
002714SZ,2025-02-12,-0.003110138699412346,0.0019296827
002916SZ,2025-02-12,0.031730301678180695,0.051398832
002920SZ,2025-02-12,0.021807048469781876,0.028956885
002938SZ,2025-02-12,0.004144671838730574,-0.002830148
003816SZ,2025-02-12,0.0019644214771687984,0.0027210545
300014SZ,2025-02-12,0.01848790980875492,0.023585415
300033SZ,2025-02-12,0.014684834517538548,0.019261535
300059SZ,2025-02-12,0.040152981877326965,0.024748707
300122SZ,2025-02-12,0.017357604578137398,0.005540079
300124SZ,2025-02-12,-0.000984504702500999,-0.005124759
300274SZ,2025-02-12,-0.00990872923284769,0.00028248611
300308SZ,2025-02-12,-0.006824611686170101,0.0035810494
300316SZ,2025-02-12,0.006475286558270454,0.014170258
300347SZ,2025-02-12,0.018366273492574692,0.0056443946
300394SZ,2025-02-12,-0.008614436723291874,0.0033074575
300408SZ,2025-02-12,0.035979148000478745,0.023937937
300413SZ,2025-02-12,0.00019267736934125423,0.013693293
300418SZ,2025-02-12,-0.014506442472338676,0.017002651
300433SZ,2025-02-12,0.007405079435557127,0.029937586
300450SZ,2025-02-12,0.049137335270643234,0.035076905
300498SZ,2025-02-12,0.002596905454993248,0.003764075
300502SZ,2025-02-12,-0.010507946833968163,-0.009128312
300628SZ,2025-02-12,0.009844047948718071,0.016384643
300661SZ,2025-02-12,0.06065948307514191,0.091654226
300750SZ,2025-02-12,0.006637201178818941,0.013803328
300759SZ,2025-02-12,0.01003100723028183,0.005779278
300760SZ,2025-02-12,-0.0019135617185384035,-0.0013465398
300782SZ,2025-02-12,0.11474909633398056,0.14894444
600000SS,2025-02-12,0.013083786703646183,0.010622579
600010SS,2025-02-12,0.0015395600348711014,-0.005390791
600011SS,2025-02-12,-0.008404584601521492,0.0
600015SS,2025-02-12,-0.008068573661148548,0.0013596101
600016SS,2025-02-12,-0.00432848185300827,0.0024066744
600018SS,2025-02-12,-0.007794721517711878,-0.0034783566
600019SS,2025-02-12,-0.009412985295057297,-0.005822344
600023SS,2025-02-12,0.0002933025825768709,0.001895773
600025SS,2025-02-12,-0.01710851676762104,-0.0079771625
600026SS,2025-02-12,-0.020418118685483932,-0.018130185
600028SS,2025-02-12,-0.004690227098762989,-0.0016380233
600029SS,2025-02-12,-0.006181020755320787,-0.0017316407
600031SS,2025-02-12,-0.0025840792804956436,0.0064953435
600036SS,2025-02-12,0.025039067491889,0.015495434
600048SS,2025-02-12,0.04588578641414642,0.035533864
600050SS,2025-02-12,-0.01136933732777834,0.0036429327
600061SS,2025-02-12,0.019521107897162437,0.01226947
600085SS,2025-02-12,-0.00019654282368719578,0.0018624574
600089SS,2025-02-12,0.012377548962831497,0.0057165795
600104SS,2025-02-12,-0.016863452270627022,-0.03260296
600111SS,2025-02-12,-0.00697994465008378,-0.0034692055
600115SS,2025-02-12,-0.0047261957079172134,0.0026631563
600161SS,2025-02-12,-0.0097774313762784,-0.0058365525
600183SS,2025-02-12,0.01177640538662672,0.034495845
600188SS,2025-02-12,-0.009591745212674141,-0.0075699138
600196SS,2025-02-12,-0.0026107649318873882,-0.0059605995
600219SS,2025-02-12,-0.02700570598244667,-0.019948153
600233SS,2025-02-12,-0.013401182368397713,-0.008791007
600276SS,2025-02-12,-0.001101075205951929,0.005641431
600309SS,2025-02-12,0.022564388811588287,0.0040668664
600332SS,2025-02-12,0.008346901275217533,0.0014754363
600346SS,2025-02-12,-0.004508502781391144,-0.0012927653
600362SS,2025-02-12,-0.022957414388656616,-0.015595363
600377SS,2025-02-12,-0.009729186072945595,-0.0028268604
600406SS,2025-02-12,0.005252600647509098,0.003463211
600415SS,2025-02-12,-0.01865782029926777,-0.023157181
600426SS,2025-02-12,-0.011056904681026936,-0.0023457438
600436SS,2025-02-12,0.018649591132998466,0.009344023
600438SS,2025-02-12,0.004433680325746536,0.017607622
600489SS,2025-02-12,-0.0198422409594059,-0.028937547
600519SS,2025-02-12,0.0210809875279665,0.017475065
600570SS,2025-02-12,0.07559693604707718,0.0527017
600585SS,2025-02-12,-0.014285863377153873,-0.009621148
600588SS,2025-02-12,0.02379320003092289,0.06118037
600600SS,2025-02-12,0.006571231875568628,0.010297846
600660SS,2025-02-12,0.005188757553696632,0.004012964
600674SS,2025-02-12,-0.00675208680331707,0.0012804406
600741SS,2025-02-12,-0.0005686489748768508,0.0
600760SS,2025-02-12,-0.006403363309800625,0.0004236992
600795SS,2025-02-12,-0.004721843171864748,0.0024183288
600809SS,2025-02-12,0.03279973939061165,0.029605556
600875SS,2025-02-12,0.07779447734355927,0.05031143
600886SS,2025-02-12,-0.010466029867529869,-0.007107182
600887SS,2025-02-12,-0.0007349086226895452,0.0070251864
600926SS,2025-02-12,-0.0006916631245985627,0.0020317615
600989SS,2025-02-12,0.003293329384177923,0.011238956
601006SS,2025-02-12,-0.004877376835793257,0.0
601009SS,2025-02-12,-0.010202130302786827,-0.0009438673
601012SS,2025-02-12,0.003032579319551587,0.010783077
601021SS,2025-02-12,0.011042862199246883,0.008417169
601058SS,2025-02-12,-0.01507930364459753,-0.011530671
601066SS,2025-02-12,0.02886005863547325,0.012897517
601088SS,2025-02-12,-0.016518594697117805,-0.0085968785
601100SS,2025-02-12,-0.0038838896434754133,-0.005615835
601117SS,2025-02-12,-0.009615267626941204,-0.004034938
601138SS,2025-02-12,0.005255755968391895,0.0173029
601166SS,2025-02-12,0.030806316062808037,0.021868533
601169SS,2025-02-12,0.005666639655828476,0.0033556952
601186SS,2025-02-12,0.0010327942436560988,0.0011744746
601225SS,2025-02-12,-0.006916852202266455,-0.0033074296
601229SS,2025-02-12,-0.007054279092699289,0.0010875503
601238SS,2025-02-12,0.0023806486278772354,0.008771708
601288SS,2025-02-12,0.007099720649421215,0.005853586
601318SS,2025-02-12,0.013300756923854351,0.011023363
601319SS,2025-02-12,-0.004364373162388802,0.001437821
601328SS,2025-02-12,0.018879137933254242,0.009688314
601336SS,2025-02-12,0.002127193147316575,0.010098565
601360SS,2025-02-12,0.01679600588977337,0.0037979211
601390SS,2025-02-12,0.012650111690163612,0.0033783873
601398SS,2025-02-12,0.0039832317270338535,0.0116614
601600SS,2025-02-12,-0.02021491900086403,-0.02058984
601601SS,2025-02-12,-0.010114247910678387,-0.0018685003
601607SS,2025-02-12,-0.004712577443569899,0.000992044
601618SS,2025-02-12,0.01104402169585228,0.0031796051
601628SS,2025-02-12,0.002087362576276064,0.011007919
601633SS,2025-02-12,0.005322562530636787,0.0083281575
601658SS,2025-02-12,-0.0033571922685950994,0.0
601668SS,2025-02-12,0.0014672201359644532,0.0036364
601669SS,2025-02-12,0.004661461804062128,0.0019626394
601688SS,2025-02-12,0.001524005550891161,0.007392535
601689SS,2025-02-12,-0.014789599925279617,-0.0027300927
601698SS,2025-02-12,0.02764430269598961,0.0009319012
601699SS,2025-02-12,-0.006467399653047323,-0.006410271
601766SS,2025-02-12,0.0058026621118187904,0.0067338375
601788SS,2025-02-12,0.019335977733135223,0.011254632
601799SS,2025-02-12,-0.025561073794960976,-0.03178555
601800SS,2025-02-12,0.013191577978432178,0.00421063
601808SS,2025-02-12,-0.010338295251131058,-0.008202179
601816SS,2025-02-12,0.004428135231137276,0.008968424
601818SS,2025-02-12,-0.0022852993570268154,0.0026631563
601838SS,2025-02-12,0.01314348354935646,0.011925733
601857SS,2025-02-12,-0.008491246961057186,-0.0012070064
601865SS,2025-02-12,-0.008762751705944538,0.00243248
601872SS,2025-02-12,-0.017474327236413956,-0.019856194
601877SS,2025-02-12,0.00897898618131876,0.0068759117
601878SS,2025-02-12,0.044189512729644775,0.018642513
601881SS,2025-02-12,0.0009402967407368124,0.01044908
601888SS,2025-02-12,0.01755751669406891,0.008329812
601899SS,2025-02-12,-0.01307728886604309,-0.017511846
601901SS,2025-02-12,0.025529388338327408,0.012329867
601919SS,2025-02-12,-0.005038189701735973,0.0006833124
601939SS,2025-02-12,0.021908538416028023,0.0150193535
601985SS,2025-02-12,-0.00403547054156661,-0.0010167756
601988SS,2025-02-12,-0.006829424761235714,0.003710513
601998SS,2025-02-12,-0.019405066967010498,-0.009302089
603019SS,2025-02-12,0.035472337156534195,-0.001869396
603195SS,2025-02-12,0.017148857936263084,0.008824998
603259SS,2025-02-12,-0.0077446564100682735,0.0020844624
603260SS,2025-02-12,0.016954220831394196,0.026029905
603288SS,2025-02-12,0.005919869523495436,0.009265844
603369SS,2025-02-12,-0.007238199468702078,0.0
603501SS,2025-02-12,0.054747480899095535,0.09502265
603659SS,2025-02-12,0.039801012724637985,0.036140572
603799SS,2025-02-12,0.04371270537376404,0.02149577
603806SS,2025-02-12,-0.0046613262966275215,0.008816373
603833SS,2025-02-12,-0.009850847534835339,0.0011358955
603986SS,2025-02-12,-0.0038114660419523716,0.0072866287
603993SS,2025-02-12,-0.014513176865875721,-0.019020006
688008SS,2025-02-12,-0.008091815747320652,0.009014496
688009SS,2025-02-12,-0.008222967386245728,-0.0017376712
688012SS,2025-02-12,0.06743700057268143,0.049509082
688036SS,2025-02-12,0.00561668211594224,0.017130587
688111SS,2025-02-12,0.004178122617304325,0.03920367
688169SS,2025-02-12,-0.00942779891192913,-0.012028952
688396SS,2025-02-12,0.03999761492013931,0.032994326
000001SZ,2025-02-13,0.020084774121642113,0.0069806785
000002SZ,2025-02-13,0.012638687156140804,0.0012554384
000157SZ,2025-02-13,-0.014218682423233986,-0.012829131
000166SZ,2025-02-13,-0.009499276988208294,-0.0057971054
000333SZ,2025-02-13,-0.017460299655795097,-0.015677743
000338SZ,2025-02-13,-0.010949608869850636,-0.01020032
000538SZ,2025-02-13,-0.006819749251008034,-0.003672883
000568SZ,2025-02-13,0.034177377820014954,0.037798904
000596SZ,2025-02-13,0.026543384417891502,0.029525308
000617SZ,2025-02-13,-0.015483115799725056,-0.013147662
000625SZ,2025-02-13,-0.018514469265937805,-0.01841467
000651SZ,2025-02-13,0.006009925156831741,0.0013702053
000661SZ,2025-02-13,0.014641744084656239,0.006438139
000708SZ,2025-02-13,0.015344724990427494,0.011793929
000725SZ,2025-02-13,-0.01216389611363411,-0.00882985
000768SZ,2025-02-13,0.014719448052346706,0.0062353495
000776SZ,2025-02-13,0.004575697705149651,-0.0031337813
000786SZ,2025-02-13,0.02501664124429226,0.02210783
000800SZ,2025-02-13,-0.012903889641165733,-0.007307992
000807SZ,2025-02-13,0.0059487284161150455,0.0012225775
000858SZ,2025-02-13,0.030245831236243248,0.029390693
000876SZ,2025-02-13,0.018899928778409958,0.015926123
000895SZ,2025-02-13,0.023114323616027832,0.017830892
000938SZ,2025-02-13,-0.014894592575728893,-0.021800473
000963SZ,2025-02-13,0.010802965611219406,0.006374772
000999SZ,2025-02-13,0.0169918742030859,0.0008992678
001965SZ,2025-02-13,0.0051542422734200954,0.0041719307
002001SZ,2025-02-13,0.0013708053156733513,-0.0044984217
002007SZ,2025-02-13,0.002909829607233405,-0.0055503845
002027SZ,2025-02-13,0.020035283640027046,0.006033112
002028SZ,2025-02-13,-0.01224053930491209,-0.017152198
002050SZ,2025-02-13,-0.01347585953772068,-0.025289223
002129SZ,2025-02-13,-0.010679066181182861,-0.0033388857
002179SZ,2025-02-13,-0.019140426069498062,-0.017435929
002230SZ,2025-02-13,0.0035149455070495605,-0.024512107
002236SZ,2025-02-13,0.005434210412204266,-0.018910764
002241SZ,2025-02-13,-0.01645788550376892,-0.053752508
002271SZ,2025-02-13,0.03053591400384903,0.021537172
002304SZ,2025-02-13,0.025179443880915642,0.01779741
002311SZ,2025-02-13,-0.011851383373141289,-0.008417872
002371SZ,2025-02-13,-0.018812576308846474,-0.012155203
002415SZ,2025-02-13,0.006131135392934084,-0.013680139
002422SZ,2025-02-13,0.0070616756565868855,0.0014587714
002459SZ,2025-02-13,0.0031009118538349867,-0.010810545
002460SZ,2025-02-13,-0.014986674301326275,-0.013619968
002463SZ,2025-02-13,-0.015128753148019314,-0.03955281
002466SZ,2025-02-13,-0.012104407884180546,-0.022999223
002475SZ,2025-02-13,-0.013399024493992329,-0.021419557
002493SZ,2025-02-13,0.003318352159112692,-0.0044052647
002555SZ,2025-02-13,0.004739084746688604,-0.01239104
002594SZ,2025-02-13,0.008770709857344627,-0.010927066
002601SZ,2025-02-13,0.004426089581102133,-0.009425898
002648SZ,2025-02-13,0.0061461287550628185,-0.009058244
002709SZ,2025-02-13,-0.014268342405557632,-0.012829856
002714SZ,2025-02-13,0.04394920542836189,0.05095987
002916SZ,2025-02-13,-0.020821750164031982,-0.043496616
002920SZ,2025-02-13,-0.0130770243704319,-0.022896267
002938SZ,2025-02-13,-0.011037533171474934,-0.040710907
003816SZ,2025-02-13,0.010743694379925728,0.0027136835
300014SZ,2025-02-13,0.003835611278191209,-0.0063577853
300033SZ,2025-02-13,-0.02015785686671734,-0.041664947
300059SZ,2025-02-13,-0.015831388533115387,-0.015604806
300122SZ,2025-02-13,-0.012287952937185764,-0.01230844
300124SZ,2025-02-13,-0.017724916338920593,-0.045468677
300274SZ,2025-02-13,-0.015106810256838799,-0.01221547
300308SZ,2025-02-13,-0.015859931707382202,-0.034350373
300316SZ,2025-02-13,-0.015258731320500374,-0.02276742
300347SZ,2025-02-13,-0.0107575673609972,-0.010561701
300394SZ,2025-02-13,-0.013173466548323631,-0.033015683
300408SZ,2025-02-13,-0.013008950278162956,-0.015896529
300413SZ,2025-02-13,0.019683603197336197,0.016522272
300418SZ,2025-02-13,-0.024736346676945686,-0.023057198
300433SZ,2025-02-13,-0.012761208228766918,-0.030997572
300450SZ,2025-02-13,0.020300067961215973,0.003346903
300498SZ,2025-02-13,0.03180161863565445,0.028997267
300502SZ,2025-02-13,-0.01995565928518772,-0.03545392
300628SZ,2025-02-13,-0.022219181060791016,-0.05678324
300661SZ,2025-02-13,-0.013016930781304836,-0.022606352
300750SZ,2025-02-13,0.019601115956902504,0.023569822
300759SZ,2025-02-13,-0.012662474997341633,-0.015875096
300760SZ,2025-02-13,0.004709657747298479,-0.005284789
300782SZ,2025-02-13,-0.015504634007811546,-0.04701912
600000SS,2025-02-13,-0.013588563539087772,-0.00965226
600010SS,2025-02-13,-0.012001177296042442,-0.005420035
600011SS,2025-02-13,0.014325428754091263,0.006240207
600015SS,2025-02-13,0.004033596254885197,-0.0013596707
600016SS,2025-02-13,-0.008445018902420998,0.0024009661
600018SS,2025-02-13,0.01305205374956131,0.003478298
600019SS,2025-02-13,0.006829405669122934,0.0
600023SS,2025-02-13,0.011684087105095387,0.0037807012
600025SS,2025-02-13,0.014660249464213848,0.0045662103
600026SS,2025-02-13,-0.01779874600470066,-0.018464863
600028SS,2025-02-13,-0.009779193438589573,-0.0049300725
600029SS,2025-02-13,0.004976070951670408,0.0069083497
600031SS,2025-02-13,-0.011486319825053215,-0.0017673466
600036SS,2025-02-13,0.005034357309341431,0.0021601184
600048SS,2025-02-13,0.01009820681065321,0.0
600050SS,2025-02-13,0.03830809146165848,0.0
600061SS,2025-02-13,-0.008100965991616249,-0.0067980313
600085SS,2025-02-13,0.005860269535332918,-0.004262074
600089SS,2025-02-13,-0.010978548787534237,-0.007355843
600104SS,2025-02-13,0.017185870558023453,0.0070403377
600111SS,2025-02-13,-0.015139864757657051,-0.014878854
600115SS,2025-02-13,0.006847938988357782,0.005304972
600161SS,2025-02-13,-0.010576129890978336,-0.009311292
600183SS,2025-02-13,-0.011258198879659176,-0.015414586
600188SS,2025-02-13,0.021820761263370514,0.017324569
600196SS,2025-02-13,0.011588695459067822,-0.0035935007
600219SS,2025-02-13,-0.016358645632863045,-0.010126324
600233SS,2025-02-13,0.03102065622806549,0.036115427
600276SS,2025-02-13,0.013856979086995125,0.004490381
600309SS,2025-02-13,0.027884894981980324,0.025557278
600332SS,2025-02-13,0.01049897726625204,0.0
600346SS,2025-02-13,0.01663789339363575,0.0070898137
600362SS,2025-02-13,0.005730916745960712,-0.0018509439
600377SS,2025-02-13,-0.008688959293067455,-0.000707996
600406SS,2025-02-13,-0.0096359271556139,-0.0038969454
600415SS,2025-02-13,-0.021484937518835068,-0.04479975
600426SS,2025-02-13,0.011345691047608852,0.005620569
600436SS,2025-02-13,0.01601426862180233,0.0052452087
600438SS,2025-02-13,-0.011250044219195843,-0.015739791
600489SS,2025-02-13,0.00444420799612999,0.0
600519SS,2025-02-13,0.014520912431180477,0.015170795
600570SS,2025-02-13,0.017098573967814445,-0.021198997
600585SS,2025-02-13,0.018133165314793587,0.012945756
600588SS,2025-02-13,0.02828594297170639,0.0949087
600600SS,2025-02-13,0.027115145698189735,0.020704646
600660SS,2025-02-13,-0.014359072782099247,-0.009271169
600674SS,2025-02-13,-0.00967937521636486,-0.0064184293
600741SS,2025-02-13,-0.009284678846597672,-0.014264632
600760SS,2025-02-13,0.008350073359906673,0.0
600795SS,2025-02-13,0.008116091601550579,-0.0024183358
600809SS,2025-02-13,0.043045055121183395,0.0652394
600875SS,2025-02-13,-0.015782471746206284,-0.0264897
600886SS,2025-02-13,0.007022973150014877,0.0
600887SS,2025-02-13,0.025445232167840004,0.013176571
600926SS,2025-02-13,-0.011936038732528687,-0.00678873
600989SS,2025-02-13,-0.017371507361531258,-0.02742473
601006SS,2025-02-13,0.019663110375404358,0.0074793813
601009SS,2025-02-13,-0.008113478310406208,-0.0037842796
601012SS,2025-02-13,-0.010636058636009693,-0.008235532
601021SS,2025-02-13,0.01250478159636259,0.010278026
601058SS,2025-02-13,0.0013748654164373875,-0.0012895424
601066SS,2025-02-13,0.005109013058245182,-0.0016031578
601088SS,2025-02-13,-0.008970897644758224,-0.0028822115
601100SS,2025-02-13,-0.01805540733039379,-0.042732082
601117SS,2025-02-13,0.009387190453708172,0.001346753
601138SS,2025-02-13,-0.013279834762215614,-0.016384816
601166SS,2025-02-13,0.0015138658927753568,-0.0038535648
601169SS,2025-02-13,0.0051292553544044495,-0.0016764126
601186SS,2025-02-13,0.014908993616700172,0.0011729267
601225SS,2025-02-13,0.006883712485432625,-0.00094691006
601229SS,2025-02-13,-0.01045099925249815,-0.008733468
601238SS,2025-02-13,-0.011249160394072533,-0.019843735
601288SS,2025-02-13,0.009715886786580086,0.0038834214
601318SS,2025-02-13,0.006440270692110062,-0.0011753186
601319SS,2025-02-13,0.006732953246682882,-0.0014378617
601328SS,2025-02-13,0.013452797196805477,0.008230273
601336SS,2025-02-13,0.0016163632972165942,-0.005036756
601360SS,2025-02-13,0.0008301224443130195,-0.033131506
601390SS,2025-02-13,0.01790476404130459,0.0033669816
601398SS,2025-02-13,0.010584683157503605,0.008657797
601600SS,2025-02-13,-0.0181159395724535,-0.01704794
601601SS,2025-02-13,0.006876072846353054,-0.0018721429
601607SS,2025-02-13,-0.009644911624491215,-0.006465939
601618SS,2025-02-13,0.018614614382386208,0.0031695045
601628SS,2025-02-13,0.004230431746691465,-0.004238789
601633SS,2025-02-13,-0.015237763524055481,-0.015922563
601658SS,2025-02-13,0.01350419782102108,0.001895773
601668SS,2025-02-13,0.020993726328015327,0.005429824
601669SS,2025-02-13,0.017395419999957085,0.0058650817
601688SS,2025-02-13,0.025579869747161865,0.0067757517
601689SS,2025-02-13,0.0063405162654817104,-0.008670341
601698SS,2025-02-13,-0.009047480300068855,-0.021179035
601699SS,2025-02-13,0.00616427743807435,-0.0008041513
601766SS,2025-02-13,-0.01208265870809555,-0.0053835404
601788SS,2025-02-13,0.012337056919932365,-0.0022409577
601799SS,2025-02-13,-0.012898441404104233,-0.0074952096
601800SS,2025-02-13,0.019961586222052574,0.0031462132
601808SS,2025-02-13,-0.009479311294853687,-0.008270026
601816SS,2025-02-13,-0.010000895708799362,-0.00178729
601818SS,2025-02-13,0.0032335547730326653,0.0026560226
601838SS,2025-02-13,-0.009555692784488201,-0.007138577
601857SS,2025-02-13,0.005137124098837376,-0.0060568983
601865SS,2025-02-13,0.004215014632791281,-0.009274898
601872SS,2025-02-13,-0.011086840182542801,-0.014429248
601877SS,2025-02-13,-0.010962764732539654,-0.006875925
601878SS,2025-02-13,-0.013277824968099594,-0.0092785675
601881SS,2025-02-13,0.009003662504255772,0.0006927235
601888SS,2025-02-13,0.020552849397063255,0.008261011
601899SS,2025-02-13,0.009887534193694592,0.0017652401
601901SS,2025-02-13,-0.0107925059273839,-0.00737992
601919SS,2025-02-13,0.0043626585975289345,-0.0054794243
601939SS,2025-02-13,0.012792070396244526,0.0057175276
601985SS,2025-02-13,0.01929260790348053,0.013137399
601988SS,2025-02-13,0.006155354902148247,0.0018500825
601998SS,2025-02-13,0.012458698824048042,0.004661967
603019SS,2025-02-13,-0.023246461525559425,-0.03148827
603195SS,2025-02-13,0.009838270954787731,0.004930085
603259SS,2025-02-13,-0.011051489971578121,-0.013450348
603260SS,2025-02-13,-0.010921568609774113,-0.028741516
603288SS,2025-02-13,-0.009079143404960632,-0.0034038343
603369SS,2025-02-13,0.04433014616370201,0.057667766
603501SS,2025-02-13,0.0179781261831522,0.0055278684
603659SS,2025-02-13,0.010391823947429657,0.009466475
603799SS,2025-02-13,0.003908722661435604,-0.0032775893
603806SS,2025-02-13,-0.013010796159505844,-0.013595622
603833SS,2025-02-13,0.02557947300374508,0.039723687
603986SS,2025-02-13,-0.03864337131381035,-0.055542212
603993SS,2025-02-13,0.0010271412320435047,-0.009648289
688008SS,2025-02-13,-0.02690601348876953,-0.03411213
688009SS,2025-02-13,-0.012449613772332668,-0.010489185
688012SS,2025-02-13,-0.02181381732225418,-0.032659676
688036SS,2025-02-13,-0.011033828370273113,-0.041279722
688111SS,2025-02-13,0.005890434142202139,-0.018199176
688169SS,2025-02-13,0.033581480383872986,0.03585186
688396SS,2025-02-13,-0.017370278015732765,-0.018389788
000001SZ,2025-02-14,-0.0018615092849358916,0.0043383497
000002SZ,2025-02-14,-0.015075336210429668,-0.020276729
000157SZ,2025-02-14,0.027600225061178207,0.03522519
000166SZ,2025-02-14,-0.0005572169902734458,0.0019361075
000333SZ,2025-02-14,0.00149095943197608,0.0048399298
000338SZ,2025-02-14,0.008645450696349144,0.008168677
000538SZ,2025-02-14,0.024055182933807373,0.014437787
000568SZ,2025-02-14,-0.006816167384386063,-0.0049102465
000596SZ,2025-02-14,-0.0030162751208990812,0.0119548235
000617SZ,2025-02-14,-0.017622575163841248,-0.0044215485
000625SZ,2025-02-14,0.003643941832706332,0.011825143
000651SZ,2025-02-14,-0.00077430548844859,0.0038720218
000661SZ,2025-02-14,0.03128185123205185,0.009784991
000708SZ,2025-02-14,-0.011720997281372547,-0.0033556905
000725SZ,2025-02-14,0.033883366733789444,0.015400612
000768SZ,2025-02-14,-0.027011655271053314,-0.016450115
000776SZ,2025-02-14,0.003916479647159576,0.0031337359
000786SZ,2025-02-14,-0.026193682104349136,-0.012670446
000800SZ,2025-02-14,0.0029405453242361546,0.004878009
000807SZ,2025-02-14,0.010275819338858128,0.019356914
000858SZ,2025-02-14,-0.013338116928935051,-0.0021313443
000876SZ,2025-02-14,0.05413810908794403,0.026721412
000895SZ,2025-02-14,0.01532706618309021,0.012489732
000938SZ,2025-02-14,0.07096470147371292,0.061329376
000963SZ,2025-02-14,-0.028842676430940628,-0.0069563463
000999SZ,2025-02-14,-0.005201009102165699,0.0006739013
001965SZ,2025-02-14,0.03933387249708176,0.04395269
002001SZ,2025-02-14,-0.0276795607060194,-0.009512839
002007SZ,2025-02-14,0.05701090767979622,0.022015754
002027SZ,2025-02-14,0.025849271565675735,0.016404573
002028SZ,2025-02-14,-0.001963674323633313,0.009451361
002050SZ,2025-02-14,-0.012708455324172974,-0.01335975
002129SZ,2025-02-14,7.73934880271554e-05,0.006666582
002179SZ,2025-02-14,-0.02781294658780098,-0.012065565
002230SZ,2025-02-14,0.032816872000694275,0.03352266
002236SZ,2025-02-14,0.0783119648694992,0.02996683
002241SZ,2025-02-14,-0.004156751558184624,-0.0024995971
002271SZ,2025-02-14,-0.018828675150871277,-0.0079238145
002304SZ,2025-02-14,-0.007360623683780432,-0.0025416643
002311SZ,2025-02-14,0.016333501785993576,0.02121351
002371SZ,2025-02-14,0.010287400335073471,0.019936347
002415SZ,2025-02-14,0.01272591669112444,0.033844907
002422SZ,2025-02-14,0.005637444090098143,0.011233535
002459SZ,2025-02-14,-0.011110707186162472,-0.0038895258
002460SZ,2025-02-14,0.00012616429012268782,0.007805757
002463SZ,2025-02-14,0.01830301620066166,0.016377373
002466SZ,2025-02-14,0.0029452473390847445,0.006025884
002475SZ,2025-02-14,-0.003336893627420068,0.0027605235
002493SZ,2025-02-14,-0.02252802811563015,-0.0077561587
002555SZ,2025-02-14,0.030922625213861465,0.022191973
002594SZ,2025-02-14,0.04496119171380997,0.04228404
002601SZ,2025-02-14,-0.0038457412738353014,0.004446946
002648SZ,2025-02-14,-0.0026160585694015026,0.0
002709SZ,2025-02-14,0.021278016269207,0.009765869
002714SZ,2025-02-14,-0.01694422774016857,-0.013171213
002916SZ,2025-02-14,-0.012007064186036587,-0.004025482
002920SZ,2025-02-14,0.02843768335878849,0.023662912
002938SZ,2025-02-14,0.0017388041596859694,0.008329104
003816SZ,2025-02-14,-0.0043481020256876945,-0.0027137164
300014SZ,2025-02-14,0.008292545564472675,0.015369746
300033SZ,2025-02-14,-0.011971578001976013,-0.0070394743
300059SZ,2025-02-14,-0.0009743075352162123,0.0024802843
300122SZ,2025-02-14,0.02736727148294449,0.018209053
300124SZ,2025-02-14,0.018171530216932297,0.022779595
300274SZ,2025-02-14,-0.0058179632760584354,-0.004727458
300308SZ,2025-02-14,-0.014539490453898907,-0.006402173
300316SZ,2025-02-14,-0.01846987195312977,0.0015981519
300347SZ,2025-02-14,0.08684134483337402,0.05490962
300394SZ,2025-02-14,-0.014701945707201958,-0.010291301
300408SZ,2025-02-14,-0.027354860678315163,-0.012744927
300413SZ,2025-02-14,-0.024080250412225723,-0.015502883
300418SZ,2025-02-14,0.03912237659096718,0.048809204
300433SZ,2025-02-14,-0.005995034705847502,-0.006389696
300450SZ,2025-02-14,0.042343925684690475,0.015627794
300498SZ,2025-02-14,-0.029434844851493835,-0.011624002
300502SZ,2025-02-14,-0.01604049652814865,-0.013665519
300628SZ,2025-02-14,-0.007219301536679268,0.008564672
300661SZ,2025-02-14,0.03514352813363075,0.019177953
300750SZ,2025-02-14,0.019483031705021858,0.031323396
300759SZ,2025-02-14,0.06719120591878891,0.043134358
300760SZ,2025-02-14,0.051978759467601776,0.042103
300782SZ,2025-02-14,0.02180342562496662,0.0014129417
600000SS,2025-02-14,0.007498032879084349,0.00965219
600010SS,2025-02-14,-0.026651302352547646,-0.010928633
600011SS,2025-02-14,-0.016119951382279396,-0.004676497
600015SS,2025-02-14,-0.010136044584214687,-0.0013614611
600016SS,2025-02-14,0.001452889759093523,0.0023951388
600018SS,2025-02-14,-0.0016797304851934314,0.001734538
600019SS,2025-02-14,-0.012166766449809074,-0.0073258835
600023SS,2025-02-14,-0.007469350006431341,0.0018849456
600025SS,2025-02-14,0.011568509973585606,0.009070134
600026SS,2025-02-14,-0.024050403386354446,-0.016338779
600028SS,2025-02-14,-0.00959323812276125,0.0
600029SS,2025-02-14,-0.00325937382876873,0.0
600031SS,2025-02-14,0.04779761657118797,0.029046787
600036SS,2025-02-14,0.013922222889959812,0.0076426417
600048SS,2025-02-14,-0.01932123489677906,-0.00818217
600050SS,2025-02-14,0.058382343500852585,0.08347779
600061SS,2025-02-14,0.01250442024320364,0.0067980103
600085SS,2025-02-14,0.019526520743966103,0.008770646
600089SS,2025-02-14,-0.01268299762159586,0.004910038
600104SS,2025-02-14,-0.023807130753993988,-0.010851573
600111SS,2025-02-14,-0.00632626935839653,0.0030816847
600115SS,2025-02-14,-0.011588571593165398,0.0
600161SS,2025-02-14,0.009804857894778252,0.01756816
600183SS,2025-02-14,-0.009190705604851246,-0.0010137326
600188SS,2025-02-14,-0.01316251140087843,-0.0037411433
600196SS,2025-02-14,0.02635691501200199,0.016658945
600219SS,2025-02-14,-0.00838098581880331,0.0
600233SS,2025-02-14,0.006378073710948229,0.0
600276SS,2025-02-14,0.024087626487016678,0.019079752
600309SS,2025-02-14,-0.04590638726949692,-0.039494928
600332SS,2025-02-14,0.015473409555852413,0.005513761
600346SS,2025-02-14,-0.006509662605822086,0.00064209336
600362SS,2025-02-14,0.0124695198610425,0.0073834243
600377SS,2025-02-14,0.014504647813737392,0.011967191
600406SS,2025-02-14,0.02396003156900406,0.027380427
600415SS,2025-02-14,0.0052357749082148075,0.019567626
600426SS,2025-02-14,-0.028736727312207222,-0.014110258
600436SS,2025-02-14,0.020621538162231445,0.015428426
600438SS,2025-02-14,-0.01594206877052784,0.0018647179
600489SS,2025-02-14,-0.010222023352980614,-0.005152677
600519SS,2025-02-14,0.0003942586190532893,0.006761662
600570SS,2025-02-14,0.14744460582733154,0.08205315
600585SS,2025-02-14,-0.027581874281167984,-0.011266102
600588SS,2025-02-14,0.07363013923168182,0.050388083
600600SS,2025-02-14,-0.007312304340302944,-0.0035397853
600660SS,2025-02-14,0.002766815945506096,0.0077029704
600674SS,2025-02-14,-0.006366011220961809,0.0012869887
600741SS,2025-02-14,-0.0027861702255904675,0.0074434136
600760SS,2025-02-14,-0.03059040568768978,-0.019457154
600795SS,2025-02-14,-0.01756279543042183,-0.0048543643
600809SS,2025-02-14,0.003975657280534506,-0.0120764235
600875SS,2025-02-14,0.00016682350542396307,0.003268961
600886SS,2025-02-14,0.0063314251601696014,0.011347148
600887SS,2025-02-14,-0.005692398175597191,0.0043541356
600926SS,2025-02-14,-0.018517309799790382,-0.0020457527
600989SS,2025-02-14,-0.006286701653152704,0.0042232126
601006SS,2025-02-14,0.0037040815223008394,0.01185141
601009SS,2025-02-14,-0.024607794359326363,-0.0057034087
601012SS,2025-02-14,-0.005704144015908241,0.005708757
601021SS,2025-02-14,-0.014551607891917229,-0.0065814243
601058SS,2025-02-14,-0.006332654971629381,0.0019336089
601066SS,2025-02-14,-0.009124069474637508,-0.0004012197
601088SS,2025-02-14,-0.00834798812866211,0.0005246216
601100SS,2025-02-14,0.04670161381363869,0.095094174
601117SS,2025-02-14,-0.021740738302469254,-0.005398042
601138SS,2025-02-14,-0.0023914799094200134,0.014125486
601166SS,2025-02-14,0.045394428074359894,0.02101016
601169SS,2025-02-14,-0.02142578735947609,-0.0016792783
601186SS,2025-02-14,-0.019036760553717613,-0.0023473569
601225SS,2025-02-14,-0.003960033878684044,0.0037824828
601229SS,2025-02-14,0.004508221056312323,0.009819693
601238SS,2025-02-14,0.014776041731238365,0.009972062
601288SS,2025-02-14,0.01834937185049057,0.009642982
601318SS,2025-02-14,0.00616836454719305,0.0132392645
601319SS,2025-02-14,0.0004739212745334953,0.008595873
601328SS,2025-02-14,-0.0014118878170847893,0.0027285442
601336SS,2025-02-14,0.029700785875320435,0.02902145
601360SS,2025-02-14,-0.0030995223205536604,0.0140070245
601390SS,2025-02-14,-7.931573782116175e-05,0.0033556952
601398SS,2025-02-14,-0.0087736826390028,0.0043009613
601600SS,2025-02-14,0.0055048493668437,0.013139987
601601SS,2025-02-14,0.018469201400876045,0.022233225
601607SS,2025-02-14,0.009318088181316853,0.00795217
601618SS,2025-02-14,-0.02320730686187744,-0.0031695368
601628SS,2025-02-14,0.006248059682548046,0.013155633
601633SS,2025-02-14,0.027413008734583855,0.035463773
601658SS,2025-02-14,-0.022009676322340965,-0.0037950492
601668SS,2025-02-14,-0.008312257006764412,0.0
601669SS,2025-02-14,-0.00044551314203999937,0.0019474104
601688SS,2025-02-14,0.02785060927271843,0.010078152
601689SS,2025-02-14,-0.007949559018015862,-0.002615884
601698SS,2025-02-14,0.0021904788445681334,0.011822671
601699SS,2025-02-14,-0.010753709822893143,-0.00080486713
601766SS,2025-02-14,0.02677375078201294,0.01739004
601788SS,2025-02-14,-0.022025976330041885,-0.0033707614
601799SS,2025-02-14,-0.005874671041965485,0.0026833673
601800SS,2025-02-14,0.0025022015906870365,0.0031363503
601808SS,2025-02-14,-0.013893979601562023,-0.0048559816
601816SS,2025-02-14,0.018129907548427582,0.014208917
601818SS,2025-02-14,-0.013436724431812763,0.0026490078
601838SS,2025-02-14,-0.006304606795310974,0.0011932874
601857SS,2025-02-14,-0.02876216173171997,-0.014687074
601865SS,2025-02-14,-0.008755629882216454,0.005380265
601872SS,2025-02-14,-0.023440148681402206,-0.0072938823
601877SS,2025-02-14,0.009236020036041737,0.011433409
601878SS,2025-02-14,0.007588038221001625,0.004228317
601881SS,2025-02-14,0.0018327884608879685,0.0034566773
601888SS,2025-02-14,-0.011783942580223083,0.001611839
601899SS,2025-02-14,0.014646532014012337,0.00877939
601901SS,2025-02-14,-0.0005807176348753273,0.0012337695
601919SS,2025-02-14,-0.005006794817745686,0.004796154
601939SS,2025-02-14,-0.0027716169133782387,-0.0011409466
601985SS,2025-02-14,-0.003993183374404907,0.0
601988SS,2025-02-14,-0.003469678107649088,0.0
601998SS,2025-02-14,-3.23406420648098e-05,0.0030959456
603019SS,2025-02-14,-0.01787005551159382,0.020205554
603195SS,2025-02-14,0.03729159012436867,0.016662227
603259SS,2025-02-14,0.05824306234717369,0.045017567
603260SS,2025-02-14,0.0003408094635233283,-0.0018132646
603288SS,2025-02-14,0.0004955463227815926,0.0043741935
603369SS,2025-02-14,0.007968933321535587,0.008411494
603501SS,2025-02-14,-0.0006099676829762757,-0.00095603825
603659SS,2025-02-14,-0.005807415582239628,0.0025094177
603799SS,2025-02-14,0.059860531240701675,0.02367885
603806SS,2025-02-14,-0.008869522251188755,0.0
603833SS,2025-02-14,-0.008134516887366772,-0.006253961
603986SS,2025-02-14,-0.025466101244091988,-0.002823513
603993SS,2025-02-14,0.007741997484117746,0.013754543
688008SS,2025-02-14,0.06906069070100784,0.0461689
688009SS,2025-02-14,-0.013252299278974533,0.0
688012SS,2025-02-14,-0.011299489997327328,-0.000419824
688036SS,2025-02-14,-0.008350509218871593,0.0051581655
688111SS,2025-02-14,-0.0037964540533721447,-0.0051947953
688169SS,2025-02-14,0.04291294887661934,0.046431016
688396SS,2025-02-14,-0.005870037712156773,0.0010662349
000001SZ,2025-02-17,0.036392927169799805,0.019715201
000002SZ,2025-02-17,-0.009513860568404198,-0.016783826
000157SZ,2025-02-17,0.008553571999073029,0.0069012465
000166SZ,2025-02-17,0.02252308651804924,0.011538044
000333SZ,2025-02-17,-0.011592593044042587,-0.0062269717
000338SZ,2025-02-17,-0.004913295619189739,-0.0020359578
000538SZ,2025-02-17,-0.0155889131128788,-0.01566491
000568SZ,2025-02-17,0.008175976574420929,0.005242244
000596SZ,2025-02-17,0.01555545162409544,0.017032295
000617SZ,2025-02-17,0.017278898507356644,0.005890916
000625SZ,2025-02-17,0.018817225471138954,-0.0058953064
000651SZ,2025-02-17,-0.009272695519030094,-0.007300907
000661SZ,2025-02-17,-0.01643969863653183,-0.008337035
000708SZ,2025-02-17,0.006464536767452955,-0.0016820248
000725SZ,2025-02-17,0.009888643398880959,0.0021810536
000768SZ,2025-02-17,-0.013956558890640736,-0.0155214025
000776SZ,2025-02-17,0.006428217515349388,0.0018756647
000786SZ,2025-02-17,-0.016667459160089493,-0.022049908
000800SZ,2025-02-17,0.006201987620443106,-0.0061012725
000807SZ,2025-02-17,-0.02028624340891838,-0.035974927
000858SZ,2025-02-17,-0.004125493112951517,0.002435572
000876SZ,2025-02-17,0.04337538406252861,0.04927343
000895SZ,2025-02-17,-0.006311264354735613,-0.0046656583
000938SZ,2025-02-17,0.01772698573768139,0.01954846
000963SZ,2025-02-17,-0.021804090589284897,-0.019085048
000999SZ,2025-02-17,-0.022252049297094345,-0.016756013
001965SZ,2025-02-17,0.03394186496734619,0.02982072
002001SZ,2025-02-17,0.0046007768251001835,0.00090998696
002007SZ,2025-02-17,0.010265354998409748,0.0060312157
002027SZ,2025-02-17,-0.017234282568097115,-0.0224355
002028SZ,2025-02-17,-0.004249156452715397,-0.0015475188
002050SZ,2025-02-17,0.017791317775845528,0.04283311
002129SZ,2025-02-17,0.018520280718803406,0.013200684
002179SZ,2025-02-17,0.007966793142259121,-0.0029717602
002230SZ,2025-02-17,0.006223331205546856,0.008574127
002236SZ,2025-02-17,0.02775564230978489,0.014941745
002241SZ,2025-02-17,0.0072622597217559814,0.0053486065
002271SZ,2025-02-17,0.009866942651569843,0.008712745
002304SZ,2025-02-17,0.0057983482256531715,0.00012730742
002311SZ,2025-02-17,-0.004771731328219175,-0.0028299685
002371SZ,2025-02-17,0.02756662853062153,0.023596236
002415SZ,2025-02-17,0.008227021433413029,0.0012673443
002422SZ,2025-02-17,-0.01647466979920864,-0.014518307
002459SZ,2025-02-17,0.015174771659076214,0.020823106
002460SZ,2025-02-17,-0.005467086099088192,-0.016800793
002463SZ,2025-02-17,0.0380987785756588,0.044109117
002466SZ,2025-02-17,-0.010853277519345284,-0.017880052
002475SZ,2025-02-17,-0.005278346128761768,-0.017611602
002493SZ,2025-02-17,-0.008154282346367836,-0.007816706
002555SZ,2025-02-17,0.019795993342995644,0.0060789655
002594SZ,2025-02-17,-0.006558456923812628,-0.021429598
002601SZ,2025-02-17,-0.010516578331589699,-0.010593563
002648SZ,2025-02-17,0.03491067513823509,0.024594234
002709SZ,2025-02-17,-0.01646890491247177,-0.019104846
002714SZ,2025-02-17,0.00927824154496193,0.003969864
002916SZ,2025-02-17,0.0429820716381073,0.08166961
002920SZ,2025-02-17,0.031435273587703705,0.029535368
002938SZ,2025-02-17,0.005842191632837057,0.0034096327
003816SZ,2025-02-17,0.03029249794781208,0.03207724
300014SZ,2025-02-17,-0.01244332268834114,-0.016737169
300033SZ,2025-02-17,0.015347883105278015,0.012278417
300059SZ,2025-02-17,0.012948754243552685,0.0061742207
300122SZ,2025-02-17,0.03765133023262024,0.03846209
300124SZ,2025-02-17,0.005708296317607164,0.014756682
300274SZ,2025-02-17,-0.024536646902561188,-0.020305425
300308SZ,2025-02-17,0.04471836984157562,0.072821245
300316SZ,2025-02-17,-0.004264350514858961,-0.0051232614
300347SZ,2025-02-17,-0.008706651628017426,-0.0064817765
300394SZ,2025-02-17,0.03297663480043411,0.08868545
300408SZ,2025-02-17,0.01741146482527256,0.00026174934
300413SZ,2025-02-17,-0.011421089060604572,-0.019548772
300418SZ,2025-02-17,0.02224539965391159,0.000694153
300433SZ,2025-02-17,0.007596954703330994,0.010626706
300450SZ,2025-02-17,-0.01562484446913004,-0.015627746
300498SZ,2025-02-17,0.011027298867702484,0.0055231266
300502SZ,2025-02-17,0.06286715716123581,0.12256149
300628SZ,2025-02-17,0.008146773092448711,0.0017041919
300661SZ,2025-02-17,-0.018271779641509056,-0.030566351
300750SZ,2025-02-17,-0.005328155588358641,-0.0011500169
300759SZ,2025-02-17,0.03054882027208805,0.03380139
300760SZ,2025-02-17,0.012748362496495247,-0.011370198
300782SZ,2025-02-17,0.0068803820759058,-0.018411454
600000SS,2025-02-17,-0.013608638197183609,-0.01353896
600010SS,2025-02-17,0.009278031066060066,0.0
600011SS,2025-02-17,0.028103521093726158,0.021635821
600015SS,2025-02-17,0.0003418286796659231,0.0
600016SS,2025-02-17,0.008747835643589497,0.0023895493
600018SS,2025-02-17,-0.004187973216176033,0.0
600019SS,2025-02-17,-0.005161953624337912,-0.0058996235
600023SS,2025-02-17,0.037222303450107574,0.036956053
600025SS,2025-02-17,0.012364624999463558,0.005627444
600026SS,2025-02-17,-0.008712206967175007,-0.008271167
600028SS,2025-02-17,-0.006012884434312582,-0.004954571
600029SS,2025-02-17,0.0033616209402680397,-0.0051768217
600031SS,2025-02-17,0.009092246182262897,-0.0057436917
600036SS,2025-02-17,-0.013144389726221561,-0.007402797
600048SS,2025-02-17,-0.005217892583459616,-0.0047059595
600050SS,2025-02-17,0.0540752075612545,0.08471536
600061SS,2025-02-17,0.0047735413536429405,0.0040567745
600085SS,2025-02-17,-0.00795050524175167,-0.0026497687
600089SS,2025-02-17,0.01610279642045498,0.009747926
600104SS,2025-02-17,0.011548704467713833,0.0065253065
600111SS,2025-02-17,0.01163754053413868,0.0061348877
600115SS,2025-02-17,-0.009463169611990452,-0.010638016
600161SS,2025-02-17,-0.00740549061447382,-0.0033922915
600183SS,2025-02-17,0.027940887957811356,0.08528127
600188SS,2025-02-17,-0.011673393659293652,-0.010549836
600196SS,2025-02-17,0.021312275901436806,0.027540822
600219SS,2025-02-17,-0.013028955087065697,-0.012803538
600233SS,2025-02-17,-0.005816316232085228,-0.0014204921
600276SS,2025-02-17,-0.008647260256111622,-0.005288684
600309SS,2025-02-17,0.018530212342739105,-0.0005678954
600332SS,2025-02-17,-0.010460363700985909,-0.0025693318
600346SS,2025-02-17,-0.009623625315725803,-0.0012844695
600362SS,2025-02-17,-0.018722370266914368,-0.02090365
600377SS,2025-02-17,0.02794426679611206,0.023509892
600406SS,2025-02-17,-0.005857097450643778,-0.0029592062
600415SS,2025-02-17,-0.015244780108332634,-0.025908453
600426SS,2025-02-17,0.01605956256389618,0.003310428
600436SS,2025-02-17,-0.011770423501729965,-0.011995718
600438SS,2025-02-17,0.013115858659148216,0.014334639
600489SS,2025-02-17,-0.022711222991347313,-0.045259845
600519SS,2025-02-17,-0.006291811820119619,-0.0022941262
600570SS,2025-02-17,0.029472550377249718,-0.0094838375
600585SS,2025-02-17,-0.013024530373513699,-0.014795207
600588SS,2025-02-17,-0.03233211487531662,-0.042960804
600600SS,2025-02-17,-0.006010960787534714,-0.007260262
600660SS,2025-02-17,-0.014251695945858955,-0.0085820295
600674SS,2025-02-17,0.009933884255588055,0.0025689898
600741SS,2025-02-17,0.012202741578221321,-0.009744696
600760SS,2025-02-17,-0.011625265702605247,-0.019843187
600795SS,2025-02-17,0.05165642499923706,0.038172264
600809SS,2025-02-17,0.021557746455073357,0.014930004
600875SS,2025-02-17,-0.010216053575277328,-0.021772405
600886SS,2025-02-17,0.028178559616208076,0.023690023
600887SS,2025-02-17,-0.010954427532851696,-0.006902752
600926SS,2025-02-17,-0.008151564747095108,-0.0034187264
600989SS,2025-02-17,-0.015642639249563217,-0.028696466
601006SS,2025-02-17,0.006145189516246319,0.0102562
601009SS,2025-02-17,-0.004268060903996229,-0.0038204174
601012SS,2025-02-17,0.02234339714050293,0.014442016
601021SS,2025-02-17,-0.008863984607160091,-0.009561697
601058SS,2025-02-17,-0.015144971199333668,-0.026088186
601066SS,2025-02-17,0.01802544854581356,0.007197043
601088SS,2025-02-17,-0.02076585590839386,-0.022540605
601100SS,2025-02-17,0.011919049546122551,0.018596428
601117SS,2025-02-17,-0.010261516086757183,-0.0040677334
601138SS,2025-02-17,0.017482686787843704,0.03554432
601166SS,2025-02-17,-0.008987139910459518,-0.009973596
601169SS,2025-02-17,0.009579789824783802,0.0016793193
601186SS,2025-02-17,-0.005097983404994011,-0.0011757959
601225SS,2025-02-17,-0.021086828783154488,-0.029201372
601229SS,2025-02-17,-0.006298373453319073,-0.0043525235
601238SS,2025-02-17,-0.007225420791655779,0.009873632
601288SS,2025-02-17,0.008259585127234459,0.00574147
601318SS,2025-02-17,0.010523033328354359,0.0027042918
601319SS,2025-02-17,-0.0050011747516691685,0.0
601328SS,2025-02-17,0.006544204428792,0.0027210545
601336SS,2025-02-17,0.016101457178592682,0.012389083
601360SS,2025-02-17,0.009965576231479645,-0.034580838
601390SS,2025-02-17,-0.004500272683799267,-0.0016764126
601398SS,2025-02-17,-0.004912619479000568,-0.0043010423
601600SS,2025-02-17,-0.01958092302083969,-0.0224394
601601SS,2025-02-17,-0.00635211355984211,-0.0033654387
601607SS,2025-02-17,-0.010032705031335354,-0.00845123
601618SS,2025-02-17,-0.0027495864778757095,0.0
601628SS,2025-02-17,-0.00806485302746296,-0.007425614
601633SS,2025-02-17,-0.010480688884854317,-0.014825508
601658SS,2025-02-17,0.037134312093257904,0.018830694
601668SS,2025-02-17,0.0055638994090259075,0.0
601669SS,2025-02-17,0.010623213835060596,0.0038834214
601688SS,2025-02-17,-0.011074494570493698,-0.0072686067
601689SS,2025-02-17,0.01200117263942957,0.026841678
601698SS,2025-02-17,0.011026734486222267,-0.0042402856
601699SS,2025-02-17,-0.009435693733394146,-0.0072726295
601766SS,2025-02-17,0.007430297322571278,0.0013254429
601788SS,2025-02-17,0.015514091588556767,0.0033707835
601799SS,2025-02-17,-0.015369819477200508,-0.020182794
601800SS,2025-02-17,0.0065271626226603985,0.0041665887
601808SS,2025-02-17,-0.0032256976701319218,0.0013898476
601816SS,2025-02-17,-0.005665099713951349,-0.0035335643
601818SS,2025-02-17,0.005492953583598137,0.0
601838SS,2025-02-17,-0.012689449824392796,-0.010188518
601857SS,2025-02-17,-0.013140516355633736,-0.006184151
601865SS,2025-02-17,0.014202681370079517,0.020277953
601872SS,2025-02-17,-0.009815191850066185,-0.010301357
601877SS,2025-02-17,0.04908760264515877,0.06631522
601878SS,2025-02-17,0.03159162029623985,0.005889731
601881SS,2025-02-17,0.02111443504691124,0.021840438
601888SS,2025-02-17,-0.006920024752616882,-0.0054909308
601899SS,2025-02-17,-0.025659197941422462,-0.03920058
601901SS,2025-02-17,0.01953340321779251,0.0073709995
601919SS,2025-02-17,0.018783999606966972,0.0122277895
601939SS,2025-02-17,0.007708357181400061,-0.0022857622
601985SS,2025-02-17,0.020184723660349846,0.020862084
601988SS,2025-02-17,0.012066912837326527,0.0055300025
601998SS,2025-02-17,0.029999857768416405,0.015336532
603019SS,2025-02-17,0.0504755936563015,0.028902268
603195SS,2025-02-17,0.009388543665409088,0.0009399999
603259SS,2025-02-17,0.03739115223288536,0.04660848
603260SS,2025-02-17,-0.009435734711587429,-0.024800962
603288SS,2025-02-17,0.00850965641438961,-0.00024256071
603369SS,2025-02-17,0.01907254382967949,0.019564237
603501SS,2025-02-17,0.008308476768434048,0.002057934
603659SS,2025-02-17,-0.009187355637550354,-0.015150648
603799SS,2025-02-17,-0.02086353488266468,-0.0256493
603806SS,2025-02-17,0.015248649753630161,0.0108914375
603833SS,2025-02-17,0.024897467344999313,0.03723502
603986SS,2025-02-17,-0.005653004162013531,0.0013343717
603993SS,2025-02-17,-0.02501964382827282,-0.0333241
688008SS,2025-02-17,0.017811963334679604,0.019984588
688009SS,2025-02-17,-0.004439105279743671,0.0
688012SS,2025-02-17,0.022995632141828537,0.014019601
688036SS,2025-02-17,0.0063850185833871365,0.009649239
688111SS,2025-02-17,-0.006642610300332308,-0.021050278
688169SS,2025-02-17,-0.01174306869506836,-0.009711596
688396SS,2025-02-17,0.008458794094622135,-0.0019199171
000001SZ,2025-02-18,0.02056787721812725,0.0025435442
000002SZ,2025-02-18,-0.022557208314538002,-0.021050278
000157SZ,2025-02-18,-0.01367218792438507,-0.018041603
000166SZ,2025-02-18,-0.02437017112970352,-0.021253645
000333SZ,2025-02-18,0.002579475985839963,-0.0019452381
000338SZ,2025-02-18,-0.017674842849373817,-0.009556102
000538SZ,2025-02-18,-0.01521449163556099,-0.008810367
000568SZ,2025-02-18,-0.022098978981375694,-0.014292741
000596SZ,2025-02-18,-0.006281477864831686,-0.018880647
000617SZ,2025-02-18,-0.03317757695913315,-0.037384108
000625SZ,2025-02-18,-0.011444352567195892,-0.020908821
000651SZ,2025-02-18,-0.028794173151254654,-0.014762729
000661SZ,2025-02-18,-0.038140714168548584,-0.016779281
000708SZ,2025-02-18,0.021075209602713585,0.01503673
000725SZ,2025-02-18,-0.032555971294641495,-0.013157325
000768SZ,2025-02-18,-0.017778629437088966,-0.017397063
000776SZ,2025-02-18,-0.05056580901145935,-0.031073986
000786SZ,2025-02-18,0.0014353403821587563,-0.011037937
000800SZ,2025-02-18,-0.02265489101409912,-0.014795751
000807SZ,2025-02-18,0.008481735363602638,-0.0031104628
000858SZ,2025-02-18,-0.010225401259958744,-0.010314965
000876SZ,2025-02-18,0.019252818077802658,-0.007349059
000895SZ,2025-02-18,0.017014814540743828,0.010466891
000938SZ,2025-02-18,-0.047203633934259415,-0.059767053
000963SZ,2025-02-18,-0.018719006329774857,-0.013430235
000999SZ,2025-02-18,-0.025010865181684494,-0.01356415
001965SZ,2025-02-18,0.01758878119289875,0.009237618
002001SZ,2025-02-18,-0.02690589800477028,-0.019281957
002007SZ,2025-02-18,-0.03539179265499115,-0.020040482
002027SZ,2025-02-18,-0.058084696531295776,-0.040107332
002028SZ,2025-02-18,0.016988016664981842,0.009249428
002050SZ,2025-02-18,-0.01289473008364439,-0.021196928
002129SZ,2025-02-18,-0.041296180337667465,-0.028818749
002179SZ,2025-02-18,-0.04926407337188721,-0.032156575
002230SZ,2025-02-18,-0.02471848763525486,-0.022592887
002236SZ,2025-02-18,-0.025714537128806114,-0.011474063
002241SZ,2025-02-18,-0.006656895391643047,-0.015047499
002271SZ,2025-02-18,-0.02891596034169197,-0.030417286
002304SZ,2025-02-18,-0.02346407249569893,-0.008432176
002311SZ,2025-02-18,0.001268348889425397,-0.0014179852
002371SZ,2025-02-18,0.0011708874953910708,0.009582536
002415SZ,2025-02-18,0.020603375509381294,0.016330475
002422SZ,2025-02-18,0.015320147387683392,0.0010962432
002459SZ,2025-02-18,-0.034844882786273956,-0.050046917
002460SZ,2025-02-18,0.013172625564038754,-0.00084751967
002463SZ,2025-02-18,0.02569001540541649,0.02821131
002466SZ,2025-02-18,-0.0018559452146291733,-0.00061184994
002475SZ,2025-02-18,-0.009264246560633183,-0.016025376
002493SZ,2025-02-18,-0.005183330737054348,-0.0056211096
002555SZ,2025-02-18,-0.04551950842142105,-0.035141747
002594SZ,2025-02-18,0.01889669895172119,0.021906769
002601SZ,2025-02-18,0.01410421822220087,0.0016802714
002648SZ,2025-02-18,0.018258512020111084,0.006984822
002709SZ,2025-02-18,0.020495589822530746,0.012949522
002714SZ,2025-02-18,-0.022394001483917236,-0.018391123
002916SZ,2025-02-18,-0.004467129707336426,0.0068690456
002920SZ,2025-02-18,-0.020702624693512917,-0.03915602
002938SZ,2025-02-18,-0.004386348184198141,-0.008300615
003816SZ,2025-02-18,-0.016221513971686363,-0.010581698
300014SZ,2025-02-18,0.019839534536004066,0.01314234
300033SZ,2025-02-18,-0.048071302473545074,-0.048336674
300059SZ,2025-02-18,-0.06605837494134903,-0.04358523
300122SZ,2025-02-18,-0.03600049763917923,-0.041993406
300124SZ,2025-02-18,-0.009442951530218124,-0.012656745
300274SZ,2025-02-18,0.00346745946444571,0.0068637184
300308SZ,2025-02-18,-0.025564616546034813,-0.01719269
300316SZ,2025-02-18,-0.009664461947977543,-0.015854027
300347SZ,2025-02-18,-0.02465587854385376,-0.034909435
300394SZ,2025-02-18,-0.015582578256726265,-0.010845969
300408SZ,2025-02-18,-0.03430056571960449,-0.025708092
300413SZ,2025-02-18,-0.041307948529720306,-0.07092929
300418SZ,2025-02-18,-0.026537250727415085,-0.017966133
300433SZ,2025-02-18,-0.0051463088020682335,-0.026053032
300450SZ,2025-02-18,0.04800662025809288,0.09135937
300498SZ,2025-02-18,-0.025910386815667152,-0.017282717
300502SZ,2025-02-18,-0.006851712241768837,0.0040469207
300628SZ,2025-02-18,-0.019868360832333565,-0.018162526
300661SZ,2025-02-18,-0.014064183458685875,-0.022438366
300750SZ,2025-02-18,0.001311164116486907,0.005072419
300759SZ,2025-02-18,-0.034986477345228195,-0.034548547
300760SZ,2025-02-18,0.0015582592459395528,-0.009471082
300782SZ,2025-02-18,-0.009876426309347153,-0.026900973
600000SS,2025-02-18,0.02327066846191883,0.022144541
600010SS,2025-02-18,-0.030100733041763306,-0.022219539
600011SS,2025-02-18,0.02063020132482052,0.009132264
600015SS,2025-02-18,0.020283924415707588,0.0067887753
600016SS,2025-02-18,0.023041415959596634,0.007134198
600018SS,2025-02-18,-0.015585358254611492,-0.006956406
600019SS,2025-02-18,0.012981221079826355,-0.002963032
600023SS,2025-02-18,0.017286984249949455,0.00903316
600025SS,2025-02-18,0.011180823668837547,0.0011217257
600026SS,2025-02-18,0.011367088183760643,-0.010855669
600028SS,2025-02-18,-0.006283589173108339,-0.00497919
600029SS,2025-02-18,-0.002897778293117881,-0.01569215
600031SS,2025-02-18,-0.010868944227695465,-0.018603016
600036SS,2025-02-18,0.01788158342242241,0.0078784935
600048SS,2025-02-18,-0.015247647650539875,-0.019045876
600050SS,2025-02-18,-0.011188696138560772,-0.013920434
600061SS,2025-02-18,-0.038811057806015015,-0.028741516
600085SS,2025-02-18,-0.02926822379231453,-0.020638494
600089SS,2025-02-18,-0.005789025686681271,-0.0032388396
600104SS,2025-02-18,-0.021093664690852165,-0.04826503
600111SS,2025-02-18,-0.007121686358004808,-0.016738866
600115SS,2025-02-18,-0.012438470497727394,-0.018891698
600161SS,2025-02-18,-0.01781230792403221,-0.011718365
600183SS,2025-02-18,0.021745190024375916,0.045176316
600188SS,2025-02-18,-0.013273998163640499,-0.009896969
600196SS,2025-02-18,-0.014285657554864883,-0.021270016
600219SS,2025-02-18,-0.003224869491532445,-0.005167954
600233SS,2025-02-18,-0.03912532702088356,-0.031028222
600276SS,2025-02-18,-0.016703469678759575,-0.009768829
600309SS,2025-02-18,-0.020969515666365623,-0.0065535866
600332SS,2025-02-18,-0.027145128697156906,-0.014062935
600346SS,2025-02-18,9.509181836619973e-05,0.0070443624
600362SS,2025-02-18,-0.022067291662096977,-0.012756335
600377SS,2025-02-18,0.015725331380963326,0.009523622
600406SS,2025-02-18,-0.007915975525975227,-0.005093367
600415SS,2025-02-18,-0.028006594628095627,-0.0274142
600426SS,2025-02-18,-0.02475898526608944,-0.014264693
600436SS,2025-02-18,-0.02128305844962597,-0.01179941
600438SS,2025-02-18,-0.032376911491155624,-0.041219633
600489SS,2025-02-18,0.009502730332314968,-0.0069739916
600519SS,2025-02-18,-0.002082395600154996,0.0022941679
600570SS,2025-02-18,-0.04709464684128761,-0.056063913
600585SS,2025-02-18,0.008961604908108711,-0.0038404015
600588SS,2025-02-18,-0.007506121415644884,-0.02483015
600600SS,2025-02-18,-0.0012839923147112131,-0.0045825453
600660SS,2025-02-18,0.024805491790175438,0.009976075
600674SS,2025-02-18,0.012012547813355923,0.0012819883
600741SS,2025-02-18,-0.004678404424339533,-0.008677976
600760SS,2025-02-18,-0.0017435114132240415,-0.017328247
600795SS,2025-02-18,-0.007367866113781929,-0.009411519
600809SS,2025-02-18,-0.02108818292617798,-0.024279786
600875SS,2025-02-18,-0.024650929495692253,-0.012080042
600886SS,2025-02-18,0.0010967343114316463,-0.0027586618
600887SS,2025-02-18,-0.008187145926058292,-0.0062167766
600926SS,2025-02-18,0.017371246591210365,0.0020526994
600989SS,2025-02-18,0.01455008890479803,0.007407326
601006SS,2025-02-18,-0.004534842912107706,-0.0014588133
601009SS,2025-02-18,-0.010834849439561367,-0.0038350765
601012SS,2025-02-18,-0.01226742472499609,-0.013178037
601021SS,2025-02-18,0.010670474730432034,-0.009258175
601058SS,2025-02-18,-0.00868838932365179,-0.01531716
601066SS,2025-02-18,-0.02043086662888527,-0.024190009
601088SS,2025-02-18,-0.016904018819332123,-0.018133523
601100SS,2025-02-18,0.013490325771272182,0.016725166
601117SS,2025-02-18,-0.027587153017520905,-0.01920269
601138SS,2025-02-18,-0.013938474468886852,-0.009653102
601166SS,2025-02-18,0.011796191334724426,0.004761749
601169SS,2025-02-18,0.024795502424240112,0.010016434
601186SS,2025-02-18,-0.016924798488616943,-0.011833965
601225SS,2025-02-18,-0.019011158496141434,-0.020616354
601229SS,2025-02-18,0.027731845155358315,0.01729599
601238SS,2025-02-18,-0.023100338876247406,-0.024305847
601288SS,2025-02-18,-0.0005424375412985682,0.009496465
601318SS,2025-02-18,-0.012981332838535309,-0.010276007
601319SS,2025-02-18,-0.00683173630386591,-0.008595916
601328SS,2025-02-18,0.022392403334379196,0.010810434
601336SS,2025-02-18,-0.025129344314336777,-0.022863537
601360SS,2025-02-18,-0.025558318942785263,-0.062644705
601390SS,2025-02-18,-0.024705007672309875,-0.010117776
601398SS,2025-02-18,0.022471006959676743,0.018503781
601600SS,2025-02-18,-0.0015866887988522649,-0.005354717
601601SS,2025-02-18,0.01198961678892374,0.0021429893
601607SS,2025-02-18,-0.01149106863886118,-0.010539295
601618SS,2025-02-18,-0.012224220670759678,-0.009569218
601628SS,2025-02-18,-0.010342104360461235,-0.010991418
601633SS,2025-02-18,-0.005414455663412809,-0.005913593
601658SS,2025-02-18,0.02942499704658985,0.022137431
601668SS,2025-02-18,0.0007030167034827173,-0.0018066365
601669SS,2025-02-18,-0.019977647811174393,-0.011695512
601688SS,2025-02-18,-0.0347299687564373,-0.020978604
601689SS,2025-02-18,-0.005866930354386568,-0.02002936
601698SS,2025-02-18,-0.041586488485336304,-0.049811848
601699SS,2025-02-18,-0.02982799895107746,-0.015528242
601766SS,2025-02-18,0.013016142882406712,0.0
601788SS,2025-02-18,-0.041108548641204834,-0.029589467
601799SS,2025-02-18,0.012121346779167652,-0.010839342
601800SS,2025-02-18,-0.0297707449644804,-0.01888605
601808SS,2025-02-18,0.01046469435095787,-0.0034781774
601816SS,2025-02-18,0.000119903648737818,-0.005323857
601818SS,2025-02-18,0.019690217450261116,0.015746996
601838SS,2025-02-18,0.021575914695858955,0.014946795
601857SS,2025-02-18,0.017259690910577774,0.0012398416
601865SS,2025-02-18,-0.04218032583594322,-0.0444442
601872SS,2025-02-18,-0.011521886102855206,-0.016404562
601877SS,2025-02-18,0.015934452414512634,-0.0038371107
601878SS,2025-02-18,-0.04820961132645607,-0.016919268
601881SS,2025-02-18,-0.03470919653773308,-0.028067084
601888SS,2025-02-18,-0.03164178133010864,-0.023591671
601899SS,2025-02-18,-0.005494138691574335,-0.0054694163
601901SS,2025-02-18,-0.03371654823422432,-0.027290247
601919SS,2025-02-18,-0.02145930752158165,-0.012227838
601939SS,2025-02-18,0.0144606102257967,0.007977122
601985SS,2025-02-18,-0.0011498439125716686,0.006859219
601988SS,2025-02-18,0.02641231194138527,0.021815605
601998SS,2025-02-18,0.026294328272342682,0.019591114
603019SS,2025-02-18,-0.04581397771835327,-0.04331506
603195SS,2025-02-18,0.01730256713926792,0.013332768
603259SS,2025-02-18,-0.018565740436315536,-0.0135696465
603260SS,2025-02-18,-0.007012953516095877,-0.0069073727
603288SS,2025-02-18,-0.011522390879690647,-0.009259078
603369SS,2025-02-18,-0.0014251237735152245,-0.00042131473
603501SS,2025-02-18,0.025432255119085312,0.052857988
603659SS,2025-02-18,0.02564934641122818,0.023880938
603799SS,2025-02-18,-0.03492863103747368,-0.013911249
603806SS,2025-02-18,-0.034498415887355804,-0.02884014
603833SS,2025-02-18,-0.03274783864617348,-0.061623625
603986SS,2025-02-18,-0.04271770268678665,-0.032028742
603993SS,2025-02-18,-0.019990934059023857,-0.019969488
688008SS,2025-02-18,-0.04964039847254753,-0.039387517
688009SS,2025-02-18,-0.01727934554219246,-0.01060037
688012SS,2025-02-18,-0.002129114232957363,-0.0036815573
688036SS,2025-02-18,-0.015199068002402782,-0.032353975
688111SS,2025-02-18,-0.009228798560798168,-0.043457717
688169SS,2025-02-18,-0.03656730428338051,-0.03530991
688396SS,2025-02-18,-0.02814597822725773,-0.022018055
000001SZ,2025-02-19,-0.019665731117129326,-0.008503283
000002SZ,2025-02-19,0.006459372118115425,0.017137852
000157SZ,2025-02-19,0.039807289838790894,0.028979449
000166SZ,2025-02-19,0.009469523094594479,0.009717944
000333SZ,2025-02-19,-0.0113796666264534,-0.0062783714
000338SZ,2025-02-19,0.0216948501765728,0.01226947
000538SZ,2025-02-19,-0.0010983478277921677,-0.00017698185
000568SZ,2025-02-19,-0.005725992377847433,0.0018504395
000596SZ,2025-02-19,0.0012469718931242824,-0.0046994924
000617SZ,2025-02-19,-0.0002904584398493171,0.009104507
000625SZ,2025-02-19,-0.00832561869174242,0.006769358
000651SZ,2025-02-19,-0.055064957588911057,-0.025651867
000661SZ,2025-02-19,0.0075368029065430164,0.006599914
000708SZ,2025-02-19,-0.016737131401896477,-0.016721291
000725SZ,2025-02-19,-0.029327159747481346,-0.0066444813
000768SZ,2025-02-19,0.00812805537134409,0.015389932
000776SZ,2025-02-19,0.0009508962393738329,0.0032164415
000786SZ,2025-02-19,-0.00952110905200243,-0.0003468996
000800SZ,2025-02-19,0.011565418913960457,0.008657797
000807SZ,2025-02-19,-0.004454758949577808,0.0
000858SZ,2025-02-19,0.008064831607043743,0.0069648162
000876SZ,2025-02-19,0.07961870729923248,0.09511758
000895SZ,2025-02-19,-0.005813690833747387,0.00077110576
000938SZ,2025-02-19,0.024001408368349075,0.02369328
000963SZ,2025-02-19,-0.005014597903937101,0.0030003937
000999SZ,2025-02-19,-0.0301479771733284,-0.010938815
001965SZ,2025-02-19,0.005862546619027853,0.008393527
002001SZ,2025-02-19,-0.007923713885247707,0.0
002007SZ,2025-02-19,-0.01662459596991539,0.004895922
002027SZ,2025-02-19,-0.008326476439833641,0.0
002028SZ,2025-02-19,-0.05535329505801201,-0.050979882
002050SZ,2025-02-19,0.04731687158346176,0.057045463
002129SZ,2025-02-19,0.03516289219260216,0.02553719
002179SZ,2025-02-19,0.009984788484871387,0.008624117
002230SZ,2025-02-19,-0.005108898505568504,0.0110860765
002236SZ,2025-02-19,-0.01203769538551569,0.009189903
002241SZ,2025-02-19,0.03327139467000961,0.02986534
002271SZ,2025-02-19,-0.0015678552445024252,0.006482908
002304SZ,2025-02-19,-0.0036497297696769238,0.0003848527
002311SZ,2025-02-19,-0.02671082131564617,-0.015936913
002371SZ,2025-02-19,0.061908058822155,0.05619854
002415SZ,2025-02-19,-0.004283617250621319,0.004662086
002422SZ,2025-02-19,-0.035020746290683746,-0.01954446
002459SZ,2025-02-19,0.010182364843785763,0.026915198
002460SZ,2025-02-19,0.011345895938575268,0.008723617
002463SZ,2025-02-19,-0.005598338786512613,0.0011986454
002466SZ,2025-02-19,-0.004269185476005077,0.00030584427
002475SZ,2025-02-19,0.005536301992833614,0.015557744
002493SZ,2025-02-19,0.0021453010849654675,0.0022523017
002555SZ,2025-02-19,-0.02823317050933838,0.009371892
002594SZ,2025-02-19,-0.03487129881978035,0.0063801017
002601SZ,2025-02-19,-0.009309183806180954,-0.0011198227
002648SZ,2025-02-19,-0.020740142092108727,-0.006984735
002709SZ,2025-02-19,-0.00794923771172762,0.0035961345
002714SZ,2025-02-19,0.010189450345933437,0.006168771
002916SZ,2025-02-19,-0.0084307249635458,-0.0071393573
002920SZ,2025-02-19,-0.015139053575694561,0.03684866
002938SZ,2025-02-19,-0.00425373949110508,0.0014698416
003816SZ,2025-02-19,-0.0226844921708107,-0.005333265
300014SZ,2025-02-19,0.018840953707695007,0.012527516
300033SZ,2025-02-19,0.014063097536563873,0.03204391
300059SZ,2025-02-19,0.0240589901804924,0.020782491
300122SZ,2025-02-19,0.009687662124633789,0.009014142
300124SZ,2025-02-19,0.057916391640901566,0.0835638
300274SZ,2025-02-19,-0.00461697019636631,-0.006717203
300308SZ,2025-02-19,-0.004228577017784119,0.005706031
300316SZ,2025-02-19,0.02598903700709343,0.02638744
300347SZ,2025-02-19,0.02281857840716839,0.015773393
300394SZ,2025-02-19,-0.023770824074745178,-0.006813154
300408SZ,2025-02-19,0.00660605588927865,0.013336297
300413SZ,2025-02-19,0.004908415488898754,0.016229168
300418SZ,2025-02-19,-0.02429109811782837,0.0054008947
300433SZ,2025-02-19,0.018351363018155098,0.045222595
300450SZ,2025-02-19,0.01241719163954258,0.01983425
300498SZ,2025-02-19,0.021727247163653374,0.01176071
300502SZ,2025-02-19,-0.03194368630647659,-0.019738719
300628SZ,2025-02-19,0.011278419755399227,0.015240051
300661SZ,2025-02-19,0.035322289913892746,0.039057393
300750SZ,2025-02-19,0.0025370169896632433,0.010214317
300759SZ,2025-02-19,-0.00154516426846385,0.005595913
300760SZ,2025-02-19,-0.02627296932041645,-0.0015612493
300782SZ,2025-02-19,0.03362654894590378,0.045289904
600000SS,2025-02-19,-0.016719261184334755,-0.0057306234
600010SS,2025-02-19,0.006698555313050747,0.011172833
600011SS,2025-02-19,-0.03301660344004631,-0.010662231
600015SS,2025-02-19,-0.00860355980694294,-0.0040677334
600016SS,2025-02-19,-0.028527237474918365,-0.011918456
600018SS,2025-02-19,-0.01831633411347866,-0.0034964797
600019SS,2025-02-19,-0.03215876966714859,-0.013442194
600023SS,2025-02-19,0.029817739501595497,0.023108082
600025SS,2025-02-19,-0.005476351827383041,0.0
600026SS,2025-02-19,0.0006169730913825333,0.0016778912
600028SS,2025-02-19,-0.03849856182932854,-0.0150871845
600029SS,2025-02-19,0.0086768614128232,-0.005286347
600031SS,2025-02-19,0.026997657492756844,0.02377158
600036SS,2025-02-19,-0.0035970660392194986,-0.0016660838
600048SS,2025-02-19,-0.0016331701772287488,0.0012012649
600050SS,2025-02-19,-0.028795434162020683,0.003110444
600061SS,2025-02-19,0.003848415333777666,0.008298722
600085SS,2025-02-19,-0.002563453745096922,-0.00027082057
600089SS,2025-02-19,-0.009761909954249859,-0.0008113693
600104SS,2025-02-19,-0.0015994308050721884,0.004540222
600111SS,2025-02-19,0.013438092544674873,0.020661693
600115SS,2025-02-19,-0.0036191456019878387,-0.002728479
600161SS,2025-02-19,-0.025716841220855713,-0.012851708
600183SS,2025-02-19,0.0069967033341526985,0.0035534918
600188SS,2025-02-19,-0.0023045395500957966,-0.0030651432
600196SS,2025-02-19,-0.00773200299590826,-0.003132346
600219SS,2025-02-19,-0.0057970755733549595,-0.0051947357
600233SS,2025-02-19,-0.012614830397069454,-0.005145188
600276SS,2025-02-19,-0.013856258243322372,-0.0024572928
600309SS,2025-02-19,-0.01501336321234703,-0.004440886
600332SS,2025-02-19,0.0002655239077284932,0.0029773365
600346SS,2025-02-19,-0.01170878205448389,-0.005759937
600362SS,2025-02-19,-0.0008529322221875191,0.003323022
600377SS,2025-02-19,-0.007320208474993706,-0.0013550151
600406SS,2025-02-19,-0.015910090878605843,-0.007260202
600415SS,2025-02-19,0.00816002581268549,0.020232646
600426SS,2025-02-19,-0.03466947376728058,-0.010591878
600436SS,2025-02-19,0.00016265502199530602,0.0012692492
600438SS,2025-02-19,0.002300720429047942,0.013779347
600489SS,2025-02-19,0.0035947661381214857,0.0023302045
600519SS,2025-02-19,0.018289050087332726,0.0107886195
600570SS,2025-02-19,-0.03509678319096565,0.025327671
600585SS,2025-02-19,-0.005709550343453884,-0.0042844014
600588SS,2025-02-19,-0.014438857324421406,0.008733425
600600SS,2025-02-19,-0.018084650859236717,-0.006768868
600660SS,2025-02-19,-0.005353812128305435,-0.0033144264
600674SS,2025-02-19,-0.016916906461119652,-0.0044943504
600741SS,2025-02-19,0.006285596173256636,0.016708756
600760SS,2025-02-19,0.0008754777954891324,0.0067008026
600795SS,2025-02-19,0.004237438086420298,0.0047169016
600809SS,2025-02-19,-0.00024344120174646378,0.0075107347
600875SS,2025-02-19,0.00395645247772336,0.00806983
600886SS,2025-02-19,-0.008498086594045162,0.0
600887SS,2025-02-19,0.051298096776008606,0.030339863
600926SS,2025-02-19,-0.0030095211695879698,0.0006833124
600989SS,2025-02-19,-0.01922030933201313,-0.014245168
601006SS,2025-02-19,-0.008878108114004135,0.0014587714
601009SS,2025-02-19,-0.010789587162435055,-0.0009611095
601012SS,2025-02-19,0.04849198833107948,0.032309823
601021SS,2025-02-19,0.018178224563598633,0.007492041
601058SS,2025-02-19,-0.011903924867510796,-0.00808609
601066SS,2025-02-19,0.012470806948840618,0.013378635
601088SS,2025-02-19,-0.02483406662940979,-0.014027701
601100SS,2025-02-19,0.04327831044793129,0.0949725
601117SS,2025-02-19,-0.010879099369049072,-0.0027739028
601138SS,2025-02-19,0.017622442916035652,0.024386603
601166SS,2025-02-19,-0.007403226103633642,-0.002378066
601169SS,2025-02-19,-0.010050453245639801,-0.0033277622
601186SS,2025-02-19,0.002364530460909009,0.0023781327
601225SS,2025-02-19,-0.02186664566397667,-0.016503
601229SS,2025-02-19,0.020210232585668564,0.009599773
601238SS,2025-02-19,0.006963085848838091,0.019931559
601288SS,2025-02-19,-0.011083662509918213,-0.007590032
601318SS,2025-02-19,-0.009336479939520359,0.00272474
601319SS,2025-02-19,0.00425673695281148,0.0043072524
601328SS,2025-02-19,-0.010647444985806942,-0.001344988
601336SS,2025-02-19,0.0025189423467963934,0.0061767083
601360SS,2025-02-19,0.0017675062408670783,0.021901404
601390SS,2025-02-19,0.01884879730641842,0.005071826
601398SS,2025-02-19,-0.008126476779580116,-0.005657673
601600SS,2025-02-19,0.0007501186337321997,0.005354654
601601SS,2025-02-19,-0.015144601464271545,-0.008599402
601607SS,2025-02-19,-0.001164951710961759,0.0
601618SS,2025-02-19,0.006267286371439695,0.0063898144
601628SS,2025-02-19,-0.005127234850078821,-0.00025126516
601633SS,2025-02-19,0.001884322613477707,0.0023696888
601658SS,2025-02-19,0.006882460787892342,-0.0073258835
601668SS,2025-02-19,0.0037887152284383774,0.0018066508
601669SS,2025-02-19,-0.003136227373033762,0.0019589511
601688SS,2025-02-19,0.0007361315656453371,0.00514429
601689SS,2025-02-19,0.031725481152534485,0.056143384
601698SS,2025-02-19,0.0038106024730950594,0.024022033
601699SS,2025-02-19,0.0026095400098711252,0.00411008
601766SS,2025-02-19,0.004051769617944956,0.0
601788SS,2025-02-19,0.018294036388397217,0.01319892
601799SS,2025-02-19,-0.009916255250573158,-0.0046705087
601800SS,2025-02-19,0.0024303507525473833,0.0031729506
601808SS,2025-02-19,-0.003540579229593277,-0.00069714035
601816SS,2025-02-19,0.0007851153495721519,0.0017778539
601818SS,2025-02-19,-0.0068107605911791325,-0.0026075775
601838SS,2025-02-19,-0.01444770023226738,-0.0041628936
601857SS,2025-02-19,-0.024323340505361557,-0.01121457
601865SS,2025-02-19,0.009467334486544132,0.0261361
601872SS,2025-02-19,-0.02046298049390316,-0.016678153
601877SS,2025-02-19,0.0879240408539772,0.06720979
601878SS,2025-02-19,0.02375500276684761,0.010186472
601881SS,2025-02-19,0.04671037942171097,0.036797374
601888SS,2025-02-19,0.007069477811455727,0.009077929
601899SS,2025-02-19,-0.006311864126473665,-0.0036629522
601901SS,2025-02-19,0.011962439864873886,0.011256753
601919SS,2025-02-19,-0.017499413341283798,-0.0068586417
601939SS,2025-02-19,-0.009390397928655148,-0.0034111307
601985SS,2025-02-19,-0.011883391998708248,-0.006859302
601988SS,2025-02-19,-0.007994578219950199,-0.0054102074
601998SS,2025-02-19,-0.01371169462800026,-0.0059879413
603019SS,2025-02-19,-0.017209326848387718,0.015646331
603195SS,2025-02-19,0.0006136431475169957,0.002645441
603259SS,2025-02-19,0.005268366076052189,0.016453225
603260SS,2025-02-19,-0.00039099561399780214,0.006349187
603288SS,2025-02-19,-0.002940830308943987,0.0024450854
603369SS,2025-02-19,-0.00469212606549263,-0.0074017765
603501SS,2025-02-19,0.011151271872222424,0.09502265
603659SS,2025-02-19,0.0029161814600229263,0.0037197766
603799SS,2025-02-19,0.024205897003412247,0.011935979
603806SS,2025-02-19,-0.005854592192918062,0.002088388
603833SS,2025-02-19,-0.025000890716910362,-0.013103101
603986SS,2025-02-19,0.02964276447892189,0.032185525
603993SS,2025-02-19,-0.0017126401653513312,0.002877732
688008SS,2025-02-19,0.034331828355789185,0.019827241
688009SS,2025-02-19,0.02058522030711174,0.014108682
688012SS,2025-02-19,0.061978790909051895,0.044521693
688036SS,2025-02-19,-0.021470464766025543,-0.019106243
688111SS,2025-02-19,-0.014121168293058872,0.013792396
688169SS,2025-02-19,0.02906442992389202,0.011067334
688396SS,2025-02-19,0.06421349197626114,0.061713833
000001SZ,2025-02-20,-0.0003150228876620531,-0.0042790137
000002SZ,2025-02-20,-0.008704319596290588,-0.017137831
000157SZ,2025-02-20,0.00675972132012248,0.006779659
000166SZ,2025-02-20,-0.016309967264533043,-0.0077668508
000333SZ,2025-02-20,-0.0037263876292854548,-0.0030837373
000338SZ,2025-02-20,-0.0019731309730559587,0.0006772369
000538SZ,2025-02-20,-0.0023450180888175964,-0.001240008
000568SZ,2025-02-20,-0.006000684108585119,-0.008438668
000596SZ,2025-02-20,0.0101533317938447,0.004576059
000617SZ,2025-02-20,-0.015164484269917011,-0.010629885
000625SZ,2025-02-20,-0.00622877711430192,-0.004507881
000651SZ,2025-02-20,-0.013716977089643478,-0.0021482487
000661SZ,2025-02-20,0.023113222792744637,0.021074215
000708SZ,2025-02-20,-0.006572485435754061,-0.0025327012
000725SZ,2025-02-20,0.014358336105942726,0.0
000768SZ,2025-02-20,0.01658172346651554,0.005611205
000776SZ,2025-02-20,-0.010063469409942627,-0.0032164159
000786SZ,2025-02-20,0.0024363487027585506,0.0034638052
000800SZ,2025-02-20,-0.013471960090100765,-0.006176594
000807SZ,2025-02-20,0.014489545486867428,0.010535774
000858SZ,2025-02-20,-0.0025801686570048332,-0.0046633827
000876SZ,2025-02-20,0.007702474016696215,-0.03904759
000895SZ,2025-02-20,0.008604330942034721,0.0065296884
000938SZ,2025-02-20,-0.021671704947948456,-0.01415021
000963SZ,2025-02-20,0.026020221412181854,0.017813213
000999SZ,2025-02-20,-0.018636059015989304,-0.0070454767
001965SZ,2025-02-20,-0.010916018858551979,-0.0122319395
002001SZ,2025-02-20,0.013972746208310127,0.007850228
002007SZ,2025-02-20,0.012397220358252525,0.0018298542
002027SZ,2025-02-20,-0.01531006209552288,-0.0079049505
002028SZ,2025-02-20,-0.031206196174025536,-0.028935831
002050SZ,2025-02-20,-0.013803569599986076,-0.01632073
002129SZ,2025-02-20,-0.019832493737339973,-0.01881404
002179SZ,2025-02-20,0.022622354328632355,0.018931028
002230SZ,2025-02-20,-0.02582109160721302,-0.014808513
002236SZ,2025-02-20,-0.011504429392516613,-0.014396117
002241SZ,2025-02-20,0.02700594626367092,0.03611416
002271SZ,2025-02-20,0.016916761174798012,0.008044881
002304SZ,2025-02-20,-0.0031091345008462667,-0.0015402957
002311SZ,2025-02-20,0.016447514295578003,0.008817672
002371SZ,2025-02-20,-0.009420722723007202,-0.0021906
002415SZ,2025-02-20,-2.4769920855760574e-05,-0.004973559
002422SZ,2025-02-20,0.019593579694628716,0.012582838
002459SZ,2025-02-20,-0.020302001386880875,-0.0317381
002460SZ,2025-02-20,-0.019808335229754448,-0.009006282
002463SZ,2025-02-20,0.005293733440339565,0.01427131
002466SZ,2025-02-20,-0.004749028477817774,-0.011073068
002475SZ,2025-02-20,0.018409905955195427,0.027676392
002493SZ,2025-02-20,0.006946288049221039,-0.0022523082
002555SZ,2025-02-20,-0.011030900292098522,-0.016931934
002594SZ,2025-02-20,0.010398762300610542,0.011867313
002601SZ,2025-02-20,0.015510177239775658,0.00391382
002648SZ,2025-02-20,0.011613178066909313,0.008375915
002709SZ,2025-02-20,-0.018859105184674263,-0.012383437
002714SZ,2025-02-20,-0.01829305849969387,-0.012916664
002916SZ,2025-02-20,0.02065553143620491,0.033618458
002920SZ,2025-02-20,0.0025891484692692757,-0.010502255
002938SZ,2025-02-20,0.021984633058309555,0.032028455
003816SZ,2025-02-20,0.0009951380779966712,-0.005361908
300014SZ,2025-02-20,-0.016083942726254463,-0.008483928
300033SZ,2025-02-20,-0.012069698423147202,-0.010810786
300059SZ,2025-02-20,-0.016217825934290886,-0.010550438
300122SZ,2025-02-20,0.02158900536596775,0.019700596
300124SZ,2025-02-20,-0.001341387047432363,-0.0011030552
300274SZ,2025-02-20,-0.016316136345267296,-0.016693782
300308SZ,2025-02-20,-0.001127908704802394,0.0017491751
300316SZ,2025-02-20,-0.0034819499123841524,-0.0028630234
300347SZ,2025-02-20,0.029169168323278427,0.08566481
300394SZ,2025-02-20,0.02166106179356575,0.03818968
300408SZ,2025-02-20,0.024649742990732193,0.02975066
300413SZ,2025-02-20,-0.005786433350294828,-0.0062396266
300418SZ,2025-02-20,-0.022945024073123932,-0.029943407
300433SZ,2025-02-20,-0.0016294338274747133,0.0051714475
300450SZ,2025-02-20,0.00042202623444609344,-0.004707876
300498SZ,2025-02-20,-0.017959298565983772,-0.008652485
300502SZ,2025-02-20,-0.009093346074223518,-0.018121388
300628SZ,2025-02-20,-0.00030352803878486156,0.0021933054
300661SZ,2025-02-20,0.009257826954126358,0.025389232
300750SZ,2025-02-20,-0.00963305402547121,-0.012321291
300759SZ,2025-02-20,0.02996300719678402,0.058804557
300760SZ,2025-02-20,0.0083421990275383,0.002574816
300782SZ,2025-02-20,-0.0025438808370381594,0.004118272
600000SS,2025-02-20,-0.008092568255960941,-0.0048006414
600010SS,2025-02-20,0.028184305876493454,0.032778163
600011SS,2025-02-20,0.023723160848021507,0.016703365
600015SS,2025-02-20,-0.012545973993837833,-0.0054495195
600016SS,2025-02-20,-0.008959697559475899,-0.0024010087
600018SS,2025-02-20,-0.023544978350400925,-0.010563086
600019SS,2025-02-20,-0.0027722353115677834,0.0
600023SS,2025-02-20,-0.010232673957943916,-0.015942302
600025SS,2025-02-20,0.006777544040232897,0.0011204157
600026SS,2025-02-20,-0.022754428908228874,-0.016905025
600028SS,2025-02-20,-0.000976479786913842,-0.001690682
600029SS,2025-02-20,-0.005183595698326826,-0.0035397853
600031SS,2025-02-20,0.018051056191325188,0.011395582
600036SS,2025-02-20,0.0014374052407220006,-0.0031015542
600048SS,2025-02-20,-0.016567431390285492,-0.015728047
600050SS,2025-02-20,-0.0015896300319582224,-0.037961006
600061SS,2025-02-20,-0.009705736301839352,-0.008298691
600085SS,2025-02-20,-0.006434792187064886,-0.004888624
600089SS,2025-02-20,-0.028707660734653473,-0.009787667
600104SS,2025-02-20,-0.00014369632117450237,0.0016974085
600111SS,2025-02-20,-3.616861067712307e-05,0.015114683
600115SS,2025-02-20,0.016039622947573662,0.0
600161SS,2025-02-20,0.007036288734525442,0.0009945448
600183SS,2025-02-20,0.0017253706464543939,-0.003256839
600188SS,2025-02-20,0.0016008501406759024,0.0015337608
600196SS,2025-02-20,0.007345641031861305,0.0031323098
600219SS,2025-02-20,-0.004278596490621567,-0.0026075775
600233SS,2025-02-20,-0.02504212036728859,-0.008882103
600276SS,2025-02-20,0.0338367335498333,0.03923503
600309SS,2025-02-20,-0.030891824513673782,-0.015917901
600332SS,2025-02-20,0.01850385218858719,0.0
600346SS,2025-02-20,0.00012485194019973278,-0.0077318326
600362SS,2025-02-20,-0.006176306400448084,-0.00142282
600377SS,2025-02-20,-0.011577881872653961,-0.014338625
600406SS,2025-02-20,-0.002826527925208211,-0.004726081
600415SS,2025-02-20,0.016003325581550598,0.010362377
600426SS,2025-02-20,-0.03228839859366417,-0.0185621
600436SS,2025-02-20,-0.0052134194411337376,-0.005822284
600438SS,2025-02-20,-0.029774373397231102,-0.033579838
600489SS,2025-02-20,0.016534609720110893,0.010034489
600519SS,2025-02-20,-0.006590465549379587,-0.011466769
600570SS,2025-02-20,-0.005925517063587904,-0.01681564
600585SS,2025-02-20,-0.0052978526800870895,-0.0077585015
600588SS,2025-02-20,-0.004970877431333065,0.0280025
600600SS,2025-02-20,-0.003815101459622383,-0.0050705425
600660SS,2025-02-20,0.0004516674380283803,0.0019202833
600674SS,2025-02-20,0.024517156183719635,0.013422265
600741SS,2025-02-20,-0.010541703552007675,-0.009761487
600760SS,2025-02-20,0.019941529259085655,0.010848872
600795SS,2025-02-20,0.0077369194477796555,0.0
600809SS,2025-02-20,0.005711586680263281,0.004626371
600875SS,2025-02-20,-0.024581165984272957,-0.012128962
600886SS,2025-02-20,0.018963180482387543,0.012353648
600887SS,2025-02-20,-0.011397020891308784,-0.009654727
600926SS,2025-02-20,-0.009263666346669197,-0.0027359498
600989SS,2025-02-20,0.013485565781593323,-0.008142752
601006SS,2025-02-20,-0.004604393616318703,-0.007315196
601009SS,2025-02-20,-0.011271766386926174,-0.002888727
601012SS,2025-02-20,-0.024791136384010315,-0.01913995
601021SS,2025-02-20,-0.022423435002565384,-0.0166358
601058SS,2025-02-20,-0.012543578632175922,-0.008834359
601066SS,2025-02-20,-0.011145920492708683,-0.0064645596
601088SS,2025-02-20,-0.005868714768439531,0.0030424662
601100SS,2025-02-20,0.004179579205811024,0.04228085
601117SS,2025-02-20,-0.024831928312778473,-0.011172805
601138SS,2025-02-20,-0.013888598419725895,-0.027033815
601166SS,2025-02-20,0.0013477582251653075,-0.0076480475
601169SS,2025-02-20,0.011329504661262035,0.0016652762
601186SS,2025-02-20,-0.033534642308950424,-0.016765345
601225SS,2025-02-20,-0.015916384756565094,-0.015242976
601229SS,2025-02-20,-0.006728656589984894,-0.0010621819
601238SS,2025-02-20,-0.009161281399428844,-0.0099171335
601288SS,2025-02-20,0.0092561524361372,0.0038023149
601318SS,2025-02-20,-0.02278025820851326,-0.013107147
601319SS,2025-02-20,-0.026824507862329483,-0.017339706
601328SS,2025-02-20,0.006296435836702585,-0.0013467189
601336SS,2025-02-20,-0.017825115472078323,-0.014887564
601360SS,2025-02-20,-0.008110898546874523,-0.008368107
601390SS,2025-02-20,-0.03232860192656517,-0.018721696
601398SS,2025-02-20,0.0209418423473835,0.004246241
601600SS,2025-02-20,-0.004183175973594189,0.002666723
601601SS,2025-02-20,-0.028635883703827858,-0.019621138
601607SS,2025-02-20,0.001444481429643929,-0.0035379906
601618SS,2025-02-20,-0.03084048628807068,-0.016050383
601628SS,2025-02-20,-0.027721254155039787,-0.01825397
601633SS,2025-02-20,-0.031530894339084625,-0.014302051
601658SS,2025-02-20,-0.014577376656234264,-0.0018398968
601668SS,2025-02-20,-0.03554348275065422,-0.009066062
601669SS,2025-02-20,-0.03608204424381256,-0.017767653
601688SS,2025-02-20,-0.0073448671028018,-0.0011409466
601689SS,2025-02-20,-0.008554487489163876,-0.013617974
601698SS,2025-02-20,0.018053283914923668,0.037077196
601699SS,2025-02-20,-0.0012244587996974587,0.0
601766SS,2025-02-20,-0.030152978375554085,-0.017366746
601788SS,2025-02-20,-0.0012769373133778572,0.00056989637
601799SS,2025-02-20,-0.013490338809788227,-0.01221366
601800SS,2025-02-20,-0.03393324092030525,-0.01811253
601808SS,2025-02-20,0.015037075616419315,0.0055631953
601816SS,2025-02-20,-0.01644863560795784,-0.008920467
601818SS,2025-02-20,0.014680623076856136,0.005208329
601838SS,2025-02-20,-0.01497312169522047,-0.0059772683
601857SS,2025-02-20,0.014883100986480713,0.0037523177
601865SS,2025-02-20,0.0038000098429620266,0.0014594856
601872SS,2025-02-20,-0.010800614021718502,-0.012307233
601877SS,2025-02-20,0.007987516932189465,-0.026295345
601878SS,2025-02-20,-0.01617884263396263,-0.0059296014
601881SS,2025-02-20,0.022212360054254532,0.017251596
601888SS,2025-02-20,-0.0036526620388031006,-0.006428687
601899SS,2025-02-20,0.0042588296346366405,0.0054894583
601901SS,2025-02-20,0.0003029115032404661,-0.0024905745
601919SS,2025-02-20,-0.014853185974061489,-0.012464837
601939SS,2025-02-20,0.004371102899312973,0.0
601985SS,2025-02-20,0.006122395396232605,-0.007897202
601988SS,2025-02-20,0.0035979612730443478,0.0036100317
601998SS,2025-02-20,0.0025244588032364845,-0.0030075102
603019SS,2025-02-20,-0.012997961603105068,-0.014413166
603195SS,2025-02-20,-0.01715683378279209,-0.008223693
603259SS,2025-02-20,0.022311927750706673,0.029317364
603260SS,2025-02-20,0.02540237084031105,0.039400727
603288SS,2025-02-20,0.01639844849705696,0.0043859435
603369SS,2025-02-20,-0.0005536462995223701,0.016211227
603501SS,2025-02-20,-0.031086109578609467,-0.031958412
603659SS,2025-02-20,-0.016159193590283394,-0.01370654
603799SS,2025-02-20,-0.009319166652858257,-0.0029708035
603806SS,2025-02-20,-0.030047282576560974,-0.018952359
603833SS,2025-02-20,-0.005168407689779997,-0.009982565
603986SS,2025-02-20,0.016128603368997574,0.0068775695
603993SS,2025-02-20,-0.012464004568755627,-0.004319659
688008SS,2025-02-20,-0.01751636154949665,-0.0123468125
688009SS,2025-02-20,-0.02359139733016491,-0.014108626
688012SS,2025-02-20,0.012030418030917645,0.01884812
688036SS,2025-02-20,0.01331335585564375,0.0058631855
688111SS,2025-02-20,-0.004698589444160461,-0.0016725915
688169SS,2025-02-20,0.020405059680342674,0.01679009
688396SS,2025-02-20,-0.0034310452174395323,-0.003700641
000001SZ,2025-02-21,-0.009846260771155357,-0.001716714
000002SZ,2025-02-21,0.013788871467113495,0.013209506
000157SZ,2025-02-21,-0.014040417037904263,-0.0067796092
000166SZ,2025-02-21,0.028423013165593147,0.017389923
000333SZ,2025-02-21,-0.029662713408470154,-0.009025467
000338SZ,2025-02-21,0.06435576826334,0.0628885
000538SZ,2025-02-21,-0.014641224406659603,-0.008007622
000568SZ,2025-02-21,0.011568119749426842,0.009110648
000596SZ,2025-02-21,0.013351412490010262,0.0133597
000617SZ,2025-02-21,0.011780121363699436,0.012139126
000625SZ,2025-02-21,-0.006869926583021879,0.0030075249
000651SZ,2025-02-21,-0.02655111439526081,-0.011776977
000661SZ,2025-02-21,-0.00812680833041668,0.00040892343
000708SZ,2025-02-21,-0.015000268816947937,-0.0119044045
000725SZ,2025-02-21,0.026031646877527237,0.008849337
000768SZ,2025-02-21,0.004247516859322786,0.00079909794
000776SZ,2025-02-21,0.03894258663058281,0.02040604
000786SZ,2025-02-21,-0.01816457323729992,-0.013576351
000800SZ,2025-02-21,0.003719704458490014,0.0037106317
000807SZ,2025-02-21,-0.0097952950745821,-0.007425554
000858SZ,2025-02-21,-0.009013701230287552,0.0047396813
000876SZ,2025-02-21,-0.012224063277244568,-0.005993997
000895SZ,2025-02-21,-0.015727931633591652,-0.00614445
000938SZ,2025-02-21,0.103195421397686,0.095114246
000963SZ,2025-02-21,0.06506417691707611,0.036677
000999SZ,2025-02-21,-0.03481777012348175,-0.019512683
001965SZ,2025-02-21,-0.022902527824044228,-0.010827233
002001SZ,2025-02-21,-0.01438833586871624,-0.0018415687
002007SZ,2025-02-21,0.002295473590493202,-0.0018298648
002027SZ,2025-02-21,0.015444512479007244,0.007904985
002028SZ,2025-02-21,0.008044388145208359,0.019205192
002050SZ,2025-02-21,-0.007722040172666311,0.009359257
002129SZ,2025-02-21,0.0018467572517693043,0.0044592884
002179SZ,2025-02-21,0.012960637919604778,0.010544501
002230SZ,2025-02-21,0.062147874385118484,0.03624517
002236SZ,2025-02-21,0.03293972089886665,0.026326409
002241SZ,2025-02-21,-0.007247583009302616,0.012092258
002271SZ,2025-02-21,0.018433410674333572,0.007980788
002304SZ,2025-02-21,0.028871404007077217,0.012889515
002311SZ,2025-02-21,-0.01471539493650198,-0.008199897
002371SZ,2025-02-21,-0.01479563768953085,0.019585036
002415SZ,2025-02-21,0.012419020757079124,0.018522616
002422SZ,2025-02-21,0.058935314416885376,0.0459692
002459SZ,2025-02-21,-0.01141838077455759,0.0040241247
002460SZ,2025-02-21,0.014404350891709328,0.012362596
002463SZ,2025-02-21,-0.01973295398056507,0.0035365054
002466SZ,2025-02-21,0.013870752416551113,0.009542631
002475SZ,2025-02-21,0.015774346888065338,0.02316117
002493SZ,2025-02-21,-0.007798166945576668,-0.0022572665
002555SZ,2025-02-21,0.0418049618601799,0.037231006
002594SZ,2025-02-21,0.02921401523053646,0.05418532
002601SZ,2025-02-21,-0.01938924938440323,-0.008405549
002648SZ,2025-02-21,0.00971788726747036,-0.0065085324
002709SZ,2025-02-21,0.04150393232703209,0.0256237
002714SZ,2025-02-21,0.003667831653729081,0.0021645194
002916SZ,2025-02-21,0.03394610434770584,0.048130322
002920SZ,2025-02-21,0.015941090881824493,0.012961523
002938SZ,2025-02-21,0.0023271469399333,0.012720301
003816SZ,2025-02-21,0.02278049662709236,0.015998961
300014SZ,2025-02-21,0.04274603724479675,0.03219994
300033SZ,2025-02-21,0.03577490523457527,0.04112485
300059SZ,2025-02-21,0.06115242466330528,0.03254558
300122SZ,2025-02-21,0.029191507026553154,0.026792739
300124SZ,2025-02-21,-0.011665645986795425,0.0196701
300274SZ,2025-02-21,0.021654117852449417,0.005200976
300308SZ,2025-02-21,0.033582910895347595,0.036784753
300316SZ,2025-02-21,0.01328025572001934,0.010457691
300347SZ,2025-02-21,0.010636777617037296,0.039894674
300394SZ,2025-02-21,0.01907850056886673,0.036977276
300408SZ,2025-02-21,0.020375927910208702,0.019608408
300413SZ,2025-02-21,0.0036405997816473246,0.007336684
300418SZ,2025-02-21,0.019721735268831253,0.022426296
300433SZ,2025-02-21,-0.013765234500169754,-0.004135063
300450SZ,2025-02-21,0.02103508822619915,0.014056856
300498SZ,2025-02-21,0.014114169403910637,0.011110831
300502SZ,2025-02-21,0.011325167492032051,0.015317166
300628SZ,2025-02-21,0.025057952851057053,0.011375548
300661SZ,2025-02-21,-0.021222516894340515,-0.015604322
300750SZ,2025-02-21,0.010453163646161556,0.019604083
300759SZ,2025-02-21,-0.004278847482055426,0.028348407
300760SZ,2025-02-21,-0.007180684246122837,0.0045093684
300782SZ,2025-02-21,-0.0006701679667457938,0.019596487
600000SS,2025-02-21,-0.020378150045871735,-0.009670975
600010SS,2025-02-21,-0.015576018951833248,-0.010810485
600011SS,2025-02-21,-0.015252616256475449,-0.0045282384
600015SS,2025-02-21,-0.0290075596421957,-0.010988706
600016SS,2025-02-21,-0.01452441606670618,-0.007237449
600018SS,2025-02-21,-0.007634432055056095,0.0035335356
600019SS,2025-02-21,0.017073001712560654,0.008981892
600023SS,2025-02-21,-0.018081292510032654,-0.014387714
600025SS,2025-02-21,-0.02320065349340439,-0.010129215
600026SS,2025-02-21,-0.02464807778596878,-0.014597699
600028SS,2025-02-21,-0.008687210269272327,0.0
600029SS,2025-02-21,-0.01231673639267683,0.0
600031SS,2025-02-21,-0.018003316596150398,0.0016983605
600036SS,2025-02-21,-0.016290858387947083,-0.010810425
600048SS,2025-02-21,-0.016561446711421013,0.0
600050SS,2025-02-21,0.02784871682524681,0.09502265
600061SS,2025-02-21,0.023126505315303802,0.020616403
600085SS,2025-02-21,-0.008885909803211689,-0.002453349
600089SS,2025-02-21,0.0037134073209017515,0.00081934716
600104SS,2025-02-21,-0.019421158358454704,-0.02228941
600111SS,2025-02-21,-0.016677401959896088,-0.008177183
600115SS,2025-02-21,0.0005322978249751031,0.0054495046
600161SS,2025-02-21,-0.01767926849424839,-0.003485235
600183SS,2025-02-21,-0.009498563595116138,0.01588589
600188SS,2025-02-21,-0.010295077227056026,0.0
600196SS,2025-02-21,0.0065969442948699,0.0019527643
600219SS,2025-02-21,-0.009924519807100296,0.0026075135
600233SS,2025-02-21,0.0008609608048573136,0.0022279185
600276SS,2025-02-21,0.03228072449564934,0.03754739
600309SS,2025-02-21,-0.014551910571753979,-0.0068798265
600332SS,2025-02-21,-0.016159307211637497,-0.0059634177
600346SS,2025-02-21,-0.015647662803530693,-0.012365276
600362SS,2025-02-21,0.0024451224599033594,-0.0033277622
600377SS,2025-02-21,-0.016685251146554947,-0.004135063
600406SS,2025-02-21,0.031947940587997437,0.01707822
600415SS,2025-02-21,0.04468710720539093,0.042665858
600426SS,2025-02-21,-0.01887485571205616,-0.00792063
600436SS,2025-02-21,0.002951191272586584,0.003917976
600438SS,2025-02-21,0.000938013952691108,0.0043827393
600489SS,2025-02-21,-0.028540803119540215,-0.030402368
600519SS,2025-02-21,0.009337100200355053,0.009593988
600570SS,2025-02-21,0.028473997488617897,0.06044403
600585SS,2025-02-21,-0.028158536180853844,-0.019220607
600588SS,2025-02-21,-0.009639759548008442,-0.009059807
600600SS,2025-02-21,-0.03079237975180149,-0.013598824
600660SS,2025-02-21,0.015096709132194519,0.007470981
600674SS,2025-02-21,-0.025267740711569786,-0.018582195
600741SS,2025-02-21,-0.0076387180015444756,0.00861809
600760SS,2025-02-21,0.016002850607037544,0.010732372
600795SS,2025-02-21,-0.023507066071033478,-0.011833965
600809SS,2025-02-21,0.008259035646915436,0.013596295
600875SS,2025-02-21,0.018428310751914978,0.016138759
600886SS,2025-02-21,-0.020302342250943184,-0.009595334
600887SS,2025-02-21,-0.019021695479750633,-0.0050431658
600926SS,2025-02-21,-0.028813719749450684,-0.013098392
600989SS,2025-02-21,-0.023428650572896004,-0.012657711
601006SS,2025-02-21,-0.011686795391142368,-0.0073690526
601009SS,2025-02-21,-0.030986305326223373,-0.014569339
601012SS,2025-02-21,-0.013942638412117958,0.0068342392
601021SS,2025-02-21,-0.011097007431089878,0.0035885326
601058SS,2025-02-21,-0.008053646422922611,0.0034071377
601066SS,2025-02-21,0.020122110843658447,0.022838175
601088SS,2025-02-21,-0.014277931302785873,-0.023184434
601100SS,2025-02-21,-0.011119706556200981,0.027313318
601117SS,2025-02-21,0.011005843989551067,0.006997843
601138SS,2025-02-21,0.011300611309707165,0.025312342
601166SS,2025-02-21,-0.013181490823626518,-0.008190642
601169SS,2025-02-21,-0.031900301575660706,-0.020166077
601186SS,2025-02-21,-0.014011363498866558,-0.0036296914
601225SS,2025-02-21,-0.011640219949185848,0.0
601229SS,2025-02-21,-0.02117585577070713,-0.012833659
601238SS,2025-02-21,-0.006799159571528435,0.0022124555
601288SS,2025-02-21,-0.018534943461418152,-0.017223606
601318SS,2025-02-21,0.01724710687994957,0.008236775
601319SS,2025-02-21,0.01054143626242876,0.010152018
601328SS,2025-02-21,-0.012634385377168655,-0.006761307
601336SS,2025-02-21,0.03430738300085068,0.028943695
601360SS,2025-02-21,0.01135578565299511,0.029794708
601390SS,2025-02-21,-0.010816988535225391,-0.0017196992
601398SS,2025-02-21,-0.02204098552465439,-0.021410853
601600SS,2025-02-21,0.044332146644592285,0.024979616
601601SS,2025-02-21,0.01514667458832264,0.01405521
601607SS,2025-02-21,-0.015536912716925144,-0.0045673368
601618SS,2025-02-21,-0.012746731750667095,-0.0032414708
601628SS,2025-02-21,0.01467123068869114,0.016745793
601633SS,2025-02-21,0.007451220881193876,0.00797121
601658SS,2025-02-21,-0.020212803035974503,-0.0148414755
601668SS,2025-02-21,-0.03218153119087219,-0.018380804
601669SS,2025-02-21,-0.013598287478089333,-0.00399197
601688SS,2025-02-21,0.018367091193795204,0.018097997
601689SS,2025-02-21,-0.007432776968926191,0.013071406
601698SS,2025-02-21,-0.007022184785455465,0.0116032
601699SS,2025-02-21,-0.016034375876188278,-0.0024640446
601766SS,2025-02-21,0.0265006385743618,0.018689882
601788SS,2025-02-21,0.013587906956672668,0.014143582
601799SS,2025-02-21,-0.028379270806908607,-0.020281898
601800SS,2025-02-21,-0.007119777146726847,0.0
601808SS,2025-02-21,-0.015521845780313015,-0.0027777879
601816SS,2025-02-21,-0.010350697673857212,-0.001793679
601818SS,2025-02-21,-0.01812925934791565,-0.015705831
601838SS,2025-02-21,-0.030124828219413757,-0.018147416
601857SS,2025-02-21,-0.013563248328864574,-0.0025000751
601865SS,2025-02-21,-0.01476824376732111,-0.014690642
601872SS,2025-02-21,-0.010515792295336723,0.0015467345
601877SS,2025-02-21,-0.0014990086201578379,0.004499875
601878SS,2025-02-21,0.03278278559446335,0.019350251
601881SS,2025-02-21,-0.012124305590987206,0.010470901
601888SS,2025-02-21,0.01614152453839779,0.009545465
601899SS,2025-02-21,-0.02461351826786995,-0.015322424
601901SS,2025-02-21,0.015504477545619011,0.016078008
601919SS,2025-02-21,0.0050100102089345455,0.0
601939SS,2025-02-21,-0.0188483614474535,-0.016072365
601985SS,2025-02-21,-0.005294096190482378,0.0009906149
601988SS,2025-02-21,-0.02084517478942871,-0.016347684
601998SS,2025-02-21,-0.01744036376476288,-0.0030165974
603019SS,2025-02-21,0.09092862904071808,0.052510988
603195SS,2025-02-21,-0.017719080671668053,-0.015840042
603259SS,2025-02-21,0.03479941189289093,0.06095101
603260SS,2025-02-21,-0.014746112748980522,-0.00989095
603288SS,2025-02-21,0.021384119987487793,0.007991076
603369SS,2025-02-21,-0.018331674858927727,-0.012609911
603501SS,2025-02-21,-0.009130092337727547,0.032084852
603659SS,2025-02-21,0.018334612250328064,0.019873852
603799SS,2025-02-21,0.03220004960894585,0.020285895
603806SS,2025-02-21,0.010372179560363293,0.002830898
603833SS,2025-02-21,0.024662846699357033,0.03584703
603986SS,2025-02-21,0.07364049553871155,0.07241648
603993SS,2025-02-21,-0.01649133488535881,-0.0028901617
688008SS,2025-02-21,0.09746167063713074,0.061100498
688009SS,2025-02-21,0.021872935816645622,0.010600407
688012SS,2025-02-21,0.007410956081002951,0.030056056
688036SS,2025-02-21,0.019903389737010002,0.030395553
688111SS,2025-02-21,0.015580816194415092,0.019590762
688169SS,2025-02-21,0.04083899408578873,0.06572397
688396SS,2025-02-21,0.012793323956429958,0.023406545
000001SZ,2025-02-24,-0.012212462723255157,-0.0043047536
000002SZ,2025-02-24,0.016283506527543068,0.025902456
000157SZ,2025-02-24,0.0242050401866436,0.03606042
000166SZ,2025-02-24,-0.014616435393691063,-0.0076921913
000333SZ,2025-02-24,0.009153145365417004,0.0042408993
000338SZ,2025-02-24,-0.01915048249065876,-0.021848211
000538SZ,2025-02-24,0.0032060241792351007,-0.005913413
000568SZ,2025-02-24,0.01638585515320301,0.022991184
000596SZ,2025-02-24,0.010174955241382122,0.013603938
000617SZ,2025-02-24,-0.013759792782366276,-0.009090721
000625SZ,2025-02-24,7.720477879047394e-05,0.0007504983
000651SZ,2025-02-24,0.00367333204485476,-0.0021784138
000661SZ,2025-02-24,0.00967910885810852,0.0074326466
000708SZ,2025-02-24,0.02001454122364521,0.03939775
000725SZ,2025-02-24,0.006686108186841011,0.006586177
000768SZ,2025-02-24,0.006678768899291754,0.0
000776SZ,2025-02-24,-0.004820446949452162,0.005037786
000786SZ,2025-02-24,0.018758343532681465,0.017371887
000800SZ,2025-02-24,0.009966736659407616,0.013488001
000807SZ,2025-02-24,0.010055267252027988,0.010503219
000858SZ,2025-02-24,0.00648619094863534,0.0059310882
000876SZ,2025-02-24,0.025082530453801155,0.0315504
000895SZ,2025-02-24,0.015745678916573524,0.014910278
000938SZ,2025-02-24,-0.02021421305835247,0.01773021
000963SZ,2025-02-24,-0.002613992430269718,0.0031156729
000999SZ,2025-02-24,0.008484626188874245,0.007422352
001965SZ,2025-02-24,0.0130474166944623,0.01925125
002001SZ,2025-02-24,0.00035994729842059314,-0.0018450322
002007SZ,2025-02-24,-0.016141697764396667,-0.009815713
002027SZ,2025-02-24,0.024110062047839165,0.027944932
002028SZ,2025-02-24,0.0055421944707632065,0.010811967
002050SZ,2025-02-24,-0.027238134294748306,-0.022965148
002129SZ,2025-02-24,-0.004201511386781931,0.0
002179SZ,2025-02-24,0.015284348279237747,0.012030079
002230SZ,2025-02-24,0.02607777900993824,0.032720197
002236SZ,2025-02-24,-0.009771991521120071,0.012352117
002241SZ,2025-02-24,-0.022127343341708183,-0.011416673
002271SZ,2025-02-24,0.006334331817924976,0.0047581894
002304SZ,2025-02-24,0.004586249124258757,0.0060681836
002311SZ,2025-02-24,-0.01476024929434061,-0.0145130465
002371SZ,2025-02-24,0.0027918678242713213,0.0063878004
002415SZ,2025-02-24,-0.033259883522987366,-0.026025888
002422SZ,2025-02-24,-0.0031984893139451742,-0.0010542461
002459SZ,2025-02-24,0.017725253477692604,0.023021925
002460SZ,2025-02-24,-0.014707381837069988,-0.008694328
002463SZ,2025-02-24,-0.021977074444293976,-0.060565095
002466SZ,2025-02-24,-0.000456712645245716,-0.003375785
002475SZ,2025-02-24,-0.008997133933007717,-0.0017801246
002493SZ,2025-02-24,0.010361049324274063,-0.0011306233
002555SZ,2025-02-24,-0.020162703469395638,-0.017828189
002594SZ,2025-02-24,-0.023411154747009277,-0.017699603
002601SZ,2025-02-24,0.0008638950530439615,0.0005626287
002648SZ,2025-02-24,-0.025952627882361412,-0.014563534
002709SZ,2025-02-24,0.015725027769804,0.025476802
002714SZ,2025-02-24,0.005051959306001663,0.005390817
002916SZ,2025-02-24,-0.016662124544382095,-0.0513955
002920SZ,2025-02-24,-0.03367491066455841,-0.015226216
002938SZ,2025-02-24,-0.020733291283249855,-0.016758014
003816SZ,2025-02-24,0.014707804657518864,0.015746996
300014SZ,2025-02-24,-0.015060381032526493,-0.006097555
300033SZ,2025-02-24,-0.014983998611569405,-0.0050400505
300059SZ,2025-02-24,-0.020874865353107452,-0.009490156
300122SZ,2025-02-24,-0.014328031800687313,-0.02564649
300124SZ,2025-02-24,-0.020919114351272583,0.0010817155
300274SZ,2025-02-24,0.005441965069621801,0.008853236
300308SZ,2025-02-24,-0.02199266105890274,-0.036261294
300316SZ,2025-02-24,0.018639659509062767,0.028277198
300347SZ,2025-02-24,-0.019826406612992287,-0.03804051
300394SZ,2025-02-24,-0.02589799463748932,-0.028843878
300408SZ,2025-02-24,-0.005140396300703287,0.010536599
300413SZ,2025-02-24,-0.0098410090431571,-0.009179196
300418SZ,2025-02-24,-0.028160572052001953,-0.003072198
300433SZ,2025-02-24,0.012318731285631657,0.03126361
300450SZ,2025-02-24,-0.03023071028292179,-0.02353617
300498SZ,2025-02-24,0.011266738176345825,0.011595542
300502SZ,2025-02-24,-0.015218986198306084,-0.064229704
300628SZ,2025-02-24,-0.012669414281845093,-0.019194005
300661SZ,2025-02-24,-0.03743894025683403,-0.023506833
300750SZ,2025-02-24,-0.019005021080374718,-0.014805791
300759SZ,2025-02-24,-0.02310274913907051,-0.031858884
300760SZ,2025-02-24,0.0070288716815412045,0.009841647
300782SZ,2025-02-24,-0.027167052030563354,-0.03144753
600000SS,2025-02-24,-0.019322553649544716,-0.007804753
600010SS,2025-02-24,0.00578865734860301,0.0054199835
600011SS,2025-02-24,-0.0005531636415980756,-0.0015140295
600015SS,2025-02-24,-0.003130032680928707,-0.0069298786
600016SS,2025-02-24,-0.01141301542520523,-0.0024243107
600018SS,2025-02-24,0.002687963657081127,-0.0035335643
600019SS,2025-02-24,-0.003929382190108299,0.001489125
600023SS,2025-02-24,0.0058524091728031635,0.0
600025SS,2025-02-24,-0.0022419169545173645,-0.007949887
600026SS,2025-02-24,-0.000886579742655158,-0.0121841
600028SS,2025-02-24,0.004265096969902515,-0.005088994
600029SS,2025-02-24,0.022685080766677856,0.036541343
600031SS,2025-02-24,-0.004109679255634546,0.009008826
600036SS,2025-02-24,-0.012944163754582405,-0.0031450817
600048SS,2025-02-24,0.019179830327630043,0.018125499
600050SS,2025-02-24,-0.03173857927322388,-0.0132835945
600061SS,2025-02-24,-0.0123428450897336,-0.0027247733
600085SS,2025-02-24,-0.011612510308623314,-0.008496431
600089SS,2025-02-24,-0.014094822108745575,-0.008223573
600104SS,2025-02-24,0.0020138383843004704,0.004613556
600111SS,2025-02-24,-0.009424270130693913,-0.0034631647
600115SS,2025-02-24,0.017722025513648987,0.034702417
600161SS,2025-02-24,3.061909228563309e-05,-0.0060028713
600183SS,2025-02-24,-0.01735461875796318,-0.053917594
600188SS,2025-02-24,0.020810678601264954,0.018221693
600196SS,2025-02-24,-0.00845163781195879,-0.004692905
600219SS,2025-02-24,-0.007238461636006832,-0.0052218763
600233SS,2025-02-24,0.021370133385062218,0.027071614
600276SS,2025-02-24,0.0025703925639390945,-0.0039430805
600309SS,2025-02-24,0.004377343691885471,0.00029368856
600332SS,2025-02-24,0.002683921717107296,-0.0011221499
600346SS,2025-02-24,-0.0009023889433592558,0.0013088948
600362SS,2025-02-24,0.0018050725338980556,-0.0009528762
600377SS,2025-02-24,0.010541371069848537,0.010305515
600406SS,2025-02-24,-0.013323510996997356,-0.0063708015
600415SS,2025-02-24,-0.00013200333341956139,0.0037922207
600426SS,2025-02-24,0.009655730798840523,0.0064402707
600436SS,2025-02-24,-0.003036005888134241,-0.005538457
600438SS,2025-02-24,0.010235391557216644,0.01063284
600489SS,2025-02-24,0.009199335239827633,0.003950985
600519SS,2025-02-24,-0.00283486838452518,-0.0061604623
600570SS,2025-02-24,-0.038067515939474106,-0.033908244
600585SS,2025-02-24,0.004908410366624594,-0.00044123127
600588SS,2025-02-24,-0.011864577420055866,-0.046540525
600600SS,2025-02-24,0.014759031124413013,0.010981393
600660SS,2025-02-24,-0.008510944433510303,-0.01675565
600674SS,2025-02-24,-0.011469592340290546,-0.021573137
600741SS,2025-02-24,0.0008312163990922272,0.0022857233
600760SS,2025-02-24,-0.007959888316690922,-0.011833904
600795SS,2025-02-24,-0.003974022809416056,-0.002383742
600809SS,2025-02-24,-0.015328826382756233,0.02880807
600875SS,2025-02-24,-0.015562288463115692,-0.0060220594
600886SS,2025-02-24,-0.015612004324793816,-0.01946967
600887SS,2025-02-24,-0.00984120275825262,-0.0061582434
600926SS,2025-02-24,-0.006634889170527458,-0.0034758446
600989SS,2025-02-24,0.0032131990883499384,0.006349187
601006SS,2025-02-24,-0.025978384539484978,-0.013402269
601009SS,2025-02-24,-0.0004159491218160838,-0.013792455
601012SS,2025-02-24,0.009905540384352207,0.0129185775
601021SS,2025-02-24,0.025420017540454865,0.0432041
601058SS,2025-02-24,0.006686985492706299,0.0047505964
601066SS,2025-02-24,-0.01561694499105215,-0.011155087
601088SS,2025-02-24,0.013074258342385292,0.010682725
601100SS,2025-02-24,-0.02117564156651497,-0.031083016
601117SS,2025-02-24,0.021304206922650337,0.0138497595
601138SS,2025-02-24,-0.009935577400028706,0.0004308487
601166SS,2025-02-24,-0.01833568699657917,-0.008746214
601169SS,2025-02-24,-0.019015634432435036,-0.010238614
601186SS,2025-02-24,0.02652611956000328,0.031018758
601225SS,2025-02-24,0.0043993000872433186,0.0010234835
601229SS,2025-02-24,-0.012811613269150257,-0.019563355
601238SS,2025-02-24,-0.019186262041330338,-0.011110792
601288SS,2025-02-24,-0.019872348755598068,-0.007751834
601318SS,2025-02-24,0.016338665038347244,0.015502945
601319SS,2025-02-24,0.006606254726648331,0.0071889954
601328SS,2025-02-24,-0.014947734773159027,-0.012286177
601336SS,2025-02-24,0.02224612981081009,0.03713088
601360SS,2025-02-24,-0.02005290426313877,-0.013962373
601390SS,2025-02-24,0.022588765248656273,0.025484465
601398SS,2025-02-24,-0.016958830878138542,-0.005788652
601600SS,2025-02-24,-0.010576403699815273,-0.0012995093
601601SS,2025-02-24,0.00593595951795578,0.008339506
601607SS,2025-02-24,-0.0018704290268942714,-0.004077428
601618SS,2025-02-24,0.0177140049636364,0.019290876
601628SS,2025-02-24,0.0023120208643376827,0.006271125
601633SS,2025-02-24,0.0019054780714213848,-0.00039704572
601658SS,2025-02-24,-0.012174846604466438,-0.007504637
601668SS,2025-02-24,0.02398199960589409,0.02563682
601669SS,2025-02-24,0.01572735421359539,0.017838033
601688SS,2025-02-24,0.004857692867517471,0.0072603575
601689SS,2025-02-24,-0.01801510900259018,-0.024489582
601698SS,2025-02-24,0.012972611002624035,0.018741228
601699SS,2025-02-24,0.009486865252256393,0.0032840509
601766SS,2025-02-24,0.0063852109014987946,0.009216359
601788SS,2025-02-24,-0.005581166595220566,-0.0039403276
601799SS,2025-02-24,0.01007248368114233,0.016903875
601800SS,2025-02-24,0.028317488729953766,0.047217704
601808SS,2025-02-24,-0.008920429274439812,-0.010485572
601816SS,2025-02-24,-0.008668567053973675,-0.0072071315
601818SS,2025-02-24,-0.01705055497586727,-0.005290961
601838SS,2025-02-24,-0.012036619707942009,-0.015998853
601857SS,2025-02-24,-0.0016596283530816436,-0.011327461
601865SS,2025-02-24,0.013675580732524395,0.016632924
601872SS,2025-02-24,-0.00942414440214634,-0.020294482
601877SS,2025-02-24,0.016920074820518494,0.011766718
601878SS,2025-02-24,-0.017600977793335915,-0.00920867
601881SS,2025-02-24,-0.011833413504064083,-0.02171511
601888SS,2025-02-24,-0.0042387996800243855,-0.005419975
601899SS,2025-02-24,-0.016231773421168327,-0.0068174144
601901SS,2025-02-24,-0.017784012481570244,-0.008625793
601919SS,2025-02-24,-0.01312297023832798,-0.02611631
601939SS,2025-02-24,-0.027274031192064285,-0.00696853
601985SS,2025-02-24,-0.01098322682082653,-0.0029747493
601988SS,2025-02-24,-0.022394973784685135,-0.009199467
601998SS,2025-02-24,-0.01634257845580578,-0.010629885
603019SS,2025-02-24,-0.01387853641062975,0.004408731
603195SS,2025-02-24,0.018712034448981285,0.03925254
603259SS,2025-02-24,-0.01949804089963436,-0.0726203
603260SS,2025-02-24,-0.018299149349331856,-0.013097486
603288SS,2025-02-24,0.0008155403775162995,-0.0014481882
603369SS,2025-02-24,0.026856113225221634,0.047665738
603501SS,2025-02-24,-0.019427502527832985,-0.051786724
603659SS,2025-02-24,0.008482329547405243,0.020089239
603799SS,2025-02-24,-0.02241227962076664,-0.005522155
603806SS,2025-02-24,0.011923152022063732,0.014034409
603833SS,2025-02-24,0.005508694797754288,0.014648398
603986SS,2025-02-24,0.013964948244392872,0.035214156
603993SS,2025-02-24,0.0033915797248482704,0.0014461535
688008SS,2025-02-24,-0.010274352505803108,0.0085335905
688009SS,2025-02-24,0.02231016755104065,0.024301957
688012SS,2025-02-24,0.006795848254114389,0.031380527
688036SS,2025-02-24,-0.017819644883275032,-0.011205289
688111SS,2025-02-24,0.005230206996202469,0.0056887255
688169SS,2025-02-24,-0.020031504333019257,-0.014205515
688396SS,2025-02-24,-0.0031091237906366587,-0.0020141578
