Date,Stock,Open,High,Low,Close,Volume,Turnover
2020-03-13,ALB,0.08233692407676446,0.01763831207123968,0.025268397617598054,0.048503632491482075,14.541996281740378,0.0175757112136743
2020-03-16,ALB,-0.1243189697507245,-0.10189537146123842,-0.05271777384678262,-0.14279564903405964,14.686092792452559,0.0202998699543565
2020-03-17,ALB,-0.017265894638397013,0.07987183002971962,-0.027875152653711585,0.1287284711272214,14.934709806781994,0.0260295280108116
2020-03-18,ALB,0.034559295940872516,0.012375519287398214,0.02260081166214918,0.02328778878240815,14.83157458601432,0.023478763461424
2020-03-19,ALB,0.06422800438895934,-0.01869491478990064,0.027426585501269803,-0.10270936372164512,14.516725605584396,0.0171371259062821
2020-03-20,ALB,-0.05991121837955941,-0.06738307668561279,-0.12783341291452646,-0.1474195506672346,14.901915640952035,0.0251897561431692
2020-03-23,ALB,-0.1795175320478364,-0.1536250856220072,-0.08109631455075114,-0.04888366737294682,14.734797197621738,0.0213130360132935
2020-03-24,ALB,0.028420131973137107,0.06220270910741808,0.08166205739693842,0.09602435708098002,14.425004897152803,0.0156352262199216
2020-03-25,ALB,0.045346964185971866,0.09849415752585244,0.04298374416152509,0.06879066565864302,14.64650524083221,0.0195119463497972
2020-03-26,ALB,0.06205264471509734,-0.05042013416477389,0.032335284182349704,0.007304036057875469,14.624261067010666,0.0190827107291905
2020-03-27,ALB,-0.033901459830040906,-0.04583005079912086,-0.043776451181603684,-0.09428511854659757,14.707345059307617,0.0207359053471708
2020-03-30,ALB,-0.04208002236909916,-0.026379413494337672,-0.00439329241005162,0.010486345998567839,14.53129995781126,0.0173887174779644
2020-03-31,ALB,-0.001619750791728474,0.021713277033390432,0.010947035625755868,0.0137538862722642,14.76558455451848,0.0219794136896413
2020-04-01,ALB,-0.022956175186624614,-0.012024296026852324,-0.027409213122631934,-0.027517352708717746,14.62817305070067,0.0191575082234745
2020-04-02,ALB,0.011361758876268033,0.033954132761552874,-0.012573994138725836,-0.021751983029756644,14.46334703899081,0.0162463557470824
2020-04-03,ALB,-0.023040232427401695,-0.06348821805371191,-0.004922290756737627,-0.0180522345877666,14.374955474159096,0.014871951789615
2020-04-06,ALB,0.02758530298015287,0.04069184515298664,0.03340787919653234,0.07720686221447633,14.361201848497595,0.014668808594912
2020-04-07,ALB,0.05607959380162713,0.04525044098426334,0.036230024603051386,0.0012288365031007222,14.484365558250126,0.0165914441866197
2020-04-08,ALB,-0.012077438798782298,0.03388502735022685,0.014585952234093851,0.08117567958089897,14.34966259320006,0.0145005142327732
2020-04-09,ALB,0.07906760693884293,0.07422247643266988,0.08122307481739156,0.0807642340776088,14.389536870869549,0.0150903944717851
2020-04-13,ALB,0.06863985782733135,0.001634492674774117,-0.008075090272092293,-0.056947826728516754,14.333471266365228,0.0142676220346618
2020-04-14,ALB,-0.030869889374984538,-0.02267535317154036,0.02529759457680726,0.005827256362296759,13.88167369619654,0.0090810957832912
2020-04-15,ALB,-0.052472505780803536,-0.0646193251632584,-0.0890686891997064,-0.08912632557148198,14.105116528536648,0.0113547696152178
2020-04-16,ALB,-0.05314538628379877,-0.046427529273052215,-0.020252128424803204,0.005478479927958158,14.296763797396483,0.0137533892614597
2020-04-17,ALB,0.039048965164246496,0.06361513125044502,0.06486899290847709,0.04832650794730039,13.826451487121803,0.0085932121273937
2020-04-20,ALB,-0.009620216121372411,-0.01783604802298297,-0.016666995004194763,-0.024204651074318663,14.05500057484401,0.01079973820877
2020-04-21,ALB,-0.02531771814963707,-0.04036262663521476,-0.03054576985833189,-0.03631816229069356,14.138753529612838,0.0117432066025788
2020-04-22,ALB,0.007832094685247173,0.014079636769804879,0.015303834255395044,0.027108942443249517,13.436883564088976,0.0058206050097321
2020-04-23,ALB,0.02859030686008216,0.035481724851574956,0.027934062743909253,0.020149091214465488,13.61278341613165,0.0069400175094134
2020-04-24,ALB,0.00722626533351321,-0.004669486359671504,-0.009671496626786468,0.014240389380852168,13.842250828768455,0.0087300575430723
2020-04-27,ALB,0.011551251579500493,0.01394354349191926,0.03247614205861293,0.01163354313820063,13.510073121142726,0.0062625902032281
2020-04-28,ALB,0.03465633482837397,0.04466636671896845,0.025622056482755333,0.03255675007501552,13.89957685245267,0.0092451402878003
2020-04-29,ALB,0.0009369497163526728,0.010146236506300373,0.01272490546839477,0.005582211967256207,14.185625479424706,0.0123067377242862
2020-04-30,ALB,-0.0040668236409486715,-0.03402096965658892,-0.04714447313881756,-0.0513989629646097,14.512251772240683,0.0170606284689462
2020-05-01,ALB,-0.05310987230617226,-0.0585808087614811,-0.0706775301134204,-0.06715747826252214,14.470385095810098,0.0163611019030862
2020-05-04,ALB,-0.06275505848680187,-0.04530869823175336,-0.021120711896576636,-0.0031386949799332054,14.058771196930744,0.0108405368420157
2020-05-05,ALB,0.02691383612483667,0.042660671212849936,0.044896384708690396,0.020911718971415628,13.918970168045353,0.0094261842228285
2020-05-06,ALB,0.013612533718338848,-0.0016586760130331214,-0.0087849174148784,-0.00927848379641226,14.449598047814096,0.0160245131788085
2020-05-07,ALB,0.012261818391272924,0.026537079307991415,-0.007118787454530652,0.03076636404665861,14.606963880494137,0.0187554716916983
2020-05-08,ALB,0.012113458553019622,0.041791598125756134,0.047802454950684664,0.07278003433878168,14.230596569733134,0.0128728187605715
2020-05-11,ALB,0.0408811455777749,0.018737884248452095,0.04355559642613802,0.0024870299465020646,14.201657601356846,0.0125056310613594
2020-05-12,ALB,-0.002536282408393682,-0.031061611813581667,-0.06352109431058763,-0.08333426542175537,14.447792994130666,0.015995614146926
2020-05-13,ALB,-0.06525848423145637,-0.05500956578821696,-0.021237410019028756,0.01107565971820124,14.386490669521603,0.0150444960093836
2020-05-14,ALB,-0.000338779358032269,-0.008660800637759017,-0.028086689764059734,-0.0035106594175194623,14.10316838012202,0.011332670355543
2020-05-15,ALB,0.008438826842489346,0.03031529759537484,0.05624802346972953,0.027095609255839984,14.171786122161533,0.0121375933906214
2020-05-18,ALB,0.07290673187856313,0.05831174866611177,0.06246424945910482,0.04119355433748517,14.069300475247951,0.0109552829980195
2020-05-19,ALB,-0.002816561618203486,-0.00045945853604533577,-0.003960495542905843,-0.006591486492539543,14.100615061337209,0.0113037713236606
2020-05-20,ALB,0.021239490239559816,0.04959939229850389,0.03140639660563738,0.07036704180977106,14.311121625122503,0.0139522825985329
2020-05-21,ALB,0.03955141032495076,0.01705283906294247,0.03625269062916806,-0.002497555443196279,14.1719961839835,0.0121401433051992
2020-05-22,ALB,-0.000295101408241278,-0.01982580252796429,-0.008043161219975323,0.002057395728437388,13.623624607833687,0.0070156649752233
2020-05-26,ALB,0.04131741290769366,0.10177325070903052,0.05300405599547994,0.09543025334157218,14.687473574118922,0.020327919014713
2020-05-27,ALB,0.07797207833972769,0.043653573056468636,0.04885090857740076,0.0014669509840519773,14.280816294371743,0.0135357965508155
2020-05-28,ALB,0.001177253920734547,-0.008885792947765784,0.02018895988998359,0.011790281193778953,14.158107571217943,0.0119726989145863
2020-05-29,ALB,-0.013558917762836516,-0.014253610615592152,-0.016010826622552432,0.007740483564551539,14.27911940913089,0.0135128473196147
2020-06-01,ALB,0.01591020112752799,0.01641926779949151,0.028768686489548497,0.011693258967299704,13.875571256099752,0.0090258476341042
2020-06-02,ALB,0.021422774809955643,0.010630258655111394,0.006642728023156577,0.01499918498928669,14.0531887675122,0.010780188863673
2020-06-03,ALB,0.016587892252717684,0.018953158562036033,0.02335236834051482,0.004443697682530249,14.337336060625049,0.0143228701838488
2020-06-04,ALB,-0.02068217734163263,-0.011928691810554148,-0.014306099881820812,0.012963346192573909,14.216767490776636,0.0126960246831731
2020-06-05,ALB,0.0465899101571055,0.06027158466749792,0.03848802055422906,0.05284882532842507,14.48334044336031,0.0165744447561006
2020-06-08,ALB,0.03487190753496207,0.0225748898766922,0.042059188880914006,0.028414675474412357,14.08102447245706,0.0110844786699645
2020-06-09,ALB,0.004480415277517651,-0.010526009795703542,-0.0021389511783282663,-0.020264020751972044,13.777082570520925,0.0081792759942541
2020-06-10,ALB,0.003757867119900521,-0.004661797347594868,-0.00441060689851856,-0.013502273885574612,13.772499711320746,0.0081418772471122
2020-06-11,ALB,-0.07299282011453495,-0.06255737630366566,-0.11830229156402605,-0.11347988047043096,14.320278470792141,0.0140806282989519
2020-06-12,ALB,-0.012105803489560866,-0.01726458421969975,0.01794142862914105,0.03688522157542973,14.014280265875815,0.0103688026451113
2020-06-15,ALB,-0.05021442487363246,-0.012149399209832294,-0.018211719522558255,-0.011839199166116678,13.942055980423744,0.0096463268480505
2020-06-16,ALB,0.0726531670189436,0.0327817669389289,0.043111583037853424,0.03624172311405469,13.87378040948403,0.0090096981751111
2020-06-17,ALB,-0.006540195204004515,-0.00012461296443485649,0.019990226886012097,-0.0007577974124364488,13.49668313203053,0.0061792929936847
2020-06-18,ALB,-0.012698486166279463,-0.00938376863976502,-0.016372726674258258,-0.004557457497180116,13.668981923077132,0.0073412040696636
2020-06-19,ALB,0.024864263810251128,0.01769315529912165,0.0011601886588874881,-0.005853694388643417,14.033119622219996,0.0105659960391326
2020-06-22,ALB,-0.060507920495905004,-0.05118298037933005,-0.03900956354333005,-0.033351730888012576,13.838446506572328,0.0086969086535601
2020-06-23,ALB,0.017459941902832975,0.0036328267927280542,0.01792019391302423,0.004476466795673614,13.569227593470748,0.0066442274183814
2020-06-24,ALB,-0.01878542699815254,-0.023456580444887253,-0.048796856342826087,-0.037477737234848846,13.780505984390441,0.0082073250546106
2020-06-25,ALB,-0.028925011177393475,-0.016038652382995684,0.002759104063473033,0.00855587216926155,13.496958196981975,0.0061809929367366
2020-06-26,ALB,0.022539653116531874,0.021460435957882468,0.00836834960680714,0.009287491650606591,14.31761889636396,0.01404322955181
2020-06-29,ALB,0.013784538156454966,0.020105472223126513,0.024692983033648825,0.02238986645935563,13.644842040008983,0.0071661099353171
2020-06-30,ALB,-0.002108636969368427,0.0024523815861792575,0.009418103730812104,0.01146262741410824,13.848075516797575,0.0087810558346295
2020-07-01,ALB,0.014925568212688301,0.0014171854106584233,-0.006224864370276175,-0.015006574610703646,13.700774002072405,0.0075783461254047
2020-07-02,ALB,0.009313248683225056,0.02504742312774291,0.0310011564440123,0.032340173019944504,13.694473358254752,0.0075307477199513
2020-07-06,ALB,0.02955742490374895,0.02062943164527056,0.02228950669612318,0.03329875340511628,13.859719769382824,0.0088839023892699
2020-07-07,ALB,0.0032448345888499083,-0.010634381028076817,-0.022547168915684725,-0.040452632790564144,14.06338652595471,0.010890685162047
2020-07-08,ALB,-0.029460239256740153,-0.00874011966492618,-0.015188108442103224,-0.0006411099090895562,14.116504384558343,0.0114848152586888
2020-07-09,ALB,0.0033306401429916742,-0.019629683248774687,-0.022086600677636768,-0.028629273410067935,13.95900552392854,0.0098112213240856
2020-07-10,ALB,-0.028408603132813716,0.01081212160355637,0.007460550372380614,0.04061587492207686,13.88485096905234,0.0091099948151736
2020-07-13,ALB,0.05503647580663148,0.0663241307791133,0.061888901573019545,0.03328460353792116,14.609905257395265,0.0188107198408853
2020-07-14,ALB,0.015569343253287415,-0.001184589382294309,0.009561178016302749,0.03126210943534616,14.118352880889717,0.0115060645468376
2020-07-15,ALB,0.05161199292833633,0.02885880998647767,0.05095340302877662,0.028698826850649502,14.141283619132462,0.0117729556059872
2020-07-16,ALB,0.004994378411940245,-0.0006914225468789812,0.0033998602536154166,-0.0017337396242736289,13.656046956195505,0.0072468572302827
2020-07-17,ALB,0.00796268165627917,0.03231763983407628,0.017288797761948804,0.022984286208883858,14.123216556753208,0.0115621626675506
2020-07-20,ALB,0.019915402357804958,-0.005033807735746738,-0.003226074173405138,-0.01618257580759849,13.613150770121756,0.0069425674239912
2020-07-21,ALB,-0.013384757722258363,-0.011731473081845306,0.00437603958796096,0.0016073572687412988,13.618644947309425,0.0069808161426592
2020-07-22,ALB,-0.004234237505527218,0.002945804847157478,-0.0041451541297166,0.005832881947782427,13.495444402588157,0.0061716432499511
2020-07-23,ALB,0.006401545179150525,0.011473740326344625,0.0034554644062262502,0.002733152017137874,13.536591312882544,0.006430884565367
2020-07-24,ALB,-0.008697859652306463,-0.016805422435026453,-0.008893241369343137,-0.010173391233661854,13.281076775042335,0.0049808331420897
2020-07-27,ALB,-0.017157858786215594,-0.02080170106809584,-0.02764063979014889,-0.014581896363212948,13.968146662830284,0.0099013183058367
2020-07-28,ALB,-0.0025756957270877726,-0.0037230540774124033,-0.002866291147440544,-0.024546882361238923,13.691760882261274,0.0075103484033284
2020-07-29,ALB,-0.008358656491045346,-0.014086626473249788,-0.019932004501777262,0.0015518402173682888,13.965481945273543,0.0098749691885321
2020-07-30,ALB,-0.025381410432995865,-0.008309606497458238,-0.011165029422401794,-0.009950355752226634,13.710817597219856,0.0076548435627406
2020-07-31,ALB,0.0016962792254157383,-0.011147717787382041,-0.006808962500246614,-0.006527152710828254,14.690104329313703,0.0203814672208481
2020-08-03,ALB,0.004469040528766449,0.011267209906610558,0.019559108456826506,0.01049546532365845,13.933027780517707,0.0095596297524032
2020-08-04,ALB,0.001565181121098115,0.036741959537777626,0.0036476987418688745,0.023717261211068145,14.306603363997342,0.0138893847056123
2020-08-05,ALB,0.04332670619087226,0.024849876801881034,0.04567034636529375,0.03760605327671099,14.59378029114101,0.0185098299206976
2020-08-06,ALB,-0.0017300386810377576,-0.01604219808873876,-0.046520210695488416,-0.061203474460585036,14.712985783178326,0.0208532014177525
2020-08-07,ALB,-0.042920862458979574,-0.015956126860220115,0.004000880302834302,0.013112795232993815,14.027634414859854,0.0105081979753678
2020-08-10,ALB,0.029090526704244626,0.009901978876031076,0.030034155578401837,0.03239218517047092,13.60590125412957,0.00689241910396
2020-08-11,ALB,0.03653909704977218,0.06110985976428641,0.03835341549612717,0.05823434954942486,14.473704427046505,0.0164155000807472
2020-08-12,ALB,0.05049192835195021,0.011999310371119655,0.019137717579312458,-0.015588705042598652,13.883824132114357,0.0091006451283881
2020-08-13,ALB,-0.030607303387214877,-0.01892117018327381,-0.0067848931713261115,0.0063521087121867145,13.82347971967645,0.0085677129816151
2020-08-14,ALB,0.010014694093901691,0.004979769319353115,0.015174289330716774,0.00858728308337309,13.639013207505085,0.0071244613305454
2020-08-17,ALB,0.015214458704536485,0.007316649169110867,0.004278022163044833,-0.006733265998011186,13.312158603295336,0.0051380778743912
2020-08-18,ALB,-0.007904130630853327,-0.002790992508615286,-0.00010925716859459877,0.004674916511635047,13.23104018807215,0.0047377412856669
2020-08-19,ALB,0.005528656553865747,0.005788292215906436,0.004478094283514358,0.0005420497595457787,13.542127104618343,0.0064665833694571
2020-08-20,ALB,-0.015580215147647316,-0.019753408362046292,-0.023821202008750177,-0.01309345208762894,13.754593205806493,0.0079973820877
2020-08-21,ALB,-0.0063892113777249005,-0.004917920841401068,-0.00537159285777047,-0.01449235985250301,13.6935700168466,0.0075239479477437
2020-08-24,ALB,0.0028692328758913297,0.007856968354999749,0.005483204196042894,0.024654705351553553,13.413391346097159,0.0056854595371055
2020-08-25,ALB,0.01422359512229718,0.008011406314564665,0.011980324107403875,-0.009723082619692349,12.949202136513597,0.003574130266636
2020-08-26,ALB,0.0008684650429406733,-0.0038895680911108553,0.006922506506419558,0.008852869978286099,13.389640171001954,0.0055520140075307
2020-08-27,ALB,0.0004340381782922148,0.004967020037334663,-0.014226930410637122,-0.008414064248865908,13.070019004511458,0.0040331148906511
2020-08-28,ALB,-0.011347469679993429,-0.005075081531116996,0.004875563059667573,0.012973951175937552,12.928781055513184,0.0035018826869299
2020-08-31,ALB,0.012756967684648672,0.011195986231601587,0.004851550367259664,-0.014291563911165837,13.484922376288697,0.0061070454139786
2020-09-01,ALB,-0.013086396145537265,0.04213572039038298,-0.009616029299712829,0.0677541065545916,14.260901899518506,0.013268905491666
2020-09-02,ALB,0.06275320003092082,0.024134188712407145,0.07187631474730928,0.022940541309121123,14.08637780020553,0.0111439766767813
2020-09-03,ALB,0.018892669744175788,-0.00200567288623121,-0.05317175195932992,-0.06713083824017477,14.36444146533093,0.0147164070003654
2020-09-04,ALB,-0.06057418595692093,-0.041717719567169326,-0.010629838154798496,0.016391904532256123,13.911548654591035,0.0093564865577003
2020-09-08,ALB,-0.00042988466622008995,-0.005667985712854339,0.01476344744314587,-0.016821312790929667,13.636026172590462,0.0071032120423965
2020-09-09,ALB,0.014411866214180297,0.0182535440347651,0.02052186626459249,0.024184553622776796,13.375300266561254,0.005472966655617
2020-09-10,ALB,0.013266153580712472,-0.003001941018712968,-0.005759425711912695,-0.02032675886228018,13.411745503944898,0.00567610985032
2020-09-11,ALB,-0.010197269553949593,-0.0039472676139999255,0.003310373399743344,0.015494245071810638,13.386112835893606,0.0055324646624338
2020-09-14,ALB,0.012912601216811802,0.027004731025364995,0.014289399931632104,0.03324458909215166,13.417717444697477,0.0057101087113581
2020-09-15,ALB,0.03212686718076452,0.016079270186008326,0.03287473041897458,0.002238668405834468,13.99139561150896,0.0101342105039481
2020-09-16,ALB,2.491058209191834e-07,-0.007203396279270935,-0.006427410495039957,-0.006014309323624494,13.81381011302691,0.0084852657435975
2020-09-17,ALB,-0.023914939841271972,0.01770604399142591,-0.018621603255091254,0.03067976269236479,13.750546346233318,0.0079650831697138
2020-09-18,ALB,0.0417023427775362,0.0002970478840568428,0.01671463078513079,-0.025100851993254833,14.10608918135909,0.0113658192450552
2020-09-21,ALB,-0.04056047494190216,-0.04671803491821964,-0.07047944899724733,-0.029314847932284425,14.15661561789651,0.0119548495125413
2020-09-22,ALB,-0.017582640596381434,-0.008857204623276854,0.026275974468856607,0.0011558841382254244,13.394831807045728,0.0055809130394131
2020-09-23,ALB,-0.06240818704888696,-0.0669840615988304,-0.14794689534207106,-0.1691373890704545,15.46318812554851,0.0441551708017781
2020-09-24,ALB,-0.10551035320159191,-0.042875897575925,-0.013692809475280404,0.035305743611213476,14.677641153140538,0.0201290256776398
2020-09-25,ALB,0.03569826659543541,-0.004097289649218707,0.043075867937406254,0.014419451857657318,13.995997933676067,0.0101809589378755
2020-09-28,ALB,0.03749034099575477,0.024907199625815588,0.01610415354256064,0.003778949170741999,14.175351185833932,0.012180941938445
2020-09-29,ALB,-0.014027385270555193,0.002627856826250998,0.010672261457967881,0.023530330823421913,14.040972220381622,0.0106492932486761
2020-09-30,ALB,0.028547292512704547,0.028130038588253647,0.02837439510260136,0.02748022104504509,14.129664878028418,0.0116369601618345
2020-10-01,ALB,0.029310778539962272,0.009276467183835648,-0.008636415295011203,-0.028977887532444128,14.13163503301633,0.0116599093930353
2020-10-02,ALB,-0.05210627275759564,0.0012085885048903002,-0.022217834445577775,0.029089748838870545,14.001326834438979,0.0102353571155366
2020-10-05,ALB,0.06589813988647572,0.051463378266558064,0.07481713371874231,0.05945783681706959,14.284451748021318,0.0135850948993208
2020-10-06,ALB,0.05354812883281057,0.011200097608501797,0.025778629633631308,-0.010822304624449436,14.138608759540034,0.0117415066595269
2020-10-07,ALB,-0.0029124383681469737,0.010463716342525903,0.021997493228031705,0.030985010439827005,13.936932298829367,0.0095970284995452
2020-10-08,ALB,0.02184298699854583,0.003870427682388028,0.0037585554185189892,0.002685271549749057,13.940821631152534,0.0096344272466872
2020-10-09,ALB,-0.00020405038190143406,0.007696030875799618,-0.003131305912606585,-0.009534874289356112,13.551285863970492,0.0065260813762738
2020-10-12,ALB,-0.014063438218201703,-0.02450817953914089,-0.010614096857920158,-0.011415205199592592,13.589990434839132,0.0067836227486379
2020-10-13,ALB,-0.024912353697848454,-0.011855435574790482,-0.007848960405393738,0.0021043633091570872,13.669213457887688,0.0073429040127155
2020-10-14,ALB,-0.016995626569550146,-0.0026186687439600747,-0.022180027108570734,-0.0057976674238765635,13.883637321154362,0.0090989451853362
2020-10-15,ALB,0.0024762447539141016,-0.006207724749613619,-0.000544621524934177,-0.002540625213967722,13.735602257924294,0.0078469371276062
2020-10-16,ALB,0.02275232403341235,0.011333876704800414,0.01727894390618003,-0.00990590696395936,13.393307651170966,0.0055724133241536
2020-10-19,ALB,-0.01899562294519716,-0.01387011173910474,-0.01271429744270963,-0.009140299577599835,13.371410125329469,0.0054517173674681
2020-10-20,ALB,0.0016055815442456629,0.007484171954440145,0.006161672194764326,0.010637630817444295,13.515217297717287,0.0062948891212144
2020-10-21,ALB,0.01886075718607185,0.02150648436821595,0.019318857253065255,0.02439050267328202,13.584084047459859,0.006743674086918
2020-10-22,ALB,0.0032486223709436686,-0.012202902665562744,-0.009025854531193124,-0.009537454531385728,13.41398916318593,0.0056888594232093
2020-10-23,ALB,0.003029487304459529,0.013845983325525996,0.016922615066824034,0.015879990986580578,13.413839742415268,0.0056880094516833
2020-10-26,ALB,-0.011434757166561886,-0.02778101606606183,-0.026676799171392228,-0.020947585441971367,13.766636440270844,0.0080942788416588
2020-10-27,ALB,0.005891031866783507,0.021811522292724223,0.020364326162946086,0.00738165564079583,13.803236539438828,0.0083960187333724
2020-10-28,ALB,-0.03229696525845618,-0.031778741918366986,-0.050654707002070136,-0.04733086076475452,13.797449433371597,0.008347570356393
2020-10-29,ALB,-0.019802492316613,0.007749241011914552,0.0017749693348085322,0.032406064582048054,13.616572915453506,0.006966366626718
2020-10-30,ALB,0.026604125825668522,-0.005407620633286274,0.006957690444247917,-0.005990110774924597,14.058457520888082,0.0108371369559119
2020-11-02,ALB,0.019182259933474482,0.03950296259863766,0.03173851814523141,0.03820522691458655,13.737441983739734,0.0078613866435474
2020-11-03,ALB,0.020993944572975414,0.004384744594629829,0.02682520051776301,0.008022211951011838,13.787009226403471,0.0082608732607457
2020-11-04,ALB,0.007927229997933587,-0.007762973324486684,-0.03420928413854719,-0.04386981136538667,14.320459548093933,0.0140831782135298
2020-11-05,ALB,-0.015188468151044422,0.08649009374527913,-0.0010746131283056915,0.12149851845668234,14.988457293138854,0.0274668298611996
2020-11-06,ALB,0.0874709030376217,0.06375626611161801,0.10018570564757392,0.061750104377878326,14.77455460216324,0.0221774570551886
2020-11-09,ALB,0.09215727667395,0.06391517036583565,0.11040618770600173,0.03940242316678697,14.575568911446094,0.0181757911109977
2020-11-10,ALB,0.009093058627696564,-0.02099515435976351,-0.015184325038612013,0.010227718448927338,14.034004114792037,0.0105753457259181
2020-11-11,ALB,0.012762901247055257,0.014101180379117614,0.02988406671377124,0.005412157162698514,13.689835083791039,0.0074958988873872
2020-11-12,ALB,8.533906513825651e-05,0.005900415532659888,0.0012012008999853618,0.0005904026671051482,13.640205527674572,0.0071329610458049
2020-11-13,ALB,0.012012449480589757,0.018714938584921497,0.008961606938656828,0.03185388640460588,13.830104545779648,0.008624661073854
2020-11-16,ALB,0.03373343286691467,0.04903409939856229,0.044130345965493804,0.05124432421379287,14.238226674743807,0.0129714154575821
2020-11-17,ALB,0.03616722453643134,-0.004267654576036911,0.011317795640499504,-0.007552545547653525,14.459730589972855,0.0161877077117916
2020-11-18,ALB,0.0032878071103296202,0.012441613860341979,0.016977121805271885,-0.011081177978176593,13.677168756711186,0.0074015520480063
2020-11-19,ALB,-0.015278122369914831,-0.02898521598131633,-0.03277653552769637,-0.005864971878433166,13.94522304283425,0.0096769258229849
2020-11-20,ALB,-7.939638821463943e-05,0.015765650059130457,0.024602982590917238,0.016477128642383758,13.526094983866342,0.0063637368148167
2020-11-23,ALB,0.025853439066127845,0.04756651007815133,0.02773920406894659,0.04711696468340589,14.152054934840459,0.0119004513348802
2020-11-24,ALB,0.04809000592769283,0.021654558023739865,0.03995652690147708,0.023589317048656383,14.171926168278949,0.0121392933336733
2020-11-25,ALB,-0.0034701265396063206,-0.009411539263776983,-0.007849350620192706,-0.018603967979341475,13.934360579744013,0.0095723793252926
2020-11-27,ALB,0.008983052480592783,0.012891063390928183,0.022412575191507942,0.02151400422920666,13.183272194127683,0.0045167486889189
2020-11-30,ALB,0.006065771715696778,-0.005005610245349113,-0.015531600089701576,-0.012352581297008019,13.907269895528916,0.0093165378959804
2020-12-01,ALB,0.0018198701716118306,0.00500568383041862,0.0049074983942893734,-0.0006620694635846594,14.357719144421726,0.0146178103033548
2020-12-02,ALB,-0.01968343752115506,-0.01597481191209394,-0.019927402434592314,-0.004647391666258905,14.27046463364094,0.0133964012205591
2020-12-03,ALB,0.003701967565508626,0.0016898959588268463,-0.010649618356813164,-0.026446271671993298,14.493189215414807,0.0167384892606097
2020-12-04,ALB,-0.020984494551836146,0.02178243948300175,0.01102790912136486,0.05537678839712179,13.96211944123243,0.0098418202990199
2020-12-07,ALB,0.050976265852187085,0.012916199205799481,0.04358640626134993,0.005586918054226312,13.93071337883873,0.0095375304927284
2020-12-08,ALB,-0.0016503495359630961,0.021603198068305265,0.0007242211954306895,0.02782400980439514,13.70200697736398,0.0075876958121902
2020-12-09,ALB,0.034454304555518435,0.01371337311655161,0.017430331606679183,-0.00977330083612647,14.183205260714194,0.0122769887208778
2020-12-10,ALB,-0.01897393776422377,-0.013927744226343183,-0.0002867651987167861,-0.005183742734468485,13.913454538994344,0.0093743359597453
2020-12-11,ALB,-0.006046393327323407,-0.0123230585609386,-0.02601092826024338,-0.01985185221483951,13.77718648271106,0.0081801259657801
2020-12-14,ALB,0.0029210759040276275,-0.006644676463695389,-0.017426538523018797,-0.02986828040523457,14.142870690893181,0.0117916549795581
2020-12-15,ALB,-0.02733376633403519,-0.019913316839407114,0.005645021737006903,0.024734207565827126,14.007700759106829,0.010300804923035
2020-12-16,ALB,0.013940448865864803,0.012724321957615995,0.0038441186650136103,-0.015782987092952776,13.719881427300532,0.0077245412278688
2020-12-17,ALB,-0.01050977041831502,-0.014534535821838016,-0.010234261810057528,0.012442716858513373,13.935691604980649,0.0095851288981819
2020-12-18,ALB,0.0018925437630862756,0.009521648104436486,0.021387198315011898,0.01027566958650873,14.7105372031305,0.0208022031261952
2020-12-21,ALB,-0.012587896265256044,0.020535867446501457,-0.012038504018768588,0.022213817977133687,13.981788264400768,0.0100373137499893
2020-12-22,ALB,0.054880775852462496,0.0400507814629919,0.052086644251908946,0.029486184689331132,14.073404074283106,0.0110003314888951
2020-12-23,ALB,0.030281550212809892,0.03211617406407001,0.03180576871501847,0.0245809892943247,14.356730169088188,0.0146033607874136
2020-12-24,ALB,0.013769920023305519,-0.016162071871973566,0.006969919285938887,-0.0018028898394980603,13.096842471874051,0.0041427612174992
2020-12-28,ALB,0.009891250966083964,0.020471677244508817,0.008795666392802059,0.0005348165535715261,14.021386681646192,0.0104427501678693
2020-12-29,ALB,-0.012696985575494308,-0.023535376107041865,-0.03302631596783695,-0.023654822994380417,13.922390818225043,0.0094584831408147
2020-12-30,ALB,-0.008802120218516549,0.01140844151581962,0.020650436278563663,0.020778537833707263,13.855789364984908,0.0088490535567058
2020-12-31,ALB,0.003973708687795728,-0.015017230962053409,-0.0064503541729303325,-0.011927161903197198,13.566024314677195,0.0066229781302326
2021-01-04,ALB,0.027449840881631153,0.04828952165221681,0.023427499147067658,0.0340529351434903,14.879773263571145,0.0246381246228251
2021-01-05,ALB,-0.0015052518208892027,0.061959736970513116,0.01571210492252255,0.06530399576397103,14.78173403910407,0.0223372517020679
2021-01-06,ALB,0.08069243312030952,0.0684170395666274,0.08069243312030952,0.07203661396591571,15.02013345093679,0.0283508002481916
2021-01-07,ALB,0.10313460762174786,0.04735212306519879,0.08703672580451068,0.04957863945546446,14.896570026620777,0.0250554606420684
2021-01-08,ALB,0.0054895486957628505,-0.001710542460205651,-0.01052328196019581,0.0005432676778043285,14.321967251839595,0.0141044275016786
2021-01-11,ALB,-0.031327578219600215,-0.037777491934893534,-0.029768358163298096,-0.03769251613388921,14.89392047945086,0.024989162863044
2021-01-12,ALB,-0.008480853665584893,0.017294287557615036,0.017604743083778945,0.028963655082609032,14.319433009569885,0.0140687286975886
2021-01-13,ALB,0.031152578046361526,-0.000819519727152174,0.0085186493184543,-0.014238047487331795,14.208498819598224,0.0125914781854807
2021-01-14,ALB,-0.013208751542513865,0.0059932047174966405,0.013891072852923075,0.013525258891110491,13.85261460949211,0.0088210044963493
2021-01-15,ALB,-0.002773784359324457,-0.0016852226114904543,-0.015408796033590806,-0.012303098163740499,13.994995595638873,0.0101707592795641
2021-01-19,ALB,0.005540175682603394,0.01001608340158362,0.0036503174327753036,0.02797193651579425,14.234681970720233,0.0129255169951806
2021-01-20,ALB,0.03533493959696595,0.014546317854570258,0.005534149405098619,-0.027694578051929514,14.155121435324011,0.0119370001104962
2021-01-21,ALB,-0.03257635542842984,-0.03435005695405707,-0.028040175716496772,-0.02120087232741559,14.094127415232416,0.0112306737724286
2021-01-22,ALB,-0.04657766775589183,-0.03990891999897079,-0.018808931396408036,-0.015423533409520164,14.52576113794502,0.0172926706955317
2021-01-25,ALB,0.004377289954015182,0.026132333919610617,0.005302230384223629,0.018310300681131906,14.131999450961095,0.0116641592506651
2021-01-26,ALB,0.02171630442902518,-0.0037398040276946203,0.003190868274722219,-0.008742806696353045,14.156331183765625,0.0119514496264375
2021-01-27,ALB,-0.04344491907901176,-0.04711369669428077,-0.06751243007439472,-0.03794401660299881,14.8828732925418,0.0247146220601609
2021-01-28,ALB,0.0021122707143786403,0.003218744524471444,0.015496671089625966,-0.014796502612192494,14.349955633323454,0.0145047640904029
2021-01-29,ALB,-0.033008781155813904,-0.009923543194523803,-0.02133928221869414,-0.022552203339640087,14.957629554083619,0.0266330077942388
2021-02-01,ALB,0.004231549093308495,-0.009248258388472125,0.017855019884107096,0.02255220333964003,14.025691253324744,0.0104877986587449
2021-02-02,ALB,0.021896144011049695,0.022088821382143194,0.0266455742094124,0.017162582237611048,13.97865014481442,0.010005864803529
2021-02-03,ALB,-0.017562522446976918,-0.003092399930272201,-0.044562820946548926,-0.04452151344575787,14.639159985415734,0.019369151133437
2021-02-04,ALB,-0.08494944375201303,-0.08930886417026386,-0.05622361174605884,-0.04407548006170167,15.942420080590601,0.071303261340745
2021-02-05,ALB,0.026199891240356547,0.01647675319758675,0.017648440150071984,0.014548091889494406,15.418990959619206,0.0422461347544857
2021-02-08,ALB,0.018928115869817918,0.029479540716299466,0.028613700265927976,0.027548671129974372,14.741316278419147,0.0214524313435499
2021-02-09,ALB,0.0022473602354646125,-0.015870547235492402,-0.019134347134549323,-0.01792406273540519,14.245733967562158,0.0130691621830668
2021-02-10,ALB,0.005596717451545414,0.003219120010658755,-0.004502680149389033,-0.01677606684730137,14.211262647058588,0.0126263270180448
2021-02-11,ALB,-0.032585273382502895,-0.008378753648260271,-0.0038110598220947173,0.024059346717102848,14.190517145872716,0.0123670857026289
2021-02-12,ALB,0.05229550365905779,0.03370422523312392,0.04151558711952407,0.029525408682567783,14.279245203127035,0.0135145472626667
2021-02-16,ALB,0.036007251070770664,0.032021908686841426,0.0037182552351970074,-0.014931000989603269,14.44107512215989,0.0158885177346558
2021-02-17,ALB,-0.04725770436380093,-0.05143171416202541,-0.046399391590368926,-0.029595270786881893,14.64859401352865,0.019552744983043
2021-02-18,ALB,-0.07764780026053245,-0.07334283736912672,-0.09231505154938659,-0.1072181775118819,15.220381550055842,0.0346363396826206
2021-02-19,ALB,-0.03875278848101708,0.037184491941819484,0.02643658427398396,0.09892831407661448,15.131892249712806,0.0317030879465537
2021-02-22,ALB,0.06278405627716889,0.0183051235374188,0.06107229353340015,0.0020469401382977484,14.655956857063087,0.0196972401424552
2021-02-23,ALB,-0.025826759886363466,-0.029322311989232314,-0.08459940240449719,-0.012021526167261105,14.654704671512128,0.0196725909682025
2021-02-24,ALB,0.03139068232597647,0.04329734219474575,0.07931200948781283,0.03981247886508044,14.412422681152464,0.0154397327689522
2021-02-25,ALB,0.04095610749205152,0.00473792034620495,-0.005776166411453677,-0.04721282363853667,14.09790442245939,0.0112731723487263
2021-02-26,ALB,-0.054073947709450246,-0.024798295018748893,-0.0005924516436108102,0.024012452219940108,14.356730169088188,0.0146033607874136
2021-03-01,ALB,0.04517911701920484,0.014803947545729168,-0.0021100343806836463,-0.027471485764228747,14.68487780234352,0.0202752207801038
2021-03-02,ALB,-0.039248245040618954,-0.016567517179479744,0.012267628809622991,0.005021705926638051,14.094203095350755,0.0112315237439545
2021-03-03,ALB,0.00012984258455126787,-0.025151486861900677,-0.044259276415880705,-0.04470032655053105,14.236258946159088,0.0129459163118035
2021-03-04,ALB,-0.05317263704971373,-0.0533745685576204,-0.06773790719216446,-0.03806243196298532,14.885483631441032,0.0247792198961334
2021-03-05,ALB,-0.011508702747101364,-0.014215434819865466,-0.024360432405967466,0.016609624365234957,14.163841487232938,0.0120415466081886
2021-03-08,ALB,0.004840195029504814,0.01455659982776144,0.046930812034602344,-0.02242081130357613,14.09533761036522,0.0112442733168438
2021-03-09,ALB,-0.007269278699270917,0.011049846598130792,0.01451095940331236,0.0354711379176805,14.013460191055438,0.0103603029298518
2021-03-10,ALB,0.04137771323660704,0.052401661668293464,0.04694792754132765,0.04382220960330044,14.476754705720039,0.0164656484007785
2021-03-11,ALB,0.043705977219344466,0.03831915030717389,0.03618842281662103,0.05979173990926557,14.279056506198271,0.0135119973480888
2021-03-12,ALB,0.023771438113743396,-0.00043227199743115007,0.010384144279819037,-0.025052391467155308,13.800194869286472,0.0083705195875938
2021-03-15,ALB,-0.025179864899636792,-0.01361641323738451,0.0014748194100920767,0.009806967477762043,13.46496110058199,0.0059863494572931
2021-03-16,ALB,0.024367684744789835,0.0011888649137609063,-0.011404938699911089,-0.02208923181903036,13.772186477502716,0.0081393273325343
2021-03-17,ALB,-0.04253540306184959,-0.019510348873257366,-0.017850329039680233,0.0035336034637491395,13.829808848469028,0.0086221111592761
2021-03-18,ALB,0.01425204356388563,0.010844214794225118,0.005461080098842796,-0.021982829538498932,14.098281339747846,0.011277422206356
2021-03-19,ALB,-0.01804351028461483,-0.03295637416019875,-0.025047464622472506,-0.0067105917083924,14.328753856797196,0.0142004742841114
2021-03-22,ALB,-0.007163854356457018,-0.0026758079762970936,0.0007401438257864987,0.004281581637770142,13.514812139234005,0.0062923392066365
2021-03-23,ALB,-0.005158680061959018,-0.006294609360126939,-0.022572511528804476,-0.038046486493671934,13.547893823395263,0.006503982116599
2021-03-24,ALB,-0.01867223288341925,-0.006201749515261877,0.007740004215290125,0.001091743399500397,13.854539906654699,0.0088380039268684
2021-03-25,ALB,-0.017720141489884125,-0.011984199324910946,-0.03203044860856803,0.015563892791703643,13.779055058082347,0.0081954254532473
2021-03-26,ALB,0.03758505219298712,0.011322148034516817,0.032576185277276466,0.00982205942019027,13.490474083050811,0.0061410442750167
2021-03-29,ALB,-0.009180939752738062,-0.009180939752738062,-0.008491892994512314,-0.02688725746307661,13.53949483491245,0.006449583938938
2021-03-30,ALB,-0.023123552249878068,-0.02059589868170124,-0.010926319403571291,-0.006991512354985366,14.114133312293877,0.0114576161698583
2021-03-31,ALB,0.006341166712880634,0.01287985610157455,0.012987233912819031,0.00494009437381612,14.503645699213111,0.0169144333664822
2021-04-01,ALB,0.00717857831553118,0.02231264151313559,0.012549498230606092,0.031196678530827596,13.934360579744013,0.0095723793252926
2021-04-05,ALB,0.03501013425056662,0.013217689430930789,0.009847294781177574,-0.0034553716862011866,13.561909087824318,0.0065957790414021
2021-04-06,ALB,-0.02614190929566621,-0.0009104834259649986,0.0003354980139805399,0.017617773557092112,13.6967281480998,0.0075477471504704
2021-04-07,ALB,0.02039123453554091,-0.005284009992549091,-0.039620801640233155,-0.06199101661616715,14.071857523979917,0.010983332058376
2021-04-08,ALB,-0.05143455945308153,-0.040306883447368075,0.007025572655239284,0.017042665451848307,13.656046956195505,0.0072468572302827
2021-04-09,ALB,0.008655587913781734,0.004416418569670426,0.0038050109606380424,0.00783676791628753,13.36750479177938,0.0054304680793193
2021-04-12,ALB,0.007835152116759917,0.0056112858531004355,0.005646104534087273,0.0026437241652712234,13.583579761650238,0.0067402742008142
2021-04-13,ALB,0.004604267324054079,0.006317311838099001,0.002057846200470121,0.005872678792387142,13.875571256099752,0.0090258476341042
2021-04-14,ALB,0.004717636632705155,0.03430786662925928,0.015569529069838219,0.028856737853618874,13.914994741753903,0.0093887854756865
2021-04-15,ALB,0.035014911458378664,-0.001036110779166304,0.005919283618861327,-0.015950678174812247,13.851554113909947,0.0088116548095638
2021-04-16,ALB,-0.01432025619550264,-0.008590680893919653,0.011932846402628271,0.010048184868479691,13.49792032892049,0.0061869427374182
2021-04-19,ALB,0.023432455873715823,0.04323467917278691,0.025451936726879537,0.03534754234381452,14.046067363085578,0.0107036914263372
2021-04-20,ALB,0.003916829240009564,-0.021703323679176195,-0.053134295668834985,-0.058705638447356594,13.885224103036956,0.0091133947012775
2021-04-21,ALB,-0.05391046755998547,-0.02061650114635866,-0.0017727552739501544,0.03004516371147813,13.444883013336034,0.0058673534436596
2021-04-22,ALB,0.05358969972444861,0.04300799946677527,0.047384755587083736,0.017808044425042833,14.164688166993756,0.0120517462665
2021-04-23,ALB,0.0003208156075688188,0.048769682440386,0.006746991870119148,0.034259072036205235,14.270908669016286,0.0134023510212407
2021-04-26,ALB,0.042038737954505155,0.024131573519411323,0.04630247715969289,0.056313867254863335,14.116578390054025,0.0114856652302147
2021-04-27,ALB,0.03768345308192483,-0.0020956888016071423,0.03314824088379457,-0.004819026906110554,13.762954361187942,0.0080645298382504
2021-04-28,ALB,-0.0014805013369606844,-0.005551699202224825,-0.0016736405745421859,-0.002064136417577085,13.29463628184505,0.005048830864166
2021-04-29,ALB,0.013420410669983812,0.00712347694062794,-0.01695131010004026,-0.010563494798859705,13.556352448285207,0.006559230265786
2021-04-30,ALB,-0.033472057035214754,-0.016543631621407873,0.00503705795253848,0.00327604795700943,14.131999450961095,0.0116641592506651
2021-05-03,ALB,0.02454518712584622,0.00554513998864831,0.0016331173568048024,-0.013047739885437924,13.387801374649944,0.0055418143492193
2021-05-04,ALB,-0.03603765560778691,-0.036361034179824614,-0.04278291465477094,-0.023652340587687115,13.763270499747783,0.0080670797528282
2021-05-05,ALB,0.014993153118404212,0.02803192931088125,0.0313563867994032,0.030616452072515836,13.806874373242703,0.0084266177083067
2021-05-06,ALB,-0.05091924964237213,-0.05768903553135539,-0.08672810013082347,-0.08943460708955651,14.75301507784156,0.0217048728867582
2021-05-07,ALB,-0.0210126726441164,0.024826213515799923,0.026317571859446682,0.06257411507593576,13.925172708311038,0.0094848322581193
2021-05-10,ALB,0.05620457370243263,0.012245939416146703,0.033145673292917274,-0.020112641075834763,13.935070680332966,0.0095791790975002
2021-05-11,ALB,-0.04852998633091356,-0.026010445926847345,-0.03522586860033745,0.006375580148594984,13.306185474491045,0.0051074788994568
2021-05-12,ALB,0.018144650898863614,-0.0087391785837749,0.0026642679823799436,-0.037452851681280874,13.83756652693107,0.0086892589098265
2021-05-13,ALB,-0.0028429018631987227,0.00762003936069332,0.007500130769565706,0.01979015375078475,13.432639764998356,0.0057959558354795
2021-05-14,ALB,0.006809747819265868,0.026220868078566578,0.022986291116657846,0.038075805696027205,13.617304711154178,0.0069714664558737
2021-05-17,ALB,0.020956468457133958,-0.007177718990765334,-0.021441883255389198,-0.03744223662059762,13.847494572339858,0.0087759560054738
2021-05-18,ALB,-0.02208819661521372,-0.011728244731104504,0.009154790472077026,0.009838223664977927,13.715580824433099,0.0076913923383566
2021-05-19,ALB,-0.025164586470403826,-0.025967356795294758,-0.02804708424225527,-0.014984732916170326,13.508714980716851,0.0062540904879686
2021-05-20,ALB,0.010652715923311821,0.0034804422712675642,0.012116584068758398,0.006413350699051039,13.489366204676697,0.0061342445028091
2021-05-21,ALB,0.017589781567224398,0.024769620381049868,0.02815467760006234,0.010013566366083672,13.89506176025344,0.0092034916830286
2021-05-24,ALB,0.006937625023868192,-0.009100388460198228,-0.029515555407899345,6.250480688421401e-05,13.22401883781393,0.0047045923961547
2021-05-25,ALB,-0.0006849912084694545,0.006014616245260338,0.020853864128117117,-0.00988597691564843,13.59386713090083,0.0068099718659424
2021-05-26,ALB,-0.015198811510126278,0.002900764785374574,0.0031695870232138494,0.026108098811084668,13.26021218655878,0.0048779865874493
2021-05-27,ALB,0.037266831775149334,0.044955468446377586,0.02740930428545701,0.0384617005960303,14.673070298970664,0.0200372287528367
2021-05-28,ALB,0.02688821608345994,-0.0031869397163198695,0.017400455283351865,-0.008818824136378262,13.527563116972043,0.0063730865016021
2021-06-01,ALB,0.008921658357032698,0.027002255650874593,0.025574655057175547,0.02570188146639083,14.06338652595471,0.010890685162047
2021-06-02,ALB,0.006099230855147488,-0.008958490314092729,-0.004493565647138184,-0.006260868775532147,13.384575322579519,0.0055239649471742
2021-06-03,ALB,-0.01229473940536822,-0.013090574377393851,-0.017697626970553906,-0.012938613470237286,13.194871928308395,0.004569446923528
2021-06-04,ALB,0.0006510268180017089,0.022337032687435802,0.018645341732406142,0.03143287488658052,13.3599635267252,0.0053896694460735
2021-06-07,ALB,0.02880166537277867,0.002126224926768421,-0.002192986214237633,-0.016031877128004933,13.539231226453836,0.0064478839958861
2021-06-08,ALB,-0.015638809254521675,0.019159782138987114,0.012500938156397728,0.030164675879493445,13.61681690686134,0.0069680665697699
2021-06-09,ALB,0.023481618795696723,-0.008539494975878257,0.01639008332662137,-0.00936128796691485,13.72591511788483,0.0077712896617963
2021-06-10,ALB,-0.003938479591711527,-0.007922164590114779,-0.033738051592855034,-0.03628687995005247,13.575094949758018,0.0066833261085753
2021-06-11,ALB,-0.031295276773989286,-0.022630572354895417,0.0013138765376753216,0.014203111253199808,13.431025325100387,0.005786606148694
2021-06-14,ALB,0.004194420482265299,1.6415526358939083e-08,-0.0020909174660836095,-0.010870918938627948,13.06812047403619,0.0040254651469175
2021-06-15,ALB,-0.006683983836247847,-0.009790255092061464,-0.025807271407455597,-0.01381734479775255,13.813609752577793,0.0084835658005456
2021-06-16,ALB,-0.020444959068715244,-0.013845100980731578,-0.0011666640055554792,-0.004527456415302412,13.467513565733432,0.0060016489447603
2021-06-17,ALB,-0.005710150510834125,-0.00905475171301631,-0.022303887164017752,-0.008567596943005925,14.023906698815257,0.0104690992851739
2021-06-18,ALB,-0.022735826570926678,-0.013799229326252032,-0.008517564409182976,-0.03666820342558456,14.114281669130914,0.0114593161129102
2021-06-21,ALB,-0.0033087717407586656,-0.0007997312657938232,0.010274971534966572,0.021542371884740293,13.842056086990567,0.0087283576000203
2021-06-22,ALB,0.009149766836830036,-0.0006153133042320799,-0.003329232368815643,0.001052875433757028,13.596733708714002,0.0068295212110394
2021-06-23,ALB,0.007899225190858566,0.020898147807641692,0.023384023786090606,0.012851714140410572,13.460407235524094,0.0059591503684626
2021-06-24,ALB,0.021948158077726005,0.0026493919000226953,0.002026461272225486,0.013954844526407705,13.641872391178904,0.0071448606471683
2021-06-25,ALB,0.009873623827124933,0.02124140847946143,0.01877858670511516,0.004808635024488106,14.315498263087571,0.0140134805484016
2021-06-28,ALB,-0.0006553020480447177,0.006396438302908977,-0.0007830848632074963,0.013578815968404307,13.416078713066291,0.0057007590245726
2021-06-29,ALB,0.012846986183642772,-0.0024597487033759646,0.005288307654291385,-0.008972336190205165,13.314636915215106,0.0051508274472805
2021-06-30,ALB,-0.019842610507848774,-0.01138214978280141,-0.0028810518408852476,0.005476279703960971,13.286692367753124,0.0050088822024462
2021-07-01,ALB,0.01984247720859095,0.021359674265616524,0.017871318837155547,0.02097037145741235,13.425428028998196,0.0057543072307077
2021-07-02,ALB,0.012509760657749221,0.001624413628405882,0.003065625159782121,-0.008054131494286607,13.12496199806309,0.0042609072596068
2021-07-06,ALB,-0.006644543961205099,-0.00791438838842567,-0.0197354845295704,-0.012322889362608728,13.408746106074473,0.0056591104198009
2021-07-07,ALB,-0.017699618312635654,0.0025673684644589526,0.0013197691625996561,0.008741867781274743,13.515892197284106,0.0062991389788442
2021-07-08,ALB,-0.013845251687215562,-0.018527130486216414,-0.021758931605101076,-0.012605380225156632,13.50285386649538,0.0062175417123526
2021-07-09,ALB,0.028616632556244862,0.04566153891670084,0.03787642613865741,0.04426776980863216,14.088663339608534,0.0111694758225599
2021-07-12,ALB,0.03577468904148949,0.08919720002050834,0.037687830527381304,0.06602952686338985,15.110922696392032,0.0310452099854654
2021-07-13,ALB,0.050698682747716724,-0.019803828233934846,0.04466652567591012,-0.014126925148731775,13.909821147435512,0.0093403370987071
2021-07-14,ALB,-0.0021539184912741163,0.008115584759649701,-0.014833713026586606,-0.012738944314564845,13.934715693068844,0.0095757792113964
2021-07-15,ALB,-0.0154832424910696,-0.001102831866119993,0.0071979375332242275,0.017972427403149104,14.206674557631047,0.01256852895428
2021-07-16,ALB,0.023537188625210318,-0.007277095620364041,-0.017619048947968556,-0.02821516355106296,13.79336821566841,0.0083135714953549
2021-07-19,ALB,-0.07090475854503295,-0.0504192262676851,-0.05274332945109972,-0.01438412277313279,14.378834320001834,0.0149297498533799
2021-07-20,ALB,0.027181856792561212,0.04920109898516133,0.04777158165603733,0.05021182243939821,14.053109918766918,0.0107793388921471
2021-07-21,ALB,0.08047222875877147,0.04972071406345854,0.05798233714903419,0.01573655661043196,14.417693650765111,0.0155213300354438
2021-07-22,ALB,-0.01067526930420777,-0.020374511096943246,0.00031706516162855543,0.013264613653148405,13.606394410972067,0.0068958189900638
2021-07-23,ALB,0.0006770211606880425,-0.0033505494653180445,-0.01619040786980278,-0.012581418361526634,13.716243660667226,0.0076964921675123
2021-07-26,ALB,-0.005586534562949187,0.006381898207957845,0.02266730553850353,0.023314139689916708,13.85299996558035,0.0088244043824531
2021-07-27,ALB,0.0029799095971733388,-0.01514587029744721,-0.029671674245709947,-0.030484535135831665,13.995329819961649,0.0101741591656679
2021-07-28,ALB,-0.008176506904490679,0.018117198436181217,0.02367023752103078,0.028943765217494956,13.560490558240303,0.0065864293546166
2021-07-29,ALB,0.03709093942711852,0.07629762359775798,0.033389054055605175,0.04168102891308352,14.751604309291395,0.0216742739118239
2021-07-30,ALB,0.028151157220341314,-0.016293192293277362,0.028694170089034857,0.01575134806551192,14.257886662600681,0.0132289568299461
2021-08-02,ALB,0.02694864214434646,0.006578123918155017,0.01536472214333562,0.00416547177334843,13.919781380121735,0.0094338339665621
2021-08-03,ALB,-0.01728232826265563,-0.005518692784037248,-0.015165993012201956,0.00038659082604421477,13.86134492950806,0.0088983519052111
2021-08-04,ALB,0.02082759227975265,0.020150703221805177,0.02217843545143652,-0.0006766320553661296,13.958485593691464,0.0098061214949299
2021-08-05,ALB,0.003627814077638535,0.06473288310647293,0.010811195703022618,0.055389315771545176,14.733879528803042,0.0212934866681966
2021-08-06,ALB,0.051722224915087614,0.005158787827689415,0.031703891886858876,0.03633682481956586,14.317074020034376,0.0140355798080764
2021-08-09,ALB,0.016647954232084088,0.022352585308410448,0.02326000189720227,0.020389648276742913,14.16982341436948,0.0121137941878947
2021-08-10,ALB,0.03321901232694268,0.03995985248223253,0.054038599252432803,0.0325277315312596,14.497546739356107,0.0168115868118418
2021-08-11,ALB,0.03260919863617943,0.00024787407392585635,-0.01982507320302307,-0.012799679228510262,14.465907323295411,0.0162880043518542
2021-08-12,ALB,-0.018460874068499965,-0.018806606929921154,0.011699222145089573,0.002327994900290987,13.901322132144951,0.0092612897467934
2021-08-13,ALB,0.00992467895480256,0.010052014603105406,0.011778231122279645,-0.005596090117058621,13.652051186389443,0.0072179581984003
2021-08-16,ALB,-0.02342766994886358,-0.031797320178892925,-0.051936994746459964,-0.04042903958003924,14.579955085998844,0.0182556884344374
2021-08-17,ALB,-0.04879424772223039,-0.038145594580992995,-0.049024984202739305,-0.04273265339446897,14.573040466276632,0.0181298926485962
2021-08-18,ALB,-0.018555796045619733,-0.009294475968710124,0.020615425309602715,0.0058961973237583055,13.760104607662699,0.0080415806070496
2021-08-19,ALB,-0.028992944032937572,-0.021014985109324348,-0.021754783638728344,-0.020321738702625294,14.124318646352954,0.0115749122404399
2021-08-20,ALB,0.012802615088258964,0.015723129528309846,0.015132860433309504,0.02923789545321724,13.925978906405318,0.0094924820018529
2021-08-23,ALB,0.05154349921704501,0.043179284810977686,0.040528213814092266,0.03691057669386002,14.253830648062847,0.0131754086238111
2021-08-24,ALB,0.013237450909057681,-0.004091241402233467,-0.0023392738729813337,0.005512346809803583,14.00497405031286,0.0102727558626786
2021-08-25,ALB,0.006205239487335522,0.047855183603953404,0.024247661715337248,0.021452386774826897,14.42233757713549,0.0155935776151498
2021-08-26,ALB,0.014488338310124145,-0.017361036641299517,0.01288373914908608,-0.014929115926949652,13.71944119004957,0.007721141341765
2021-08-27,ALB,-0.0009020867623152673,0.006114946656570671,0.0096731579974719,0.025464036439914777,13.800397935382136,0.0083722195306457
2021-08-30,ALB,0.03388582279123079,0.0272887024230913,0.017846609887305062,0.001393512370775035,13.928482929799172,0.0095162812045796
2021-08-31,ALB,-0.015490661437609266,-0.030446975865157187,-0.026955877948676543,-0.0010132709189102512,13.632910162298375,0.0070811127827217
2021-09-01,ALB,-0.001139815811768041,0.017558946084415165,0.013269180835930523,0.010337473209186984,13.736468432874318,0.0078537368998138
2021-09-02,ALB,0.013676545585577028,0.03024673877756754,0.026771978352871734,0.019991292207178213,13.90425468287877,0.009288488835624
2021-09-03,ALB,0.01431376222624478,-0.012827746663683174,-0.0014176557972781871,-0.008932114662165083,13.665270056748104,0.0073140049808331
2021-09-07,ALB,-0.010155656302388193,-0.015059372096135032,-0.006362438309486097,-0.01281633231042537,13.856941327143629,0.0088592532150172
2021-09-08,ALB,0.011346138654431953,0.00774270059708782,-0.011827509718051436,0.0020917506822637185,14.000496063294388,0.010226857400277
2021-09-09,ALB,-0.023872549420693858,0.017003195624513665,0.010104183249211782,0.01711275695451027,13.974308422880432,0.0099625162557054
2021-09-10,ALB,0.048549984693868384,0.020638232997770567,0.01353685159026174,-0.009245247924911137,14.244823043503413,0.0130572625817035
2021-09-13,ALB,-0.028047319799482103,-0.03969489793096608,-0.0799700332779637,-0.051212449365084706,14.740919987852136,0.0214439316282904
2021-09-14,ALB,-0.04517429130617328,-0.03450424850063257,0.0278836262560732,0.005831116458824639,14.094959581689512,0.0112400234592141
2021-09-15,ALB,-0.007087906751871965,0.006785490903832999,0.007274362890506791,0.01511494364747036,14.200297335460009,0.0124886316308403
2021-09-16,ALB,0.00918671880030791,-0.015554544039409875,-0.020537382781273258,-0.010068059417992105,14.095488781830987,0.0112459732598957
2021-09-17,ALB,-0.016756217146023763,-0.011069105545941427,-0.007125587782776119,-0.019210512093528358,14.556161837971581,0.0178264528138307
2021-09-20,ALB,-0.052990370202539,-0.05358413186636425,-0.06227948146291392,-0.05142084076305548,14.624928965306573,0.0190954603020798
2021-09-21,ALB,0.009143421211986573,0.010722158595527392,0.015527573276172596,0.004676306785839809,13.82437217757449,0.0085753627253487
2021-09-22,ALB,0.004836296926691131,0.028145504096960476,0.016212072830885743,0.030882071642758413,13.71513868940007,0.0076879924522528
2021-09-23,ALB,0.0322025625009465,0.02440870269509191,0.04447599312193554,0.02595041271371849,13.869147054907197,0.0089680495703393
2021-09-24,ALB,0.004397588185888754,-0.011128004998106776,-0.009610277302423056,-0.012073614634184006,13.464819105753202,0.0059854994857672
2021-09-27,ALB,-0.0083721736837826,-0.013104083845387866,-0.02109118786413897,-0.018500339756221403,13.645553445408439,0.0071712097644728
2021-09-28,ALB,-0.031373321659411944,-0.030184418646739434,-0.02284676017325294,-0.026443227244427204,13.799585423467146,0.008365419758438
2021-09-29,ALB,-0.0009136865336165748,0.004445760835710776,0.0062113882315267595,0.011575096991703528,13.514947210301854,0.0062931891781625
2021-09-30,ALB,0.021833851244368502,0.03526615702535607,0.011212333693898402,0.0,13.835020005032428,0.0086671596501517
2021-10-01,ALB,-0.0188219532247402,-0.03205734123935784,-0.038902574580939674,-0.0003653162420148033,13.925441513232862,0.0094873821726972
2021-10-04,ALB,-0.0021439405683766973,-0.007154655585437339,0.010021216300188788,-0.016955106838418266,13.831188021794555,0.0086340107606395
2021-10-05,ALB,-0.009082300705133687,0.01698727722036695,0.011875820787284958,0.03281816201827732,13.86392064991541,0.0089213011364119
2021-10-06,ALB,0.013638179346388503,-0.004702153984967099,-0.0027458548882178485,-8.978748590833795e-05,13.821294796952953,0.0085490136080441
2021-10-07,ALB,0.02690743875374848,0.01854579369902406,0.033637380111964515,-0.0003148187012056627,13.370786295963992,0.0054483174813643
2021-10-08,ALB,-0.017947835896013307,-0.018590847159382015,-0.03830909533331136,-0.03311089218859286,14.047099149333876,0.0107147410561746
2021-10-11,ALB,-0.03148401952957472,-0.016201473144841716,0.0015909596521583409,-0.004193446999923745,13.518587249858557,0.0063161384093632
2021-10-12,ALB,0.013208367826092632,-0.0010500553526137566,0.004524425768134965,0.012574498810332978,13.469211596850313,0.0060118486030717
2021-10-13,ALB,0.0024745804909319237,0.03266475966345793,0.014003199048197986,0.030829141281602686,13.831778514292282,0.0086391105897952
2021-10-14,ALB,0.029536461505416584,0.026865864009346475,0.03224178314931352,0.03371807519648279,13.935868941231037,0.0095868288412338
2021-10-15,ALB,0.03724480438402886,0.00925212818257117,0.01578307243460946,-0.011128128182592676,13.719331100447532,0.007720291370239
2021-10-18,ALB,-0.02492388324377481,0.014098095764812,-0.004735266887748614,0.03496311767878717,14.016899995069757,0.0103960017339419
2021-10-19,ALB,0.06758166767040787,0.02691836935440017,0.024012955950423208,-0.004060327896664927,13.883076678793053,0.0090938453561805
2021-10-20,ALB,-0.02231730540271656,-0.02222093276695945,-0.001889755038369225,-0.003311371680343941,13.723067364424427,0.0077491904021215
2021-10-21,ALB,-0.018928749023070672,-0.013437664305859222,-0.009632259525173603,-0.0043039233740704355,13.394679495953074,0.0055800630678872
2021-10-22,ALB,0.006646865323277303,0.007983380911792128,0.0022977682893944406,-0.011381544572341458,13.543440645706273,0.0064750830847166
2021-10-25,ALB,-0.002466146494298087,0.022094083264633885,0.005225986572353917,0.033679782171419176,14.285827263196609,0.0136037942728918
2021-10-26,ALB,0.019143079042682316,-0.00350402871350197,0.007980551029788403,-0.013793245838429313,13.929910990173907,0.0095298807489949
2021-10-27,ALB,-0.011509421031194482,-0.01460125691229009,-0.01450645032692897,-0.018850403390478908,13.946890512905574,0.009693075281978
2021-10-28,ALB,-0.014639993304175312,0.03122854253918295,0.009150022818424457,0.060525475742086915,14.266523118011452,0.0133437029859499
2021-10-29,ALB,0.02744315453733848,0.022450404638582496,0.014248285078609688,0.01715442865623586,15.26506160339483,0.0362189866639467
2021-11-01,ALB,0.06558073840515553,0.028887646707195663,0.05560649185813639,0.021330333857422425,14.309048202055878,0.0139233835666505
2021-11-02,ALB,-3.00681064570778e-08,0.006959252178642142,0.007822202083414645,0.01608899489810662,14.305011007948208,0.0138672854459375
2021-11-03,ALB,0.00967960035688141,0.009571387121875403,0.015541576501203393,0.007395257707957203,13.974649632180673,0.0099659161418092
2021-11-04,ALB,0.057431232252552596,0.04634740299649028,0.03295504674863233,0.04007182399494521,14.426254455216373,0.0156547755650185
2021-11-05,ALB,7.307969618173128e-05,-0.0036662108592645346,0.01290636233779785,-0.0005503076740065555,13.806268985882259,0.008421517879151
2021-11-08,ALB,0.007314526514141034,0.017876387345873254,0.019034053775797057,0.021814509918468228,14.026258398920545,0.0104937484594266
2021-11-09,ALB,0.015113615382096636,0.010376284796384215,-0.005701815792389527,-0.014283633094370992,13.865253601333421,0.0089332007377752
2021-11-10,ALB,-0.03677493812374576,-0.03156728310832974,-0.028057959797177907,-0.03265010480903437,14.101516977293187,0.0113139709819721
2021-11-11,ALB,-0.01237762850385961,-0.002557205405222027,0.0014785225974034545,0.024385090612203744,13.574331591913516,0.0066782262794196
2021-11-12,ALB,0.021965071935089772,0.011782011307378413,0.022994831600546353,0.014908047918144977,13.5511556134073,0.0065252314047479
2021-11-15,ALB,0.012182695081709908,-0.0003255055978723218,-0.017855720944508737,-0.018660788704737863,13.760104607662699,0.0080415806070496
2021-11-16,ALB,-0.022993613963142243,-0.011054207090813397,0.006424415057552996,0.004340210114500262,13.421580168468209,0.0057322079710329
2021-11-17,ALB,0.013413018217778346,0.0087732735466652,0.01198628631226546,0.003370716837592971,13.31017152197762,0.0051278782160797
2021-11-18,ALB,0.013813693253147095,0.008445915851196016,-0.002444824297107884,0.0046349411226105615,13.621198602793765,0.0069986655447042
2021-11-19,ALB,-0.010707181025140363,0.01537126557779706,0.012129681439068885,0.02434953855873072,13.843904604471241,0.0087445070590135
2021-11-22,ALB,0.04707718519470773,0.031115896765150967,0.029678292765744633,0.008385948076492865,14.668265359272256,0.0199411819704039
2021-11-23,ALB,-0.018480794309954605,-0.0172679352977036,-0.03644415888396381,-0.0309170639949365,14.100314241827396,0.0113003714375568
2021-11-24,ALB,-0.03507586916141736,-0.04093224209775075,-0.014605681573922582,-0.0024740637104583444,13.789578202209821,0.0082821225488946
2021-11-26,ALB,-0.02710134036872334,-0.019535276158149963,-0.016115257897619195,-0.028191935182209762,13.692552781401139,0.0075162982040101
2021-11-29,ALB,0.023458481615980967,0.02847669655113754,0.020187464949748723,0.0333154796771938,13.820300069918506,0.0085405138927845
2021-11-30,ALB,0.013582941757675413,0.0004326031118258729,-0.014648005929289635,-0.034665370831951856,14.135781545961756,0.0117083577700147
2021-12-01,ALB,-0.018312270873137273,-0.005744530743151526,-0.017172922897502337,-0.02523232258505012,14.036572744741306,0.0106025448147487
2021-12-02,ALB,-0.03393839156177682,-0.04104825984722684,-0.017276647621305413,0.0059092686415128225,14.00140987360611,0.0102362070870625
2021-12-03,ALB,0.004815860488564979,0.010925243977553407,-0.03276129567319131,-0.03869004549539928,14.300095486478035,0.0137992877238612
2021-12-06,ALB,-0.04010576477838505,-0.058114306538880806,-0.03295032165708177,-0.011719924073004774,13.850878667052065,0.0088057050088822
2021-12-07,ALB,0.005186044985099318,0.0407128440940784,0.057492988352045124,0.04326860745876696,13.696953347712057,0.0075494470935223
2021-12-08,ALB,0.030103618228170315,0.010093403494642583,0.02121365397539428,0.019497987268883875,13.632309814799221,0.007076862925092
2021-12-09,ALB,0.0016845787405034892,0.0023670485164633843,-0.005387606171760429,-0.027467088931037286,13.433079614811401,0.0057985057500573
2021-12-10,ALB,-0.0035634686534311826,-0.011055579324533903,-0.0003108505638221639,0.02075644831401644,13.41129616738276,0.0056735599357421
2021-12-13,ALB,0.00951269636900586,-0.0018229695394106512,-0.036704704106141205,-0.05501027183868343,13.912275134166686,0.0093632863299079
2021-12-14,ALB,-0.06706651551828004,-0.06044178001578982,-0.03379731024523145,-0.02017820147439051,14.004229110283328,0.010265106118945
2021-12-15,ALB,-0.06996931018140254,-0.02937966263954081,-0.054744347762131274,-0.01670789285040696,14.433287970640984,0.0157652718633925
2021-12-16,ALB,0.05829442393920238,0.012052480208494868,0.008040720044374571,-0.03606424493752512,14.200841663877661,0.0124954314030479
2021-12-17,ALB,-0.06652656999299829,-0.04408520555830316,-0.027250631441968303,-0.004557435194143172,14.670096509861155,0.01997773074602
2021-12-20,ALB,-0.031130958905047367,-0.04104246736861747,-0.030052060104730556,-0.05242268360723047,14.348019979691342,0.0144767150300464
2021-12-21,ALB,0.010439976216097702,0.00816651976258594,0.01878569283828071,0.027224127881668347,13.599592092741345,0.0068490705561363
2021-12-22,ALB,0.007078588576348931,0.01731586065154871,0.016471850447995505,0.004806654851703467,13.565895969850407,0.0066221281587066
2021-12-23,ALB,0.007516484128187479,0.0023997620647440085,-0.0011194463550560682,0.011784975051591547,13.60479076121576,0.0068847693602264
2021-12-27,ALB,0.01691483790310469,0.01668068854331307,0.019216381681966457,0.022560610713301402,13.293625672041347,0.0050437310350103
2021-12-28,ALB,0.028220545882059963,0.014339212031607339,0.015354089134883281,-0.001287821088157864,13.465386964133229,0.005988899371871
2021-12-29,ALB,-0.01971805030713899,-0.01618378610648643,-0.01724605622944037,-0.001160608373861938,13.260037925295398,0.0048771366159233
2021-12-30,ALB,-0.0021619870502920407,0.018336033126605207,0.017159514231477224,0.007796682655491556,13.321543690070312,0.0051865262513705
2021-12-31,ALB,0.012946131934784673,-0.0003794347543767066,0.010635900347389754,-0.0024779896875545236,12.848718323415918,0.0032324417132026
2022-01-03,ALB,0.011556390202183239,0.008064196351210846,-0.017586433274815266,0.012328996818291341,13.938171455264122,0.0096089281009086
2022-01-04,ALB,0.009627061705613891,0.0365543993340838,0.03877638982838973,0.02466484893582003,13.948730277023637,0.009710924684023
2022-01-05,ALB,0.004091443994348624,-0.0020996475399046124,-0.013042502212127218,-0.02902657739968328,13.885130832592706,0.0091125447297515
2022-01-06,ALB,-0.025317692175188432,-0.04869505468174537,-0.03550250656995128,-0.009637050954083367,13.817908680169245,0.0085201145761616
2022-01-07,ALB,4.272835958027957e-05,0.013486954524156916,0.019874272281725523,0.011248535703618966,13.586978766119895,0.006763223432015
2022-01-10,ALB,-0.012946215695347154,-0.024881097088748447,-0.051581857660160206,-0.039098809967957816,13.91571872303079,0.0093955852478941
2022-01-11,ALB,-0.014564315014050297,0.03334352224362259,0.031619531923965584,0.05652923429084332,13.80242633158633,0.0083892189611648
2022-01-12,ALB,0.07340484227375847,0.029046797592433417,0.053235050669790215,0.0037403155403063965,13.949430250190748,0.0097177244562307
2022-01-13,ALB,-0.008361413020948498,-0.004891051645349971,-0.02130484082668692,-0.02452368822932543,13.322362756675089,0.0051907761090003
2022-01-14,ALB,-0.046159413790031065,-0.045214460619482345,-0.024124579422743035,-0.006653822069352381,13.230501831017168,0.004735191371089
2022-01-18,ALB,-0.004449528599173081,-0.015422709526860605,-0.02034260565544378,-0.03204828381499863,13.559199237414324,0.006577929639357
2022-01-19,ALB,-0.013731959443898267,-0.01334913977988575,-0.021356995173131763,-0.02964409109252305,13.466805200907274,0.0059973990871305
2022-01-20,ALB,-0.03179681914671889,-0.008412564187144969,-0.022009218751813258,-0.011629098429068323,13.990136747894988,0.0101214609310588
2022-01-21,ALB,-0.03059621210344799,-0.03483213962369553,-0.03342013385651705,-0.02047064467650561,14.112054002231858,0.0114338169671316
2022-01-24,ALB,-0.03848079856257719,-0.03104786032919462,-0.052373115363578984,-0.0039088553926603705,14.50600472238705,0.016954382028202
2022-01-25,ALB,0.010384724525748214,-0.00915928442997291,0.034891840147677926,-0.028284208383904552,14.024069062703937,0.0104707992282258
2022-01-26,ALB,0.016394582095623646,0.017909211119963075,-0.007769923580435568,-0.0018949237663556284,13.894877037046786,0.0092017917399767
2022-01-27,ALB,0.006032303834591698,0.0011174620666293779,0.0032529770097791916,-0.000924511868193879,13.756292259311698,0.0080109816321153
2022-01-28,ALB,-0.03831319491621161,-0.04006786599422352,-0.03108525041663667,0.00388688535759379,13.616450897421531,0.006965516655192
2022-01-31,ALB,0.010538284780195828,0.06792334976271693,0.049514931794159195,0.06799340039775431,13.943904652239762,0.0096641762500956
2022-02-01,ALB,0.09469519531118567,0.03752915106417098,0.06022678954636592,0.020003378906986728,13.728536634818695,0.0077916889784192
2022-02-02,ALB,-0.007277234621252497,-0.010737003152133764,0.005081416285264281,-0.016611427721114017,13.615352064637543,0.0069578669114584
2022-02-03,ALB,-0.035641627494172934,-0.02665632780368365,-0.02934429768315644,-0.029460403133622602,13.391322769207571,0.0055613636943162
2022-02-04,ALB,-0.016185269514842438,-0.009045691759608081,-0.005279983928952466,0.004454023064413099,13.487840865027612,0.0061248948160236
2022-02-07,ALB,0.013705045252380114,0.022038313193427944,0.017507898741693537,0.017255851872980878,13.56717867746252,0.0066306278739662
2022-02-08,ALB,0.006737171889270996,0.015644473762056296,0.00491387052635393,0.03095653345393876,13.93631214432015,0.0095910786988635
2022-02-09,ALB,0.05401205944093889,0.04475963514846486,0.05693964677593908,0.042068785073654816,13.787523549806957,0.0082651231183755
2022-02-10,ALB,0.01020384483301405,0.026923700230344738,0.004619624663165731,-0.0016509809846287891,13.586978766119895,0.006763223432015
2022-02-11,ALB,8.570215937317037e-05,-0.021597849865637543,-0.015366174490929398,-0.02205983367973506,13.82526383970157,0.0085830124690822
2022-02-14,ALB,-0.014191927624646022,-0.022031763502675626,-0.01631707205967752,-0.014000214734407752,13.682094587249814,0.0074381008236224
2022-02-15,ALB,0.00839268179061483,0.03771791969934967,0.03155392304579719,0.05847258130831553,13.856749425580864,0.0088575532719653
2022-02-16,ALB,0.037584023022415154,0.02082185755876353,0.017424510251969835,0.018917733371789442,14.148262310732042,0.0118554028440047
2022-02-17,ALB,-0.09809821462158658,-0.11518546205241843,-0.19255158103455092,-0.2220263508669425,15.636926073896417,0.0525333401331055
2022-02-18,ALB,-0.08832271567125077,-0.09281987839096895,-0.040965157409389705,-0.032289030019498594,14.934219875032749,0.0260167784379223
2022-02-22,ALB,-0.05614174514320768,-0.008877342199012584,0.008465970398855282,0.00569741369740503,14.3074597373942,0.0139012843069757
2022-02-23,ALB,0.020414549776255755,-0.01773861694546997,-0.04212593193434574,-0.05270679261772677,14.312643462870584,0.0139735318866817
2022-02-24,ALB,-0.11368538291446784,-0.058587195584745344,-0.06211568285198543,0.012015294694965825,14.498506892569242,0.0168277362708349
2022-02-25,ALB,0.06810225730687153,0.037355661000682105,0.05856967688514726,0.041212709050454856,13.942408371976688,0.0096497267341544
2022-02-28,ALB,0.04350840362046061,0.045212517718150096,0.055853496091764515,0.02031851912091866,14.275211925686508,0.0134601490850056
2022-03-01,ALB,0.00971386262273986,-0.01980852730243562,-0.03357028511077115,-0.0494437038424706,13.807479394331018,0.0084317175374624
2022-03-02,ALB,-0.027789059046817152,-0.024831068217413543,-0.002554356189904319,0.024791923051236633,13.641872391178904,0.0071448606471683
2022-03-03,ALB,0.022737248314493495,0.014059319694138685,0.00401868848143786,-0.025382117747304537,13.884944265602023,0.0091108447866996
2022-03-04,ALB,-0.05584585987173975,-0.05306962098538705,-0.054518817199421116,-0.03974235727659993,14.088511132722553,0.011167775879508
2022-03-07,ALB,-0.013257779366699609,-0.016095629355572755,-0.020702913947004298,-0.03975940308083506,13.865634118479834,0.0089366006238791
2022-03-08,ALB,-0.051415829221828906,0.015337362303437447,-0.006624802392531768,0.04904189286200075,14.196342068407318,0.012439333282335
2022-03-09,ALB,0.09455203148182359,0.028355964976089977,0.06941242794249597,0.03474407614518569,14.102493135826748,0.0113250206118095
2022-03-10,ALB,-0.021010451090648925,-0.003269607382458611,0.006999597089662958,0.006604566443362222,13.574204308934007,0.0066773763078936
2022-03-11,ALB,0.022229624104561644,0.011240682662452844,0.006138738830251387,-0.019350541236819157,13.553627477709089,0.006541380863741
2022-03-14,ALB,-0.020876490860301775,-0.02796641143337029,-0.05213740012805867,-0.046927302016340156,13.788345917428996,0.0082719228905831
2022-03-15,ALB,-0.052811795988074506,-0.0188147325441849,-0.01425140669517128,0.03160162479615424,13.634469381133945,0.0070921624125591
2022-03-16,ALB,0.05820644274383376,0.059909563893653095,0.07243635814644536,0.049849537054811724,13.699764072131805,0.0075706963816712
2022-03-17,ALB,0.012610585807019991,0.015483746831689696,0.013202575778955958,0.028486684203530836,13.468221429134033,0.0060058988023901
2022-03-18,ALB,0.045834824363870284,0.012485193366945683,0.03561239922361118,0.009477709361069335,14.113465434021771,0.0114499664261247
2022-03-21,ALB,0.011979965305556485,0.007805971062897967,-0.008512764303810047,0.002217097275660765,13.61522989753968,0.0069570169399325
2022-03-22,ALB,-0.00020107175258242586,0.028111321960069886,0.025122187714442433,0.03423708610514577,13.806067108624964,0.0084198179360991
2022-03-23,ALB,0.021035662479700283,0.028049690458648007,0.02371731372177503,0.012614652783577079,13.71403249582067,0.0076794927369933
2022-03-24,ALB,0.023298085016776528,0.011525000440575618,0.01867378407445542,0.02812942299387038,13.531821834802397,0.0064002855904327
2022-03-25,ALB,0.02895185518483215,0.015438338489563639,0.028361933939368877,0.01588996223264719,13.636743875112057,0.0071083118715523
2022-03-28,ALB,0.015295174538365935,0.0043480088160845224,-0.009887613274263882,-0.01500299480260559,13.632549997050667,0.0070785628681439
2022-03-29,ALB,0.0027100228099113145,0.022220066033258868,0.017905544082916867,0.03727361717695268,13.664107267271497,0.0073055052655736
2022-03-30,ALB,0.013124506001119338,0.012031497505951044,0.02440434208534636,0.003006952063871281,13.747339848409558,0.0079395840239351
2022-03-31,ALB,0.006543172700813135,0.01489292295585379,0.007491723095176714,-0.009002997446540189,13.947854620991901,0.0097024249687635
2022-04-01,ALB,0.00748340165351205,-0.007068256603882445,0.005908348319985837,0.016903721233336104,13.669907740842811,0.0073480038418712
2022-04-04,ALB,0.0006245801530887279,-0.008884496575685179,-0.010124169302156436,0.004966947883765193,13.519797657900346,0.0063237881530968
2022-04-05,ALB,0.012635192204446675,0.00835870934698285,-0.013997688934940564,-0.039432985495544276,13.943112782761816,0.009656526506362
2022-04-06,ALB,-0.04985908683519732,-0.05543840504763197,-0.0547712740692211,-0.02719573534249998,14.13882590679061,0.0117440565741047
2022-04-07,ALB,-0.01846066430848046,-0.004408910852830247,0.0015073144645328584,0.0017953019511991568,13.649693253627467,0.0072009587678812
2022-04-08,ALB,0.003108584788592665,-0.0014426935572395868,0.0018447168065458886,-0.004020176389878761,13.510208833790402,0.0062634401747541
2022-04-11,ALB,-0.02533482527954819,-0.02614357191626564,-0.02325577501102474,-0.023982066755230604,13.868103956849598,0.0089586998835539
2022-04-12,ALB,0.006537697357941192,0.018193411465609304,0.005050049425735835,-0.004768774464971516,13.473162492421553,0.0060356478057985
2022-04-13,ALB,-0.00929051734970043,-0.0013623371475320856,0.01733237409263162,0.03583462920518469,13.156573481472824,0.0043977526752853
2022-04-14,ALB,0.029544089506899067,0.011777916716881135,0.020181193139593486,-0.007605462603737217,13.257944418064467,0.0048669369576119
2022-04-18,ALB,-0.010004131089646727,-0.008304816056695792,-0.008503189226426214,-0.005801633983582442,13.246174430225715,0.004809988865373
2022-04-19,ALB,-0.0033730649554035916,0.024482270616009348,-0.006111566506157373,0.03964798599520383,13.484643980237895,0.0061053454709267
2022-04-20,ALB,0.05341579950338969,0.01578482860508526,0.03979236607884783,-0.004410323214858019,13.559328444560693,0.006578779610883
2022-04-21,ALB,-0.0031177378086382204,0.002202512701380706,-0.04497069828747103,-0.046895126223349425,13.989968779613724,0.0101197609880069
2022-04-22,ALB,-0.06284430840198961,-0.055390123441066384,-0.028195753681514852,-0.032365183257782745,13.684605427976763,0.0074568001971933
2022-04-25,ALB,-0.04645581861991184,-0.05116844052554278,-0.04736881182996011,-0.010924714064981945,14.240778946963175,0.0130045643470943
2022-04-26,ALB,-0.005365216883931801,-0.008477779759632806,-0.01832487076998491,-0.0554230321372663,13.828427770397164,0.0086102115579128
2022-04-27,ALB,-0.05037486715614014,-0.010737568046530366,-0.0014401119403906406,0.02352797672799889,13.822387855050497,0.0085583632948296
2022-04-28,ALB,0.035805184063729505,-0.00045844588631260825,0.0022391685956386406,0.01563943949896447,13.756080035427438,0.0080092816890634
2022-04-29,ALB,0.006006996613647861,0.028971604495862037,0.021182176955587814,-0.012522937512958663,13.802325009433472,0.0083883689896388
2022-05-02,ALB,-0.017713435656104174,-0.03890408844038117,-0.03528701019248032,-0.007339130251456605,13.835902227427322,0.0086748093938853
2022-05-03,ALB,-0.007110901465278049,0.020826274050966702,0.02780340989237706,0.029342861390390607,13.741111312625405,0.0078902856754298
2022-05-04,ALB,0.10136440577293152,0.08233486144764082,0.07061996229461133,0.0890090056090902,14.552722948132212,0.017765254863962
2022-05-05,ALB,0.12088657475220316,0.12098014499344445,0.08011040715538309,0.09312647317566797,15.1347301176385,0.0317931849283049
2022-05-06,ALB,-0.010559850559734026,-0.0011109506523700422,0.029645574318246975,0.024682224300013437,14.657552200035772,0.0197286890889155
2022-05-09,ALB,0.010559825663250326,-0.014555186365057983,-0.0322241085470332,-0.08957601588313274,14.700187188916827,0.0205880103016548
2022-05-10,ALB,-0.046528094615046374,-0.04223278163534993,-0.03348466579761111,-0.0009480053793155672,14.461252140400692,0.0162123568860443
2022-05-11,ALB,-0.02757983409496421,-0.006776649278146503,-0.004083156735335248,-0.03867339729040626,14.001077675556546,0.0102328072009587
2022-05-12,ALB,-0.04134065143913256,-0.04463129071619148,-0.03893680203349251,0.001969543541087546,14.143303091856676,0.0117967548087139
2022-05-13,ALB,0.024456751541154224,0.05883131525395936,0.05234402290819902,0.06953306192184505,13.891082672024641,0.0091669429074126
2022-05-16,ALB,0.0396101518185206,0.011823897865023737,0.03721095968149113,-0.010985614836381913,13.789680824096491,0.0082829725204205
2022-05-17,ALB,0.027958312960961296,0.022693174104867344,0.033241127572065814,0.05547545807679606,13.94776701320141,0.0097015749972375
2022-05-18,ALB,0.019719036116156434,0.023006530256218998,0.012292725041839503,-0.013678425268825758,13.919150494274021,0.0094278841658804
2022-05-19,ALB,-0.010343400229772978,-0.007294742073544968,-0.0008973885303418627,0.013051262485734414,13.881205597576466,0.0090768459256614
2022-05-20,ALB,0.029308948778835896,6.8739713684704815e-09,-0.025024021262512575,-0.011103738458975321,13.928929417776862,0.0095205310622094
2022-05-23,ALB,-0.006893038015153348,0.002095405875762518,0.03184164336401545,0.027119856435677946,13.818905787643313,0.0085286142914212
2022-05-24,ALB,0.013574217442541555,0.025410214845838767,0.008204853329762727,0.0008641048595075776,14.60510409082188,0.0187206228591342
2022-05-25,ALB,0.002914217015535699,-0.01090353984330818,-0.021413732741148852,-0.023468815018354117,14.2424768500042,0.0130266636067691
2022-05-26,ALB,-0.020078223057615197,0.04392562455858583,0.020950189214338593,0.07124979997486477,14.633306484492897,0.0192561049204851
2022-05-27,ALB,0.07977876599601315,0.05787635238083392,0.08192411947629911,0.06036386381153339,14.48467288791124,0.0165965440157754
2022-05-31,ALB,0.023241562639741413,-0.029365584111503463,-0.012933965154445996,-0.03952761286289608,14.810945501677756,0.022999379520786
2022-06-01,ALB,-0.04865818804594266,-0.046874967050061396,-0.08839248736721365,-0.08115704542059284,15.039844950985415,0.028915181341425
2022-06-02,ALB,-0.07784379084749307,-0.00835529691545433,0.0010735691353589033,0.04546887764224732,14.320942260658237,0.0140899779857374
2022-06-03,ALB,0.052048653401480044,0.001390818912494722,0.05136195805841014,-0.002111337987083406,13.740249151630263,0.0078834859032222
2022-06-06,ALB,0.03262330426484809,0.031003931463146145,0.030989108615254665,0.027649078674831698,14.063152361518691,0.0108881352474692
2022-06-07,ALB,0.0007078512075462391,-0.0036252474582854004,-0.001978189773029936,0.00038791131676538503,13.80141264778304,0.0083807192459052
2022-06-08,ALB,0.009428276056315044,0.00404856989072215,-0.004763841623637912,-0.01669617926513625,13.66956065961885,0.0073454539272934
2022-06-09,ALB,-0.020647024833273724,-0.02859869320956315,-0.03830215080002203,-0.04625017817125377,14.00695784829872,0.0102931551793014
2022-06-10,ALB,-0.050166554352973104,-0.044604965416650634,-0.027626732858758576,-0.020516732209180762,13.907269895528916,0.0093165378959804
2022-06-13,ALB,-0.04569320239969892,-0.05130428911766523,-0.06963168259528595,-0.06384365054403454,14.317800455851517,0.0140457794663878
2022-06-14,ALB,-0.021077539696275606,-0.004067685688429409,0.008770243424737444,0.0049827032769912405,13.848075516797575,0.0087810558346295
2022-06-15,ALB,0.010417209642458127,-0.009600670825992271,-0.04700915734412887,-0.03764044440058903,14.484263094036944,0.0165897442435678
2022-06-16,ALB,-0.07635907111019044,-0.07538875697641804,-0.05964425038752406,-0.06190126536794298,14.58492455726225,0.0183466353877145
2022-06-17,ALB,-0.02959208052489834,0.018766428368719473,0.008420858423012729,0.04766612432716652,14.69156287500242,0.0204112162242564
2022-06-21,ALB,0.06688982365563481,0.025064949505878995,0.06300876052036386,0.020030115024846855,14.113984933443822,0.0114559162268064
2022-06-22,ALB,-0.03610329269832715,0.00791520939253905,-0.023759309145330948,-0.0004160953372410522,14.033200062971002,0.0105668460106586
2022-06-23,ALB,0.035550620261840395,-0.004996496129667257,0.004501138682684832,-0.012190148690969451,13.966600272098061,0.0098860188183695
2022-06-24,ALB,-0.0012911267164813834,0.03133430823365216,0.024073536855927755,0.050967735204142016,14.687640812112774,0.0203313189008168
2022-06-27,ALB,0.02230994223628352,0.008787905671477752,0.03031795417965847,0.008108097880704218,14.029331589310814,0.0105260473774128
2022-06-28,ALB,0.01948031278161653,0.0181635611729625,0.005459717895753974,-0.015251392076697816,14.276789361368724,0.0134813983731544
2022-06-29,ALB,-0.017136983961960624,-0.04233905731246125,-0.06305745600850135,-0.05195601253868126,14.155975527294727,0.0119471997688077
2022-06-30,ALB,-0.06605214102371972,-0.05140426707050737,-0.023176856419664552,-0.013828803387816344,14.03921475208893,0.0106305938751051
2022-07-01,ALB,-0.011023969273289481,-0.015069034088069182,-0.016868373691474918,-0.018496854846110605,13.818507063952548,0.0085252144053174
2022-07-05,ALB,-0.021922881490425882,-0.036882414275881716,-0.02715528070894051,-0.02327656414673301,14.00057917147386,0.010227707371803
2022-07-06,ALB,-0.0053819172361143225,0.004660445346043434,-0.00709937848853517,-0.010684164066002935,14.21193559414122,0.0126348267333044
2022-07-07,ALB,0.017533106644617536,0.021289455991513544,0.04363900442872563,0.023425054534085027,14.281820498934758,0.0135493960952308
2022-07-08,ALB,-0.0006383428538261692,0.009830090551636294,-0.010232985258018827,0.014330356663095541,13.718890620802132,0.0077168914841352
2022-07-11,ALB,-0.009229326555321403,-0.030624747138362905,-0.015548521219472478,-0.030119154869045355,13.707592329702052,0.0076301943884879
2022-07-12,ALB,-0.019729347909324436,-0.013288892835771927,-0.020649028954712257,-0.02022125622463457,13.752039200538235,0.0079769827710771
2022-07-13,ALB,-0.031543178592208176,-0.007442820742397307,-0.020449999382485068,0.0009187401660205529,13.689835083791039,0.0074958988873872
2022-07-14,ALB,0.005569016442086538,-0.006837708612795549,0.004902103726971627,0.0033617511882856636,13.807781767661576,0.0084342674520403
2022-07-15,ALB,0.039086921390621386,0.023854221911121944,0.026719416925069066,0.020334797856478324,13.723944460328594,0.0077559901743291
2022-07-18,ALB,0.029023135964967837,0.032708215622475154,0.03629631772094382,0.015720347121157194,13.753955315754979,0.0079922822585443
2022-07-19,ALB,0.007775864910688162,0.01950035227264027,0.021780401054975574,0.036788078469732144,13.568203660223643,0.0066374276461738
2022-07-20,ALB,0.028082603854696853,0.03794089365503692,0.017335927953311635,0.037078127492833686,13.746590183849325,0.0079336342232535
2022-07-21,ALB,0.02640490211752725,0.024856417867785946,0.04010968111109396,0.027365894877121016,13.6707171288625,0.0073539536425529
2022-07-22,ALB,0.037993256172974714,0.009684299081259447,0.00450511425753687,-0.018521670358384725,13.469776967090997,0.0060152484891756
2022-07-25,ALB,-0.02856181269812669,-0.0021049252537622474,-0.01408334997501419,0.027216008869401995,13.487840865027612,0.0061248948160236
2022-07-26,ALB,0.02974536713463698,0.005821655959355648,0.03297391177719501,-0.010913224610669037,13.689381415249368,0.0074924990012834
2022-07-27,ALB,0.0003066613081164343,0.028186739840453306,0.0026698012580983594,0.04001494926609322,13.575857725331772,0.006688425937731
2022-07-28,ALB,0.03760404007578987,0.01428201245395958,0.03299906665365169,0.008627184000631326,13.896169383490529,0.00921369134134
2022-07-29,ALB,0.005929520448380236,0.027437460385558925,0.018782920539972627,0.033251061494674404,14.225366678119695,0.0128056710100211
2022-08-01,ALB,0.016632412429824547,-0.007188719931202248,0.001981176092714339,-0.017965617566954785,13.771873145538516,0.0081367774179564
2022-08-02,ALB,-0.014538215434960196,0.010885339902441012,0.004914775812772065,0.016244973715826644,13.840594313560441,0.008715608027131
2022-08-03,ALB,0.028867927676786313,-0.0025171910351556156,-0.018908854478352267,-0.01799696830163437,14.157468435194437,0.0119650491708527
2022-08-04,ALB,0.0008127574219527345,0.016729269601832752,-0.0178809672564401,-0.019602980638501504,14.600325383254319,0.018631375848909
2022-08-05,ALB,-0.058415976027635874,-0.025712500130071276,0.007579222649870136,0.013111346050309398,14.171786122161533,0.0121375933906214
2022-08-08,ALB,0.047552931090664545,0.03929171842210144,0.04715132938941727,0.028376242029019273,14.199956979676019,0.0124843817732105
2022-08-09,ALB,0.004465721826273246,-0.02233216246944651,-0.007809460819283389,-0.0007354050169582459,13.54370314700388,0.0064767830277685
2022-08-10,ALB,0.02167401247901337,0.04506343068307601,0.031079480177477647,0.05811609723956016,14.122922460944967,0.0115587627814468
2022-08-11,ALB,0.05107542841968664,0.049084109893770086,0.05632946750669384,0.024382455653907623,14.500273186199808,0.0168574852742433
2022-08-12,ALB,0.014752229182441984,0.033209723661038776,0.01269022533857336,0.0580129476458691,14.506505925033267,0.0169628817434615
2022-08-15,ALB,0.035251466717777964,0.026072965609655677,0.035974824105864014,0.008874794468206167,14.3999031361317,0.0152476392040866
2022-08-16,ALB,0.024606206261227902,-0.015829137519778106,0.0024227679102899894,-0.011577600028771014,14.076181851703659,0.0110309304638294
2022-08-17,ALB,-0.028518599308888767,-0.0033088649653594386,-0.010821089109842405,-0.011424946933079013,13.803135299348881,0.0083951687618464
2022-08-18,ALB,0.012265737530148766,-0.005657344012413642,0.007348056682525534,0.006784943883887605,13.883824132114357,0.0091006451283881
2022-08-19,ALB,-0.010742377040284723,-0.02154182179877969,-0.03548769189839987,-0.03454223701179517,14.017390431167183,0.0104011015630976
2022-08-22,ALB,-0.040381081171898606,0.003977718313963809,-0.01113936773886958,0.020817482800022734,14.190035930781601,0.0123611359019472
2022-08-23,ALB,0.0464153133669687,0.02427877314905317,0.0476412636823544,0.019148006167699724,13.853481451957329,0.0088286542400829
2022-08-24,ALB,0.015761661049878063,0.01638414990904215,0.013699848369972314,0.02408210459188541,13.586350191868982,0.0067589735743852
2022-08-25,ALB,0.030006382999503107,0.03262229875150529,0.035572785465816534,0.02673414763981147,14.130322027731049,0.0116446099055681
2022-08-26,ALB,0.018817820631693884,-0.005481503707265621,-0.01258951662937251,-0.025761679977026487,13.732890615405466,0.0078256878394573
2022-08-29,ALB,-0.045743693599216505,-0.021129655026524072,-0.021769606102834353,-0.01113212532376307,13.520200801891368,0.0063263380676747
2022-08-30,ALB,0.013832604565472528,-0.008092108943493775,-0.031671636073955,-0.04375495854244517,14.464392844855942,0.0162633551776015
2022-08-31,ALB,-0.05022773108074431,-0.0531591697879116,-0.01573379871540855,-0.017791312646811903,14.259042508644828,0.0132442563174133
2022-09-01,ALB,-0.03162099815226346,-0.03283007247222452,-0.06885387713609573,-0.0419172271610402,14.361085953565492,0.0146671086518601
2022-09-02,ALB,-0.005425743322878555,0.006374677985956758,0.0322882142159827,0.011299662094304164,13.993322796380276,0.010153759849045
2022-09-06,ALB,0.023128642393087193,0.01692615148592473,0.0036786713175979576,0.025904414762607995,14.160447581262824,0.0120007479749428
2022-09-07,ALB,-0.014718136321055673,0.033373793314824284,0.021981252706213705,0.04580376297310522,14.142582319676686,0.0117882550934543
2022-09-08,ALB,0.04654941315863395,0.044100650087444376,0.04621774017506768,0.042871627017048705,14.307276290537324,0.0138987343923978
2022-09-09,ALB,0.06046993623231476,0.03446701130412546,0.06302998752643825,0.030215189468923428,14.2733789774964,0.0134354999107529
2022-09-12,ALB,0.018106348909902512,-0.0070652818064671895,-0.010906735987518673,-0.011383877995230066,13.874629105042828,0.0090173479188447
2022-09-13,ALB,-0.04713389894637293,0.022090164732954613,-0.02165164147996895,0.0037641647492297637,14.486974854653024,0.0166347927344433
2022-09-14,ALB,0.034032050505164176,0.003640314547114524,0.0328973809750153,0.029615299678393724,14.279622490198548,0.0135196470918224
2022-09-15,ALB,0.02023090993872505,-0.013057343043011546,-0.028393332815981984,-0.06711265808571253,14.297258081932785,0.0137601890336673
2022-09-16,ALB,-0.07164379888077457,-0.053399924304985844,-0.03350780316232102,0.0019860672520444506,14.470488991860117,0.0163628018461381
2022-09-19,ALB,0.0020952279462543833,0.032985530745034,0.017142531016853185,0.03296694779836857,13.941879738068902,0.0096446269049986
2022-09-20,ALB,0.0401278289343479,-0.01254002905621277,0.008796621530926021,-0.03181934025535656,13.714253832451346,0.0076811926800452
2022-09-21,ALB,-0.008832707620371605,0.011935288500877774,0.001897563495015874,-0.009150008782127928,13.810599518526876,0.008458066654767
2022-09-22,ALB,-0.005828327468141891,-0.026082539222177157,-0.05080384552115567,-0.046241084006015384,14.270528079338739,0.013397251192085
2022-09-23,ALB,-0.08711183121214737,-0.07156610532810655,-0.03928554283583412,-0.009970320013148097,14.211128003282058,0.0126246270749929
2022-09-26,ALB,0.006731942092352347,0.017485488221520244,0.015703223166201565,-0.016539963192747923,14.043682246980412,0.0106781922805586
2022-09-27,ALB,0.016357806284055698,0.00624387830078704,0.0024550574337492007,0.017393000406607947,13.964276193000817,0.0098630695871688
2022-09-28,ALB,-0.01557096067620552,0.009616098902402882,-0.0020013212009268584,0.030205313706859197,13.980347648449413,0.0100228642340481
2022-09-29,ALB,0.025222344832153715,-0.01779177595908603,-0.009304069312685159,-0.04605242939934758,13.829808848469028,0.0086221111592761
2022-09-30,ALB,-0.039556710674266575,-0.013036965779787522,-0.0014126271470100604,-0.0037744174927944545,13.890618958094434,0.0091626930497828
2022-10-03,ALB,0.028281472938529114,0.019039005415715893,0.002442055522890876,0.03452770042679908,14.237308883226511,0.0129595158562188
2022-10-04,ALB,0.050977495652663796,0.047177503171513493,0.06038030338988056,0.03605705429816002,14.05176853800113,0.0107648893762058
2022-10-05,ALB,-0.015884861366414392,-0.02764015969532804,-0.03657770526606756,-0.024904140901847456,13.927768134124344,0.009509481432372
2022-10-06,ALB,-0.021738091849133424,0.014581628967754709,0.020992127539257846,0.014845882353712111,14.122701832314272,0.0115562128668689
2022-10-07,ALB,0.007588033360166201,-0.029632000519951584,-0.030039701678701226,-0.030392423352799156,13.84662252235683,0.0087683062617402
2022-10-10,ALB,-0.010690411433388182,0.00532957162156696,0.012910928309409923,0.020232307106538092,13.845070331079134,0.0087547067173249
2022-10-11,ALB,0.002081437373089637,-0.009308931486215994,-0.008115180437402978,-0.01854575465637066,14.160801651050845,0.0120049978325726
2022-10-12,ALB,-0.007727319218346778,-0.011080834457268658,-0.08625384428183161,-0.0821909314989707,15.093523753588968,0.0305097279241145
2022-10-13,ALB,-0.13563451072059263,-0.05612190007900359,-0.0577386586465836,0.017933226098936217,14.805498120342147,0.0228744337064708
2022-10-14,ALB,0.08662182747945121,0.011908367113474127,0.022239804772877417,-0.07513610188722099,14.501482558375743,0.0168778845908662
2022-10-17,ALB,-0.05544952862737786,-0.03755022411243161,0.02838427098057627,0.0435084241005266,14.0988841120666,0.0112842219785637
2022-10-18,ALB,0.04192160091029307,0.025641853913743202,0.02412189628100113,0.014568928472612498,13.789064934748229,0.0082778726912648
2022-10-19,ALB,-0.021800545436754224,-0.004312611038060406,-0.007195776375838953,0.01904905304935948,13.95631630321371,0.009784872206781
2022-10-20,ALB,0.03277688685008873,0.01694865299768532,0.018982746046783155,-0.004375882787432922,13.881111951552748,0.0090759959541355
2022-10-21,ALB,-0.009177372440523864,0.038120374599143636,0.007493464610503211,0.05566740341816331,14.091930196632202,0.0112060245981759
2022-10-24,ALB,0.0496509979692737,-0.0018073756869428756,0.01702441961417022,0.002071713647052214,13.807076087613822,0.0084283176513586
2022-10-25,ALB,0.0038957370808560005,0.04097554280946278,0.03786335536785916,0.039352885712294915,13.91399841088604,0.009379435788901
2022-10-26,ALB,0.04832289769434535,0.017074705355761638,0.03838077013526845,0.002555135758178332,13.86544387800579,0.0089349006808271
2022-10-27,ALB,0.002044316170438342,-0.008992838623130769,-0.01838633240720523,7.097277226305525e-05,13.81571153776648,0.0085014152025907
2022-10-28,ALB,-0.009908219942282434,0.004663742823894301,0.0066129975824600834,-0.00714907729082488,13.7542743116437,0.0079948321731222
2022-10-31,ALB,-0.011876882393277907,-0.015158234459517684,-0.008693339357574575,-0.0010357518573841686,14.648767881140202,0.0195561448691468
2022-11-01,ALB,0.02761307579465437,0.022304888036117458,0.01867538606952681,-0.0031132564362049238,14.059398253992319,0.0108473366142234
2022-11-02,ALB,-0.03374945246893672,-0.029541398757838216,-0.04920259843960411,-0.04576248310054369,14.282259521527013,0.0135553458959124
2022-11-03,ALB,-0.08766336128211565,-0.003584282699975477,-0.05815596962923413,0.02972051146243578,14.622388575100418,0.0190470119251005
2022-11-04,ALB,0.11519724118510602,0.029157627518747124,0.09491074649439354,0.037284089385066485,14.20789110197104,0.0125838284417472
2022-11-07,ALB,0.01026810510100677,0.005356507112344239,0.022401950002196597,0.0052496688285618084,13.678316465837847,0.0074100517632659
2022-11-08,ALB,0.012197706781238483,0.07756334823429027,0.023992656910506265,0.06591415182334298,14.520142040756323,0.0171957739415729
2022-11-09,ALB,0.047651360212802224,-0.0033116982546806013,0.03095235661043574,-0.019402044443242682,14.171856147671855,0.0121384433621473
2022-11-10,ALB,0.021474733707612482,0.03266515755027537,0.022231657136973542,0.06650860972095005,14.203016019443604,0.0125226304918785
2022-11-11,ALB,0.03747359940584923,0.04193721911107618,0.047963504755889744,0.01426937426378738,14.167223913555182,0.0120823452414344
2022-11-14,ALB,-0.0007742224870701263,-0.0329072893337157,-0.030436876313083873,-0.02814445919223549,14.303231922039295,0.0138426362716848
2022-11-15,ALB,-0.07086486807515074,-0.07167318405927499,-0.09854494461023164,-0.06696309574907391,14.966430942601255,0.0268684499069281
2022-11-16,ALB,-0.017818224506528552,-0.015349427300358409,0.01668142990112542,-0.031205621278399442,14.212002863949008,0.0126356767048303
2022-11-17,ALB,-0.040489110072923676,-0.043882151885638813,-0.0367676891665082,-0.033039770097950664,14.336326709795316,0.0143084206679076
2022-11-18,ALB,-0.009351225273827658,-0.010619583354768737,-0.002402737634909957,-0.0016954542171780452,14.0515316368565,0.010762339461628
2022-11-21,ALB,-0.021001931843504667,0.019488546644122213,-0.01761295766427047,0.02107743315449266,14.125272809180556,0.0115859618702773
2022-11-22,ALB,0.03042357250308779,-0.0026560037291200418,0.028776560033053004,0.0007420403333238479,14.030058068959764,0.0105336971211464
2022-11-23,ALB,-0.0055501825249557445,0.01137787564708648,0.008541875364628094,0.0028571989063555015,13.809795256700335,0.0084512668825594
2022-11-25,ALB,-0.018930893588782523,-0.0400956884821523,-0.04798458897673353,-0.039809695325502874,14.109597823300785,0.0114057679067751
2022-11-28,ALB,-0.035409842506122356,-0.03402801705116498,-0.012108398810777255,-0.024902434855454667,14.324074225434897,0.014134176505087
2022-11-29,ALB,0.0071977900720948075,0.022218547093322032,0.010908007258603367,0.01458620738101075,14.013542228807617,0.0103611529013778
2022-11-30,ALB,0.0040792719565119935,0.014111610401881698,0.007330547621340553,0.029088998715944874,14.288510319320222,0.0136403430485078
2022-12-01,ALB,0.03651962670180324,0.007873462798444373,0.0015267384737531013,-0.009759952719462372,13.898104776993236,0.009231540743385
2022-12-02,ALB,-0.02368609356565273,0.017246579593139914,0.014516683851499951,0.03213442558709881,13.979499256821699,0.0100143645187886
2022-12-05,ALB,0.02763892945010524,-0.010708801715044855,-0.028153011244453643,-0.06936216686378707,14.442518470207565,0.0159114669658566
2022-12-06,ALB,-0.05096406194050253,-0.05451192648643216,-0.0373907607411112,-0.027676640534342538,14.389705832504958,0.015092944386363
2022-12-07,ALB,-0.025185435232483164,-0.0075080869791478615,0.004609793564985104,-0.0014740108082232051,14.030945272399657,0.0105430468079319
2022-12-08,ALB,0.011175117154619964,-0.006502231098715286,-0.008690124954411408,-0.006151995954265318,14.160943243871193,0.0120066977756245
2022-12-09,ALB,-0.025701230588172114,-0.02278685289561094,-0.007815223647660244,-0.010917650900300628,13.986434912691546,0.0100840621839168
2022-12-12,ALB,-0.01806314944624449,0.013029726641539383,-0.007078165911637979,0.023839814946686695,14.033441346407018,0.0105693959252365
2022-12-13,ALB,0.06325761095977657,0.029808110823275585,0.035131422722420244,0.009784176073947739,13.754486919051105,0.0079965321161741
2022-12-14,ALB,-0.031666032056272116,-0.02225336440785036,-0.05093853245574504,-0.05513697637891004,14.502941934394322,0.0169025337651188
2022-12-15,ALB,-0.07721688332076052,-0.06313623680797821,-0.035112190123366756,-0.02854912652532398,14.486310386159905,0.0166237431046059
2022-12-16,ALB,-0.008384687127543764,-0.008143752691035,-0.0036235537027089594,0.009765005088115408,14.735235785201349,0.021322385700079
2022-12-19,ALB,0.01674085084699862,-0.005986958768916278,-0.024007966451423304,-0.03998848063295536,14.055630000018665,0.0108065379809776
2022-12-20,ALB,-0.05343124366920438,-0.028536491273587785,-0.009644666979605003,0.0006854481332341501,13.848656123954774,0.0087861556637852
2022-12-21,ALB,0.01795874056155538,0.00594952144542868,-0.0088573989735537,-0.0037328518516147225,14.138608759540034,0.0117415066595269
2022-12-22,ALB,-0.02222643909518424,-0.03562929457875553,-0.021862431268171716,-0.029002719941508208,14.021386681646192,0.0104427501678693
2022-12-23,ALB,-0.020546648628639825,-0.009725485241139458,-0.0040597791841863705,0.004327261059312617,13.427935956095803,0.0057687567466489
2022-12-27,ALB,0.003601900333837767,-0.004367644067476122,-0.03551751858230366,-0.0580503375031085,14.4423582010405,0.0159089170512787
2022-12-28,ALB,-0.05403265434788803,-0.04129738304225908,-0.014624997553151463,-0.0005605313616848785,14.377866018139546,0.0149153003374386
2022-12-29,ALB,0.020542721495826966,0.022011933892616787,0.030192511921952832,0.015897996953146153,14.066736871252058,0.010927233937663
2022-12-30,ALB,-0.012609546571856744,-0.015307038238822143,-0.01519292801690033,-0.002808919247630563,13.766111258309486,0.008090028984029
2023-01-03,ALB,0.018467483133290007,0.004566695400616866,-0.023830323949456847,-0.010942188204267,14.645546426620083,0.0194932469762262
2023-01-04,ALB,-0.00022814574868105798,0.024216875118133873,0.03347468055555652,0.0414148373210324,14.366345622217887,0.0147444560607219
2023-01-05,ALB,0.014409551555621453,-0.0001778913299080321,0.006378285726221007,-0.02243529064592292,14.25312076497659,0.0131660589370256
2023-01-06,ALB,-0.010310225105733943,-0.008128271689788974,-0.008141759055862546,0.013765189564974977,14.296763797396483,0.0137533892614597
2023-01-09,ALB,0.021049600168649294,0.03281877545383037,0.03966013802225318,0.010591622064912837,14.199207788937207,0.0124750320864251
2023-01-10,ALB,0.0029775970219103574,-0.013323977300751511,-0.014977731391321813,-0.00044659964390354745,13.70625468747567,0.0076199947301765
2023-01-11,ALB,0.013049551081409863,0.0458141295735004,0.030262039406152862,0.05500235228375967,14.47375620427396,0.0164163500522732
2023-01-12,ALB,0.04181836088389158,0.02783823540103562,0.03545965552381238,0.027723402346743958,14.19545339274209,0.0124282836524976
2023-01-13,ALB,-0.008690919205642798,-0.010059806366383114,-0.009893493870533213,-0.004037616634788431,14.04892201346228,0.0107342904012715
2023-01-17,ALB,0.03136739124032716,0.01275265145495806,0.03544897814948194,0.003461931496218903,14.118796012032025,0.0115111643759934
2023-01-18,ALB,0.008545809077347482,0.025941045408448826,0.007376783733752511,0.002998718485084651,13.982380856509037,0.010043263550671
2023-01-19,ALB,-0.014022351679572607,-0.031784567006448224,-0.03221104783842821,-0.01942451921116482,14.188797456176125,0.0123458364144801
2023-01-20,ALB,-0.0033915042596853705,0.01972230875382962,0.01631871540249054,0.038478967984308284,14.051847492579393,0.0107657393477318
2023-01-23,ALB,0.03312763391393731,0.048012731652465605,0.03766123703457655,0.04773730004237195,14.497091607969521,0.0168039370681082
2023-01-24,ALB,0.029617402747756066,0.022345392363115415,0.01491394056715146,0.014814693790674805,14.369798463622166,0.0147954543522791
2023-01-25,ALB,0.027743852582496325,0.01597647618658664,0.0314802835908864,0.024090356075670106,14.056809105465884,0.0108192875538669
2023-01-26,ALB,0.04961342731056268,0.05080668155901746,0.05604552465236304,0.030778369721357328,14.430372360841437,0.015719373400991
2023-01-27,ALB,0.012775161736225612,-0.0003852941268163597,0.008701733950974207,0.008090450528120387,14.025853327748052,0.0104894986017968
2023-01-30,ALB,-0.015696530798575376,-0.016003807964187277,-0.02342359773077467,-0.03518517817702487,13.936843728870999,0.0095961785280193
2023-01-31,ALB,-0.016423880492756858,0.0058235222302081375,-0.002358107492648111,0.034226284324677655,14.256600820380209,0.0132119573994271
2023-02-01,ALB,0.028201333204862743,0.02389415169511328,0.030443930063075626,0.015687051642369543,14.100239022808381,0.0112995214660308
2023-02-02,ALB,0.030098692576778958,0.006272109207639486,0.021347166545429334,0.014756025746792798,14.005553064697692,0.0102787056633602
2023-02-03,ALB,-0.0009702861946687902,0.003052904341049271,-0.0013318568722174944,-0.010114637741441208,13.969862074765294,0.0099183177363558
2023-02-06,ALB,-0.007168114528636946,-0.006183975764133388,-0.030373901322616133,-0.03695201156638962,14.163135372746682,0.012033046892929
2023-02-07,ALB,-0.031789341746504836,-0.03471241395084049,-0.012112611649724346,0.00909820507838133,13.881299234831427,0.0090776958971874
2023-02-08,ALB,0.002124621386929007,0.0037747907397039523,-0.02022063490453847,-0.04088316152654348,14.236587169926617,0.0129501661694333
2023-02-09,ALB,-0.02546630064542962,-0.017280792800406918,-0.006330937082769996,-0.002838195907492538,14.000246697306117,0.0102243074856992
2023-02-10,ALB,-0.02246439601366186,-0.028166685901416775,-0.025847921201192756,0.003360227247087676,14.145749838581956,0.0118256538405963
2023-02-13,ALB,0.012824134619847096,0.010214169840750064,0.0325524005830711,0.006094267279720127,13.645316366503913,0.0071695098214209
2023-02-14,ALB,-0.004331550106247796,0.00821330042793268,-0.0055027041136163305,0.0028483404588764455,13.971232288758715,0.009931917280771
2023-02-15,ALB,0.0035487610230117298,-0.002742421183557888,0.006323389991337238,0.007691219905328278,14.248656330311915,0.0131074109017347
2023-02-16,ALB,0.03051515119451808,0.07040539756082438,-0.019129176072796468,0.045959963079292274,14.939238459176554,0.0261476740529192
2023-02-17,ALB,0.008534800833476849,-0.048851684220033234,-0.040777703160951626,-0.10166394132618908,15.566153023883482,0.0489439103790023
2023-02-21,ALB,-0.08373391110217945,-0.08262923674359703,-0.04511790366535019,-0.06422583938875832,14.9152225750427,0.0255271948389728
2023-02-22,ALB,-0.05395035099808477,-0.03687100395546886,0.003267385020143551,0.018386578909217667,14.50540294743372,0.0169441823698906
2023-02-23,ALB,0.028399456122041013,0.028035080780720853,0.014227077265421441,0.029584426269015952,14.635863353035905,0.0193054032689904
2023-02-24,ALB,-0.004650815493127347,-0.014437092791553197,-0.004406381937708054,-0.017204478575900867,14.079182428680422,0.0110640793533416
2023-02-27,ALB,0.01760651973643307,0.03599769119453998,0.030603170926633887,0.029614788045582922,14.461356989624983,0.0162140568290962
2023-02-28,ALB,0.0164478009549294,0.0030315152477843554,0.008293595970388893,-0.010599801200256219,14.3046431808032,0.0138621856167818
2023-03-01,ALB,-0.007681043554634746,-0.018016430475100872,-0.017656724722208115,-0.006588437544399526,14.086682840774477,0.0111473765628851
2023-03-02,ALB,-0.0363488736516624,-0.016719153152103684,-0.029698942162903107,-0.008985798155969973,14.403853179405024,0.0153079871824293
2023-03-03,ALB,0.020210842635687294,0.029125815382781552,0.029298582989320185,0.03527583347064167,13.986182015116244,0.0100815122693389
2023-03-06,ALB,0.03452068296082458,0.01423191011976105,0.021551369423098824,-0.009607502874078029,13.786906329971726,0.0082600232892198
2023-03-07,ALB,-0.022422421120020856,-0.023833782644536217,-0.03234200443074881,-0.03159705251986654,14.101817435268512,0.0113173708680759
2023-03-08,ALB,-0.021971827654092623,-0.010559127323064937,0.0048460851437360205,0.017326106701420003,13.734084644101976,0.0078350375262428
2023-03-09,ALB,0.015861886062787687,0.003806274198032768,-0.04950757744331135,-0.06737253067355958,14.351302512953835,0.0145243134354999
2023-03-10,ALB,-0.07344805296159178,-0.08280438710826232,-0.05360391734061552,-0.05032655565544515,14.778418046248328,0.0222633041793099
2023-03-13,ALB,-0.06541272637180433,-0.021373068757896456,-0.036799483122933935,-0.009551125019001626,14.424352333451667,0.0156250265616101
2023-03-14,ALB,0.038019615449076394,-0.0019578916459084463,0.028953120658136655,0.010572196284791538,14.527430914548594,0.0173215697274141
2023-03-15,ALB,-0.04765153235921419,-0.046032790783145434,-0.05581423962983547,-0.04985574259636567,14.923842457802506,0.0257481874357209
2023-03-16,ALB,-0.022884917330318718,-0.015706801229900404,-0.011693988548551543,0.0028463661197320306,14.47204613867265,0.0163883009919167
2023-03-17,ALB,0.002395353079662858,-0.010591301348606951,-0.003043956998122526,-0.028931116522232844,14.64855054190192,0.0195518950115171
2023-03-20,ALB,-0.021046433333097157,0.010312939322498728,-0.009628061017480623,0.022339574436464362,14.400683253868735,0.01525953880545
2023-03-21,ALB,0.04601466881330671,0.0387474092906589,0.05748676368294642,0.04462705392421369,14.460045583510217,0.0161928075409473
2023-03-22,ALB,0.02176701460998064,0.008582549063154277,-0.003234457069524196,-0.031070264751999185,14.231520539622013,0.0128847183619348
2023-03-23,ALB,-0.02176715595574585,-0.005683970985769147,-0.013981803000742645,-0.0021773168238610114,14.168138021895661,0.0120933948712718
2023-03-24,ALB,-0.028633623151028312,-0.029923035435743466,-0.020866657626576298,0.009920996177209977,14.278112487086672,0.0134992477751995
2023-03-27,ALB,0.039418033293617816,0.01827741096326474,0.037298316783625454,0.004992393815495384,14.530908836456474,0.0173819177057568
2023-03-28,ALB,0.006091415121846711,0.012313494344319999,-0.0006003892063799335,-0.003294903230321502,14.412973038595988,0.0154482324842117
2023-03-29,ALB,0.0031439862096739883,4.9447811288717695e-08,0.00960863930892307,0.02846884162343789,14.133164696766785,0.0116777587950803
2023-03-30,ALB,0.025064326048961454,0.02030762549701325,0.0175517446051672,-0.009040236824636881,14.073249526840211,0.0109986315458432
2023-03-31,ALB,-0.024033530789628197,-0.02093088637246001,-0.014536556679755413,-0.006313704652050281,14.422773544207264,0.0156003773873575
2023-04-03,ALB,-0.009044912015055516,-0.005716138302072325,-0.008750891128208175,-0.011878074766846849,14.226030203680814,0.0128141707252807
2023-04-04,ALB,-0.019536905805817767,-0.028850563785661785,-0.04764044631976935,-0.041407763842451595,14.60963410784152,0.0188056200117296
2023-04-05,ALB,-0.07651488953688579,-0.07571908566186032,-0.06964806886909342,-0.06332722766600957,15.353989596165318,0.0395874238213019
2023-04-06,ALB,-0.029183619784417948,-0.025837930298755342,-0.0012424468171323914,-0.010373325014474948,14.515832438697831,0.0171218264188149
2023-04-10,ALB,-0.0036443447211355986,0.019753457097817954,0.002948580758081346,0.02605976228839012,14.512749854385719,0.0170691281842058
2023-04-11,ALB,0.03456806550420029,0.01218167542645211,0.017715002344138198,0.00941404255396443,14.367497894539728,0.014761455491241
2023-04-12,ALB,0.02230170447020642,0.021559695262103218,0.022033986274695518,-4.9702780880789304e-05,14.093218806786934,0.0112204741141171
2023-04-13,ALB,-0.013006232731878476,-0.006891518499527224,-0.007374171070352026,0.006473813247705454,14.062449539032865,0.0108804855037356
2023-04-14,ALB,0.006866390334409665,0.034133629313124414,0.017695973722440635,0.004864727667291802,14.633880144428025,0.0192671545503225
2023-04-17,ALB,0.002099733460403612,-0.01948534969021518,0.0049013856885070425,0.009270726380315921,15.067645043291177,0.0297303040348148
2023-04-18,ALB,0.022331792802902237,0.018308060542283715,-0.002888908620956148,-0.003064473354182492,14.538119934157749,0.017507713491598
2023-04-19,ALB,-0.03499588018146427,-0.03461349314245283,-0.011986858303755165,-0.007285226070458478,13.904071650191367,0.009286788892572
2023-04-20,ALB,-0.02035995781852966,-0.022944075702663793,-0.04288970627918311,-0.05409170014814826,14.704430504141904,0.0206755573688281
2023-04-21,ALB,-0.050985559495105005,-0.060649623551427514,-0.11650178036642823,-0.10533175575871326,15.990273756655299,0.0747983442554674
2023-04-24,ALB,-0.05417334287646604,-0.020142071467411378,0.033705584631517786,0.057100893214567065,15.593543075542609,0.0503030148490025
2023-04-25,ALB,0.007698635497732208,-0.022823583083770253,-0.007739291624676064,-0.0404915516603109,14.81640012565617,0.0231251753066272
2023-04-26,ALB,-0.013483737334895097,0.012980905761236625,0.00672580933040829,0.025374511099559578,15.005334030960785,0.0279343142004742
2023-04-27,ALB,0.024042589663505337,0.03194498726957533,0.01659116243998129,0.026145283455966204,14.698369007349083,0.0205506115545129
2023-04-28,ALB,0.018793986445230153,-0.01562982192409144,0.012169497077762723,-0.0029073704588669586,14.738380002575783,0.0213895334506294
2023-05-01,ALB,0.011962718276855928,0.009577649689913283,-0.03129857303039982,-0.045165201511118865,14.460622814089449,0.0162021572277328
2023-05-02,ALB,-0.06715494017871047,-0.06364790325602837,-0.027596812202035994,-0.02207311444979469,14.654963873060495,0.0196776907973582
2023-05-03,ALB,0.028669826164281022,0.03441606897732811,0.0024932856430730952,-0.002829656670193288,15.10771427034944,0.0309457633169288
2023-05-04,ALB,-0.042162257650937486,0.013884748241317725,-0.000405613200906387,0.015721956895840383,15.332482462100977,0.0387451020390816
2023-05-05,ALB,0.03649369161902024,0.0003786567984877108,0.038692667611769975,0.022795600054921258,14.675442979359815,0.0200848271582901
2023-05-08,ALB,0.025150556449179996,0.010164297883456528,0.0200287534601822,0.03381247142380908,14.815627967719603,0.0231073259045821
2023-05-09,ALB,0.018843047485182545,0.05466121853011107,0.023964850474180097,0.048769593459563346,15.016589479046342,0.0282505036081291
2023-05-10,ALB,0.058671336146447484,0.012135401503506092,0.024965758670035174,-0.0033874328059258782,14.660992914177799,0.0197966868109918
2023-05-11,ALB,0.003063335337059591,0.009365446434695526,0.025980889853034032,0.02040640622282788,14.691229680635821,0.0204044164520488
2023-05-12,ALB,-0.004321362562012509,-0.004572071070329355,-0.014961856419012837,-0.013847212194379599,14.172416175295854,0.012145243134355
2023-05-15,ALB,0.010419911681330812,0.03624491811845343,0.03184842849876926,0.03985114090268772,14.757196484828267,0.0217958198400353
2023-05-16,ALB,0.007991486554250329,-0.0018752444017320102,0.004673593339270797,0.009379160151988883,14.630964305346811,0.0192110564296096
2023-05-17,ALB,0.01394301214953155,0.008864321768469812,0.00849561039678154,0.011217142642287946,14.273631997769101,0.0134388997968568
2023-05-18,ALB,0.03336980152325487,0.014444340635103943,0.024149960303238203,0.01028372602793493,14.519499256310736,0.0171847243117355
2023-05-19,ALB,-0.016977219216893765,-0.01539895158811381,-0.023510864820343473,-0.028918801555736416,14.271415896704546,0.0134091507934484
2023-05-22,ALB,0.004784664188213538,0.005428620579875679,0.008662286999545398,0.011445390597591198,14.44800552257707,0.0159990140330298
2023-05-23,ALB,-0.014810911859591784,0.04426375030514557,0.0038420124891578827,0.04530195898926839,15.205373793070592,0.0341204069663666
2023-05-24,ALB,0.0374173242308766,-0.02432807414870255,0.016751384105412204,-0.01793185404484279,14.396161266831385,0.0151906911118477
2023-05-25,ALB,-0.01310521423587613,-0.01382822928916617,-0.03245575120048677,-0.03480694541268691,14.884522720203673,0.0247554206934067
2023-05-26,ALB,-0.015245505226537337,-0.015363180161226845,-0.008815729572552689,-0.004792502616002701,14.37140571865661,0.0148192535550059
2023-05-30,ALB,-0.017189729634105207,-0.012540677666044121,-0.009597274574401281,-0.0104966985786923,14.34029884842711,0.0143653687601465
2023-05-31,ALB,-0.023822384507550195,-0.02486606449134114,-0.034074758979138156,-0.042141788353853064,14.752231563260818,0.0216878734562392
2023-06-01,ALB,-0.03362034649304511,-0.016758991609766342,-0.004061615897977341,0.010332432131218039,14.294784212450356,0.0137261901726292
2023-06-02,ALB,0.049942087147203724,0.06151992791393188,0.05487143929873831,0.0635022580098326,14.563288432592824,0.0179539485427238
2023-06-05,ALB,0.029766194957780327,-0.0030020225581181372,0.011052082802551875,-0.010566217620001836,14.03263684178157,0.0105608962099769
2023-06-06,ALB,-0.025935270821859667,0.027350016429723505,-0.0057809716112307,0.03310740136320021,14.290253563602274,0.0136641422512345
2023-06-07,ALB,0.04743534160619395,0.017446104866445065,0.04674553299231453,0.026440992843655486,14.467054709909561,0.0163067037254251
2023-06-08,ALB,0.022602757599387856,0.00641370423337946,0.014292294669400777,0.003649306453918263,14.291559005427898,0.0136819916532796
2023-06-09,ALB,0.00569669364532964,0.010284687743452193,0.009293823449425977,0.003998907965624335,14.216030793651061,0.0126866749963876
2023-06-12,ALB,0.0005451135395726849,-0.010194065329166875,-0.005787020954012637,-0.008882905857302234,14.206674557631047,0.01256852895428
2023-06-13,ALB,0.0030837833503805524,0.04003640716255813,0.01117629725946024,0.04605194307694625,14.594147583570972,0.0185166296929052
2023-06-14,ALB,0.04623199738209215,0.017958030022932083,0.02461058420038455,-0.00899802783093644,14.479589830774255,0.016512396834706
2023-06-15,ALB,-0.024739642925677267,-0.0041564712378950415,0.00020838628304133407,0.01972449778168937,14.128788006124859,0.0116267605035231
2023-06-16,ALB,0.026764117611553954,-0.001981605317699414,0.01124258139236523,-0.011937010449782992,14.669415543151562,0.0199641312016047
2023-06-20,ALB,-0.012132413261899504,0.007304046290169993,-0.009330380308831814,0.017594233472924787,14.642576993420445,0.0194354489124614
2023-06-21,ALB,0.006236717520161169,-0.00244313188463264,0.018007332877371048,-0.007955112968913889,14.256021651522788,0.0132043076556935
2023-06-22,ALB,-0.005362072455555769,-0.01844995893621221,-0.029985061415846507,-0.019195055656520712,14.28219681581306,0.0135544959243865
2023-06-23,ALB,-0.03143717464134398,-0.03021997955411376,-0.01911052700344375,-0.026089683451141186,15.058887039473783,0.0294710627193989
2023-06-26,ALB,0.0007215279961510392,0.02698002146490221,0.014423471546121525,0.02263239058925248,14.339470152291545,0.0143534691587831
2023-06-27,ALB,0.013209598488829613,-0.00017542922478615294,0.00013547725625493928,0.00818063678627169,13.97669444669157,0.0099863154584321
2023-06-28,ALB,0.00302021366014665,-0.010316792222886761,-0.02145719725723492,-0.04536111771402414,14.458048946653465,0.0161605086229611
2023-06-29,ALB,-0.03773505488673717,-0.027086226903155455,-0.004996203609228055,0.0090831427787796,14.288572630400834,0.0136411930200338
2023-06-30,ALB,0.009898600420312336,0.018987936676932115,0.004534637561515156,0.018594730416027664,14.114059125620885,0.0114567661983323
2023-07-03,ALB,0.02241113317930546,0.0365400503516137,0.03475379456623175,0.02728153443103534,14.21837294860662,0.012716423999796
2023-07-05,ALB,0.017416403477423337,0.00012925557974442211,0.009629793460546019,-0.0010473041251207783,14.211060674594828,0.012623777103467
2023-07-06,ALB,-0.011991029859326123,-0.018385858179819546,-0.029399423709387536,-0.006351489154611645,14.340476336859767,0.0143679186747243
2023-07-07,ALB,0.006718588172120858,0.052551457966862655,0.031913592039059475,0.04279394784350647,14.576690616031035,0.0181961904276206
2023-07-10,ALB,0.04521761018763804,0.003863371510616564,0.04230810825131529,0.00980357809923724,14.06369865993139,0.0108940850481508
2023-07-11,ALB,0.029006729718924578,0.02558304594015512,0.005054467420357877,-0.003215465137447392,14.238292199059575,0.0129722654291081
2023-07-12,ALB,-0.018535427733761472,-0.002954473578156789,0.008326336501127858,0.01803056052461999,13.982634717095245,0.0100458134652489
2023-07-13,ALB,0.02469262367381771,-0.002882037974407061,0.00049986579021231,-0.007297352915833707,13.810297996138063,0.0084555167401892
2023-07-14,ALB,-0.018503429755129783,-0.017468725715146297,-0.02368317109995613,-0.026839323603600702,13.892842826483287,0.0091830923664057
2023-07-17,ALB,-0.030994284036020704,-0.009518157599245484,-0.0021344530168829427,0.010107306830508913,13.687791952595777,0.0074805993999201
2023-07-18,ALB,0.01647886097147699,-0.0013372784942334232,0.0046047521983267605,-0.0026544079956415706,13.88438435569556,0.0091057449575439
2023-07-19,ALB,-0.004252507332499549,-0.0066291989989472255,-0.015173255704180849,-0.019210430996678816,14.03263684178157,0.0105608962099769
2023-07-20,ALB,-0.029980796328167518,-0.02566865510518906,-0.04401398019404983,-0.04131129920500532,14.629015678489566,0.0191736576824676
2023-07-21,ALB,-0.041048369924716346,-0.04600383147924396,-0.04618255257513432,-0.032432690855907345,14.85670592879492,0.0240762934441696
2023-07-24,ALB,-0.03142882770751215,-0.030908828043748185,-0.015336653468195837,-0.024322397621963306,14.644804894554754,0.019478797460285
2023-07-25,ALB,-0.006001533404381365,0.015642675408222232,0.014579985461494036,0.008079168382702364,14.556352541099358,0.0178298526999345
2023-07-26,ALB,-0.005517496980318129,-0.021631067502840187,-0.015588521164138164,-0.011786290722932646,14.302187536163002,0.0138281867557436
2023-07-27,ALB,-0.002556899201636867,-0.010187382220643882,-0.014664542838764658,-0.01956941768782748,14.626530103523951,0.0191260592770142
2023-07-28,ALB,-0.002848422433644735,0.004776618325574294,0.0024834909277175418,0.010145177162665879,14.418788281111054,0.0155383294659628
2023-07-31,ALB,-0.010803284459306653,0.018047004958638865,0.005770557577795647,0.020127555497992354,15.011794176121523,0.0281153581355024
2023-08-01,ALB,0.009233074998195371,-0.022396962688568254,-0.004264074880845297,-0.02041598314807439,14.480413087407706,0.0165259963791212
2023-08-02,ALB,-0.021710261738567427,-0.025531759020138805,-0.02423149029653857,-0.024826199491454034,14.529195879577552,0.0173521687023484
2023-08-03,ALB,0.043098722024005186,0.044075463961092604,-0.010905028603865063,-0.01760190296945151,14.979411398926253,0.027219488147147
2023-08-04,ALB,-0.0656887230037321,-0.04339500647426307,0.0022107528577315102,0.003705348012925297,14.579722262656228,0.0182514385768076
2023-08-07,ALB,-0.003740320322240467,-0.026681500617632532,-0.023047975366745032,-0.01683349355466935,14.359868245153569,0.0146492592498151
2023-08-08,ALB,-0.03167291179513067,-0.02393211309518569,-0.01651819719849136,-0.005606579468580517,14.224901948129409,0.0127997212093394
2023-08-09,ALB,0.013268275981822812,0.009358200137278247,0.013380561338866883,-0.007335776556316179,13.890433412297025,0.0091609931067309
2023-08-10,ALB,-0.0048463842104206935,-0.00874522387251353,-0.015314288668753116,-0.013216479430816525,14.4854919722106,0.0166101435601907
2023-08-11,ALB,-0.027056518028141092,-0.02749106807609612,-0.023286270718187497,-0.022049412316610832,14.393640187886675,0.0151524423931798
2023-08-14,ALB,-0.029593585737992496,-0.024065629770215462,-0.025378269749718654,-0.01045517396794972,14.846022790752652,0.0238204520148575
2023-08-15,ALB,-0.010335607011834893,-0.005499408415856998,-0.015497250432064732,-0.008117279354315146,14.80002090243777,0.0227494878921556
2023-08-16,ALB,-0.0037253825004406847,0.00984520961401831,0.003174257563820526,-0.01373229005973585,14.43134517561155,0.0157346728884582
2023-08-17,ALB,-0.005062148898699573,-0.011306169489285362,0.0010558356871899933,0.0063150542775888725,14.553296918313958,0.0177754545222735
2023-08-18,ALB,-0.002706596237046265,-0.005538003184378005,0.0015541745268074917,0.0038791759081496704,14.38936788068128,0.0150878445572073
2023-08-21,ALB,0.02830294567861494,0.02616941834594936,0.029399288174395532,0.0251991706764155,14.396105311850508,0.0151898411403217
2023-08-22,ALB,0.020121019705661054,0.010184608822757391,0.0009689294821679399,0.00047846219652401817,14.441396046252866,0.0158936175638116
2023-08-23,ALB,-0.006556093530451165,0.00982182128248932,0.004722878816626092,0.019056059799663107,13.988792211007173,0.0101078613866435
2023-08-24,ALB,0.01849952203394314,0.003010727972866889,0.013772843942745652,-0.0054376043597435956,14.06338652595471,0.010890685162047
2023-08-25,ALB,-0.010679547587022145,-0.010734819437410613,-0.019680093930786006,-0.005256501079797083,14.381449739609941,0.0149688485435737
2023-08-28,ALB,-0.00279332171802563,0.010994035348378922,0.017882874308904395,-0.0005271647448299864,13.977885327071439,0.0099982150597954
2023-08-29,ALB,0.006103811370454495,0.029662539237406152,0.002378177551687229,0.041876188149803935,14.353757361077248,0.0145600122395899
2023-08-30,ALB,0.033934710886299235,0.0021607186317054838,0.0324559782978489,0.0042387009477932395,13.89376798065682,0.0091915920816652
2023-08-31,ALB,0.011996072960017205,0.0037576273094130416,0.01112782949755011,0.0006041435219701918,13.816610952308285,0.0085090649463242
2023-09-01,ALB,0.005346564777095997,0.010298160071175979,0.003530817679725675,0.007769842747560595,13.962292152655388,0.0098435202420718
2023-09-05,ALB,-0.002095220614190447,0.007789879906737738,-0.006415262306116647,0.0026929647432533017,14.763649120739212,0.0219369151133437
2023-09-06,ALB,0.0010482670429359773,-0.009176524973272322,-0.04902066376813171,-0.05618034083198679,14.749287903911938,0.0216241255917926
2023-09-07,ALB,-0.07111534646503195,-0.06872383930229337,-0.020757923720664484,-0.011976819255653132,14.384624523627668,0.0150164469490272
2023-09-08,ALB,0.0019264092452084757,-0.0045229481269669,-0.009390327277646559,-0.016882267675768316,14.241693560658204,0.0130164639484577
2023-09-11,ALB,-0.00401768286361889,0.008919666233846478,0.018154626580073347,0.010195717161303394,14.076258902150936,0.0110317804353554
2023-09-12,ALB,-0.0016116841593282073,-0.004184548141273507,-0.011049265372462147,-0.010629570981626896,14.208026182252832,0.0125855283847991
2023-09-13,ALB,-0.003716549311405783,-0.008421664895706083,-0.003437073155621666,0.0012468651696808744,14.178486310055028,0.0122191906571129
2023-09-14,ALB,0.006692277978774722,0.00115204335812763,0.006695363870800177,0.004280268257789113,14.255442147034406,0.0131966579119599
2023-09-15,ALB,-0.009825208597308977,0.009810695638952345,-0.0047991566670001545,-0.006127942693960414,14.498809907417773,0.0168328360999906
2023-09-18,ALB,-0.005167114826527181,-0.02672418664419672,-0.019095460755317064,-0.01214923343682218,14.166027278911727,0.0120678957254931
2023-09-19,ALB,-0.011407474054298285,-0.006835376005102564,-0.005923856329161298,-0.009015320465493028,14.149838354058456,0.0118741022175757
2023-09-20,ALB,-0.006696443730278967,-0.00423395436913782,-0.023822801055791015,-0.03132048207422567,14.363401304035277,0.0147011075128983
2023-09-21,ALB,-0.04305936424544424,-0.04947353309924314,-0.038263650681750326,-0.032037115339454796,14.62470638210294,0.0190912104444501
2023-09-22,ALB,-0.0020311333072888737,0.004563358514668142,5.955525803604951e-05,-0.004330449199149212,14.068679598721118,0.0109484832258119
2023-09-25,ALB,-0.03403179261926013,-0.03286674027169196,-0.02078956416715535,-0.007878394667771767,14.397000216046424,0.015203440684737
2023-09-26,ALB,-0.011363098847012225,-0.010417323451951411,-0.013671520430037356,-0.019604942775126862,14.646243837206535,0.0195068465206415
2023-09-27,ALB,0.0036406085497031728,-0.003496717188834528,0.0004320622789327734,-0.006252240037030964,14.624483749344995,0.0190869605868203
2023-09-28,ALB,-0.006867373563375856,0.04545440890264435,0.008907052745414387,0.05833971632569393,14.750623436620648,0.0216530246236751
2023-09-29,ALB,0.06504148603884069,0.02028000844236774,0.03703787945737061,-0.013783703591237127,14.4933415421295,0.0167410391751876
2023-10-02,ALB,-0.0337635914022479,-0.04180506733976986,-0.0502733983568199,-0.045909614950891714,14.483289160020359,0.0165735947845747
2023-10-03,ALB,-0.055848569890147706,-0.05011776063378527,-0.03930751006313369,-0.035344261324868106,14.737743996924104,0.0213759339062141
2023-10-04,ALB,-0.015367500722696492,-0.015116781117842697,-0.019656909080071734,0.010343642418052374,14.65028793462606,0.0195858938725552
2023-10-05,ALB,-0.0022237805369449415,-0.007644993232500527,-0.0008549215641888796,-0.02150479398285112,14.482570916976064,0.0165616951832113
2023-10-06,ALB,-0.016353339280080342,0.021955479307793322,0.010861884196122735,0.030554665055219966,14.422119522303648,0.015590177729046
2023-10-09,ALB,0.01622599549493657,-0.01670520577370791,-0.002998257803067337,-0.02592123623901683,14.773864497734559,0.0221621575677214
2023-10-10,ALB,0.009938316955715764,0.034111838419852256,0.030914053925334885,0.039837898043027654,14.725743377685065,0.0211209424484279
2023-10-11,ALB,0.02069655900726047,0.01416753712463018,0.025431864922949556,0.016642684719812614,14.390606479399137,0.0151065439307783
2023-10-12,ALB,0.07555241287717836,0.06504942226187062,0.023536224145898118,0.03576064722336061,15.016348754536626,0.0282437038359214
2023-10-13,ALB,-0.017078605392171865,-0.013155056329756836,-0.01910373435635247,-0.04441440814345967,14.643582347671728,0.0194549982575583
2023-10-16,ALB,-0.03475683230636805,-0.031071464035311334,0.016931901670591522,0.026276613649840325,14.449067487811497,0.0160160134635489
2023-10-17,ALB,0.001505204685436238,0.01316082036797942,-0.0004228483017131248,0.010379424018959223,14.2820713925879,0.0135527959813346
2023-10-18,ALB,-0.015582321000959312,-0.04778543998640957,-0.08475648420159863,-0.10301626115191144,15.568771892916041,0.0490722560794213
2023-10-19,ALB,-0.08330171113347079,-0.07898657468516455,-0.06374079391288501,-0.05602396364565326,15.252474506506958,0.0357659518406133
2023-10-20,ALB,-0.05200319524641169,-0.047135967625124155,-0.029302998097089958,-0.041525594532376475,15.111661642814003,0.0310681592166662
2023-10-23,ALB,-0.045660954578845545,-0.04071535758868421,-0.030857457072035892,-0.017457520482924177,14.98206214107969,0.0272917357268531
2023-10-24,ALB,0.0032167626546289662,0.021023275343950022,0.019168916377284854,0.02148741599362469,14.659832996169937,0.019773737579791
2023-10-25,ALB,-0.0073258358389633235,-0.026366957857329787,-0.027540781120003754,-0.02855650010349519,14.910249019710953,0.0254005490816057
2023-10-26,ALB,0.002863416549432746,0.006063538538115454,0.010899511584145826,-0.000813345190160775,14.636303532442527,0.01931390298425
2023-10-27,ALB,0.002928498637717987,-0.004327314794433584,-0.006480605757248054,-0.005711084927380648,14.226295490679792,0.0128175706113845
2023-10-30,ALB,-0.0057919874426052235,-0.00630834860361905,-0.05404648976031728,-0.05370777843959037,15.164726170286462,0.0327613024963663
2023-10-31,ALB,-0.07106961680490152,-0.07653922757005324,-0.028808890491890168,-0.004956966617575176,15.702762160139146,0.0561083203712675
2023-11-01,ALB,-0.007050938679533817,-0.010657295541813121,-0.029329057972694465,-0.030594212492497323,15.382750738318352,0.0407425351250733
2023-11-02,ALB,-0.0554108066383582,0.007905219167517626,-0.027633538870074286,0.0134100770315296,15.785904377922538,0.0609727074143016
2023-11-03,ALB,0.07142126812302191,0.05529316155906391,0.08371849087146745,0.026604892978492504,15.258870509171677,0.0359954441526208
2023-11-06,ALB,-0.021511338320797657,-0.06526400808910719,-0.06540843296712322,-0.06889246853104665,15.205323969955097,0.0341187070233147
2023-11-07,ALB,-0.049909978721849504,-0.02105677700937865,0.0008434902401555442,0.021940680320501674,14.80690913338268,0.022906732624457
2023-11-08,ALB,0.021695779605634333,0.002271676703129762,-0.006258924404154987,-0.025714676993619064,14.690354516851414,0.0203865670500038
2023-11-09,ALB,-0.013494215826771844,-0.022951950214899423,-0.036462030992311434,-0.03775984819753624,14.825146267169421,0.0233283185013302
2023-11-10,ALB,-0.044569184725536504,-0.02383054198171389,-0.0040560206664464315,0.02055527428357579,14.78893785899534,0.0224987462919992
2023-11-13,ALB,-0.0012207497014228258,-0.007500895772669504,-0.010480569710500143,-0.024139226212599126,15.281747852549652,0.0368284162480556
2023-11-14,ALB,0.03548532855375899,0.07767057506129188,0.05852152309273766,0.09300666602813323,15.21276983408263,0.0343736984811008
2023-11-15,ALB,0.06850423487806039,0.062448357600110485,0.0684256400857109,0.018969831914048378,15.024859186618674,0.0284850957492923
2023-11-16,ALB,-0.01881226638386019,-0.05676478940573408,-0.05396236006544772,-0.04091335348631441,15.08574879770261,0.0302734358398993
2023-11-17,ALB,0.0016012839499114982,0.003065218949730524,0.021025748319773153,0.038326258310499184,14.516775202583986,0.017137975877808
2023-11-20,ALB,0.02035149885561722,0.031515660964842235,0.025754559957185168,0.023046621320858312,14.885620829130426,0.0247826197822372
2023-11-21,ALB,0.008818925442965546,-0.006025146422898233,-0.006675603407372613,-0.03298669361706539,14.752975916689104,0.0217040229152323
2023-11-22,ALB,-0.020171097228638947,-0.0317883193393399,-0.03579795910235096,0.0036402837344997187,14.76743905342555,0.0220202123228871
2023-11-24,ALB,-0.0070811202834241155,0.028416643904257834,0.03412198833295801,0.017850717329782884,14.172835990289554,0.0121503429635107
2023-11-27,ALB,0.0012767761751757345,-0.03507209869981563,-0.05651960325825925,-0.06483339242855968,15.2775385869354,0.036673721430332
2023-11-28,ALB,-0.03159445489136923,0.0012710441346436047,0.01551449855764291,0.025584749105009703,14.707017083053438,0.0207291055749632
2023-11-29,ALB,0.040011735047508705,0.01965467366616016,0.012076187800191783,-0.004286571225356497,14.750191547661222,0.0216436749368896
2023-11-30,ALB,-0.01795230806862112,-0.03356596247537337,-0.023542131295265212,-0.017249501396229282,15.213709033128634,0.0344059973990871
2023-12-01,ALB,-0.03681794221398609,0.016052790432525613,0.003361335203011301,0.039531573485564894,14.84634388092074,0.023828101758591
2023-12-04,ALB,0.034319095902482125,-0.002062048730106483,8.389515349631898e-05,-0.050225893345431795,15.04418602361058,0.0290409771272662
2023-12-05,ALB,-0.06398990190053497,-0.07421798012916413,-0.06131694335693494,-0.057639068757474245,15.287409285865673,0.0370375092434403
2023-12-06,ALB,0.010953404115467937,0.04366706317416844,0.04012249446800041,0.04353774491575097,15.432142729544946,0.0428054160185633
2023-12-07,ALB,0.03125133616607369,0.03150321250549807,0.03568506854585006,0.057886089951423234,15.194604306787461,0.0337549192102064
2023-12-08,ALB,0.0621226688353449,0.05531028233620799,0.05454133543447775,0.020842166668522802,15.39298318088768,0.0411615710873685
2023-12-11,ALB,-0.03953079687590789,-0.04772501645979438,-0.056196352922757244,-0.011393606342547989,14.844487268653856,0.0237839032392414
2023-12-12,ALB,0.020276949979995393,0.01243814397654013,0.022113943169120107,0.011002996781813454,14.93464449641568,0.0260278280677597
2023-12-13,ALB,0.022040822428035053,0.09047141593492146,0.04660845002880075,0.09050953508656731,15.415928108989545,0.0421169390825407
2023-12-14,ALB,0.10659562518037514,0.05784988126458965,0.10570447717025841,0.04364183407172731,15.550435266853288,0.0481806359486957
2023-12-15,ALB,0.0251855642534003,0.01640045495480043,0.01495568444526203,0.007987885597764494,15.59689994325516,0.0504721591826673
2023-12-18,ALB,-0.00013595454115318135,-0.02551619494613599,-0.010987207876899012,-0.00785064156767767,14.791126620883235,0.0225480446405045
2023-12-19,ALB,0.00866149947337417,0.025912766663183446,0.02477388936003818,0.02048625896888212,14.63828194553056,0.0193521517029179
2023-12-20,ALB,0.0013465695018614247,-0.00809660983413944,-0.03982551055721061,-0.043923882584546686,14.781581820575813,0.0223338518159641
2023-12-21,ALB,-0.01696439468363661,-0.0184268028850121,0.01198968330129598,0.020279985338032106,14.403186661199122,0.0152977875241179
2023-12-22,ALB,-0.001232687183349493,0.041285980786047415,0.013636627334002102,0.03140261207004705,14.770676173968978,0.0220916099310673
2023-12-26,ALB,0.041276956461739275,-0.002934991127553152,0.024785023469029957,0.015208055250114174,14.487485683990435,0.0166432924497029
2023-12-27,ALB,0.0072064176862149856,0.0007834608565011888,-0.012621454317842605,-0.020351469669498676,14.522363878774133,0.0172340226602408
2023-12-28,ALB,-0.025721076187391875,-0.009311434952780483,0.011950540875838534,0.0007364994307913055,14.13643468967441,0.0117160075137482
2023-12-29,ALB,-0.001810355373420641,-0.018350572795314338,-0.047063760943146855,-0.03368719679908999,14.857235337270973,0.0240890430170589
2024-01-02,ALB,-0.041302763495718695,0.0038845185501322887,-0.006280444051902014,0.016543169104870522,14.489628322223359,0.0166789912537929
2024-01-03,ALB,-0.0028713522804608136,-0.0458869457135218,-0.03281347932024649,-0.046756819996445285,14.820178766622014,0.0232127223738004
2024-01-04,ALB,-0.0106462887584709,-0.012817977371261054,-0.01229180796662591,-0.030787318852560957,14.981158559689192,0.0272670865526004
2024-01-05,ALB,-0.0409459866483382,-0.020480405689691932,-0.008030308562754933,-0.0007357909878294293,14.641351718116303,0.0194116497097347
2024-01-08,ALB,-0.009049956321926162,-0.008938768515469818,-0.008999024668694827,0.005506308041579916,14.44641045715757,0.0159735148872512
2024-01-09,ALB,-0.001566045428954729,-0.013744789128710085,-0.012507277725293715,-0.021536529583428048,14.421137686726947,0.0155748782415789
2024-01-10,ALB,-0.016555371415255402,-0.00765190321200342,-0.007503229076181748,-0.005476001136939362,14.57897686348144,0.0182378390323924
2024-01-11,ALB,0.007182614808646603,-0.006809705873025002,-0.016973880945154906,-0.032802484273097884,14.906359791945695,0.0253019523845951
2024-01-12,ALB,-0.03020918982764532,-0.0232444171091123,-0.01798290508216471,-0.02041675294155036,14.308254285127504,0.0139123339368131
2024-01-16,ALB,-0.02587739460311168,-0.02387636469410574,-0.014509930264082612,-0.0007937336766355925,14.629370256830939,0.0191804574546752
2024-01-17,ALB,-0.01995886434503859,-0.019391891199150187,-0.029500674857504502,-0.04257689801476036,14.851751220525548,0.023957297430536
2024-01-18,ALB,-0.015812865181139727,-0.02634510031680092,-0.04351463045281921,-0.022708235025040418,15.044771212325765,0.0290579765577853
2024-01-19,ALB,-0.025171640282808924,-0.02739671526454742,-0.0248902438183192,-0.02453793229589487,15.24301907669842,0.0354293631163356
2024-01-22,ALB,-0.03709564447014818,0.03902855532148487,0.006302983269692116,0.0476603749985023,15.208482822173522,0.0342266534071108
2024-01-23,ALB,0.08536941527693097,0.035599446001790706,0.06691399601067874,0.015123114239692854,14.872398014120979,0.0244570806877969
2024-01-24,ALB,0.011473705048987044,-0.009158335509288637,-0.0066433906430008105,-0.007368502872724252,14.521821218512011,0.0172246729734553
2024-01-25,ALB,-0.027088786519751395,-0.021728667107842218,-0.034413090254978795,-0.026985961392173168,14.848837735754927,0.0238875997654078
2024-01-26,ALB,-0.015946121920136256,-0.0101019443402028,0.025878216265416705,0.01166660368203585,14.23750562376114,0.0129620657707966
2024-01-29,ALB,-0.011896950782316186,0.009372109392545345,-0.013707024403851567,0.02765149409462432,14.50685661747909,0.0169688315441432
2024-01-30,ALB,0.02184135071151564,-0.002355237758397433,0.012024830352024826,-0.023737392109445716,14.482673554714715,0.0165633951262632
2024-01-31,ALB,-0.016797207371934776,-0.02377821765748112,-0.03704116819839642,-0.04740294435025804,15.111141700411906,0.0310520097576731
2024-02-01,ALB,-0.01904820754328259,-0.016793018670367154,-0.010449266177433013,0.017623119274073257,15.038815584845779,0.0288854323380166
2024-02-02,ALB,-0.022997518322363658,-0.021568780883331272,-0.0069977066543831495,-0.021902799960250817,14.86367165371819,0.0242445878063084
2024-02-05,ALB,-0.02264380530904085,-0.02523356718723756,-0.03721740787031067,-0.049521268313049066,15.174356895082017,0.0330783418755471
2024-02-06,ALB,-0.01787202004194493,0.01173223300683195,0.01110159840487642,0.03869705462569055,14.928321894666011,0.0258637835632506
2024-02-07,ALB,0.03867753930150296,0.017042371782848276,0.017187200979104526,0.017802049177882428,14.70237289109398,0.0206330587925304
2024-02-08,ALB,-0.0005258528704112204,-0.005619725374462554,0.006971129986799548,-0.006277843172218717,14.721266392159363,0.021026595609047
2024-02-09,ALB,-0.00500946743174884,0.007342534781514209,0.007541823049806182,0.012602796549421598,14.728476167742196,0.0211787405121928
2024-02-12,ALB,0.019629951707948318,0.054108075601521304,0.022117404395576405,0.03654969873338683,14.868358450207282,0.0243584839907863
2024-02-13,ALB,-0.015234266828116964,-0.06596912332005954,-0.0395943618742927,-0.06795848754482538,15.20112994133793,0.0339759118069544
2024-02-14,ALB,-0.002371226861236696,-0.0027908852671217877,0.004577070792105116,0.019330665132758912,14.957884835131887,0.0266398075664465
2024-02-15,ALB,-0.015328377614730986,0.08115730420320126,0.002861228351661971,0.026824675185559747,15.723451929867293,0.0572812810770839
2024-02-16,ALB,0.05953156341284693,0.013358533672112318,0.05868990283654583,0.04240704325951192,15.298273745579914,0.0374420956897943
2024-02-20,ALB,0.026809929743439646,-0.03025029761500551,-0.04626737355058336,-0.06547969893041398,15.161035266944022,0.0326406065396809
2024-02-21,ALB,-0.05817066411599149,-0.012609891288717852,0.005803182307309341,0.03196913890502408,15.119319918940853,0.0313070012154592
2024-02-22,ALB,0.023591097441526397,-0.0014109098179798851,0.023395999190007753,-0.0031259105219604184,14.51776662635457,0.0171549753083271
2024-02-23,ALB,0.004483335986126496,0.013611193968610276,-0.007220364391630778,0.02068483389198222,14.83157458601432,0.023478763461424
2024-02-26,ALB,0.012747614260160254,0.017864912904601363,0.024120230469164446,0.007185095715780986,14.54835958591386,0.0176879074551002
2024-02-27,ALB,0.0601539142461788,0.04769732778798364,0.06322183752195695,0.056550161409539265,15.079722309743849,0.0300915419333452
2024-02-28,ALB,0.024952880739190744,0.02597937333842846,0.027138259486388185,0.026627334533840724,14.820947419953667,0.0232305717758455
2024-02-29,ALB,0.044019122680295064,0.050231161122910234,0.04350813816956679,0.04290995276895327,15.333491079063581,0.0387842007292755
2024-03-01,ALB,0.013385703828698033,0.017968714430179226,0.015494903889703147,0.03527859682123068,15.00326281766855,0.0278765161367094
2024-03-04,ALB,0.012709788786247758,-0.02095969617005096,-0.03513272258750959,-0.06959322199961142,15.254611056048095,0.0358424492779491
2024-03-05,ALB,-0.13820035870174832,-0.13559132422311498,-0.22132331606205935,-0.19684066301509884,16.778084159011925,0.1644499409269789
2024-03-06,ALB,-0.10149022014229218,-0.021547135156067293,0.033095030885819186,0.08905820330882228,16.563210931271076,0.1326525061410442
2024-03-07,ALB,0.07652102241188477,0.028465223262634672,0.07011666814209071,0.025347133626331432,15.259012178953348,0.0360005439817766
2024-03-08,ALB,0.035157827862454125,0.007756290016544366,-0.002454683485594442,-0.035939046836936286,15.062169506203812,0.0295679594733576
2024-03-11,ALB,-0.03247354863273359,0.012715570006815752,0.011543316985109166,0.05283439309586973,15.233812419844003,0.0351046739934212
2024-03-12,ALB,0.06251018792006696,0.020917685407753173,0.01636856693884851,-0.006594831371173634,15.051883076772771,0.029265369610118
2024-03-13,ALB,-0.03352978894639652,-0.012529440269878803,0.007226294441723827,0.014897041910524506,14.593412863757749,0.01850303014849
2024-03-14,ALB,8.771483557224037e-05,-0.02599964192339408,-0.022422466800176698,-0.044854274601958066,14.917450968950916,0.0255841429312118
2024-03-15,ALB,-0.0289874783435421,-0.002030399020672095,-0.020009092886855116,0.018593330698918907,14.979598740798552,0.0272245879763027
2024-03-18,ALB,0.038978240224950625,0.022031844572705097,0.03144352757081527,0.019780105705455128,14.450075311258253,0.016032162922542
2024-03-19,ALB,-0.01818750456576683,-0.019109319192266636,-0.0020768119342040336,-0.03296640686307257,14.659918962176453,0.0197754375228429
2024-03-20,ALB,-0.010175112799697333,0.026951913390115653,-0.006256575044279245,0.03192231121155358,14.74333492106523,0.0214957798913736
2024-03-21,ALB,0.04535149434500092,0.0066063378742809925,0.03793246263619446,0.003289082529383755,14.670309216895031,0.0199819806036497
2024-03-22,ALB,-0.031151645064110715,-0.019312048487336798,-0.02719534576843168,-0.03256025079489725,14.713556256862159,0.0208651010191158
2024-03-25,ALB,-0.011625679724915966,-0.023448702996334767,-0.021252552147084113,-0.02098660423886916,14.57130431481229,0.0180984437021359
2024-03-26,ALB,-0.01109121706360792,-0.013922786188535673,-0.008236698227557942,0.005561319491892968,14.734238716898142,0.0213011364119302
2024-03-27,ALB,0.003348655098917731,0.0679857663288321,0.01992295869042162,0.07905325397980072,15.36787026510634,0.0401407552846979
2024-03-28,ALB,0.07508660882676062,0.02601132692701074,0.06182367444405738,0.02256960302228453,15.199001242453365,0.0339036642272483
2024-04-01,ALB,0.02314448934210658,0.0028654715663454823,-0.0030691641750514257,-0.01962371379002858,14.551765598462305,0.0177482554334429
2024-04-02,ALB,-0.03822119460422903,-0.03845596704167752,-0.01572831269527996,-0.021122510268275056,14.663694168815832,0.0198502350171269
2024-04-03,ALB,0.001887290669942262,0.017069337274813794,0.003995280400028359,0.018719956349870434,14.481441206025941,0.0165429958096403
2024-04-04,ALB,0.02421536261433909,0.007816003496761108,-0.03637952965953399,-0.062022338106364,14.925030145188435,0.0257787864106552
2024-04-05,ALB,-0.08119362205310156,-0.05709102937836515,-0.010641914089497597,0.01905439072380067,14.457785934244601,0.0161562587653313
2024-04-08,ALB,0.04034284990320735,0.07284296555180825,0.03989879726960102,0.06461447799893875,15.08549607751951,0.0302657860961657
2024-04-09,ALB,0.05991492318166661,0.004722603342336575,0.0227887685037515,-0.01939862377375102,14.915289166217196,0.0255288947820248
2024-04-10,ALB,-0.0272255408108113,-0.014917812689261817,-0.01558639126217236,-0.01175988552036453,15.097888083041475,0.0306431734536893
2024-04-11,ALB,-0.0004640967216114929,-0.006931572632333903,-0.0024750260027030743,0.020624020539093898,14.969116270423598,0.0269406974866341
2024-04-12,ALB,0.004553129256159761,0.00022930535171967507,-0.024191086667852926,-0.061152279661793596,14.846236862319735,0.0238255518440132
2024-04-15,ALB,-0.04907510471936209,-0.0478965137679193,-0.018264221718255653,-0.017114153699187465,14.480001543809914,0.0165191966069136
2024-04-16,ALB,-0.05638821966574551,-0.046688025269651656,-0.05142507969686814,-0.05448692199958602,15.066300438343742,0.029690355373095
2024-04-17,ALB,-0.013176740613683154,-0.009621913981940518,0.0038559865803617856,0.002450788344574988,14.548071221557732,0.0176828076259445
2024-04-18,ALB,-0.006348593719640234,-0.025598358025332998,-0.03398294105228053,-0.022902024598518228,14.607688714844603,0.0187690712361135
2024-04-19,ALB,-0.025984720110393045,-0.0015674298662846804,0.006853587298051381,0.0031256577833811434,14.496433830051087,0.0167928874382708
2024-04-22,ALB,0.000805601990505723,-0.008489014972841033,-0.027054382440722752,0.0012476295397119994,14.640519425465717,0.0193955002507416
2024-04-23,ALB,-0.004663262043747341,0.018719789993973408,0.018117368173907626,0.016954007581776936,14.393640187886675,0.0151524423931798
2024-04-24,ALB,0.027046603275024696,-0.001726715627073903,0.017082078535198143,0.009238249265293716,14.619886452577072,0.018999413519647
2024-04-25,ALB,-0.006759530693419901,-0.001729736555073077,-0.01012419059653396,-0.002518985716921572,14.166942481259953,0.0120789453553305
2024-04-26,ALB,0.021609326966524546,0.021747463094709964,0.03347223460172066,0.016389537241540183,14.359926264904669,0.014650109221341
2024-04-29,ALB,0.054434640843441545,0.0641308621557268,0.062124464135123486,0.07298905692151873,15.167808793971039,0.0328624491079548
2024-04-30,ALB,0.003991966816366024,-0.011665230773777048,-0.021257192815568322,-0.04406508963586118,15.089364119489957,0.0303830821667474
2024-05-01,ALB,-0.02028721186613035,-0.011071154156243266,-0.015841153510117986,-0.010948096030577737,14.808836772648151,0.0229509311438066
2024-05-02,ALB,-0.025377381190493247,0.035287466042612535,-0.0033179045286137105,0.05158736477974784,15.317363482435562,0.0381637215153292
2024-05-03,ALB,0.0863729047547596,0.026703239207338747,0.08201379587666993,0.022100352081341867,14.771060848391064,0.0221001096463268
2024-05-06,ALB,0.018408655152798253,0.004344064451519649,0.0021174183934038323,0.02070524238333276,14.488200406955961,0.0166551920510662
2024-05-07,ALB,-0.0009966614051935801,0.031808184156042175,0.018319249640927706,0.005870594845471221,14.703237604303977,0.0206509081945754
2024-05-08,ALB,-0.01733393539589295,-0.03653407147700343,-0.025000285076550006,-0.008320335678731304,14.40905892566543,0.015387884505869
2024-05-09,ALB,0.023909771034094793,0.022737553968918103,0.02106971644920003,0.023409145956262745,14.49044335929408,0.0166925907982082
2024-05-10,ALB,0.020294075629867906,7.465716567515816e-05,-0.0034034747468564327,-0.029868894275785984,14.468096647465696,0.0163237031559442
2024-05-13,ALB,-0.021056585280799567,0.002908335150421662,0.010865882710104158,0.014475748921689867,14.261798300592488,0.0132808050930293
2024-05-14,ALB,0.014312465723211529,0.019979342898361268,0.018227852888596862,0.029593598434315953,14.586452228541614,0.0183746844480709
2024-05-15,ALB,0.03152782648870041,0.003643048528604899,-0.04794372410863443,-0.06001115494214257,15.184073899526169,0.0334013310554096
2024-05-16,ALB,-0.06509227089055869,-0.052710494922767186,0.0007893065216519384,0.01261902925807025,14.37134836115128,0.0148184035834799
2024-05-17,ALB,0.00820810160561724,0.03250776834074527,0.01953179910670244,0.014828617515758806,14.641132760886094,0.0194073998521049
2024-05-20,ALB,0.010204605961789402,-0.028223856387405672,-0.023088429668774776,-0.007425282451195209,14.605285686054778,0.018724022745238
2024-05-21,ALB,-0.01670360496305326,-0.001527862624859328,0.002688355455674942,-0.02733917556967417,14.319493423368174,0.0140695786691145
2024-05-22,ALB,-0.038212187905647295,-0.01890854097804374,-0.030791403682985826,-0.001264224805038573,14.70072374689385,0.0205990599314922
2024-05-23,ALB,0.022014087651132937,-0.01246530161466458,-0.0010591308656096243,-0.02830637402047433,14.377638046081094,0.0149119004513348
2024-05-24,ALB,-0.02233662354760553,0.007388190059139347,0.007876306803198035,0.03704422798420702,14.183758970201135,0.0122837884930854
2024-05-28,ALB,0.03425642313014193,0.013997125353962435,0.018113824197671487,0.0013315347509182214,14.559921507475899,0.017893600564381
2024-05-29,ALB,-0.028224390153249374,-0.024545959811076115,-0.01997583746627375,-0.034398352230050416,14.384171599684537,0.0150096471768195
2024-05-30,ALB,-0.009183150822935172,-0.003329269196046149,-0.0007294854741103916,0.0027506477383826573,14.258528964220618,0.0132374565452057
2024-05-31,ALB,0.005004813061290451,-0.0050947990992850425,-0.025542457754036123,-0.009660425126107484,15.07544801387945,0.0299631962329261
2024-06-03,ALB,0.005220144757269814,-0.0036780708817824256,-0.00350006100639391,-0.013964460761303091,14.5687179658059,0.0180516952682085
2024-06-04,ALB,-0.04162660025281864,-0.03430484973519957,-0.014716608030881161,-0.021572707010870603,14.566644059554411,0.0180142965210665
2024-06-05,ALB,-0.005778791328832259,-0.0029057410945325665,-0.004755525183257086,0.0028696158548371857,14.313737753760808,0.0139888313741489
2024-06-06,ALB,-0.017453448999721847,-0.014740490167805858,-0.026304686486299685,-0.003968943820198123,14.914989471004981,0.0255212450382912
2024-06-07,ALB,-0.0018821697792350985,-0.008132920982050802,-0.0017493432470491348,-0.027798661563383124,14.536662421125842,0.0174822143458194
2024-06-10,ALB,-0.02409336811618591,-0.022973681338913504,-0.015972151955350868,-0.007685674104788215,14.347138897007001,0.0144639654571571
2024-06-11,ALB,-0.004043203635946554,-0.006374099352972814,-0.002493717081052308,-0.0007892987929392361,14.486974854653024,0.0166347927344433
2024-06-12,ALB,0.03001865543386327,0.03984035381158299,-0.003215515889630584,-0.011649659712657861,14.817465459751991,0.0231498244808798
2024-06-13,ALB,-0.0472528685429796,-0.04749049166975578,-0.03746163611919775,-0.04002702711952568,15.265343174497735,0.0362291863222582
2024-06-14,ALB,-0.03745535121242987,-0.038668900606484174,-0.03753728969194456,-0.0408876544345835,15.179201628589514,0.0332389864939524
2024-06-17,ALB,-0.04156141375449457,-0.04165102968042441,-0.04321627886134414,-0.0282178051767609,15.272123811017279,0.0364756780647848
2024-06-18,ALB,-0.02343783663445692,-0.016065475008062418,-0.0025297856550243717,-0.01089087399114877,15.075930139643635,0.0299776457488674
2024-06-20,ALB,-0.02686215306230514,-0.0449973410264225,-0.051666524241769256,-0.05950128564087517,15.549605779557682,0.0481406872869758
2024-06-21,ALB,-0.04930208759669097,-0.020517272316612444,-0.015482594312943066,0.009233259945555823,15.532438896186367,0.0473213147359563
2024-06-24,ALB,0.0058965683236956844,0.005505612882022746,0.00970461893329836,0.018214630415216825,15.003537195282764,0.027884165880443
2024-06-25,ALB,0.017483892463755316,-0.004360384964446345,-0.006243244158495062,-0.03838287390100095,14.985171692044645,0.0273767328794485
2024-06-26,ALB,0.00335561779031128,0.0459569344964642,0.02579539763587472,0.07784289866835423,15.393994501364096,0.0412032196921403
2024-06-27,ALB,0.030517920913997396,-0.015320951261947007,-0.0015796926254656185,-0.0408095327464088,15.214202994339507,0.0344229968296062
2024-06-28,ALB,-0.02031048778073424,-0.025550680677964413,-0.014223724378181837,-0.00782107458138585,15.317185292881051,0.0381569217431216
2024-07-01,ALB,-0.013038036364868284,0.0086580615677072,0.013591150143470022,0.019593255850410326,14.712292627330367,0.0208387519018112
2024-07-02,ALB,0.03669382083238314,0.05121118569103828,0.012367882552749941,-0.003599548213759432,15.230198236586908,0.034978028236054
2024-07-03,ALB,-0.007211426163068782,-0.011572151096727363,0.010362799354264228,0.030740438137987828,14.652368829259586,0.019626692505801
2024-07-05,ALB,0.006907736666926332,-0.01031147846390934,0.0011333293172764779,-0.017537270393237277,14.617422901786222,0.0189526650857196
2024-07-08,ALB,0.0037387026080555187,0.012971147533691616,0.020385962692854715,0.008101316042452919,14.601237375605724,0.0186483752794281
2024-07-09,ALB,-0.023470397305723152,-0.03636395089974447,-0.09287133516261228,-0.09161545387309893,15.675084582515154,0.0545766716814986
2024-07-10,ALB,-0.06186435512967593,-0.007372446143674706,0.0047495952162968195,0.06866125564702415,15.239558450683548,0.0353069672165982
2024-07-11,ALB,0.07733518277471195,0.02936907729350111,0.06567421704604309,0.010777518246380919,14.810908544727795,0.0229985295492601
2024-07-12,ALB,0.006283536377837941,-0.005002595343612573,-0.0008259515096907917,-0.0008171012408644451,14.492732096000655,0.0167308395168761
2024-07-15,ALB,-0.05588741744366722,-0.027970237333449277,-0.03906781024130126,-0.024618529096516392,14.786289853910306,0.0224392482851824
2024-07-16,ALB,0.018628851652946646,0.011690046147862721,0.012273965436902652,0.022982400112375356,14.76589387659908,0.021986213461849
2024-07-17,ALB,0.020242538369155447,0.011857318780563283,-0.017333986255880666,-0.027285222494621408,14.719324173349511,0.0209857969758013
2024-07-18,ALB,-0.028138523395038993,-0.010532793459193404,0.008597557226649686,-0.013447202454874555,14.659188015451852,0.0197609880069017
2024-07-19,ALB,-0.01996332375562631,-0.05536334270290565,-0.037394665187909085,-0.018505108662941205,14.620065383385453,0.0190028134057509
2024-07-22,ALB,0.004196459424752069,0.011341824362553852,0.015213642892608908,0.01594347437150881,14.545809485920083,0.0176428589642246
2024-07-23,ALB,-0.008085871353911929,-0.010158862436750042,-0.0037269016423194146,-0.022589419759322552,14.455521167398059,0.0161197099897153
2024-07-24,ALB,-0.015050969855079277,0.0013962426581215655,-0.003410131051532507,-0.006580482200451712,14.55773405222516,0.0178545018741872
2024-07-25,ALB,-0.0049572370058563985,0.01649947369279956,-0.006079028430506707,0.0013196332451937871,14.836738075735479,0.0236003093896354
2024-07-26,ALB,0.02173869187552227,-0.016606783161919998,0.004424719506897001,0.019587082695862075,14.440647063096186,0.0158817179624482
2024-07-29,ALB,-0.012286099811171854,-0.007650587669904839,-0.003538285946159018,-0.012251548845396592,14.46528092072046,0.0162778046935427
2024-07-30,ALB,-0.004165794525754329,0.007650577597848898,0.0022129485763524464,0.00912163597097901,14.71135406283249,0.0208192025567143
2024-07-31,ALB,0.009729543268525691,0.029508745077383013,0.014156580097224028,0.012461216553407897,15.565927237359512,0.0489328607491649
2024-08-01,ALB,0.022376071614121786,0.03602881575292473,0.0011978406412186703,-0.00535228289908216,15.385687964453371,0.0408623811102328
2024-08-02,ALB,-0.0570205629374523,-0.11358188410384439,-0.11071978030510995,-0.06863243887008244,15.574609257152781,0.0493595464551937
2024-08-05,ALB,-0.1005044745332952,-0.03845972970407062,-0.028987609910971674,-0.040707153156173126,15.480459049526363,0.0449243950327664
2024-08-06,ALB,0.04564224056523799,-0.01568892719651501,-0.005522129646050915,-0.04895178696213051,15.125949536482302,0.0315152442393179
2024-08-07,ALB,-0.021770122486782947,0.004270980905182717,-0.00580588845217773,-0.005927268686574334,15.029740873681378,0.0286244910795488
2024-08-08,ALB,-0.027615121748858825,-0.013827876200440521,0.0011385650697878582,0.034436939236048576,15.008463162331134,0.0280218612676475
2024-08-09,ALB,0.027979855089352645,-0.008437805332716894,0.011440245831877962,-0.0022020994248391846,14.588254654539726,0.0184078333375831
2024-08-12,ALB,-0.008422282472800979,-0.011566373655650728,-0.0669413682628133,-0.0717084562483206,15.33943437192761,0.039015392984335
2024-08-13,ALB,-0.05907828367309795,-0.04675336265851674,0.008517453869580255,0.015925142665114737,15.194100566632171,0.0337379197796873
2024-08-14,ALB,0.0012994706991116837,-0.012005624718405725,-0.04735337472315193,-0.05825604974908274,15.325879455014615,0.0384901105812955
2024-08-15,ALB,-0.03771531757860053,0.029558786571331607,0.022259729806703973,0.08281593166212224,15.623602752446558,0.0518380634248752
2024-08-16,ALB,0.06272469319035838,0.007161361156849299,0.051639851338444974,0.002902149767827203,14.887539622962656,0.0248302181876907
2024-08-19,ALB,0.01008191688011797,0.04276296846575122,0.022332203925825148,0.042065851129165215,14.896400394271346,0.0250512107844387
2024-08-20,ALB,0.037531468477494286,0.02931311609695181,0.04152857907671997,0.017246077548024187,15.05776161223376,0.0294379138298866
2024-08-21,ALB,0.033257068585437304,0.034347869368924484,0.0275821545983763,0.05069930467254607,15.005699094283552,0.0279445138587857
2024-08-22,ALB,0.02640076489028943,-0.010863507214711573,0.007976500546527758,-0.019604011236576634,14.76643496011654,0.0219981130632123
2024-08-23,ALB,-0.0006828942185169257,0.03290360467800558,0.016339690184520014,0.04082200877057251,14.605694154797396,0.0187316724889716
2024-08-26,ALB,0.038309466671744494,0.009314625162921916,0.015737566512094285,-0.01738782163224582,14.51860856442677,0.0171694248242683
2024-08-27,ALB,-0.025300802289283573,-0.02138754603853767,0.0018089025320575983,0.00044978408556562636,13.968833180761205,0.0099081180780443
2024-08-28,ALB,-0.010506930926649595,-0.01199512142498433,-0.011244481478598673,-0.011074986050030933,14.404463764414372,0.0153173368692148
2024-08-29,ALB,0.010281946144902783,0.047677895947224984,-0.00871867984858736,0.04064017199215417,14.444119750719839,0.0159369661116352
2024-08-30,ALB,0.04441270030290846,0.018008957985775398,0.031082360167050467,-0.01539336636122698,14.539720748683399,0.0175357625519545
2024-09-03,ALB,-0.06324899595631699,-0.07327160990610064,-0.07899141783817368,-0.07033921433348178,14.826420685651877,0.0233580675047385
2024-09-04,ALB,-0.04894486979479407,-0.009247127532993255,0.004823294228824778,0.007461376279800663,14.58478556226075,0.0183440854731366
2024-09-05,ALB,0.020125706055114236,-0.022970926235225717,-0.007486130386592033,-0.025696124096750417,14.167294259255083,0.0120831952129603
2024-09-06,ALB,-0.04312360380417387,-0.04500664988674514,-0.09064283941209515,-0.07150371947237714,15.067101697278796,0.0297141545758217
2024-09-09,ALB,-0.04069889453550872,-0.021089949352693524,0.01853724593717936,0.019445609785253858,14.621406344903683,0.0190283125515295
2024-09-10,ALB,0.00012822912304123627,-0.01350603403594652,-0.01747621959687363,0.002674642809517433,14.5373914431848,0.0174949639187087
2024-09-11,ALB,0.14530326193149554,0.15420512138722559,0.1163681129692074,0.12737540452413051,15.670526633277785,0.0543284799959201
2024-09-12,ALB,-0.010138724673891888,-0.02135695654252351,0.023209396307823985,-0.008998941253650958,14.868079257171056,0.0243516842185786
2024-09-13,ALB,9.731437220783965e-05,0.003918765011758063,-0.005493880364473321,-0.007463003479640258,14.595615405738172,0.0185438287817358
2024-09-16,ALB,-0.010289060393567325,0.0034457974531717545,0.012728640878760779,0.021608304649594335,14.26416349978683,0.0133122540394896
2024-09-17,ALB,0.028237285347698864,0.0195589672101789,0.03157628722199575,0.005246507019900597,14.470748684769518,0.0163670517037679
2024-09-18,ALB,0.0005522394389947549,-0.012702777887494172,-0.04163005447788941,-0.03662335371042519,14.978849162635395,0.0272041886596799
2024-09-19,ALB,-0.003983182376500211,-0.004085854502960395,0.020007554243063636,0.031153116928243654,14.496585663362696,0.0167954373528486
2024-09-20,ALB,-0.01936585777073964,-0.01561312615805337,-0.027585552051523837,-0.03764132959603398,15.326541721167816,0.0385156097270741
2024-09-23,ALB,-0.012969503815758239,0.014505848230050153,0.005601595113690372,0.03067650785281151,14.511304732143502,0.0170444790099531
2024-09-24,ALB,0.05967431862381304,0.049491484536892276,0.05137468541783877,0.019535088082373704,15.110374976413317,0.0310282105549464
2024-09-25,ALB,-0.022693431330475702,-0.04319696459746279,-0.0453415383276818,-0.04383885199360143,14.590468574445016,0.0184486319708289
2024-09-26,ALB,0.015113590400127868,0.05034062747904727,0.045894171511634406,0.09459586658074758,15.28329296636639,0.0368853643402946
2024-09-27,ALB,0.05498217646411349,0.028075002689117542,0.04652006225771612,0.009204247586185724,14.768249316492831,0.0220380617249322
2024-09-30,ALB,-0.0104453534606119,-0.001528000668884354,-0.006560306006270466,-0.014049440352299165,14.371233636270023,0.014816703640428
2024-10-01,ALB,-0.021329864023224097,-0.03263688422143393,-0.01594375576406921,-0.004126266899841625,14.054449502640395,0.0107937884080883
2024-10-02,ALB,0.002439622702851802,0.007136140199618128,-0.0016192795580649848,-0.0026540745771507575,14.055472680862609,0.0108048380379257
2024-10-03,ALB,-0.025103138368036505,-0.006609608369791168,-0.007155960873425361,0.0025480695992275283,14.395265611204815,0.0151770915674324
2024-10-04,ALB,0.07480596089483864,0.07207573682518201,0.06833969179982607,0.07926745684083168,15.380641451897066,0.0406566880009519
2024-10-07,ALB,0.006831472080288673,0.03029074334243655,0.0120209193012567,0.023045236919273515,15.325614425697509,0.038479910922984
2024-10-08,ALB,-0.0003004039549426699,-0.03618464801389654,-0.0064470905868300845,-0.041133138014179,15.272962346229336,0.0365062770397191
2024-10-09,ALB,0.02316483455897395,0.01835272434233923,0.008152711202433384,0.0164213703400983,15.139690391033453,0.0319512796321323
2024-10-10,ALB,-0.008648751987550966,0.012496585937408348,0.013441714914547013,0.010152379097764497,14.425657035292247,0.015645425878233
2024-10-11,ALB,-0.006535898630383028,-0.012109698223444253,-0.007744234861194775,-0.009171681714903583,14.701754780687201,0.0206203092196411
2024-10-14,ALB,0.005153086512064935,-0.013825534339664604,-0.02349729087816521,-0.024006688680530342,14.671117091247334,0.0199981300626429
2024-10-15,ALB,-0.03592482575803648,-0.019002980253775496,-0.025108570009770674,-0.039526039043021495,14.78833321858868,0.0224851467475839
2024-10-16,ALB,0.002455974486586739,-0.004105175524088397,0.011030261824931253,0.025879087420123455,14.444599635300813,0.0159446158553688
2024-10-17,ALB,-0.0035836092477451544,-0.01883785629377147,-0.03614147666743356,-0.0371180519772949,14.911553214620781,0.0254336979711179
2024-10-18,ALB,-0.008033004404226881,-0.00173957500547353,0.013322854751833018,0.0049523258519890275,14.548840008464333,0.0176964071703597
2024-10-21,ALB,-0.023117004743082748,-0.027936873136744134,-0.015578663099910265,-0.013758358249289502,14.638238023292239,0.0193513017313919
2024-10-22,ALB,-0.00882189935865211,0.02012265324481018,-0.0005378001240189937,0.027537227297315062,14.675696861536998,0.0200899269874459
2024-10-23,ALB,0.014519955441179528,-0.005900902804291236,0.0053654331493994956,-0.02625921723576965,14.48779205638541,0.0166483922788586
2024-10-24,ALB,0.004304702600376704,-0.002182780476752696,-0.0032157645584562533,0.012585509380155357,14.16764591354597,0.0120874450705901
2024-10-25,ALB,-0.0022025596678440177,0.0010399851932946218,-0.0007518767396457995,-0.01738624514352102,14.531593198469613,0.0173938173071202
2024-10-28,ALB,-0.01416962145239754,0.03372829348797519,0.006426028026515122,0.048326594422302416,14.68399705947649,0.0202573713780588
2024-10-29,ALB,0.03608232374090401,-0.0012067755664355992,0.03100784994090116,-0.01529879293944058,14.158746299007497,0.0119803486583199
2024-10-30,ALB,-0.009702825263159971,-0.0038310861825532777,-0.012707270884262576,-0.011760684721641577,14.091778486210695,0.011204324655124
2024-10-31,ALB,-0.009274266862225516,-0.023609753091007254,-0.013083005306052553,-0.008304751877918664,14.60287686880496,0.0186789742543624
2024-11-01,ALB,-0.005458709601083518,0.027642132567024774,0.0023336686513856044,0.036382680628404294,14.703854799123826,0.0206636577674647
2024-11-04,ALB,0.04628075310973446,0.03168578939686047,0.04597085367820697,0.023440557313840663,14.665490959974408,0.0198859338212169
2024-11-05,ALB,0.005412476749560301,-0.02127735351498343,-0.005275946377859827,-0.007886243469905945,14.252797924181431,0.0131618090793958
2024-11-06,ALB,-0.0412219603372068,-0.031042412042160173,-0.0522039542800967,-0.03259608743861877,14.9874665506171,0.0274396307723691
2024-11-07,ALB,0.01447804320192241,0.06452566944966322,0.011614996663356202,0.03409825287841631,15.032617036765876,0.0287069383175663
2024-11-08,ALB,0.014068933780877358,-0.028715721322825054,0.027997253050474534,0.009065139416878316,14.642795634688282,0.0194396987700912
2024-11-11,ALB,0.05801291103783717,0.10050327496609057,0.06809278374263555,0.09138990700250542,15.337624535476694,0.0389448453476808
2024-11-12,ALB,0.018081584880828606,-0.031497224709343664,-0.011615699729623178,-0.07213961596948765,14.673918331226359,0.0200542281833558
2024-11-13,ALB,0.015546118261905025,0.029703391325723295,0.04465074352294259,0.05110360206271256,15.156336992666413,0.0324876116650092
2024-11-14,ALB,0.001200049052343014,-0.020222840032468985,-0.059263836479377725,-0.05793627108272848,14.71498101889318,0.0208948500225242
2024-11-15,ALB,-0.060763072725182186,-0.05198795050869873,-0.0163350760568838,0.013908645948667817,14.73104140119617,0.0212331386898538
2024-11-18,ALB,0.011017570563265121,0.01237138300615933,0.026263932155969602,0.0048179755132426545,14.345374399292695,0.0144384663113785
2024-11-19,ALB,0.036838531470124045,0.026615590141061053,0.015144424896128774,0.02299605402633091,14.589731145613804,0.0184350324264137
2024-11-20,ALB,-0.00986157474015199,0.02230166964170736,0.020597623923597378,0.028705735038865057,14.525269496092266,0.0172841709802721
2024-11-21,ALB,0.00995503808062929,-0.0009988845622564196,0.004895996870559834,-0.005216697951162518,14.28426403109039,0.013582544984743
2024-11-22,ALB,-0.001122083344405368,-0.005374647346088152,-0.01819784964599982,-0.005520903080694641,14.41445749251542,0.0154711817154125
2024-11-25,ALB,0.030315114822448534,0.02007474650297875,0.03892629357186338,0.014654999390825403,14.551238665215907,0.0177389057466574
2024-11-26,ALB,-0.015273044502889025,-0.018523193981921798,-0.02166816197510744,-0.029434267853773222,14.495218332922706,0.0167724881216479
2024-11-27,ALB,-0.007492754123701973,0.0007293891843195996,-0.0011287559113239648,0.01108180249075042,13.884944265602023,0.0091108447866996
2024-11-29,ALB,-0.006333882009269077,-0.010351467844455644,0.003570036769037487,-0.0025965277504643777,13.525426937436322,0.0063594869571869
2024-12-02,ALB,0.006333866989739031,0.025994393156985388,0.0029030927571743713,0.032879742553024824,14.503645699213111,0.0169144333664822
2024-12-03,ALB,0.030180673666161117,-0.004135544434659726,0.014850852900363453,-0.02023938237759372,14.206133395838203,0.0125617291820724
2024-12-04,ALB,-0.018641212700848318,-0.01689878991513676,-0.07090978269888658,-0.06105452008880258,14.742504208713305,0.0214779304893286
2024-12-05,ALB,-0.06591620247758181,-0.05470367060084514,-0.0030706356090264945,-0.014825271270578103,14.657982937279366,0.019737188804175
2024-12-06,ALB,4.883934604045747e-08,0.017935552187131006,0.010068208403684168,0.03746925437883696,14.258272093076688,0.0132340566591019
2024-12-09,ALB,0.04185674338591481,0.07954540832328592,0.04098698277846732,0.04380537145470127,14.795039340731016,0.0226364416792037
2024-12-10,ALB,0.019920592763850366,-0.04250241964459784,-0.024621939096502503,-0.05318610623434162,14.244562627004816,0.0130538626955996
2024-12-11,ALB,-0.038041728896210866,-0.04419783943536683,-0.01872494400745219,-0.0013474022519203903,14.222375352720562,0.0127674222913532
2024-12-12,ALB,-0.008074592660265811,0.0007656510518170853,0.006084974480509777,-0.00521380205028107,13.94372873542685,0.0096624763070437
2024-12-13,ALB,-0.011732746212022428,-0.020474934572566116,-0.037627783252521196,-0.03475825047303646,14.312460964577957,0.0139709819721039
2024-12-16,ALB,-0.0340029895142399,-0.01084177754060855,-0.0049079953472434485,0.001608748418904671,14.306725747963725,0.0138910846486642
2024-12-17,ALB,0.0020265892300348723,-0.00596370586214687,-0.011753923987625823,-0.020194489926477304,14.379289667237575,0.0149365496255875
2024-12-18,ALB,-0.01828539529973537,-0.027285392596271912,-0.06779346178749994,-0.0745733257128156,14.746217278347787,0.0215578278127682
2024-12-19,ALB,-0.058371987868587244,-0.039388769766332134,-0.015209407447731084,-0.018054665262510025,14.674469166794264,0.0200652778131932
2024-12-20,ALB,-0.04048048815022457,-0.03579940983435109,-0.013843418194201462,-0.003041015405060087,15.119889897223828,0.0313248506175043
2024-12-23,ALB,0.013114833074780969,-0.007538905719972269,0.006718676453742078,0.006184891606250155,14.510157113898954,0.0170249296648562
2024-12-24,ALB,0.004594678749386458,0.003111119977539779,-0.001476466809122926,0.008817543854345914,13.296486418021383,0.0050581805509515
2024-12-26,ALB,0.0007823476472251655,0.003212073237673803,0.005440917616261479,-0.009378158280398329,13.99357389472761,0.0101563097636229
2024-12-27,ALB,-0.009767206826060271,0.004633655728866884,-0.013200012478492123,-0.00969354833259183,14.149838354058456,0.0118741022175757
2024-12-30,ALB,-0.018675044009145547,-0.04112005115637356,-0.025053491121973942,-0.024652935293141352,14.36305434303426,0.0146960076837425
2024-12-31,ALB,-0.0023014609666573375,0.011403933005980802,0.0017602726972204886,-0.0006967539922454175,14.291434751031773,0.0136802917102277
2025-01-02,ALB,-0.00415611677243655,-0.0022704780344649923,-0.010371323515154452,-0.009923613594312519,14.439361785398383,0.0158613186458253
2025-01-03,ALB,-0.005103263535670984,0.0030638807593184924,0.009198163426153363,0.029594085539204635,14.781239244146516,0.0223262020722305
2025-01-06,ALB,0.04535120679068521,0.05295736587337978,0.049354514304562204,0.026970947617349764,14.656905746093141,0.0197159395160262
2025-01-07,ALB,0.011160979517202144,-0.01439490175669744,-0.005602253240992598,-0.0023311202189499787,14.318405416181546,0.0140542791816474
2025-01-08,ALB,-0.024360220101281152,-0.032350229701803915,-0.02675927832546877,-0.02932101099453084,14.256214745081722,0.0132068575702713
2025-01-10,ALB,-0.03564645818160713,-0.016232856084891552,-0.02063859121935142,-0.009775250974677557,14.340890354068687,0.014373868475406
2025-01-13,ALB,0.003959554411978298,0.04618191654653211,0.010081003672990058,0.05595714812583963,14.853877673649468,0.0240082957220933
2025-01-14,ALB,0.07401658614122036,0.03426562067580173,0.06545654095308798,0.012164686324129825,14.452458217740519,0.01607041164121
2025-01-15,ALB,0.021462649262782654,0.021416419241743603,0.027475742168794014,0.026841631462244896,14.643626035806605,0.0194558482290843
2025-01-16,ALB,0.00021117935438494801,-0.01983369696570515,-0.012943469628541832,-0.008761402134694157,14.549176166972957,0.0177023569710414
2025-01-17,ALB,0.007680665898470536,0.04353000823166092,0.024776681484253892,0.03305655435616366,14.533106906850294,0.0174201664244247
2025-01-21,ALB,0.017557908818278317,-0.0200853259396337,-0.013961108529848722,-0.03592321615145808,14.468669250707388,0.0163330528427297
2025-01-22,ALB,-0.03874293013255082,-0.037779938927348634,-0.03998361788926573,-0.04124300662151802,14.702249299573683,0.0206305088779525
2025-01-23,ALB,-0.037188769739937726,-0.028201413305625256,-0.014628110816614772,-0.00499858290166086,14.836377858289927,0.0235918096743759
2025-01-24,ALB,0.009290046695917535,0.005594943861072884,-0.00484859428795623,-0.011648847057542464,14.647332568467597,0.0195280958087904
2025-01-27,ALB,-0.029265997656064385,-0.0286304995799311,-0.014803340521679732,0.00022523427787540242,14.957246510278834,0.0266228081359274
2025-01-28,ALB,-0.00011335060747786226,-0.005305032920533442,-0.023680713370718847,-0.03297750588786689,14.451240997202953,0.016050862296113
2025-01-29,ALB,-0.02154317571324869,-0.01206892193568386,0.003751871936158188,0.00441392634025162,14.333590406104964,0.0142693219777137
2025-01-30,ALB,0.008994518754760499,-0.001260816987316538,-0.006457255183016554,-0.007328557412724902,14.47287562659958,0.016401900536332
2025-01-31,ALB,-0.016668962707273718,-0.01339356746913009,-0.021670042714795806,-0.01719301670947263,14.840297244864802,0.0236844565707048
2025-02-03,ALB,-0.04977696222874265,-0.04456802443589641,-0.04203641326302876,-0.0454403587842493,15.016077870178812,0.0282360540921879
2025-02-04,ALB,-0.005042851609057814,0.014119507988080345,0.012599056924476493,0.024919989302804226,14.710332883903064,0.0207979532685655
2025-02-05,ALB,-0.013531225865149103,-0.020581740880725514,-0.02015964638282055,-0.03203034336505259,14.77849439958258,0.0222650041223619
2025-02-06,ALB,0.012297480343940037,-0.0036765329640998084,-0.0069810153352141005,-0.011077642463664104,14.622388575100418,0.0190470119251005
2025-02-07,ALB,-0.02500131391794335,-0.027886767374753128,-0.023324375547378737,-0.02084872011886986,14.789957361407922,0.0225216955231999
2025-02-10,ALB,-0.015949306258899287,-0.012193717348917735,-0.024549220962820195,-0.029246116888934533,14.939628461979767,0.0261578737112306
2025-02-11,ALB,-0.0574382749660354,-0.03181043642636264,-0.026538177123115174,0.007425148191513602,15.024202509577787,0.0284663963757214
2025-02-12,ALB,0.03098211426364625,0.017782890399423462,0.02305817184652242,0.011818924506531912,15.048391758889096,0.0291633730270035
2025-02-13,ALB,0.05373352718110712,0.07332073584713783,0.0049487823030511255,0.03401035370485475,15.455225655317982,0.0438049825330851
2025-02-14,ALB,0.0032488176570902665,-0.0077379041474398644,0.060067233479346685,0.024430974768476683,14.825073394177178,0.0233266185582783
2025-02-18,ALB,0.004232472121299628,0.020661381029845792,-0.0028939694197051926,0.028765868625170495,14.791880256930044,0.0225650440710236
2025-02-19,ALB,0.020289677300566442,-0.0013086757201143388,0.022920737584373407,0.001076188163190262,14.96068863394701,0.0267146050607304
2025-02-20,ALB,0.01390167520954042,0.0086529234448185,0.009560098898560018,-0.013960991957872418,14.22157615241109,0.0127572226330417
2025-02-21,ALB,-0.005899741604924788,-0.008176836318777076,-0.014869741491794411,-0.0160042677823752,14.332994565412749,0.0142608222624542
2025-02-24,ALB,-0.023829491999950797,-0.021529463422505862,-0.013461396043854983,-0.002095734373843034,14.395265611204815,0.0151770915674324
2025-02-25,ALB,0.000494507946739895,-0.0149440114558042,-0.03837284765256932,-0.03274053111107925,14.978661680269907,0.0271990888305241
2025-02-26,ALB,-0.025032551474275085,-0.02347459154222898,0.004164001939536571,-0.011413986768662078,14.82620232922709,0.0233529676755828
2025-02-27,ALB,-0.018290485261285343,0.004789469543767625,-0.0011694328458655267,0.01840308801037099,15.068216667700357,0.0297473034653339
2025-02-28,ALB,-0.0012916776333848714,-0.0194255082236317,-0.015855698186399397,-0.02487314974268074,14.852885891544858,0.0239844965193666
2025-03-03,ALB,0.017933014650093393,0.009823332021179512,-0.08113302140006347,-0.09641429542153084,15.435967734689072,0.0429694605230724
2025-03-04,ALB,-0.1324256242007042,-0.060172397736765526,-0.03765756229676719,0.031105311320796962,15.164155231224147,0.0327426031227953
2025-03-05,ALB,0.05826890647319275,0.009126366112808548,0.07339581226842341,0.028012979835035035,15.039403923808347,0.0289024317685357
2025-03-06,ALB,-0.005621366522035723,0.027019843405831797,0.005238605866970808,0.030130450522712526,15.143354759535141,0.0320685757027139
