Date,Stock,Open,High,Low,Close,Volume,Turnover
2020-03-13,AXON,0.10733315856744545,0.04578467401787612,0.053315931495905626,0.09591903021650412,13.812306430225096,0.012804423630348
2020-03-16,AXON,-0.10493704517098965,-0.06820823859062582,-0.036110427339771684,-0.14654450131661853,13.830597180409411,0.013040781369913
2020-03-17,AXON,0.0018392220760465035,-0.021891771948190895,-0.0280625587312589,0.05817798429504106,13.80888968829873,0.0127607488306457
2020-03-18,AXON,-0.02267328901981049,-0.026668284814793754,-0.02466824678692566,-0.08277318959621063,13.74905125998204,0.0120195617886402
2020-03-19,AXON,-0.00584413715069553,0.13975417942213908,0.042826026580406955,0.1643894079499547,14.013542228807617,0.015658700246182
2020-03-20,AXON,0.16133656897040072,0.014984465302543043,0.13515713110031038,-0.020034867889420487,14.055079274660129,0.0163228141122423
2020-03-23,AXON,-0.026411752771586246,-0.0032250520014665877,-0.029528665948954834,0.042360807900884506,13.641991346607634,0.0107992365028426
2020-03-24,AXON,0.0964660380800418,0.08757518802289835,0.13572496541236223,0.09644216777397809,13.622412341001102,0.0105898543748584
2020-03-25,AXON,0.04660173127891759,0.04316419590141085,0.0013524134658363565,0.018726602902256233,13.596733708714002,0.0103213828119829
2020-03-26,AXON,0.03930886679497671,0.04963182902068506,0.08240803729616372,0.07276175472023051,13.522079994552845,0.009578911217045
2020-03-27,AXON,0.006039030674667473,-0.008124323973523653,-0.0061034287274842145,-0.02796171007758165,13.622654911963394,0.0105924234807232
2020-03-30,AXON,0.01655623623188062,-0.011329019197249641,-0.039304261004884114,-0.06883935648916735,13.913635862493187,0.0141699033975089
2020-03-31,AXON,-0.0735698177654461,-0.048842540195056634,-0.016635425359270813,0.01868410051799008,14.06712571879839,0.0165206352638348
2020-04-01,AXON,-0.021229066650955464,-0.04284668389536677,-0.0647347087769802,-0.08936484304174382,13.444883013336034,0.0088672688924851
2020-04-02,AXON,-0.03907872934465158,-0.03475813195427966,-0.03954731654145981,-0.03266624967278413,13.138632317595505,0.006528098002551
2020-04-03,AXON,-0.04726027024587591,-0.07512594329771351,-0.011167800614784248,-0.01820430600617823,13.231578255454753,0.0071639517040981
2020-04-06,AXON,0.04062187735537072,0.09513544693270223,0.0516565507582527,0.10030796924353613,13.558164978801456,0.0099308787205277
2020-04-07,AXON,0.09042614264722287,0.04750603636631001,0.06585118259182365,0.0140189079031222,13.553757406729048,0.0098872039208255
2020-04-08,AXON,-0.005676211360659316,0.01939676560178857,0.018909698750464877,0.04978409497080275,13.24529049289942,0.0072628622798944
2020-04-09,AXON,0.04820044640405884,0.038093459078510424,0.04507801131364805,0.030169343235220834,13.001778670730355,0.0056931385964789
2020-04-13,AXON,0.00027124437401462805,-0.024830363916949344,-0.012892676355718906,-0.016330737812788054,12.695575547241136,0.0041914962184816
2020-04-14,AXON,0.018003930241879653,0.04160689247937331,0.04408168643797306,0.04170886164684058,12.944195581787355,0.0053745694692391
2020-04-15,AXON,-0.016243045911844015,-0.02679377519660331,-0.03477673499501244,-0.03303790350156135,13.046995226943972,0.0059564719476247
2020-04-16,AXON,0.008490008145685343,-0.006512055317031205,-0.023639045172120118,-0.0185165353894848,13.349341168616947,0.0080592850979939
2020-04-17,AXON,0.017690184991513574,0.02929991251156579,0.061082407723871295,0.05285871025806978,13.206706364071684,0.0069879679523568
2020-04-20,AXON,-0.018227007637060606,0.03723665697367467,-0.009633486881555688,0.0007817271876106284,14.261734298585363,0.0200698550161072
2020-04-21,AXON,0.003618534230374207,-0.04791105743498107,-0.06570432943694808,-0.08391405078775885,13.6525221064936,0.0109135617138279
2020-04-22,AXON,-0.023005032297800553,-0.03177834398027116,0.022571706301446132,0.03793970418958997,12.74110588624638,0.0043867482642093
2020-04-23,AXON,0.013596401952936014,0.01648062202268647,-0.009024305548889368,-0.035817290552423386,13.127949744558622,0.0064587321442004
2020-04-24,AXON,-0.04079395349824712,-0.04137589999831922,-0.01786399812791986,0.015288836494685766,13.612048303056538,0.0104806673756028
2020-04-27,AXON,0.019639933432944942,0.023408182714354228,0.032906099699154916,0.004305933350549533,13.3238353880913,0.0078563257346717
2020-04-28,AXON,0.015465952217509963,0.02788515394131112,-0.007703594632784703,0.04326384728754157,13.397721318767205,0.008458781059976
2020-04-29,AXON,0.050838266322779734,0.019157440114587518,0.03847955652038916,-0.001328177615512653,13.524892178780208,0.0096058868286258
2020-04-30,AXON,-0.03240266686460819,-0.029340648206516457,-0.027571900395781366,-0.03420406197013754,13.162162769244643,0.0066835289073736
2020-05-01,AXON,-0.04919022281991898,-0.03105005101375774,-0.04044536189759075,-0.044864481400645646,13.237299698343831,0.0072050573979355
2020-05-04,AXON,-0.04673348744088778,-0.055393576583384944,-0.05278078141044166,-0.036921813278862195,13.691874049111204,0.0113515942637826
2020-05-05,AXON,-0.0007340975639957168,-0.0027574568632704743,0.0041136136315536075,-0.017313214373717373,13.326611122136145,0.0078781631345229
2020-05-06,AXON,-0.0176313157689712,-0.008464647706399977,-0.0019784993493394713,0.004243055136249735,13.15695995416078,0.0066488459781983
2020-05-07,AXON,0.00952103857022002,0.04779158745889903,0.0205073624675459,0.06086478579625837,13.575730636467256,0.010106862472269
2020-05-08,AXON,0.1348445644513758,0.1892372246619202,0.1329901854802151,0.20337050496252865,15.066014118776511,0.0448578729529878
2020-05-11,AXON,0.106782703289375,0.03354298762213581,0.09396697664600429,-0.01414813563934389,14.121303386127838,0.0174403751634465
2020-05-12,AXON,-0.02341143144846434,-0.03922521419051703,-0.007881531358746075,-0.017102492851513017,13.802223677013396,0.0126759683371061
2020-05-13,AXON,-0.00011906596172978587,-0.01263907043944981,-0.05305539467533597,-0.040457765206217806,13.68540301156877,0.0112783747466347
2020-05-14,AXON,-0.06390376325158985,-0.07113189368370142,-0.056697460007923785,-0.05869309421330693,13.65628150500091,0.0109546674076653
2020-05-15,AXON,-0.04410574034069271,-0.016961470397532295,-0.015098630216752632,-0.022608076656883636,13.271819052927366,0.007458114325622
2020-05-18,AXON,0.008320687933768708,0.01594930140767804,0.0,0.012771524284502941,13.412194638694368,0.0085820981414882
2020-05-19,AXON,-0.02180646718630251,-0.03582394100578496,0.0009503726512477936,-0.0017380477664957637,13.463113593266897,0.0090304071149023
2020-05-20,AXON,0.03266407707928268,0.014975232599441328,0.026382529697392895,0.01961101280178077,12.964073141424798,0.0054824719155623
2020-05-21,AXON,-0.008361681616543352,0.0021947999892670904,-0.03743545234172715,0.004582039591094019,13.425428028998196,0.0086964233524735
2020-05-22,AXON,0.011609070298968719,-0.004523997459652826,0.009830789737439394,-0.03252423105688274,13.289403769666063,0.0075904232776611
2020-05-26,AXON,-0.017794537370726747,-0.005195511325358725,0.016039193442102976,0.022547848709963084,13.129738117040487,0.0064702931205921
2020-05-27,AXON,0.013635990875454881,0.0,-0.04905095330757408,-0.0013202127794216694,13.441400211212715,0.0088364396221071
2020-05-28,AXON,0.0037694320364820154,0.024314562134620646,0.0253740036840063,-0.03358274085297607,13.396049461355,0.0084446509777194
2020-05-29,AXON,-0.057402691889909895,-0.032815254461377785,-0.012398581806575977,0.03701149461474455,13.583201380335742,0.0101826510952817
2020-06-01,AXON,0.1456350029368342,0.18921483411086404,0.13781943123345253,0.16682115347705911,15.42075991061641,0.0639591750580515
2020-06-02,AXON,0.08653615252165336,0.07957439816668524,0.0944314082686583,0.0864076508796355,15.10746704144086,0.0467564421871024
2020-06-03,AXON,0.060034932324163896,-0.016803752477689168,-0.007500590054271822,-0.07060010011576874,14.558638146453385,0.0270077254040998
2020-06-04,AXON,-0.06878775667730702,-0.04563572169815287,0.0008853678147439297,0.023413123155329955,13.88345047528951,0.0137485700356756
2020-06-05,AXON,0.055361932505631616,0.038052963133516284,0.01787031330925644,-0.005909816055837589,13.653345683428702,0.0109225535843548
2020-06-08,AXON,0.004046691796193796,0.013891955678133507,0.023305551599158814,0.04715169713810094,14.057123298922091,0.0163562124884852
2020-06-09,AXON,0.0018622010912157354,0.06080362017963939,0.019969150912477206,0.030375931687042182,14.646853672739729,0.0294984735400593
2020-06-10,AXON,0.04832248662577752,0.001335489917112098,0.04257696101893127,0.029286717784251414,14.392573821048632,0.0228753186205093
2020-06-11,AXON,-0.03029473098266375,-0.06213911009675141,-0.10815659078688046,-0.13723243283889147,14.218172407278056,0.0192143427631165
2020-06-12,AXON,-0.009280609767963572,-0.009990942066491903,0.017949028672153144,0.04433093309507761,13.940115604034713,0.0145501310655048
2020-06-15,AXON,-0.061265146915048224,0.02838436257786304,-0.0008733945475703736,0.06441232793944916,14.17101551773838,0.0183292857926801
2020-06-16,AXON,0.09044586793273403,0.0010948389168078474,0.002727026415145299,-0.06899281718134646,14.666943144293086,0.0300970752065663
2020-06-17,AXON,-0.07616918532451775,-0.03636760762678176,0.012987162283262658,0.012625437438307883,14.839255971199785,0.0357568154268024
2020-06-18,AXON,0.013228247529594315,-0.006001692629388898,-0.012987162283262686,-0.03257548273007301,13.982126931461268,0.0151744237906602
2020-06-19,AXON,-0.01688617484117018,-0.030132923170146413,-0.034465159954219754,-0.0185790515226802,14.573556038683556,0.027413644130744
2020-06-22,AXON,-0.024881235460753062,0.0022437008215269467,-0.0018057070813974783,0.02606649847739393,13.65405106706319,0.0109302609019493
2020-06-23,AXON,0.03164859438355839,0.042212713310829805,0.03931632046472736,0.03233637302609634,14.468148715856497,0.0246711236200304
2020-06-24,AXON,0.010542644225987477,-0.005951728160247958,-0.0023920987570890074,-0.022332521473254048,14.15005307673421,0.0179490581246842
2020-06-25,AXON,-0.018064757571708938,-0.01253195117750517,-0.0035989114819717062,0.026614694576777464,13.821095930688866,0.0129174642884008
2020-06-26,AXON,0.03362104917642852,0.018279068233385806,0.02843486601778885,0.0011457801732483789,15.866668487751642,0.0998983970012574
2020-06-29,AXON,0.013570469715165264,-0.004821276382829319,-0.01886640254895378,-0.002710253988923918,13.543309369212848,0.009784439686232
2020-06-30,AXON,-0.0206879408942716,0.03436418474749223,0.029744672212162,0.02403038539685931,13.912547427998826,0.0141544887623198
2020-07-01,AXON,0.03549694292738123,-0.005079966439231739,0.024282649927040045,0.012557182654040815,13.297661997675487,0.0076533663713496
2020-07-02,AXON,0.015990725860656908,0.016833717482894257,0.01888956934534295,0.009714097675878634,13.437905236772647,0.008805610351729
2020-07-06,AXON,0.017505234755193194,0.0054838092168580654,-0.005548594833103464,-0.007000698290690273,13.411895237942732,0.0085795290356234
2020-07-07,AXON,-0.029448995103969217,-0.013271253456465884,-0.03332611069920167,-0.03659071344716429,13.903247588270506,0.0140234643632131
2020-07-08,AXON,-0.022566935646868812,-0.020495623915512635,0.0046955473401300825,0.009016100831683105,13.403022345492023,0.0085037404126107
2020-07-09,AXON,0.003505120474087328,-0.009744282136373945,-0.009203131921981736,-0.005171711965898651,13.084663587061359,0.0061851223695952
2020-07-10,AXON,-0.010656546890276241,-0.0019398897501922633,0.0016795724663643023,-0.005407069764403949,13.055370647157746,0.006006569511989
2020-07-13,AXON,0.010656546890276175,-0.006973675240503309,-0.05453347293759724,-0.05508149236694612,13.393917592315308,0.0084266672366656
2020-07-14,AXON,-0.06835352986256027,-0.04536901384293022,-0.028424076082057933,0.022441085580975115,13.43950861645675,0.0088197404339856
2020-07-15,AXON,0.035186309125043766,0.019620978801910636,0.04250260607383994,-0.0020488759003955866,12.991801286323186,0.0056366182674525
2020-07-16,AXON,-0.01770909214753691,-0.025128277844033972,-0.014078529991782112,-0.016982745936916573,13.010316110729669,0.0057419516079108
2020-07-17,AXON,-0.008700385667619,-0.007936071685896547,-0.00022152036165685172,-0.00396040786418082,13.058146937726288,0.0060232687001105
2020-07-20,AXON,-0.006025797937997878,0.019241743135259642,0.005524265382400738,0.01661599936615876,13.421431877741002,0.0086617404232982
2020-07-21,AXON,0.03392352297270056,0.016985530028710668,0.010957812652966671,-0.0014103311748452454,13.245113611634045,0.007261577726962
2020-07-22,AXON,-0.027024330487132337,-0.020632471418793,-0.03922941682020076,-0.032999714628585454,13.63746106290614,0.0107504234914107
2020-07-23,AXON,-0.030021630498580636,-0.03465772638642275,-0.01910929238815756,-0.018002229199656883,13.40060250526076,0.008483187565692
2020-07-24,AXON,-0.02678373680134618,-0.027290802407883893,-0.03407677710561442,-0.02206264500269203,13.407243026734037,0.0085397078947184
2020-07-27,AXON,-0.004979459162103473,-0.0008005912673827232,0.015537257593962609,0.009531627087082514,13.160046370410225,0.006669398825117
2020-07-28,AXON,-0.001161557500141105,-0.006773505839902163,-0.00011772066408584177,-0.00684899031292014,12.833349752162816,0.0048106507319074
2020-07-29,AXON,0.0003486000754665566,-0.00023037607523745024,-0.002710776888090137,-0.01124527600974048,12.93168943636022,0.0053077727167534
2020-07-30,AXON,-0.02363011458235794,-0.012521923975813785,-0.0148626474081291,-0.0001178316126502868,13.10907750982848,0.006337984168553
2020-07-31,AXON,0.018855214405553954,0.003959063893379742,-0.01241511042925736,-0.020832847443919788,13.430290626271804,0.0087388135992433
2020-08-03,AXON,-0.022072335387263206,0.0325836015613664,0.01265461986463885,0.06259693751048871,13.375455557880317,0.0082725208847753
2020-08-04,AXON,0.04925034369299347,0.0075082793961324555,0.046792161506758884,0.011347822734793666,13.387801374649944,0.0083752851193688
2020-08-05,AXON,0.022245647085625236,0.03886857439822594,0.021593780342267693,0.03437063248758397,13.567435021662407,0.0100233665316618
2020-08-06,AXON,0.027939401663393308,0.006315883887729377,0.018286029389836856,-0.01052585523699295,13.765165235162275,0.0122148138343678
2020-08-07,AXON,-0.07923269605094378,-0.06286808288773232,-0.09872030975503802,-0.08880797870973241,14.639159985415734,0.0292723922239536
2020-08-10,AXON,-0.014846533475856055,-0.032922389449616105,0.005439686505488152,-0.008861246806295273,13.421283565020392,0.0086604558703657
2020-08-11,AXON,-0.008823210610048716,-0.0195677931717805,-0.047272257817536696,-0.048170869136615176,13.754061659024773,0.0120799357764639
2020-08-12,AXON,-0.04783255817580565,-0.041071534264877765,-0.01067359509477293,0.006667095090187212,13.733759141278622,0.0118371552722368
2020-08-13,AXON,0.00688582441234812,0.02683899022667335,0.020233347229948826,0.008116439666203052,12.788849560341312,0.0046012686039232
2020-08-14,AXON,0.008943062977306564,-0.005970140902990137,-0.009433439252405137,-0.010375764095253103,12.460718739865236,0.0033141465656398
2020-08-17,AXON,-0.009941712797478588,-0.014525123424634363,0.0027763928313324143,0.0005025240605395245,12.88207621048691,0.0050508621302696
2020-08-18,AXON,-0.0022505674191290025,-0.008092188817099303,-0.012554826877279589,-0.0033969243256125412,12.909667557971359,0.0051921629528357
2020-08-19,AXON,-0.0020047122358777853,0.025667769056748686,0.01028381518979369,0.02008676648807417,13.191704721500981,0.0068839191648309
2020-08-20,AXON,0.007870578923776326,0.0,0.014047675544145212,0.009710615546598527,13.081335111611617,0.0061645695226765
2020-08-21,AXON,0.014577161077111314,0.007283334773984357,0.0044737318916315124,0.01046493618540065,13.312820087259452,0.0077702606881997
2020-08-24,AXON,0.02566730116870988,0.017504332403760123,0.0126903541016654,0.007717382897789641,13.519125389871355,0.0095506510525318
2020-08-25,AXON,-0.0047927423635977665,0.03927102605063721,0.014343266422667237,0.023505395060412798,13.855981450855564,0.0133760496852742
2020-08-26,AXON,0.020800654334260718,-0.012533987643083156,0.016992130436774135,-0.00046943920785059523,13.115139346814992,0.0063765207565256
2020-08-27,AXON,0.013785268226737845,0.003580774085998965,0.011678078933585441,0.0023449060585887015,13.12735290896314,0.0064548784854031
2020-08-28,AXON,-0.009325199213467866,-0.008801471016399767,-0.023494148446380182,-0.01831881387871255,13.047641986378483,0.005960325606422
2020-08-31,AXON,-0.019512255690982517,-0.0002327160628696823,0.002518126917516811,0.021709252808310854,12.90719047589495,0.0051793174235115
2020-09-01,AXON,0.01728466293579418,0.030930353409954127,0.015213019669201338,0.020219046982013003,13.103386449124873,0.0063020166864453
2020-09-02,AXON,0.03392505447252873,0.001014672145235464,0.016030329159812454,0.007974489263133372,12.906942429876182,0.0051780328705791
2020-09-03,AXON,-0.007059152171562263,-0.012929741354211603,-0.03244165302521257,-0.04158815997828809,13.18609094480779,0.0068453825768583
2020-09-04,AXON,-0.0294513261281863,-0.024030753060046747,-0.02734901489682057,-0.022368048852538493,13.151924121391561,0.0066154476019554
2020-09-08,AXON,-0.05415878976477821,-0.0282243009803489,-0.017778802106814273,-0.016095942207537947,13.26767683806825,0.0074272850552439
2020-09-09,AXON,0.021506205220963682,0.028925705901254362,0.030634754279149887,0.046709967260970445,14.788711161683263,0.0339944088035242
2020-09-10,AXON,0.03840206181468605,0.019784286851104584,0.02058957458915188,-0.011207537298027094,13.269232180029865,0.0074388460316357
2020-09-11,AXON,-0.006102639266391932,-0.02353048284305317,-0.009459459690730629,-0.004518405345749292,13.22401883781393,0.0071100004809366
2020-09-14,AXON,-0.008155530290063226,0.002108967393848808,-0.0036158054019339095,-0.0008346626322865468,12.837878854006087,0.0048324881317585
2020-09-15,AXON,0.0037905717894205484,-0.010116550093262984,0.0027732983727199677,0.006657242788053919,12.795804639274813,0.0046333824272336
2020-09-16,AXON,0.004953402797183824,0.005423891106403359,0.004205454855277508,-0.0079700433723421,12.698635515785552,0.0042043417478058
2020-09-17,AXON,-0.02381064869371856,-0.02139376893761152,-0.021206489556091772,-0.010807039592353136,12.588272538498009,0.0037650246449187
2020-09-18,AXON,0.001805616193257535,0.0013206150279928164,-0.01108387600175343,-0.003386129381615172,13.609348255638153,0.0104524072110896
2020-09-21,AXON,-0.02213124929728167,0.004907001176547868,-0.002603995312095731,0.007602730648890693,13.189088880352877,0.006865935423777
2020-09-22,AXON,0.032420890112469576,0.03933091808466296,0.030929655386591794,0.04352088658848596,13.70525028027601,0.0115044560627404
2020-09-23,AXON,0.03497225384954044,0.017860660764645396,0.03466367407624583,-0.0019586177415403367,13.365781601446486,0.0081928786029654
2020-09-24,AXON,-0.011560822401075971,-0.022347287513845526,-0.022340747418230996,-0.015340216058867292,13.048718990086243,0.0059667483710841
2020-09-25,AXON,-0.008759180089881578,0.007466508688744948,0.005691304857855937,0.02097530514600683,12.992940106310016,0.0056430410321146
2020-09-28,AXON,0.032770861385715215,0.024195634413738017,0.03451223989604135,0.008109309602859195,13.140794476350054,0.0065422280848076
2020-09-29,AXON,-0.0019316882803483604,-0.004141665079401745,-0.005153227249418527,0.008043991243574088,12.877487888871865,0.0050277401774861
2020-09-30,AXON,0.016245872322207058,0.029618700140034575,0.02348777327260732,0.02319972671022315,13.701894951499332,0.0114659194747678
2020-10-01,AXON,0.02737473110517126,0.045346152612888595,0.023715644278329652,0.05272010000675041,13.695263113144614,0.0113901308517551
2020-10-02,AXON,0.017913543598270097,-0.016791227991404083,-0.004830339958037774,-0.043392119026269646,13.07065104786539,0.0060990573231232
2020-10-05,AXON,-0.013784396279223078,-0.011067484941541327,-0.007733186727534352,0.003162588241523303,12.978495316450783,0.0055621141973722
2020-10-06,AXON,-0.00021694255219602984,0.010855835457651402,0.014204951014649544,0.014914411343086608,13.030907958453746,0.0058614150306257
2020-10-07,AXON,0.025062937585889046,0.019808847378108244,0.026435207592698552,0.03011478520559126,12.873904582205107,0.0050097564364323
2020-10-08,AXON,0.02414033904881967,0.010529638469022079,0.01720810173200742,0.01035527533521253,12.842916634678488,0.0048568946374744
2020-10-09,AXON,0.007406691894165343,0.023243888058424558,0.02092253077857915,0.01958644877118874,13.001778670730355,0.0056931385964789
2020-10-12,AXON,0.021796204904567764,0.0045047833882809725,0.005825553906127954,0.001917570786526701,13.125360880400086,0.0064420329560789
2020-10-13,AXON,-0.0072464207620740505,0.01732802356713833,0.004778143903961399,0.02558244018472748,13.021882050234442,0.0058087483603966
2020-10-14,AXON,0.02985296314968113,0.01790101621026696,0.01579747821105676,-0.0032485320100089092,12.791080452981857,0.0046115450273825
2020-10-15,AXON,-0.019302721752202334,0.027015853412302445,-0.011748874209611149,0.04284717988279457,13.72503974949035,0.0117343910376433
2020-10-16,AXON,0.07191379483513086,0.029499524978358987,0.06614704346732055,0.03069725719273591,13.500527173221966,0.0093746673007905
2020-10-19,AXON,0.0208944656350033,0.029273906547799877,0.015572581917234677,-0.014208199805840978,13.477378344343276,0.0091601469610766
2020-10-20,AXON,-0.012557982548822517,-0.03292555873834845,-0.020311029144708715,-0.014507278942122948,13.437029581252094,0.0087979030341345
2020-10-21,AXON,-0.015992913366832995,-0.015855730391607106,-0.021217127163532273,-0.02684915050087923,13.333435966916156,0.0079321143576844
2020-10-22,AXON,-0.02390329366775246,-0.019990388139217434,-0.003791375734400105,0.0036732496653758043,13.146472405108014,0.0065794801198477
2020-10-23,AXON,0.0002879376129682772,-0.007326008184694233,-0.004979695905418147,-0.007068494371204815,13.268714001450482,0.0074349923728385
2020-10-26,AXON,-0.02133928674749222,-0.013459167984528692,-0.01628300128052784,-0.009568549259258294,12.724274001584217,0.0043135287470614
2020-10-27,AXON,0.002056698099397069,-0.007382995906247963,0.0008949962072981191,-0.008670832124192928,12.57487722707543,0.0037149270805544
2020-10-28,AXON,-0.021859325395576695,0.0023374133397274857,-0.015123751384455196,0.009357339234168524,13.030688780851065,0.0058601304776933
2020-10-29,AXON,0.028101415274910526,0.012758723797945617,0.02649033320930333,0.013632163547106899,13.16427469839301,0.0066976589896302
2020-10-30,AXON,0.0015544903706883023,-0.006649048165103624,-0.03744928824556996,-0.04449572277420912,13.01098702505448,0.0057458052667081
2020-11-02,AXON,-0.03296138102549705,-0.020611236218791053,-0.013869831773694191,-0.009652140822901414,13.004257539652954,0.0057072686787355
2020-11-03,AXON,-0.017713910543673612,0.006492926423102106,0.010906554577944826,0.03737351664826646,12.878509336811934,0.0050328783892158
2020-11-04,AXON,0.05067529156917071,0.05187657316005595,0.0526227293482507,0.03260582645900133,13.242279248061351,0.0072410248800433
2020-11-05,AXON,0.02927315900657193,0.027456825959728662,0.02597049889019085,0.03231371663897887,13.272851931254898,0.0074658216432165
2020-11-06,AXON,0.08957716206124587,0.143927765729606,0.09289070398653788,0.12209525125356524,14.436087583323648,0.0238926845429848
2020-11-09,AXON,0.08664496061093284,0.007034588455137617,0.04442924588085121,0.013530737593086518,13.756822622060419,0.0121133341527068
2020-11-10,AXON,-0.028055703065431634,-0.025319797914654045,-0.03755634046502617,-0.04325266871563656,13.755761615129062,0.0121004886233826
2020-11-11,AXON,-0.029618994461060755,-0.02761871198335667,0.0066558720247603224,-0.005899696330419354,13.093554354008361,0.0062403581456892
2020-11-12,AXON,-0.011877291046177067,-0.01806479659258275,-0.004945033749193841,-0.0012687802334331371,12.890433842121956,0.0050932523770395
2020-11-13,AXON,0.008774213827353109,0.013372853097182346,0.0030722042376481575,0.023670253878930243,12.95086543340818,0.0054105369513468
2020-11-16,AXON,0.02529677005257386,0.007398320164004203,0.002892849302552964,-0.013732490700580592,13.125958905738301,0.0064458866148762
2020-11-17,AXON,-0.03043384477328666,-0.02110564918832338,-0.009218178992394997,-0.0023491811589021363,12.926350926565435,0.0052795125522401
2020-11-18,AXON,0.010080704813768044,0.019056048117239655,0.020034630628465108,0.006530488407737125,12.788570348498682,0.0045999840509907
2020-11-19,AXON,0.00016718990599591104,0.021193604236460883,0.0036075402396299845,0.026922933820104526,13.265425953646147,0.0074105858671225
2020-11-20,AXON,0.037158252052403216,0.007922876700868811,0.019899453455469583,0.01379554057441389,12.91435717611903,0.0052165694585516
2020-11-23,AXON,0.016768186288904724,0.014010632359928108,0.010859480857371151,0.013449746798195288,12.906197922445111,0.0051741792117818
2020-11-24,AXON,0.00984919115799656,0.024765480904445254,0.023039371307968477,0.007795605226392718,12.911891697714024,0.0052037239292275
2020-11-25,AXON,0.0010970880261796975,-0.01685786859802501,-0.0057302282697391845,0.0019590180162054344,12.976183182038383,0.005549268668048
2020-11-27,AXON,0.007956954798238975,0.003658597737606418,-0.00873791263666797,-0.017292821499468383,12.512825459868276,0.0034914148703135
2020-11-30,AXON,-0.01416352629115964,-0.01023084855940802,-0.006786230165313266,0.0011144674500704402,12.858660817819281,0.0049339678134196
2020-12-01,AXON,0.0011027048270644598,7.8512784643473e-05,0.007510637360732112,-0.003426983209137749,13.089635619321948,0.0062159516399733
2020-12-02,AXON,-0.021805717302325552,-0.023026039210372076,-0.013772127889398696,-0.010755412819127235,12.56863373209213,0.0036918051277708
2020-12-03,AXON,-0.00298137079096795,0.016884780902751917,0.006747733822877232,-0.0005650377175204654,12.651402490133291,0.0040103742550106
2020-12-04,AXON,-0.0005650377175204654,-0.013436913921002243,-0.002190021100000531,0.002660984779284697,12.429220196836383,0.0032113823310463
2020-12-07,AXON,0.009162573395929395,0.008528324064965854,-0.005700378481260761,-0.011256541765811501,12.737291898386962,0.0043700490760878
2020-12-08,AXON,-0.021184452568445672,-0.002065640985830515,-0.000735234204830252,0.022308125901149667,12.961962203877555,0.0054709109391705
2020-12-09,AXON,0.023022935623158422,0.024665510789573727,-0.005572873811808534,-0.019055813737512257,12.90271620662179,0.005156195470728
2020-12-10,AXON,-0.025887261853265148,-0.020617708599751938,-0.004778012500166296,0.01841851128311508,13.576746895426343,0.0101171388957284
2020-12-11,AXON,0.03257302650557944,0.01047956501054778,0.011902496917375365,-0.018986898236420507,13.07107218827772,0.006101626428988
2020-12-14,AXON,-0.012452248813184009,0.017251194615203642,0.015786581028496668,0.03291553825316313,13.730062685337167,0.0117934804725346
2020-12-15,AXON,0.03651397076695056,-0.0033956077941288457,0.017595287680678952,0.012263381362492375,13.012104216284092,0.0057522280313702
2020-12-16,AXON,-0.015609523314197536,-0.011350499472045248,-0.06235740501831703,-0.07134679335885737,13.571016957714335,0.0100593340137695
2020-12-17,AXON,-0.05930302908302402,-0.04061029477229326,-0.004377515774400167,0.006730654437089064,13.331003865890963,0.0079128460636982
2020-12-18,AXON,0.01565184064291909,0.024054942782392695,0.02515964307642399,0.03730772304644317,13.815911477585262,0.012850667535915
2020-12-21,AXON,0.03567488153697901,0.019132124627146457,0.024060325252272603,0.019984128723438594,13.20376085926444,0.0069674151054381
2020-12-22,AXON,0.011509776711627355,0.02616950038000532,0.014907168491161285,0.004914760032710567,13.753955315754979,0.0120786512235315
2020-12-23,AXON,0.011378748621586252,0.02327775052417663,0.020829162175021274,0.025584323324118363,13.244228735697845,0.0072551549622999
2020-12-24,AXON,0.022679540798767828,-0.016991980313645193,0.0020902216398983636,-0.008226124714360647,12.141005984951518,0.0024072521953523
2020-12-28,AXON,0.0037807228399061523,0.007745846075189601,-0.03269957335731789,-0.043694154884928414,12.726356399830706,0.0043225206175883
2020-12-29,AXON,-0.05030073847479889,-0.05291510946513555,-0.03496293554691335,-0.014729243635416719,13.307017212322014,0.007725301335565
2020-12-30,AXON,-0.016403673091156604,-0.0011854549620757783,0.022257700123169823,0.00444962850900337,12.863336138867261,0.0049570897662031
2020-12-31,AXON,-0.0005649009266309962,-0.02061271245711705,-0.018540953537674047,-0.010957444934819042,12.777055016970678,0.0045473173807616
2021-01-04,AXON,-0.007047662686681385,-0.0039632669697718245,-0.048390436762030115,-0.04746484007244624,13.395136359652692,0.0084369436601249
2021-01-05,AXON,-0.05514719652814186,-0.006912551195157183,0.003800008354772058,0.04558601971974938,13.38534437472993,0.0083547322724501
2021-01-06,AXON,0.048704235735654765,0.004315781935791195,0.02073011114490363,-0.0050002202349610685,13.44719816078142,0.0088878217394038
2021-01-07,AXON,-0.0032781665513203903,0.01596038502337591,0.021714553197530205,0.02339095703695424,12.977802237280331,0.005558260538575
2021-01-08,AXON,0.024888802084678873,0.025501683581098725,0.020929455634349958,0.006321798468388203,13.021882050234442,0.0058087483603966
2021-01-11,AXON,0.002319358946570415,-0.0032012210064630993,0.0,-0.004156714848400521,13.216765872660371,0.0070586183636398
2021-01-12,AXON,0.009382276829692695,0.05463095853330431,0.022084448085851884,0.07824189037027435,14.028846976172028,0.0159001961974766
2021-01-13,AXON,0.07843426681493093,0.07837237664100384,0.06798993696244729,0.07325042392351007,13.97618363492396,0.0150845050853909
2021-01-14,AXON,0.06665359749785935,0.039863041369404294,0.07243244598351793,0.029707203039206445,13.624230190598414,0.0106091226688447
2021-01-15,AXON,0.10275597790736113,0.09105475970444185,0.031077930386146934,0.007523119727287336,14.336089067349832,0.021619025852604
2021-01-19,AXON,-0.044651070329323084,-0.04069936686209951,0.026317308317373358,0.055410272537872195,14.025853327748052,0.0158526677389772
2021-01-20,AXON,0.04982611636777268,0.05258110933818517,0.05317142232142825,0.03210943284243214,14.084010575524983,0.0168019523560345
2021-01-21,AXON,0.031988658602313154,-0.0004749574627327063,-0.004319375627258901,-0.012351146489617788,13.673948145715556,0.0111499194533929
2021-01-22,AXON,-0.04224138027444236,0.019581385552755796,-0.005332357477375998,0.04640256417340487,13.391169922669784,0.008403545283882
2021-01-25,AXON,0.0740459166112578,0.03422959486047363,0.04367023599463541,0.024827255076573587,13.320559923773176,0.0078306346760234
2021-01-26,AXON,0.01748714464330788,0.016629823258012162,0.04207099828964158,0.012016435984594082,13.651933421704344,0.0109071389491658
2021-01-27,AXON,-0.02756895814013779,-0.022612529981620617,-0.039812021701535374,-0.03813667524714983,13.398480330934175,0.0084652038246381
2021-01-28,AXON,-0.03165105614250871,-0.0002830165225897693,-0.03529278091432454,-0.036350172300092035,13.50449298496219,0.0094119193358306
2021-01-29,AXON,-0.029090010466260467,-0.04416613113416643,-0.014061644645541996,0.0011580925841251357,12.784653174819363,0.0045820003099369
2021-02-01,AXON,0.03364779806021466,-0.005757212193677265,0.018970458497058456,0.01204937377505473,12.710480720812354,0.0042544393121702
2021-02-02,AXON,0.02651072001118337,0.023239739727078868,0.009988507684471341,0.0022845079743196444,12.786053927532635,0.004588423074599
2021-02-03,AXON,-0.022211942138711846,-0.016950052070620135,-0.0069936363963229355,0.006106366357381861,12.592358332109097,0.0037804392801077
2021-02-04,AXON,0.011550532060947218,0.03778419843819966,0.013156079128886116,0.0454450928773462,12.978495316450783,0.0055621141973722
2021-02-05,AXON,0.04839745718408325,0.016662798195825394,0.040949688545752726,0.010439198371478903,12.131354487250757,0.0023841302425688
2021-02-08,AXON,0.009938101856219428,0.021939890869078705,0.020316032492037776,0.028981124583340317,12.87030838926236,0.0049917726953784
2021-02-09,AXON,0.0013324757107205495,0.013120495778279555,0.020855117995749822,0.004212859553442387,12.892197728773349,0.0051022442475664
2021-02-10,AXON,0.02606649847739393,0.027473490648913527,0.010596115258358916,0.025975443680941446,13.092936626443631,0.006236504486892
2021-02-11,AXON,0.026668247082161273,0.11109547247218587,0.04024209295615278,0.0793795652684671,14.785152844554162,0.0338736608278768
2021-02-12,AXON,0.061243625240718594,-0.04778764413014519,0.02689717724542654,-0.03995018898983019,13.726461834265278,0.0117510902257648
2021-02-16,AXON,-0.018839746252134783,-0.0178407170181033,-0.10199537622281463,-0.1056787807230013,14.096923772119156,0.0170203263545456
2021-02-17,AXON,-0.1123182378717395,-0.09481254397456697,-0.005243361914540762,0.013829986591638204,13.573949694361803,0.0100888787312152
2021-02-18,AXON,-0.005433209595181322,-0.01397297472823001,-0.022362443801386567,-0.026298649166253366,13.076112087564187,0.0061324556993661
2021-02-19,AXON,0.0009642824613669589,0.01452567786027433,0.028003676332924412,0.01853224812892769,13.037896397054075,0.0059025207244631
2021-02-22,AXON,0.0043560107140235204,-0.0054849605812189615,-0.04082441135783578,-0.040351295523567345,13.113728201355833,0.0063675288859987
2021-02-23,AXON,-0.07220351642491046,-0.053166435482403865,-0.07405787614266723,-0.0050716663047439435,13.399087126148796,0.0084703420363678
2021-02-24,AXON,0.03663636984982978,0.006657044429380027,0.01981637107538558,-0.046531292443419,13.611557927284023,0.0104755291638731
2021-02-25,AXON,-0.05445082729816374,-0.018088358545694017,-0.009606696712599234,-0.009646896633020374,13.25742035573098,0.0073514964322313
2021-02-26,AXON,-0.00619580691955451,0.0015396136315807638,0.009419221916491558,0.034362221555102324,13.389180788801673,0.0083868460957606
2021-03-01,AXON,0.0593589476901031,0.033915368759827695,0.0441365027880677,0.024826652028954396,13.866394718668053,0.0135160659549078
2021-03-02,AXON,-0.004402319649535383,-0.012200157453429264,-0.022558458035185296,-0.020846497187504514,13.610208152675481,0.0104613990816165
2021-03-03,AXON,-0.03191767235257219,-0.02890076874137845,-0.06018892802107164,-0.06940136253590995,13.360751733925767,0.008151772909128
2021-03-04,AXON,-0.08106048579873958,-0.07696814901645121,-0.10742700117920123,-0.06744578832534566,14.030461440831338,0.015925887256125
2021-03-05,AXON,-0.04920524654905341,-0.06901126605106786,-0.07702758783041075,-0.012919542716162767,13.722409037275709,0.0117035617672653
2021-03-08,AXON,-0.010152312216707577,0.013698844358161927,0.07151557415060038,-0.03160435683155321,13.102570790057749,0.0062968784747156
2021-03-09,AXON,0.002791695698448463,0.006036163272876834,0.03971015506486859,0.041067276533952424,13.114333221834064,0.0063713825447959
2021-03-10,AXON,0.02756479122904133,0.019419345801471716,-0.018624980347062996,-0.02311828207517746,13.386880706978143,0.0083675778017743
2021-03-11,AXON,-0.00666676609594573,0.019504813643324004,0.039719076686193906,0.07939912428244106,13.587858106821816,0.0102301795537812
2021-03-12,AXON,0.029656234943711886,0.006934843158563158,0.008450408138279056,-0.0032784765973345787,12.82342080954183,0.0047631222734079
2021-03-15,AXON,0.015385906736641038,0.002966540691742744,0.02194795448175497,0.009478204115092127,12.95654725342426,0.0054413662217249
2021-03-16,AXON,0.02181438518554322,0.02373571399406621,-0.04009474498543646,-0.04443111462847505,12.92829550193616,0.0052897889756995
2021-03-17,AXON,-0.07583809351259621,-0.06327323207326468,-0.015389786436517996,0.009476778004916656,12.699856886253809,0.0042094799595355
2021-03-18,AXON,0.020248169489767064,-0.007396524404669609,-0.02565975117507367,-0.058756701822687864,12.740520064864135,0.0043841791583444
2021-03-19,AXON,-0.06309525940382132,-0.01427424185828748,-0.007371071766156699,0.03365140098371866,13.661427709169773,0.0110111877366917
2021-03-22,AXON,0.05366986734134182,0.019793217464035194,0.04579118029858138,0.00013818922490709944,12.953236782939266,0.005423382480671
2021-03-23,AXON,-0.019052155335400466,-0.02027260476025811,-0.03906828700662442,-0.0362218941079136,12.782126864777657,0.0045704393335451
2021-03-24,AXON,-0.025458443828649913,-0.03839913293453602,-0.04230904969880917,-0.0451975585877392,13.114534814009746,0.0063726670977283
2021-03-25,AXON,-0.07688980918073444,-0.02456987103916849,-0.04457136492999041,0.024573861149390367,13.063252234700363,0.0060540979704885
2021-03-26,AXON,0.05616215133189123,0.014267859379744247,0.03429703883053699,0.007647824940677417,12.917062200011113,0.0052306995408082
2021-03-29,AXON,-0.00014537464514233675,-0.004251772632103187,0.0009867169256755606,-0.025723471775010533,12.934830666099812,0.0053244719048748
2021-03-30,AXON,-0.02444358818722463,0.012273554341232893,0.008911717034909086,0.036261219398135223,12.894461020916928,0.0051138052239582
2021-03-31,AXON,0.0451029161083798,0.026608271024355364,0.053861426841732896,0.02229413900170267,12.959611479595074,0.0054580654098463
2021-04-01,AXON,0.02851515328087091,0.024360403004830177,0.015482281703526791,0.004483679917372803,12.876465396508989,0.0050226019657564
2021-04-05,AXON,0.01224981809746408,-0.0017641103209954025,0.010120462808987188,0.022600252002895237,13.235157991549286,0.0071896427627465
2021-04-06,AXON,0.00586512372482488,0.006970547518416101,0.0073341335289454235,-0.005001179935187417,12.917798665647773,0.0052345531996055
2021-04-07,AXON,-0.0002040108794890998,-0.003513071335387598,-0.004144734006632393,0.011404488066810069,12.51796306699418,0.0035093986113674
2021-04-08,AXON,0.007048545098038115,0.028291222131551885,0.020893233754377866,0.022160475229086485,12.943956548056168,0.0053732849163067
2021-04-09,AXON,0.010279921954081922,-0.009718129083231566,-0.0147512638559558,-0.007667020684991162,13.01098702505448,0.0057458052667081
2021-04-12,AXON,-0.002945526477106281,-0.004794583530438515,0.0010314176148116846,-0.0016745374023538293,12.644975753446007,0.0039846831963623
2021-04-13,AXON,0.005615714234084831,0.018583331635612762,0.022158145518969895,0.022405848276759753,12.644330802262578,0.0039821140904974
2021-04-14,AXON,0.022934943445246762,0.024273822761181084,0.02213819467519229,-0.0007213391464642354,12.880294363972055,0.0050418702597427
2021-04-15,AXON,0.009854879377744031,-0.0019844295848080984,-0.0005919059594329465,0.0052994827951389125,12.411463546908074,0.0031548620020199
2021-04-16,AXON,-0.011485084211828313,-0.007848230986070855,-0.006203428122806051,-0.0033334093919347397,12.761396378619057,0.0044766669694786
2021-04-19,AXON,-0.017976948518487936,-0.024384249593731422,-0.039565011350390644,-0.014441890225917355,13.100119813444692,0.0062814638395266
2021-04-20,AXON,0.0,0.021149884837121387,0.014087613265004658,0.0015928206546163121,13.056439363581543,0.0060129922766511
2021-04-21,AXON,-0.003994719797628223,-0.008981444105860815,0.0027126637938922563,-0.005986408182577105,12.690660037852133,0.0041709433715629
2021-04-22,AXON,0.0013334149111086638,0.019679514053486623,0.016389420870434265,0.024775561182485927,12.755640983610817,0.0044509759108302
2021-04-23,AXON,0.03160706352478406,0.0007048836287912395,0.024221222363640084,0.0018856831126436607,12.880803787035994,0.0050444393656076
2021-04-26,AXON,-0.0017443831627554968,0.022360385478905117,-0.021958651835477305,0.03416346619220365,13.09930148446762,0.0062763256277969
2021-04-27,AXON,0.033759366286340166,0.011645749881893977,0.040194292545039395,-0.016967755782227978,12.58314170846604,0.0037457563509324
2021-04-28,AXON,-0.021165183575166554,-0.015034052532623753,-0.012270904523534212,-0.006791399412823558,12.317618492524995,0.0028722603568878
2021-04-29,AXON,-0.0022373909610156756,-0.013159760726733777,-0.017607217005802603,-0.009689998109935554,12.193498926601634,0.0025369920415266
2021-04-30,AXON,-0.026522946515528965,-0.014110013895241193,-0.006600684031352024,-0.015965806733563594,12.182297237179363,0.0025087318770134
2021-05-03,AXON,0.0005912449014716619,-0.014901909075723203,-0.015685328430459472,-0.01749939804924446,12.14367050736717,0.0024136749600144
2021-05-04,AXON,-0.02830974786490921,-0.02792175632881828,-0.04774121977370847,-0.04475073439175294,12.636883811223605,0.0039525693730518
2021-05-05,AXON,-0.038148342138349285,-0.023602778831214682,-0.011068635294612031,-0.008600695725697655,12.202069644200355,0.0025588294413777
2021-05-06,AXON,-0.012572554055069853,-0.024314729561817894,-0.08810168952821042,-0.07633255584684588,13.696052244813847,0.0113991227222821
2021-05-07,AXON,-0.018725665146269305,-0.0019822928919253193,0.028649176724874128,0.029218982195384987,13.321379796214162,0.0078370574406855
2021-05-10,AXON,-0.038687871655218344,-0.051774521097692525,-0.03521577591432718,-0.043534631939462394,12.866440919874208,0.0049725044013921
2021-05-11,AXON,-0.06083163163842309,0.0049135626315240585,-0.03463201180761378,0.022686492876754966,13.22148627953657,0.0070920167398827
2021-05-12,AXON,0.03250594936941189,-0.034221709849168336,0.0008926915401959344,-0.061491817963619716,13.271646802771485,0.0074568297726896
2021-05-13,AXON,-0.03603217874621292,-0.018303543452283952,-0.0020301278385471927,0.017256988880661652,12.877998743261381,0.005030309283351
2021-05-14,AXON,0.027945605327417182,0.04087204295501866,0.04038619676040133,0.050278877319653636,12.861001210669146,0.0049455287898113
2021-05-17,AXON,0.020553989692114943,0.007783951735153408,0.018103514974870154,0.006232435113547196,12.754485918957602,0.0044458376991005
2021-05-18,AXON,0.026863439798554004,0.002457291655386493,-0.074302587704385,-0.0791011843603725,13.94478377240265,0.0146182123709229
2021-05-19,AXON,-0.08140243002996085,-0.04689551156526756,0.019949991143484464,0.026936869842318224,13.273023973970089,0.0074671061961489
2021-05-20,AXON,0.03179665432815684,0.02463555621011956,0.028411436412004935,0.027305142350827295,12.721590244743798,0.0043019677706696
2021-05-21,AXON,0.028462084576036915,0.0037193521410753007,-0.00481124863645496,-0.025178095106635153,12.75014250498702,0.0044265694051142
2021-05-24,AXON,-0.020668420163368773,-0.0028831952750848055,0.01085170066973644,0.02271945336347781,12.542905531395343,0.0035980327637043
2021-05-25,AXON,0.01418351379563259,0.019488193313400386,0.021356386980523313,0.00567652821391798,12.589295553001502,0.0037688783037159
2021-05-26,AXON,0.009446291959978625,0.02269142505037382,0.00580161753719885,0.03996185208111063,12.728137867696542,0.0043302279351828
2021-05-27,AXON,0.0315685765512609,0.01804712246836757,0.027699292168131176,0.02482524420278389,12.814209173588527,0.0047194474737057
2021-05-28,AXON,0.028748233305580746,0.025428733163820154,0.032127974378071515,0.007926635867567753,13.048288327785578,0.0059641792652192
2021-06-01,AXON,0.016495378630351026,-0.003003585059879261,-0.021376829420352964,-0.01029538293461745,12.780157535035352,0.0045614474630182
2021-06-02,AXON,-0.02050080254181758,-0.007654237343459364,0.005769660170612935,0.01738308732364971,12.608870867322864,0.0038433823737962
2021-06-03,AXON,-0.0038056900247449847,-0.010202741527172874,0.0009461704822203,-0.02430596395027961,12.371591321286905,0.0030315449205077
2021-06-04,AXON,-0.00475953643005752,0.006530390803518635,0.006454204292055671,0.021264457267618383,12.237576157539047,0.0026513172525118
2021-06-07,AXON,0.01996708932325791,0.03885604745433984,0.008708585150258649,0.03788197936323243,12.66508168011904,0.0040656100311046
2021-06-08,AXON,0.048138686296575264,0.033790408542865434,0.044772613215416646,0.02990108861020092,13.08549397774559,0.0061902605813249
2021-06-09,AXON,0.03163691594778282,0.0066231560424512255,0.012799771838655976,-0.02012701756284895,12.7988496158975,0.0046475125094902
2021-06-10,AXON,-0.028535465815993095,-0.010512620702929546,-0.0047468197982185436,0.01787374376657643,12.344533742172285,0.0029506180857653
2021-06-11,AXON,0.02104922556235526,0.04133969180868759,0.029403046008881148,0.04362062988364472,13.141579558264604,0.0065473662965372
2021-06-14,AXON,0.04372068648909449,0.014346272816760446,0.031509451712628034,-0.0028623047680823043,13.618401401574594,0.0105474641280886
2021-06-15,AXON,-0.009445729155398751,-0.00922591763050201,-0.015273343915722264,-0.016052739162041314,12.916816590886972,0.0052294149878758
2021-06-16,AXON,-0.01095151200159322,-0.011159193609654249,-0.018879648447743945,-0.016248884034442697,13.22202951079804,0.00709587039868
2021-06-17,AXON,-0.027220102464290366,-0.01781906194286156,-6.614279221426739e-05,0.010471339603724442,13.25602151199675,0.0073412200087719
2021-06-18,AXON,0.006332519337824737,0.057324244762318226,0.0064648005476738175,0.02093811309975926,13.666431495715553,0.0110664235127857
2021-06-21,AXON,0.03463773859059349,-0.01974503160992466,0.016175644448110624,0.012103619764675106,12.461493630353871,0.0033167156715046
2021-06-22,AXON,0.00525801352911045,0.007039022785101386,0.01750883789954941,0.011647703046101411,12.620500798605278,0.0038883417264309
2021-06-23,AXON,0.014925585229286102,0.03961452771123471,0.021136855001329943,0.03282597706894699,13.07107218827772,0.006101626428988
2021-06-24,AXON,0.03828659718445835,0.0030381253126353478,0.023378506508466915,0.011322567817970551,12.652362948153474,0.0040142279138079
2021-06-25,AXON,0.01238407016937589,0.02861361340447819,0.01754063044579006,0.02535055744420289,13.299841557295029,0.0076700655594711
2021-06-28,AXON,0.029960854972448634,0.01719240054037277,0.019526110043452755,-0.000697159687727901,12.943717457174193,0.0053720003633743
2021-06-29,AXON,-0.011377219742296482,0.0,0.005434594388373164,0.012016330891592585,12.885883795217529,0.0050701304242559
2021-06-30,AXON,0.022569700008307637,0.018576402593335723,0.02367008886858991,0.015159597569094463,13.258991719526398,0.007363057408623
2021-07-01,AXON,0.003967117303083351,-0.014041230166871045,-0.01907660727879471,-0.02022584270736745,12.972240242784018,0.0055274312681969
2021-07-02,AXON,-0.011433952528670728,0.007718972954252923,0.007398015175193473,0.02580971600832387,12.492382526958323,0.0034207644590305
2021-07-06,AXON,0.01752397815658598,-0.0016289473263376103,0.005340961300890249,-0.006149678710764467,12.767689287564181,0.0045049271339918
2021-07-07,AXON,-0.003773685218776046,-0.0017442544748515793,-0.009611297810797713,-0.005049509486727957,12.278397958261774,0.0027617888046998
2021-07-08,AXON,-0.03860021115018432,0.002081489919331083,-0.026427544997239066,0.0105802857966884,12.56758934921002,0.0036879514689736
2021-07-09,AXON,0.04719696996238097,0.0044858381489410295,0.0396408299917419,0.0034272620249056265,12.248657884620656,0.0026808619699574
2021-07-12,AXON,0.001174153472392324,0.010352408092699427,-0.0036019871837051462,0.00910089708433655,12.747818280594485,0.0044162929816549
2021-07-13,AXON,-0.00011179318800577618,0.02563745428129659,0.020578402012789997,0.01314140095091229,12.84634897222022,0.0048735938255959
2021-07-14,AXON,0.019152621259158273,-0.00899923893836608,-0.010548057741691659,-0.027754099125166565,12.397523238911763,0.0031111872023177
2021-07-15,AXON,-0.0258817274966503,-0.02777418750496459,-0.04103472950434005,-0.021088191530252317,12.628725854927046,0.0039204555497413
2021-07-16,AXON,-0.019487550698221015,-0.00866005822229628,0.023068808155658108,0.0008635973625522857,12.66191713053049,0.0040527645017804
2021-07-19,AXON,-0.020460323116675755,-0.0037911952311746157,-0.021769869394492984,0.011102972691854897,12.434804552855114,0.0032293660721002
2021-07-20,AXON,0.02999588598271573,0.03492907214916113,0.0191105620986549,0.02728514116406633,13.0198898016336,0.0057971873840048
2021-07-21,AXON,0.022976582220816517,0.000164219399826122,0.025828555479345792,0.004916997852375242,12.718300286011257,0.004287837688413
2021-07-22,AXON,0.00939699018923087,-0.0030699960921915384,0.004895736450351826,-0.004972352214323357,12.32163544049751,0.0028838213332796
2021-07-23,AXON,-0.005738226396299823,0.010215012989043105,0.006379068106274926,0.013642302536425286,12.32029824991355,0.0028799676744823
2021-07-26,AXON,0.014175292580224784,0.004230164027362194,0.008055358523774345,-0.005423660895289113,12.077676615757813,0.0022595286081242
2021-07-27,AXON,-0.012019586648133351,-0.01521415094015394,-0.02340004154761511,-0.008274083584857067,12.245778817752209,0.0026731546523629
2021-07-28,AXON,-0.00315226216419547,0.02640790593497353,0.015288933439384145,0.030278085291588867,12.48219187523,0.0033860815298552
2021-07-29,AXON,0.03162061968713412,0.007145534304608083,0.03027284853705258,0.0017717748369122663,12.010063844310778,0.002111805020896
2021-07-30,AXON,-0.005704754573236446,0.0009028769369605645,-0.0020043621908022243,-0.0021479650287391855,12.456835254920371,0.0033013010363156
2021-08-02,AXON,0.008170354335568673,0.018201484820704963,0.010733310061762301,0.019273317033371755,13.291770230597246,0.007608407018715
2021-08-03,AXON,0.013822606394670927,-0.004336144646811171,-0.0095952373932093,-0.012309111400066543,12.820990681250251,0.0047515612970161
2021-08-04,AXON,-0.012485171417093037,0.011866480384096318,0.01039968391199498,0.02008305405376559,12.968748220825562,0.0055081629742106
2021-08-05,AXON,0.017856172132318427,0.010345690485003726,0.009283975825186183,0.012324382468607224,12.644975753446007,0.0039846831963623
2021-08-06,AXON,0.030870325777605605,0.013781431778805283,0.008830267173224523,-0.004662302016682948,13.038549066167487,0.0059063743832604
2021-08-09,AXON,-0.023492902325836097,-0.01968748555432836,-0.0033220250890127327,-0.001142982385377453,12.378768860323028,0.0030533823203588
2021-08-10,AXON,-0.00020858425304299372,-0.012178556699808808,-0.0320946061292801,-0.045626810588407105,12.793306379816553,0.0046218214508419
2021-08-11,AXON,-0.04538595695547622,-0.033399986587470544,-0.015666150033275806,0.004668343296778358,12.413090879946887,0.0031600002137496
2021-08-12,AXON,0.0013631037342131042,0.010191001477527786,0.006626180833604659,0.009700982013069034,12.4155269248542,0.0031677075313441
2021-08-13,AXON,0.01664274559697885,0.005109963212773917,0.016213479935961343,-0.007050797914766502,12.017336559562407,0.0021272196560851
2021-08-16,AXON,-0.0173513542735514,-0.0052167209925432076,-0.013739948596112737,0.005923901695792258,12.513928599884025,0.0034952685291108
2021-08-17,AXON,0.0022330755808824968,-0.014731396696560577,-0.006941381607004005,-0.01509405987222927,12.069685751267224,0.0022415448670703
2021-08-18,AXON,-0.001578925461756303,0.002001976224199391,-0.0010509276297346764,-0.004041900996321724,12.055836792757997,0.0022107155966923
2021-08-19,AXON,-0.008152174709935857,-0.0036824078343693652,-0.002271552394807667,-0.006534369160881685,12.031129798974042,0.0021567643735307
2021-08-20,AXON,-0.00269552383612557,0.014007290792342723,0.005200290929116896,0.028833258263669986,12.187404474495082,0.0025215774063375
2021-08-23,AXON,0.031022018060692772,0.014235913976160584,0.02775238582230684,-0.0005354219218244262,12.311337656627584,0.0028542766158339
2021-08-24,AXON,0.0002136295671441107,-0.008474659182509697,-0.008136886977443362,-0.004992857545868279,12.438378098156768,0.0032409270484919
2021-08-25,AXON,-0.005353331755042131,-0.0006384756821595332,-0.0029260846452827433,0.0032240267026086007,13.241924387083285,0.0072384557741784
2021-08-26,AXON,0.004979490806320911,0.004195960370666673,-0.003206765994663091,-0.006728595112934361,12.952288917815846,0.0054182442689414
2021-08-27,AXON,-0.006483567012671801,0.00438957700402469,0.012228236510489945,0.009995787592616868,12.683551391346773,0.0041413986541173
2021-08-30,AXON,0.009842790033268935,0.019440417884567716,-0.00048409854624193767,0.03069874856002773,12.967814951820046,0.005503024762481
2021-08-31,AXON,0.029115299109734684,0.004028716656279496,-0.02313217132193614,-0.058568691255909085,13.213849892675416,0.0070380655167211
2021-09-01,AXON,-0.06201514894972751,-0.04928772052082646,-0.0021497645612458044,-0.001210394224314815,13.179312547132033,0.0067991386712913
2021-09-02,AXON,-0.0008805925984381727,0.001298801481213042,-0.000883314966611919,0.006693766118743634,12.390063641368315,0.0030880652495341
2021-09-03,AXON,0.0020901216998865007,0.0032934759532126157,-0.0022670307560962656,0.010985559155563214,12.228328144428588,0.0026269107467959
2021-09-07,AXON,0.01239540945584736,0.0025302223848359656,0.005189954597559256,-0.012079814076347723,12.547535977316382,0.0036147319518257
2021-09-08,AXON,-0.013219891536183085,-0.012171193622045669,-0.007906013126485908,-0.0006023635241599929,12.33885813503812,0.0029339188976439
2021-09-09,AXON,0.006249331562066279,0.018068020183557854,0.004375367866243402,-0.007753489092665724,12.732577702014082,0.0043494962291691
2021-09-10,AXON,0.001583494926396055,-0.020574733438353483,-0.011952853337141632,-0.007424659382081348,12.6897356838327,0.0041670897127657
2021-09-13,AXON,-0.01805818059471142,-0.015228884015907811,-0.020739296641763598,-0.019997282573468146,12.563750586299374,0.003673821386717
2021-09-14,AXON,-0.024520408671708235,-0.00622394416038704,0.0029078590528553985,0.005714108628569262,12.456056744871358,0.0032987319304508
2021-09-15,AXON,0.0021043381779894295,-0.003797785431418776,-0.01705419439852242,0.003210497731280058,12.650761671914688,0.0040078051491458
2021-09-16,AXON,0.010287267655735557,0.00935675245886777,0.029445800232247535,0.009569938881487721,12.52779738470044,0.0035440815405427
2021-09-17,AXON,-0.006148290881889094,-0.011653628351121518,-0.04332522143979481,-0.0406966163885978,14.113391197782724,0.0173029279996777
2021-09-20,AXON,-0.03941085051944052,-0.025447218838840345,-0.009025271906449401,0.0032433571042378667,13.004032441678111,0.0057059841258031
2021-09-21,AXON,0.02303895880567799,0.0166594340242239,0.02983031075059267,0.009839208656358985,12.53105411543589,0.0035556425169345
2021-09-22,AXON,0.008761179683811985,-0.0037413095531388745,-0.00195737738869966,0.0020020376178000927,12.337982098521458,0.0029313497917791
2021-09-23,AXON,0.0024485844298386054,0.008482774298135314,0.0036239498856859708,0.009837146103116636,12.176133921127343,0.0024933172418243
2021-09-24,AXON,-0.001251998906854593,0.01647574027145792,0.00829119270980953,0.01694387657452525,12.360084744326953,0.0029968619913324
2021-09-27,AXON,0.018561325734388966,-0.00444126119440086,0.011718507701397329,-0.004069441292533204,12.42440865913169,0.0031959676958573
2021-09-28,AXON,-0.005717763305228657,-0.007539567381236659,-0.027559936686082347,-0.008020053263265619,13.497645528526895,0.0093476916892097
2021-09-29,AXON,0.0047670702052010905,0.010151194627689443,0.010474267278677288,-0.01389185143621414,12.580050526513531,0.0037341953745406
2021-09-30,AXON,-0.013802630248743114,-0.0061229850933647075,0.00045791215655562403,-0.0006853730901857399,12.801609753558902,0.0046603580388144
2021-10-01,AXON,0.0009072560247829756,0.0012276169861634928,-0.0069482994362982204,0.021199809807244896,12.528522019787818,0.0035466506464075
2021-10-04,AXON,0.00632767714230809,-0.009863393915562343,-0.05276832379423746,-0.07357029926424068,13.183272194127683,0.0068261142828721
2021-10-05,AXON,-0.0616142181058892,-0.04351012916581907,0.00018221386935227482,-0.004888790076300755,12.850294777824237,0.0048928621195822
2021-10-06,AXON,-0.01746214841676704,-0.01786447377075354,-0.017151953669543727,0.004467290775844215,12.464201028227341,0.0033257075420315
2021-10-07,AXON,0.016503296142240814,0.019392684913016524,0.02862556487986916,0.01743534798916677,12.080515091473,0.0022659513727863
2021-10-08,AXON,0.0152321194689509,-0.002410917651192194,-0.013479792209915737,-0.02632914281524113,11.974777207691876,0.0020385855037482
2021-10-11,AXON,-0.030395333646883824,0.008500692604023617,-0.009539101369743746,0.01776885732969017,12.277932735946903,0.0027605042517674
2021-10-12,AXON,0.0237597836767902,0.009990796300323014,0.03168729001985674,0.023191626030014383,11.859355104555387,0.0018163578464398
2021-10-13,AXON,0.028652902118808,0.02483069924285068,0.0271286391017703,0.02982552709965636,12.299567542341206,0.0028208782395911
2021-10-14,AXON,0.030715696240412177,0.018102095126432228,0.029004099481925148,0.013552878349962048,12.315379862705514,0.0028658375922257
2021-10-15,AXON,0.006977616130843794,-0.0005538663459479302,0.0001688027458924086,-0.006106954207742382,12.293171935322027,0.0028028944985372
2021-10-18,AXON,-0.014004261697461405,0.012661201295095924,-0.008021725287414596,0.020910530069528654,12.180247016318816,0.0025035936652837
2021-10-19,AXON,0.03197604903533004,0.016546356649015218,0.02669513723418038,0.01945728501610788,12.596765851000393,0.0037971384682292
2021-10-20,AXON,0.01819118230666311,0.008305044301091951,-0.01222371541629723,-0.03414913013404119,12.612540583969206,0.0038575124560528
2021-10-21,AXON,-0.03861355529825356,-0.010621336873490376,0.0023451803681721448,0.03052624164360903,12.976646036795882,0.0055518377739129
2021-10-22,AXON,0.03301826835555289,0.003069260872474562,0.002228379175511464,-0.010619635307380552,12.52815976788113,0.0035453660934751
2021-10-25,AXON,-0.0026471773880896543,-0.0061478885748733674,-0.0004452957483204213,-0.01572658081424667,12.822611422769967,0.0047592686146106
2021-10-26,AXON,-0.014603616024863703,-0.00711165856918231,-0.0008911017772709418,0.0022221892282556443,12.672635988772473,0.0040964393014827
2021-10-27,AXON,-0.008655155298502276,-0.008260720301979519,-0.018957172105526072,-0.02188022152499275,12.424810506025395,0.0031972522487897
2021-10-28,AXON,-0.025969685875652626,-0.022723811460488692,-0.016779163453399137,-0.009460397967075975,12.653642125561102,0.0040193661255376
2021-10-29,AXON,-0.01010882134831069,0.014228182966258105,0.0035165665985534694,0.03000793253374778,12.744029856388185,0.0043995937935334
2021-11-01,AXON,0.03818030488043086,0.012059962939198386,0.029429744376859048,0.003937511370510057,12.793306379816553,0.0046218214508419
2021-11-02,AXON,0.0040252361372677525,-0.00241136982336641,0.002232608028896279,0.005134347125825974,12.581425564973435,0.0037393335862703
2021-11-03,AXON,0.0026379204676666413,0.017190237972406163,0.011860690978114425,0.018062740246854978,12.55072915656616,0.0036262929282175
2021-11-04,AXON,0.021179228368808038,0.012967699312622592,0.007957221079480454,-0.0020030342549419867,12.357079818283598,0.0029878701208055
2021-11-05,AXON,0.0,0.005150961701575215,-0.006966017300925254,-0.010349206889061085,12.770252288930184,0.0045164881103835
2021-11-08,AXON,-0.019534023422625505,-0.03333553535905119,-0.031478794547790824,-0.03334665962601912,13.00605650168756,0.0057175451021949
2021-11-09,AXON,-0.03184415829495488,-0.014062619394838197,-0.00398405154186637,-0.0014162302814308254,12.863595239117187,0.0049583743191355
2021-11-10,AXON,-0.01006293096724115,-0.015616096994357067,-0.034757380963322926,-0.03548616394263987,12.622480990736848,0.0038960490440254
2021-11-11,AXON,-0.022536455649458404,-0.03309075152113047,-0.006337988600128824,-0.007665149932405621,12.589976981711247,0.0037714474095808
2021-11-12,AXON,-0.009335688947563203,-0.004031453249136055,-0.0003565764958290551,0.00860452451207602,12.977339917490127,0.0055556914327101
2021-11-15,AXON,0.015859828877608662,0.016086785408005486,-0.005842366326184886,-0.017761404306505652,13.527963143112418,0.0096354315460714
2021-11-16,AXON,0.1927376229659354,0.18569565319994696,0.04403833420683379,0.060157125462786266,14.961388357044251,0.0404017588304279
2021-11-17,AXON,-0.14639181721158517,-0.14693592589432197,-0.013710710388802439,-0.02794749017917656,13.761688806563804,0.012172423587598
2021-11-18,AXON,-0.043852209777964724,0.0023801881026802585,-0.0023228460129161546,0.008867922454202168,13.205970800845366,0.0069828297406271
2021-11-19,AXON,0.012546885032301067,0.014054569223858768,0.01637677223617111,0.04215350277206121,13.62556118319494,0.0106232527511013
2021-11-22,AXON,0.04079453460599426,0.018419532636636246,0.024965986236033876,-0.0052904714970378975,13.400451070644639,0.0084819030127596
2021-11-23,AXON,-0.010099155340775814,-0.024489190923908825,-0.04986740134003941,-0.03732169618670301,13.374678860018665,0.0082660981201133
2021-11-24,AXON,-0.0328711008260658,-0.011307674395466096,0.016169805184448077,0.031113965750932143,12.943956548056168,0.0053732849163067
2021-11-26,AXON,0.01287103853063986,0.004648834132215247,0.006555888358710122,-0.014899752930979886,12.468825296104477,0.0033411221772206
2021-11-29,AXON,0.010526089308311566,-0.0024324321954709545,0.012248387675431443,0.014287975652285161,12.872108102308323,0.0050007645659053
2021-11-30,AXON,-0.004827134594881444,0.002266780028578901,-0.04552558541156917,-0.06291169767677161,13.387034210465275,0.0083688623547067
2021-12-01,AXON,-0.08768165898485557,-0.04778832856631225,-0.04020486335822962,-0.024104710925197472,13.129738117040487,0.0064702931205921
2021-12-02,AXON,0.010509055231232715,-0.04581141156118407,-0.023405654865299153,-0.03338479033288163,13.263169991311422,0.0073938866790011
2021-12-03,AXON,-0.02773162694928947,-0.029665490838265834,-0.05831438391299996,-0.051174384459317566,13.531821834802397,0.0096726835811116
2021-12-06,AXON,-0.06306071661461758,-0.05865875617907881,-0.023297832549801122,-0.021293748448023345,13.405285639912268,0.008523008706597
2021-12-07,AXON,0.0017954206945919177,0.031493957893941035,0.01940754784180707,0.03689032703679548,13.387954736887249,0.0083765696723012
2021-12-08,AXON,0.02149199768585116,-0.012920911632952807,0.005161416731618923,-0.01520039819778385,13.353000382533379,0.0080888298154395
2021-12-09,AXON,-0.00580391877909361,-0.001952537682027347,-0.0219685055009567,-0.03356695593360931,13.283122459278268,0.0075428948191616
2021-12-10,AXON,-0.03365348989405418,-0.03426330291499443,-0.04837679610515475,-0.034874361491607636,13.60503764401311,0.010407447858455
2021-12-13,AXON,-0.04263018665614059,-0.0261618121756118,-0.005250190030609593,-0.01826402763912778,13.24475975521467,0.0072590086210971
2021-12-14,AXON,0.00969384436315186,0.02945996901263495,0.01843305709085701,0.048073316694324755,13.662710132799422,0.0110253178189483
2021-12-15,AXON,0.01305657586854997,-0.007013268207307572,0.006280670065988087,0.012343714722795697,13.216947839393717,0.0070599029165722
2021-12-16,AXON,0.02190695176686997,0.005264582623803301,-0.006280670065988233,-0.03749787005205852,12.978264343429714,0.0055608296444398
2021-12-17,AXON,-0.04557545325182158,-0.015877632103568202,-0.011820891044141593,0.01964940679947998,13.67129486233777,0.0111203747359472
2021-12-20,AXON,0.03102430649511452,0.03975715520869043,0.03746958264844371,0.04010144177312568,13.622533633837332,0.0105911389277908
2021-12-21,AXON,0.031087096567950962,0.034370354837497986,0.027695489247285703,0.03798087141551427,13.54015355220296,0.0097536104158539
2021-12-22,AXON,0.036891589489172635,0.013123132005447753,0.030275309879419683,0.014633928891462592,13.091287484963173,0.0062262280634326
2021-12-23,AXON,0.023588507468366934,0.016843723183874428,0.032857063997323216,0.009576032104628306,12.690660037852133,0.0041709433715629
2021-12-27,AXON,0.003743024283289557,0.0019703677146402513,0.004338048243349542,0.0036063077819074294,12.849769569107353,0.0048902930137173
2021-12-28,AXON,0.002176899266794533,-0.009704358314376538,-0.03686958214004725,-0.046431340073963615,12.372861695074635,0.003035398579305
2021-12-29,AXON,-0.049023163967590315,-0.034437122021673365,-0.011983260860168638,0.005769679261230953,12.331387247601905,0.0029120814977928
2021-12-30,AXON,0.004622297207090526,0.013600373431783514,0.014128986958075507,0.008816933631444491,12.280256686219182,0.0027669270164295
2021-12-31,AXON,0.007828406271667521,-0.002730720814023149,0.0040189015006666,0.005941133864784726,13.063252234700363,0.0060540979704885
2022-01-03,AXON,0.009173544236818796,0.00158856268513774,-0.024425767458182514,-0.02665795027631234,13.002455335520661,0.0056969922552762
2022-01-04,AXON,-0.030077450030668047,-0.032916855062457756,-0.01146756454921823,-0.008936261956367838,13.652168937207652,0.0109097080550306
2022-01-05,AXON,-0.00879084137056976,-0.010487853019259679,-0.014998262206771404,-0.023506852083390657,14.268622955186679,0.0202085867328084
2022-01-06,AXON,-0.016061438428078337,0.005158733629968382,-0.006213557601569439,0.014423447047402721,13.541601204692864,0.0097677404981105
2022-01-07,AXON,0.011936829219564302,0.0019770868176098248,-0.008184100227201398,-0.033524941768793205,13.548938754204904,0.009839675462326
2022-01-10,AXON,-0.04353103323811231,-0.027702561349665703,-0.029361339433577213,0.015852686541844574,13.293625672041347,0.0076225371009716
2022-01-11,AXON,0.025571927715812424,0.016713415352983346,0.03692883632678541,0.015138043196808317,12.734642898012305,0.0043584880996961
2022-01-12,AXON,0.02241551781622347,0.010528232196534093,0.0034891733386576184,0.008444508446229468,13.119160252873913,0.006402211815174
2022-01-13,AXON,0.008064035204513976,0.004337755054679229,-0.020562345395723013,-0.050098741559228284,12.861780125991103,0.0049493824486086
2022-01-14,AXON,-0.07709000681743995,-0.06328006957542609,-0.05953161875587014,-0.046158723794984056,13.358227280903897,0.0081312200622093
2022-01-18,AXON,-0.025130065197497928,-0.0399112760599415,-0.023583304975036877,-0.03690511480833241,13.096842471874051,0.0062609109926079
2022-01-19,AXON,-0.035023621736574966,-0.015830332123140476,-0.009132460231791066,0.002644051425295899,13.090461893225035,0.0062210898517029
2022-01-20,AXON,0.009694650169657025,0.016193845279314365,0.021180844432961674,0.009535712328057987,12.883854887671184,0.0050598540007966
2022-01-21,AXON,-0.005549777789823282,-0.007954187292874075,-0.01690865643701989,-0.006447286484010924,13.356962660540322,0.00812094363875
2022-01-24,AXON,-0.022050724663432848,-0.004479212886889137,-0.05235158959303761,0.019587217862991665,13.650637094018627,0.0108930088669092
2022-01-25,AXON,0.022276304836282346,-0.0021365797616033793,0.0265182821985416,-0.05705855283835694,13.907178658898442,0.0140787001393071
2022-01-26,AXON,-0.02497083737234418,-0.004360821027089877,-0.00501208479055115,0.0009365107420968042,13.097047620699986,0.0062621955455403
2022-01-27,AXON,-0.00417156694286085,-0.031299603757465384,-0.0007068837266338874,0.009394777529722129,13.623261082066007,0.0105988462453853
2022-01-28,AXON,0.004171566942860887,0.03948821214727036,0.008059817440681944,0.050261178130628976,13.219491903015438,0.0070778866576261
2022-01-31,AXON,0.05270306180856515,0.03529650354993401,0.0582056938565295,0.02797273219599107,13.11312281460621,0.0063636752272014
2022-02-01,AXON,0.03809777712590975,0.021331101791374908,0.022106727493721636,0.028671054350399135,12.94729783197312,0.0053912686573606
2022-02-02,AXON,0.015715357144643484,0.0018034947589846057,0.015840511864097778,-0.01293050441614105,12.698635515785552,0.0042043417478058
2022-02-03,AXON,-0.03627011032896775,-0.02540673138571835,-0.027560208815455383,-0.015311764433437503,12.803812391556706,0.0046706344622738
2022-02-04,AXON,0.008942363608533082,0.02741437016968255,0.0010910154344282855,0.021203705434754222,12.6237989437515,0.0039011872557551
2022-02-07,AXON,0.018207995953083412,0.009156388065182926,0.03359375898088342,0.010227962937137406,12.975488497964328,0.0055454150092508
2022-02-08,AXON,0.0009086689223744693,0.014896731282140559,0.0008430768126978794,0.0060043321390546,12.666660207428574,0.0040720327957667
2022-02-09,AXON,0.027972872651218807,0.005118164029979421,0.023391628318860484,0.023260013188371037,12.56444964015848,0.0036763904925818
2022-02-10,AXON,-0.016855428212799384,-0.00390363837807076,-0.01757947772321948,-0.031204576248439232,13.190771277829066,0.0068774964001688
2022-02-11,AXON,0.0035867348454537065,-0.018993684100176895,-0.0345229296217689,-0.03235293988738798,12.929266373442346,0.0052949271874292
2022-02-14,AXON,-0.04247585839065212,-0.013701658531963723,-0.006162386692823779,0.006569093233865482,12.740813018453595,0.0043854637112768
2022-02-15,AXON,0.02090075712796061,0.00396365084982836,0.022222420999585095,0.019312734071071428,12.378768860323028,0.0030533823203588
2022-02-16,AXON,0.0009844553959388732,-0.005567577056000922,-0.009002059466910404,-0.012927857378060901,11.992885613168797,0.0020758375387883
2022-02-17,AXON,-0.0194456881038657,-0.026519251476605606,-0.050636199577319047,-0.06447724759260065,12.620831103049886,0.0038896262793633
2022-02-18,AXON,-0.04958236795460657,-0.04066074720548074,-0.03159779995489536,-0.03149082707881562,12.712290670597714,0.0042621466297647
2022-02-22,AXON,-0.03924174635053893,-0.025321566313901426,-0.019910150830396853,-0.013399871870092134,12.80957133861555,0.0046976100738546
2022-02-23,AXON,0.0035962753560538517,-0.009692458690617939,-0.03148971534103252,-0.034674417658454935,12.882584726875908,0.0050534312361345
2022-02-24,AXON,-0.07922364538653753,0.008313510001851201,-0.04068187760732715,0.06106645052773911,13.274742775151575,0.0074799517254731
2022-02-25,AXON,0.1349981113401111,0.04048770741538899,0.06619238260809489,0.03019644157691878,13.402266774251801,0.0084973176479486
2022-02-28,AXON,-0.009194144012313105,0.04533478750068674,0.06605670417026921,0.04454251828132306,13.393917592315308,0.0084266672366656
2022-03-01,AXON,0.032825833906709234,0.015982427297141028,0.03298293380840102,0.01324519239305067,13.170964952363363,0.0067426183422649
2022-03-02,AXON,0.024493944472590862,0.007174977774939808,0.0038309980326923275,0.017368731051517768,12.833082694522178,0.004809366178975
2022-03-03,AXON,0.026993967708598108,0.00712375984296689,0.0017300190817932726,-0.031327233786457305,12.631016799175821,0.0039294474202683
2022-03-04,AXON,-0.03866762167459974,-0.023060925436917772,-0.01949016602077324,-0.014517927999649797,12.737291898386962,0.0043700490760878
2022-03-07,AXON,-0.018531032100082535,-0.028552106473967002,-0.07897228753396524,-0.09088220673796847,13.442417282107405,0.008845431492634
2022-03-08,AXON,-0.09722587764208598,-0.08368474512041166,-0.02576013477906473,-0.008759400579672005,12.712592010659236,0.0042634311826971
2022-03-09,AXON,0.017110651956868648,0.03463578739860947,0.034464086427744844,0.0514412947886713,12.456056744871358,0.0032987319304508
2022-03-10,AXON,0.012798730802969328,-0.010242423607335077,-0.000236369059765489,-0.009925283940297182,12.604852121186608,0.0038279677386072
2022-03-11,AXON,0.029868839034478036,0.013181935074662254,-0.018451292220782976,-0.04447964883451663,12.522345819142096,0.0035248132465564
2022-03-14,AXON,-0.0686058699886865,-0.05308926290294207,-0.05612962737166176,-0.03560141240895577,12.872364939970355,0.0050020491188377
2022-03-15,AXON,-0.023158213272448425,-0.03521604916000212,0.006853667944120588,0.007288397686682414,12.670124221397808,0.0040861628780233
2022-03-16,AXON,0.020413871090243327,0.046187384539014956,0.035373365607363386,0.049269483501109816,12.768259411382008,0.0045074962398566
2022-03-17,AXON,0.0218259912983388,0.0329696275241368,0.016307753509762272,0.031242823343839453,12.70775963892501,0.0042428783357784
2022-03-18,AXON,0.04166627867752577,0.03873564012940242,0.05415997344598694,0.026670274076618743,13.852132705460715,0.0133246675679775
2022-03-21,AXON,0.013711169257628148,-0.010946775856458361,-0.005400330463084894,-0.003862474408022467,12.56758934921002,0.0036879514689736
2022-03-22,AXON,0.0050006703803951846,0.021919487265634523,0.01806344306148027,0.024262351225778127,12.619178488734292,0.0038832035147012
2022-03-23,AXON,0.019098735096545087,-0.00739876441424219,0.0026181419743338753,-0.020918894023336264,12.794417487955563,0.0046269596625715
2022-03-24,AXON,-0.007036653763130489,0.010789707638149208,0.0014184052156630972,0.024399397437874507,12.6459424009624,0.0039885368551595
2022-03-25,AXON,0.024055501438185703,0.003020485451903473,-0.014123928531854527,-0.04032440824140408,12.593716562001331,0.0037855774918374
2022-03-28,AXON,-0.051119363441318795,-0.0261171970681856,-0.00614730856540923,0.01807366704164103,12.6410997921206,0.0039692685611732
2022-03-29,AXON,0.028974575122111233,0.0337713518104186,0.03625621139928752,0.028312761629365545,13.053872522742985,0.0059975776414621
2022-03-30,AXON,0.018908212249093614,-0.0073669021176808736,-0.006999050214904764,7.190551201667756e-05,13.001327306361068,0.0056905694906141
2022-03-31,AXON,0.0013678591317890971,0.004726812775817115,0.014605268854735646,-0.00917871722200614,13.105829442109052,0.0063174313216343
2022-04-01,AXON,-0.00946913394323035,0.00028570713991828785,0.0008738994025033699,0.011406432284458515,13.44357838360055,0.0088557079160934
2022-04-04,AXON,0.01813654742994525,0.017699577099400857,0.012802636316751704,0.004940774416160062,13.156380189103984,0.0066449923194011
2022-04-05,AXON,0.006823478308136383,-0.004642363761347106,-0.009241934224060323,-0.007672266167305672,13.058360179622305,0.0060245532530429
2022-04-06,AXON,-0.031737300320895896,-0.03647211134271105,-0.05778161780514186,-0.057475978574345866,12.7387605387783,0.0043764718407499
2022-04-07,AXON,-0.04969353629340825,-0.023601784781324898,7.692423154616665e-05,0.012274704574545964,12.566195139831894,0.0036828132572439
2022-04-08,AXON,0.01910469847418122,-0.004201467756998485,-0.01798922126945654,-0.038145860607606365,12.557085087723449,0.003649414881001
2022-04-11,AXON,-0.04818719300083622,-0.03831592911029809,-0.027685882877205126,-0.027120829263605893,12.860741437345885,0.0049442442368789
2022-04-12,AXON,-0.0031695868331057756,0.0006247702968916034,0.0005629021505386626,0.009838864582870031,12.861780125991103,0.0049493824486086
2022-04-13,AXON,-0.0029408497976212214,-0.004852060881691939,-0.0030595615741589657,-0.002869676095342474,13.02761523962479,0.0058421467366395
2022-04-14,AXON,-0.00183241678694309,-0.016053476306386684,-0.016095318600512238,-0.01649999556539332,12.562000810699038,0.0036673986220549
2022-04-18,AXON,-0.026340717569072174,-0.02355332149933071,-0.033497521400673406,-0.007249059466138786,12.652682895940725,0.0040155124667403
2022-04-19,AXON,-0.0007371009547121639,0.06286907006834652,0.03259569218007165,0.06081212442860041,12.84634897222022,0.0048735938255959
2022-04-20,AXON,0.05816839814396232,-0.008080409152893216,0.020378234320286924,-0.042104873230059896,13.097047620699986,0.0062621955455403
2022-04-21,AXON,-0.020303668311811962,-0.010642079002879024,-0.035085586898450455,-0.032535772507329724,12.910903801827052,0.0051985857174978
2022-04-22,AXON,-0.04361663207686716,-0.03609869473214706,-0.017888339601908082,-0.02203973153293934,12.916079401363943,0.0052255613290786
2022-04-25,AXON,-0.03539451396563523,-0.019045095710724585,-0.02028747286965751,0.02319943501142962,12.731099946396425,0.004343073464507
2022-04-26,AXON,0.020952049531443376,-0.010452207509836714,-0.02008979343947032,-0.06366138976603965,12.732872991266813,0.0043507807821015
2022-04-27,AXON,-0.04961820467045683,-0.03444226758888645,-0.008951134476492125,0.0026434331844217025,12.593716562001331,0.0037855774918374
2022-04-28,AXON,0.010139978897184994,0.003618494256224736,-0.008493230452191488,0.021071726111671688,13.364997350420879,0.0081864558383033
2022-04-29,AXON,0.0030393707235537915,0.020176930549396697,0.0035848894190059185,-0.03382431183740888,12.38380451915696,0.0030687969555478
2022-05-02,AXON,-0.026178615064641326,-0.016828574600649314,-0.00934755081664955,0.03554611475847171,12.586565185197317,0.0037586018802566
2022-05-03,AXON,0.03222978278901074,0.01277482901437546,0.02927646885984577,-0.012202164798534391,12.32696639345598,0.0028992359684686
2022-05-04,AXON,0.0012058519246564718,-0.012003685874010931,-0.04998791265820418,0.005989882427753348,12.792750362443366,0.004619252344977
2022-05-05,AXON,0.0050659445182957095,0.0004280979851192644,-0.11879766991380009,-0.1493586351824529,13.735277248794093,0.0118551390132907
2022-05-06,AXON,-0.18026818627802263,-0.16542881213235336,-0.015906536939644188,-0.03601416597383982,13.17950145770422,0.0068004232242237
2022-05-09,AXON,-0.0375154621913331,-0.05278293432212158,-0.08184642234101026,-0.0881579714886663,13.888761949071464,0.0138217895528234
2022-05-10,AXON,-0.01318421295550292,0.0009578664575355385,-0.016972078082549365,0.01770556213871229,13.416823924002916,0.0086219192823932
2022-05-11,AXON,-0.06140715076460675,-0.006189346796284821,-0.027146662101375615,-0.05857966703922514,13.699764072131805,0.0114415129690519
2022-05-12,AXON,-0.041702050253843055,-0.044432273882519115,-0.013127230951779915,0.0311558728945519,13.305852585561356,0.0077163094650381
2022-05-13,AXON,0.07786888246797903,0.11409578232318125,0.09123533633069643,0.12084207941325356,13.369693657273595,0.0082249924262759
2022-05-16,AXON,0.058767711849986574,-0.023128848413078967,0.028687108846761206,-0.02871206966915752,12.998388461562133,0.0056738703024926
2022-05-17,AXON,0.022389439920653006,0.02133010406017258,0.00973742265921239,0.014149222438759256,13.120764099240477,0.0064124882386333
2022-05-18,AXON,-0.027305443687089183,-0.021636745612131237,0.009221487847641308,-0.005698052641060769,13.049794835104816,0.0059731711357462
2022-05-19,AXON,0.007208878431202491,0.02153669924044,0.013414567161137954,0.023919446683639656,13.03833155712369,0.005905089830328
2022-05-20,AXON,0.050048510064326444,0.013314945777428264,0.007880610538309466,0.008283709161889277,12.930236303271222,0.0053000653991588
2022-05-23,AXON,-0.05307203240408385,-0.042649699247515015,-0.06408419654259354,-0.04801585406616516,13.172868261077815,0.0067554638715891
2022-05-24,AXON,-0.025700747193905114,-0.03789485746536635,-0.01007142636632018,-0.023279218438308626,12.675141462975478,0.004106715724942
2022-05-25,AXON,-0.02045635982149054,0.024726495926703337,0.01709438301545094,0.03168796103552689,12.733463308313716,0.0043533498879664
2022-05-26,AXON,0.048660033493520854,0.03688571088145948,0.048660033493520854,0.030714521634235187,12.66096580954966,0.0040489108429832
2022-05-27,AXON,0.03981744243939364,0.03411609721808517,0.025604173218427968,0.03979832957297627,12.614536585975857,0.0038652197736473
2022-05-31,AXON,0.0220745978448519,-0.0020436879507663877,0.00566915433631596,-0.011379326717182153,12.891442158294312,0.0050983905887691
2022-06-01,AXON,-0.003334281149464458,0.015082926889115849,-0.011676975745567308,-0.020029588395299548,12.523802478333899,0.0035299514582861
2022-06-02,AXON,-0.02536821452709662,0.010310371345032045,0.013593192798508083,0.05635847300284605,12.636233618255941,0.003950000267187
2022-06-03,AXON,0.03650439837409715,-0.00504641653278773,0.02379523287963036,-0.01940506905717902,12.749561955131963,0.0044240002992494
2022-06-06,AXON,0.010244581199975705,0.010539912267083647,-0.006514641772612013,-0.003984998609827648,12.837613003322215,0.0048312035788261
2022-06-07,AXON,-0.026107077019897618,-0.008442064497216106,-0.0011890879742660905,0.0134463877423142,12.14367050736717,0.0024136749600144
2022-06-08,AXON,0.026010898008013265,0.008347584394449993,0.018078664519194095,-0.011500512924998733,12.190964083849375,0.0025305692768645
2022-06-09,AXON,-0.012969561799675768,-0.024189704248771097,-0.026541884870653055,-0.01804674668908627,12.571760352229566,0.0037033661041626
2022-06-10,AXON,-0.04431897404635603,-0.0379711152667067,-0.049080185762402015,-0.045869835049420146,12.65651430601914,0.0040309271019293
2022-06-13,AXON,-0.06109570901234677,-0.06210219682661694,-0.06867785690234027,-0.07195035155512099,13.141775732475779,0.0065486508494697
2022-06-14,AXON,-0.025101345257216596,-0.03305727775181312,-0.030725990081752235,-0.025943203539721044,13.22672519452875,0.0071292687749228
2022-06-15,AXON,-0.010264490401530347,0.01807774859204692,0.023840691680939687,0.037786827791755025,13.383805678532665,0.0083418867431259
2022-06-16,AXON,-0.012412690260144842,-0.031321443559831616,-0.05231318173139223,-0.06547786689025732,13.345668515662664,0.0080297403805482
2022-06-17,AXON,-0.021925874000494977,-0.0010088435214346935,0.026498635488600573,0.028833095784450976,14.038254829576951,0.0160504888905696
2022-06-21,AXON,0.025439593273906953,0.010930326962963498,-0.023043566694021855,-0.036853901751929735,13.541864189226944,0.0097703096039754
2022-06-22,AXON,-0.05357076053313208,-0.025388940943266262,-0.01280764014466515,0.022483360821101896,13.080501258809191,0.0061594313109468
2022-06-23,AXON,0.037488337545086174,0.03905003097351248,0.039216075255817856,0.0526644963931654,13.068753718103274,0.0060874963467314
2022-06-24,AXON,0.05774590724601088,0.05533912167167141,0.0636113935916626,0.05482439976309886,13.596982588445401,0.0103239519178478
2022-06-27,AXON,0.04778706855842099,0.005575080859613483,0.018202908972400046,0.0065301837495045185,13.02033286667615,0.0057997564898697
2022-06-28,AXON,0.007832690935646694,0.01886758430215367,0.00945457055413972,-0.018666801019360604,12.82342080954183,0.0047631222734079
2022-06-29,AXON,-0.020431109007467523,-0.028280594481119446,-0.02494377365494363,0.006714244607822858,12.716201026278735,0.0042788458178861
2022-06-30,AXON,-0.013396163292363532,-0.008978039240353284,-0.017275761457385557,-0.02616537439886555,12.631670391834408,0.0039320165261331
2022-07-01,AXON,-0.004790013413235444,-0.008636174668427187,0.007690705607276083,0.0006438325061142761,12.53897064502647,0.0035839026814477
2022-07-05,AXON,-0.011698593049767501,0.012508728975833364,-0.017777761496782105,0.02562611752338246,12.782126864777657,0.0045704393335451
2022-07-06,AXON,0.03833593955306487,0.011011928594956885,0.02464911147529534,-0.017081844532069502,12.539687231525832,0.0035864717873125
2022-07-07,AXON,-0.023760602263957934,0.019439956302146028,0.02139979385489541,0.040332697815636476,12.512457475937662,0.0034901303173811
2022-07-08,AXON,0.020951500501507937,-0.007832848857527875,0.004776367164776352,-0.01078319102463084,12.276535769000125,0.0027566505929701
2022-07-11,AXON,0.004884836305466668,-0.015126092353609264,-0.019027818558201324,-0.033919308888450274,12.36777048802826,0.0030199839441159
2022-07-12,AXON,-0.020213290907794047,-0.007701931068734534,-0.012816513660111271,-0.012143557740192806,12.570371950022508,0.0036982278924329
2022-07-13,AXON,-0.03127097411349964,-0.01622113656434414,-0.01298291163169286,0.0008646043131291277,12.253914741377207,0.002694992052214
2022-07-14,AXON,-0.0050339248246385315,-0.02342178781118666,-0.018892769271429195,-0.014252512874981058,12.241444615610645,0.0026615936759712
2022-07-15,AXON,0.015134475507190112,0.032091748146441945,0.035912070101130907,0.036473294869173195,12.32696639345598,0.0028992359684686
2022-07-18,AXON,0.03221796671270276,0.028232298173321985,0.03224533183526272,0.0042172072646963835,12.732577702014082,0.0043494962291691
2022-07-19,AXON,0.011030263502646699,0.007544875500677306,0.011216635127419284,0.026781694063711944,12.598793556907369,0.0038048457858237
2022-07-20,AXON,0.020384885058614594,0.05464983115289897,0.01971469193825342,0.05819359465321998,12.656832928552909,0.0040322116548617
2022-07-21,AXON,0.04868391166988053,0.01574379059317228,0.054303951718918574,0.00952157077590306,12.33270970174018,0.00291593515659
2022-07-22,AXON,0.015334769270157358,-0.003984051714865625,-0.020341027822429955,-0.02275134126522488,12.131893132355916,0.0023854147955012
2022-07-25,AXON,-0.02914417031725437,-0.027071616611723626,-0.014629322075859522,-0.007075513063717575,12.437585079848033,0.0032383579426271
2022-07-26,AXON,-0.012117810898301386,-0.014855919135954113,-0.01912916367200815,-0.025570762135673525,12.482950310008736,0.0033886506357201
2022-07-27,AXON,-0.004569837926675345,0.03725932488785898,0.016820703161658217,0.054823147306810226,12.531415320564594,0.0035569270698669
2022-07-28,AXON,0.04010881159851159,0.03463023619490697,0.049211186782827966,0.03306470355638758,12.524530013005734,0.0035325205641509
2022-07-29,AXON,0.026338435511027485,0.024780293029137642,0.014906515595112593,0.020815975723295212,12.872364939970355,0.0050020491188377
2022-08-01,AXON,0.018919815254688763,0.010205992087630017,0.013014549930154084,0.007324030656316716,12.652362948153474,0.0040142279138079
2022-08-02,AXON,0.0022830018250837355,0.014677572818501858,0.01962018706553333,0.017946127962746826,12.500982286072535,0.0034503091764761
2022-08-03,AXON,0.042065399174330255,0.0261622395469864,0.035396415937312777,0.03187309186637862,12.33182825999709,0.0029133660507252
2022-08-04,AXON,0.023510169199468953,0.008853390071009009,0.0064940803815610555,-0.0006001603115076404,12.329621250524813,0.0029069432860631
2022-08-05,AXON,-0.01792837361610124,-0.004416864779234698,-0.001926287457266669,-0.0026621816522050174,12.462267920852137,0.0033192847773695
2022-08-08,AXON,0.024993751735790125,0.02637921242827962,0.014616584612701789,-0.0005160636403137527,12.663500657121004,0.0040591872664425
2022-08-09,AXON,-0.031625557202724607,-0.047977970848798124,-0.04198149308274191,-0.04047074557060554,12.848192285860488,0.0048825856961228
2022-08-10,AXON,0.04460400431159032,0.11894216225407855,0.07235000497511204,0.12173703585566518,13.596858156322341,0.0103226673649153
2022-08-11,AXON,0.05743280853531311,-0.01619464094583628,0.032641150083577625,-0.01574962590749061,12.761396378619057,0.0044766669694786
2022-08-12,AXON,-0.019881671165880813,0.01681232034416679,-0.001298353126551253,0.042516020587276826,13.075483487498648,0.0061286020405688
2022-08-15,AXON,0.027677950277120004,0.02402227158037002,0.03455637892520071,0.01859196386902584,12.684791313266565,0.004146536865847
2022-08-16,AXON,0.024562429367925877,0.0041357188733167505,0.012162865905446154,0.009881261532505244,12.707456838931174,0.004241593782846
2022-08-17,AXON,0.0029806236194249015,-0.006398868903975468,-0.00015491756878993369,-0.02016738838967167,12.429620115258357,0.0032126668839787
2022-08-18,AXON,0.0043404396143019155,-0.0017386223776525611,0.009564946728674703,0.01195242446862462,12.672635988772473,0.0040964393014827
2022-08-19,AXON,-0.006250076315934437,-0.00622292428083837,-0.005928710445209039,-0.010957364701919985,12.913125196739307,0.0052101466938895
2022-08-22,AXON,-0.02477096293638997,-0.012563359501112033,-0.025735774577082433,-0.019781185833129437,13.35553804838741,0.0081093826623582
2022-08-23,AXON,0.0041453173982280754,-0.0043263166060576,-0.0354054922560698,-0.050250561618736055,12.70594146211558,0.0042351710181839
2022-08-24,AXON,-0.05050485296058653,-0.030740234278377826,-0.00041052201115124917,0.012396151691353842,12.350610123384222,0.0029686018268192
2022-08-25,AXON,0.01926969472514767,0.019841780662434482,0.017099988779692977,0.034101506994007436,12.32474861573515,0.0028928132038065
2022-08-26,AXON,0.027951610746350625,-0.0004697814867838864,-0.014966962225301542,-0.04338420057183593,12.491255347155265,0.0034169108002333
2022-08-29,AXON,-0.05903035583693367,-0.04549880092825799,-0.028850099958584206,-0.01334117714912628,12.43996225063003,0.0032460652602216
2022-08-30,AXON,0.007860737851614936,0.017788735972933276,-0.013075418766096563,-0.02442116614680841,12.38756469170864,0.0030803579319396
2022-08-31,AXON,-0.02410759730889458,-0.0333159498436207,-0.011864005100011999,-0.008788817031553823,12.509508719465414,0.0034798538939218
2022-09-01,AXON,-0.028344623017192882,-0.03653410958930373,-0.03252173576001024,-0.014503019251764062,12.597780217902699,0.0038009921270264
2022-09-02,AXON,0.01397299571978795,0.00979388734627586,0.01322404781419858,0.0067596997443098075,13.252164571480753,0.0073129598442587
2022-09-06,AXON,-0.01128396093468883,0.007749632471028382,0.010175558519147618,0.016532136539008098,13.078831464369436,0.0061491548874875
2022-09-07,AXON,0.02023736150943131,0.05198444511271746,0.023290942768880326,0.04987783471043697,12.785773933914658,0.0045871385216666
2022-09-08,AXON,0.03626151307184555,0.0026541362223648935,0.03625498028194356,-0.008114951395404028,12.34496899599742,0.0029519026386978
2022-09-09,AXON,0.0074222112775957074,0.004967582843821226,0.011852813461356611,0.011825822656977923,12.346273621950562,0.002955756297495
2022-09-12,AXON,0.015561695537728602,0.0022353416183300344,-0.0035818567395129812,0.004899809769935721,12.713796463667077,0.0042685693944268
2022-09-13,AXON,-0.042410005855799196,-0.040523023536181375,-0.039253344248207325,-0.049944690687241375,12.588613659630019,0.0037663091978511
2022-09-14,AXON,-0.006868271181092805,-0.0017454111306357623,-0.01616040778396242,0.010807300742513957,12.659695972140415,0.0040437726312535
2022-09-15,AXON,0.010617469011843426,0.019605218533982876,0.021236547873678114,0.0013323012422181756,12.568285725643538,0.0036905205748384
2022-09-16,AXON,-0.018041198702781796,-0.02611499599847486,-0.02486354495089792,-0.015345585383117626,14.107060889047233,0.0171937410004221
2022-09-19,AXON,-0.0005081524522729775,0.0038442223930279552,0.0008648055195107257,-0.0032162301171495796,12.512825459868276,0.0034914148703135
2022-09-20,AXON,-0.011417044688758241,-0.016568237715546056,-0.01296295064481222,-0.007402737601127019,12.58485491185508,0.0037521791155945
2022-09-21,AXON,0.012771566011346023,0.021892261559370844,0.016758959107753473,-0.007716035377651892,13.021660885180273,0.0058074638074642
2022-09-22,AXON,-0.02570835738256614,-0.04522895270161983,-0.04617151614573282,-0.03717448742220293,13.075902598110167,0.0061311711464336
2022-09-23,AXON,-0.046189355978421213,-0.012578736937509511,-0.014350853489964954,0.013398028044500894,12.980802117227352,0.0055749597266964
2022-09-26,AXON,0.021761475493888797,0.009797096558315972,0.0063834301988137,-0.025078263542059366,12.835217161355857,0.0048196426024343
2022-09-27,AXON,-0.004725600921600212,-0.008391649801140835,-0.004920739902361244,0.023137361091872772,12.943717457174193,0.0053720003633743
2022-09-28,AXON,0.01815577511466607,0.018610846136234007,0.03456512200177667,0.021404779764728245,12.474957909680214,0.0033616750241393
2022-09-29,AXON,-0.0016689576483110864,-0.011787280197844825,-0.01771689208156444,-0.01331321589647467,12.82745794586311,0.0047823905673942
2022-09-30,AXON,0.0014933737594433085,0.03419507510912495,0.022997651402795867,0.013831687719019358,13.010763436956484,0.0057445207137757
2022-10-03,AXON,0.018869289214007396,-0.014426629838447969,-0.012187709450241727,0.001898854528293358,12.568285725643538,0.0036905205748384
2022-10-04,AXON,0.028532127418895926,0.03947053211784136,0.0579972794670788,0.04204566432983395,12.683241170498064,0.0041401141011849
2022-10-05,AXON,-0.0023468184857555704,0.020575738330098386,-0.005886860651721419,0.019162099481794145,13.23104018807215,0.0071600980453009
2022-10-06,AXON,0.03625676490878918,0.03604840552672313,0.041388653690821224,0.025228595349964113,13.06112819423324,0.0060412524411643
2022-10-07,AXON,0.0029898025858126863,-0.03347585256377244,-0.01582416759754745,-0.021504505207429508,12.90917263218775,0.0051895938469709
2022-10-10,AXON,0.001531784168945743,0.02802584704245765,-0.0008224912106427922,0.019287570233482657,13.244405773536606,0.0072564395152323
2022-10-11,AXON,0.013284475727803025,-0.002031842748848062,-0.011170514393145281,-0.03887205208386983,13.16829421951058,0.006724634601211
2022-10-12,AXON,-0.035934937530588844,-0.042998512028373674,-0.004252682160545935,-0.006365471351760206,12.503956254903999,0.0034605855999355
2022-10-13,AXON,-0.027909534858641217,-0.0033538911253637627,-0.03954498598868102,0.002815706521909972,12.808476950255674,0.0046924718621249
2022-10-14,AXON,0.03660671126439942,0.0076729004715729915,0.019967955998352133,-0.01223130654515585,12.90445857982582,0.0051651873412549
2022-10-17,AXON,-0.004257102343822149,0.022433047546107098,0.03795808436611898,0.043253579827813186,12.62116129842949,0.0038909108322957
2022-10-18,AXON,0.05117428026737961,0.03246404695164676,0.03490743216697857,0.02712808384334052,13.062827787377453,0.0060515288646237
2022-10-19,AXON,-0.0025755660012041865,-0.012625588391930356,-0.03581029767073831,-0.030179353915986064,13.323508324027982,0.0078537566288069
2022-10-20,AXON,-0.03798980913442374,0.0006234071320843734,0.011349371930727093,0.01801134237430949,12.754196944209095,0.0044445531461681
2022-10-21,AXON,0.02730459886521947,0.018599831739297298,0.007602773971941241,0.03102776322386908,12.77818431937951,0.0045524555924913
2022-10-24,AXON,0.03385948667210678,0.06232341098029722,0.04251260708033513,0.0541719131907224,13.604914210233325,0.0104061633055225
2022-10-25,AXON,0.05279637126224155,0.004516009687628682,0.03773457619053415,-0.005454757527781894,13.352841564394108,0.0080875452625071
2022-10-26,AXON,-0.0156954266793065,0.009396367781207615,0.004007489926768135,-0.0006565481898744456,13.182707489293296,0.0068222606240748
2022-10-27,AXON,0.014825896789828073,-0.003691119200685645,0.011121414498850476,0.02137115967660367,12.88714977521702,0.005076553188918
2022-10-28,AXON,0.01675034148822573,0.011032626940071632,0.015119876872889662,0.014748914711153837,12.827726509666084,0.0047836751203266
2022-10-31,AXON,0.013454344577858553,0.023082277623917638,0.014539190968417123,0.023443701777939314,13.229064793652997,0.0071459679630443
2022-11-01,AXON,0.034564856965981446,0.021620209555875708,0.03349139123006298,0.014674487165448757,13.356013144642928,0.0081132363211554
2022-11-02,AXON,-0.0038123646209860277,0.0065028973460144815,-0.004203178291805749,-0.01618829202297484,13.644011426885719,0.0108210739026937
2022-11-03,AXON,-0.027171694955764512,-0.007310292902793332,-0.01643033685701609,0.014900095989406266,13.586978766119895,0.0102211876832543
2022-11-04,AXON,0.04809582515005562,0.008445721795880837,0.008527247899685163,0.008511905583879093,13.191518102458952,0.0068826346118985
2022-11-07,AXON,-0.002809456214044975,-0.00354394431300905,0.012587533033569142,-0.0014809912917863434,13.225643530608007,0.0071215614573283
2022-11-08,AXON,-0.0019443721480566672,0.004811243828629881,-0.004684444076238036,0.010454441456767669,13.48533982509814,0.0092333664782244
2022-11-09,AXON,0.08365002928692492,0.1704072711703861,0.11025110517479068,0.1359284959130859,14.302863439795049,0.0209125217397738
2022-11-10,AXON,0.08855339734144503,0.0378943667357793,0.07904322621341421,0.06155530862054606,13.678201754182673,0.0111974479118924
2022-11-11,AXON,0.006588407845040373,0.021366875869273404,0.016997576368571077,0.0010391449437236295,13.64413012815157,0.0108223584556261
2022-11-14,AXON,0.013158821767922923,-0.018664171521388346,-0.002193411576378964,-0.011269135234226742,13.392086651661824,0.0084112526014765
2022-11-15,AXON,0.0010519167276208212,0.01574583957365757,0.01674987509925587,0.03834010161488884,13.494479884379755,0.009318146971764
2022-11-16,AXON,0.03474780355372124,0.016861124111081628,0.0006641673925641593,0.016253585106185683,13.377782038454312,0.0082917891787616
2022-11-17,AXON,0.01057932547293256,0.004431392141788979,0.029548586323041373,0.005741474744534903,13.198955832102303,0.0069340167291952
2022-11-18,AXON,0.024808687661635874,0.008340075599978269,-0.011943136783175717,-0.036679955472313626,13.657453424539794,0.0109675129369894
2022-11-21,AXON,-0.04829763166332291,-0.02544352885622929,-0.009998727288108961,0.009296870766516736,12.775358668518512,0.0045396100631671
2022-11-22,AXON,0.012642344015563876,-0.005199203916524428,0.010487877704645564,0.001923800174561859,12.923426954998698,0.0052640979170511
2022-11-23,AXON,0.008517064677922292,0.009792355997008817,0.014939760967846839,0.002346305370484722,12.930720915627177,0.0053026345050237
2022-11-25,AXON,-0.0068612270821801135,-0.008304108777462054,-0.005044836718650136,0.000905039962614382,12.491255347155265,0.0034169108002333
2022-11-28,AXON,-0.00197662869609947,0.0020692374689603686,-0.011961966381947593,-0.021406699859466624,12.807655372286902,0.0046886182033276
2022-11-29,AXON,-0.014977914668163856,-0.018509094833721325,-0.014092806351564813,-0.014677196426196311,12.967347990492302,0.0055004556566161
2022-11-30,AXON,-0.016087911640525903,-0.00032407829036144794,-0.0027096844939442925,0.015166346842733174,13.637102533303889,0.0107465698326135
2022-12-01,AXON,-0.01854019573921953,0.00962144841990243,-0.023588462042152366,0.008225622789769363,13.557647448084161,0.009925740508798
2022-12-02,AXON,0.02929420418983827,0.018759456934359642,0.029000508477323612,0.01752274513663066,13.01567086392003,0.0057727808782889
2022-12-05,AXON,0.017044450472602567,-0.011457651715911277,0.008882584303708757,-0.025857074984575817,12.955366200212811,0.0054349434570628
2022-12-06,AXON,-0.0522566828060114,-0.06250496136961754,-0.08246115347959007,-0.08255025516432145,13.874346286547253,0.013623968401231
2022-12-07,AXON,-0.03737724705381472,-0.02902077665376513,-0.002314606115353189,0.004299373472114533,13.96797495968057,0.0149611880038787
2022-12-08,AXON,0.008007261622586042,0.018222183914172414,0.009049828168764708,0.009067854012200626,13.192077855137523,0.0068864882706957
2022-12-09,AXON,-0.0009318793042059645,-0.013056316953230908,-0.008574588590084658,-0.01821868701595599,12.897220328426329,0.0051279353062148
2022-12-12,AXON,-0.007956053735147503,-0.008780370526501168,0.0003562588796607093,-0.00011864930406558041,12.885883795217529,0.0050701304242559
2022-12-13,AXON,0.02911505874044569,0.02463280608359659,0.004797294004438539,0.013082103251133417,13.298165394777488,0.0076572200301469
2022-12-14,AXON,-0.022150045823736746,0.0014235687976530585,0.00483324827784347,0.015741077784056912,12.929508944110434,0.0052962117403616
2022-12-15,AXON,0.004364913162225775,-0.016697198318088278,-0.0016478202844907473,-0.01427853326050162,12.88207621048691,0.0050508621302696
2022-12-16,AXON,-0.01444766027012211,-0.005046532335671949,-0.00887369795538531,-0.010105851292061669,13.472599033558158,0.0091164721613743
2022-12-19,AXON,-0.004546873747011653,-0.0031452558822211256,-0.009792873701359929,-0.0105072884673074,13.062615496138552,0.0060502443116913
2022-12-20,AXON,-0.010471357855864652,0.002621673889628101,-0.00024001252465950053,0.0224237150589048,13.269059483669357,0.0074375614787033
2022-12-21,AXON,0.031959921714839294,0.021754995284989635,0.031024439832190883,0.01935976636321589,13.122565357005076,0.0064240492150251
2022-12-22,AXON,5.789386112349578e-05,-0.014566109849227925,-0.036923780992218665,-0.04029267945794192,12.822071467411154,0.0047566995087458
2022-12-23,AXON,-0.026054768579201963,-0.010861120758951502,-0.0007852196271869723,0.006888319355648961,12.633302506993136,0.0039384392907952
2022-12-27,AXON,0.003146049493735791,0.007215149594382167,0.004401151028144815,-0.01628765990490884,12.581769029364706,0.0037406181392027
2022-12-28,AXON,-0.017095459308593512,-0.027448890485434183,-0.011982688480542575,-0.00694129164128334,12.578673594719154,0.003729057162811
2022-12-29,AXON,0.003730960970354041,0.0023213569307855156,0.005525065826270411,0.0029030848744085493,12.598793556907369,0.0038048457858237
2022-12-30,AXON,-0.015861879789452405,-0.008897913162551003,-0.016913877472547953,0.002111495765193472,12.74110588624638,0.0043867482642093
2023-01-03,AXON,0.0241760667892591,0.013169402993297415,0.013942614391925016,0.013825595510922767,12.99793556402925,0.0056713011966278
2023-01-04,AXON,0.0021420964946801597,0.012998310896159005,0.011952308018624614,0.0030859906607779,12.99020475638327,0.0056276263969256
2023-01-05,AXON,-0.00757740117342641,-0.0027502355551786194,-0.005596143553732838,-0.01805722614182621,13.193941437742497,0.0068993338000199
2023-01-06,AXON,-0.0029990425329874614,0.005026608224891867,0.0025311781619482155,0.03065822584342852,12.829068247847415,0.0047900978849887
2023-01-09,AXON,0.0324468103324804,0.04195935491520585,0.034431127934064325,0.037610307487073676,13.515352314074724,0.0095146835704241
2023-01-10,AXON,0.03322867329696654,0.012886960215257563,0.0288313341679691,0.010538832276205518,13.101141783851535,0.0062878866041887
2023-01-11,AXON,0.017287910204931187,0.011305122844456783,0.0058026626914374465,0.011642169841814447,13.365938377872649,0.0081941631558978
2023-01-12,AXON,0.003146519821940054,0.0076107674772990614,0.0055457119850686985,0.014500591661490553,13.160046370410225,0.006669398825117
2023-01-13,AXON,0.006865706717024448,0.026559935495238718,0.017279105104195874,0.021762783503328786,13.560490558240303,0.0099540006733112
2023-01-17,AXON,0.030298787320590364,-0.0025345653789154315,0.011681351912700253,-0.01964638392665743,13.274399251176234,0.0074773826196083
2023-01-18,AXON,-0.010570222966458043,-0.0020111406035106206,-0.014265268299435922,-0.011997727573713382,13.23408541560194,0.007181935445152
2023-01-19,AXON,-0.026153441057544496,-0.01742145570938264,-0.0007709642244849033,0.00977265046939568,13.248116346376765,0.0072834151268131
2023-01-20,AXON,0.02481083460178001,0.005376357036380496,0.00658906913965432,0.005202172288535643,13.279710656944145,0.0075172037605132
2023-01-23,AXON,0.006107703853250151,0.04354216779067213,0.017361530666554124,0.02101846320929923,14.194153136819125,0.0187583264721079
2023-01-24,AXON,0.004848836713746558,-0.025791814037538895,-0.007667000334348455,5.2974335319739035e-05,13.26698479771544,0.0074221468435143
2023-01-25,AXON,0.0011155814602785107,0.01744076600018577,-0.00249637467379282,0.016897006758199586,13.228525371792253,0.007142114304247
2023-01-26,AXON,0.029145332142362874,0.007991602935861932,0.014457086269069858,0.0007802614497778449,13.48478318795134,0.0092282282664947
2023-01-27,AXON,-0.008389538532966211,-0.005355006314193734,0.010654266491890099,-0.003750596760663297,13.688700526299876,0.0113156267816749
2023-01-30,AXON,-0.005318549507402181,0.02402620862822688,0.005442974707990251,-0.0007831148421024686,13.607995493152776,0.010438277128833
2023-01-31,AXON,0.002767113620712395,-0.01400893153569678,0.010745762084744467,0.02057449485644043,13.58004262246103,0.0101505372719713
2023-02-01,AXON,0.027562422050994555,0.01923721890522158,0.004733324688570571,0.014981347836826501,13.144909297253815,0.0065692036963884
2023-02-02,AXON,0.014301766136558204,0.02744777280141663,0.019017826717283522,0.000755770067224298,13.431759484542864,0.0087516591285675
2023-02-03,AXON,-0.019182834971095217,-0.012517665852248196,-0.003621470958368773,-0.0017643784906110128,13.042022792036304,0.0059269272301791
2023-02-06,AXON,0.005894943736739835,-0.008682117290124094,-0.005739459850395072,-0.011366669783295605,13.233011688000085,0.0071742281275575
2023-02-07,AXON,-0.01326147220396693,-0.029993438005939087,-0.14509527962796878,-0.03833717932424605,14.691188023532925,0.030835693142707
2023-02-08,AXON,-0.04178304788190066,-0.02700961502028247,0.09320134156942647,-0.019166504668903517,13.96565407697882,0.0149265050747034
2023-02-09,AXON,0.0011236616267728686,0.008666215951630949,-0.007007326733106183,-0.006453222954879913,13.6054078539634,0.0104113015172522
2023-02-10,AXON,-0.03244586020983272,-0.017887295867266426,-0.013610855748481438,0.004017843888773926,13.353794095101895,0.0080952525801016
2023-02-13,AXON,0.03180396912317135,0.013852368726884645,0.014754963707544849,0.030786458466187657,13.240859047965019,0.0072307484565839
2023-02-14,AXON,0.01444989624453349,0.020065132397762777,0.025640304139703363,0.01863562629255282,12.962431686352183,0.0054734800450353
2023-02-15,AXON,0.027005398708839015,0.02535643323268724,0.023497231618617644,0.025912069039841338,12.887908594631655,0.0050804068477153
2023-02-16,AXON,0.013056812314923304,0.008344406731211108,0.01543161090944542,-0.014884855506238364,12.912138519270698,0.0052050084821599
2023-02-17,AXON,-0.023014292789243777,-0.037568119950400346,-0.04917056129578297,-0.035248042248908325,13.637222057454483,0.0107478543855459
2023-02-21,AXON,-0.0209056183919922,-0.009238653951528952,0.006040402710505451,0.002691133024123002,13.17514746001471,0.0067708785067781
2023-02-22,AXON,0.011947218789831019,0.015983769158861145,0.0146544310117678,0.019929666619249452,13.03833155712369,0.005905089830328
2023-02-23,AXON,0.02270767345031939,0.008584222875218284,0.011020405407959493,0.007462129610907005,13.406038934481533,0.0085294314712591
2023-02-24,AXON,-0.01686522002900459,0.0009662206110506798,-0.005260068732168733,-0.007668738518992797,13.314306828283717,0.0077818216645915
2023-02-27,AXON,0.01127505066721408,0.01408150684100361,0.013588064994529971,0.007309814044405469,13.611557927284023,0.0104755291638731
2023-02-28,AXON,0.00041136276636093995,0.010668094225743684,0.0012354711191842986,0.027020447514400657,15.399692404097772,0.062625809114201
2023-03-01,AXON,0.07055447720801818,0.09293173346041694,0.042703285732517846,0.09856799248897317,14.588808594195704,0.0278349774925773
2023-03-02,AXON,0.029548543419938216,-0.007346949678659091,0.04506239205709794,-0.012518086994824328,13.865063288448951,0.013498082213854
2023-03-03,AXON,-0.011601906441114246,0.019428579000991437,0.0015069098881824198,0.012020357920869142,13.734843738907072,0.011850000801561
2023-03-06,AXON,0.023576419526561962,-0.0008485851313899303,0.016797664696254433,0.0019442862489620516,13.597604516916311,0.0103303746825098
2023-03-07,AXON,0.020605213177527306,0.0030337205062535362,0.0166112678884029,0.003877199709567249,13.487424459186917,0.0092526347722107
2023-03-08,AXON,0.017317244881647997,0.006703812042382463,0.003770083759160154,-0.001981815047975435,13.617914132089096,0.0105423259163589
2023-03-09,AXON,-0.02083503498082316,-0.01785761740000646,-0.012270663104333956,-0.017785743190323663,13.522750279891588,0.0095853339817071
2023-03-10,AXON,-0.013051253365952243,-0.016028670946768922,-0.023873686281492175,-0.022698179775570187,13.302016376764003,0.0076867647475925
2023-03-13,AXON,-0.04163862803564572,-0.017034468178944696,-0.027351995379170744,-0.009434032233358642,13.478779687900316,0.0091729924904007
2023-03-14,AXON,0.024557625079530722,0.006497117361303816,0.02452763793483829,0.018779894651596275,13.743908213333246,0.0119579032478841
2023-03-15,AXON,-0.010437533613569885,-0.012943049841508526,-0.023079397037017568,-0.017785097143973715,13.321543690070312,0.0078383419936179
2023-03-16,AXON,-0.010595077135722154,0.017281863331193765,0.008023672670340137,0.026952232720040332,12.991117371293484,0.0056327646086552
2023-03-17,AXON,0.023775952070358715,-0.0024901709429182763,0.009477867036809789,-0.01794979926280009,13.75533689694973,0.0120953504116529
2023-03-20,AXON,-0.005634373730206086,-0.00523115275736544,0.005012056125828123,0.0028113883603345944,13.457979533407359,0.0089841632093352
2023-03-21,AXON,0.020566928103113086,0.028551170721293814,0.025518220532571027,0.02750515587799776,13.323998880017616,0.0078576102876042
2023-03-22,AXON,0.0006859215743546289,-0.012482289791125145,-0.019874348281322354,-0.028488264427873063,12.954656898159907,0.0054310897982655
2023-03-23,AXON,-0.01589710669296242,-0.005863501734617466,-0.009092936597591413,0.010297631876376346,13.132711648870607,0.0064895614145784
2023-03-24,AXON,-0.008114606344721586,-0.0030829342482370375,0.005145580316798565,0.003978726526871626,12.598118111678868,0.0038022766799588
2023-03-27,AXON,0.024011713037684086,0.017406033379721464,0.015604130161141384,0.009237809633948928,13.059638676965648,0.0060322605706374
2023-03-28,AXON,-0.005179125152191444,-0.00823123646672219,-0.004367033381199168,-0.013772944944302458,13.012550743537489,0.005754797137235
2023-03-29,AXON,0.001102257370344221,0.00036525512305751555,0.004830518125721974,0.005688777476498598,13.635667128075857,0.0107311551974244
2023-03-30,AXON,0.00658801188387024,0.0014596182882879358,0.0019903849397009473,0.0040043094015396186,13.257944418064467,0.0073553500910285
2023-03-31,AXON,0.0015491702920525862,0.036562963984889445,0.009938901323462921,0.03231558613922707,14.159951672851193,0.0181276109822904
2023-04-03,AXON,0.01956690344755845,-0.00030762362602860204,0.01625831342232087,0.011233061929989558,13.193941437742497,0.0068993338000199
2023-04-04,AXON,0.01735016639072903,0.00661569802644851,-0.0035651047059664298,-0.019494830831419282,13.052372150583638,0.0059885857709352
2023-04-05,AXON,-0.029839653618280473,-0.02655023209412084,-0.034353739654079035,-0.02593893548296247,13.433812268177526,0.0087696428696213
2023-04-06,AXON,-0.019169902311346666,-0.014590207081398292,0.009175023049224811,0.011075689548981086,13.137647970600673,0.0065216752378889
2023-04-10,AXON,0.007666382148173694,0.013603167558912598,0.0085401839475827,0.01320269705642448,12.888161406533364,0.0050816914006477
2023-04-11,AXON,0.02702442882546329,0.016030292835739247,0.020879087796840636,0.006179446611199005,13.364840426382775,0.0081851712853709
2023-04-12,AXON,0.001512237690323684,0.0005299201497163958,-0.0028401005971236664,-0.008022781544679235,13.21912886137602,0.0070753175517613
2023-04-13,AXON,-0.0024028547051141696,-0.006289042222882195,-0.0032103821699445844,0.004893042064901939,13.645197805970914,0.0108339194320179
2023-04-14,AXON,-0.009444803092564472,-0.0016007144721111634,0.0027588746885089384,0.0026832720445370698,13.546978612394872,0.0098204071683397
2023-04-17,AXON,0.011847657797678532,0.01794933468358507,0.013993120194589672,0.0073863627693505195,13.092936626443631,0.006236504486892
2023-04-18,AXON,0.004257619965276673,-0.000830744851427311,0.0032015733810417243,0.008651527936143768,13.129340977236101,0.0064677240147273
2023-04-19,AXON,-0.0004869330444410637,-0.004823539669248161,-0.005564844633407396,-0.0052438151059020326,14.130978745871534,0.0176099361505257
2023-04-20,AXON,-0.006619181764707762,0.0022392251589839545,-0.0030851221410562635,-0.008296203956501692,13.284824005202593,0.0075557403484858
2023-04-21,AXON,0.0011136602675393377,-0.0032507067650146514,0.0,0.0024472327283418934,13.148422860279787,0.0065923256491719
2023-04-24,AXON,0.0002225968860090948,-0.002026104956733459,-0.004173277481813895,-0.002313598947644056,13.329216558220935,0.0078987159814416
2023-04-25,AXON,-0.003433307428813183,-0.010236944645931955,-0.00917043324498819,-0.01639194150329849,13.178745601197818,0.006795285012494
2023-04-26,AXON,-0.01752731073292168,-0.01562249269102006,-0.019522248364948973,-0.021603664591167415,13.138238695062618,0.0065255288966861
2023-04-27,AXON,-0.014836820996596469,-0.01614634185887431,-0.016470680656402267,-0.0026871857366953366,13.422913796385174,0.0086745859526224
2023-04-28,AXON,-0.013656151516278752,-0.014543350433078996,-0.023033265113036105,-0.022710102959363578,13.40060250526076,0.008483187565692
2023-05-01,AXON,-0.011713672400992386,0.009333972682861714,0.01234407236730935,0.02479559529238077,13.84137419195844,0.013182082192479
2023-05-02,AXON,0.024539101216142754,0.019362954296894653,0.01748762001415462,0.019348644544387596,13.987530063725435,0.0152566351783349
2023-05-03,AXON,0.019433180375781112,0.04160143153544342,0.028331854144574523,0.002992537499523874,16.692791503854515,0.2282123894205453
2023-05-04,AXON,-0.006040950515191701,-0.03374406233579886,-0.019076163694667633,-0.008091315269441825,13.822884304947552,0.0129405862411843
2023-05-05,AXON,-0.004749270367122329,-0.007902680348370475,-0.009302392662313561,0.003690113936885709,13.588109205064068,0.010232748659646
2023-05-08,AXON,0.006615426247416398,0.009430822717286005,0.026423485443183403,0.008828166666059727,13.437759347423624,0.0088043257987966
2023-05-09,AXON,0.00981929716794238,0.025496314945941845,0.008023089020155326,0.02237470980374672,13.942936726578312,0.0145912367593421
2023-05-10,AXON,0.0029225708176876014,-0.019005270222650555,-0.17295692459921536,-0.16313104132248263,15.130362890143806,0.0478393203091312
2023-05-11,AXON,-0.11850165167844921,-0.08961498001386721,0.055738063852013395,0.05976665980613614,14.412642860478403,0.0233390422291124
2023-05-12,AXON,0.03613654522494086,0.010921113602102513,0.016013196464719246,-0.015267501962242563,13.698303481411598,0.0114248137809304
2023-05-15,AXON,-0.02427829829006726,-0.008970800169420848,-0.008427825075462608,0.009729198480499489,13.56909965913671,0.0100400657197833
2023-05-16,AXON,0.01511989679034542,-0.0015111146317319676,0.013162389314782355,-0.011169407720019313,13.368756158669772,0.0082172851086813
2023-05-17,AXON,-0.006515682008267015,-0.010100168361489964,-0.022017602144514738,-0.01769964751774783,13.63002520163046,0.0106707812096008
2023-05-18,AXON,-0.0021812867932652184,-0.004593358495331109,0.013830249998843809,0.020131905200513497,13.944344308927736,0.0146117896062608
2023-05-19,AXON,0.0019832119725560105,0.00567689498815145,-0.016578588846584228,-0.024288610528483457,13.838446506572328,0.0131435456045065
2023-05-22,AXON,-0.021579416715206773,0.00024610829647717266,0.0002547343393565708,0.024536487848558074,13.66445624610482,0.0110445861129346
2023-05-23,AXON,0.012223762949894147,0.005056088123382694,-0.012046130008988925,-0.02993556146755117,13.573058032487124,0.0100798868606882
2023-05-24,AXON,-0.028346579858744933,-0.04118312326067065,-0.010940974419656047,-0.01538851029344153,13.449363754401043,0.0089070900333901
2023-05-25,AXON,-0.004794898037137142,-0.007528658048839349,-0.011378347459010753,0.005946751462785361,13.612538438478511,0.0104858055873325
2023-05-26,AXON,0.007773698625997686,0.015962751362564857,0.02345323198809303,0.005091112922701519,13.470483230689444,0.009097203867388
2023-05-30,AXON,0.005115100666770409,-0.0008097808994789922,-0.01155369168162151,-0.00922421981026907,13.483111415023354,0.0092128136313057
2023-05-31,AXON,-0.018174355461181457,-0.02092742650262444,-0.010476785530387323,-0.001295102080973509,15.000453742147002,0.0420113036547483
2023-06-01,AXON,-0.004582650775738135,0.01018585375599153,0.003207072115792994,-0.003999508078315425,14.091550877414605,0.0169291230963439
2023-06-02,AXON,0.009092625101569865,-0.0030243844948613604,0.0015734979539401958,0.005760417662536987,13.581812755974024,0.0101685210130251
2023-06-05,AXON,-0.0024857378481899627,-0.006489487816603235,-0.0031493954854108,-0.007218744896495653,13.452818978893543,0.0089379193037682
2023-06-06,AXON,-0.005094338165895027,0.012478058127095437,0.005086594063145387,0.015618067005978963,13.3161209595405,0.0077959517468481
2023-06-07,AXON,0.015513807495932366,0.019606437020270488,0.011545197135142713,0.015276801458116971,13.78164452289925,0.01241777319769
2023-06-08,AXON,0.008380219464023305,-0.0042122033275680485,0.0057229959173963245,-0.01599544727683941,13.112315061750808,0.0063585370154717
2023-06-09,AXON,-0.004999301298520123,-0.010101095986503933,-0.0021615972330273053,0.000410729179315637,12.961022577169068,0.0054657727274408
2023-06-12,AXON,0.0018393660516948657,0.00531581073896414,0.0020588259544181264,0.010365955458059253,13.212936902404731,0.007031642752059
2023-06-13,AXON,0.004837754601454355,0.0016648684543260565,0.0036438822460322243,-0.000965680422131366,13.396961730063138,0.0084523582953139
2023-06-14,AXON,-0.005195103116696676,0.0016621012737093543,-0.0010250997812399562,0.005830593712270123,13.78463992564979,0.0124550252327301
2023-06-15,AXON,0.005347485604786883,0.023229665166324836,0.009594872320010786,0.021406162923170345,13.504902345124338,0.0094157729946278
2023-06-16,AXON,0.03371021465751216,0.014400663300224378,0.015522949237662587,0.0013351678309260228,14.978724178297332,0.0411082629432581
2023-06-20,AXON,-0.010515264154532028,-0.004517569892345623,-0.003356363465092887,0.011839126485247884,13.934005340268907,0.0144614969131679
2023-06-21,AXON,0.020386283610552784,0.0012163972180988197,-0.010289056930343638,-0.03594635743255051,13.274571027914995,0.0074786671725407
2023-06-22,AXON,-0.042971936259301964,-0.03493328556176997,-0.014862776158517898,-0.003143515901070011,13.144518138225083,0.0065666345905235
2023-06-23,AXON,-0.011897920842743548,-0.01978248273152075,-0.0297157695107942,-0.042586064872829336,14.091702622368048,0.0169316922022087
2023-06-26,AXON,-0.030193889266587493,-0.023646694428156975,-0.009426688288746156,0.004863350182772271,13.674293707723761,0.0111537731121901
2023-06-27,AXON,0.011841931714924035,0.028974073785404942,0.022487124575656034,0.029871574314686164,13.026515252933715,0.0058357239719774
2023-06-28,AXON,0.02393554073012744,0.0034170537050901726,0.013201819941550442,-0.004051643065712299,13.153282419149058,0.0066244394724824
2023-06-29,AXON,-0.00465932796481555,0.004774503269883428,-0.0022745031689769555,0.006352183128523635,13.102774767204856,0.0062981630276481
2023-06-30,AXON,0.00883941934414219,-0.0023336389824423326,0.007167747188732373,-0.0036322163959704294,13.140598109528346,0.0065409435318752
2023-07-03,AXON,-0.011614673154591592,-0.01000471186931006,-0.024656594906515908,-0.002771329925426259,12.84634897222022,0.0048735938255959
2023-07-05,AXON,-0.005159703994331498,0.004402139793547238,0.013444044473977432,-0.004997569404020334,13.097457792136886,0.0062647646514052
2023-07-06,AXON,-0.004666574338344812,-0.014300649404414901,-0.022862595117115914,-0.025051610459761318,13.102366771295475,0.0062955939217832
2023-07-07,AXON,-0.014764704467762244,-0.011201794386591397,-0.007524268428669497,-0.003820450338559265,13.363584146783316,0.0081748948619115
2023-07-10,AXON,-0.0029581003336531905,0.02361090095934452,0.011556502740127064,0.03787024473140191,13.229603924694663,0.0071498216218415
2023-07-11,AXON,0.03288712658072804,0.007494114907424636,0.026181803098411525,0.0011254987596717155,13.176474597706633,0.006779870377305
2023-07-12,AXON,0.010287262281550372,0.0024349209728516297,-0.007247502395766184,0.0015327395153802341,12.968048350739535,0.0055043093154134
2023-07-13,AXON,-0.004366822380565613,0.0002533146881915701,0.005492229135358893,-0.009489471769816933,12.980802117227352,0.0055749597266964
2023-07-14,AXON,-0.019267429371360154,-0.017629915491364338,-0.013578050357689646,-0.009268159989145222,12.746362892345706,0.0044098702169928
2023-07-17,AXON,-0.0027533137357122015,0.015094031368072268,0.004598695813478885,0.020186051414112977,12.658742534767816,0.0040399189724563
2023-07-18,AXON,0.018299024059216018,-0.0013211776179940329,0.0007817271876106284,-0.020134063031084153,13.380721165113187,0.0083161956844776
2023-07-19,AXON,-0.01809091719281148,-0.014082215193396076,-0.022336651102480804,-0.014249291488230134,13.698078585677933,0.0114222446750656
2023-07-20,AXON,-0.014300607785250153,-0.020001688883071526,-0.024538146662674037,-0.029448535733594742,13.3374763699232,0.0079642281809949
2023-07-21,AXON,-0.024514546842131762,-0.025416314136473165,-0.019572270779364423,-0.022364139883404948,13.942672584172323,0.0145873831005449
2023-07-24,AXON,-0.029687514844300066,-0.02160244773739888,-0.013847460067726764,-0.009267099295569169,13.959958027830053,0.0148417245811638
2023-07-25,AXON,-0.015152638684275813,-0.0051416432596695025,-0.0060019293186492,0.009655954904022768,13.51602712255595,0.0095211063350862
2023-07-26,AXON,0.01414961447735197,0.001993469858025427,0.001305347828233082,5.551424477873581e-05,13.350774629986143,0.0080708460743856
2023-07-27,AXON,0.01042718738093032,0.02609887533214552,0.02332077029179674,0.011322039098461073,13.720431451460458,0.0116804398144817
2023-07-28,AXON,0.015765542321589974,0.0043558862700194285,0.011021216901098797,0.0030159486474945034,13.381647518543097,0.0083239030020721
2023-07-31,AXON,-0.005282236529717031,-0.0011275226931498177,0.0024084659708790822,0.017853220519913886,13.272335625445832,0.0074619679844192
2023-08-01,AXON,0.007072951597913616,-0.0005372963350453462,0.0019116309531571492,-0.014082401836938969,12.960552432520409,0.005463203621576
2023-08-02,AXON,-0.013701431684848466,-0.020306949771659217,-0.02962805453162438,-0.029391890032008386,13.232295228568505,0.0071690899158278
2023-08-03,AXON,-0.027470778692666797,-0.01932876715808099,-0.014379825192456685,-0.0051813482782226685,13.033971411476577,0.0058793987716796
2023-08-04,AXON,0.008326410897175807,0.022669134513933212,0.01701813377287177,0.021008675434597154,13.817709139312093,0.0128737894886986
2023-08-07,AXON,0.018924443952671132,-0.001860445614000165,0.002854954780087434,-0.006601429933781868,13.261779172921054,0.0073836102555417
2023-08-08,AXON,-0.014842943702566945,-0.013787236399231158,-0.018619377276027888,-0.0221731228591603,13.600460416472236,0.0103599193999555
2023-08-09,AXON,0.10025877480703156,0.14346357233015097,0.11245985627034592,0.1315662603776481,14.908574482889952,0.0383233521857747
2023-08-10,AXON,0.02831529224514895,0.005086615707081334,0.029387334099474766,0.01819307000272791,14.024799374149298,0.0158359685508557
2023-08-11,AXON,-0.0030959257039867467,0.014115874404713333,-0.00014826292216559283,0.03423953469808279,14.16581595936832,0.0182342288756811
2023-08-14,AXON,0.031060974296872216,-0.001133331079274319,0.018316738106016566,-0.02206623318311829,13.59511447888924,0.0103046836238615
2023-08-15,AXON,-0.014271890122888101,-0.020477522021805545,-0.01698316249048238,-0.017429064627556248,13.434690744253823,0.0087773501872158
2023-08-16,AXON,-0.02325743210902033,-0.025396934912505133,-0.021907607679881272,-0.011242493978318446,13.147253043749066,0.0065846183315774
2023-08-17,AXON,-0.007208746186335369,-0.00864432570074896,-0.016277047934775295,-0.02721221708091679,13.200251766198448,0.0069430085997222
2023-08-18,AXON,-0.03715517760081886,0.0014957526456935322,-0.010983197058641385,0.02381971398935466,13.501212056907551,0.0093810900654525
2023-08-21,AXON,0.03285495286561412,0.0017422344239801412,0.014413195927030543,-0.015918145875657406,12.977108677417966,0.0055544068797777
2023-08-22,AXON,-0.013622111457390259,-0.007638458725131554,0.0016851017983811718,0.01020470702360098,12.614204195520381,0.0038639352207149
2023-08-23,AXON,0.013070743749049108,0.005248321741279359,0.008332531658833468,0.006712424667749903,12.90719047589495,0.0051793174235115
2023-08-24,AXON,0.004951399221209541,0.01773891628957025,-0.009047069480437682,-0.021650607595441414,13.525159593854116,0.0096084559344906
2023-08-25,AXON,-0.023778825585666265,-0.02760849497796461,-0.01310501610480062,0.01227070587405009,12.929266373442346,0.0052949271874292
2023-08-28,AXON,0.0202302963998049,0.023584383550957287,0.03267132778178486,0.01142475743567124,12.98425237148331,0.0055942280206827
2023-08-29,AXON,0.0019007853176553579,0.014305102816665347,-0.002305722600842039,0.021831556281984674,12.619509230160354,0.0038844880676336
2023-08-30,AXON,0.02316668966296116,0.02536750932147974,0.027373197581458664,0.02863931386321373,13.20173078018776,0.0069532850231815
2023-08-31,AXON,0.034552366605498645,0.01728907816772151,0.033844597816606654,0.008537574638084258,13.667011709737965,0.0110728462774478
2023-09-01,AXON,0.007565650654888416,0.0009285772363417897,0.00249864008350287,0.01158077715028931,12.746362892345706,0.0044098702169928
2023-09-05,AXON,0.004157813041170893,-0.0026953027378780817,-0.020118201648318342,-0.014685510364102847,13.455545923207081,0.0089623258094841
2023-09-06,AXON,-0.008850234007040582,0.002509684588720187,0.01695850107510801,0.005872007477222589,12.70775963892501,0.0042428783357784
2023-09-07,AXON,0.003755710924818628,0.006338922866889565,-0.006064423948844661,0.01191930292049146,13.037243301685471,0.0058986670656659
2023-09-08,AXON,0.009002942095547771,0.0036830899105774386,0.01733688305716194,-0.006267823901088602,12.792472237780538,0.0046179677920446
2023-09-11,AXON,-0.004048283242807715,-0.012066444485334237,-0.01553266221058908,-0.007104513359845465,12.695575547241136,0.0041914962184816
2023-09-12,AXON,-0.017117743921706202,-0.008735697044496088,-0.0026124082690348904,-0.005927801419367299,12.836016413298626,0.0048234962612316
2023-09-13,AXON,0.0008060032591829262,-0.005835061874737572,-0.010566383924769926,-0.009815352270729202,12.844502254499021,0.004864601955069
2023-09-14,AXON,-0.004988740881505263,0.007616375042959573,0.006085766397204545,0.012548375593661811,12.895967041517792,0.0051215125415527
2023-09-15,AXON,0.0067880920863299474,-0.008607978485172528,-0.02109818443445005,-0.030093920661229786,13.61681690686134,0.0105307649399671
2023-09-18,AXON,-0.032600601331910964,-0.0023174519796972754,-0.009510820206435967,0.009507955334605744,13.116749649879743,0.0063867971799849
2023-09-19,AXON,0.012772383583415658,-0.018928946854123198,-0.008756958933956132,-0.0212639191422755,13.079040341218494,0.0061504394404199
2023-09-20,AXON,-0.009162142895946293,-0.004400869859991663,0.00964326099060871,-0.0022104733948394846,13.035281452471706,0.0058871060892741
2023-09-21,AXON,-0.021212979455504044,-0.02259734147441202,-0.03597586359804156,-0.0361509327988472,13.301849250779034,0.0076854801946601
2023-09-22,AXON,-0.020859713697187848,-0.02073806660116646,-0.0077334872537652526,-0.00362665042286121,12.819096490166213,0.0047425694264892
2023-09-25,AXON,-0.014994052732547183,-0.011300136251745486,-0.01033600933066206,-0.011218111033507857,12.830943661992771,0.0047990897555156
2023-09-26,AXON,-0.017213548562315984,-0.01625637208692048,-0.01771444532869992,-0.01896363384774992,13.005157425203253,0.0057124068904652
2023-09-27,AXON,0.0011009815830387135,0.018097525363899556,0.008267377250407762,0.026233708435007035,13.33392167811212,0.0079359680164817
2023-09-28,AXON,0.01332449575314152,0.004282861372433327,0.004760811742722297,0.007319705858057585,12.777619827590577,0.0045498864866264
2023-09-29,AXON,0.022747406054766956,0.025070972144936234,0.03073367749146793,0.014731851252639441,13.360278884161815,0.0081479192503307
2023-10-02,AXON,-0.0028850195034124835,-0.012180597813750622,-0.012887623285043249,-0.014374958271811721,12.968048350739535,0.0055043093154134
2023-10-03,AXON,-0.00967713537376961,-0.015386519344440656,-0.02192533789212712,-0.021071831040847942,12.493508437657445,0.0034246181178278
2023-10-04,AXON,-0.017345954637473137,-0.0059341471838622465,-0.004253940261994249,0.013189748531213385,12.722187257904775,0.0043045368765345
2023-10-05,AXON,0.014373108595683302,0.008430292197117327,0.014524805342035695,0.00767817037568557,12.614536585975857,0.0038652197736473
2023-10-06,AXON,-0.00871297999547444,0.024624329093904565,-0.0008302029644001178,0.01814049573501791,12.821801380360457,0.0047554149558134
2023-10-09,AXON,0.04594555942820729,0.04128059074832117,0.04248390708598645,0.04460851074991361,13.184400648021263,0.0068338216004666
2023-10-10,AXON,0.03785023922386642,0.029890765452083422,0.04199348123611839,0.03056118939804029,13.290418653016225,0.0075981305952556
2023-10-11,AXON,0.031129456189087593,0.02013710034288709,0.030029743539852105,0.02164162106434996,13.498744277300052,0.009357968112669
2023-10-12,AXON,0.018476668308354996,-0.00013599781677747062,-0.008414924702793649,-0.021084340451706752,12.959611479595074,0.0054580654098463
2023-10-13,AXON,-0.0185228035438394,-0.012769180288879245,0.0004200823346218042,9.279089154315725e-05,12.924402562452649,0.0052692361287808
2023-10-16,AXON,0.002627722338257994,0.011771828063038725,0.011138011671698025,0.021218810333376945,12.634606283893019,0.0039435775025249
2023-10-17,AXON,0.0061047252867559975,0.012799869523668423,0.0063028312967632755,0.011252023434718952,13.251461708515363,0.007307821632529
2023-10-18,AXON,0.0157540825761936,-0.0008064510777497226,0.006217734060116734,-0.013617938684992104,12.698024270690864,0.004201772641941
2023-10-19,AXON,-0.0141537251299229,-0.01918606469263286,-0.04069666555219509,-0.03344143261875113,12.80929785378815,0.0046963255209221
2023-10-20,AXON,-0.02756021794135777,-0.02756021794135777,-0.01656098113560898,-0.006853050213164695,12.777337462157007,0.004548601933694
2023-10-23,AXON,-0.013951171061193857,-0.001174784602602632,0.004093954440569606,-0.0037059897729120163,12.271396795480596,0.0027425205107135
2023-10-24,AXON,0.013340504068651287,0.011639750657158757,0.019797931963466617,0.015351851876265577,12.55638086482189,0.0036468457751362
2023-10-25,AXON,-0.0010343750895355883,-0.012110008136634093,-0.026646604154585713,-0.025927410329081073,12.535379989788607,0.0035710571521235
2023-10-26,AXON,-0.0224055359012627,-0.012115612097959153,-0.01124234977518635,-0.016002609813992215,12.864372137312683,0.0049622279779328
2023-10-27,AXON,-0.015465112664521576,-0.019860741996763263,-0.024926411474704032,-0.01880011357877837,12.954656898159907,0.0054310897982655
2023-10-30,AXON,-0.005339598584219112,-0.009614291535617995,0.0063025907766768715,0.004820011042265912,12.622480990736848,0.0038960490440254
2023-10-31,AXON,-0.006257511006048123,0.008302030279213642,-0.005249371103086085,0.013588952927321034,12.768259411382008,0.0045074962398566
2023-11-01,AXON,0.012915393497221948,0.012421354646706038,0.018179627628865623,0.012924037664704173,12.750722717999489,0.0044291385109791
2023-11-02,AXON,0.02324568071796589,0.020867260704420517,0.028483912535060833,0.01494930044009175,12.915095635873303,0.0052204231173489
2023-11-03,AXON,0.0104330482054369,0.03139582187750314,0.013966984489649427,0.03265632464623093,13.260037925295398,0.0073707647262175
2023-11-06,AXON,0.03440620418543622,0.00391283363212854,0.013402265226736688,-0.0017967772869696443,12.980110635562095,0.0055711060678992
2023-11-07,AXON,-0.011322351637222549,-0.00546398287376719,-0.000605335539551504,-0.0022621042261508763,13.719771386156037,0.0116727324968872
2023-11-08,AXON,0.03434709365060104,0.05632354938517344,0.020149656209963153,0.05926167798064133,14.287512813624984,0.020593952612534
2023-11-09,AXON,0.02520308351660992,-0.004541838065510979,-0.028615749359976184,-0.06236302136607029,13.606887324730767,0.0104267161524412
2023-11-10,AXON,-0.06305989954536996,-0.04731723432208624,0.011906862314863686,0.010331267503982448,13.629663995631956,0.0106669275508035
2023-11-13,AXON,0.00971395697163845,-0.0011370097870751247,0.005969859651492508,0.0032982220033657282,12.849769569107353,0.0048902930137173
2023-11-14,AXON,0.014057490110763614,0.017234060317174074,0.017290700934275358,0.013265677601854556,13.282270599361109,0.0075364720544995
2023-11-15,AXON,0.0028870436363286228,0.00806329130654215,0.0011784345378623743,-0.0022590711087753994,13.190023895035274,0.0068723581884391
2023-11-16,AXON,0.00022521360939309552,-0.006990421465352514,4.527010199796337e-05,0.0075702988145263375,12.683241170498064,0.0041401141011849
2023-11-17,AXON,0.012975546239125722,0.005080674997148531,0.006771117858826247,0.00322697141117492,13.035935829953063,0.0058909597480714
2023-11-20,AXON,-0.0025816886114361287,0.01061256539656157,0.008422256005745372,0.012186077026242904,12.569329381874445,0.0036943742336357
2023-11-21,AXON,0.007238546162923626,0.013326195213422622,0.008174900346556336,0.0096780491069625,12.920249641259614,0.0052473987289297
2023-11-22,AXON,0.010694786332195744,0.0018213153927759153,0.0034894502945900688,-0.006808886920029747,12.360084744326953,0.0029968619913324
2023-11-24,AXON,-0.0056632208280974015,-0.009139664372395169,0.001542115209508185,0.006808886920029712,11.528808656597766,0.0013051057793372
2023-11-27,AXON,0.0009681022569225954,0.005841580504659068,-0.0006165472949813916,-0.0011388783297357357,12.649799673963308,0.0040039514903485
2023-11-28,AXON,0.0045637840256251986,0.001390006837140066,-0.0022491993898834995,-0.004788781032030747,12.334470257826283,0.0029210733683197
2023-11-29,AXON,0.0018809267343128364,-0.0015638604542255047,-0.006067246415261484,-0.005343031246650529,12.42440865913169,0.0031959676958573
2023-11-30,AXON,-0.010631846653678218,0.001346790925778306,-0.0037383058635500283,0.017598569496830835,13.489504756615192,0.009271903066197
2023-12-01,AXON,0.015166379355133215,0.01495299092630895,0.010070418771010285,0.007109134915376079,13.652992804936396,0.0109186999255575
2023-12-04,AXON,-0.0011752194660326163,0.01097463814989287,0.012152755395320921,0.020394491862617298,13.174198425017098,0.006764455742116
2023-12-05,AXON,0.01906790901896406,-0.005897716817299461,-0.0013090853384402504,-0.019487785776260456,12.868505431408751,0.0049827808248515
2023-12-06,AXON,-0.005914408326064895,0.0028046440455555856,0.012194997704468268,0.0026720488270411545,12.495007682693725,0.0034297563295575
2023-12-07,AXON,0.002961576684890394,0.0013994100976172945,0.004089443924742809,0.01278699187619065,12.658106404454157,0.0040373498665914
2023-12-08,AXON,0.008874921957337644,0.00869166100527463,0.008768059633277035,0.00445190804105268,12.54895642705646,0.0036198701635554
2023-12-11,AXON,0.006689278967199193,0.0038575034321855525,0.0021269362965778403,0.010101920564274867,12.619178488734292,0.0038832035147012
2023-12-12,AXON,0.011537056360966032,0.01927238639769143,0.011575986639732364,0.013271135769862396,12.758235011311193,0.004462536887222
2023-12-13,AXON,0.00987842516461555,0.018263326897043127,0.010113752641913885,0.024856885970329885,12.903961068615336,0.0051626182353901
2023-12-14,AXON,0.032027467005671266,0.022438777378329035,0.03195917332341758,0.02019302274360016,13.42409775214882,0.0086848623760817
2023-12-15,AXON,0.011572790832506914,0.012104786244893246,0.007502974643033682,0.011235634448256699,13.611557927284023,0.0104755291638731
2023-12-18,AXON,0.0021723374480274514,-0.0031589345598826363,0.005143278416816283,-0.00113351698641949,12.826920601780714,0.0047798214615293
2023-12-19,AXON,0.016551275425014434,0.01681035869028459,0.012449007182318898,0.0008991057358477359,13.009644745976612,0.0057380979491136
2023-12-20,AXON,-0.0068924330813258106,-0.010424851967350122,-0.009867462419866984,-0.012384887239226556,13.23551526136861,0.0071922118686114
2023-12-21,AXON,0.003977715618847807,0.00011642551418485395,0.005498320404207783,0.015973307420275116,12.649157827477366,0.0040013823844837
2023-12-22,AXON,0.005279048737354373,0.011613494703478822,0.014179059967561055,0.008490571727466362,12.539329002463175,0.0035851872343801
2023-12-26,AXON,-0.0013946436414102815,-0.0056162304006861655,-0.001011750642768398,-0.003558086501058337,12.101273083619482,0.0023134798312857
2023-12-27,AXON,-0.0005041391587630758,0.0027736108868377128,0.0012062646713264693,0.003751048592263528,12.738466983201718,0.0043751872878175
2023-12-28,AXON,0.007111676741125812,-0.0002693469878246706,0.002912114352530383,-0.001893060818211193,12.460331069333806,0.0033128620127074
2023-12-29,AXON,-0.006374961862006465,-0.0016559519376540004,-0.005988773450682892,-0.0010059962707934164,12.708667489167874,0.0042467319945756
2024-01-02,AXON,-0.013776629274713119,-0.013347508501271043,-0.027081594376985856,-0.02627801139037789,13.185152243788332,0.0068389598121963
2024-01-03,AXON,-0.015245127392697828,-0.014835507347789907,-0.009098269254610247,-0.01683208988552751,12.715900771961074,0.0042775612649537
2024-01-04,AXON,-0.01281014413292691,-0.010681679554592293,-0.011879225602866576,-0.01015525858968419,13.110697596006878,0.0063482605920124
2024-01-05,AXON,-0.011912375206352788,-0.013961375261775362,-0.010821612151313154,-0.0029438871602835543,12.920494408743966,0.0052486832818621
2024-01-08,AXON,-0.0002045323744522614,0.02269854940070444,0.009429149004480686,0.029851733718902335,12.749561955131963,0.0044240002992494
2024-01-09,AXON,0.016351565665516536,-0.004817969980212183,0.015453128106059399,-0.010025825319809152,13.021882050234442,0.0058087483603966
2024-01-10,AXON,0.006018555364873447,0.0017148533216011011,0.0007664325110134364,-0.000321215089039155,13.06112819423324,0.0060412524411643
2024-01-11,AXON,-0.0006802784280795777,0.00298394856812043,-0.0035547173135282895,0.002085964396535185,12.858139985830508,0.0049313987075547
2024-01-12,AXON,0.0039950514953040125,0.00862310116339826,0.005327348666593385,0.004597929716808401,13.092112395661816,0.0062313662751623
2024-01-16,AXON,-0.002115384385276006,-0.009060192581365105,-0.005853505299172105,-0.004878453420378159,12.861520554956735,0.0049480978956762
2024-01-17,AXON,-0.012706257401359042,-0.0037030759511434957,0.0005261566325786298,0.004160145585557169,12.495756463152594,0.0034323254354223
2024-01-18,AXON,0.01581791581421465,0.01390483234406288,0.014183490507307906,0.014229096386361877,12.438774371606481,0.0032422116014243
2024-01-19,AXON,0.015493149288244362,0.01044910387289714,0.00485554264228331,0.010530749177287066,12.763402966631915,0.0044856588400055
2024-01-22,AXON,0.01223948019689451,0.023432814102714732,0.020824335026311855,0.011114433512048986,12.620500798605278,0.0038883417264309
2024-01-23,AXON,0.0121680503993362,-0.006371321908601719,-0.008748428087878924,-0.018070358500775742,12.437981667612153,0.0032396424955595
2024-01-24,AXON,-0.015194471023925904,-0.015194471023925904,-0.017809557829838604,-0.014894059084420957,12.819367308662605,0.0047438539794216
2024-01-25,AXON,-0.017878613136350245,-0.013339543884372904,0.0007983563590361355,0.0057943228671548325,12.342790829935483,0.0029454798740357
2024-01-26,AXON,-0.0007915029224384835,0.0005118403439040911,-0.0064847332278286755,-0.005316825382036514,12.456835254920371,0.0033013010363156
2024-01-29,AXON,-0.002338611483925946,0.0027907441468524342,0.0109434973578248,0.013317966971365582,12.547535977316382,0.0036147319518257
2024-01-30,AXON,0.008889298411117515,0.003800130729907992,0.006532712201880587,-0.00188610897820431,12.150036542839864,0.0024290895952034
2024-01-31,AXON,0.0027495085365500413,-0.0028193346536788577,-0.020009392622027968,-0.02062421343814956,13.107251770049071,0.0063264231921613
2024-02-01,AXON,-0.016970713572408893,-0.0034566963340772706,-0.005409611519360626,0.014509180827024652,13.160431503507352,0.0066719679309818
2024-02-02,AXON,0.008145482958782877,0.017474490112693655,0.016420513124276934,0.016834133314785147,12.799125972742269,0.0046487970624226
2024-02-05,AXON,0.012857252563956804,-0.0033308266722802517,0.004251658646832108,0.0018660775710214264,12.683241170498064,0.0041401141011849
2024-02-06,AXON,0.010376935172070906,0.007459664044970482,0.01331306791459595,0.007699302006030174,12.329179263520874,0.0029056587331307
2024-02-07,AXON,0.00655126491810078,0.04244572570469333,0.01375577667437796,0.022899329336258663,13.573312874161743,0.0100824559665531
2024-02-08,AXON,0.017741371014549298,-0.005365956715778436,0.020663405782853184,0.013209535056199234,12.631670391834408,0.0039320165261331
2024-02-09,AXON,0.02172459461305618,0.006988564364695585,0.014672772582732078,0.007333678359393471,12.419573858556635,0.0031805530606683
2024-02-12,AXON,-0.0010714272444637405,0.007890939977947185,-0.012708993006596718,-0.01588316420136104,13.08694550428033,0.0061992524518518
2024-02-13,AXON,-0.03479036880467086,-0.015696168782410026,-0.03599180744636249,-0.008509650087810837,12.840268335059427,0.0048440491081503
2024-02-14,AXON,0.02546893905123528,0.007915760216101471,0.03531248721497712,0.02387598342408211,12.636883811223605,0.0039525693730518
2024-02-15,AXON,0.015108104618970457,0.012303286927941628,0.011747859364006966,0.007174072633963477,12.458778882573533,0.0033077238009777
2024-02-16,AXON,-0.0002941156036852672,-0.0031711744059391626,0.00636029550063491,-0.011021401201193267,12.430818911810329,0.003216520542776
2024-02-20,AXON,-0.017204666799990827,-0.01749358672157446,-0.016749860503778784,-0.00781390240293871,12.5984558913214,0.0038035612328912
2024-02-21,AXON,-0.0013098787491314797,-0.003610318277845899,-0.018877903993178624,-0.014941101937294659,12.889172015485954,0.0050868296123774
2024-02-22,AXON,0.00205752979580027,0.015245420593136874,0.026951374302138974,0.0291835954518277,12.564798983919784,0.0036776750455142
2024-02-23,AXON,0.019576936536455113,0.005164576302870002,0.006003282068190416,-0.0033568972614585013,12.323860125621126,0.0028902440979417
2024-02-26,AXON,-0.002642110946616077,0.0020072920580248036,0.006780252714414711,0.003540970292447338,12.681999323836905,0.0041349758894552
2024-02-27,AXON,0.00498485751655831,-0.0023727179552646715,-0.020517748336696746,0.0008465468008110116,13.64318012327072,0.0108120820321668
2024-02-28,AXON,0.025948306885917222,0.15313729022999864,0.03583442540398977,0.12891289214982646,14.793348215613543,0.0341524088142117
2024-02-29,AXON,0.0967664747664769,-0.02495600613256062,0.08390658652613209,-0.006000783878975196,14.221975832405967,0.0192875622802643
2024-03-01,AXON,-0.0203201961127643,0.011030699336157662,0.010543687249666353,0.022136629727198553,13.701558798586932,0.0114620658159706
2024-03-04,AXON,0.042009408077542935,0.03480953439075554,0.04119256338419975,0.017757093257845444,13.740895842053003,0.0119219357657764
2024-03-05,AXON,0.010952494850431574,-0.01803472065057763,-0.009603065376365082,-0.015055872594882684,13.337798898030288,0.0079667972868597
2024-03-06,AXON,-0.014090293082859806,-0.005675679040332296,-0.005432445365487923,-0.000412668062742868,13.0557982707956,0.0060091386178539
2024-03-07,AXON,0.00028565277883561173,-3.147774581213959e-05,0.01188713795730202,0.0005078675257852672,12.80298697075161,0.0046667808034765
2024-03-08,AXON,9.519946304244118e-05,0.008673305349733365,-0.016474641830483527,-0.007453201427299893,12.976414636196449,0.0055505532209805
2024-03-11,AXON,-0.013385292223071612,-0.02289385031112274,0.0,-0.0059642832659164025,13.011434051331422,0.0057483743725729
2024-03-12,AXON,-0.0035116462668825497,-0.004571814984050694,-0.00946724645553933,0.0014141170604564874,12.900471542366335,0.0051446344943362
2024-03-13,AXON,0.005503599109268951,0.0015368722326450197,-0.004586943395510126,-0.014851025622722454,13.310337262981164,0.0077509923942134
2024-03-14,AXON,-0.013344532983983942,-0.005453916971300839,0.0007550380008953827,-0.0011415539420490308,12.965711906537503,0.0054914637860892
2024-03-15,AXON,-0.010627787866038102,-0.003706373955448068,-0.0018721609957262938,0.003973432948514704,14.265822191293953,0.020152066403782
2024-03-18,AXON,0.021208248322149962,0.007399061414661679,0.009553839955806335,0.0025970418836986117,13.030030959662605,0.0058562768188961
2024-03-19,AXON,-0.007268060456760395,0.002912433150430063,-0.0025431162420711086,0.011859988107176396,12.925620734808986,0.0052756588934429
2024-03-20,AXON,0.012884700212797019,0.005100282227753647,0.007480399742229609,0.006864521085274446,12.606863513043441,0.0038356750562017
2024-03-21,AXON,0.01306829392102586,0.014551289108618732,0.01928662996164889,0.005742667153640821,12.539329002463175,0.0035851872343801
2024-03-22,AXON,0.005104447993121708,-0.002949954938296003,-0.007305034448321826,0.0007274109996309443,12.84265212010087,0.004855610084542
2024-03-25,AXON,-0.005293995773757785,-0.002044939144364601,0.004790963897635802,-0.0026907884103278988,13.353159175453454,0.0080901143683719
2024-03-26,AXON,-0.0032596474177924084,0.009497160498198565,0.002895382691874007,0.011566329715564467,12.980341182582029,0.0055723906208316
2024-03-27,AXON,0.017502158408600046,0.0037675117512968375,-0.0018443895067666225,-0.011027553820484192,12.902965303025876,0.0051574800236604
2024-03-28,AXON,-0.01275861654895438,-0.015029834437035148,-0.0074119608735988465,-0.008782624008237027,12.787732244910313,0.0045961303921935
2024-04-01,AXON,-0.008331945028054748,-0.006964957529040819,-0.006079093216163253,-0.004837846089679518,12.669809806411457,0.0040848783250909
2024-04-02,AXON,-0.016001849290902054,-0.01488287489119849,-0.016787445564752545,-0.006476300015342254,12.737585799068283,0.0043713336290202
2024-04-03,AXON,-0.0037568578890884215,0.005017693349163325,0.011060700054863643,-0.0008407310641019647,12.750432653574146,0.0044278539580467
2024-04-04,AXON,0.0126712297864985,0.012530230779706074,-0.00513994990164108,-0.00737106436198168,12.515764466616417,0.0035016912937729
2024-04-05,AXON,-0.017126433316523842,-0.010703078729027225,-0.0001630470977796463,0.009955840576412798,12.121608929585332,0.0023610082897852
2024-04-08,AXON,0.014142385669220797,0.006225615666982762,0.008413089443065647,0.004218252908371378,12.565497305532237,0.0036802441513791
2024-04-09,AXON,-0.001929963301918353,-0.008823053531379322,-0.009359546284032457,0.00019276944050263588,12.631016799175821,0.0039294474202683
2024-04-10,AXON,-0.005747509515189762,0.028176209166914056,0.005178056622786083,0.022208022018998935,13.127949744558622,0.0064587321442004
2024-04-11,AXON,0.0336867793106325,0.02931570234164185,0.02419656857683404,0.01815255423087318,13.466096333944673,0.0090573827264831
2024-04-12,AXON,0.00885263792198425,-0.01949950870889111,-0.016463231092554716,-0.041839458544253055,13.214214855517126,0.007040634622586
2024-04-15,AXON,-0.015827660302304005,-0.019761163870516383,-0.028442624668674213,-0.024426408395162257,12.779594156325743,0.0045588783571533
2024-04-16,AXON,-0.04901093269556924,-0.04425404464403262,-0.02162149678427656,-0.009940110419389544,13.169821225863783,0.0067349110246704
2024-04-17,AXON,-0.002088287839509098,-0.0029373927052299205,0.005508368812755007,-0.0016329473256422662,13.31017152197762,0.007749707841281
2024-04-18,AXON,-0.004556254879159523,0.00316807834036041,0.0019190174998892995,-0.007465631074942448,13.294131104609715,0.0076263907597688
2024-04-19,AXON,-0.002737100190863634,-0.01320001565289307,-0.020216374406243257,-0.013464381722908023,13.22021759113566,0.0070830248693558
2024-04-22,AXON,-0.01454475672296194,-0.008886542209210166,0.00017155827744785515,0.000646915975959538,13.149007255768522,0.0065961793079692
2024-04-23,AXON,0.006254584265723038,0.01898464666683434,0.013464241602994378,0.02606977105658176,13.095405250473226,0.006251919122081
2024-04-24,AXON,0.024502760136803838,0.01817662177138403,0.023225735364825594,0.002814731403857262,13.17058385552395,0.0067400492364
2024-04-25,AXON,-0.010180952984286742,0.0023016185738831897,-0.014528314783748154,0.012585351724356583,12.631016799175821,0.0039294474202683
2024-04-26,AXON,0.01836912902246424,0.009795498445041167,0.02858760318339334,0.006477216806337421,12.613871694544752,0.0038626506677825
2024-04-29,AXON,0.005432530452934191,0.005499969878132158,0.0022156102630643422,0.016314865813259943,12.738466983201718,0.0043751872878175
2024-04-30,AXON,0.00991052380691864,0.003787589710790155,0.006326607746524491,0.0011484493862994917,13.298165394777488,0.0076572200301469
2024-05-01,AXON,0.0027907286258094274,0.003868235341413683,-0.00029120297734274147,-0.006685552791155246,13.44979631091769,0.0089109436921874
2024-05-02,AXON,0.00332590186681617,0.006906482720123863,0.0058706296878197365,0.01648876361071416,13.031784188791889,0.0058665532423554
2024-05-03,AXON,0.019037317482019332,0.00879242682297988,0.018197745213228363,0.005666591040635147,12.53897064502647,0.0035839026814477
2024-05-06,AXON,0.008608405126830464,0.025163568236016003,0.015107564443018402,0.02813607911445806,13.55894077302734,0.0099385860381222
2024-05-07,AXON,-0.028923576884788534,-0.036126873033285496,-0.05302048577541744,-0.046575255764669185,13.836979443339924,0.0131242773105202
2024-05-08,AXON,-0.000863551338050103,-0.003723435755979892,0.01520240723260216,-0.0027859114061311013,13.082376450784468,0.0061709922873386
2024-05-09,AXON,-0.006129684742488234,-0.008540419841942374,-0.005604832270769731,-0.008921837408490785,13.45769353352839,0.0089815941034704
2024-05-10,AXON,-0.004064421987989331,-0.012609836340003264,-0.01466180376623521,-0.018481567521772983,13.068753718103274,0.0060874963467314
2024-05-13,AXON,-0.01793740788784528,-0.014931807080701645,-0.010905912391641199,-0.010602033078136733,13.13587370059213,0.0065101142614971
2024-05-14,AXON,-0.016155852395911777,-0.020195269006784124,-0.03172825379061742,-0.012636610914614065,13.81381011302691,0.0128236919243342
2024-05-15,AXON,0.0007688440621107716,0.003305424348866222,0.007301445885623991,-0.008502546886686642,13.434251602680698,0.0087734965284186
2024-05-16,AXON,-0.019027576840544295,-0.01965862521380546,-0.015176585872567391,-0.012012703457905562,13.192264369758012,0.0068877728236282
2024-05-17,AXON,-0.003924563899292045,-0.005317339996783345,-0.005912486233063986,-0.005697212948835888,13.148812495216267,0.0065948947550367
2024-05-20,AXON,-0.0086886844596868,0.0009906524735197428,0.005253407731336697,0.011156722567785668,13.170202613394364,0.0067374801305352
2024-05-21,AXON,0.006703411756114711,-0.00307764025768746,-0.010920317446292687,-0.01406963619131877,13.402569071257888,0.0084998867538134
2024-05-22,AXON,-0.011682683387530628,-0.007942681487885468,-0.010438036218399633,-0.010753977631942427,13.787214987509381,0.0124871390560406
2024-05-23,AXON,-0.0121366172698561,-0.011841457127706213,-0.01036907727146977,-0.017279065346336497,13.6147410798455,0.010508927540116
2024-05-24,AXON,-0.015986719925988914,-0.0017131032765075821,-0.0006807805511150403,0.01994343069330957,12.925864191308163,0.0052769434463753
2024-05-28,AXON,0.019629230710704233,0.008432446152186484,0.018572026388741576,0.008957441860935824,13.165616334738697,0.0067066508601571
2024-05-29,AXON,-0.0029409597115736302,0.0006936583258926775,-0.0025716850423003804,-0.014011688775225696,13.063676501944174,0.0060566670763534
2024-05-30,AXON,-0.002598115238809015,-0.00779727649924368,-0.011494344580859494,-0.008693832665728277,12.737585799068283,0.0043713336290202
2024-05-31,AXON,-0.00967894189273698,-0.011104210104943397,-0.01825600152556198,-0.00021298387014790724,13.502306896082414,0.0093913664889119
2024-06-03,AXON,-0.0013142066372829925,0.0,0.0021779604658235135,-0.01121045149894265,12.902467048153223,0.0051549109177956
2024-06-04,AXON,-0.012950009289002553,-0.015849364999897288,-0.008265032362616302,-0.008328115042390267,12.896719202134523,0.0051253662003499
2024-06-05,AXON,0.0029840089715359413,0.013301949164848448,0.009859186628841735,0.021170320859191155,13.074644738946118,0.0061234638288391
2024-06-06,AXON,0.012734507672791835,0.004242130889079971,0.0024948125059689025,-0.010618725036564173,12.852130839097908,0.0049018539901091
2024-06-07,AXON,-0.00911524026445808,-0.0031091208491220404,0.004755311208722074,0.004824475071026668,12.710782606695746,0.0042557238651026
2024-06-10,AXON,0.001822494040082381,0.014787475260670544,0.006591213195787701,0.01731795869415575,12.952525968339533,0.0054195288218738
2024-06-11,AXON,0.018571129398123432,0.000871277529552921,0.011537019944690263,0.005625408726660816,12.917307748826223,0.0052319840937407
2024-06-12,AXON,0.016269080715994866,0.034848615796554655,0.01946833769684489,0.030301662876564852,13.210559219305022,0.0070149435639376
2024-06-13,AXON,0.01915939044870287,0.0018150942931342401,0.01166590299430819,-0.008009223979665556,12.857358228870192,0.0049275450487575
2024-06-14,AXON,-0.012321026998452134,-0.011551496433344086,-0.017463162547173054,-0.003926276083436014,12.90196854489889,0.0051523418119307
2024-06-17,AXON,0.0017450852390300368,0.010207340393800465,0.01025256248311254,0.016421155610421994,12.932415211822644,0.0053116263755506
2024-06-18,AXON,0.016848145259103744,0.011601023265416089,0.006354919171612077,-0.012358668189999386,12.800230637022887,0.0046539352741523
2024-06-20,AXON,-0.00969463470413985,-0.013553351789518098,-0.005700381576515265,-0.0012953820475095927,12.810937641967044,0.0047040328385166
2024-06-21,AXON,-0.004729213389060913,-0.012135285491198222,-0.026132245586212147,-0.006811783250289616,13.72142073322371,0.0116920007908735
2024-06-24,AXON,-0.004409162260163228,0.011528657179093613,0.026132245586212112,0.005309658083109095,13.466096333944673,0.0090573827264831
2024-06-25,AXON,0.004306848932847095,-0.0072068283557090804,0.0008605704246976713,-0.00023920633662577549,13.075064201159773,0.006126032934704
2024-06-26,AXON,-0.003930062898591259,-0.003980825300938298,-0.006697540802226843,0.0008539564175600976,12.766548063877478,0.0044997889222621
2024-06-27,AXON,0.002154931856597174,0.017170659679803624,0.007282247188688966,0.018504328941961627,12.99088929563524,0.0056314800557228
2024-06-28,AXON,0.02473673435229627,0.020433256182601903,0.009514425109228399,-0.013871586758967182,13.895615725225632,0.0139168464698224
2024-07-01,AXON,-0.011532924046143667,-0.026618553448009383,-0.02200610266379477,-0.017242689379016473,12.713495486391599,0.0042672848414943
2024-07-02,AXON,-0.02842139146088892,-0.010031233081156141,-0.002370552482999808,0.013633691592222752,12.758810549239202,0.0044651059930868
2024-07-03,AXON,0.019921620243341282,0.01259070696231846,0.021716266752089406,0.011462820730158925,12.074259775399616,0.0022518212905297
2024-07-05,AXON,0.00967929551827176,0.004597229937714688,0.00456615387659395,0.006118307709054102,12.069112524385531,0.0022402603141379
2024-07-08,AXON,0.009586402390375474,0.016074193951387497,0.01702293696887023,0.013647337584406753,12.826920601780714,0.0047798214615293
2024-07-09,AXON,0.015228573253689965,0.00924781071468281,-0.0027780692514972126,-0.013211730079915903,12.895465286619547,0.0051189434356878
2024-07-10,AXON,-0.01780047716416052,-0.02187954952608308,-0.018162316579554954,-0.017641556070216374,12.80957133861555,0.0046976100738546
2024-07-11,AXON,-0.017782557953784965,-0.015873353229101845,-0.010188597172416236,-0.007288952925676131,13.17742147601452,0.0067862931419671
2024-07-12,AXON,-0.00508566636633064,0.00668947712158987,0.00020685247830618748,0.005138581349757677,12.57625939252641,0.003720065292284
2024-07-15,AXON,0.008620004887729241,0.039352746704253955,0.010084127862947968,0.053164058441191375,13.372812320149546,0.0082506834849242
2024-07-16,AXON,0.05366182951134857,0.034678182063360034,0.059616354889923416,0.034362537933904806,13.456835042788141,0.0089738867858759
2024-07-17,AXON,0.03220683660741311,0.02018275522517595,0.013825968994746179,-0.005178818933689544,13.430731510339664,0.0087426672580405
2024-07-18,AXON,-0.010012637296885023,-0.021121243636610103,-0.03764274021831902,-0.038853183035712495,13.265599278590988,0.0074118704200549
2024-07-19,AXON,-0.03217892214957224,-0.028605610534148555,-0.0002635088234926009,0.009053662647882153,12.505439929198145,0.0034657238116652
2024-07-22,AXON,0.008311440742928711,0.020750110593839733,0.010451752106059602,0.02658462494089633,13.030030959662605,0.0058562768188961
2024-07-23,AXON,0.023867481406643486,0.024492501322428722,0.034280689128009995,0.008769297723657355,13.545145673721107,0.0098024234272858
2024-07-24,AXON,6.285655804452659e-05,-0.01857940342284246,-0.023904758132225312,-0.020359198179206926,13.019224835777257,0.0057933337252076
2024-07-25,AXON,-0.017669743894380478,-0.006417968739017301,-0.006537303318006768,-0.007372734563308516,12.84529412258351,0.0048684556138662
2024-07-26,AXON,0.005171418875870753,-0.00878098871813791,6.499847810740739e-05,-0.0007080824977663716,12.759673235525094,0.0044689596518841
2024-07-29,AXON,-0.005331515891682939,-0.005331515891682939,-0.001169528337182403,-0.005132425757570475,12.510246724155719,0.0034824229997866
2024-07-30,AXON,-0.007841169100100914,0.006286222194875016,-0.010357313717241476,-0.013947950721413905,12.766262554340948,0.0044985043693297
2024-07-31,AXON,-0.00800069469451917,-0.018654314635189333,-0.01816186623941757,-0.015577486191342554,13.403626391713884,0.0085088786243404
2024-08-01,AXON,-0.02466005997720758,-0.019108016091751362,-0.009780123595868785,-0.0012674435474613352,13.679348279019887,0.0112102934412165
2024-08-02,AXON,-0.019862608343053666,-0.02461338817667432,-0.030693497080304458,-0.024562526929447586,13.742080356072387,0.011936065848033
2024-08-05,AXON,-0.05041675228616633,-0.0122976305526234,-0.028686528249249534,-0.02143476175989895,13.436591465784137,0.0087940493753373
2024-08-06,AXON,0.03430667908016169,0.02354249492259333,0.0253725099763898,0.030424248591638677,13.883824132114357,0.0137537082474053
2024-08-07,AXON,0.13128286135338332,0.20850732645913705,0.12374806275914865,0.16878398064028236,15.041372341052544,0.043766002960432
2024-08-08,AXON,0.06140861073475444,0.010919853390614659,0.06023766017259621,0.05357279739835252,14.233431765754105,0.0195097899375727
2024-08-09,AXON,0.045595977277907436,-0.004391479911053526,0.0435438614594194,-0.009434780795963361,13.81300843025192,0.0128134155008749
2024-08-12,AXON,0.0022574144929220458,0.014980722265905105,0.0188302950977999,0.00826709968599579,13.209276582908629,0.0070059516934107
2024-08-13,AXON,-0.0001902036976225249,-0.013739398872742316,-0.0037213851411750844,0.0025508899623489533,13.154445207724281,0.0066321467900769
2024-08-14,AXON,0.0020900053146254947,0.0029888554099703397,0.003311555151523507,0.004327037297430523,12.89997204310395,0.0051420653884714
2024-08-15,AXON,-0.007211389745474726,0.016849707837375293,0.00043708489667210827,0.008384202705670904,13.11312281460621,0.0063636752272014
2024-08-16,AXON,0.02385626406818261,-0.0028063069226490836,0.01585078543550839,0.0,13.094583052733583,0.0062467809103513
2024-08-19,AXON,-0.0033122082009246446,-0.0020434688111860785,-0.002799637224559358,-0.0016604940048634321,12.971775343809814,0.0055248621623321
2024-08-20,AXON,0.0018711905903760085,-0.0018347473577670123,-0.0024830860535825935,-5.366303379032091e-05,12.753329518587048,0.0044406994873708
2024-08-21,AXON,-0.0037190572231280837,0.008375134572950667,0.0038031674659984873,0.005480247164259955,13.258991719526398,0.007363057408623
2024-08-22,AXON,0.007690304610443371,-0.00433786650185569,0.0026616591144927758,-0.00644569191507928,12.596427499917318,0.0037958539152967
2024-08-23,AXON,-0.0006652209400770584,-0.0031860168367385425,-0.008114700156186426,-0.0053538383581016565,13.048718990086243,0.0059667483710841
2024-08-26,AXON,-0.017669678830651594,-0.014490800180818296,-0.03114896337075705,-0.027928953087003886,13.250758351186132,0.0073026834207993
2024-08-27,AXON,-0.02363047291249957,-0.016814498017923757,-0.0006983728078731522,0.008122496062186168,12.563750586299374,0.003673821386717
2024-08-28,AXON,0.008122496062186168,0.010019367307915002,0.010397041899887783,-0.0027001186354446926,12.687266554396556,0.0041568132893063
2024-08-29,AXON,0.0016495924081669322,0.001980978621536722,0.0010503756952641647,-0.0012423556003296323,12.666029095483083,0.0040694636899019
2024-08-30,AXON,-0.002475368148707979,-0.00701906363510283,-0.001465279361472319,0.008170949942635949,13.02761523962479,0.0058421467366395
2024-09-03,AXON,-0.0049138757011450394,-0.008389350255692419,-0.019331328593466097,-0.027246759293127355,13.27919788112362,0.007513350101716
2024-09-04,AXON,-0.02701162663839054,-0.018029490736217093,-0.015635535207814282,0.0005348339736917611,13.431465885441517,0.0087490900227026
2024-09-05,AXON,0.005132935930796765,-0.001093902936102335,0.008814389505184456,-0.0013799322330225986,12.373284794623576,0.0030366831322374
2024-09-06,AXON,0.00814150450659533,0.0032500411552475613,-0.015454914168535727,-0.0006765243562468957,13.140401704139137,0.0065396589789427
2024-09-09,AXON,0.006125557739740541,0.03285299008052024,0.03374673514887429,0.027177982978419613,13.535665694205706,0.0097099356161517
2024-09-10,AXON,0.01736057228465659,-0.006680971620644985,-0.004191589609281687,-0.013927901938792975,12.690967966082654,0.0041722279244954
2024-09-11,AXON,-0.019565891312578024,-0.00680829115638999,-0.009001162679886375,0.006545901274318589,13.063676501944174,0.0060566670763534
2024-09-12,AXON,0.019538458654733196,0.054042728679915594,0.029758225115435463,0.061127059633778645,13.792140595286737,0.0125487975967967
2024-09-13,AXON,0.04841425139703544,0.0007015161703212771,0.030016667479065524,-0.012825450487267439,13.135084124533693,0.0065049760497674
2024-09-16,AXON,-0.005209694751593441,0.00399204337571488,0.011301102205370861,0.01609693715133913,13.081751777416258,0.0061671386285414
2024-09-17,AXON,0.007947568926606972,-0.001035341720268106,-0.009120926570821556,-0.008329646267832025,12.84529412258351,0.0048684556138662
2024-09-18,AXON,-0.001381050550151065,0.0037996057424807945,0.010514761731416135,0.0011494617937528799,12.90445857982582,0.0051651873412549
2024-09-19,AXON,0.01680711831638119,0.010113548335059761,0.006600828077950449,0.017418701081800932,13.042889341339771,0.0059320654419088
2024-09-20,AXON,-0.007541164975284618,0.005171126741259146,0.010466401556790088,0.009067449878522808,13.999997269118941,0.0154480335652653
2024-09-23,AXON,0.01848112668528664,0.009457703019179524,0.012682126325822645,0.001651344677212811,13.067064175335036,0.0060772199232721
2024-09-24,AXON,0.003291611279386793,-0.004110937209625612,-0.009329133007227298,-0.0007110177473923662,12.541118865873308,0.0035916099990422
2024-09-25,AXON,-0.00303800753360742,0.000277919755467459,0.009380124088976073,0.004056199031563925,13.189088880352877,0.006865935423777
2024-09-26,AXON,0.0046545738792313305,0.007400548596418614,-0.00012752150833340698,-0.005098258980739425,13.014557652435174,0.0057663581136268
2024-09-27,AXON,-0.005339459393582742,-0.007931238810389837,-0.009226828461251602,0.005300602952206773,12.900970792253764,0.005147203600201
2024-09-30,AXON,0.0034953681425866465,0.011910861327792769,0.015001355231712192,0.010717917157867568,13.21567337636179,0.0070509110460453
2024-10-01,AXON,0.010988694865328132,0.0011234718393058523,0.0028621868395866837,-0.0009514156080044645,13.526762584308253,0.0096238705696797
2024-10-02,AXON,0.0003250650349453842,0.01294051432155335,0.005448376900009774,0.01316383577323428,13.28448392755959,0.007553171242621
2024-10-03,AXON,0.010371067647202893,0.02219035045958308,0.01406311469625591,0.025722483276363367,13.739817792226786,0.0119090902364522
2024-10-04,AXON,0.03364581776957148,0.01724345710632674,0.025759195812740512,0.0161322736142892,13.324325783703259,0.007860179393469
2024-10-07,AXON,0.0071514011576250865,0.00684325768038845,0.007705711930780907,-0.0023023193541283284,13.43410517929135,0.0087722119754862
2024-10-08,AXON,0.007242115214804293,0.01921545955125013,0.008622252379277913,0.014531651129576138,13.576619919522388,0.010115854342796
2024-10-09,AXON,0.0008014434611258825,-0.0014313681539495332,0.00408212565930457,0.01198907283516669,13.062190778410184,0.0060476752058264
2024-10-10,AXON,0.01492112375719346,0.00011554641818780185,0.005032211702545686,-0.007852299115203189,13.110697596006878,0.0063482605920124
2024-10-11,AXON,-0.0013705388791874686,0.00837302563079305,0.010385606944787715,0.014402733677547198,12.720395148082574,0.00429682955894
2024-10-14,AXON,0.016026566195439917,0.009892556157045046,0.015436400733073546,0.006873194040227845,12.695269034768275,0.0041902116655492
2024-10-15,AXON,0.0019197288857726955,-0.006485194536626371,-0.02528011044266662,-0.00885228998732604,13.345828477016344,0.0080310249334807
2024-10-16,AXON,-0.010604514769893603,-0.006045115132463933,0.009213828747799432,-0.0006682609869980006,12.837613003322215,0.0048312035788261
2024-10-17,AXON,0.0060734858013978855,0.005725425086936292,0.009823264278821305,0.001497217669537481,12.892701125453003,0.0051048133534312
2024-10-18,AXON,0.006355902379841301,0.0020075858596725277,0.0029305317837490822,0.008183092232875968,12.3406079091076,0.0029390571093736
2024-10-21,AXON,0.0005012673462957545,0.012186720394532086,0.0029679611618511773,0.013446509872098365,12.723380216015363,0.0043096750882642
2024-10-22,AXON,0.013799576659321076,0.0244861389206977,0.01855001535489995,0.01260096662697654,13.345348516171933,0.0080271712746834
2024-10-23,AXON,0.005422215169800135,-0.013202755004770425,-0.006266184134544536,-0.015510751407284615,12.871080091495637,0.0049956263541757
2024-10-24,AXON,-0.01109999617625034,-0.0054690959997977535,-0.005689332909382561,0.0009708463682735388,12.481432864791325,0.0033835124239904
2024-10-25,AXON,0.007966754453228591,0.006870549720361809,0.010307915268840702,0.003154420896725626,12.712592010659236,0.0042634311826971
2024-10-28,AXON,0.0066576305029704946,-0.0016241100756577561,0.0012190361122475023,0.0005622463150667784,13.010763436956484,0.0057445207137757
2024-10-29,AXON,-0.009261222402384717,-0.003278584455657574,0.0010147409424491076,-0.0017327074852507022,13.099915293972703,0.0062801792865942
2024-10-30,AXON,-0.0036699878477765317,-0.004814632041908425,-0.011196097096305663,-0.0113251493570534,12.967114428033137,0.0054991711036837
2024-10-31,AXON,-0.01676390701321235,-0.019448055199337146,-0.038047194453996284,-0.03594589898306229,13.684833373922649,0.0112719519819726
2024-11-01,AXON,-0.021188080575072245,-0.015547080972550049,0.005171514943570786,0.00551016617266196,13.305519585779724,0.0077137403591733
2024-11-04,AXON,-0.0022987155810245915,0.012337555277769188,0.0009887069673141275,0.01336605887001374,13.079457964073546,0.0061530085462848
2024-11-05,AXON,0.018911729835341954,0.016555626756516208,0.02090979384276402,0.021819188820482175,13.39407001948971,0.008427951789598
2024-11-06,AXON,0.05614015464240855,0.04389882246360151,0.03787089673628956,0.040933514556267654,13.49240992168655,0.0092988786777778
2024-11-07,AXON,0.013996531974600067,0.017908848503742535,0.026470290580374693,0.019887134773085877,13.632309814799221,0.0106951877153167
2024-11-08,AXON,0.1484570428411983,0.26167809881866344,0.10685030324695874,0.252146070218088,15.193520951576092,0.0509582148290434
2024-11-11,AXON,0.1236260104693082,0.020959467107478685,0.13259409347716455,0.021258586710077403,14.399233979060591,0.0230281804194671
2024-11-12,AXON,-0.0031962987034697367,-0.025086457917080824,0.006306338578860015,-0.03461036571489519,14.144886964337632,0.0178565703135501
2024-11-13,AXON,-0.015069196108012177,0.012702943723823303,0.013395498056018156,0.01021344223318644,13.653698437441703,0.0109264072431521
2024-11-14,AXON,0.0016652793190612488,-0.012686517171944602,-0.012601491960948131,0.0054236059430680045,13.497095701090126,0.00934255347748
2024-11-15,AXON,-0.002448870751862423,-0.01216818326853692,0.0037247726477103666,-0.008655222755270146,13.433958734459054,0.0087709274225537
2024-11-18,AXON,0.002515387719832305,0.013742377187204684,-0.004079476578535654,0.0010839612972713443,13.4144372915852,0.0086013664354745
2024-11-19,AXON,-0.004569171510051804,0.01260190900581912,0.010100857665038208,0.016857137071390242,13.878110639040285,0.0136753505185277
2024-11-20,AXON,0.01802149852498232,-0.007829048363246145,0.0015706500090141365,-0.000622948622183087,13.25742035573098,0.0073514964322313
2024-11-21,AXON,0.020810221220799986,0.04349206612544898,0.01991881661353713,0.03456985053024508,13.69345704177217,0.0113695780048364
2024-11-22,AXON,0.021488090890600643,0.0010766905091404524,0.020267859974601277,0.008957484525015706,13.457264380284057,0.0089777404446731
2024-11-25,AXON,0.006337042942621717,-0.0018889038005698547,-0.026506572960970174,-0.028585906036018262,14.220776312869576,0.0192644403274808
2024-11-26,AXON,-0.02684491477770154,-0.010982113828442207,0.022826993160968347,0.021037211496408227,13.33618521624343,0.0079539517575356
2024-11-27,AXON,0.015143352060089028,0.005309725371989581,0.0073615674059022435,0.004419555206403266,13.13350309966093,0.0064946996263081
2024-11-29,AXON,0.011451393594440867,0.02461708299590185,0.020857647625437778,0.01872246336308714,12.893204268851937,0.0051073824592961
2024-12-02,AXON,0.01524188999466766,-0.004363747234347691,-0.006358179517307576,-0.016472896780106522,13.672564702312341,0.0111345048182039
2024-12-03,AXON,0.005560597211215734,0.03939003707159141,0.004792008484562578,0.05127205044845625,14.140272351357222,0.0177743589258753
2024-12-04,AXON,0.021623557949577876,0.02038364950966819,0.0445867262596301,0.025818181630743953,13.737441983739734,0.011880830071939
2024-12-05,AXON,0.03087837730103011,0.009456283370930449,0.015336966820086971,0.0034709105943221356,13.504083457155673,0.0094080656770333
2024-12-06,AXON,0.0024968014412641766,0.003915050063360633,0.004183686296883551,-0.0030345900980606588,13.752145747758465,0.0120568138236804
2024-12-09,AXON,-0.002962029800864343,-0.015433313546325069,-0.07509221130165071,-0.06783123197290537,13.97890495412925,0.0151256107792283
2024-12-10,AXON,-0.06065193619617158,-0.041990331891039984,0.003606578427738017,-0.008031064839027187,13.740895842053003,0.0119219357657764
2024-12-11,AXON,-0.0008346519421506477,-0.013030162508039426,0.0008680569062113752,0.007813149996321243,13.367974237888548,0.0082108623440193
2024-12-12,AXON,0.0020545729946151,0.010100224572535926,0.0030716859759100552,-0.009446044200631703,13.41084662882651,0.0085705371650964
2024-12-13,AXON,-0.019824590435347497,-0.013530929102507475,-0.0012747738369076288,0.013267763004349927,13.231578255454753,0.0071639517040981
2024-12-16,AXON,0.025963008959857575,0.007813360639304004,-0.051160659852206455,0.00678411018018938,14.370315363086968,0.0223717738710012
2024-12-17,AXON,-0.014008719703897029,-0.008152403039690644,0.04642505510637237,-0.02107369172166977,14.219174711994418,0.0192336110571027
2024-12-18,AXON,-0.009266186650592605,-0.01525396525967129,-0.04508341074451928,-0.04142773172255568,14.294226747390526,0.0207326843292352
2024-12-19,AXON,-0.026179624272332617,-0.019424496163525595,0.006368898563828853,0.009333918871220585,14.090336088118445,0.0169085702494252
2024-12-20,AXON,-0.020497369478398454,0.010525668386749537,-0.004781188685045439,0.02567143520390031,15.766095619709972,0.090340038631131
2024-12-23,AXON,0.04296527025380598,0.014611398501371253,0.019426659590782623,-0.012024045696171872,13.348224831871299,0.0080502932274669
2024-12-24,AXON,-0.023870881379167163,-0.016872275230750956,0.0033980108719682683,0.011327254940699591,12.470361978939783,0.0033462603889502
2024-12-26,AXON,0.016532768689507194,-0.0028214592661026093,0.003048339261701395,-0.011872195984689055,13.172678093139936,0.0067541793186566
2024-12-27,AXON,-0.01446923633289904,-0.012040414839692058,-0.023479557913996182,-0.020765591160337635,12.879274738646975,0.005036732048013
2024-12-30,AXON,-0.032322904869416975,-0.024755320563357754,-0.02573424432588225,-0.010960322360627285,13.383035441677574,0.0083354639784639
2024-12-31,AXON,0.009881111416241529,-0.00011529438302458506,0.001926644739390394,-0.016685963916669332,13.142756026681733,0.0065550736141318
2025-01-02,AXON,-0.005118692215364566,0.008331906232773236,-0.006929516399061365,0.0036445533990363127,13.154832503648379,0.0066347158959417
2025-01-03,AXON,-0.014523857390163345,-0.005404513253125691,0.010132262328642254,0.007632298534696156,12.982183647768226,0.0055826670442909
2025-01-06,AXON,0.015070030798490086,-0.004344780179072365,-0.08918942001592982,-0.05181352087028381,14.294536488567083,0.0207391070938973
2025-01-07,AXON,-0.05733760051507038,-0.05563346583065363,0.02054273397273005,-0.015325956851902026,13.748623681597737,0.0120144235769106
2025-01-08,AXON,-0.0100375069600089,0.007365987007673495,0.008025197232541692,0.026876112868781436,13.288387855281217,0.0075827159600666
2025-01-10,AXON,0.012277828062411246,-0.005049548937125016,0.006203634164271993,-0.012795033418978306,13.087359839454404,0.0062018215577167
2025-01-13,AXON,-0.018705283964196056,-0.009614113760179439,-0.010773881393592488,-0.0023184879404311307,12.953710378795629,0.0054259515865359
2025-01-14,AXON,0.018530486195058354,0.025834446601225136,0.02355810370582188,0.019365322545524685,13.140205260167273,0.0065383744260103
2025-01-15,AXON,0.030140918114824125,0.017997799486844202,0.013211780726015991,0.00034490810677570405,13.461832547302858,0.0090188461385105
2025-01-16,AXON,-0.007493264493627938,-0.0044143689660306575,0.007366285253083989,0.010018657053309522,13.051943059028227,0.0059860166650703
2025-01-17,AXON,0.018360372488401052,0.018039058725352202,0.016010733791311408,0.01364738110002822,13.187403647644764,0.0068543744473853
2025-01-21,AXON,0.012143954087266725,0.01072175219414067,0.0023653466558978867,0.01949256300564111,13.182707489293296,0.0068222606240748
2025-01-22,AXON,0.00802578075593309,0.0043220895296550155,0.016933383283619187,0.00333002584103012,12.799678457417967,0.0046513661682875
2025-01-23,AXON,0.0026446895299218893,0.0040105715219032265,0.00016586300442445205,0.009467923417005256,12.817470037182167,0.0047348621088947
2025-01-24,AXON,0.007159375208111464,0.0014633356516237067,0.003956950269580572,-0.00500123217488494,12.643685434848656,0.0039795449846326
2025-01-27,AXON,-0.026706534350725245,-0.012243600363557688,-0.030295684892567433,-0.009284041414640789,13.035281452471706,0.0058871060892741
2025-01-28,AXON,0.014597167278151694,0.05024509099361944,0.02892326789297599,0.052902000334644005,13.214397287000928,0.0070419191755184
2025-01-29,AXON,0.05363152412480029,0.008596780002264173,0.044924326690412526,0.0038198737739384885,12.953710378795629,0.0054259515865359
2025-01-30,AXON,0.010105021858194717,0.018650802227776483,0.017888793351849754,0.020814146109829366,13.193196421401492,0.0068941955882903
2025-01-31,AXON,0.013733571346482704,0.021174529629259847,0.009603373840460514,-0.001914814371754257,13.323344751873487,0.0078524720758745
2025-02-03,AXON,-0.022667404314214396,0.0002383603258206225,-0.02211233243393296,0.009051482132752031,13.817309938108389,0.0128686512769689
2025-02-04,AXON,0.02525774263335108,0.0041332024726159254,0.02644301669988762,0.007267125506273621,13.14510481940612,0.0065704882493208
2025-02-05,AXON,0.008742085976105589,0.010288098381142701,0.015705430620106917,0.02621804666077864,13.03833155712369,0.005905089830328
2025-02-06,AXON,0.026908413559912595,0.004965864258419162,-0.0028853540019507544,-0.004595264089908576,13.234264258169095,0.0071832199980844
2025-02-07,AXON,-0.001454809243397277,0.007540603186058793,0.025290187117037975,0.0027125352763113534,13.228885018694804,0.0071446834101119
2025-02-10,AXON,0.006332857011361093,-0.0050304128261964036,-0.008785686445574769,-0.002048523192330684,12.977108677417966,0.0055544068797777
2025-02-11,AXON,-0.008570681914842598,-0.011139290645060492,-0.023000637094047014,-0.012753349528617026,12.951577428900473,0.0054143906101441
2025-02-12,AXON,-0.03294752680780483,-0.014713859209659933,-0.006814433013156536,-0.0062652791117703095,13.113929915523508,0.0063688134389311
2025-02-13,AXON,0.017006405531204184,0.0042835493536362915,0.004298840918915884,-0.000571530455841509,12.78296967746187,0.0045742929923424
2025-02-14,AXON,-0.007787628279742508,0.021700722119508426,-0.00954058377828945,0.027759103584356622,13.450372762041232,0.008916081903917
2025-02-18,AXON,0.04637458296723748,0.042540801213179144,0.06418207428196139,0.03818413520080959,14.092157719118093,0.0169393995198032
2025-02-19,AXON,0.008579528365839502,-0.015326584643305078,-0.15459399004171823,-0.1793766856293813,14.656905746093141,0.0297964898203804
2025-02-20,AXON,-0.18632957819149348,-0.18843861927180264,-0.1277736286058376,-0.09098700059819544,14.737386065904724,0.032293660721002
2025-02-21,AXON,-0.05181889105521946,-0.056969117031535205,-0.021566583788188452,-0.054210835910821584,14.190173444438642,0.0186838224020276
2025-02-24,AXON,-0.06583719743325861,-0.05077251207690139,-0.028490476591908176,-0.026636571504816704,14.09511081030891,0.0169894970841676
2025-02-25,AXON,-0.03466894226008781,-0.04308128007028735,-0.03279790445694079,-0.0061824341822152105,14.123216556753208,0.0174737735396894
2025-02-26,AXON,0.15910066825876865,0.1795002055629373,0.15057425667642454,0.14195254996240095,14.85861048906288,0.0364556122220381
2025-02-27,AXON,-0.017156353564763624,-0.03750036032722006,-0.0676425416034536,-0.08560207886398356,14.189760846724495,0.0186761150844331
2025-02-28,AXON,-0.08722647546749863,-0.08563818882460533,-0.014791692733004014,0.005712205084633966,13.958485593691464,0.0148198871813126
2025-03-03,AXON,0.011077676554033336,0.019364910355853655,0.012815370242982958,-0.005122401972237063,13.682894175161982,0.0112501145821215
2025-03-04,AXON,-0.036250936207920484,0.00305940963616296,-0.0344865020369428,0.0048006870498894134,13.77061883498869,0.0122816105868536
2025-03-05,AXON,0.030434891472443746,-0.00818562182089171,0.03527370472638254,0.012565517186480035,13.758835439083207,0.0121377406584227
2025-03-06,AXON,-0.013110627798011878,-0.024016059347268102,-0.05134585105763988,-0.06896487836347878,13.723725258463624,0.0117189764024543
