Date,Stock,Open,High,Low,Close,Volume,Turnover
2020-03-13,CHD,0.031421013866270026,-0.05780594103734112,0.018033174476250875,-0.0018941998013590478,15.232237368710885,0.0167551095038803
2020-03-16,CHD,-0.27647380239172364,-0.024836421539095873,-0.2581226726306245,-0.046241581932566014,15.170133895172205,0.0157462110438421
2020-03-17,CHD,0.21277401400574691,0.10943475985786463,0.2514996010467134,0.12811789398552806,15.192941000371555,0.016109463248141
2020-03-18,CHD,0.06263798128595352,-0.002089143305857553,0.06296732433341477,0.009995098819046519,14.925656411957009,0.0123310714721059
2020-03-19,CHD,0.05865835696097438,-0.010935209532505508,0.0006085365452091116,-0.03939372232173267,14.67294303208207,0.0095774247287798
2020-03-20,CHD,-0.056838661949398635,-0.05744052213641425,-0.02479164216914908,-0.014345391970569617,15.10944316340241,0.0148189833814148
2020-03-23,CHD,-0.0057742715308176235,-0.01823046010495893,-0.0703971472064296,-0.07711934499273726,14.874515738838307,0.0117163057169558
2020-03-24,CHD,-0.05224012279906626,-0.03717309056835186,-0.007050408070336892,0.03041827227774399,14.657724517197998,0.0094327739628621
2020-03-25,CHD,-0.005312771191316113,0.00707600537175078,0.007719374742586407,-0.039826551147468976,14.902826280010348,0.0120527406444272
2020-03-26,CHD,-0.02682961519505902,0.0025039662603698405,0.008157957095265018,0.04221415184652475,14.617422901786222,0.0090601763439112
2020-03-27,CHD,0.027475081964793004,-0.007058387894746364,0.01611868560982341,-0.014895847884909347,14.537148494879604,0.0083613018568932
2020-03-30,CHD,0.019014761263421043,0.026867177684936006,0.027676774730054362,0.04480952794656996,14.612207064968654,0.0090130429482751
2020-03-31,CHD,0.017882790791836477,0.004433903736541946,0.008061377699597437,-0.009768263462733443,14.693393462204172,0.0097753037259761
2020-04-01,CHD,-0.02391558825138952,-0.016613267959688285,-0.025996247706856292,-0.005938491495025837,14.245668929069103,0.0062472065336638
2020-04-02,CHD,0.004448937096130995,0.03460463035724365,0.019045392532173196,0.03798428435151464,14.637007416724863,0.0092393645118036
2020-04-03,CHD,0.041911953082259396,0.02134675187185385,0.041911953082259396,0.020610043728601785,14.120271699250543,0.0055109503880378
2020-04-06,CHD,0.03759412760440948,0.01845589262231773,0.03333910094408155,0.01772822815130069,14.407123781133828,0.0073418390150745
2020-04-07,CHD,0.008165444265717997,0.003449633974338698,-0.015410219698420671,-0.027233784159588024,14.404075253455417,0.007319491284385
2020-04-08,CHD,-0.019503745035675375,-0.010240418080723535,-0.0041899266690071605,0.023596207962465775,13.952748448032557,0.0046609239770834
2020-04-09,CHD,0.012069738331163591,0.014393001731418772,0.02077537545500199,-0.0032115764173351836,13.877076853913477,0.0043212384706025
2020-04-13,CHD,-0.015926979206262112,-0.02006259728543369,-0.012115744072302122,-0.004249175932329967,13.82496670732394,0.004101824387469
2020-04-14,CHD,0.04277617233011448,0.05405937882334469,0.02321563735309727,0.05763123274164338,14.637974449342186,0.0092483036040794
2020-04-15,CHD,0.023089622776426105,0.004547449332921759,0.03608724604911569,-0.0019427785209704292,14.25395966359069,0.0062992157978139
2020-04-16,CHD,0.0109355809273845,0.003294860508600529,-0.0018224141101491225,0.008987738328178039,14.305623752689963,0.0066332127910284
2020-04-17,CHD,0.007952733485030915,0.00954705634538142,0.008107257441298456,0.012311912532136423,14.364961140534083,0.0070387225224493
2020-04-20,CHD,-0.0019139590162276228,0.005819784652273485,0.006936673380553262,-0.012036960325743322,14.041690295397059,0.0050944699524602
2020-04-21,CHD,-0.013362081115778015,-0.024176569476738692,-0.029890802560375983,-0.029606961819542563,14.12395141809223,0.0055312665068465
2020-04-22,CHD,-0.01579430910377022,-0.0058233823591412725,0.007380403807675418,0.012116481065038813,13.574713343675166,0.0031936938767217
2020-04-23,CHD,0.004077173420238684,0.0002779736017755263,-0.0070953139456718965,-0.010558339565169744,13.82635257035919,0.0041075129007354
2020-04-24,CHD,-0.01029567998193412,-0.006275874223996417,0.003979338337418896,0.009717445422289153,13.8621087978123,0.0042570395351672
2020-04-27,CHD,0.024644260068991234,0.01265044910049897,0.009599201032571562,0.0018204411988335981,13.591743062037102,0.0032485473975051
2020-04-28,CHD,-0.018707901913615082,-0.006652827471474898,-0.03313647323393995,-0.029242808835864248,14.424297933916444,0.0074690179188167
2020-04-29,CHD,-0.0219413902157297,-0.03524045315711536,-0.02618955169604143,-0.01524086113273224,14.60141967431086,0.0089163382227459
2020-04-30,CHD,-0.004475245481841914,0.021518787099747437,0.00831384239568802,0.023418463721907836,14.963484593449072,0.0128064686522286
2020-05-01,CHD,0.016360854831295547,0.00996008270865858,0.032150542403378855,0.017421344362353264,14.624305607444702,0.0091227499898419
2020-05-04,CHD,0.013713514204374437,0.011519258721342912,0.004713438074357505,0.009919860561124084,14.329711080347867,0.0067949290967453
2020-05-05,CHD,0.007831859522625526,0.017779085224223716,0.020031363950761962,0.020638833296448052,14.272239593362114,0.0064154239973995
2020-05-06,CHD,0.02231830047382448,0.00040688634545312164,0.0023716747911464186,-0.02175177155339962,13.990136747894988,0.0048384868554711
2020-05-07,CHD,-0.014961487686494872,-0.0051623495302163995,0.0002787589714656966,0.007349459199577135,14.072631098108712,0.0052545609686725
2020-05-08,CHD,0.012915687154741796,0.0033991203920400916,0.01602886747536796,0.01331234127875509,14.042009274411742,0.0050960952419649
2020-05-11,CHD,0.002181980485694846,0.013482757060231174,0.003694403603049031,0.008687448653780471,14.170665046596442,0.0057957823737353
2020-05-12,CHD,0.012723377132996446,-0.002279314381996556,-0.00013667245261108986,-0.00827859780987482,14.143591255328044,0.0056409735484133
2020-05-13,CHD,-0.014632226943472194,-0.00673380909750568,-0.0017770315039284045,0.0009537026573821822,14.190035930781601,0.0059091463166876
2020-05-14,CHD,0.003681962564178228,0.002596569078489503,-0.024194926823413565,-0.005616349555011467,14.437323377889866,0.0075669416114745
2020-05-15,CHD,-0.004786142975449766,0.005798178097337783,0.02197920679441705,0.01092928229611021,15.091460057743525,0.0145548738369021
2020-05-18,CHD,0.010906636319975066,-0.005662783195044809,-0.0035838944379129826,-0.0069536223793053445,14.547782774023617,0.0084506927796513
2020-05-19,CHD,-0.013789809814080097,-0.01416169422520301,-0.00526117082228011,-0.01349899378031165,14.150339301933856,0.0056791678517735
2020-05-20,CHD,-0.005928762282707954,-0.005224528739949909,-0.0058468806123977415,0.0005548164600372502,13.965051486337414,0.0047186217545
2020-05-21,CHD,-0.002353750784234605,-0.005529498836182315,-0.011656661575721624,-0.016490056006586654,13.864872939338591,0.0042688228840762
2020-05-22,CHD,-0.01663325923972317,0.0020771998438739825,-0.002545927365104205,0.013436205566541438,13.755443093406903,0.0038263378164235
2020-05-26,CHD,0.017464822231567256,-0.001245636852029976,-0.00767686895093649,-0.02292140670067165,14.449651088335475,0.0076608020803705
2020-05-27,CHD,-0.026526200518667147,0.01115624532113715,0.0009982996073703686,0.03659088409727542,14.396720644504763,0.0072658567307301
2020-05-28,CHD,0.04939253852294076,0.02288331524645142,0.04747196381822199,0.015242286659216744,14.501935696135863,0.0080720003250579
2020-05-29,CHD,0.0033791570183820713,0.00693766525265417,-0.001223913343871261,0.013816054716369389,14.521377004612757,0.0082304660517654
2020-06-01,CHD,0.011669043824869512,0.010315910487186747,0.015667316143496614,0.003058907285628525,14.027391726060934,0.0050221445695014
2020-06-02,CHD,0.0022643708948482375,0.005510968223841893,0.006544999675257496,0.007541100669135174,14.186177850803544,0.0058863922636219
2020-06-03,CHD,0.01111423411147483,-0.003670558025578207,-0.00013305827730853285,-0.009668236433591406,13.90626583447433,0.0044492300190971
2020-06-04,CHD,-0.015915217490915394,-0.0036840016155768817,-0.017055163564012283,-0.011645778524728827,13.672564702312341,0.0035220023566697
2020-06-05,CHD,-0.013866118000725347,-0.01943387357054462,-0.01900680276655854,-0.006484114616876066,14.46093752675152,0.0077477550688716
2020-06-08,CHD,-0.012137837939976767,0.0065644459486197656,0.004407762477694272,0.01292602497880889,14.014198288650682,0.0049563203445613
2020-06-09,CHD,0.02707263616252556,0.007317364514436626,0.019463076037351985,0.002405192116546927,13.889412294567192,0.0043748730242574
2020-06-10,CHD,0.0037326377894893736,0.011335517609410295,0.006850858185934605,0.007578517815548182,14.167997444219587,0.0057803421234407
2020-06-11,CHD,0.004513207200251975,0.00887248739094613,-0.004024314722365009,-0.014408183726122339,14.25370161588785,0.0062975905083092
2020-06-12,CHD,-0.012260372312667946,-0.02499157071702418,-0.021465439151621832,-0.01817005710876611,13.975161227935695,0.0047665677948884
2020-06-15,CHD,-0.02635626632387172,-0.013003344819604053,-0.010907549514607952,0.010752479244382081,13.870283740511553,0.0042919832595181
2020-06-16,CHD,0.03050453922288313,0.014733607468547722,0.025630069650123218,0.011708469755444524,13.740680325043028,0.0037702653285116
2020-06-17,CHD,0.0035986290020466353,0.013077001821824898,0.016373790704461464,0.008393726665419352,14.058300645961785,0.0051797976514566
2020-06-18,CHD,0.02418615549380803,0.02398822032775922,0.01689580159167897,0.0319890662477208,14.598498899562296,0.0088903335906708
2020-06-19,CHD,0.023995517566337,0.013236689352739235,0.012874826436913388,-0.003862562170479454,14.872571766949678,0.0116935516638901
2020-06-22,CHD,-0.019201977720021864,-0.014262404797324265,-0.0036247431820983066,0.000386845149631857,13.846040732930732,0.0041891836983462
2020-06-23,CHD,0.006827192337665503,0.004351488543079422,-0.0006483103101033468,-0.005689583280495009,14.100013331797976,0.0054004307017187
2020-06-24,CHD,-0.011101230391166736,-0.015442333126929763,-0.015826659139105352,-0.011215603573148276,14.106612525901449,0.0054361870708219
2020-06-25,CHD,-0.007557115587900626,-0.003768015323621533,-0.005552660274694904,0.006405588985469723,13.597355791941425,0.0032668319044329
2020-06-26,CHD,0.006648081946576955,0.008554909755309965,0.008317439325546322,-0.007717910767367979,14.573509179447287,0.0086709195075372
2020-06-29,CHD,-0.002992698146075837,-0.006604134181495954,-0.0005260547210848437,0.00745734338541135,13.963672771236395,0.0047121205964812
2020-06-30,CHD,0.0007817048682497874,0.00660421241930641,0.004986378701919674,0.007531630546200737,14.285952216261276,0.0065040022754053
2020-07-01,CHD,0.009073294695187714,0.01027228329450868,0.011840603834176695,0.007732015617528871,14.08431633893834,0.0053163219698508
2020-07-02,CHD,0.01141846944848511,0.007255212516811874,0.006575227275146688,0.004993965542755159,13.873214212022644,0.0043045792531794
2020-07-06,CHD,0.0077515261948973525,0.004933934956394843,-0.003217678923849224,-0.005507508450058168,14.098507421947776,0.0053923042541952
2020-07-07,CHD,-0.017365310637273524,-2.0860975857714695e-07,-0.00012916028153589862,0.015168043629733712,14.045590794749765,0.0051143797488927
2020-07-08,CHD,0.016858791122576884,0.013288622117494564,0.01611512702992869,0.015190947225937767,14.31798198238121,0.0067156962333915
2020-07-09,CHD,0.01657907862190674,0.019362951409014426,0.01822909585764821,0.0181497345760866,14.588623981735962,0.0088029742797935
2020-07-10,CHD,0.016431071583621688,0.014189542852425904,0.010286801329781053,0.012765068318894953,14.339647787856073,0.0068627849335662
2020-07-13,CHD,0.015442283772781047,0.020855541031687058,0.008105559637777595,-0.007882797903113633,14.76326158406855,0.0104827109828938
2020-07-14,CHD,-0.009943327445533355,-0.0034263270865546314,0.003662265342919766,0.028211296047980384,14.561819760751748,0.0085701515582463
2020-07-15,CHD,0.02906397795733695,0.009539893464938876,0.022055527845542277,0.0014191644069219017,14.149909933406699,0.0056767299175165
2020-07-16,CHD,-0.012986304317316772,-0.007648209355694058,-0.02596279298349972,-0.004739198974246633,14.431507219438277,0.0075230587948478
2020-07-17,CHD,0.014760587786607469,0.008234533132623784,0.02977041350651696,0.007926018677929952,15.108839762562216,0.014810044289139
2020-07-20,CHD,0.0008266144530344116,-0.003403340690138329,-0.003688206456670447,-0.006857631419543943,13.988792211007173,0.0048319856974523
2020-07-21,CHD,0.00035438827320365184,0.0038718593329706073,-0.0020280712798773845,0.0024884735635567075,14.206268713744148,0.0060058510422168
2020-07-22,CHD,0.002004208680272206,-0.0028143684141200918,0.0027429749592686376,0.007545286087946359,14.02455599625768,0.0050079232863353
2020-07-23,CHD,0.010311763659913625,0.020801332766240844,0.02051231603762085,0.012605240337553498,14.208431313652614,0.0060188533582544
2020-07-24,CHD,0.005696083062485028,-0.004148838791203436,-0.006673248617325433,-0.004067553063196907,14.113316956032246,0.0054727560846775
2020-07-27,CHD,-0.0010438501856799669,0.010454388458405163,0.009237030078841581,0.01502554561020579,13.92158172105239,0.0045178985006704
2020-07-28,CHD,0.014628837110693767,0.014860241688718252,0.013754891660172802,0.011859917145892011,13.952486884982601,0.0046597050099548
2020-07-29,CHD,0.008766697836414324,0.008409691580375847,0.008003822621168201,0.01239326735778023,14.107210298767061,0.0054394376498313
2020-07-30,CHD,0.012168125729114323,0.00988872581730511,0.009859338807073641,0.008362963591551137,14.611034256485992,0.0090024785664946
2020-07-31,CHD,0.04884320626436361,0.06370882803269436,0.0371886756139566,0.06730351670207366,15.24883186302737,0.0170354719434399
2020-08-03,CHD,0.01502985483416146,-0.005617542791411137,-0.001957715017101231,-0.030781496133130293,14.939270965220242,0.012500101580594
2020-08-04,CHD,-0.023705391275648868,0.005617662726817297,0.007591616347231696,0.02787072127801932,14.47287562659958,0.0078408028930153
2020-08-05,CHD,0.03321995411860777,0.0033139387577967227,0.03074539896586738,-0.002293176248789222,14.047178473429167,0.0051225061964162
2020-08-06,CHD,-0.0036487773019549803,-0.005494896646427642,-0.006305943170194804,-0.007436631470046661,13.978480235859726,0.0047824143675592
2020-08-07,CHD,-0.006391222293559523,-0.004062789534921895,-0.007513729625828609,-0.0016836194188594204,14.117761733744109,0.0054971354272479
2020-08-10,CHD,-0.001472637204606507,-0.006387841137703738,0.00010619760419178441,-0.0018973812164244633,13.714143170259746,0.0036715289911015
2020-08-11,CHD,-0.004853679685380252,-0.006851707995770836,-0.020386811523367573,-0.022081895050343078,13.972856983096436,0.0047555970907317
2020-08-12,CHD,-0.013524730550898026,0.008426204067529185,0.0075592261655742276,0.022609330211741146,13.757140704745513,0.0038328389744423
2020-08-13,CHD,0.013729018641589139,-0.0030403057910640473,0.009609782963819006,0.0016902521533003318,13.629904814127018,0.003374913656495
2020-08-14,CHD,0.006551696552303432,0.001370086366529242,0.004050959707585863,-0.00518508909632373,13.51925987963756,0.0030214131892243
2020-08-17,CHD,-0.0076126797264775125,0.013703807213640005,-0.002556733169243264,0.01610133367786788,14.57641030782098,0.00869611149486
2020-08-18,CHD,0.019028233781442874,0.0044576758949667035,0.016817836586132888,0.006970190268133443,14.444013078420774,0.0076177319084962
2020-08-19,CHD,0.006021784367645961,0.0048497849967724755,0.004604623262707212,-0.0017637719306089496,13.823777294149139,0.0040969485189549
2020-08-20,CHD,-0.004876935195252129,-0.004436102067726414,-0.002404309009852418,0.0025928294901396047,13.611067310925128,0.0033119336881882
2020-08-21,CHD,0.007770965434197894,0.002787752906605721,0.004177601476817364,-0.00041431791684854515,14.092915753752607,0.0053622363983584
2020-08-24,CHD,-0.007459156782498194,-0.0036154188790387537,-0.0036546749213537005,0.001345926872944027,13.50558423989076,0.0029803746292308
2020-08-25,CHD,0.006529931110502852,0.0019644996488211025,0.0033420325197540944,-0.0054995785031348166,13.833351458410394,0.0041363617894437
2020-08-26,CHD,-0.011533155475895436,-0.004035758876991973,-0.008164962012843677,-0.001978965147401943,13.512106879509295,0.0029998781032871
2020-08-27,CHD,0.006873508690482877,0.005995984560199839,0.006599918864469561,0.0019789651474020216,13.57928303356464,0.003208321482264
2020-08-28,CHD,-0.0075010189314103,-0.006929918741494108,-0.017804134416827242,-0.01246037691913514,14.046146769065366,0.0051172240055259
2020-08-31,CHD,-0.008189741614748934,-0.004576961368875391,0.00804584670263151,0.009646822467557376,14.04662307257814,0.005119661939783
2020-09-01,CHD,0.005152655899725906,-0.004284117608109077,-0.007302026445762941,-0.00523130692213296,13.704356626165659,0.0036357726219982
2020-09-02,CHD,0.00199092689632588,0.03558948810431613,0.014236992934888074,0.029254278755439546,14.471164053199495,0.0078273942546016
2020-09-03,CHD,0.024914613909273776,-0.008728503604515787,-0.022235021703622942,-0.04054202934022137,14.186108821064815,0.0058859859412457
2020-09-04,CHD,-0.040741132283465015,-0.033585152521974,-0.013907768334001253,-0.010236731985019372,13.954403427152533,0.0046686441022307
2020-09-08,CHD,-0.0056524421874774205,-0.01251741551176191,-0.005879829014735022,-0.015119105772249014,14.088511132722553,0.0053386697005404
2020-09-09,CHD,-0.008161425890842917,0.015254713185441478,0.012696306616862467,0.02301934191715137,13.820200542771897,0.0040823209134127
2020-09-10,CHD,0.013069323739530727,-0.004214067612941663,-0.00021561411040799363,-0.012304212957326576,13.734193121502445,0.0037458859859412
2020-09-11,CHD,-0.006406094351731936,-0.0073112555369934775,-0.005949472878193445,-0.00021523428707288472,13.726352514898478,0.0037166307748567
2020-09-14,CHD,0.0020328415359874563,-0.004583749415377486,0.002816677148995919,-0.0016167324552964616,13.543440645706273,0.0030953638616878
2020-09-15,CHD,-0.007403066402753584,0.0016013274435296336,-0.005097884864683961,-0.004215046806374248,14.105341070864194,0.005429279590427
2020-09-16,CHD,-0.0029118285767083148,-0.0062058473612066735,-0.0025041181420794936,-0.004015389997085718,13.861631448504797,0.0042550079232863
2020-09-17,CHD,-0.01348287643927211,-0.008623519121977886,-0.012947335737056554,0.0010867842785318475,13.946101005245376,0.0046300434764942
2020-09-18,CHD,-0.010785745445111215,-0.006298774765180876,-0.01054677871214188,-0.019081459038033464,14.930980291460143,0.012396895697046
2020-09-21,CHD,-0.0019940459145706435,-0.007985010964759396,-0.010772331693029241,-0.007557519194053342,14.186936863598987,0.0058908618097598
2020-09-22,CHD,-0.004222080480699114,0.011682192480913756,0.010214148740069436,0.02152061557513736,14.423862631066662,0.0074657673398074
2020-09-23,CHD,0.02463558278531334,0.002276726562755586,0.01727035429099254,0.0002183297101439785,13.895338781099184,0.0044008776563325
2020-09-24,CHD,-0.003700574388126416,0.011949075681337323,0.004162030773502987,0.010640614074671135,13.889969397128395,0.0043773109585144
2020-09-25,CHD,0.00684602254728746,-0.003859713740621943,0.006645333066935484,0.0038806361425515142,13.734193121502445,0.0037458859859412
2020-09-28,CHD,0.013766736491826002,0.013974410228695201,0.011980124259452532,0.0054718948433691095,13.863253507328972,0.0042619154036812
2020-09-29,CHD,0.0012808065644017235,-0.0031831568713849507,-0.010136074973825916,-0.00654835404323312,13.929375706492007,0.0045532485473975
2020-09-30,CHD,-0.004490475449654845,0.0006375218415953308,0.0050808810928634094,0.009219676374024727,14.075642332279049,0.0052704075413433
2020-10-01,CHD,0.007366726789700159,-0.0013816461786819705,-0.0016187626618063284,-0.006530741113770422,13.747125715875692,0.003794644671082
2020-10-02,CHD,-0.00908260769864557,-0.007686519936237691,-0.016662411523170717,-0.02094820209127136,14.22010929087781,0.0060895534517085
2020-10-05,CHD,-0.023239516242222428,-0.015008901084468574,-0.009156857508493104,-0.004838032955569342,14.425276673063282,0.0074763317215879
2020-10-06,CHD,-0.0028601795516271637,-0.007534423759832315,-0.00935282823197762,-0.009746141226824122,14.213683140124642,0.0060505465035959
2020-10-07,CHD,-0.0029795330709589257,0.004047254490398412,0.01079271270481029,0.011948213469070778,14.531837500015156,0.0083170127178903
2020-10-08,CHD,0.0036403581123740643,0.004140103144574296,0.0016588266452323224,0.002306955603368632,13.805865190605012,0.0040242168136199
2020-10-09,CHD,0.007021887887566806,0.01596203084560883,0.009128104199838219,0.01761845825547805,13.889226524722492,0.004374060379505
2020-10-12,CHD,0.013466604180273884,0.008947567274314179,0.008720257968935406,0.005482814079251868,14.036813215873504,0.0050696842875137
2020-10-13,CHD,0.005594011371719631,0.016929214904266483,0.006922080266313065,0.020271509135337384,14.31592274966228,0.0067018812726016
2020-10-14,CHD,0.0222774544927718,0.004161949803967607,0.017416061870494225,-0.0074873926933468025,13.935602925061007,0.0045816911137296
2020-10-15,CHD,-0.01468995463362488,-0.005936101431853744,-0.009044255772490897,0.00664648394364218,14.151197486311647,0.0056840437202876
2020-10-16,CHD,0.012484324966444709,-0.003347951442770796,-0.006433603056219038,-0.02028847820040771,15.036694693901389,0.0137792044207874
2020-10-19,CHD,-0.01600375324320299,-0.00831365691583723,-0.010489428501347391,-0.009163066088857042,14.073944802317039,0.0052614684490674
2020-10-20,CHD,-0.004068025659967128,-0.00785060624396516,0.0020633758183642155,-0.0010834871365518872,13.735493933283907,0.0037507618544553
2020-10-21,CHD,-0.009159959116030769,-0.0038415857904075413,-0.00021688933466182657,-0.0005420969241467961,13.984325476065305,0.0048104506115151
2020-10-22,CHD,-0.0037963699682885105,-0.014539034668031973,-0.013326259316851309,-0.013102102277922441,13.757670617820377,0.0038348705863231
2020-10-23,CHD,-0.007855037960296596,-0.0023894514037256292,0.00043981305616105367,0.010060339583592367,13.774377056597466,0.0038994758441347
2020-10-26,CHD,-0.00043822211909222127,0.0005436000723743277,-0.0023109414836650173,0.0,13.541075028051122,0.0030880500589167
2020-10-27,CHD,0.010898019409758417,0.013064931060875659,0.010302534065379216,0.0034755334635697883,14.099260660343408,0.005396367477957
2020-10-28,CHD,-0.011446311952225568,-0.01524124729837419,-0.03902462699826681,-0.044225283731698116,14.4933415421295,0.0080029255211084
2020-10-29,CHD,-0.08234769964498734,-0.04352134384708534,-0.06656624922331854,-0.013462810988386004,14.896332533273716,0.011974726748202
2020-10-30,CHD,0.03715829091110542,0.011987137604079564,0.0484902594157242,0.015161465529943028,14.489220554445533,0.0079700134086384
2020-11-02,CHD,0.030278031278737138,0.018708860930374042,0.006100093135040697,-0.005558940962010233,14.734158908470251,0.0101820324245256
2020-11-03,CHD,-0.014572708585202222,-0.007864075649544494,0.012316230823364228,0.01243648869825094,14.287138492311936,0.0065117224005525
2020-11-04,CHD,0.016684811838701234,0.011498169092512712,0.014626638889654757,0.008614403801333883,14.139477065768029,0.0056178131729714
2020-11-05,CHD,0.01137316648360725,0.00690147046512287,-0.003244394689380469,0.0028921388835863805,14.220642944059941,0.0060928040307179
2020-11-06,CHD,-0.011484330210312884,-0.0024047440611077264,0.008146854253117838,0.005206821026837347,13.853481451957329,0.0042204705213116
2020-11-09,CHD,0.017831990485061594,0.005238977121031066,-0.05941674581347368,-0.06470067764381439,14.885277799606971,0.0118430782983218
2020-11-10,CHD,-0.08050633810211222,-0.05458724903172451,-0.0063896183126702175,0.017412232756328055,14.670096509861155,0.0095502011295762
2020-11-11,CHD,0.031770975452147306,0.013928750483538465,0.031203367954339915,0.01254848490871828,15.174279804996303,0.015811628946406
2020-11-12,CHD,0.009008102727234962,0.007117145962897965,-0.003227375408281589,0.0010286818559852094,14.80427114958978,0.0109215391491609
2020-11-13,CHD,-0.004887866710603503,-0.007095253767462195,0.001014110300163444,0.001374641076162958,14.19182213503076,0.0059197106984681
2020-11-16,CHD,-0.00240517098898809,0.0007954010875655639,-0.004868608346848199,0.006729373810026617,13.951265351998961,0.0046540164966884
2020-11-17,CHD,0.0029769936961507987,0.0028360110046314235,0.01086351466242434,-0.008676773350367841,14.120271699250543,0.0055109503880378
2020-11-18,CHD,-0.0025185691112969352,-0.007390432642481735,-0.011677371880949115,-0.013971935293815761,14.47168302123285,0.0078314574783633
2020-11-19,CHD,-0.015477029919238576,-0.003543593651929785,-0.0018621166303376421,0.002323097898972717,13.920591934666447,0.0045134289545325
2020-11-20,CHD,0.006612872028517699,-0.001604638718707625,-0.0024497451107386267,-0.0027881419853838046,13.97966899273848,0.0047881028808256
2020-11-23,CHD,-0.009994308521303405,-0.009566192557384435,-0.009977294944159013,-0.008059436906454293,13.846719454362011,0.0041920279549794
2020-11-24,CHD,-0.0022215285064223615,-0.0049921039190677285,-0.015933632894611593,-0.019181134158248736,14.771253130125931,0.0105668197147616
2020-11-25,CHD,-0.013197105414935547,0.0020925566058508567,0.00871160427493938,0.02280995905416553,14.181888970605053,0.0058612002762992
2020-11-27,CHD,0.019032587712724584,0.002667815559100886,0.011342291170691451,0.008030267605282549,13.525025895256015,0.0030388850513997
2020-11-30,CHD,0.003253378762496066,0.01733997665013683,0.0051560218562352635,0.01723806821752417,14.846201186907475,0.0113892162041363
2020-12-01,CHD,0.02474637512151962,0.00703349413324749,0.012197401823535172,0.0007971858266753919,14.680339981337298,0.0096485311446101
2020-12-02,CHD,-0.006812883279858047,-0.005895695602270366,-0.017823302563033338,-0.018150945112378816,14.08637780020553,0.0053272926740075
2020-12-03,CHD,-0.02095413718782383,-0.011781764082069513,0.005859505377501909,0.0038181620290801436,13.9538810980054,0.0046662061679736
2020-12-04,CHD,0.004643192057471202,0.0041336815812881515,0.002917086137441268,-0.0028912439965336607,13.919240645195739,0.0045073341188899
2020-12-07,CHD,-0.0011588275188087378,0.002289072169836035,0.0040694221567511134,0.004852666360167502,14.128788006124859,0.0055580837836739
2020-12-08,CHD,0.00011593804282590549,-0.0006861789296939446,-0.0020908615057481077,0.0037962920435455393,14.220909663894343,0.0060944293202226
2020-12-09,CHD,0.010035364389218197,0.0010292145289451178,0.0005814175225206794,-0.007491309118766509,13.962205800672564,0.0047052131160863
2020-12-10,CHD,-0.005062585716983494,-0.0034344234854903045,-0.011689129438320916,-0.012924371915254612,14.016491114505431,0.0049676973710942
2020-12-11,CHD,-0.01534403843980898,-0.010954496597910597,0.001761786701050782,0.006075198971033265,14.019839010215751,0.0049843565885173
2020-12-14,CHD,0.007119962950810847,0.006817242962237601,0.0065513202497627645,0.002443125506478077,13.863634786161844,0.0042635406931859
2020-12-15,CHD,0.0046416091090932645,0.0040225940857578375,0.00232956237616274,0.0011615997942915487,14.135854138555455,0.0055974970541627
2020-12-16,CHD,0.00011560103482068935,0.005147649787399981,0.003599628518001498,0.005901522132939083,13.735818872008739,0.0037519808215838
2020-12-17,CHD,0.007725749100890745,0.0025073000567977176,0.006240082428877028,0.006211373046680785,13.77874387122354,0.003916541383934
2020-12-18,CHD,0.002294703064694334,0.00476894103577765,-0.0012679267233423215,0.010720952382345227,14.713393297586542,0.0099727764007963
2020-12-21,CHD,-0.00045860948289646865,-0.006477753752255667,-0.008106646050457475,-0.01843327449445035,14.12019796658598,0.0055105440656616
2020-12-22,CHD,-0.01176367757925356,-0.009162908374381499,-0.002444979432286619,0.00023089808202930668,13.931337014100034,0.0045621876396733
2020-12-23,CHD,0.005783984121779644,0.005507987869817859,0.010205599563672521,0.00438074454952776,13.432639764998356,0.0027707122831254
2020-12-24,CHD,0.0009222346787577883,-0.0011450164569883677,-0.003235943751153028,-0.0009207025459963822,12.549311224453131,0.0011454227784324
2020-12-28,CHD,0.00883389587543019,0.0063948466181859885,0.0051953501234220205,0.007112568638593717,13.363584146783316,0.0025858356019666
2020-12-29,CHD,0.001825587823253744,0.006806362726450829,-2.261127442232835e-07,-0.004583202901420441,13.396049461355,0.0026711633009629
2020-12-30,CHD,-0.008127397441772965,-0.010912517973026373,-0.001843731221632582,-0.004257659134230106,13.46054985815484,0.0028491325017268
2020-12-31,CHD,-0.0008052583535448635,-0.002632624825172011,-0.005553378222977969,0.005978799797734093,14.31713457651209,0.0067100077201251
2021-01-04,CHD,0.001034837799836216,0.006055516875492924,-0.007101631474113079,-0.007248449294847581,14.119681685655738,0.0055076998090284
2021-01-05,CHD,-0.005993470653152674,-0.009499322956941525,-0.003745703596222559,-0.00904766781618868,14.314041511058635,0.0066892852789403
2021-01-06,CHD,-0.01127732492721521,-0.004033031204581469,-0.0002346255318971382,0.0015135320054282166,14.179807083719782,0.005849010605014
2021-01-07,CHD,-0.004217919159229901,-0.009279747515280698,-0.01334371217129484,-0.012291564525624627,14.30550123377442,0.006632400146276
2021-01-08,CHD,-0.006124034657393397,-0.003852975253324054,-0.0036920041128060545,0.00587208376388541,14.359345915854863,0.0069993092519605
2021-01-11,CHD,0.011627296201252676,0.009662934434170297,0.009027253416607999,-0.0056365371774171405,13.70267886913406,0.0036296777863556
2021-01-12,CHD,-0.009503255218999347,-0.015294255483862653,-0.011416526752718502,-0.01244167555763049,14.29255248517836,0.0065470724472796
2021-01-13,CHD,-0.007929632906380801,-0.0010594913545428194,-1.5000480361598586e-07,0.007246695945170701,14.321002583348454,0.0067360123522002
2021-01-14,CHD,0.005332649360573481,0.0018824999733817749,0.00572444454649163,0.00035500785336747164,13.849719695663858,0.0042046239486408
2021-01-15,CHD,-0.002721697238907081,0.00889457242835847,-0.0013084963006973638,0.008601285099990896,14.489271534511827,0.0079704197310145
2021-01-19,CHD,0.01796982496405246,0.002443617809462954,0.005936064298170136,-0.000938979308234432,14.149193909257551,0.0056726666937548
2021-01-20,CHD,-0.010413791534896587,-0.009224194580873285,-0.006531733667821782,-0.004944158743044651,14.19250828801078,0.0059237739222298
2021-01-21,CHD,-0.00259094665376361,0.0018750746785177457,0.003449273504456106,0.003769099141408702,13.792856890312201,0.0039722075494697
2021-01-22,CHD,0.007986862356297975,0.006767724164501134,0.003674020691122958,-0.001647274431028305,14.184381527117754,0.0058758278818414
2021-01-25,CHD,0.00011691515817158298,0.028658541388923625,0.0068380579910407606,0.025576894708803973,14.312947552698628,0.0066819714761691
2021-01-26,CHD,0.01612850969375029,-0.00475750761440885,0.010635313842064224,0.010050374498784632,14.180779170331473,0.0058546991182804
2021-01-27,CHD,0.011444281857282761,0.02434070489152747,0.017515944057348024,-0.0025032539577473,14.540156890079597,0.008386493844216
2021-01-28,CHD,-0.003876514691155382,-0.016311519070508894,-0.009526776040229093,-0.009960668417189181,14.415391019431171,0.0074027873715005
2021-01-29,CHD,-0.011604649479983959,-0.014522560062777894,-0.027831479301263257,-0.028950318060429393,14.676162144854285,0.0096083052293689
2021-02-01,CHD,-0.025871928293498107,-0.02417540948461956,-0.015174335446124997,-0.0052249225486860045,14.548263473700853,0.0084547560034131
2021-02-02,CHD,-0.0039213314180862255,-0.016765483079168347,-0.00531136254463874,-0.01559898239179475,14.407787681205848,0.0073467148835886
2021-02-03,CHD,-0.015962004772842216,-0.004295583608343306,-0.010586144891322476,0.00386226348616025,14.312156726724892,0.0066766892852789
2021-02-04,CHD,-0.0019373727718042036,-0.005154776129557392,-0.0035535315216478646,-0.01029231073393023,14.13411046021747,0.0055877453171346
2021-02-05,CHD,-0.002548711923262512,0.010521413872974523,0.006972904826323762,0.008604514485141258,14.27109890955065,0.0064081101946284
2021-02-08,CHD,0.009072849267977615,-0.007521111239772485,-0.0015859860749506,-0.006537540884940877,13.940909849503596,0.0046060704563
2021-02-09,CHD,-0.010775508565657501,-0.004925124275753868,-0.0036697073999802975,0.007502455114836471,14.155477395633923,0.005708423062858
2021-02-10,CHD,0.014861465821979666,0.012208259458086628,0.01761351890221483,0.003489885383247116,14.020165034893816,0.004985981878022
2021-02-11,CHD,0.0017974663090486182,-0.005247970091648024,-0.0106525514786795,-0.006266478677461305,13.652168937207652,0.0034508959408394
2021-02-12,CHD,-0.011407261860414358,-0.004861217146222944,-0.0019391083332152763,0.005719047479564879,13.697853639354802,0.0036122059241802
2021-02-16,CHD,0.004846946420941606,0.0008436168791191086,-0.002081295834405444,-0.015430573111389434,13.912547427998826,0.0044772662630531
2021-02-17,CHD,-0.01547037792233639,-0.0014463823987167868,-0.006887354273162875,0.013258028615123901,14.231190648370971,0.0061574092885295
2021-02-18,CHD,0.009408084449495384,0.00984158563515123,0.01128976216703722,0.009500348502100384,13.699764072131805,0.0036191134045751
2021-02-19,CHD,0.010765240973342069,-0.003109974876297637,-0.006611006435847686,-0.02545589304203506,14.2118683198079,0.0060395757994392
2021-02-22,CHD,-0.01906881950573679,-0.022902950312924105,-0.016721643659832332,-0.01148354465941114,14.121156067438207,0.0055158262565519
2021-02-23,CHD,-0.00664414421248664,-0.001104277152715327,0.001622118258586231,0.006313474390993807,13.908181804299105,0.0044577627889967
2021-02-24,CHD,-0.00892709249131913,-0.009865158878774077,-0.01888228957000211,-0.01843320213955504,14.307337443228887,0.0066445898175612
2021-02-25,CHD,-0.010391610684309154,0.0023516006869083094,0.0016503963729887696,-0.002013643047100205,13.936223519415252,0.0045845353703628
2021-02-26,CHD,0.005146793142614699,-0.00869224504324172,-0.001142263370369305,-0.008093945653513956,14.253766134056512,0.0062979968306854
2021-03-01,CHD,-0.012472817967790041,0.0007478598852091898,-0.0019072285277924987,-0.00076231025819255,13.97601330633415,0.0047706310186501
2021-03-02,CHD,-0.0033015534779009766,-0.004872294410852576,-0.0005092095573010245,0.006712661098393618,13.993155362447222,0.0048531144610133
2021-03-03,CHD,0.0022870513002398313,-0.006407315985553693,-0.002421940842692418,-0.010022125850031044,13.946101005245376,0.0046300434764942
2021-03-04,CHD,0.0007608065975736769,0.003020165078875176,-0.008331025229298104,-0.006524169280385633,14.330906322708985,0.0068030555442688
2021-03-05,CHD,-0.01006813045089284,0.008384083517437703,-0.0010299072566250199,0.025844011862340612,14.478147498809554,0.0078822477753849
2021-03-08,CHD,0.01991097186143515,0.015579332856960929,0.01914091725536816,0.010822064769046518,14.226759573650243,0.0061301856893259
2021-03-09,CHD,0.016932369900689533,0.010980781658770845,0.013931516338717313,-0.005209927535529182,14.15184064162509,0.0056877006216732
2021-03-10,CHD,-0.005819358887962669,-0.006329932248798908,-0.00826039291742093,0.009160745796161763,14.019105065827203,0.0049806996871317
2021-03-11,CHD,0.0028518831141121615,0.007057563685234806,0.009879247854791972,0.0043035413500002,13.955794972522721,0.0046751452602494
2021-03-12,CHD,0.014871743132605985,0.00905333404795603,0.017271826513330178,0.017032281772513938,14.137449843836599,0.0056064361464385
2021-03-15,CHD,0.019091950010517,0.003957573344346382,0.00024454742636803416,0.0,14.38286829948776,0.0071659014261915
2021-03-16,CHD,-0.007931020210549956,0.0022712946301286473,0.009128999920679465,0.006013098230037497,13.962637486039348,0.0047072447279671
2021-03-17,CHD,0.010321680708679302,0.00011936586800048877,-0.0054675148393932334,-0.014979787223864149,14.082327203548438,0.0053057575880703
2021-03-18,CHD,-0.01831582569180926,-0.010080339200500641,-0.014356827442511337,0.0012164837851809248,14.399680133523319,0.0072873918166673
2021-03-19,CHD,0.0017011747976098373,0.0122274837395097,0.017276705043859846,0.010039413137872278,15.085692643181076,0.0144711714274105
2021-03-22,CHD,0.00870271366565061,0.008896054500097134,-0.00012178413479332286,0.016945308591725897,14.367785755281597,0.0070586323188818
2021-03-23,CHD,0.02249194942321276,0.015933154006508996,0.02020543021655106,0.01409988723166918,14.2264281077925,0.006128154077445
2021-03-24,CHD,-0.001530964137136789,-0.01098526103616491,-0.011134473538694744,-0.0133898676883568,14.083092723936797,0.0053098208118321
2021-03-25,CHD,0.005054644694883737,0.011101212761972274,0.015885367416436636,0.016767378356329084,14.45557389469093,0.0077063101865019
2021-03-26,CHD,0.004212441576377992,0.01728146655200346,0.010139143311575612,0.01557565394330979,14.663008826839784,0.0094827516151314
2021-03-29,CHD,0.0231993864283559,0.020239395590972084,0.025822332265543594,0.013983314301623322,14.610898843876795,0.0090012595993661
2021-03-30,CHD,0.0003422866458296607,-0.010916609581299544,-0.003091152699784727,-0.007478741155679745,14.17465315474181,0.0058189427491771
2021-03-31,CHD,0.00432424293453507,0.001243696115204258,-0.0033311614071330087,-0.006504573145943553,14.616211297703254,0.0090492056397545
2021-04-01,CHD,-0.013490508137583415,-0.014113618973883609,-0.019986696412173696,-0.009431818706575364,14.377010854811106,0.0071240502214456
2021-04-05,CHD,-0.0011513391943228832,0.008105838712405979,0.01652968855259438,0.01080504995030113,14.341954183327513,0.006878631506237
2021-04-06,CHD,0.0027616137598666084,0.009618089227452607,0.004377192507170911,0.008424274851754633,13.966084276658332,0.0047234976230141
2021-04-07,CHD,0.01799387340655016,-0.0009013558300193358,0.0063019466681728436,-0.0039757076636424485,14.061355276843218,0.0051956442241274
2021-04-08,CHD,-0.008159488903104193,-0.004858360294934649,-0.007106757764418201,-0.006279534411096361,14.204982453732844,0.0059981309170696
2021-04-09,CHD,-0.0071949542804969745,-0.0023816471804760514,-0.00600004746804083,-0.005973856755695653,14.100013331797976,0.0054004307017187
2021-04-12,CHD,-0.0005729545171207735,-0.0036393622465529323,0.0010412723516116072,0.007118626930953459,14.113688109678527,0.0054747876965584
2021-04-13,CHD,-0.0028710713693192768,-0.003195587280467081,0.0018480634782348502,-0.007233549338656439,13.862395098061143,0.0042582585022957
2021-04-14,CHD,-0.0017265946574620582,-0.004238585124637967,-0.0052063347478443055,0.0012667317433128023,13.872364314289724,0.0043009223517939
2021-04-15,CHD,0.0023013411666346485,0.008800400762008895,0.00854691543720054,0.008594443273119142,13.814210713532416,0.0040579415708423
2021-04-16,CHD,0.01154264929040788,0.004088433759978611,0.0039030128198392013,0.0034175830385664453,13.777809729201323,0.0039128844825484
2021-04-19,CHD,-0.014304809706136725,-0.00956510224466643,-0.019317038068855454,-0.0068463370155794675,14.083092723936797,0.0053098208118321
2021-04-20,CHD,0.007234858246325916,0.031977180128993206,0.020461636031752727,0.020735849656367735,14.049555275073514,0.0051346958677014
2021-04-21,CHD,0.025086383644770456,-0.000997488908986125,0.020164095549805954,0.008042362775631619,13.851554113909947,0.0042123440737881
2021-04-22,CHD,0.00033447881753309426,0.0006650733454297781,-0.001122301193777339,-0.0028968746685584116,13.828921231553528,0.0041180772825159
2021-04-23,CHD,-0.004584270089703919,-0.004666626289756025,-0.01972847812390352,-0.023365781452805625,14.163629705234886,0.0057551501361179
2021-04-26,CHD,-0.021065239560828175,-0.0253776802817506,-0.02082679184610213,-0.017163231430136077,14.427177039102622,0.0074905530047539
2021-04-27,CHD,-0.023508788262257725,-0.01961080392463627,-0.013773831838714319,-0.01521926545979287,14.240190538975494,0.0062130754540652
2021-04-28,CHD,-0.006111789528436055,-0.007366183694001037,-0.005110156243941826,-0.004374162467874371,14.036332215768834,0.0050672463532566
2021-04-29,CHD,-0.0042534505391159235,0.011551226414307437,0.003805318745043015,0.018547201673663957,14.064088690444521,0.0052098655072934
2021-04-30,CHD,0.01806927159234662,-0.0012769101298501686,-0.0003561179996086357,-0.0027952998518475953,14.706278742947841,0.0099020763073422
2021-05-03,CHD,-0.0027944882585277816,0.019440537985068382,0.014382052321479816,0.01974781607590534,13.926963377792411,0.0045422778432408
2021-05-04,CHD,0.02214106555191451,0.019516665498523444,0.022566409972371932,0.022277144864923434,14.281945953629783,0.0064779976433302
2021-05-05,CHD,0.01359317937403718,-0.0021250595683075546,0.0035409035502856137,-0.012717597420711161,14.15176920034729,0.005687294299297
2021-05-06,CHD,0.00022493574135997544,-0.0015687304472044887,0.006251721719708902,0.0021496049177575434,13.704580114574805,0.0036365852667506
2021-05-07,CHD,-0.0051875922374809424,-0.0033695043402166974,-0.009792659306281634,-0.011937915178837539,13.612415927142996,0.0033164032343261
2021-05-10,CHD,-0.010342791397776748,0.010409200467957066,0.0016007395414686832,0.022170349986943345,13.993824930040393,0.0048563650400227
2021-05-11,CHD,0.025046251123133873,0.00211317138451287,0.0038767045198319595,-0.01465003316947657,14.128349281665296,0.0055556458494169
2021-05-12,CHD,-0.013460464723960293,-0.01624210768583705,-0.005935297701664963,-0.007863513477364872,13.959438592721357,0.0046922108000487
2021-05-13,CHD,-0.01545010481214041,0.011333163602379015,-0.00687956493545291,0.016986956231396913,14.107210298767061,0.0054394376498313
2021-05-14,CHD,0.021280708309685068,0.001342561443790393,0.022744846372143253,-0.0010160842490850035,13.696052244813847,0.0036057047661614
2021-05-17,CHD,0.00045047100059966954,0.00033558786278096384,-0.0033957592009775037,-0.0029403750556864943,14.076721080204011,0.0052760960546097
2021-05-18,CHD,-0.008704201958967567,-0.00639283914350296,-0.007626483001012391,-0.005110102947423011,13.794798537295257,0.003979927674617
2021-05-19,CHD,-0.0007949416889661805,-0.009836542915236954,-0.010682904294603009,-0.0015949686344061099,13.75139967870821,0.0038108975661289
2021-05-20,CHD,-0.003984717579252038,0.006568488740009768,0.008051640380518157,-0.0036554581776631666,14.01902348318925,0.0049802933647555
2021-05-21,CHD,-0.002169819999736226,-0.009185247352743595,-0.0033277752012438352,-0.0021766932701877914,14.224569865857625,0.0061167770509121
2021-05-24,CHD,-0.000914970587951685,0.0004556594491243851,-0.0021862562301644874,0.0001146906212612568,13.607010515216675,0.0032985250497744
2021-05-25,CHD,-0.004357908689413136,-0.007429182804303218,-0.012285843397777487,-0.0033312884952126586,14.209847982411373,0.006027386128154
2021-05-26,CHD,-0.002877406324438139,-0.0008033854540933095,0.002445937301715202,-0.002880721791971966,13.856269510497425,0.0042322538702206
2021-05-27,CHD,-0.0040422451677893665,-0.00011482850556564828,-0.00852852402346915,-0.015700793088319134,14.72425327511181,0.0100816707976108
2021-05-28,CHD,-0.014571602311903941,-0.00783860552695708,-0.0008216739989429622,0.004911176439213895,13.682665786704199,0.003557758725773
2021-06-01,CHD,0.01028073406981219,0.004733856180016962,-0.009082677033069909,-0.010081853446363765,13.930535125877698,0.0045585307382877
2021-06-02,CHD,-0.012396637953078144,-0.016257059481115627,0.002603269110622457,0.0027060142029692326,13.896907117996752,0.0044077851367274
2021-06-03,CHD,0.0027029233447115665,0.01059704991846689,0.006009698148903534,0.012959262391700409,14.320097360695422,0.0067299175165576
2021-06-04,CHD,0.012478946305187883,0.0034688867678164593,0.00702405301334379,0.00301130351520127,14.323292153373421,0.0067514526024948
2021-06-07,CHD,0.002199835507153019,-0.00023075901668442509,-0.004208474911602274,-0.005217662968315927,14.134982679438183,0.0055926211856486
2021-06-08,CHD,-0.004404243802274788,-0.0016176571452464444,-0.004461554799101906,-0.01040023554255111,14.206336365831138,0.006006257364593
2021-06-09,CHD,-0.008047078443999092,-0.005450229810147571,-0.006730031783132736,-0.00695464063866448,13.95082872835025,0.0046519848848076
2021-06-10,CHD,-0.01142344284925874,-0.007704177888897407,0.0002367544322910628,0.0022448473781461024,14.641526849388583,0.0092812157165495
2021-06-11,CHD,0.002838523336331558,-0.0071734754144283895,-0.004392002158719872,-0.0004722204646127291,14.032797794493208,0.005049368168705
2021-06-14,CHD,0.0036547750402645155,0.004122368903418461,-0.0013093264825191219,-0.0017726269135334217,14.148477372050438,0.005668603469993
2021-06-15,CHD,-0.0016490315645275107,0.006677086824989318,0.006884995421490275,0.007659134838133542,14.366806690486635,0.0070517248384868
2021-06-16,CHD,0.010668830979651846,0.004077885133288981,-0.007123533303768891,-0.01121441078106478,14.129591834730508,0.0055625533298118
2021-06-17,CHD,-0.020857207545466577,-0.005246096971569375,-0.004298358097681313,0.014378740307609883,14.207215426726195,0.0060115395554833
2021-06-18,CHD,0.011366610746314032,-0.005744002539560865,0.0003590738244422545,-0.021048243191860962,14.82932755775914,0.0111986510097111
2021-06-21,CHD,-0.013035077549586774,-0.009212387485971177,0.0007174071345173409,0.0032212423931720483,13.980517240436939,0.0047921661045873
2021-06-22,CHD,0.001668657411593232,0.0022520008141647275,0.0009558443684761993,-0.00011894110535564032,14.036733065254419,0.0050692779651375
2021-06-23,CHD,0.000594853262012393,-0.005222887699655353,-0.00851505643079846,-0.010659709107309566,13.590741936939253,0.0032452968184957
2021-06-24,CHD,-0.015349554153784264,-0.008605007729219512,-0.007616223136434468,0.001564360180470589,13.925710245918017,0.0045365893299744
2021-06-25,CHD,0.004942446655068179,0.01654695883159255,0.003996832231217342,0.012544208083536004,15.661490026265167,0.0257376782739425
2021-06-28,CHD,0.0159848767669538,0.009400659745451092,0.017968707833116587,0.0098055183722254,13.991060069467007,0.004842956401609
2021-06-29,CHD,0.011062842264161165,0.0018696118370884276,0.0037918920979603385,-0.001411734654587267,13.76063295286615,0.003846247612856
2021-06-30,CHD,-0.004104858405388978,0.0027979003723450266,0.005896311842699487,0.0032910773256764818,13.958832243884162,0.0046893665434155
2021-07-01,CHD,0.0062095647277089225,-0.0004656680929839655,-0.003769476138677842,-0.003761942350381767,13.790706464160102,0.0039636747795701
2021-07-02,CHD,-0.006091943891996349,-0.0013986623958410305,0.003299123183516862,0.004348513350351489,13.604914210233325,0.0032916175693795
2021-07-06,CHD,-0.0005877182666351233,0.002097117853254883,-0.0007061649061835251,0.0029275187363916313,14.263716458521948,0.0063609767989923
2021-07-07,CHD,0.007846938111725462,0.021758860108783144,0.006453671738497544,0.012896024723272155,14.069998500872115,0.0052407460078826
2021-07-08,CHD,0.012174689846927692,-0.0013674923608118501,0.004085167202206009,-0.0013861317363547824,13.862490513265247,0.0042586648246718
2021-07-09,CHD,-0.0017303636943817057,-0.005947911686260705,0.005227833810284678,0.005417976806482684,14.459993091477184,0.0077404412661005
2021-07-12,CHD,0.0034575734660383817,-0.0021817616154452997,-0.0011592845464857451,-0.005302476839788589,13.823082815917424,0.0040941042623217
2021-07-13,CHD,-0.009130385613471428,-0.0025325373863421654,-0.005000888606384309,-0.005679506044868074,13.998499392079191,0.0048791190930884
2021-07-14,CHD,-0.010504174336778005,-0.007520102130309756,-0.01113784276048071,-0.0008139446657535145,14.152483383555634,0.0056913575230587
2021-07-15,CHD,0.009574832250094773,0.004056110902915026,0.0027077923238501903,0.0057996055753449915,13.681637392656407,0.0035541018243874
2021-07-16,CHD,0.008793196433148378,0.013441465349835398,0.016326782380137177,0.010012159017735585,13.874723360102745,0.0043110804111982
2021-07-19,CHD,0.004138508821761481,0.014501378681171968,0.0015027754180738824,0.002059118650288892,14.285014687480789,0.0064979074397627
2021-07-20,CHD,0.0036643181103978373,-0.0024774369792193414,0.0043794245492755485,-0.005959896569756837,13.934981945330232,0.0045788468570964
2021-07-21,CHD,-0.00884002957783729,-0.019699043275190013,-0.02373872165609617,-0.023848095978640273,14.47069675158259,0.007823737353216
2021-07-22,CHD,-0.023686983749709074,-0.01693184808516491,-0.010416720145263228,0.002586737657062353,13.951090725415636,0.0046532038519361
2021-07-23,CHD,0.0010621365032752628,0.012552531958156025,0.0024957271000575327,0.01538137385877039,13.42246945133505,0.0027426760391694
2021-07-26,CHD,0.017074420672317056,0.004494372283449914,0.020326170687257717,-0.0004626624573796804,13.885876752677717,0.0043594327739628
2021-07-27,CHD,0.004281148624297573,0.01483695698841172,0.005567060163275456,0.007032083013243426,13.906448466031197,0.0044500426638494
2021-07-28,CHD,0.0031128829489335133,-0.013917211963225505,-0.0075459995158299225,-0.008652720053243322,13.755443093406903,0.0038263378164235
2021-07-29,CHD,-0.0016130463537746657,0.0020653100961971634,0.005346017247904719,0.007043173573678833,13.757034688425263,0.0038324326520661
2021-07-30,CHD,-0.009847587248263569,0.011512129666143726,-0.011893632153864981,-0.0038041535645824006,14.660778216027545,0.0094616228515704
2021-08-02,CHD,0.004530397979915978,-0.01726047605494617,-0.010139220947209683,-0.011383606561477197,14.302249000829136,0.0066108650603388
2021-08-03,CHD,-0.014240918550840672,-0.008917794579603486,0.0009475799519975205,-0.005388284392165654,14.391281432642065,0.0072264434602413
2021-08-04,CHD,-0.004123247898037613,-0.00829397937045552,-0.018640764303298512,-0.016222079549101907,14.235799251821454,0.0061858518548616
2021-08-05,CHD,-0.004021777699315293,-0.009073307264432362,0.004452632555887261,-0.00023878818250865327,13.936489370570301,0.0045857543374913
2021-08-06,CHD,-0.004514070414475868,-0.001895646906706514,-0.003729166646237586,-0.002869628345624066,14.024150234763585,0.0050058916744545
2021-08-09,CHD,0.00011889986974792944,-0.0004746869920804666,0.005049099120500817,0.007396597899795436,13.495168920872203,0.0029494941286416
2021-08-10,CHD,0.001070811451612287,0.0010673462794596716,-0.0009598300979152586,0.0,13.78391771847082,0.0039368575027426
2021-08-11,CHD,0.0035614196580682853,0.004611963887465726,0.009913636242267345,0.0014255063322591505,13.403022345492023,0.0026898541302669
2021-08-12,CHD,0.004138762386046683,0.00011785475067154855,-0.0009513240407870322,0.0008304582755560999,13.285843544764926,0.0023924261509081
2021-08-13,CHD,-0.0016080998467700117,0.008768598613006743,0.003956099615301556,0.012212765715394104,13.572420644024458,0.0031863800739506
2021-08-16,CHD,0.01202017449831674,0.0129351709053771,0.013575336362475278,0.012959334158736966,13.692439691339485,0.0035927024501239
2021-08-17,CHD,0.009791199982373041,0.00554186360077762,0.00782464963355654,0.004397937140262192,13.67980652114242,0.0035476006663686
2021-08-18,CHD,-0.0020899179443886477,-0.0017284333168145222,-0.014884308148893475,-0.021478353692902408,13.82089702486912,0.0040851651700459
2021-08-19,CHD,-0.012397798472337903,-0.0009230885026459345,0.0008261914322263584,0.019166167635073627,13.469494321926092,0.0028747308114257
2021-08-20,CHD,0.01599468059253502,0.004147478530840516,0.013360088412177333,-0.004292132713249381,13.676249640055394,0.0035350046727073
2021-08-23,CHD,-0.00278364204771806,-0.010168940099175098,-0.011592019659947283,-0.012870261104493672,13.704915253565664,0.0036378042338791
2021-08-24,CHD,-0.016984164953681942,-0.016984164953681942,-0.021186198484233986,-0.02118358663675278,13.758623754293767,0.0038385274877087
2021-08-25,CHD,-0.018600808772657393,-0.018600808772657393,-0.010399129897070935,-0.009426032683528922,13.769258220786021,0.0038795660477022
2021-08-26,CHD,-0.008460445336966728,-0.0041004939992149575,-0.004874018094039419,0.00024257144366344097,13.730607139486345,0.0037324773475275
2021-08-27,CHD,0.00012148871786985555,0.0027757373061964,0.00170865636420562,0.003997943171070964,13.73755009757506,0.0037584819796026
2021-08-30,CHD,0.0038759664028008125,0.007802615510921389,0.008136517726886856,0.01022440115527742,13.46126266634981,0.0028511641136077
2021-08-31,CHD,0.011299681907691851,0.003342662610999845,0.006149536775622991,0.0011961999538991882,14.096923772119156,0.0053837714842956
2021-09-01,CHD,0.0033411790653633546,0.006769922031656902,0.005753192642669377,0.007976587374302693,13.667707522481088,0.0035049368168705
2021-09-02,CHD,0.005939057106755017,0.004016592958445491,0.003936422624354042,-0.0002371501181247728,13.661544361118985,0.0034834017309333
2021-09-03,CHD,-0.003678062437014038,-0.000589692888524096,-0.0017873282316415537,0.0009484515004493943,13.346787708170261,0.0025427654300922
2021-09-07,CHD,0.0037964192425427915,-0.002007417402603352,-0.006460908348324144,-0.00475118419273647,13.910094110202355,0.0044662955588964
2021-09-08,CHD,-0.003677632538588092,0.01885182469630057,0.008724229858995822,0.007236433542577026,14.290253563602274,0.0065320385193612
2021-09-09,CHD,0.00663359404971155,-0.01719835028264273,-0.013054807694346452,-0.013566685051754556,14.81566475066821,0.0110466864410223
2021-09-10,CHD,-0.016307007864986327,-0.016059421814354078,-0.0065312392379776475,-0.009027054163889717,14.440914621483035,0.0075941652106781
2021-09-13,CHD,-0.00783091539937215,0.01014144815086972,0.0032709017553049697,0.007588075881482923,13.784846174793298,0.0039405144041282
2021-09-14,CHD,0.011305210181101352,-0.005475351607006952,0.003019333549721333,0.004430041593865818,14.208633817819829,0.0060200723253829
2021-09-15,CHD,0.001553413476517675,0.0020270477686671483,0.004211529051616864,-0.0007169865152540224,14.046543704412192,0.0051192556174068
2021-09-16,CHD,-0.0029895397489143726,-0.0025046129912876572,-0.008440867918398301,-0.001914607955365241,13.646501199361914,0.0034313924667831
2021-09-17,CHD,-0.003599512115820775,0.002861788741945738,0.007479577109944136,0.0011968218750493594,14.684374615693851,0.0096875380927227
2021-09-20,CHD,0.004078448644256907,-0.00011891873275623686,-0.0028885684984183272,0.001315278897533994,14.462457243265826,0.0077595384177806
2021-09-21,CHD,0.0038230850348414907,0.008419749179874836,0.00911926531526134,0.005005348492680671,14.475049764440074,0.0078578684328145
2021-09-22,CHD,0.008549011524096269,-0.0008270728686203797,-0.008276031734794525,-0.010876954723732717,13.812908174700434,0.004052659379952
2021-09-23,CHD,-0.02006258374805946,-0.012726710724371135,-0.0037403586572535884,0.000720967421723668,13.75342342970647,0.0038186176912762
2021-09-24,CHD,0.005293315027125908,0.0005980953946336462,-0.0018151972616702494,-0.003488831052308131,13.919961560140079,0.0045105846978993
2021-09-27,CHD,-0.00734615347724842,-0.006240134927235474,-0.002910736386417624,-0.005074288401306971,13.859049817374183,0.0042440372191296
2021-09-28,CHD,-0.0033903224711765794,0.006000977500067888,-0.0037725051993616763,0.00892331296231248,14.299910683560581,0.0065954248100442
2021-09-29,CHD,0.008454207185113884,0.012958673175266128,0.013683140141604879,0.011458691282597378,13.834333293558648,0.0041404250132054
2021-09-30,CHD,0.012430057093904594,-0.0039054803145036694,-0.007363085838076403,-0.02026076443491909,13.992736654924217,0.0048510828491325
2021-10-01,CHD,-0.01797766528411273,-0.015776779292613723,-0.01341664483082656,-0.004004831196737676,13.97063305114222,0.0047450327089512
2021-10-04,CHD,-0.0031491514480611114,0.001204032490717992,0.0011045547056340792,-0.006220501346353184,14.171856147671855,0.0058026898541302
2021-10-05,CHD,-0.009630122273417448,-0.014421900680929444,-0.005658061178661284,-0.006505963728636462,13.92973259411456,0.0045548738369021
2021-10-06,CHD,-0.006389856803377469,0.011771181261587826,-0.0038312553780388754,0.018667024155664454,13.971317864826906,0.0047482832879606
2021-10-07,CHD,0.02170550597337444,0.009844012622026811,0.0261532597782793,0.0030173207073790455,13.842542870345568,0.004174556092804
2021-10-08,CHD,0.0006029933433563673,-0.003470272871359983,-0.0037464230209754315,0.0020466626751445027,13.66793935251362,0.0035057494616228
2021-10-11,CHD,0.0022879465697025238,-0.0007194815594529461,0.001451939085483122,-0.0018056162606722751,13.250934236903083,0.0023103490309211
2021-10-12,CHD,-0.005064500147209225,0.0019174994330884163,-0.004969357051906131,-0.005315334815779062,13.596609245616527,0.0032643939701759
2021-10-13,CHD,-0.0032696046907266588,-0.004079337123261182,-0.00024328598085740562,0.0067599165068624985,13.644248815329103,0.0034236723416358
2021-10-14,CHD,0.010736950654919216,0.005395717162322518,0.00967635169335694,0.0030035661270436656,13.342624378158698,0.0025322010483117
2021-10-15,CHD,0.0020377300717047526,0.004057233560017931,-0.0016866354149798113,0.0009589495494786765,13.648512199021129,0.003438299947178
2021-10-18,CHD,-0.0031182782441105733,-0.0056129712350252384,-0.002172601923341632,-0.006371344411544077,14.035770756408954,0.0050644020966234
2021-10-19,CHD,-0.007838753359923907,-0.0017983275200850208,-0.018045196431210712,0.004932098329063143,14.300033889300153,0.0065962374547966
2021-10-20,CHD,0.011196359884071368,0.01712921900760762,0.02442872391164181,0.0032350392548925705,14.074330857692985,0.0052635000609483
2021-10-21,CHD,0.008226509621379049,-0.004610295885207824,0.00407367615931889,0.0023894486139234526,13.730062685337167,0.0037304457356466
2021-10-22,CHD,-0.003806716060358882,0.006024584967137161,0.002984988245774244,0.010446495472946153,13.723067364424427,0.0037044411035715
2021-10-25,CHD,0.003925565548271744,-0.00780334088143946,-0.014167603134770156,-0.010923852777403367,14.101441848691767,0.005408150826866
2021-10-26,CHD,-0.006073379496366004,0.006152998314045655,0.01034524286955542,0.00997855703601246,13.541601204692864,0.0030896753484214
2021-10-27,CHD,0.012581837242834914,0.004120488716092794,0.0026294913529929785,-0.006165402354153148,13.932672067179775,0.0045682824753159
2021-10-28,CHD,-0.008291002145779538,0.007257279428112986,0.0008350701569549066,0.014288377753086523,14.655870549759838,0.0094153021006866
2021-10-29,CHD,0.027103166183246992,0.030439391136780968,0.02764066541867856,0.02398028714166599,14.835657033895142,0.0112697574255414
2021-11-01,CHD,0.01698655801139549,0.0014696416443493706,0.007972800112304099,0.003199987331772387,14.220976332738882,0.0060948356425988
2021-11-02,CHD,0.00034142626010900154,0.01056319548561171,0.006995934511675483,0.016185151229374035,14.033039174997754,0.0050505871358335
2021-11-03,CHD,0.012323981587740953,-0.00011198815830948786,0.006720007960420337,-0.0017980869208889,13.776146874591237,0.0039063833245296
2021-11-04,CHD,-0.0027004658798506125,-0.001118465681818207,0.0013614329704902475,0.0049366468340021775,13.623382272005935,0.0033529722481817
2021-11-05,CHD,0.00841519877536581,0.004021012687974269,0.004411517347283119,-0.006399837021672318,13.77124618692546,0.0038872861728495
2021-11-08,CHD,-0.009655227713885158,-0.010420668255960308,-0.017534150853889208,-0.003949922163762014,14.048129872096508,0.0051273820649303
2021-11-09,CHD,-0.0009030485060711195,0.010420756484254088,0.012215364639705925,0.013813404307618042,13.796532610526164,0.0039868351550119
2021-11-10,CHD,0.015573837510291677,0.013727807917690581,0.017211985498827843,0.008219676579202665,13.680379028660766,0.0035496322782495
2021-11-11,CHD,0.0023318082650641545,-0.006176411967075645,0.0021166410602782284,-0.0012177374331586166,13.245113611634045,0.0022969403925074
2021-11-12,CHD,0.004911083827604146,0.005236947939415945,0.002026617537442186,-0.0013003626496989975,13.506810479943264,0.0029840315306163
2021-11-15,CHD,-0.0034370266695125246,0.00857141490922835,0.00033402801520514026,0.013695826041235837,13.670139061418306,0.0035134695867701
2021-11-16,CHD,0.013568187780146937,0.003822513515901646,0.01118332604899747,-0.0006583527952395309,13.541206598169632,0.0030884563812929
2021-11-17,CHD,-0.00153507815416011,-0.0013088442212493001,0.00044034796467579595,0.004271869051194494,13.567947513009317,0.0031721587907846
2021-11-18,CHD,0.003942670742729097,-0.0013106003856054019,-0.00242421129331102,-0.002955422907099097,13.74261830805916,0.0037775791312827
2021-11-19,CHD,0.005450089286650912,0.01690533826238852,0.012498676042534766,0.011011199341636012,14.357428370839829,0.0069859006135467
2021-11-22,CHD,0.0026056672299048017,0.01482616730644908,0.0016330513804552033,0.016346197056986332,14.08691156015281,0.0053301369306407
2021-11-23,CHD,0.016452902603919586,0.0015869459275765817,0.01597107153035271,0.004045159166234853,13.881111951552748,0.004338710332778
2021-11-24,CHD,0.0006396423690944619,-0.0058309303984539615,-0.006767417588512964,-0.007999674916399337,13.599343861696543,0.0032733330624517
2021-11-26,CHD,-0.003523581482542893,0.007415268078841754,0.005374635660702844,-0.00042844653065329824,13.40272018549903,0.0026890414855146
2021-11-29,CHD,0.00426942063423409,-0.004018590107014052,-0.0037591859446800147,0.004382962280817745,13.93764057623102,0.0045910365283816
2021-11-30,CHD,-0.010385093750836566,-0.010867505673277813,-0.04388461649817959,-0.04773485625207044,15.152457362100217,0.0154703181504205
2021-12-01,CHD,-0.03248477200248137,-0.010661672822513284,0.008843375913618345,0.014440105953449195,14.891297997019608,0.0119145910365283
2021-12-02,CHD,0.011055993825865763,-0.003470667095222819,0.010090460149733927,0.004181822976174951,14.377638046081094,0.0071285197675836
2021-12-03,CHD,0.009520242726419062,0.003795444601045855,0.009115431666582768,0.01385051115936448,14.110193814828527,0.0054556905448783
2021-12-06,CHD,0.00553884597832327,0.02120435992083595,0.008599484130066734,0.019519981553483064,14.664721301908303,0.0094990045101783
2021-12-07,CHD,0.016008830661310234,0.0032794493613250717,0.003570320253879512,-0.012935204754646787,14.262885708453881,0.006355694608102
2021-12-08,CHD,-0.009531331417135379,0.008099923707637862,0.0020501746357845857,0.02192293505229844,14.669670960012422,0.0095461379058144
2021-12-09,CHD,0.02476332551462501,0.008450200437650863,0.02016588720254877,0.005667958513763501,14.08515670657986,0.0053207915159887
2021-12-10,CHD,0.003981208945270738,-0.0019757062873270153,0.00663279241832839,0.0011507848294027173,14.144815024531075,0.0056478810288082
2021-12-13,CHD,-1.1211740320722927e-07,0.021012103033941347,-0.0015753450214809667,0.021819693318671726,14.2877622833472,0.0065157856243143
2021-12-14,CHD,0.023151151082373454,0.0010188062281229833,0.020080866717949994,0.0015332862706960713,14.204372594733666,0.005994474015684
2021-12-15,CHD,0.0016334400130651023,0.01886193313563512,0.009840250807131396,0.012080781698397334,14.606011737397626,0.0089573767827394
2021-12-16,CHD,0.009441130657569855,0.016057301005610963,0.005999791533470996,0.02432330501020589,14.377181945991145,0.0071252691885742
2021-12-17,CHD,0.025241960157966613,0.005589016865429026,-0.011010400846619615,-0.03456748337482491,15.381498233406052,0.0194522774369184
2021-12-20,CHD,-0.03498912570322848,-0.03078067455797875,-0.0012307870821709488,0.00761709352895692,14.383775122885414,0.0071724025842103
2021-12-21,CHD,0.0043775268299694236,-0.0036369286521630725,-0.006797367783181669,-0.004461711921126034,14.466637630719468,0.0077920442078745
2021-12-22,CHD,0.000609320203502007,0.00766214418554444,0.015076470800052439,0.010111331797586384,13.859049817374183,0.0042440372191296
2021-12-23,CHD,0.01120617852193642,0.007703630639538892,0.011738845775100093,0.0013071243953667534,13.472599033558158,0.0028836699037015
2021-12-27,CHD,1.1071767023119306e-07,0.00019945573841139672,-0.0003017334125286129,0.00830474430421692,13.421580168468209,0.0027402381049124
2021-12-28,CHD,0.008795605792639178,0.004076905674038379,0.0058197198047389145,-0.0017951823296995606,13.748944382524424,0.0038015521514769
2021-12-29,CHD,-0.0005973058573084152,0.004653178098263044,0.003096725230179648,0.007953862200052666,13.723396365547096,0.0037056600707
2021-12-30,CHD,0.007736612311169396,0.003549631149739508,0.0006979636456960395,0.004347807238494769,13.91218435307705,0.0044756409735484
2021-12-31,CHD,0.0045346189275368015,0.013685387908989124,0.010805440930094614,0.010592426071008836,14.093597493973883,0.005365893299744
2022-01-03,CHD,-0.0029550828259304177,-0.011326112977501468,-0.016302585151326206,-0.007737223979884441,14.231916265523678,0.0061618788346674
2022-01-04,CHD,-0.004746478725807944,0.006947525379918571,-0.00210690947137978,0.0010808572333362344,14.202744483410122,0.0059847222786558
2022-01-05,CHD,0.011628220755858695,0.0065123099706213715,0.024602187526265855,0.007046609507996381,14.187212725479453,0.0058924870992645
2022-01-06,CHD,0.0043990081024921765,0.00752824337090934,0.0020556801579953154,0.0016564877563014343,14.112574235218782,0.0054686928609158
2022-01-07,CHD,0.0018516181544617186,0.003742993074143131,0.0015633902566109038,0.008627853474968345,14.492579676415662,0.0079968306854658
2022-01-10,CHD,0.008241658452232924,1.4076970690308353e-09,-0.0005859694944236446,-0.007751930981700293,14.636215512060472,0.0092320507090325
2022-01-11,CHD,-0.009995887059473855,-0.014182092477995506,-0.019832139744726803,-0.009579019757565975,14.74932720975503,0.0103376538945999
2022-01-12,CHD,-0.011674333074560483,-0.0019451880063302994,0.0030844074831367246,0.007631302178295552,14.508158113732536,0.0081223842997033
2022-01-13,CHD,0.011284351022563968,0.012576607180783995,0.013028513748686972,0.006702959950948608,14.65548207468793,0.0094116451993011
2022-01-14,CHD,0.006806609704553754,0.0037421842211761485,0.00868918221567046,0.008963335229386376,14.103543318917653,0.0054195278533988
2022-01-18,CHD,0.010699397951615303,0.0008615595009497878,-0.004384114213560617,-0.009641437174595141,14.74830475539031,0.0103270895128194
2022-01-19,CHD,-0.008666370005004986,0.0032483165496458464,0.0034115052457164784,-0.002813451613686799,14.500928444342026,0.0080638738775344
2022-01-20,CHD,-0.00854710314092392,-0.007467706185345861,-0.009483309939289341,-0.009272395020010466,14.306358551121898,0.0066380886595424
2022-01-21,CHD,0.0014622805013091197,0.0035495667896170177,0.008510015158599863,0.01382843406329314,14.390437669882832,0.0072203486245987
2022-01-24,CHD,0.012870852837908939,0.00047860141731963945,-0.019374276884387524,-0.009523091501835132,14.626352325824717,0.0091414408191459
2022-01-25,CHD,-0.015016096540016191,-0.01601585629451022,0.0006948472646332222,-0.0077432903279097244,14.376212042032586,0.0071183617081792
2022-01-26,CHD,-0.04114754030738726,-0.019544092658488898,-0.031451143594928344,-0.026724256481338582,15.077091958116375,0.0143472431026776
2022-01-27,CHD,0.01102549668885062,-0.004273516329085631,0.005718570679087794,-0.002934798502855407,14.774362954255125,0.0105997318272317
2022-01-28,CHD,-0.02805291358923127,0.026343312261793872,-0.024219102579121302,0.04304948647538532,15.037402157464836,0.0137889561578156
2022-01-31,CHD,0.05866277212212557,0.006960274431657851,0.054703583735152085,-0.0034041520527206713,15.372981475441339,0.0192873105521921
2022-02-01,CHD,0.004186494423810802,-0.005797032157067756,-0.0039583122176911805,-0.0048826776296321895,14.254926749854718,0.0063053106334565
2022-02-02,CHD,-0.007411065369732495,0.0035788946299936753,0.0082947529932662,0.010129645037628773,14.40662556666877,0.007338182113689
2022-02-03,CHD,-0.0015672018594349057,0.005008168877450593,0.003141879010882735,-0.0014546973593047637,14.287512813624984,0.0065141603348096
2022-02-04,CHD,0.0017629596120451547,-0.015100468836161488,-0.01600829527929419,-0.02019478183400441,14.812348854665528,0.0110101174271667
2022-02-07,CHD,-0.007464911210519279,-0.006948851391390706,0.00288460858244407,0.0015832088506123612,14.268813631012295,0.0063934825890861
2022-02-08,CHD,0.0011822754276287785,-0.00019654563648767028,0.00029778301715985457,-0.003367437958376893,14.381336167840127,0.0071549307220348
2022-02-09,CHD,-0.0026622775017225765,-0.0036411314644228016,-0.0046777070593329185,-0.003179555550445709,14.297443375664026,0.0065791719149973
2022-02-10,CHD,-0.01082053043845262,-0.011502386074024373,-0.01903475169064727,-0.017772478708261798,14.515633848784852,0.0081833326561293
2022-02-11,CHD,-0.010232994739303747,-0.01032549459379764,-0.005914899972317871,-0.008239801866920719,15.257287165050402,0.0171801227093576
2022-02-14,CHD,-0.010505232702133235,-0.0040839821855805,-0.0067641705538404335,-0.0006862965996638268,14.538944916212651,0.0083763357848116
2022-02-15,CHD,-0.0007156141200632293,0.004150763994094897,-0.005695150467338802,-0.00916363386385819,14.244432393319821,0.0062394864085165
2022-02-16,CHD,-0.011621434555052965,-0.018867508147589612,-0.012539320833277147,-0.006745852899077849,14.249498980925607,0.006271179553858
2022-02-17,CHD,-0.006538419333869716,0.0030838127481773235,0.001995826777075297,0.009534617588346256,14.084851200051483,0.005319166226484
2022-02-18,CHD,0.009430606604035576,0.015783706148349737,0.012307246147117144,0.018699829822513704,14.817722439412732,0.011069440494088
2022-02-22,CHD,0.013727043407634826,-0.004049331861918763,-0.0012446210870690037,-0.021074832101586435,14.326836656471887,0.006775425622689
2022-02-23,CHD,-0.012696093300564381,-0.00845535345376335,-0.0028063146619137754,-0.004352000901050404,13.985338560986833,0.0048153264800292
2022-02-24,CHD,-0.016623805328458023,-0.012766529279286228,-0.023376862427939484,-0.012960087458786294,14.473341911370204,0.0078444597944008
2022-02-25,CHD,0.0030337059860040933,0.022539659634932683,0.015435394693800914,0.03757673255074314,14.164406020051167,0.0057596196822559
2022-02-28,CHD,0.017703450450458007,-0.0050779978427734985,0.0136497920231288,-0.008649019807319766,14.598270354356659,0.0088883019787899
2022-03-01,CHD,0.0027667035321979156,0.003963051573843837,-0.0027982002185285315,-0.009859530862296122,14.172416175295854,0.0058059404331396
2022-03-02,CHD,-0.018279020991966204,-0.011218820887923354,-0.009383834852267528,0.0009285454358402858,14.155477395633923,0.005708423062858
2022-03-03,CHD,0.015409544386769421,0.020707110641888477,0.018166181445580715,0.022633083252932677,14.327136461421032,0.0067774572345699
2022-03-04,CHD,0.00939742101632264,0.013074693122165495,0.009419551294360236,0.014908557127262016,14.096546342695865,0.0053817398724147
2022-03-07,CHD,0.019531529541966814,0.018956548118243082,0.010139017809804737,0.01007913116292369,14.35655554245404,0.0069798057779041
2022-03-08,CHD,0.007350770676395908,-0.006833923185991258,-0.04097747359190467,-0.06488595963989488,14.619215176756414,0.0090764292389581
2022-03-09,CHD,-0.048463613107513646,-0.04457205450040888,-0.0054801003545111495,0.01808965772304399,14.311487077456054,0.006672219739141
2022-03-10,CHD,0.006729772621105983,-0.004311309536935916,0.007999131416063156,-0.011814919040487072,14.100389455188935,0.0054024623135996
2022-03-11,CHD,-0.009122104110136886,-0.0015442421045569366,-0.003044774765388423,-0.008059865364251753,13.705919997155918,0.0036414611352647
2022-03-14,CHD,-0.0010416851395286422,-0.0024755546763577173,0.002205940615334625,0.015434796596374187,13.898104776993236,0.0044130673276177
2022-03-15,CHD,0.01991892666460356,0.024687352515870536,0.013754308831138679,0.023725214197372706,14.076644065360904,0.0052756897322335
2022-03-16,CHD,0.011784034723767383,-0.002219210475966816,-0.011239410172351989,-0.018976184753789843,14.112722823518768,0.0054695055056681
2022-03-17,CHD,-0.01742022873006195,-0.012295166133304612,0.007506859851450324,0.001954913562867019,13.881392863319274,0.0043399292999065
2022-03-18,CHD,0.002258430602042421,-0.0028666319947149056,-0.0017672549424321937,-0.003500996188324468,14.525171138709654,0.0082617528747308
2022-03-21,CHD,-0.005449053216286133,0.005929272676724736,0.0008321176723414148,0.006170282814209132,14.023825506984085,0.0050042663849498
2022-03-22,CHD,0.012702383134649248,0.007109404086605167,0.0029068851112964427,0.0032752514141017376,13.951614513708895,0.0046556417861931
2022-03-23,CHD,-0.0008145649455168991,-0.003446803844280471,0.0018643627193099495,-0.00738462146549092,13.352206039484768,0.0025565803908821
2022-03-24,CHD,-0.010033936630892859,-0.007134229512595429,0.00020694539390256485,0.001028865806143261,13.44081856306726,0.0027934663361911
2022-03-25,CHD,0.004824787571968765,0.008250719410313205,0.007215797386201576,0.007479241078588776,13.420393226469722,0.002736987525903
2022-03-28,CHD,0.004699621935618072,0.006571992392354054,0.0026669541340680124,0.01277909042736791,13.32187139722103,0.0024801917841615
2022-03-29,CHD,0.013967863749035228,0.015698017172639786,0.01857260903515459,0.005928192244199065,13.797449433371597,0.0039904920563975
2022-03-30,CHD,-0.0006032860841942373,-0.010070451857853813,-0.01980264962579804,-0.005928192244199021,13.871513693616176,0.0042972654504083
2022-03-31,CHD,-0.004940338269247519,0.0030016708888023435,0.004502606514740874,0.0015103500978289892,14.38936788068128,0.0072126284994514
2022-04-01,CHD,0.005543594393092309,0.012707581584990493,0.011572661638806443,0.019727793236322753,13.923737860459134,0.0045276502376985
2022-04-04,CHD,0.01258520729499929,-0.0051428456212292,-0.005160548922745881,-0.005440887588888331,13.859336994624826,0.0042452561862581
2022-04-05,CHD,-0.0032810963730815846,0.017105909214145003,0.01859415187239412,0.00089214171541136,13.889690884643201,0.0043760919913859
2022-04-06,CHD,0.007638774666784488,-0.0025373382400190494,-0.003191516124206346,0.011627080222438878,13.89071171808452,0.0043805615375238
2022-04-07,CHD,0.010518445858036964,0.013781053303135948,0.01919502835283868,0.013041308913730591,13.784330472152508,0.0039384827922473
2022-04-08,CHD,0.013115335924292263,0.004136106447366168,0.007809534853877237,0.0002901157404930247,13.698528326578543,0.0036146438584372
2022-04-11,CHD,-0.0020287772213379673,0.004501390328233201,-0.0014594797013807593,0.005110332650067763,14.002239886245054,0.0048974036000162
2022-04-12,CHD,0.0014495313281348567,0.004766344033941908,0.004566342374302523,-0.0006735392857668462,14.189141630783428,0.0059038641257974
2022-04-13,CHD,0.002026046688378046,-0.00850001342580538,-0.007492067481841081,-0.010253470439702584,14.013542228807617,0.0049530697655519
2022-04-14,CHD,-0.004636920911509873,-0.0037477511813615665,-0.0003908434609842374,-0.0019465379673526983,13.814110578450107,0.0040575352484661
2022-04-18,CHD,-0.00611857771965309,-0.00870244948905159,-0.013079814719772929,-0.014127602505256864,13.657687643730208,0.0034699930925196
2022-04-19,CHD,-0.015017268144661129,-0.0045749643201420526,-0.0024778922050424897,0.011200672668861168,13.871040813740604,0.0042952338385274
2022-04-20,CHD,0.01530944641103056,0.01625742166403793,0.018776744991704467,0.007107151344882289,14.087140227230549,0.0053313558977692
2022-04-21,CHD,0.003985093517342097,0.0010554085729466206,0.00048695583788816804,-0.001164754244279739,13.88596995357885,0.004359839096339
2022-04-22,CHD,0.006285540370786284,0.0012458711597002992,-0.0008763559200021499,-0.001652323839635104,13.844584776794823,0.0041830888627036
2022-04-25,CHD,-0.005316101297889371,0.0008612448461795305,-0.00880752171693857,0.01199090066330781,13.912365907015863,0.0044764536183007
2022-04-26,CHD,0.008780139421991922,-0.0006698625939241254,0.00724732319362052,-0.013938729699750968,14.07232174026352,0.0052529356791678
2022-04-27,CHD,-0.012274815833088365,0.008010676857391194,0.002533801983389497,0.015187775297988232,14.406791665738389,0.0073394010808175
2022-04-28,CHD,-0.03422683352740357,-0.034497799708936405,-0.050299937796711755,-0.03676595252604129,14.69360127159882,0.009777335337857
2022-04-29,CHD,0.0013072982548721264,-0.014857703728456245,-0.0030753625245847857,-0.028694735159022114,14.328274901198599,0.0067851773597171
2022-05-02,CHD,-0.01784679488010533,-0.017617630603875563,-0.0229513271049762,-0.013622519554851102,14.156331183765625,0.0057132989313721
2022-05-03,CHD,-0.014427273918491487,-0.0152486672491358,-0.00031516311493751814,-0.006044740057275314,13.970204804318191,0.0047430010970704
2022-05-04,CHD,-0.007292229190918261,-0.0016511976010238258,0.0024142186306162533,0.009053749470421419,13.995329819961649,0.0048636788427938
2022-05-05,CHD,0.0046938365807911876,-0.0044518281874645444,-0.014785615243472756,-0.01829566594334962,14.344844442283357,0.0068985413026695
2022-05-06,CHD,-0.014148694561372226,-0.0049924402449184465,0.003717112803277455,0.00997360503413713,14.003069210534314,0.0049014668237779
2022-05-09,CHD,0.0048434228231744566,0.0374542432062862,0.0034916897908352736,0.027102247557722073,14.544170142081077,0.0084202186014383
2022-05-10,CHD,0.03407653736382778,-0.0011055794369802096,0.027093340497319086,-0.0036668459558778254,14.080947788339607,0.0052984437852992
2022-05-11,CHD,-0.004986931498954725,-0.0004021449491798451,0.0018488928695352183,-0.0032705651419283363,14.06634787244449,0.0052216488562025
2022-05-12,CHD,0.003463160837976336,-0.005345615535209468,-0.007829217297316159,0.00010255932435005966,14.230266373481294,0.006151720775263
2022-05-13,CHD,-0.0052668803554360285,-0.004103349112162451,0.0035225674304986175,0.007393294585406275,13.737117572084456,0.0037568566900979
2022-05-16,CHD,0.004703527563521514,0.008415836067084135,0.001548934587182733,0.004979968133878907,13.936755151067299,0.0045869733046198
2022-05-17,CHD,0.0020380802850994725,-0.005162839989676476,-0.008080500693252531,-0.018210289146564782,13.81691057747944,0.0040689122749989
2022-05-18,CHD,-0.018805478502701672,-0.0212326468824929,-0.06610692089674249,-0.07134805411607974,14.269194873626365,0.0063959205233432
2022-05-19,CHD,-0.07370908011193589,-0.0737731274509268,-0.030233578699464768,-0.02208489998572938,14.206201057080042,0.0060054447198407
2022-05-20,CHD,-0.013264475985097477,-0.008293088584492087,-0.004476731547915215,0.005989829831742078,14.32701655022712,0.0067766445898175
2022-05-23,CHD,0.011476165656955303,0.013302931130656597,0.01710996336279095,0.007856277477839294,13.9054435794577,0.0044455731177115
2022-05-24,CHD,0.0010063904405150444,0.0050952885040349595,0.003950578149015727,0.010896326863656306,13.934094161969174,0.0045747836333346
2022-05-25,CHD,0.0056834442658629525,0.0005523111511408352,0.0038229403063874067,-0.003766855016726805,13.865824322769324,0.0042728861078379
2022-05-26,CHD,0.007197161359639192,0.010981961604946527,0.006710747572749139,-0.00311274883414716,14.2034231852967,0.0059887855024176
2022-05-27,CHD,-0.008865375223906798,-0.012197325223804185,-0.002343644990543371,0.005773316028173723,14.5590661164887,0.0085465848604282
2022-05-31,CHD,0.004331606165698635,0.004412472567734031,-0.009317159916389761,-0.0029936910449954333,14.871841802105045,0.0116850188939904
2022-06-01,CHD,-0.00088687211277163,-0.0035283395207127925,-0.007243776613287586,-0.018943346631873022,14.177790464710581,0.0058372272561049
2022-06-02,CHD,-0.013625491061514613,-0.014351999706469882,-0.010161709250261101,0.007889926077761202,14.200297335460009,0.0059700946731136
2022-06-03,CHD,-0.002927893916808058,-0.0007846458292492764,0.00902509336122803,-0.003711791955001368,14.059554956839381,0.0051862988094754
2022-06-06,CHD,0.002477978212552417,0.00134479773721339,-0.0014795838954088948,-0.0064440459791966125,13.87942482179379,0.0043313965300069
2022-06-07,CHD,-0.022871847292960178,-0.013871165657139122,-0.01410823217449797,-0.0018163081511639052,13.916442180537967,0.0044947381252285
2022-06-08,CHD,0.011102983049708255,0.003174602468262122,0.009656413143528967,-0.006154566913013604,13.674408868528678,0.0035285035146885
2022-06-09,CHD,-0.0019369921612583003,-0.0006794187303204497,-0.016960349310614284,-0.01718116285367539,14.090563973547754,0.005349640404697
2022-06-10,CHD,-0.02669896783655238,-0.016215857778569726,-0.015833318082835182,-0.0009308277088655713,14.422610078828049,0.0074564219251554
2022-06-13,CHD,-0.004108469573806928,-0.012162282591297414,-0.0011830239680387616,-0.012299042882164955,14.382244381044286,0.0071614318800536
2022-06-14,CHD,-0.003416629729768562,-0.01242969121989619,-0.03787226008557187,-0.034165642545459236,14.379062019537342,0.0071386778269879
2022-06-15,CHD,-0.024976174659582295,-0.011511667567751677,-0.005176449885352912,-0.006116449273176465,14.569612188294375,0.0086371947503149
2022-06-16,CHD,-0.013277045893318136,-0.005745310096551483,-0.007316598886524964,0.008552649732761573,14.599412558413583,0.0088984600381943
2022-06-17,CHD,0.010126047505613628,-0.0038491721220691067,0.008921766060182867,-0.0008521822988879519,14.768133604813807,0.0105339076022916
2022-06-21,CHD,0.027772931397150105,0.04096654290588057,0.031810434318772916,0.04499697640390236,14.53831410882138,0.0083710535939214
2022-06-22,CHD,0.011503909178955048,0.0192468342234542,0.022802147025747996,0.019366560193543332,14.373868984323261,0.0071017024907561
2022-06-23,CHD,0.026262635639628717,0.030946962086152604,0.023891630859253676,0.034559637160750056,14.38761997448109,0.00720003250579
2022-06-24,CHD,0.03781608862394246,0.015392411366065322,0.03353267256467386,0.010313899008057112,14.932454130595731,0.0124151802039738
2022-06-27,CHD,-0.0013142600922847797,-0.0015175945403250548,0.003193496788180315,0.003051939055294259,14.101516977293187,0.0054085571492422
2022-06-28,CHD,0.014473134598374284,0.00573366675468539,0.00032965275702903136,-0.008305269258538792,13.743800784754347,0.0037820486774206
2022-06-29,CHD,-0.013268248562440257,-0.0012952439869899125,-0.003302422228318374,0.013407003008638828,13.71944119004957,0.0036910324651578
2022-06-30,CHD,0.013916396312370738,0.009139373959164634,0.016513006352546766,0.003242961684966637,14.40795358737744,0.0073479338507171
2022-07-01,CHD,0.0054911799274452765,0.0100107326591251,0.004329001303444969,0.017013880410316994,13.932494163050062,0.0045674698305635
2022-07-05,CHD,0.012060483729365053,0.008966638060813097,0.0042026889557168785,0.007610115392567462,14.176885141277685,0.0058319450652147
2022-07-06,CHD,0.01359286449900175,0.010966798366315042,0.019910295398873817,0.00021064133727842417,14.263460916615198,0.0063593515094876
2022-07-07,CHD,-0.013062350720590577,-0.008658756313903143,-0.006663339804324896,0.0027335628295132217,14.467836264837162,0.0078013896225265
2022-07-08,CHD,0.010022575880694133,0.003555839550879824,0.0029667945181066683,-0.005685671683962579,14.092915753752607,0.0053622363983584
2022-07-11,CHD,-0.0015757186502143533,0.003959802936943157,-0.0008466728672962024,0.0044249430112579605,13.892009455291364,0.0043862500507902
2022-07-12,CHD,-0.00010520235737511661,0.0009354313453878779,-0.0018019113000988642,-0.004635957520037146,13.877546888732908,0.0043232700824834
2022-07-13,CHD,-0.007387794917406489,0.0025941044505641197,-0.003719959072769281,0.014260566482122261,13.794287942962585,0.0039778960627361
2022-07-14,CHD,0.003278474752974593,-0.005299028727184025,0.007743279905500399,-0.0022931310271382243,13.818905787643313,0.0040770387225224
2022-07-15,CHD,0.014465538148442043,0.0028087944884141714,0.004322793362247817,-0.0026122896138003823,14.058222199269018,0.0051793913290804
2022-07-18,CHD,-0.010566665256835204,-0.009079254137566994,-0.0133449635879369,-0.016881695741921304,14.116726384616975,0.0054914469139815
2022-07-19,CHD,-0.004532510217045434,-0.006204045549736473,0.00032005712160599215,0.0011699604593804495,13.932672067179775,0.0045682824753159
2022-07-20,CHD,-0.0038108484516849927,-0.001900646084371035,-0.009962162681153484,-0.00896777743576195,13.799890192804835,0.0040002437934257
2022-07-21,CHD,-0.014743900277928212,-0.01254942718205123,-0.012784649400266619,-0.0006436856877339401,14.176676104039727,0.0058307260980862
2022-07-22,CHD,0.006223148937450477,0.009161691946595794,0.01783159508085243,0.009292419718281021,13.437613436787792,0.0027845272439153
2022-07-25,CHD,0.004482474640464142,-0.0009548839776105898,-0.001822533838801139,0.0008501936098800833,13.838641952487691,0.0041583031977571
2022-07-26,CHD,-0.009952448789746137,0.0014849469558469639,-0.010138148418624801,0.0008494713946850869,13.756292259311698,0.0038295883954329
2022-07-27,CHD,0.009206754123844607,0.006023197804960361,0.011960752765200701,0.0025440097178959383,13.920771968711371,0.0045142415992848
2022-07-28,CHD,0.0055260980951380295,0.016923029846205348,0.010336299964525437,0.018356840489015626,13.751506294085875,0.0038113038885051
2022-07-29,CHD,-0.04453359173910762,-0.05821910636069492,-0.07424653773673927,-0.08953735966060027,15.129476401223679,0.0151188492950306
2022-08-01,CHD,-0.031287734890794554,-0.016159750359617493,-0.003889794499116975,0.007135950182740013,14.473600864548256,0.0078464914062817
2022-08-02,CHD,0.017228046768512258,-0.006492864463010993,-0.004365324420616306,-0.017534374015105613,14.031267696775798,0.0050416480435577
2022-08-03,CHD,-0.026070070895034752,-0.010953707516268838,-0.007743383767341174,0.0056126458888293785,14.319312171022725,0.0067246353256673
2022-08-04,CHD,0.008270087251856982,0.0037399049020750714,0.007167471644605746,-0.0066469806019683894,14.210926003619385,0.0060338872861728
2022-08-05,CHD,-0.0055059115037457826,-0.014470858840501644,-0.0076319102505526025,0.0003447763607798013,13.819503575249252,0.0040794766567794
2022-08-08,CHD,0.0037886212449173952,0.007204767766235042,0.009358403776904351,0.0072154072481501064,14.475256578872944,0.0078594937223192
2022-08-09,CHD,0.004915187615613529,0.0022763607137264237,0.002756109377224583,-0.0027424753252658107,14.211329962149108,0.0060363252204298
2022-08-10,CHD,0.0013673251722805255,0.0030648520975993204,0.0029771676932747724,0.007978052988280998,14.195042968227419,0.0059388078501483
2022-08-11,CHD,0.00329675246440759,0.0033943578700047945,0.0005715347593642074,-0.005692209866847241,14.210589246813209,0.0060318556742919
2022-08-12,CHD,-0.0025694140331937215,-0.0025428837367946202,-0.0032975516338739465,0.004262383255447421,14.739452345720286,0.0102360733005566
2022-08-15,CHD,0.005803711645147697,0.0023824881871227278,0.0036731546849174215,0.00022813231611989968,14.62194222642596,0.0091012149039047
2022-08-16,CHD,-0.003979499122639785,0.006437947084772993,0.005598187288444825,0.007269244463992982,14.710210272325353,0.0099410832554548
2022-08-17,CHD,0.003298273191674266,-0.00451368454542032,0.001024921330561271,-0.0012456954529133902,13.985169784757552,0.0048145138352769
2022-08-18,CHD,0.004870652274356906,0.0037253102787223606,-0.0009109255281121561,0.005424442479660123,14.517122312722046,0.0081955223274145
2022-08-19,CHD,0.004172062731318101,0.009643455441005465,0.006132864808951206,-0.00033827768102571694,14.071160795247826,0.0052468408435252
2022-08-22,CHD,-0.003494278622562089,-0.005146447081441511,-0.005449523802027499,-0.005992987377655297,14.289008699284201,0.0065239120718377
2022-08-23,CHD,-0.011813038597110182,-0.01742528586208098,-0.01768738070099066,-0.01762068221634325,14.079105603171858,0.005288692048271
2022-08-24,CHD,-0.009413476312911055,-0.004690882310122203,-0.0003477838579129632,0.0014995418007941457,13.733976154932886,0.0037450733411888
2022-08-25,CHD,-0.002887608253128473,-0.00482806610828905,-0.005695945812573952,-0.0004610953074020083,13.821394215256541,0.0040871967819267
2022-08-26,CHD,0.001271612578931431,0.001957041912883538,-0.007019194266321353,-0.016510058979311976,13.738198535241315,0.0037609199138596
2022-08-29,CHD,-0.0191282973165056,-0.013314289336317212,-0.0068325451980620405,0.00023427405585537897,13.74283340785016,0.0037783917760351
2022-08-30,CHD,0.006923697850285418,-0.0030349685873776984,0.000708989746792985,-0.007057214351350644,13.749264980635001,0.0038027711186055
2022-08-31,CHD,-0.0046887364967580945,-0.003865254413038501,-0.012360447581890859,-0.011993209973616912,14.325035936778052,0.0067632359514038
2022-09-01,CHD,-0.017661715883765264,-0.003409101820540227,-0.0055161817456743445,0.013644483233578003,14.51865806812743,0.0082081183210759
2022-09-02,CHD,0.019188021397069006,0.00949324457719625,0.008739900558292346,-0.008045481996503344,14.205321103647252,0.0060001625289504
2022-09-06,CHD,-0.04021589836676754,-0.03296472544839662,-0.04623041800475631,-0.04805965880757137,14.90393815831965,0.012066149282841
2022-09-07,CHD,-0.016004428404629022,-0.015061801296273146,0.0038625534362051552,0.016195953369949372,14.41955381003868,0.0074336678720897
2022-09-08,CHD,0.003715971251625392,-0.006014911919503861,-0.013270231375547021,-0.00862192839957234,14.370028229704074,0.0070744788915525
2022-09-09,CHD,0.0004946734292637338,0.012845167600405584,0.01264834431042695,0.008867293048843958,14.314223721158315,0.0066905042460688
2022-09-12,CHD,0.008367952133906027,0.0063005103670895415,0.011260054452148378,0.00842417240801865,14.196751960194796,0.0059489659095526
2022-09-13,CHD,0.004646362928070082,-0.009587794770648247,-0.03200645276222568,-0.04272327808406273,14.396888396808814,0.0072670756978586
2022-09-14,CHD,-0.04007023765486276,-0.036512382800823626,-0.01975960630542696,-0.0162460798619175,14.505051744736486,0.0080971923123806
2022-09-15,CHD,-0.012777909519273134,-0.014780870773090683,-0.0110755498499091,-0.006468980925622756,14.44160993844453,0.0075994474015684
2022-09-16,CHD,-0.008394327634059987,-0.006051787894403313,0.001178480675190768,-0.006511409184665024,14.451082120019448,0.0076717727845272
2022-09-19,CHD,-0.007942230455168054,-0.009863822178877907,-0.009467531537612891,0.0006529906206101851,14.077952511721566,0.0052825972126285
2022-09-20,CHD,-0.007874076451494993,-0.0053619313710337015,-0.013433800940837454,-0.01991227612508156,14.312582633806924,0.0066795335419121
2022-09-21,CHD,-0.008069171852637783,-0.003151966408627831,-0.0001337456036072954,-0.005207792419481744,14.104667292567154,0.0054256226890414
2022-09-22,CHD,-0.012025821445409632,-0.00487896041979891,-0.006853411308721462,0.00680494189587883,14.155762072680414,0.0057100483523627
2022-09-23,CHD,0.008433148763819552,-0.00039666076522195163,0.002155084616308147,0.00026594375247952616,13.985085385959678,0.0048141075129007
2022-09-26,CHD,0.005715267229009,0.003827463856957235,0.006838630531580643,0.0005314666484647315,14.28269835146301,0.0064828735118442
2022-09-27,CHD,-0.0022554605310911185,-0.0002633557244897393,-0.02654162401434424,-0.02747998401243037,14.36715235223356,0.0070541627727438
2022-09-28,CHD,-0.020533582104468293,-0.018620154125915892,-0.0001373676790369358,0.010731525446868999,14.327496108754739,0.0067798951688269
2022-09-29,CHD,0.0035191655966712422,-0.005519331711769166,-0.003988278129532024,-0.014837410630303683,14.053740534718278,0.0051562309536386
2022-09-30,CHD,-0.014426006541110393,-0.010721420228476409,-0.016673949221000198,-0.02050494556043606,14.357544690418697,0.0069867132582991
2022-10-03,CHD,-0.015889683655050547,-0.003553856590256969,0.003915555026206427,0.020230720125693182,14.132072318616705,0.0055763682906017
2022-10-04,CHD,0.01520414808150646,0.012789329879066781,0.01289625813608527,0.006153830534082148,14.090943667230643,0.0053516720165779
2022-10-05,CHD,0.007380098991488557,-0.007190863165230312,-0.009552283125868304,-0.01151799156015301,14.76054461403705,0.0104542684165617
2022-10-06,CHD,-0.011090523374275948,-0.01095281928564906,-0.0030647056687750788,-0.009561293916410316,14.045352425385776,0.0051131607817642
2022-10-07,CHD,-0.010241033790601704,-0.009961537681171924,-0.019158399464114715,-0.015434725452611608,13.979074790941956,0.0047852586241924
2022-10-10,CHD,-0.02065998054510103,-0.008658098246249598,-0.0021357049915347297,0.006342816228426976,13.57750841245576,0.0032026329689976
2022-10-11,CHD,0.012278680190095618,0.017930640568874806,0.01499518467231103,0.010343922400665827,14.270718392283575,0.0064056722603713
2022-10-12,CHD,0.013514841636251218,0.001239291204824936,0.008946259514948686,-0.0004172000105096823,14.186936863598987,0.0058908618097598
2022-10-13,CHD,-0.013374132617933701,0.009994220724294388,-0.013308018775848595,0.01696739339169508,13.976268788340663,0.0047718499857787
2022-10-14,CHD,0.02984430672259481,0.0019049215472554375,0.017335436424120255,-0.008378953777083975,14.19777595521618,0.0059550607451952
2022-10-17,CHD,-0.006829592267508242,0.012162332042926794,0.011164129292493732,0.02020837236325553,14.22695840044029,0.0061314046564544
2022-10-18,CHD,0.024772805569816897,0.01915713757658799,0.008733612127713735,-0.0018943508384765785,13.916170945303932,0.0044935191581
2022-10-19,CHD,-0.010213596000703009,-0.01153001298820433,-0.004220616094699308,-0.0029835728624946164,14.22927513004394,0.0061456259396204
2022-10-20,CHD,-0.006369050155057539,-0.013959884862175649,-0.01581553615102067,-0.01933825421017047,14.18783313661133,0.0058961440006501
2022-10-21,CHD,-0.023520803575759766,-0.00868874738766081,-0.01297545019441576,0.013480276868838929,14.082633482029944,0.005307382877575
2022-10-24,CHD,0.024607726163282873,0.01555871617498629,0.026468688945998457,0.013300867465710454,14.056573395573386,0.0051708585591808
2022-10-25,CHD,0.00703656708684806,0.017301454918244398,0.004366759371841938,0.01936104824704598,14.360100303962954,0.0070045914428507
2022-10-26,CHD,0.023455100308211442,0.015968882150624787,0.030441401230420925,0.012353821235818995,14.37586949826499,0.0071159237739222
2022-10-27,CHD,0.012305452386353395,0.01482273278976007,0.009988272488670399,-0.0006532465991771938,14.67514670199802,0.0095985534923408
2022-10-28,CHD,-0.00039053805357456813,-0.009513090777846076,-0.025160403243954108,-0.0018316519881371182,15.021930665200014,0.0135772621998293
2022-10-31,CHD,-0.005743383840556057,-0.005829330784675586,-0.017723451644778565,-0.02976967393848913,15.395416873786754,0.0197249197513307
2022-11-01,CHD,-0.02464979674394869,-0.017959208099330576,0.0029987998261361477,-0.006631643236724178,14.660735270865503,0.0094612165291942
2022-11-02,CHD,-0.013236372527957254,-0.014791552044573402,-0.019236815881519872,-0.016015796663887596,14.579675691482192,0.0087245540611921
2022-11-03,CHD,-0.0286876419399233,-0.0315018077794897,-0.022731430495669787,-0.013754914422975483,14.638501527789371,0.0092531794725935
2022-11-04,CHD,0.0065547181411143695,0.0017994392299446231,-0.0022732734436413256,-0.0011198022893303828,14.610898843876795,0.0090012595993661
2022-11-07,CHD,0.0044382046478466195,0.009359939341710736,0.020415933982036158,0.02024183081049121,14.079720042043386,0.0052919426272804
2022-11-08,CHD,0.00717048859165644,0.008050926828507025,0.007221272668023831,0.0002744837706335276,14.033200062971002,0.0050513997805859
2022-11-09,CHD,0.001921659605938787,-0.000951883798006851,0.0012445204344685096,-0.004814052402898177,14.001990954782066,0.0048961846328877
2022-11-10,CHD,0.015242636416455601,0.02139911905157954,0.008531869090124017,0.03268763444454031,14.375126917328105,0.0071106415830319
2022-11-11,CHD,0.011815381977081985,0.00039940028314452324,0.003146563058691411,-0.006291420917324649,14.516279121859496,0.0081886148470196
2022-11-14,CHD,-0.0018155304397004792,0.020300628331456235,0.020467867006042136,0.003672123936076484,14.16764591354597,0.0057783105115598
2022-11-15,CHD,0.00948285857255203,-0.009072249057932824,-0.0017471657135636129,0.013734675129727002,14.377923003034574,0.0071305513794644
2022-11-16,CHD,0.009656580063002063,0.014554617288565285,0.012433988544709357,-0.0027851124061157102,14.058771196930744,0.0051822355857137
2022-11-17,CHD,-0.014320097793965177,-0.020250559275720476,-0.01364577323886539,-0.0009300625316276697,14.300711249665126,0.0066007070009345
2022-11-18,CHD,0.01392519171331846,0.01646844576811883,0.021586604561784815,0.01569440582249727,14.220576252984316,0.0060923977083417
2022-11-21,CHD,0.008654590612265749,0.0210752354668927,0.004996672769156951,0.015322975216981657,14.08515670657986,0.0053207915159887
2022-11-22,CHD,0.015931821016350368,0.0012784189788570951,0.015487904502355002,0.006294382741333452,14.058065287419419,0.0051785786843281
2022-11-23,CHD,0.007808148658940341,0.005352454498860236,0.008615832146347608,0.006128083703184577,13.87989375453961,0.0043334281418877
2022-11-25,CHD,0.006481589819666112,0.0032991035357466513,0.0010238267334069207,0.004064525839886274,13.113728201355833,0.0020141400186908
2022-11-28,CHD,-0.0015214571029928438,0.009330392108315865,0.006883280146608952,0.007576607504582958,14.249174968561052,0.0062691479419771
2022-11-29,CHD,0.0049357740229077005,0.008497930435589588,0.0010157673408263924,0.0,14.207688447329655,0.0060143838121165
2022-11-30,CHD,0.0017658303223424886,0.0189824064456853,0.003293935894003653,0.029501400723239247,14.675358337641807,0.0096005851042216
2022-12-01,CHD,0.03747437577780197,0.020424990263620265,0.033214293466334525,0.004509266647801158,14.275527611950022,0.0064365527609605
2022-12-02,CHD,-0.005355453300112635,-0.0017961114950976191,0.0004891149726772942,0.010041746899622443,14.536322028864243,0.0083543943764983
2022-12-05,CHD,-0.00012195575076648325,-0.01606790251345465,-0.018016153035482263,-0.032793721145326755,14.169191725021708,0.0057872496038356
2022-12-06,CHD,-0.014135971772943947,-0.01311708683458124,-0.003492705592905206,0.0006216735894134403,14.149122278636577,0.0056722603713786
2022-12-07,CHD,-0.001858629650942981,0.0022186767900462794,-0.00325408654554326,0.003226952944682587,14.012310955293781,0.0049469749299093
2022-12-08,CHD,-0.004474739731293246,-0.0003693157644456822,0.00624856306123602,0.005560879882626649,13.988960377014324,0.0048327983422047
2022-12-09,CHD,0.004970824955332692,-0.00024641970232610005,-0.005371325160358951,-0.013897764610409077,14.375526837120953,0.0071134858396651
2022-12-12,CHD,-0.004472691496049913,0.002706638579191568,-0.003261829173186504,0.014390496772906389,13.889876568251864,0.0043769046361383
2022-12-13,CHD,0.022530889118542216,0.01560425309711604,0.019413126069681198,0.009805049430026453,14.542866393038997,0.0084092478972817
2022-12-14,CHD,-0.003780974785215832,0.0026578425213770445,0.008468076056473426,0.0026798548712333135,14.256793802148534,0.0063170939823656
2022-12-15,CHD,-0.0035503710592210062,-0.011527251088936978,-0.017381200977802463,-0.007570410233845456,14.44917362233392,0.007657145178985
2022-12-16,CHD,-0.004424721116325603,-0.005016193878659268,-0.006987697089899739,-0.018305890377736757,14.742385479166803,0.0102661411563934
2022-12-19,CHD,-0.014142382316739264,-0.007015829772258297,-0.005902689529482573,-0.002750005292537113,14.081407804862312,0.0053008817195562
2022-12-20,CHD,-0.0043824014351055715,-0.0074386650159650805,-0.005937768423144975,-0.0008766033839134383,13.81039851370309,0.0040425013205477
2022-12-21,CHD,0.004007376866663686,0.0099058738887981,0.01133929919531433,0.014551429438176156,13.610699190629077,0.0033107147210596
2022-12-22,CHD,0.009949283177980267,0.00919881486262608,0.008731709989506172,0.010440659717646798,13.943200799231514,0.0046166348380805
2022-12-23,CHD,0.011442559510187768,0.0034123391705611606,0.008901948878154854,0.0026843779085583565,13.196915964987674,0.0021888586404453
2022-12-27,CHD,0.004759903832914038,0.003158373651716663,0.005891105994544518,-0.0018294975017379177,13.604049746906213,0.0032887733127463
2022-12-28,CHD,-0.0013401457769387545,-0.00012112685797635072,-0.00996121430819037,-0.012160039067272357,13.439799864032354,0.0027906220795579
2022-12-29,CHD,-0.011896827814848535,-0.006816093001134306,0.0012351245174623646,0.008123132049094095,13.282781802386296,0.002385112348137
2022-12-30,CHD,0.005536800068637806,-0.004651641345994578,-0.01292098494776296,-0.011961371810853803,13.729735870504273,0.0037292267685181
2023-01-03,CHD,-0.009245148992382117,0.007213050654118639,0.004615912891851642,0.01734026932017926,14.264291189164716,0.0063646337003778
2023-01-04,CHD,0.016336449670119838,0.011867468470250803,0.017398234471123944,0.009344221215718505,14.261606282281033,0.0063475681605786
2023-01-05,CHD,0.004376543067475509,-0.0036178246758218485,-0.00171383765582191,-0.009831775023243533,13.72700825191024,0.0037190687091138
2023-01-06,CHD,0.004357244406304673,0.014751094298092383,0.011452328169412886,0.019448427671006057,13.71314665907338,0.0036678720897159
2023-01-09,CHD,0.006380375090068978,-0.0031002407919817564,-0.004127446336530073,-0.016160639284595633,14.301695682781954,0.0066072081589533
2023-01-10,CHD,-0.011951391199663123,-0.012255022261863502,-0.014333779488249068,-0.01174008332282638,13.833351458410394,0.0041363617894437
2023-01-11,CHD,-0.007925496874975794,-0.009108234208844395,-0.0021000604156841815,0.005275615617398918,13.8682936919894,0.0042834504896184
2023-01-12,CHD,0.0019567253785328018,-0.00012196391294949562,0.00037094729886290117,-0.004046311603419674,13.96004457412242,0.0046950550566819
2023-01-13,CHD,-0.007850070311805969,0.00048776890618677825,0.0028387634693600988,0.0063685542388146705,13.56474012454847,0.0031620007313802
2023-01-17,CHD,0.044906758651988614,0.04809305382088281,0.040343669682729004,0.033730573510266204,14.803787383828654,0.0109162569582706
2023-01-18,CHD,-0.00661479705106487,-0.01605100658110217,-0.02906761903001033,-0.03190107600852819,14.138319156504128,0.0056113120149526
2023-01-19,CHD,-0.038414989553645335,-0.03619682028317671,-0.018574712931323508,-0.018572334745091363,14.064712423020696,0.0052131160863028
2023-01-20,CHD,-0.009528079131929022,0.019403822429125858,-0.012368287901913948,0.03236904938009299,14.225300301342514,0.0061212465970501
2023-01-23,CHD,0.03518139871607239,0.0063454948720887295,0.038712994856938944,0.0026408384162055435,13.825362864211208,0.0041034496769737
2023-01-24,CHD,0.0011996075274905136,0.0020267225472465978,-0.005092306831115445,-0.00842672325101421,13.90196436287281,0.004430132867417
2023-01-25,CHD,-0.019124184286595305,-0.018754909658502017,-0.020259569663483232,-0.007279680964249592,13.941527160147732,0.0046089147129332
2023-01-26,CHD,0.0009772833060851373,-0.002065113641611755,0.0027251574626934133,-0.01015850459047505,13.647093089770562,0.003433424078664
2023-01-27,CHD,-0.014386974293435996,-0.014083830663040739,-0.027718511185381163,-0.021637160898043125,14.68012939747592,0.0096464995327292
2023-01-30,CHD,-0.012713728662686958,-0.001481300289355825,0.010122713061136122,0.012988583395610568,14.285014687480789,0.0064979074397627
2023-01-31,CHD,0.013208637521686781,0.0012341500057387181,0.009023516761088354,0.0033444980205435083,14.553057804106613,0.0084953882410304
2023-02-01,CHD,-0.0006190142278413209,0.007986876917185942,-0.0009985640133544343,0.006656105799877622,14.534228502012567,0.0083369225143228
2023-02-02,CHD,0.0004952998741869369,-0.009344712796895156,-0.009158852373383526,-0.0197264854854711,14.408837955728044,0.0073544350087359
2023-02-03,CHD,-0.017107028167605162,0.04173592951094653,0.0007561707959404943,0.03798645350407261,14.64419380794084,0.009306001381496
2023-02-06,CHD,0.06237143152764657,0.005317477180059926,0.037936141340461145,0.004693347555906384,14.521969245972363,0.0082353419202795
2023-02-07,CHD,-0.021408558397110537,-0.018076411409378622,-0.004496695854325102,-0.004211108765291911,14.279370981301039,0.0064613384259071
2023-02-08,CHD,-0.0010886138307055373,0.006817015505282411,0.003647491773501671,0.003610525820774081,14.088054373013607,0.0053362317662833
2023-02-09,CHD,0.012507588417274843,0.0024997390384749567,-0.005598256052022916,-0.015130815841028922,14.043682246980412,0.0051046280118646
2023-02-10,CHD,-0.019185956078134284,-0.010637646393252891,-0.0018321953587572123,0.01091726630122401,14.070696039596358,0.0052444029092682
2023-02-13,CHD,0.00158249948376291,0.005751187998379005,0.00512190527387629,0.006013935726407903,14.24064821954991,0.0062159197106984
2023-02-14,CHD,0.023031697554685263,0.005069694547517639,0.00400870786016623,-0.003941933059725641,13.447342679685468,0.0028117508431189
2023-02-15,CHD,-0.013930780851558269,-0.0015515739518581124,-0.00012150764439330324,0.008060155945665793,13.642585911587911,0.0034179838283694
2023-02-16,CHD,1.6038942933944632e-08,-0.008396393929986382,-0.004141833793128784,-0.008060155945665823,14.179807083719782,0.005849010605014
2023-02-17,CHD,0.0022950931115162942,0.009232230360481167,0.0037771538655438793,0.011887061737892023,14.41236762874531,0.007380439640811
2023-02-21,CHD,0.0067339507019702205,0.006423871869813985,0.01220759217735345,0.0025032738765853983,14.108926907975693,0.0054487830644833
2023-02-22,CHD,0.011558180252312197,0.00897188034771884,0.007301593033414957,0.0010711284668753506,14.167153562906414,0.0057754662549266
2023-02-23,CHD,-0.005702866196302042,-0.008853338472475962,-0.0071814077576478775,-0.0007139891056766061,14.025367025652477,0.0050119865100971
2023-02-24,CHD,-0.004657575603280172,-0.00499228652927997,-0.0015627729266534975,-0.005370249326294208,14.183897349680786,0.0058729836252082
2023-02-27,CHD,0.003823236736526728,0.004162005423685578,0.005518956836899414,0.0037026306717981143,13.88485096905234,0.0043549632278249
2023-02-28,CHD,-0.006820166323844115,-0.003209013347795139,-0.004677023526730246,-0.0011927945832880425,14.179529171036767,0.0058473853155093
2023-03-01,CHD,0.0021589269581356735,-0.005610833279117172,-0.009420213019844841,-0.007788555034822744,14.093218806786934,0.0053638616878631
2023-03-02,CHD,-0.003119984513092215,0.01225527260051451,0.009660482761033201,0.016109039255265092,13.86134492950806,0.0042537889561578
2023-03-03,CHD,0.017393892419608713,0.002716397724325475,0.007781315412038944,-0.0030823341654513388,13.980602025646379,0.0047925724269635
2023-03-06,CHD,-0.007944550691843636,-0.004610225939203121,-0.004661472040488836,-0.007388958896235261,14.218707094809382,0.0060810206818089
2023-03-07,CHD,-0.005012443709066062,-0.0030852725660010087,-0.004683203232861089,0.0008370427914167835,14.272176256163078,0.0064150176750233
2023-03-08,CHD,0.0010761686234157847,-0.005362566563842983,-0.0031344674872238864,-0.00023904362146925524,14.147258079246908,0.0056616959895981
2023-03-09,CHD,0.004769383439632886,0.010578398822041979,0.005178624773650351,-0.000239100776985166,13.886528976644724,0.004362277030596
2023-03-10,CHD,-0.002143565641198641,-0.003790765496019116,0.0021596380046975065,0.002984705031570108,14.362012737154313,0.0070180000812644
2023-03-13,CHD,0.0021433920130158267,0.01799519843130307,0.0070468852938194056,0.006298768169288614,14.156402299883341,0.0057137052537483
2023-03-14,CHD,0.005574949799112184,-0.008428091508018301,-0.00023810159580209335,0.004255670987551123,13.829808848469028,0.0041217341839015
2023-03-15,CHD,0.0016547918496820975,0.015860545842311297,0.005461387770016807,0.016612670912656568,14.180640358656355,0.005853886473528
2023-03-16,CHD,0.0206866636939169,0.0015028823339328335,0.009896388344367544,-0.0026721921254872776,14.059711635134509,0.0051871114542277
2023-03-17,CHD,-0.0038245496597527897,-0.0006934501755084869,-0.0031704464527972176,-0.005833718840701263,14.701507429507869,0.0098549429117061
2023-03-20,CHD,-0.0004644912551992866,-0.0006937586067665213,0.003522088413890212,0.003037860791459824,14.169402332477569,0.0057884685709642
2023-03-21,CHD,-0.0060593352995845255,-0.006383232505026843,-0.015947472072278528,-0.013861452172136766,14.208363803149641,0.0060184470358782
2023-03-22,CHD,-0.011992921822923676,-0.004083159281570031,0.002141205162682282,-0.0036734858978335096,14.222575053037618,0.0061045873796269
2023-03-23,CHD,-0.004386260729558295,-0.00152087689743907,-0.000713239898417854,0.0010678927615145343,13.840984328785728,0.0041680549347852
2023-03-24,CHD,0.00828211063153174,0.00943889639907833,0.0076991431822457995,0.019495614694494054,13.628217865524704,0.0033692251432286
2023-03-27,CHD,0.018098395556456672,0.006819603387501196,0.013012316228876105,0.0009299415148122848,13.717016414723725,0.003682093372882
2023-03-28,CHD,-0.0013893868178888583,-0.0006912864067286575,0.002442934257074496,0.003943083475303737,13.719661332901156,0.0036918451099102
2023-03-29,CHD,0.0016208328704119706,0.0009216927727640459,0.002668624775234921,0.003927326747968024,13.719331100447532,0.0036906261427816
2023-03-30,CHD,0.0012716819352375655,0.0002301948932088987,-0.0032499201854375237,0.0011521139956676351,13.688132764481141,0.0035772621998293
2023-03-31,CHD,0.0040358556252641465,0.019949487948111747,0.009948158918728394,0.01791794667744998,14.125052698552066,0.0055373613424891
2023-04-03,CHD,0.012806006076517603,0.005851999271211413,0.01144442435276391,0.005189564478640406,14.125346168624995,0.0055389866319938
2023-04-04,CHD,0.013204888534473713,0.008157747977065548,0.009174913381046765,-0.000450248533463895,13.761372167494864,0.0038490918694892
2023-04-05,CHD,0.0007845539980645938,0.007097751424099558,0.0050610136710009706,0.00985780788662774,14.329412046404688,0.0067928974848644
2023-04-06,CHD,0.009255691516729158,0.001987242344207814,0.006374119331117423,0.009982398240849427,14.050346288569108,0.0051387590914631
2023-04-10,CHD,0.0017744830166277383,0.00022061873410267373,-0.0014501183286565885,-0.0007728210327997957,13.883637321154362,0.0043496810369347
2023-04-11,CHD,0.0042015334126095285,0.00319249152387382,0.009554450049285654,0.0005519160007828578,13.466946914020651,0.0028674170086546
2023-04-12,CHD,-0.004755920153951082,-0.002531325522430197,-0.00810449866679201,-0.009204385310398952,13.920411868203429,0.0045126163097801
2023-04-13,CHD,-0.004444311306022512,-0.0067443900163829335,-0.008170499623827798,-0.001114613364820819,14.053898126588756,0.0051570435983909
2023-04-14,CHD,-0.007489158824642681,-0.007572519580292421,-0.006539773059770558,-0.012570438787148613,13.913182492084525,0.0044801105196863
2023-04-17,CHD,-0.0021337190843429893,0.00635156250099957,0.001017755943897038,0.015799704535244825,13.8127076334389,0.0040518467351997
2023-04-18,CHD,0.0075047923769928845,-0.00111146403937938,0.0059713759417455055,-0.006133350019555759,13.69627759667356,0.0036065174109138
2023-04-19,CHD,-0.0016753932393887287,-0.0037879808895716544,-0.0022492327525947815,0.001341273954112063,13.720981173260105,0.0036967209784242
2023-04-20,CHD,0.007683588446170654,0.012534397343613338,0.005389885270223378,0.008010947214187901,13.83600020411091,0.0041473324936004
2023-04-21,CHD,0.009384283949826013,0.009871509009708141,0.01643720553312042,0.015067422620936915,14.230530539204555,0.0061533460647677
2023-04-24,CHD,0.0020859257512561556,0.008910356930113213,0.002640405675521512,0.0027254064021891727,14.092157719118093,0.0053581731745967
2023-04-25,CHD,0.012748659105163916,0.009260265474279552,0.007115863020834615,0.006726692409861776,13.963672771236395,0.0047121205964812
2023-04-26,CHD,-0.008044340467651737,-0.00796305186296609,-0.004263427628150218,-0.005203831983579228,14.1849345858577,0.0058790784608508
2023-04-27,CHD,0.024900123673151073,0.05935273138473084,0.028405138486146966,0.05601035836166296,14.70861495224607,0.0099252366827841
2023-04-28,CHD,0.039658933601312875,-0.0010184735000894536,0.03175549194637978,-0.0018515128079920594,14.715062372586132,0.0099894356182194
2023-05-01,CHD,-0.009871563510539716,-0.008906213897573395,-0.01047344260462397,-0.00474760030180982,14.796427682115219,0.0108362114501645
2023-05-02,CHD,-0.0006203402608890779,-0.0007201967004825717,0.00010411319004875878,0.0037172575932021036,14.422228555663057,0.0074535776685222
2023-05-03,CHD,0.004539455569314453,0.01176431959710603,0.010988021283831887,0.004217130654451981,14.40911416052129,0.0073564666206167
2023-05-04,CHD,0.003698663056541285,-0.0034638807347832155,-0.003304523679969253,0.0023578173941424282,14.280125318302904,0.0064662142944211
2023-05-05,CHD,-0.004007565911797731,0.0019371581425621232,0.004437841151140029,-0.0013320484127723037,13.924096765479671,0.0045292755272032
2023-05-08,CHD,-0.00030898960085061635,-0.008078981704929324,-0.006508574791171595,-0.009477728293354146,14.153625016828657,0.0056978586810775
2023-05-09,CHD,-0.001442981169614308,-0.004528165212290958,-0.006134058689778502,-0.006959226043249749,14.493798383102476,0.008006582422494
2023-05-10,CHD,-0.011932621619863594,-0.004652330107247341,-0.0017744072486153423,0.002810283094935366,14.232575460894157,0.0061659420584291
2023-05-11,CHD,0.006658198321200758,0.003000520800229008,0.0027124321376856358,0.0017652263827807183,14.190310939188278,0.0059107716061923
2023-05-12,CHD,-0.001111491525341597,0.003972458305430937,0.0036697156974715593,0.007804576843370494,13.965826179059874,0.0047222786558855
2023-05-15,CHD,0.01231207217303252,0.005967789046216785,-0.0015626204028954653,-0.007669143337958553,13.997749611354916,0.0048754621917028
2023-05-16,CHD,-0.01314514760076082,-0.015507428296362348,-0.00837620351865987,-0.004692725399629834,14.36102800106219,0.0070110926008695
2023-05-17,CHD,-0.002294781185073367,-0.000938169942494312,-0.00855289424749882,-0.009240815764886015,14.293172909183605,0.0065511356710414
2023-05-18,CHD,-0.01589416756681465,-0.012910041972434273,-0.008519696044041231,-0.0026408034113651504,14.32581664679536,0.006768518142294
2023-05-19,CHD,0.006134953310873647,0.005898398855657204,0.010426716559637136,0.005169528763207947,14.413193096791264,0.0073865344764536
2023-05-22,CHD,-0.0012662877305762324,0.004401084524673145,0.0011634809922382425,-0.0025287253518427853,14.31767941985587,0.0067136646215107
2023-05-23,CHD,-0.004550471355581125,-0.009665907089681583,-0.00902670870830358,-0.009220546444045808,14.217035246138195,0.0060708626224046
2023-05-24,CHD,-0.004677852232503948,-0.005611091700838293,-0.003526477048624868,-0.00255856646917901,13.872836568870161,0.0043029539636747
2023-05-25,CHD,-0.0036298169070881335,-0.00350981576722847,-0.0049368516357843764,-0.0020303545752532403,14.167153562906414,0.0057754662549266
2023-05-26,CHD,-0.002462969774733819,0.004464738023940468,0.0023640702470019317,0.00512112930463201,14.388917100514059,0.007209377920442
2023-05-30,CHD,-0.0016093102668087772,-0.00627742609666869,-0.01623045680804439,-0.024234971084416027,14.012803646638375,0.0049494128641664
2023-05-31,CHD,-0.012861697144402152,-0.011486460176037097,-0.0024029153946843788,0.007927348663081753,15.787172131692857,0.0291845109910202
2023-06-01,CHD,0.008017295819360669,0.006242499415398836,0.006539540541204787,0.003239717839180758,14.089119821314208,0.0053419202795497
2023-06-02,CHD,-0.005626951033759879,0.006630484831663094,0.0003259675982477444,0.011363856756797469,13.896907117996752,0.0044077851367274
2023-06-05,CHD,0.01764046887000644,0.011129431970433491,0.018400385245377508,0.008914378925934567,13.67521462304047,0.0035313477713217
2023-06-06,CHD,0.01208150003877837,0.0033673267677723647,-0.01449846925278224,-0.018662262319222325,13.764744492987921,0.0038620941855267
2023-06-07,CHD,-0.02701266643712183,-0.025643714234446783,-0.006838494743375094,-0.004206772859788698,13.99974777870182,0.004885213928731
2023-06-08,CHD,0.005827139107506079,0.01242520476473684,0.010186488267404582,0.014380961242230332,13.759152882271477,0.0038405590995896
2023-06-09,CHD,0.006328069805435528,0.004036938741631229,0.007625818324705144,0.0026602759379079893,13.915356797910956,0.0044898622567144
2023-06-12,CHD,0.010000051221594166,0.0023297239694861304,-0.0004281500886802677,0.0009559562928646223,13.860867215342108,0.0042517573442769
2023-06-13,CHD,-0.008504373406994618,0.0045380456818512604,0.0011768075438158764,0.008036375985406723,14.252991641165398,0.0062931209621713
2023-06-14,CHD,0.014730299605015047,0.0071346485056204495,0.013065176214226865,0.004413689047485978,13.71248176616867,0.0036654341554589
2023-06-15,CHD,0.008693398341370177,0.004693537303193058,0.005367477692488876,0.004915952810409649,13.98415652875028,0.0048096379667628
2023-06-16,CHD,0.001563188367865628,0.009115608476200797,0.007633363267657219,0.0033335149964254037,14.459100305078984,0.0077335337857055
2023-06-20,CHD,0.0025995015915282666,-0.003615780987249214,-0.01670135121685089,-0.018154884646513266,14.063542605121503,0.0052070212506602
2023-06-21,CHD,-0.01022964896845359,-0.00041392485262204,0.002750222723158599,0.02012867697444795,14.266586814266963,0.0063792613059201
2023-06-22,CHD,0.016751339463084013,0.012756292650093516,0.02307610383643279,0.012377893070916322,14.396440994780995,0.0072638251188492
2023-06-23,CHD,0.008424794578060677,0.0014298262786821925,-1.9835180089378969e-07,-0.004417941113477224,15.46827631465305,0.0212157165495103
2023-06-26,CHD,-0.007496679686915765,-0.003271546562911313,-0.009854206578474654,0.003084256296366363,14.62015483678499,0.0090849620088578
2023-06-27,CHD,0.0026765555638974432,0.011809177738059949,0.013049149812186614,0.013863694359721124,14.144743079548812,0.005647474706432
2023-06-28,CHD,0.010126485367835695,0.0008093448676831901,0.004312122061114612,-0.0031431778416796193,14.59552372994588,0.0088639226362195
2023-06-29,CHD,-0.0006109578083588374,0.0022221418563454906,0.0011262118308280344,0.00506474697553831,14.189898398211952,0.0059083336719353
2023-06-30,CHD,0.009829270371942915,0.012832167967850815,0.014729195774013982,0.012650716207567953,14.192165270371508,0.005921742310349
2023-07-03,CHD,0.01033267051442387,0.000995647233658497,0.004527487536050072,-0.00029937728041679664,13.987614256456117,0.0048262971841859
2023-07-05,CHD,-0.0019980761322186892,-0.0010953458639962998,-0.0007030179762034799,-0.0027984146281950714,13.879331008851102,0.0043309902076307
2023-07-06,CHD,-0.005414581034830374,0.0013937832864193986,-0.00332038111818666,0.003097791908611854,14.089728139629432,0.0053451708585591
2023-07-07,CHD,0.005314691620542597,-0.0047864880398432045,-0.005659910172986023,-0.012650716207567851,14.23244365657856,0.0061651294136768
2023-07-10,CHD,-0.007226892835365965,-0.001901180578403677,-0.0058962520646656,-0.006894594347066734,13.720321470827937,0.0036942830441672
2023-07-11,CHD,-0.01002278908252066,-0.013409452930797917,-0.00993907549486965,-0.004997641177648029,13.875477080928214,0.0043143309902076
2023-07-12,CHD,-0.005918894229810303,-0.0005074803325283878,0.003392579315421008,0.004590755694302862,13.554536626535723,0.0031299012636625
2023-07-13,CHD,0.0025555090650046268,-0.0002032479258579229,0.00010248926382769594,-0.0023438218719373117,13.498744277300052,0.0029600585104221
2023-07-14,CHD,0.0009183850322672194,0.0049647866564187515,0.0017429542253342683,0.00812843536375832,13.448931010698283,0.0028162203892568
2023-07-17,CHD,0.0070133582005874546,0.00020212893185261825,0.003885100650422239,-0.0043608030808262675,13.459551072309928,0.0028462882450936
2023-07-18,CHD,-0.0035513030402662955,0.0030270519832573477,-0.0017361023493934768,-0.0021365558009060425,13.826847056356026,0.0041095445126163
2023-07-19,CHD,-0.0003050313665483519,-0.007077273904144556,-0.004918638279715632,0.0009161692380561813,14.355914983771813,0.0069753362317662
2023-07-20,CHD,-0.003769123655018568,-0.005187896054165392,-0.013652091012436729,-0.010536635541320638,14.384850908694917,0.0071801227093576
2023-07-21,CHD,-0.006964358723659974,0.006100695361173736,0.013138421809988648,0.009111005941708319,14.08316924375432,0.0053102271342082
2023-07-24,CHD,0.007882456393992354,-0.003147452533743707,0.003590623050266915,-0.0005096407143349341,13.791321343647727,0.0039661127138271
2023-07-25,CHD,0.0030543819852263416,0.00030506353311251876,-0.0047218414813344775,-0.0011221882083315513,14.047971368496956,0.0051265694201779
2023-07-26,CHD,-0.004482875368395446,-0.0003049914728355487,0.0011312611492995906,-0.0006125038194927839,14.053109918766918,0.0051529803746292
2023-07-27,CHD,-0.0005107597421027872,-0.0011191522904284098,-0.015118953806793145,-0.02022156552769128,14.755127505919496,0.0103977896062736
2023-07-28,CHD,-0.00882516904892628,0.0017290509523054665,0.0011470277397132237,0.012428934130067652,14.396440994780995,0.0072638251188492
2023-07-31,CHD,0.003601033321554498,-0.009188483221456809,-0.01321880852959426,-0.015351482639224132,15.012156889109809,0.013445207427573
2023-08-01,CHD,-0.01625535642209169,-0.008652563756429896,0.011654402997699157,0.00729033775671335,13.978565193945704,0.0047828206899353
2023-08-02,CHD,0.007798284877722267,0.0092678052470815,0.0012517360250076832,0.004245331615883984,14.165181732670218,0.0057640892283938
2023-08-03,CHD,0.005886270618443667,-0.003491128640112704,-0.008585582613971675,-0.017406270330837807,14.270654958659547,0.0064052659379952
2023-08-04,CHD,-0.022807399806667187,-0.019421973453536134,-0.0075996216330628304,-0.005059426739547447,13.948992824382124,0.0046434521149079
2023-08-07,CHD,-0.002954049503654482,0.004603826737136722,0.0028565744078709885,0.011034609724347949,13.717678300393906,0.003684531307139
2023-08-08,CHD,0.01572362870417749,0.0037512175283357426,0.006214139988303695,-0.0018830113289607714,14.146611968916172,0.0056580390882125
2023-08-09,CHD,-0.006678575793582869,0.0062207797030988795,0.002202454708518907,0.0057426091982480795,13.906904899051643,0.0044520742757303
2023-08-10,CHD,0.00917157506567167,0.004434696223289417,-0.0014677108502204833,-0.005219122346913005,14.107284995256586,0.0054398439722075
2023-08-11,CHD,-0.005826733618224522,-0.007747658048484614,0.0016772778446368754,0.004594208878142358,13.974564340769723,0.0047637235382552
2023-08-14,CHD,0.003995434771619836,0.0028482207134752032,-0.0025081134224913836,-0.005836052488789813,13.811804699746185,0.0040481898338141
2023-08-15,CHD,-0.010267332256571176,-0.014098749332653667,-0.009735558648501863,-0.010245730559377607,13.549591281924597,0.003114461013368
2023-08-16,CHD,-0.00941655945428865,-0.006224677097297457,-0.007257240425255254,-0.006176824384724476,13.910003130891898,0.0044658892365202
2023-08-17,CHD,-0.0028743557502845926,-0.006050711160109081,-0.013262462764570075,-0.015502605321762848,14.03953452160179,0.0050834992483036
2023-08-18,CHD,-0.021225695445679784,-0.007910095383930872,-0.008173855694210629,0.009932181185620675,14.087216437971575,0.0053317622201454
2023-08-21,CHD,0.009645077527897937,-0.0015036647172474986,0.006000742012868511,-0.006898876069666477,13.740895842053003,0.0037710779732639
2023-08-22,CHD,-0.005298711833112398,0.0015035983320351937,-0.0005440665487434806,0.0028084136392238224,13.724930274543034,0.0037113485839665
2023-08-23,CHD,0.0084215573597718,0.0032144497002871263,0.0011965181215792735,-0.002375810491741646,13.558552951146481,0.0031424972573239
2023-08-24,CHD,-0.005606666238248383,0.0030972575650969965,0.004230486519054189,0.003776898006153806,13.558035621229783,0.0031408719678192
2023-08-25,CHD,0.00807630949650359,-0.0023488285807742875,0.005397858256559339,0.004942624310862098,13.460835042407187,0.0028499451464792
2023-08-28,CHD,0.014586428452413647,0.013800629493249651,0.011560876769858909,0.012144632047612654,13.772499711320746,0.0038921620413636
2023-08-29,CHD,-0.0020102839721415303,0.007353027801364923,-0.0012779792567646079,0.010533070771448267,13.82000145875679,0.0040815082686603
2023-08-30,CHD,0.010116085908331561,0.0064678346194234565,0.016277816313631753,0.005954669149361894,13.779262462202759,0.0039185729958148
2023-08-31,CHD,0.007520222728582497,0.009108708079851638,0.004811018786849753,0.007884425947659729,14.815738312506715,0.0110474990857746
2023-09-01,CHD,0.008393584371489186,0.002778307653772917,0.001980667716193665,-0.005283974201295101,14.208296288088693,0.006018040713502
2023-09-05,CHD,-0.009955589713192534,-0.010432414382176227,-0.013102256104053188,-0.011388169048805385,13.950129733738125,0.0046487343057982
2023-09-06,CHD,-0.007112269133482856,-0.005518257021888951,-0.009115076044393692,-0.011094162771727928,14.228746064843493,0.0061423753606111
2023-09-07,CHD,-0.006634673319082703,0.014716841842776107,0.007636920579717365,0.025179656878963466,14.303477501457536,0.0066189915078623
2023-09-08,CHD,0.016868687080294438,-0.004123727127413436,0.00862701589946045,-0.00884552829302415,13.786906329971726,0.0039486408516517
2023-09-11,CHD,0.007040235344549468,0.0013421827034884714,0.003764263142542773,0.00677136470087174,13.565510836506066,0.0031644386656373
2023-09-12,CHD,-0.004653439550362566,-0.003306945476221839,-0.008384203510415307,-0.010646271379753701,13.524223328068162,0.0030364471171427
2023-09-13,CHD,-0.012096004046212036,-0.007897693577094652,-0.0007368406146556766,0.004188538585114688,13.941967863128994,0.0046109463248141
2023-09-14,CHD,0.0038741679804145304,-8.295510868218943e-09,-0.00010527457469684753,-0.0010454707693434788,14.032314858620119,0.005046930234448
2023-09-15,CHD,-0.0012549300360635686,0.007172921327478419,0.001263041848584134,-0.003982852326148298,14.617736781880327,0.0090630206005444
2023-09-18,CHD,0.000732121175912589,-0.009366358454962089,-0.001895394149191113,-0.0007354617550502503,13.655929661159648,0.003463898256877
2023-09-19,CHD,-0.007135407297301873,0.0003136025932731099,-0.010063090795226387,-0.0032633989442313496,13.80455172874754,0.0040189346227296
2023-09-20,CHD,0.0024192525983846294,0.00020914810175285797,0.009114174215712995,0.0028429736756426793,13.642467026869094,0.0034175775059932
2023-09-21,CHD,-0.0009459912603877471,-0.0010456763956019702,-2.4855807388132654e-08,-0.0009467873373547963,13.94108626286172,0.0046068831010523
2023-09-22,CHD,-0.0023161077993646053,-0.0012561595633625237,-0.003487533942155464,-0.0034789972459862368,13.638416513885966,0.0034037625452033
2023-09-25,CHD,-0.0029554403452504772,-0.007781293443714941,-0.010108043455277297,-0.009017252430198484,13.437905236772647,0.0027853398886676
2023-09-26,CHD,-0.007320511145449151,-0.008693826541715664,-0.00503885427162306,-0.008131774244137658,13.861726936597027,0.0042554142456625
2023-09-27,CHD,-0.008985019968934568,-0.00512441881633996,-0.015598262103632037,-0.011996906993575782,13.910366998480859,0.0044675145260249
2023-09-28,CHD,-0.008524431745693692,-0.011301977704478963,-0.00043674350657005046,-0.0008702042212178934,14.223040865412827,0.0061074316362602
2023-09-29,CHD,-9.156307898075709e-08,0.0017304265379796296,-0.0026247416631277956,-0.00283359543125604,13.962637486039348,0.0047072447279671
2023-10-02,CHD,-0.00881621900714243,-0.0059610030490318145,-0.0015341021310194475,0.00021842998876597713,13.990556545206223,0.0048405184673519
2023-10-03,CHD,0.0008742311782173458,0.0014122422381376537,-0.004727115250259398,-0.007447205944942873,13.976439073423846,0.004772662630531
2023-10-04,CHD,-0.004707993234568497,-0.00021721613523631238,-0.0025377275257359353,0.011802107518516205,14.137957034727311,0.0056092804030717
2023-10-05,CHD,0.0049263083444669176,-0.0019563592342902968,-0.004317787746656321,-0.019969983782826318,14.223572956857312,0.0061106822152695
2023-10-06,CHD,-0.016516448685011696,-0.01977635488494487,-0.050050067552567426,-0.048130904936086995,15.261723644755705,0.0172565113160781
2023-10-09,CHD,-0.04717065029170027,-0.03638421354427025,-0.006906025950155077,0.007530492734370604,14.594101679394097,0.0088513266425582
2023-10-10,CHD,0.016163043898027453,0.017905600623453928,0.019655377089751742,0.017278455666450594,14.503444674084797,0.008084189996343
2023-10-11,CHD,0.008892852226835939,-0.0015838390150993851,-0.001383133538409974,-0.005688432586506562,14.338818551789624,0.0068570964202998
2023-10-12,CHD,-0.005235051502458118,-0.007271969497287923,-0.011133164427660094,-0.01795845428744205,14.271606040777282,0.0064113607736378
2023-10-13,CHD,-0.015407738341560489,0.0003421778028183747,0.0046540306095952475,0.018528782418551094,14.109448769901382,0.0054516273211165
2023-10-16,CHD,0.02291046745947284,0.022097803441150875,0.017603804734341703,0.014040106692041096,14.166731355048624,0.0057730283206696
2023-10-17,CHD,0.004857911034856206,-0.0037985427079383514,0.0050056909481681075,0.0020217589909436564,13.913182492084525,0.0044801105196863
2023-10-18,CHD,0.010426656810757336,0.0166503679096808,0.01430922508843497,0.012599756134533154,14.182581970845538,0.0058652635000609
2023-10-19,CHD,0.009767084947213648,-0.0006605809427804209,-0.0025761502814309,-0.007228181862759959,13.894322662602555,0.0043964081101946
2023-10-20,CHD,-0.007093952017696553,-0.0024265544342820422,0.0027998657660400837,0.005786684741326654,14.38059763676752,0.0071496485311446
2023-10-23,CHD,0.008197771319550944,0.012618946876362508,0.008020588173163402,0.010266813434257597,14.59253968227493,0.0088375116817683
2023-10-24,CHD,0.004293411178176558,0.004677650352423972,0.008396847377474514,0.005803999588824219,14.431075044201783,0.0075198082158384
2023-10-25,CHD,0.0036186856978347864,0.006490745261803845,0.0016490452356409352,0.007180967795030529,14.363401304035277,0.0070277518182926
2023-10-26,CHD,0.009152461470849207,0.004196597709012615,0.008422333725383183,-0.0002166961898467791,14.227355935463391,0.0061338425907114
2023-10-27,CHD,-0.004565790461989798,-0.006355432334620945,-0.021357073996799248,-0.023145975660204845,14.058065287419419,0.0051785786843281
2023-10-30,CHD,-0.011506235882355024,-0.015463584487449698,-0.0015589539072217889,0.007187590031745749,14.010255457801716,0.004936816870505
2023-10-31,CHD,0.004398808018081694,0.002082814439199679,0.006996379462911255,0.0019811716243338423,14.426851518443021,0.0074881150704969
2023-11-01,CHD,0.0026303419636987094,0.0006570864418771982,-0.0036586205308883155,-0.0073946898587986445,14.432101155583847,0.0075275283409857
2023-11-02,CHD,-0.005377387404744809,0.006545138031934733,0.00520683105935822,0.018548462731919218,14.68193897111666,0.0096639713949047
2023-11-03,CHD,-0.06336537205032128,-0.057164753627877055,-0.095586398634348,-0.057746970688413106,15.325393514264643,0.0183909633903539
2023-11-06,CHD,0.017547346168476,0.009510303661790218,0.04725483641146205,0.0009212099100221292,14.588162301423829,0.0087989110560318
2023-11-07,CHD,-0.001614158007776778,0.013816621942268183,0.00208512259256591,0.02084464189279884,14.70890147921779,0.0099280809394173
2023-11-08,CHD,0.026303943366894393,0.005719749288502621,0.022429186658144,-0.0010149531662206224,14.533009317359435,0.0083267644549185
2023-11-09,CHD,-0.0010119769270511738,0.005131109220448749,0.001017928270630841,0.011555663097860824,14.429777396708335,0.0075100564788102
2023-11-10,CHD,0.009962634611370185,0.0005562348025028959,0.007208913502140344,0.0007805644275647522,14.132218038000774,0.0055771809353541
2023-11-13,CHD,-0.0030118389433749946,0.01358465729503416,-0.0005612672803387427,0.01339626590140802,14.273252443348778,0.0064219251554183
2023-11-14,CHD,0.02072383846159276,0.012396302482474347,0.02191706792457032,0.012311051357827792,14.36715235223356,0.0070541627727438
2023-11-15,CHD,0.007871565021305187,0.007038945473974748,0.008339884007646759,-0.0014173268505867059,14.36183903064492,0.0070167811141359
2023-11-16,CHD,-0.0019621292823192916,0.00527364983433404,0.0014195130014922168,0.013331258231678179,14.247033849910872,0.0062557393035634
2023-11-17,CHD,0.015482400474110525,-0.000859092917226701,0.004138090624741725,-0.005181279353984894,14.388522501109069,0.0072065336638088
2023-11-20,CHD,-0.011236023312186184,-0.009390723804081395,-0.00895098494929702,-0.010334594015866871,14.351478059239696,0.0069444557311771
2023-11-21,CHD,-0.0023931969193355432,0.012394362591028213,0.0010959001059432233,0.01486973175655543,14.074408050886744,0.0052639063833245
2023-11-22,CHD,0.015346651771619625,0.00821377787721396,0.021025966242536706,0.013695895863227276,14.05476443822686,0.0051615131445288
2023-11-24,CHD,0.008330686168553567,0.007514433736620665,0.002035692348254186,0.007727791362112155,13.452675249311879,0.0028267847710373
2023-11-27,CHD,0.004774849189510023,0.004628692030040624,0.010010761444809856,0.004419182180754503,14.02398788405485,0.0050050790297021
2023-11-28,CHD,0.010634504571413204,0.006486090210162166,0.0053896558087431325,-0.0015760558555368352,14.423971474544949,0.0074665799845597
2023-11-29,CHD,-0.0029368354942524255,-0.0047033882072643,-0.0040129804079253725,-0.004637298947434554,14.286951279098629,0.006510503433424
2023-11-30,CHD,-0.0075918588356817356,0.012803884278025215,-0.008608504992631601,0.02059750390806355,15.19336969238082,0.016116370728536
2023-12-01,CHD,0.021569305509566206,0.002066585116200545,0.014622046353039996,-0.013125057983919946,14.214622863015839,0.0060562350168623
2023-12-04,CHD,-0.01945465993974371,-0.009750057466362786,-0.0068605715284590285,-0.0028351469767089453,14.084469185592939,0.0053171346146032
2023-12-05,CHD,0.0018993700841723699,-0.010688578174560606,-0.013434380329935153,-0.017074466583436674,14.10638826891995,0.0054349681036934
2023-12-06,CHD,-0.01840581309542522,-0.008357659149939464,-0.0025796193829383638,0.00042774828819766515,14.304275218311597,0.0066242736987525
2023-12-07,CHD,0.0051408539084586416,0.0021224847386999693,0.0006455332160684262,0.006607012961357766,13.726789720679617,0.0037182560643614
2023-12-08,CHD,0.0031996563017056344,-0.0044624138674088515,-0.004527433464269626,-0.012935158991549869,13.777913565862194,0.0039132908049246
2023-12-11,CHD,-0.006731203628509554,-0.003733997522825151,0.0007559797740965659,0.004508847258670925,13.787009226403471,0.0039490471740278
2023-12-12,CHD,0.0038520275317688595,0.009573640097187345,0.0068855440752398625,0.011713561202700238,13.863444164917102,0.0042627280484336
2023-12-13,CHD,-0.0036375446369834165,0.006962777386971196,-0.019050246570409313,0.00538456123795546,14.298184207442054,0.0065840477835114
2023-12-14,CHD,0.013943002698568158,-0.0036864551038781595,-0.0022975001516256934,-0.03875335442663321,14.594331179209439,0.008853358254439
2023-12-15,CHD,-0.042315890824076045,-0.03249423221318849,-0.011456232996460765,0.0015313896567361242,14.881806589437266,0.0118020397383283
2023-12-18,CHD,0.017596956412282344,0.014178456221739117,0.012988534339556386,0.015507458791538519,13.765270393051685,0.0038641257974076
2023-12-19,CHD,0.005833324533663917,0.003433065171798083,0.009794288378855405,-0.002262355511123106,14.04431883438427,0.005107878590874
2023-12-20,CHD,-0.0044259223112171325,-0.0025737717990382066,-0.010341305743045632,-0.014119944251161372,13.95805211189828,0.0046857096420299
2023-12-21,CHD,-0.006077007498385512,-0.009710810496384411,-0.007688899325524981,0.004039149230815649,13.969862074765294,0.0047413758075657
2023-12-22,CHD,0.001631278695655399,0.003679552765958984,0.008563873262427295,0.0011976113887620045,13.609348255638153,0.0033062451749217
2023-12-26,CHD,-0.000217388910484535,0.00010798588610664718,0.001201806496647195,0.0041263163992901215,13.565253998514205,0.0031636260208849
2023-12-27,CHD,0.0014121884668626052,0.004526509979141116,0.0027263065491390176,0.007557204496052116,13.627856005997035,0.0033680061761001
2023-12-28,CHD,0.01025875183739294,0.012608341942775679,0.010507598152709043,0.010803905577950525,13.861058328394659,0.0042525699890292
2023-12-29,CHD,0.009835339629827917,0.0048722806309374955,0.012528838173599916,0.006046072401010812,13.994995595638873,0.0048620535532891
2024-01-02,CHD,0.003928467402820668,0.011347057107272202,0.0031873689481448798,0.00010576449642938615,14.165956844025581,0.0057685587745317
2024-01-03,CHD,0.007179876735267915,-0.007024143920118951,-0.007239437926797383,-0.006577573592149677,14.02268812863203,0.0049985778716833
2024-01-04,CHD,-0.010682951847147243,-0.002001058370854806,0.0011745714218187825,0.006048639213209763,13.96617029439008,0.0047239039453902
2024-01-05,CHD,0.0054087256346973265,-0.0032731678415950836,-0.004063581130946708,-0.006900409533839127,13.869999690217593,0.0042907642923895
2024-01-08,CHD,-0.003921023327788115,-0.0015877820681162432,0.0013920133595443857,0.0053123355268953135,14.034325554587927,0.0050570882938523
2024-01-09,CHD,0.0015914135254449487,0.01691125515246735,0.004910384075759745,0.01691658577608258,14.132436577270601,0.0055783999024826
2024-01-10,CHD,0.016715156902904087,0.007057592131633421,0.020134469803582817,0.005195853713479888,13.968661595458439,0.0047356872942992
2024-01-11,CHD,0.0065466688848933455,0.010596369168275941,0.0027098885914217845,0.010926911927296034,14.096244296557531,0.00538011458291
2024-01-12,CHD,0.013578993465840315,0.00306518479969803,0.009117254496468332,0.0011270517277249383,13.800194869286472,0.0040014627605542
2024-01-16,CHD,-0.0020456332582976587,0.0020383993363664228,0.001854749286678389,0.005209196292499674,14.158249545987845,0.0057242696355288
2024-01-17,CHD,0.006124340831158642,0.01224402235104014,0.009324366461635685,0.0054860911388534515,14.129883975915657,0.0055641786193165
2024-01-18,CHD,-0.002139313202978548,-0.007267699221332728,-0.005522691326998742,-0.008853684648841195,14.048288350576652,0.0051281947096826
2024-01-19,CHD,-0.00020399486071430336,-0.0068107326895694275,-0.008134791360208383,-0.009242277066014904,14.173744985276457,0.0058136605582869
2024-01-22,CHD,-0.013762186377689114,0.00020395404810989265,-0.001759167724653219,0.007093357661819166,14.047178473429167,0.0051225061964162
2024-01-23,CHD,0.013354236747031628,0.01879046514277539,0.014906567164674688,0.01917587347680266,14.074639594721727,0.005265125350453
2024-01-24,CHD,0.006712078054298049,-0.008745119736482652,-0.009535190289513289,-0.024516879710999476,13.992987900475352,0.004852301816261
2024-01-25,CHD,-0.012648111566720781,-0.009637441163413538,1.1774425587377958e-08,0.009940158484069437,13.941527160147732,0.0046089147129332
2024-01-26,CHD,0.007974720413871976,0.010545681132312686,0.009331091604925217,0.010649804451481091,13.998665933701242,0.0048799317378408
2024-01-29,CHD,0.01174340879639902,0.007035850257226196,0.011466908856954394,0.004830852991788528,14.411210827534864,0.0073719068709113
2024-01-30,CHD,0.006420534053089827,0.009271763431144619,0.0022172804773745117,0.008995550621644003,14.223905370294927,0.0061127138271504
2024-01-31,CHD,0.007869013114556553,0.00227990351412341,0.0004026718742518558,-0.006488637266670486,14.431075044201783,0.0075198082158384
2024-02-01,CHD,-0.008869501592121574,0.007791310546872965,-0.0009062053528237406,0.019144515516635614,14.56272017030934,0.0085778716833936
2024-02-02,CHD,0.01844749998315639,0.013853942575872817,-0.008395274186621228,-0.023963243956832147,14.667284528464112,0.0095233838527487
2024-02-05,CHD,-0.017446991334167564,-0.022338585170522472,0.008193860856156305,0.008118229354905504,14.834827442990953,0.0112604120108894
2024-02-06,CHD,0.003992047848265698,0.0036592424869029937,0.006927350113436564,-0.000199615680632776,14.47391151987298,0.0078489293405387
2024-02-07,CHD,0.003380683056987551,0.004432369342620394,0.0002001091767140985,0.005873243312905001,14.499516585198593,0.0080524968510015
2024-02-08,CHD,-0.0026837524904143053,-0.0073983284838890434,-0.002203118422255155,-0.008072191484458278,14.141283619132462,0.0056279712323757
2024-02-09,CHD,-0.006290332185380542,-0.009150644889260711,-0.016170132003672587,-0.011168821931936112,14.135563736557192,0.005595871764658
2024-02-12,CHD,-0.012598929953975177,-0.012872110267259719,-0.005619319938578496,-0.00253266251862827,14.130395017714665,0.0055670228759497
2024-02-13,CHD,0.0024313383519830537,0.006456752990635379,-0.0027702756551020854,-0.007126292459082785,14.084163468918069,0.0053155093250985
2024-02-14,CHD,-0.009105883283336455,-0.013008711569319577,-0.009916406389934872,-0.0061255673269957605,14.132218038000774,0.0055771809353541
2024-02-15,CHD,-0.0020502364474295,0.0020414526549394126,0.009013340564580377,0.004012593066466642,13.691874049111204,0.003590670838243
2024-02-16,CHD,0.004505039930709003,0.004273533729251985,-0.0011350972508779164,0.003996556490173886,14.094203095350755,0.0053691438787534
2024-02-20,CHD,0.004586394227672738,0.007888340815054858,0.010272266671501804,0.0027575016219503574,13.835020005032428,0.0041432692698386
2024-02-21,CHD,-0.0016283423694051363,-0.0008061987772161549,0.0025516234058587366,0.005695049403813445,13.469352969379885,0.0028743244890496
2024-02-22,CHD,-0.0016310076738692192,0.005429359533062234,-0.010967135730064657,0.010391020565024781,13.847397715442941,0.0041948722116126
2024-02-23,CHD,0.023891145133137358,0.009977190950122871,0.02362881292614758,0.007598593930686207,13.967545572778345,0.004730405103409
2024-02-26,CHD,-9.976603037953995e-05,0.001586976818278508,0.008219642433304315,0.00019902164527857853,13.639609545293242,0.003407825768965
2024-02-27,CHD,-0.003292778515052744,-0.0017856309834700392,-0.01023476717097464,-0.005291711120953148,13.700886153575746,0.0036231766283369
2024-02-28,CHD,-0.0015004018049726924,-0.0022863656419376253,0.004427839614808905,0.0022999083611779966,13.551285863970492,0.0031197432042582
2024-02-29,CHD,0.001999970149058633,0.0016904311171868178,-0.0005021385436988319,0.0,14.284076278915197,0.0064918126041201
2024-03-01,CHD,0.001198162377601834,-0.0030847329435274395,-0.00422826585402027,0.0015968188640898863,13.770723420979909,0.0038852545609686
2024-03-04,CHD,-0.005202208012860444,0.00873192262729714,0.0034242063916270393,0.006559971322245078,13.870851599160298,0.0042944211937751
2024-03-05,CHD,0.013746748276449424,0.01100428374729473,0.01129736265827361,0.009563895676454182,14.270274272391823,0.0064028280037381
2024-03-06,CHD,0.005328007132626194,0.006816618221989252,0.010187495027575698,0.005187092962503291,13.86515844941856,0.0042700418512047
2024-03-07,CHD,0.009792488426373185,0.011578650423516048,0.005104031391827693,0.016266830683016438,14.128568667954971,0.0055568648165454
2024-03-08,CHD,0.01085487605268967,0.004976127707967986,0.009451970205412911,0.0,13.768524814847552,0.003876721791069
2024-03-11,CHD,0.00987972620162064,0.005141443299137375,0.0031954078253011785,-0.0025965356675282693,14.092006043212809,0.0053573605298443
2024-03-12,CHD,-0.011133591999195612,-0.002662680706299691,-0.0005802736955047256,0.006239526946029263,13.707480927831945,0.0036471496485311
2024-03-13,CHD,0.013326449761859939,0.006170192638740459,0.006556094959420098,0.008765238411908106,13.931069789466747,0.0045609686725447
2024-03-14,CHD,-9.52935374587343e-05,-0.0027482049671472665,-0.001442487852784075,-0.009914324715747248,13.851843451531353,0.0042135630409166
2024-03-15,CHD,-0.019913019330074427,-0.00991797799385123,-0.010058995037871743,-0.0003831991782794843,14.453198409833005,0.0076880256795741
2024-03-18,CHD,0.011399966892233987,0.008873659429661913,0.01188585467224726,-0.0007669871153611861,13.718119314247787,0.0036861565966437
2024-03-19,CHD,0.0073695560173681245,-0.0018064611879489746,0.00019214848607389002,0.005738336079415125,14.043124900381603,0.0051017837552314
2024-03-20,CHD,-0.00019076828681847504,-0.0019051660202014018,-0.011980869758122542,-0.017800038376443294,13.989968779613724,0.0048376742107187
2024-03-21,CHD,-0.01984269500826186,-0.006600667556155577,-0.005849128449198053,0.008410235575999321,13.861631448504797,0.0042550079232863
2024-03-22,CHD,0.0129520152814245,0.0060284156539472345,0.01291972171414286,0.006907180736170049,13.544752463667164,0.0030994270854495
2024-03-25,CHD,0.005459000140459788,-0.0001907858788849171,-0.00687619490881665,-0.015511658070534722,13.826649291298292,0.0041087318678639
2024-03-26,CHD,-0.011624083173522499,-0.010069605378810197,-0.0009722384441848344,-0.0014574920905329142,14.04017375403328,0.0050867498273129
2024-03-27,CHD,0.00019327285493047977,0.006915796282870384,0.0047551870343140795,0.013233733290553475,13.79663452125042,0.0039872414773881
2024-03-28,CHD,0.010953192141048743,0.0021991038965411837,0.005792042027090049,0.0009591017654870129,14.364383706967647,0.0070346592986875
2024-04-01,CHD,-0.007000117314831701,0.004288819346770439,-0.0034712358047910225,0.006783556377884155,14.22450343616778,0.006116370728536
2024-04-02,CHD,0.01033896908667449,0.002943782432536035,0.005298411481451801,-0.003624920697340926,14.205591941030695,0.0060017878184551
2024-04-03,CHD,-0.00486898064219532,-0.0056101944707222145,-0.011110686379995217,-0.01424464844989718,14.395993392495003,0.0072605745398399
2024-04-04,CHD,-0.008554018826569315,-0.008138339285464275,-0.0085862106646909,-0.01032848760850895,14.200297335460009,0.0059700946731136
2024-04-05,CHD,-0.01634911641327992,-0.0151106616720334,-0.006093985938455396,-0.0009798721161077557,13.887832149776026,0.0043679655438625
2024-04-08,CHD,-0.0024559584684315456,-0.0031280952192057642,-0.00029584307891093026,-0.005012603759695211,13.904071650191367,0.0044394782820689
2024-04-09,CHD,0.0011796730479716995,-0.001175522787009137,-0.007324515609271846,0.003933596450581264,13.61608475396976,0.0033285929056113
2024-04-10,CHD,-0.002360517046632422,0.00849165219924528,0.008507293943940538,0.006749247148966795,13.972515161474428,0.004753971801227
2024-04-11,CHD,0.01543885238510218,0.002329720007630572,-9.858473101316507e-05,-0.00979644764477478,14.032314858620119,0.005046930234448
2024-04-12,CHD,-0.018496262950628475,-0.009449929955809061,-0.008011443252944768,-0.004934258595088705,13.967889097048706,0.0047320303929137
2024-04-15,CHD,0.005417837713406824,0.0020533560216926656,0.005841805149453291,0.004934258595088838,14.013131972728226,0.0049510381536711
2024-04-16,CHD,0.0024530976649156187,0.013583223383396103,0.007377275386059512,0.016306620319892502,14.234550443777735,0.0061781317297143
2024-04-17,CHD,0.016137184576871265,0.0022140208898924992,0.007614982429405659,0.0023217382129931637,14.162499443126897,0.0057486489780992
2024-04-18,CHD,0.0004820841615964812,-0.0008657131761744103,-0.003312182456304073,-0.0028061347044595272,13.604667296956654,0.0032908049246271
2024-04-19,CHD,-0.006284838552766649,0.006713924417685293,-0.0037150357846507495,0.011081739759458949,13.914360827885188,0.0044853927105765
2024-04-22,CHD,0.017975214776934777,0.019031966287965104,0.023234345502277712,0.015216621333131515,14.033682571639382,0.0050538377148429
2024-04-23,CHD,0.019434675832314327,0.007475355194515452,0.012363601781970542,0.007147735056382882,13.867914185703542,0.0042818252001137
2024-04-24,CHD,-0.00957580121131024,0.0013023482145240873,-0.005022194950845327,0.0059795510053524655,13.72427317305964,0.0037089106497094
2024-04-25,CHD,0.016558603431240923,0.005007853515138552,0.013492635019970058,-0.0009320006146165398,13.708483098171186,0.0036508065499167
2024-04-26,CHD,-0.007076368770445812,-0.0023153209495006236,-0.0036617674776578666,-0.008709115380271104,13.852421875746435,0.0042160009751737
2024-04-29,CHD,-0.005716045919913633,-0.007538690026785604,-0.003486348446811605,0.005534045472072662,14.250276182533899,0.0062760554223721
2024-04-30,CHD,0.005902969666318869,0.008187546601665093,0.004802400111460665,0.0091247472285364,14.297937324492327,0.0065824224940067
2024-05-01,CHD,0.004660254556028549,0.007017572027628203,-0.0036704343869650726,-0.015223263185298009,14.497546739356107,0.0080366502783308
2024-05-02,CHD,-0.013575077966839875,-0.019511847341664428,-0.02530319810373059,-0.0035825437324496015,14.520932593299817,0.0082268091503799
2024-05-03,CHD,-0.008234431344867264,-0.002442565810772604,0.004919566835440088,0.0021698629225026913,14.065413657455732,0.0052167729876884
2024-05-06,CHD,0.008988178478551908,0.002723930756442189,0.011386092503165888,-0.006618734025282305,14.018288939785108,0.00497663646337
2024-05-07,CHD,-0.0005652359528004324,0.005239052140595143,0.005881312041116637,0.01431690680254676,13.787729205123204,0.003951891430661
2024-05-08,CHD,0.014223131285290678,0.005118972801582144,0.005658811554380299,-0.0014037508170596054,13.856173499836327,0.0042318475478444
2024-05-09,CHD,-0.006057495526994529,-0.00167243363239495,0.0003760909494016732,0.0025253776516679332,13.690515200933422,0.0035857949697289
2024-05-10,CHD,0.0013078193061740646,0.0003719187358010036,0.004127948924742175,0.002425800409799578,13.430878428510916,0.0027658364146113
2024-05-13,CHD,0.0016789746477876843,0.00167180165350476,-0.0014990494264965585,-0.001492059434967242,13.722738255024396,0.003703222136443
2024-05-14,CHD,-0.0044542346021454165,-0.004610686050153882,-0.009705346540388415,-0.0003369996687455124,14.010995923720227,0.0049404737718906
2024-05-15,CHD,-0.0010329964016410774,0.003638925304546072,0.00954236676810223,0.0032708825764837086,13.646145896883258,0.0034301734996546
2024-05-16,CHD,0.009631247562531592,0.0050168069876613324,0.0020665817726074126,-0.004675899037647838,13.830498672896656,0.0041245784405347
2024-05-17,CHD,-0.0061607889236786825,-0.010339692455049145,-0.005080049187660777,-0.0027221876264423754,13.628820673906562,0.0033712567551095
2024-05-20,CHD,-0.004034299040248935,-0.001593034852816363,-0.0017935282428650336,0.0011273636961065142,13.46723028001381,0.002868229653407
2024-05-21,CHD,0.005437848448533547,0.006356996455190649,0.005840883477758222,0.005150554188596716,13.64507923137965,0.003426516598269
2024-05-22,CHD,-0.0006547916267012028,0.0008383083708875612,0.0008449993180553272,0.0023323483036816013,13.300009019126682,0.0024265572305066
2024-05-23,CHD,0.0018695347261037415,0.003067914849118816,-0.0017848320082178887,-0.008328324161171519,13.591617976196781,0.003248141075129
2024-05-24,CHD,-0.004023732304828805,-0.006799249382325908,-0.002918818103589519,0.0004697990519372441,13.555185512874905,0.0031319328755434
2024-05-28,CHD,-0.009704664625051571,-0.008823864455530302,-0.020481775679572874,-0.021935031856490032,14.304765804885129,0.0066275242777619
2024-05-29,CHD,-0.014784127022212013,-0.018941302428929573,-0.006760189771459999,-0.008194160845662959,14.40168536897202,0.0073020194222095
2024-05-30,CHD,-0.0072327229804396665,0.005366602888145855,-0.002813909579636389,0.01011237135051745,13.884104283136265,0.0043517126488155
2024-05-31,CHD,0.010015519584905628,0.024079394513296527,0.013608258561209938,0.02507586062656915,14.793423437489906,0.0108037056600707
2024-06-03,CHD,0.021237046107127823,0.00937931115786436,0.021620416971214113,0.0026131639865357385,14.22284125810627,0.0061062126691316
2024-06-04,CHD,0.010451723381308632,0.0013853746857568142,0.0066382632937930985,0.007613717291882574,13.916532575936541,0.0044951444476047
2024-06-05,CHD,0.0011133430547417143,-0.0038841923699643737,-0.005700680356594095,-0.003706801962523878,13.766846435851209,0.0038702206330502
2024-06-06,CHD,-0.0007421012009088486,0.0031455262468021382,0.006539026654072,0.0018551185278773011,13.587606945513404,0.0032351387590914
2024-06-07,CHD,0.0013911528525307679,0.00295160870597325,-0.00130425834478642,-0.004923536429810445,13.630145574642494,0.0033757263012474
2024-06-10,CHD,-0.007347957539884456,-0.007488054131959752,-0.012477416232524912,0.0031612556086199816,13.97200220986273,0.00475153386697
2024-06-11,CHD,0.003820151171649878,0.0018541377498875703,0.006680179802229444,0.0019476035337818835,14.179320685826996,0.0058461663483808
2024-06-12,CHD,0.0009295156702344098,-0.002782456280550582,-0.008759194064156237,-0.014371300910447157,14.232773134800066,0.0061671610255576
2024-06-13,CHD,-0.009615932441992409,-0.008113057823056049,0.001701290456311549,0.0008455877197211956,14.081407804862312,0.0053008817195562
2024-06-14,CHD,-0.004230148059517024,0.008948743659626397,0.0013213945807086503,0.01139249704749431,14.087825914899266,0.0053350127991548
2024-06-17,CHD,0.01012278119903357,0.015652517610732147,0.008078093335935376,0.014746759461877965,13.892842826483287,0.0043899069521758
2024-06-18,CHD,0.016738706269680978,0.007735386520447714,0.017527222220413523,0.0055654613196727005,13.896446097713836,0.0044057535248466
2024-06-20,CHD,0.005669895070839791,-0.0004533418286979623,-0.0008276792515104094,-0.009140008202938404,13.826649291298292,0.0041087318678639
2024-06-21,CHD,-0.001916946831987496,-0.001179810845787796,-0.0007363656727599116,0.00018355063607275178,14.367497894539728,0.0070566007070009
2024-06-24,CHD,-0.006599924548245106,-0.012793589699438394,-0.015401987263358348,-0.013400566261271365,14.271796148702125,0.0064125797407663
2024-06-25,CHD,-0.01603900131459438,-0.01603900131459438,-0.02231355713456636,-0.024774132078241043,14.408008883318566,0.0073483401730933
2024-06-26,CHD,-0.02699663009864493,-0.012034711173751838,-0.008738652199320823,-0.003535023131424382,14.240778946963175,0.0062167323554508
2024-06-27,CHD,0.004598040429975512,-0.009981643264251354,0.0010603318959610845,-0.004508697109083808,14.21173375756223,0.0060387631546869
2024-06-28,CHD,-0.005943134923183199,-0.0038287824507178955,-0.009097947219552078,-0.0031777460407376406,15.759833877242327,0.0283974645483726
2024-07-01,CHD,0.0009609613526810962,0.010209514590905152,0.008326924418076597,0.011412270396458996,14.3956575592532,0.0072581366055828
2024-07-02,CHD,0.0061284576719829184,0.0023703930644519535,0.002696123574570484,0.005420517090954709,14.124465499905716,0.0055341107634797
2024-07-03,CHD,0.006565571010374061,0.0006628271634350394,0.010046554485004777,0.0008532031109500316,13.631108037466474,0.0033789768802567
2024-07-05,CHD,0.0026521161038298,0.010450639083704277,0.0022823260014847107,0.009994511958263815,13.814210713532416,0.0040579415708423
2024-07-08,CHD,0.008852074097814572,-0.001030781368945666,-0.004378929645995732,-0.009520751732193963,14.136652309480413,0.0056019666003006
2024-07-09,CHD,-0.01264290842846386,-0.010745763563153397,-0.006220428695888711,-0.009229822200165463,14.01575470792337,0.0049640404697086
2024-07-10,CHD,-0.0023765898820878005,-0.0005688011225345471,0.0021096672068044416,0.0022915376569777905,14.326356781518088,0.0067721750436796
2024-07-11,CHD,-0.0030501677196346686,0.006144637490818089,-0.00788610464484326,-0.010642929189560623,14.454466037284412,0.0076977774166023
2024-07-12,CHD,-0.0065128834339119,-0.011278231439827646,0.00433537506967827,0.00413634273867439,13.9249038311137,0.0045329324285888
2024-07-15,CHD,0.00019214159874884207,-0.004298163041743484,-0.028473031168391616,-0.029123036567961644,14.470021374605663,0.0078184551623257
2024-07-16,CHD,-0.024113912339029382,-0.00971490430625935,0.004736572966788827,0.011301791613939008,14.043602645053685,0.0051042216894884
2024-07-17,CHD,0.008720861331667815,0.008278063784488202,0.008918552859127267,0.013492093705191699,14.334959493869585,0.0068306854658486
2024-07-18,CHD,0.009998549557847822,0.0015325365541792933,-0.005380848989722134,-0.015056963608890602,14.348196103109697,0.0069217016781114
2024-07-19,CHD,-0.007075974049043923,-0.007589938311868725,0.0029385981043507326,0.004297382371436667,13.989548735435703,0.0048356425988379
2024-07-22,CHD,-0.00830293002195089,-0.016236876926434232,-0.029177382352240627,-0.01938562733607754,14.47680632525722,0.0078716833936044
2024-07-23,CHD,-0.009658938050834037,-0.007773576888236595,0.007524563678007263,-0.004281738023507211,14.207553321415745,0.0060135711673641
2024-07-24,CHD,-0.00885356276137971,-0.002472670207746386,-0.007826706856588105,0.0013960929926728194,13.89920903669479,0.0044179431961318
2024-07-25,CHD,0.003988768186245099,0.009069361040588664,0.00552510071071646,-0.004995098944715086,13.938171455264122,0.0045934744626386
2024-07-26,CHD,-0.004288611858884702,0.0014709966953390277,-0.00451824336307136,0.015206794110046312,14.057201831863953,0.0051741091381902
2024-07-29,CHD,0.01241636162771688,0.002055703160858523,0.013990385875467472,0.0020692748824772448,14.115467732141665,0.0054845394335866
2024-07-30,CHD,-0.0294522865529001,-0.026155704051910082,-0.03145105475639152,-0.02149125571988252,14.511354598725474,0.0081483889317784
2024-07-31,CHD,0.011322468709202487,-0.0007028744675285481,0.00010246276584982477,-0.01438430640163627,14.92740129651472,0.0123526065580431
2024-08-01,CHD,-0.011220718116294983,0.006907255229041295,0.0022501414998091366,0.02020069338957845,14.668393222830082,0.0095339482345292
2024-08-02,CHD,-0.014643637734987185,-0.0030973312403947363,-0.01575481738155529,-0.014909130294695575,15.165115260109124,0.0156673845028645
2024-08-05,CHD,0.02102754194683742,0.009560811857212637,0.02440145401515839,0.014008736961075642,14.869090961277408,0.0116529194262728
2024-08-06,CHD,0.011149817148841822,0.013683409872686438,0.012081138058315372,0.013914054384590223,14.366749068577386,0.0070513185161106
2024-08-07,CHD,0.011915472185934342,0.005071204966277771,0.008172217646122953,0.0026612076809699272,14.217771203930115,0.0060753321685425
2024-08-08,CHD,-0.0017782517751847484,-0.003410481373420892,0.0030722313158548964,0.006084498765019968,13.90872855067071,0.0044602007232538
2024-08-09,CHD,0.011013920480454222,0.0013654978186345313,0.0016807293790329489,0.00039119985194025544,14.187764221045963,0.0058957376782739
2024-08-12,CHD,-0.004116015883019498,-0.0070429039646233,-0.012625087089463123,-0.014183257200126562,13.929107957164465,0.0045520295802689
2024-08-13,CHD,-0.009472146986044578,-0.006401098834437285,-0.0020027331389934283,-0.00626892098886433,14.351887547437826,0.0069472999878103
2024-08-14,CHD,-0.008862413199569019,-0.00425725086090399,0.0022028503106247314,0.002990138687743584,13.607010515216675,0.0032985250497744
2024-08-15,CHD,0.00941006726517278,0.005109810298438734,-0.006918842911926844,-0.002058096566325146,13.779988038056747,0.003921417252448
2024-08-16,CHD,-0.0068797505823649735,-0.008250070279084781,0.000504831695529846,0.00020004861677648276,14.427393994021868,0.0074921782942586
2024-08-19,CHD,-0.00040024713114415647,0.003984370984425191,0.007242013567997033,0.00149870744919888,13.94925530282759,0.0046446710820364
2024-08-20,CHD,0.0007003388217032219,0.0104826990047492,0.0003005606982493834,0.0145697528692232,13.972686086890684,0.0047547844459794
2024-08-21,CHD,0.015778071434296565,0.011638849751398249,0.01747991675781431,0.0073526721266877,13.613273191469252,0.0033192474909593
2024-08-22,CHD,0.01543603848314453,0.0042693850510111585,0.008236184019708898,0.0025363572786392596,13.736143705182693,0.0037531997887123
2024-08-23,CHD,-0.004956522635160036,-0.0037832669493281235,-0.011786825377587398,-0.0046874494757053195,13.671410368990506,0.003517939132908
2024-08-26,CHD,-0.006254923369363969,-0.0012642797181979773,0.005222938949889226,-0.003431962724787445,13.542258536396895,0.0030917069603023
2024-08-27,CHD,-0.00029418190190911404,-0.0071293502721397235,-0.009778350535839805,-0.006503761404988494,13.649693253627467,0.0034423631709398
2024-08-28,CHD,-0.000686667483850634,-0.0012748788595725788,-0.0010923722788379804,0.0041436759082868965,13.859049817374183,0.0042440372191296
2024-08-29,CHD,-0.0014731275140311242,-0.0011783426695952028,9.938372484030119e-05,-0.007907550601119227,13.493100385443231,0.002943399292999
2024-08-30,CHD,-0.008190786597526336,0.0019630714733837075,0.0018858308535783896,0.010954896268727839,14.17862542103869,0.005842103124619
2024-09-03,CHD,0.010252510148767945,0.036017397987442856,0.009278588412825247,0.03292287866105966,14.451346901303712,0.0076738043964081
2024-09-04,CHD,0.03422521636807982,0.007163135826626905,0.03190840457154158,0.008794001418512044,14.221842623489565,0.006100117833489
2024-09-05,CHD,0.00698900176684345,-9.398945850482236e-05,-0.00257286899120209,-0.006896335680272056,14.436893709495946,0.0075636910324651
2024-09-06,CHD,-0.006325768666533844,-0.0023507779055724374,0.0004770314762766747,-0.0029429079808028233,14.115838088525027,0.0054865710454674
2024-09-09,CHD,-0.01277309724350463,-0.005570063481731723,-0.012571548480502555,0.00398515293146869,14.482314276531508,0.007915159887855
2024-09-10,CHD,0.012773010725180658,0.009234872164410345,0.008366539444086338,0.0032145086491062766,14.186384911433706,0.0058876112307504
2024-09-11,CHD,0.0005681110987859457,-0.0058325856175287655,-0.015733123329524194,-0.025622812836378586,14.21375029248195,0.0060509528259721
2024-09-12,CHD,-0.025113890580975285,-0.020782368678893385,-0.005560636131427964,0.0028045966916783265,14.044796009137102,0.005110316525131
2024-09-13,CHD,0.0029078394272291845,0.004229564697245017,0.007310315947006766,0.004720817772737715,13.849816327932732,0.004205030271017
2024-09-16,CHD,0.00944037900467281,0.010306388565988265,0.012833648755018278,0.011277911536351685,13.923648114073385,0.0045272439153224
2024-09-17,CHD,-0.0019193694884556381,-0.0022811443877003112,-0.0060585707788786075,-0.013394719629895602,14.080640993051723,0.0052968184957945
2024-09-18,CHD,-0.0038499097783419984,-0.009080983778266877,-0.01731900029878945,-0.01172326225923209,14.235930614625346,0.0061866644996139
2024-09-19,CHD,-0.012713025345999631,-0.00945491052633179,-0.0032440463633838976,-0.010088701588457528,13.963500298118058,0.0047113079517289
2024-09-20,CHD,-0.007843997445068982,0.006569980301562031,0.00029531538318554025,0.017758272557627564,15.361391014525527,0.0190650522124253
2024-09-23,CHD,0.01261819733157423,0.0029809972635647664,0.009015339173762937,0.0011598540880715638,14.171786122161533,0.005802283531754
2024-09-24,CHD,0.0067810151092813405,0.0044069430606614125,0.00476858282329727,-0.00367754539139054,14.268877181542296,0.0063938889114623
2024-09-25,CHD,0.0039504610792176,-0.003543223243848155,-0.0017490849471754745,-0.001940945140555862,13.71547030900006,0.0036764048596156
2024-09-26,CHD,-0.01287213551556004,-0.005483160840964061,-0.005950380466073192,-0.0002914706982845955,14.219041129395757,0.0060830522936898
2024-09-27,CHD,0.0040828446855318305,0.007782971927658243,0.007116840500032898,0.01427905808211788,14.122260428968183,0.0055219210921945
2024-09-30,CHD,0.01940680256308346,0.009146338996749293,0.011493716970063945,0.0031561964312343455,14.209038703171952,0.0060225102596399
2024-10-01,CHD,-0.004768717910232686,-0.0027541688372486666,-0.0037523354229865163,-0.0022944271891873046,14.417857921722758,0.0074210718784283
2024-10-02,CHD,-0.0008607937403787501,-0.003906885948533913,-0.009491593045034155,-0.011745635262815511,13.917526386386669,0.0044996139937426
2024-10-03,CHD,-0.013292411750994564,-0.013650035581728887,-0.014704637791858951,-0.0187688686283667,14.245473788206052,0.0062459875665352
2024-10-04,CHD,-0.023645983647639007,-0.019349885170795094,-0.008529348990379965,-0.0029647606153826943,13.851939878804533,0.0042139693632928
2024-10-07,CHD,0.005742099816242752,-0.0003946622388000876,-0.013739339957488814,-0.019487935698348224,14.200773639026796,0.0059729389297468
2024-10-08,CHD,-0.022966540617199792,-0.010618812222711639,-0.004047324459250436,0.009941443969952947,13.913091793332205,0.0044797041973101
2024-10-09,CHD,0.013843032383725314,0.007949837481355389,0.014294570066869138,0.005480437850180066,13.736251959463443,0.0037536061110885
2024-10-10,CHD,0.003976915021421464,0.00029684609517911586,-0.0014003133865950687,-0.004082654193094485,13.762216315646555,0.0038523424484986
2024-10-11,CHD,-0.004176172603511299,0.005919583292635696,0.0020996875540090724,0.013774190749327021,13.928572243344254,0.0045495916460119
2024-10-14,CHD,0.015816897808497373,0.016487378181427884,0.01290085317592673,0.015139309867568168,13.854828381786778,0.004226159034578
2024-10-15,CHD,0.01798166641679475,0.017266600554871583,0.02078428025854475,0.011469357646351304,14.102793300694554,0.0054154646296371
2024-10-16,CHD,-0.004828044146389878,-0.003334031342157738,-0.005422657606110661,0.0029665013453205303,13.87330860053148,0.0043049855755556
2024-10-17,CHD,0.014987292457315502,0.005613879797873537,0.010143505634776293,0.002766912903996042,13.866394718668053,0.0042753240420949
2024-10-18,CHD,0.0005720047654309249,-0.002279777770426084,-0.002405758858157261,-0.005829199968135952,14.234287337983352,0.0061765064402096
2024-10-21,CHD,-0.00736529338516681,-0.003525057255969278,-0.004635525494381827,-0.004129630314485988,13.753317018540006,0.0038182113689
2024-10-22,CHD,-0.01100506541646204,-0.011325550582978777,-0.014331198289676151,-0.01181037347279353,13.983564988268704,0.0048067937101296
2024-10-23,CHD,-0.004475178325591741,-0.008433131332513489,-0.0018673993453598037,-0.0012668317581453006,13.700549661324791,0.0036219576612084
2024-10-24,CHD,0.004475159030718612,0.006307290140883953,0.00568967136676791,0.0005849197569477672,13.858858320046421,0.0042432245743773
2024-10-25,CHD,-0.008089306037168294,-0.005723456268421368,-0.016968007315394752,-0.01749785027468824,13.96375899664173,0.0047125269188574
2024-10-28,CHD,-0.008747348811350555,-0.011742952553042103,0.0002984804030131938,0.002080467369464699,14.367670620928315,0.0070578196741294
2024-10-29,CHD,-0.006039969465197194,-0.00157620291778571,-0.0035871386536861067,-0.004165119657631782,14.136144456244882,0.0055991223436674
2024-10-30,CHD,-0.0009937324974055345,-0.005437275029275353,-0.0007989309611881799,-0.0010937484347322425,14.076721080204011,0.0052760960546097
2024-10-31,CHD,-0.002089798488584009,0.006422702246042199,-0.0027008560011440126,-0.00608680449427976,14.814892024477652,0.0110381536711226
2024-11-01,CHD,0.05211485176055367,0.04336774283395326,0.030386088442600566,0.047306732102346205,14.900767729400181,0.0120279549794807
2024-11-04,CHD,-0.018322825205169736,-0.006813674444701579,-0.003992028084357577,-0.017235975635710676,14.694141374007053,0.0097826175287473
2024-11-05,CHD,-0.009872336971676103,-0.010980118419744818,0.0005851969601928296,0.01139561364903401,14.27735662962807,0.0064483361098695
2024-11-06,CHD,0.024690205993045916,0.019301719871273628,0.0008771570454700727,-0.008970435083210854,14.929963714946217,0.0123842997033846
2024-11-07,CHD,-0.016746032492080884,-0.014799704731079442,-0.0015599767965789211,0.006759405933399884,14.181819644159967,0.005860793953923
2024-11-08,CHD,0.00950795501454672,0.022118169098687697,0.016738876705194836,0.024150215074920458,14.167223913555182,0.0057758725773028
2024-11-11,CHD,0.018467254482871568,0.00856372648542832,0.019667130274178258,0.011767034500748383,14.270337730167991,0.0064032343261143
2024-11-12,CHD,0.013329186153862242,0.007295605858974499,0.008618305568491583,0.002596190999064203,14.248850851178457,0.0062671163300962
2024-11-13,CHD,0.0012029763015765193,-0.0026719373004882507,-0.0010265342530196453,-0.006782775122679354,13.964620842026589,0.0047165901426191
2024-11-14,CHD,-0.010038117708203006,0.001014365088955647,-0.004398070629409466,0.005763679645801866,14.049238694395429,0.0051330705781967
2024-11-15,CHD,0.010544840543987542,0.011992975030116886,0.007594204260367304,0.01314784571407039,14.484263094036944,0.0079306001381496
2024-11-18,CHD,0.007386857102785814,0.008093569746820399,0.01067436191246872,0.011581925231280921,14.124245211488544,0.0055328917963512
2024-11-19,CHD,0.012615661989348215,0.009375327052827055,0.013754151292459122,0.005695972843119916,14.315437607436357,0.0066986306935922
2024-11-20,CHD,0.007421520519061034,0.002688204266680081,0.004633656564726421,0.003330214194718692,14.601920824460917,0.0089208077688838
2024-11-21,CHD,0.00844028306227875,0.009795201684900353,0.005333809352965174,0.00858905684686404,14.407898288378503,0.0073475275283409
2024-11-22,CHD,0.009787489963745585,0.005743357022743675,0.0075451487018092945,-0.0031228878248609976,14.353407037228465,0.0069578643695908
2024-11-25,CHD,-0.00443694333145969,-0.004415003430343038,-0.013513704387948678,-0.013404871555878469,14.745941247776043,0.010302710170249
2024-11-26,CHD,-0.01370065855494176,-0.015787644367333365,-0.005730635092542437,-0.000271794929974194,14.042328151711256,0.0050977205314696
2024-11-27,CHD,0.00018026666076703337,0.004306046397668574,0.004005771570187327,-0.0001811914542202723,13.868103956849598,0.0042826378448661
2024-11-29,CHD,-0.009146542274374947,-0.010166941507468658,-0.006471895869128373,-0.0020862732309502165,13.780091648787181,0.0039218235748242
2024-12-02,CHD,0.008695708387669041,0.025534836369762226,0.005926642156532214,0.010028558457377483,14.546098503123918,0.0084364714964853
2024-12-03,CHD,0.003690886057827326,-0.017428870062381953,-0.002822156595022851,-0.011573373674100784,13.869526093688348,0.0042887326805087
2024-12-04,CHD,-0.018500593131282394,-0.013364878828906444,-0.011737870122336404,-0.0006368069615604693,13.87274213579434,0.0043025476412986
2024-12-05,CHD,0.0016462795046664658,0.007336670384691988,0.005427548037001577,-0.006665095255163699,14.423209321294573,0.0074608914712933
2024-12-06,CHD,-0.0035702957814453696,-0.008064202446744665,-0.01749154610109046,-0.018025223406495164,14.413743030510616,0.0073905977002153
2024-12-09,CHD,-0.018886008339456015,-0.02627003551287207,-0.014387419753445133,-0.01238875266706248,14.203762363579518,0.0059908171142984
2024-12-10,CHD,-0.010427969346871329,0.0028911475330241064,-0.0009475319912063642,0.01098863991948022,14.288510319320222,0.0065206614928284
2024-12-11,CHD,0.013880012165895383,0.016165874358409254,-0.0002845285082768065,-0.013920438605189154,14.007205546563869,0.0049217829425866
2024-12-12,CHD,-0.008511529230812546,-0.018216737455502178,-0.001518430769606823,-0.00161144307873014,13.811905065982666,0.0040485961561903
2024-12-13,CHD,-0.008868864033902801,-0.011827833319425109,-0.0029485902477563524,0.0021795171577678662,13.739709923296061,0.003766608427126
2024-12-16,CHD,0.0014205890277413375,0.013506118114394393,0.006551177822514845,0.0017025054394585071,14.19661534826604,0.0059481532648002
2024-12-17,CHD,-0.0016100739793959862,-0.002892188811352847,-0.004362682777224971,-0.00018900009390583456,14.157326349475303,0.0057189874446385
2024-12-18,CHD,-0.0018975355689800108,-0.002525843819410175,-0.0038092110041889077,0.0005668931523555247,14.613783676670893,0.0090272642314412
2024-12-19,CHD,0.001897533947076113,-0.002344417881842449,-0.00019077851237523706,-9.445987765901911e-05,14.504248532245116,0.0080906911543618
2024-12-20,CHD,0.0032175247970042424,0.0005631383644078522,0.0015256534716568766,0.0023590405798840654,15.048654030965238,0.0139449839502661
2024-12-23,CHD,0.002453551728832333,-0.0010327185276836363,-0.001621109161832601,-0.006334797058297878,13.609716873485151,0.0033074641420503
2024-12-24,CHD,-0.007568628270779807,0.0006572598656082784,0.002478291226764837,0.009722045507596155,12.819367308662605,0.0015005485352078
2024-12-26,CHD,0.006342647672733875,0.004682582514855553,0.007398344969690209,0.0026266808356635424,13.394984094943247,0.0026683190443297
2024-12-27,CHD,-0.0005663833379402213,0.002612613532021963,-0.0014185695321845145,-0.0075230797958432735,13.544359098938253,0.003098208118321
2024-12-30,CHD,-0.004921937351685386,-0.015400781136208384,-0.01583391929418044,-0.012538130039191893,13.50558423989076,0.0029803746292308
2024-12-31,CHD,-0.004850909473364574,-0.002368632653443247,0.002976052762745525,0.0008598777740430197,13.610453701792062,0.0033099020763073
2025-01-02,CHD,0.001905180856410879,-0.0024693074907511767,-0.0065397335668798216,-0.008343385985658446,14.023419448917076,0.0050022347730689
2025-01-03,CHD,-0.010523401367309025,-0.0005707956859099355,-0.005417970621776822,0.0076746398224700595,13.905626361232308,0.0044463857624639
2025-01-06,CHD,-0.0019253407016807333,-0.005342478960978685,-0.015249610847064424,-0.028793623237609037,14.231256635328013,0.0061578156109056
2025-01-07,CHD,-0.014950267680006594,-0.015229202884424314,0.00491307401293174,0.01105315119236172,14.32142474032354,0.0067388566088334
2025-01-08,CHD,0.003807238577014456,9.708854411972278e-05,-0.0016677644826086986,-0.0022399459470738643,14.290937578998147,0.0065365080654991
2025-01-10,CHD,-0.011465602131867503,-0.0026255726555919714,-0.009767669342372491,-0.011275161382570557,14.245864031859627,0.0062484255007923
2025-01-13,CHD,0.005798281297635334,0.0018483484886546542,0.001288043437782471,0.014098539220144242,14.519301393329215,0.0082134005119661
2025-01-14,CHD,0.009557291269833774,0.02400731302012537,0.01834737971628568,0.023254624022885084,14.58130439347386,0.0087387753443582
2025-01-15,CHD,0.02435399417148072,0.001706441125937402,-0.005654754622946443,-0.017631744746870636,14.252862500679095,0.006292308317419
2025-01-16,CHD,-0.019416170874156282,0.008864706321524118,0.011084256695660875,0.026991281650821115,14.323893801546525,0.0067555158262565
2025-01-17,CHD,0.030063103531646557,0.005430664845775941,0.024168900788756144,0.0018802671371087535,14.353640600096767,0.0069594896590955
2025-01-21,CHD,0.002340300383629843,0.003542205091450424,0.0012263108841392555,0.0017829958111975038,14.0225255403564,0.004997765226931
2025-01-22,CHD,0.009769775737891362,0.005382316592877119,0.0010363773157033478,0.00037484580719012757,14.203694537125681,0.0059904107919223
2025-01-23,CHD,-0.014831594193290954,-0.013041610909923328,-0.011174320283459405,-0.0038498724852380614,14.275590737245548,0.0064369590833367
2025-01-24,CHD,-0.0016930330982146207,0.0002812153277418218,0.0026628248809166277,-0.0003764359764765494,14.004808556034861,0.0049099995936776
2025-01-27,CHD,0.01800506671566333,0.02672991641289914,0.02123743448031441,0.029124671702870555,14.255570954834669,0.0063093738572183
2025-01-28,CHD,0.007919686909328337,0.0009122406620020427,-0.004099522396072029,-0.017149593283869387,14.051057666134279,0.0051424159928487
2025-01-29,CHD,-0.014971144921060749,-0.01645638762318753,-0.0055236404027895715,-0.00709293065984398,14.221042997138985,0.006095241964975
2025-01-30,CHD,0.0028822153896411675,-0.0010201875431460566,-0.0045163495674349595,0.0032727600828297023,14.472409124306036,0.0078371459916297
2025-01-31,CHD,-0.006613612195409335,-0.007170485792344838,-0.011953512519263191,-0.015049275221903996,15.046641518294765,0.0139169477063101
2025-02-03,CHD,-0.01877321395631846,0.003452021009243911,0.0011446440629365008,0.008587034769095546,14.737425842345225,0.0102153508593718
2025-02-04,CHD,0.0083452230650541,-0.007948096147710002,0.00038126502278578415,-0.004237052732838204,14.299171130180117,0.0065905489415302
2025-02-05,CHD,0.003676302834886612,0.008692872363067292,0.004942951005049132,0.01135256184743671,14.242998702252278,0.0062305473162407
2025-02-06,CHD,0.015127801760858041,0.0050130405371123276,-0.00532417071171114,-0.01684030813452155,14.106537779162053,0.0054357807484458
2025-02-07,CHD,-0.02610235239063718,-0.025605157091803107,-0.005736185531444879,-0.0036119211885953678,13.658974869597229,0.0034744626386575
2025-02-10,CHD,-0.003239678853945661,-0.0029494833514980634,-0.0042275472928023,-0.0044853215004068804,13.89847299906476,0.0044146926171224
2025-02-11,CHD,9.550219638227262e-05,-0.00019050480757033843,-0.0011560476590830296,0.003151406506160865,14.016654686793705,0.0049685100158465
2025-02-12,CHD,-0.004878796696214533,0.014757582056842643,0.00519181119632168,0.010150424811092445,14.178903584963875,0.0058437284141237
2025-02-13,CHD,0.018244512994424388,0.013061130220999265,0.015698934411859728,0.014802621421494704,14.02268812863203,0.0049985778716833
2025-02-14,CHD,0.010438794915501589,-0.003482200650079199,-0.006261440216703563,-0.02106234342112113,14.359926264904669,0.0070033724757222
2025-02-18,CHD,-0.026991539097015113,-0.02349716794615102,-0.01690724325423243,-0.010916505864674561,14.028604581505464,0.005028239405144
2025-02-19,CHD,0.0016306000776038763,0.0031459504493337566,0.006758710195687512,0.004802621824198959,13.905991824584513,0.0044480110519686
2025-02-20,CHD,-0.0109859390202334,-0.00477054632097273,-0.007534072037382287,0.0006705272967094,14.361954838337113,0.0070175937588883
2025-02-21,CHD,0.009163358881597061,0.009707930771654043,-0.0010670865961722091,0.008581302818673859,14.497850045240897,0.0080390882125878
2025-02-24,CHD,0.006793950607257154,0.030042385732798892,0.01760593685607876,0.02122937633574905,14.350014231044838,0.0069342976717727
2025-02-25,CHD,0.03310969523157004,0.02181899190153011,0.032740580934479,0.02732112922610701,14.719891043605259,0.0100377879809841
2025-02-26,CHD,0.014562733406206339,-0.010849988580200287,0.0006458430441612759,-0.018069513289664656,14.443799699679635,0.0076161066189915
2025-02-27,CHD,-0.018167334478576304,-0.0024575321970397397,-0.01122303761508179,0.007157365955267119,13.804248377011913,0.0040177156556011
2025-02-28,CHD,0.023969702271294455,0.014745368471619847,0.018025210059648057,0.016593699912727175,14.482930102982344,0.0079200357563691
2025-03-03,CHD,0.001986757559662005,0.006979883185765903,0.008210920060883973,0.007704065977923169,14.362591541026001,0.0070220633050262
2025-03-04,CHD,0.019300131757164527,0.021699705713051954,0.004894425842751002,-0.012120258748763574,14.275211925686508,0.0064345211490796
2025-03-05,CHD,-0.019390306403488048,-0.02080837420431116,-0.0032602874045104956,-0.0004516910384695453,14.262693898851175,0.0063544756409735
2025-03-06,CHD,-0.0015350417455460056,-0.004822738007367367,-0.002088497717494419,0.0020762428977007803,14.355740214714112,0.0069741172646377
