Date,Stock,Open,High,Low,Close,Volume,Turnover
2020-03-13,CLX,0.02406754304975792,-0.008695169189775837,-0.008389797624317923,0.05557818429722638,14.902253011375473,0.0240652650377465
2020-03-16,CLX,0.037108259172603776,0.05726119877359783,0.04870559694210195,0.040419458032250194,15.49264468825991,0.043430473252699
2020-03-17,CLX,0.0499085337948788,0.1398227452769986,0.0700134108540885,0.12464764797533957,15.827569671767874,0.0607086614173228
2020-03-18,CLX,0.09692985571712637,0.044180332771629235,0.04996910156981838,-0.035649106632112175,15.771668164871842,0.0574080688367562
2020-03-19,CLX,-0.018173496479357128,-0.0711756042579216,0.008375791885272585,0.004337194770872051,15.329780500481744,0.0369031577238412
2020-03-20,CLX,-0.0154099326678717,-0.04347964358804462,-0.06528388206608773,-0.07794198950624538,15.533157106308414,0.0452260735449305
2020-03-23,CLX,-0.07498421480316232,-0.07390275661493127,-0.0388123264187379,-0.04178551561922622,15.05010984678334,0.0278999918824579
2020-03-24,CLX,-0.031128434994285407,-0.009911206621940411,-0.019894905519941383,-0.01075441243128455,14.890342659322101,0.0237803393132559
2020-03-25,CLX,-0.03212877194807836,-0.030103015059637084,-0.02519044674696979,-0.015929341302277134,15.335614616728252,0.0371190843412614
2020-03-26,CLX,0.011737866033098737,0.026167769795151806,0.03602598461494523,0.04398947543878225,15.125113111701376,0.0300730578780745
2020-03-27,CLX,0.01471611686830968,0.01379018171001528,0.008881503285912388,0.00046206970073011197,14.609182028472194,0.0179519441513109
2020-03-30,CLX,0.04109206053102406,0.013602826509948322,0.03206041288662574,0.007421001855006664,14.660778216027545,0.0189025083204805
2020-03-31,CLX,-0.021973958473829297,-0.029967576843276465,-0.01920629313317278,-0.007074513334581789,14.548503736915166,0.0168950401818329
2020-04-01,CLX,-0.010763143697598817,0.016703278651051732,0.001697734966881274,0.008105839318918376,14.759339021966783,0.0208604594528776
2020-04-02,CLX,0.011050813379976161,0.026684254015195426,0.01630083508502146,0.02844729440479815,14.928880416057607,0.0247146683984089
2020-04-03,CLX,0.025675754993949064,0.0007675042223742177,0.0061949729429534904,-0.01209308369842109,14.638457615194747,0.0184852666612549
2020-04-06,CLX,-0.0040458574637291245,-0.0004932062342778104,-0.008383823529419646,0.021398642460626154,14.752153178027928,0.0207110966799253
2020-04-07,CLX,0.012367676093409725,0.013184638886437445,0.02898587648666318,0.0006613878933156181,14.72284167206695,0.020112833833915
2020-04-08,CLX,0.016984915663728686,-0.009899584329169622,-1.720717261283897e-07,-0.0025378615363436797,14.502489252472593,0.0161352382498579
2020-04-09,CLX,-0.020160360904497063,0.02071968506333209,5.6064842494687306e-05,0.017358475806556938,14.564282115219513,0.017163730822307
2020-04-13,CLX,0.023653864411773303,0.0027269416192780786,0.021446645691477317,0.006816764027655972,13.946890512905574,0.0092572449062423
2020-04-14,CLX,0.0346477058605885,0.0445910050770638,0.03066693908151611,0.04687029793879799,14.758093013412932,0.0208344833184511
2020-04-15,CLX,0.01975199968691114,0.014147177693919655,0.029909194898175062,0.00651267768147789,14.284764531288213,0.0129783261628378
2020-04-16,CLX,0.01876208286483933,0.0007048468960875908,0.0024741502848353043,0.004335534079634944,14.420755601289088,0.0148689016965662
2020-04-17,CLX,-0.0170089782048708,-0.02038249508765041,-0.026075842952650308,-0.01533416022722489,14.708492129836065,0.0198262846010228
2020-04-20,CLX,0.007799637365390905,0.01972796733067092,0.014842195276057454,-0.0055451951016590156,14.547349946658708,0.016875558081013
2020-04-21,CLX,-0.006147150414797139,-0.02126434475493167,-0.006943712054429505,-0.0031402215022086296,14.273189170270374,0.0128289633898855
2020-04-22,CLX,-0.011389916335548983,0.000982258651368111,-0.004384550975167058,0.0060623038643887114,14.541996281740378,0.0167854533647211
2020-04-23,CLX,-0.001046464028914222,-0.008508718175918967,-0.0011652438504885134,-0.010527560691429402,14.303845757542065,0.0132283464566929
2020-04-24,CLX,-0.005829336842281028,-0.0014602505908726487,-0.0008487161749884391,0.0038360826389724585,14.283575434042051,0.0129629028330221
2020-04-27,CLX,0.005986143292182386,-0.000730809116965247,0.0007424177578285777,-0.008427716717420848,14.394537299863234,0.0144841302053738
2020-04-28,CLX,-0.011107900781550502,-0.01034038076283454,-0.011087432517494153,-0.011223712704918978,14.258464752620256,0.0126414481694942
2020-04-29,CLX,-0.04073358119831587,-0.01590150815674461,-0.0325234904563889,-0.01623236075862621,14.472409124306036,0.0156571150255702
2020-04-30,CLX,0.022516865404045124,0.007743014955039132,0.010575560874186566,0.013554147093189443,15.01022089780272,0.0268089942365451
2020-05-01,CLX,0.03968928286130733,0.05066544315537132,0.03510088602965242,0.03307711425900039,15.428502347888179,0.0407322022891468
2020-05-04,CLX,0.010924443966931222,0.013560516585436116,0.025488330604604835,0.03347411142481743,15.177538097082113,0.0316916957545255
2020-05-05,CLX,0.021698151717541952,0.021175017326366508,0.023546116962349456,0.02090704215476188,14.643014228162563,0.018569689098141
2020-05-06,CLX,0.021629785751679943,-0.0007819552073902396,0.0026658674507645487,-0.018301108692568988,14.316286451937186,0.0133939443136618
2020-05-07,CLX,-0.011451137205320079,0.0031234061461964187,0.010245834619267164,0.010951521204374396,14.280753498091022,0.0129263738939849
2020-05-08,CLX,0.0077144229940353,0.005103209010012379,0.006146902771663708,0.01014688475527338,14.146899180602492,0.011306924263333
2020-05-11,CLX,0.007117575027286535,0.009552931645312585,0.005323150060286634,0.008588446599288325,14.27014734475754,0.0127899991882457
2020-05-12,CLX,0.01002515110950328,0.002972447256530926,0.010172510677949945,-0.0006321016593092657,14.006875268574142,0.0098295316178261
2020-05-13,CLX,-0.006071287770323041,-0.004269838181014612,-0.004340009682642901,0.005140545915677541,14.210319759692725,0.0120472440944881
2020-05-14,CLX,0.0012172762104282555,-0.00043281268458175205,-0.014868960272762351,-0.0025668422975523046,14.125126074144882,0.0110633980030846
2020-05-15,CLX,0.00649924317676841,0.012380995232542186,0.023336641447351404,0.0174025768081916,14.633085758400277,0.0183862326487539
2020-05-18,CLX,0.002076593602784757,-0.00983496818668252,-0.013219429557879813,-0.028422851340207625,14.70031103554367,0.019664745515058
2020-05-19,CLX,-0.02086442093195264,-0.02084601821706508,-0.01434232090597153,-0.010994117149341133,14.088663339608534,0.0106672619530806
2020-05-20,CLX,0.012774894224634183,0.008390407928035155,0.008876711696335053,0.012414896336283081,14.130249032419504,0.0111202207971426
2020-05-21,CLX,-0.004191206246540867,-0.00535781061375902,-0.021811881297200755,-0.02398272839124748,14.19613705949213,0.0118775874665151
2020-05-22,CLX,-0.02858555529617958,-0.022073469618820882,-0.0024252076341911787,-0.004070575735214186,14.010090835334163,0.0098611900316584
2020-05-26,CLX,-0.0026166551107091587,-0.007467385731225638,-0.013444169696049382,-0.007378906825356733,14.73595305930372,0.0203782774575858
2020-05-27,CLX,-0.015590152656091311,0.008515331774188723,-0.008857477225977321,0.014453823757815759,14.513944240317304,0.0163211299618475
2020-05-28,CLX,0.027062786393677287,0.02224557321809226,0.03676475836889406,0.02449749602681573,14.230332421454603,0.0122907703547365
2020-05-29,CLX,0.023337162083180058,0.008210236123505282,0.01381457815375075,0.006274271535650072,14.350424318979297,0.0138590794707362
2020-06-01,CLX,0.003497660706350624,0.0033809364661863384,0.0021612841400061164,-0.009940157389968505,14.078490786533076,0.0105592986443704
2020-06-02,CLX,-0.01067712894511956,-0.0026072318381883367,0.0010788348625503199,0.0124096861844688,13.933561113389608,0.0091346700219173
2020-06-03,CLX,0.014356013067394775,0.0034749461890322894,0.004938455884473766,-0.003827939577965706,13.978140331318642,0.0095510999269421
2020-06-04,CLX,-0.006981936127788831,-0.004442233789459754,-0.007834452328262707,-0.008385877050194198,13.884291006891152,0.0086955109992694
2020-06-05,CLX,-0.01332231525595937,-0.01875682393455507,-0.04596995630159266,-0.033251625383764735,14.8737524862212,0.0233890737884568
2020-06-08,CLX,-0.041837549479882205,-0.01770939486805879,-0.0014938390460269059,0.006004905689881801,14.372724034086522,0.014171604838055
2020-06-09,CLX,0.027885228442576866,0.019728849347258003,0.020509923159987665,0.016516194127444962,14.56598327728691,0.0171929539735368
2020-06-10,CLX,0.014543768559788608,0.023969881465053203,0.021383781200022562,0.025552905103126994,14.717865029713167,0.0200129880672132
2020-06-11,CLX,0.02683812167550416,0.010846568245405476,0.008123079426768265,-0.011498624605949881,14.885586531472713,0.0236675054793408
2020-06-12,CLX,-0.016201663980780986,-0.010078350733755839,-9.825814268380774e-05,0.0009265591245959564,14.430804839801318,0.0150190762237194
2020-06-15,CLX,0.011151776352498078,0.0006720514336580489,0.004794319254489451,0.014087349097582927,14.408451140806974,0.0146870687555808
2020-06-16,CLX,0.0030328266986840487,0.014005374916725556,0.012319254710552474,0.003359034949624719,14.166590579473517,0.0115317801769624
2020-06-17,CLX,0.007948103438364214,0.007024020265239172,0.010740065572671154,0.015544880782188526,14.080180623566395,0.0105771572367887
2020-06-18,CLX,0.015380080962659708,0.012464160597344356,0.011427523958199898,0.01214283390333351,14.304765804885129,0.0132405227697053
2020-06-19,CLX,0.024264034868463378,0.017612408098377302,0.01752577513991871,0.014113020299534072,14.93722101804502,0.0249216657196201
2020-06-22,CLX,0.0012369614918774376,-0.0023273442511961696,0.003422538305754554,-0.0034057890777393495,14.116060236534274,0.0109635522363828
2020-06-23,CLX,-0.006291626482057628,-0.0042582711263665736,-0.017089802767050535,-0.016361906977065546,14.23283901741966,0.012321617014368
2020-06-24,CLX,-0.019021494513526832,-0.012187211337605957,-0.005793370933838357,-0.0063466914406856995,14.434365672503185,0.0150726520009741
2020-06-25,CLX,0.007204797308609949,0.006712244920251592,-0.00492494464770948,0.01353813680803906,14.307337443228887,0.0132746164461401
2020-06-26,CLX,0.009187393995782358,0.005750287712775586,0.02155559127631925,0.0017664017881818767,14.359752195551517,0.0139889601428687
2020-06-29,CLX,-0.0023119775075822837,0.0009171588746204901,0.0003252908795284864,0.010534351114518906,13.789064934748229,0.0079056741618637
2020-06-30,CLX,0.01648359533943116,0.015912891886822836,0.005511557114211151,0.00819302071349812,14.409721542662277,0.0147057391021998
2020-07-01,CLX,-0.006212461966288649,-0.00669789092699366,0.0013848959007808186,0.000911501660553631,13.911185216792594,0.0089325432259111
2020-07-02,CLX,0.011979384533766877,0.019471258960122275,0.01832720659837948,0.011726635908684417,14.32311158831263,0.0134856725383553
2020-07-06,CLX,0.008700632639926487,-0.004865897544645182,-0.007774259301822484,-0.0033364589055223104,14.129372672819388,0.0111104797467326
2020-07-07,CLX,-0.009244042513667202,0.006779021073431108,0.006460126500728708,0.010736112425326422,14.051847492579393,0.0102816787076873
2020-07-08,CLX,0.016712028082600548,0.007748416833703164,0.011676556836261287,0.007833141617476282,13.920411868203429,0.0090153421543956
2020-07-09,CLX,0.004001546364869257,0.015536058699651382,0.010034167745203628,0.017272432560446985,13.781334140930364,0.0078447925968016
2020-07-10,CLX,0.017114001448051076,0.001085062597578256,0.009714819465296622,0.0011322490389230335,13.70211899068024,0.0072473415049922
2020-07-13,CLX,0.005741300276598349,0.006787214739956881,-0.011135919127379226,-0.017651467411133142,14.0359312055385,0.0101193278675217
2020-07-14,CLX,-0.020063630151839897,-0.006136771811096832,0.0020421553648014464,0.020953857010532363,13.900495800395532,0.0088375679844143
2020-07-15,CLX,0.0032691503949592087,-0.007309371629353945,-0.006406234895313195,-0.02201742434668723,14.26900427048757,0.0127753876126308
2020-07-16,CLX,-0.0021636364402193445,0.0006982819327607924,0.006805133898542686,0.010630491274777975,13.719551267533221,0.0073747869145222
2020-07-17,CLX,0.012649537383952698,0.006784475777760648,0.008475075068638512,0.002060181313535817,14.0590847746116,0.0103563600941634
2020-07-20,CLX,-0.004900176598564744,-0.007002562246896245,-0.004449167493001776,-0.0028062212428061444,13.526228539614713,0.0060784154557999
2020-07-21,CLX,-3.4968362706215866e-08,-0.0022722853492461686,-0.003804173724655659,-0.004444823076427984,13.696953347712057,0.0072100008117542
2020-07-22,CLX,-0.002547152487554011,-0.003681497389728658,-0.005198776443451115,0.00361010080103314,13.611435295758493,0.0066190437535514
2020-07-23,CLX,0.007403711773955309,0.019393619118138156,0.013671847438903999,0.0012735959631198306,13.770723420979909,0.0077619936683172
2020-07-24,CLX,-0.00705204890687182,-0.014138584863233519,-0.007985783922188733,-0.0035174753754763704,13.500938159718626,0.0059266174202451
2020-07-27,CLX,-0.0030816424721690342,0.004662665074513412,0.004640403621741376,0.009556073163099903,13.573949694361803,0.006375517493303
2020-07-28,CLX,0.014420353669196025,0.006808721321756662,0.008375437901221961,0.0019270658779404525,13.483529620343164,0.0058243363909408
2020-07-29,CLX,0.0024863222410846293,0.007779882151250004,0.00534605430074948,0.010662775479680843,13.724492254866757,0.0074113158535595
2020-07-30,CLX,0.010616566466542745,0.003138025873789565,0.0035772411501157233,0.0011249632158129208,13.618766697937504,0.0066677490056011
2020-07-31,CLX,0.00537334729249526,0.021232099337125658,0.014697100431022556,0.022447751393976315,14.866262599955625,0.0232145466352788
2020-08-03,CLX,-0.013075459350476725,-0.01630876252088746,-0.0232689800808909,-0.01942549357020415,15.127000820074972,0.0301298806721324
2020-08-04,CLX,0.007270742865341523,0.018029890130597193,0.018365019481964867,0.024612594418635274,14.509457918294979,0.016248072083773
2020-08-05,CLX,0.026762399751765677,0.006105126516109833,0.010381448766928396,-0.0024426954455607597,14.129372672819388,0.0111104797467326
2020-08-06,CLX,-0.005177091234800309,-0.006902253313811623,0.001151774851454666,-0.0042676491104561435,14.417748410749377,0.0148242552155207
2020-08-07,CLX,-0.005034679334514677,4.1881914828353595e-05,0.004338532185489609,0.005658297809780841,13.796736421589937,0.0079665557269258
2020-08-10,CLX,0.00886750390028863,-0.0012180341894633736,-0.013717909431539466,-0.017543222137608092,13.65862397229074,0.0069388749086776
2020-08-11,CLX,-0.025676779667804645,-0.025755389663848577,-0.04708970384760203,-0.048554450495846176,14.559446380596208,0.0170809318938225
2020-08-12,CLX,-0.03654660858047058,-0.014289401031061239,0.006966674668885242,0.020701820330345552,14.034566566646927,0.0101055280461076
2020-08-13,CLX,0.013906055365166545,-0.004208327475882908,0.004513734737132071,-0.009963530315178095,13.868673054304873,0.0085607598019319
2020-08-14,CLX,-0.011939403421583823,-0.009533934211274537,-0.0023212924564039875,-0.0020046120935487016,13.748516758429416,0.0075915252861433
2020-08-17,CLX,0.001293933914059757,0.010543752644690887,0.0022320712177617006,0.011218805655845307,14.110640575486173,0.0109042941797223
2020-08-18,CLX,0.007773614514726064,0.005819818231153318,-0.008328790165331829,0.006110694152936014,14.208026182252832,0.01201964445166
2020-08-19,CLX,0.011788638232850713,0.001874390806455824,0.01716383553384103,-0.0010084868565805884,13.504083457155673,0.0059452877668641
2020-08-20,CLX,-0.002276439551023077,-0.0017434699653825487,0.0019870707017287225,0.0015781413046869355,13.9520507944747,0.0093051384040912
2020-08-21,CLX,0.001882650694246855,-0.0027960437184725534,-0.005041764646268438,-0.008666633451963538,13.813309136613423,0.0080996834158616
2020-08-24,CLX,-0.0055271990104382735,-0.0055271990104382735,-0.016044585203678206,-0.01423945972693224,14.367843317487651,0.0141026057309846
2020-08-25,CLX,-0.01932066180182009,-0.018200113042507578,-0.014659152367025703,-0.017906916705185866,14.670224139510717,0.0190819059988635
2020-08-26,CLX,-0.018649861047978007,-0.011035943525205427,-0.004444616924390439,0.005097095966731019,14.745112698608898,0.0205657926779771
2020-08-27,CLX,0.006013088226416194,0.011797120880842586,0.007502992972541726,0.0018141698963677353,14.07887509122686,0.0105633574153746
2020-08-28,CLX,-0.0008631890339405972,-0.012159504279270877,-0.01737888795673824,-0.016262682329275947,14.446676478139683,0.0152593554671645
2020-08-31,CLX,-0.012349226831462796,0.016403113127520994,0.007715312446898366,0.02891519199523617,14.331324320256051,0.0135968828638688
2020-09-01,CLX,0.030145131371881694,-0.0012490262881145419,0.0028949761965061673,-0.015375079471255753,14.10053986494299,0.0107947073626106
2020-09-02,CLX,-0.013215429784186092,0.005829390896894733,0.010771482726119502,0.016448189435066627,14.065024143478551,0.0104180534134264
2020-09-03,CLX,0.001311445425901028,-0.007437169178157381,-0.029905146668838308,-0.031878365785310635,14.500424437730887,0.0161019563276239
2020-09-04,CLX,-0.027766815806472157,-0.03373052303490865,-0.02745610527075788,-0.019570073286706253,14.514839094518278,0.0163357415374624
2020-09-08,CLX,-0.016867741000463652,-0.01495240514191118,-0.0031298905929317217,0.002256017003060171,14.468773325170678,0.0156002922315122
2020-09-09,CLX,0.011930610440415526,0.03681175268795248,0.03236188425697842,0.03233539739517642,14.466637630719468,0.0155670103092783
2020-09-10,CLX,0.023488230693471394,0.002349483530034491,0.0034958728411923555,-0.023128958032620925,14.752740917563395,0.0207232729929377
2020-09-11,CLX,-0.01739018076186436,-0.02360789884511061,-0.01311377164444904,-0.004522517718029853,13.88485096905234,0.0087003815244743
2020-09-14,CLX,-0.004604841207679817,0.00695301494869969,0.006484797350809164,0.016039035353738962,13.753742595282702,0.0076313012419839
2020-09-15,CLX,0.005532437559293606,-0.007091757697377132,-0.02283510297319988,-0.03686194589216217,14.579163265370976,0.0174210569039694
2020-09-16,CLX,-0.030696397631467455,-0.025461338954304906,-0.008566518499516087,-0.010745138478971844,14.229803915482407,0.0122842763211299
2020-09-17,CLX,-0.011975960089076717,-0.009334436563025269,-0.01088521437334035,-0.0024140363877297017,14.008195726535703,0.0098425196850393
2020-09-18,CLX,-0.0072359247639820065,-0.00014377431009724752,-0.00024457470434685033,0.006264799590341154,14.486770449830606,0.0158835944476012
2020-09-21,CLX,0.018351224044576495,0.010426172101883837,0.00706194335339655,0.0018242634543284072,13.90681362911252,0.0088935790242714
2020-09-22,CLX,0.003391545903693766,0.0168124704319755,0.013879582248919622,0.018294053863688466,14.236849671396492,0.0123711340206185
2020-09-23,CLX,0.016834854562953108,-0.0056978313980038265,0.005441207609137972,-0.0007066444176007798,13.953619831085792,0.0093197499797061
2020-09-24,CLX,-0.007294906822046976,0.0050456852958079175,0.003753503254297337,0.006855921791494786,13.930267686845518,0.0091046351164867
2020-09-25,CLX,0.017280173706065174,0.003721123708609721,0.00085328186386444,-0.01025412348621657,13.764113047620114,0.007710853153665
2020-09-28,CLX,-0.013084881645554582,-0.005306735054475828,-0.0027519127142219685,0.002172551285384536,13.698078585677933,0.0072181183537624
2020-09-29,CLX,0.0006110500715678655,-0.00023370542640629378,-0.0017122166600297569,-0.0073870270425684175,13.877076853913477,0.0086330059258056
2020-09-30,CLX,-0.012107332663140114,-0.013347042897119016,-0.009948654595954865,-0.0011410501212462212,14.144239319690554,0.0112768893579024
2020-10-01,CLX,-0.003002360467222329,0.0046729228005418615,-0.002454672085754841,0.007017100762385215,13.962033074333698,0.0093984901371864
2020-10-02,CLX,0.010208757843735188,0.017042535634794347,0.0037035794963266805,-0.011547588926371881,14.086606589355211,0.0106453445896582
2020-10-05,CLX,-0.012645480009409639,-0.027932571390044476,-0.0022106364086851224,-0.000525679382634776,13.880362467490574,0.0086614173228346
2020-10-06,CLX,0.0008129120373809645,0.00971221027550866,0.0039376632162093465,0.00970825232876248,13.812306430225096,0.0080915658738533
2020-10-07,CLX,0.008899612306889187,0.025141072384598694,0.011200067894007251,0.018673878988828392,14.527627175676617,0.0165459858754769
2020-10-08,CLX,0.018820985463312453,-0.007846947012137902,0.004539312374619874,-0.0106080072283776,13.66201083288666,0.0069624157805016
2020-10-09,CLX,-0.009436706120833619,0.00240674994426422,0.005129275167380072,0.009026090075110656,13.842932126491728,0.00834320967611
2020-10-12,CLX,0.012037147091217792,0.007782124181252141,0.008180525366389583,0.0029288698586450402,13.499567547347551,0.0059184998782368
2020-10-13,CLX,0.008864671941984963,0.024243861521216718,0.01152540644943523,0.02634197319341509,14.03929470405383,0.0101534215439564
2020-10-14,CLX,0.01650285158848252,-0.006107493952986055,0.0025279420586755263,-0.010179671255719468,13.72109108136605,0.0073861514733338
2020-10-15,CLX,-0.014390771193518156,-0.004695712817953353,-0.0037252953378308896,-0.002561212118270041,13.664223607081597,0.0069778391103173
2020-10-16,CLX,-0.009262428410650106,-0.01156184165457629,-0.010840376650069587,-0.015599236464164869,14.132873512584183,0.0111494439483724
2020-10-19,CLX,-0.0025496930762601558,-0.008413793134387896,-0.010818127875990938,-0.011649687893740615,13.887180775492887,0.008720675379495
2020-10-20,CLX,-0.004885157553040864,-0.009090218782424416,-0.010269791361740301,-0.008933611897586943,13.545669713397661,0.0061977433233216
2020-10-21,CLX,-0.020688374319254483,-0.006966510279444103,-0.0009996283370962843,0.003507374974943259,13.930178524604955,0.0091038233622859
2020-10-22,CLX,-0.004485879559692165,-0.007771398146844619,-0.018988574357825052,-0.007551478299918973,14.056259029266462,0.0103271369429336
2020-10-23,CLX,0.0015768156036597215,0.0004723860281053762,0.015028142582106248,0.00655712930904312,13.581812755974024,0.0064258462537543
2020-10-26,CLX,0.006711209722912273,0.013006661613912857,0.0026262405336110214,0.007502554949816362,13.923917329071005,0.0090470005682279
2020-10-27,CLX,0.018144568359832344,0.015139402002910644,0.020296028951397267,0.006792866790718817,14.09586661054457,0.0107443786021592
2020-10-28,CLX,-0.006449166035253767,-0.011042605294113867,-0.021154788552088893,-0.020280706567043585,13.927946880948712,0.0090835295072652
2020-10-29,CLX,-0.013975121894203376,-0.014130377856354409,-0.009542476592599075,-0.005494577705851097,14.019839010215751,0.0099577887815569
2020-10-30,CLX,-0.01311256719439385,-0.003209199571067871,-0.012947619014368398,-0.007115531808985817,14.627063247070815,0.0182758340774413
2020-11-02,CLX,0.03507301135181481,0.0475422567955679,0.03529321614530431,0.04149143342064929,15.218416430770816,0.0330140433476743
2020-11-03,CLX,0.009745512172902685,-0.014606129718986845,-0.0021784607327152085,-0.012501051534899029,14.459888099144152,0.0154622940173715
2020-11-04,CLX,-0.009256370200895788,0.00316715402108654,0.009494587957680555,0.0032453726861417474,14.256665151774403,0.012618719051871
2020-11-05,CLX,0.007077846250316714,-0.009254765129899634,0.0013156654545189302,0.00018792596131024083,13.893027925803482,0.0087718158941472
2020-11-06,CLX,-0.014299822706721699,0.009025838421559554,-0.0024443347475548473,0.02366387464443558,13.890804469470988,0.0087523337933273
2020-11-09,CLX,-0.04338269054760195,-0.04280286044740729,-0.09471741951462354,-0.11232410070480807,15.413260632954485,0.0401160808507184
2020-11-10,CLX,-0.032167339625533205,-0.033076895720245636,-0.0018644511256446948,0.01633501547599846,14.7027023938238,0.019711827258706
2020-11-11,CLX,0.011456959702429506,0.006408691344409985,0.024427054015155665,0.022311309059461694,14.40911416052129,0.0146968098059907
2020-11-12,CLX,0.026493882481657276,0.020043473743173862,0.02665626390175657,0.024091703851859544,14.414951821202425,0.0147828557512785
2020-11-13,CLX,0.0159025616925276,0.006098305228073956,0.015882243176499018,-0.0007230462016751511,14.250793981563072,0.0125448494195957
2020-11-16,CLX,-0.02385105807144468,-0.0048466526790374,-0.02086965646169104,0.0013975182551717515,14.277923576276569,0.0128898449549476
2020-11-17,CLX,0.019512787927212054,0.007714991822436546,0.017956613910089656,0.0068623367899240655,14.175420962152018,0.0116340612062667
2020-11-18,CLX,0.008514288016019864,0.0036211603970018307,-0.0037024188589851463,-0.01990034977233201,14.462876069292143,0.0155085640068187
2020-11-19,CLX,-0.02463391835078586,-0.017270760003779154,-0.019217089970940567,-0.012320631680568996,14.259491643778532,0.0126544362367075
2020-11-20,CLX,-0.004181667395885717,-0.009041378414739254,0.008520916478789033,0.002860637652827394,14.245799001825482,0.0124823443461319
2020-11-23,CLX,-0.0035560666677779905,-0.007646859545493412,-0.008073321828627132,-0.0036512568010792223,14.262310169237699,0.0126901534215439
2020-11-24,CLX,0.0009396169915614479,-0.0004429172370507094,-0.008289279151704458,-0.013786467747426727,14.296516563479182,0.0131317477067943
2020-11-25,CLX,-0.0033666995187766327,-0.0028097474883565206,0.00285420974488469,0.0060457730244494684,14.076798089116291,0.0105414400519522
2020-11-27,CLX,-0.0011414096238528868,0.0038431196496715764,0.006230549014442172,0.011588858949999907,13.45769353352839,0.0056757853721893
2020-11-30,CLX,0.004557605249721379,-8.333412651890714e-08,-0.0063806382314564244,-0.0006403474764100066,14.610311843921801,0.0179722380063316
2020-12-01,CLX,0.0002470386671415799,-0.00024593044806916933,0.00314554082737824,0.0012310080347161776,14.244953226325844,0.0124717915415212
2020-12-02,CLX,0.002073355304173466,0.0034373667293215813,-0.005348202577075593,-0.007408796002406611,14.185349179275335,0.0117501420569851
2020-12-03,CLX,-0.011456602810851898,-0.003093182661101666,0.0012520152288537042,-0.002382689269811471,14.508458218621447,0.0162318369997564
2020-12-04,CLX,-0.002397171395221787,-0.00824559437815628,-0.005521369725675283,-0.0062312391699437,14.543735747902078,0.0168146765159509
2020-12-07,CLX,0.0019480992670376223,0.0024758627584591463,-0.00015100074427442604,0.0031453886880532527,14.066736871252058,0.0104359120058446
2020-12-08,CLX,0.005921037960477294,0.018133461567500144,0.005572335607528624,0.011252136210342384,14.290440159661534,0.0130521957951132
2020-12-09,CLX,0.009332368746625883,-0.011871881633765279,-0.0015529325325151359,-0.011750479008065438,14.003815014798587,0.0097994967123954
2020-12-10,CLX,-0.013458528535395283,-0.0036931587678157756,0.0022533464279311786,0.0004485110404530983,13.629061695550266,0.0067367481126714
2020-12-11,CLX,-0.0003486341361459014,0.0012818639492194514,0.0013998698008757344,0.005617398084697096,13.929197214906072,0.0090948940660767
2020-12-14,CLX,0.017437462308014857,0.008047262037794056,0.003540682754936461,0.0032171103832356906,14.367613048780322,0.0140993587141813
2020-12-15,CLX,-0.004466229162635442,0.004291401545523089,0.0063019338562207905,0.00325577266798638,14.185901703253393,0.0117566360905917
2020-12-16,CLX,-0.0012797305893509968,-0.003753982783860348,0.0012852906767919438,0.0019681963718297646,13.694134700847506,0.0071897069567335
2020-12-17,CLX,0.0017717016024270213,-0.0016618676334777796,-0.007985343603585278,-0.0054214815407569615,13.772082044422815,0.0077725464729279
2020-12-18,CLX,-0.0034969682292557637,-0.0036273712608160947,0.00283427460050538,0.004093380400992706,14.443853048633555,0.0152163324945206
2020-12-21,CLX,0.006785343582397531,0.0049960786667605055,-0.0047287069256759864,-0.003550164847468822,13.907543555486237,0.008900073057878
2020-12-22,CLX,-0.007130807169301883,-0.007306645994263401,-0.0010482325395685308,-0.005249582380711318,13.74014132922229,0.0075282084584787
2020-12-23,CLX,-0.006536112691451887,0.0015735742968952468,0.003987477792068657,0.004656532282582603,13.425723405908663,0.0054971994480071
2020-12-24,CLX,0.003966415847912833,0.001473239924110227,0.005259349856574188,0.007239207965814014,12.572800390319369,0.0023427226235895
2020-12-28,CLX,0.008033036491177833,0.0005887396042867182,-0.003618825774182826,-0.007634455545692668,13.701894951499332,0.0072457179965906
2020-12-29,CLX,-0.00605592059723401,-0.002209411542553603,0.000694821694748907,-0.002425951269431892,13.471753249529424,0.0057561490380712
2020-12-30,CLX,-0.0025214443610280073,-0.00497598677014254,-0.00263363917254209,-0.0035747613856824314,13.576365919335602,0.0063909408231187
2020-12-31,CLX,-0.0018830808182673177,-0.0020271662703474787,-0.005288709282044924,0.004367706878223822,13.761899843589978,0.0076938063154476
2021-01-04,CLX,0.0014372346800103155,0.0046906531739472155,-0.0037087900511362463,-0.007356727252255707,13.928482929799172,0.0090884000324701
2021-01-05,CLX,-0.006608873772233664,-0.005581805560163596,-0.006295867953762488,-0.002147352636934287,13.998832447591798,0.0097507914603458
2021-01-06,CLX,-0.012593701219585992,-0.0019837631647987336,-0.006895887483477451,-0.013084889476443436,14.384511311872318,0.0143396379576264
2021-01-07,CLX,-0.00979214952366765,-0.022893579158163153,-0.012646289090542774,-0.004976582695158121,14.566219321080737,0.0171970127445409
2021-01-08,CLX,-0.0003570651698206272,0.004762350543834217,0.0012872416868917635,0.007152450261334447,14.16186310884328,0.0114773926455069
2021-01-11,CLX,0.013123724678389669,0.006549075823172882,-0.0073339808917086795,-0.020993194133542805,14.125639552598505,0.0110690802824904
2021-01-12,CLX,-0.02157490968062821,-0.018446586078594538,0.005325259566968648,0.0026293130916763938,14.145174671821666,0.0112874421625131
2021-01-13,CLX,0.0028249230008784783,0.0003578404468634792,-0.002219854014417351,-0.0025776246835428444,13.851457649429541,0.0084146440457829
2021-01-14,CLX,-0.006638451828881972,0.0002047862954265328,-0.008719268000548118,0.009299356096118237,14.076875092098655,0.010542251806153
2021-01-15,CLX,0.008943925426840556,0.018536549526188623,0.015055452664326908,0.010023411459377006,14.369281296834123,0.0141228995860053
2021-01-19,CLX,0.01770212730115236,-0.00040162875785298025,0.001385353613305204,-0.0051266677813066285,14.29292478577071,0.0130846659631463
2021-01-20,CLX,-0.014534396721281793,-0.006294815758017921,-0.0004102730099704612,0.0021350617431312754,14.390550212726604,0.014426495657115
2021-01-21,CLX,0.005291466014165387,0.001716249407870895,0.006647072475356117,0.001421022205431216,14.014608107590217,0.0099058365127039
2021-01-22,CLX,0.008388177845119702,0.02244046851900963,0.010594618331549822,0.0257298291606138,14.307704280866384,0.013279486971345
2021-01-25,CLX,0.0242099690801612,0.10112527784746701,0.0226339167655212,0.04639846028187696,15.21054189035185,0.0327550937576101
2021-01-26,CLX,0.037438178568154,-0.044221656599611026,0.030320699304370494,0.010098291941889732,14.704512720666568,0.0197475444435424
2021-01-27,CLX,0.02233973140932879,0.07906970529278458,0.0283899382671977,0.042242641453015636,15.21583133733516,0.0329288091565873
2021-01-28,CLX,0.03451209433501805,-0.02169543110611354,-0.02149109194408319,-0.05843009355261872,14.893137860625547,0.0238469031577238
2021-01-29,CLX,-0.05552095664532819,-0.04939819200144951,-0.0048816808833015085,-0.0005248913566583453,14.576316854287645,0.0173715398977189
2021-02-01,CLX,-0.004427129448089525,-0.013046543013376108,-0.009302972570566512,0.002669795564723457,14.716281884436658,0.0199813296533809
2021-02-02,CLX,0.006799127867531865,-0.0066585454080112585,-0.011837169413290577,-0.02795586095565995,14.518063861917426,0.0163885055605162
2021-02-03,CLX,-0.03059995122541335,-0.02898757271668383,-0.016253375170926305,0.0017611275359798418,14.297690380576357,0.0131471710366101
2021-02-04,CLX,-0.039208930003666806,-0.024540171417262363,-0.04706085388599275,-0.06533716436960912,15.409205395955965,0.0399537300105528
2021-02-05,CLX,-0.024743497492701116,-0.03137962998314339,-0.006074375904807326,-0.002089372862745664,14.859420590436772,0.0230562545661173
2021-02-08,CLX,-0.001720294123485143,-0.008079221362408889,-0.008227503498362848,-0.006557456371061699,14.662580249465794,0.0189366019969153
2021-02-09,CLX,-0.008698466236510112,-0.009456452012723196,-0.014777965823406384,-0.01404552029452754,14.514441480396545,0.0163292475038558
2021-02-10,CLX,-0.011645595969095245,-0.010766099181282058,-0.005064675167939475,-0.0038502074777688627,14.553918347803384,0.0169867684065265
2021-02-11,CLX,-0.007858150137037905,-0.010776625817075156,-0.00791828695688103,-0.01343203082598343,14.321846719157314,0.0134686257001379
2021-02-12,CLX,-0.012147926302897374,0.0017687191027462162,-0.004146452597836338,0.009889309901935857,14.23547076929607,0.0123540871824011
2021-02-16,CLX,0.006767239695110815,-0.00579927457990806,-0.0027374459871954714,-0.014188417278834362,14.288759540350036,0.0130302784316908
2021-02-17,CLX,-0.016977298659030485,0.013160757595430415,-0.006600764655157619,0.02376749723611744,14.480052996022911,0.0157772546472928
2021-02-18,CLX,0.02503773274678331,0.014510085857456695,0.02598387187686181,0.010015585363288794,14.450499354292253,0.0153178017696241
2021-02-19,CLX,0.024478675602289245,0.005485353664123624,0.004453312061271141,-0.013804111967091201,14.384850908694917,0.0143445084828313
2021-02-22,CLX,-0.025067444669778078,-0.02164438866406491,-0.00989892060854545,0.003841854989254905,14.037374090403754,0.0101339394431366
2021-02-23,CLX,0.009434200941737544,0.006632450086516476,0.002052229020878426,-0.0021860348471247383,14.108628578840372,0.0108823768163
2021-02-24,CLX,-0.009862823603959486,-0.007324807756658631,-0.012214130553011189,-0.021962331129205363,14.161297138234588,0.0114708986119003
2021-02-25,CLX,-0.01751111720414675,-0.013407950234491204,-0.015300285448208112,-0.011247459719895521,14.19209665272206,0.0118296939686662
2021-02-26,CLX,-0.006070252169904744,-0.011730843111867556,-0.0011096461755853348,-0.0010487437052819767,14.364614720407305,0.0140571474957382
2021-03-01,CLX,-0.004342977052828057,-0.002078116943300165,-0.004284350603852411,-0.0070949702130389935,14.344432059239653,0.0137762805422518
2021-03-02,CLX,-0.009632473411078793,-0.008300632255440107,-0.0020652591474242697,-0.004180759409442304,14.093824637471249,0.0107224612387369
2021-03-03,CLX,-0.004963234987540405,-0.0037054063181767823,-0.01259525324966923,0.005459123155318065,14.340949485394056,0.0137283870444029
2021-03-04,CLX,0.0063528709425460655,0.0032636363123936846,0.002148000531747877,-0.010218601827675283,14.267159898065586,0.0127518467408068
2021-03-05,CLX,-0.00819928487517604,0.018114147282016466,0.0021996005554252266,0.0340437218352569,14.377467032924635,0.0142389804367237
2021-03-08,CLX,0.029469122189931266,0.024058906110330108,0.027670009535985154,0.018382727475636598,14.55453939135802,0.0169973212111372
2021-03-09,CLX,0.02534351193147821,0.01105663658814816,0.017114784028312565,-0.01135534413531243,14.439897518543235,0.0151562626836593
2021-03-10,CLX,-0.010178226380999281,-0.0038295576927752403,-0.003399512730574095,0.019418216411970633,14.16532270670233,0.0115171686013475
2021-03-11,CLX,0.009488665379770195,-0.006486322785241584,0.009200643644139367,-0.013189029862686798,13.851168200143377,0.0084122087831804
2021-03-12,CLX,-0.009488717385842326,0.005487072975093428,-0.0030574452499636225,0.011655716748574144,14.117096275229743,0.0109749167951944
2021-03-15,CLX,0.016204417898391724,0.0016297581554587377,0.007173110611589006,-0.0028082784447962866,13.553237589329191,0.0062448250669697
2021-03-16,CLX,-0.005973119251212227,0.000157482828176233,0.0003732563298061261,0.0030198215566737945,13.788243158453165,0.0078991801282571
2021-03-17,CLX,0.004179520518127728,0.0158402159303812,-0.0018680383143484449,0.002958007077536634,14.45266975710799,0.0153510836918581
2021-03-18,CLX,-0.016126271239734678,-0.03385868342534882,-0.033128049941991526,-0.02737687203961706,14.84645088806999,0.0227591525286143
2021-03-19,CLX,-0.006837309708961313,0.007458783468969613,0.021198360015279197,0.008958595870619092,14.618677831470936,0.0181232242876856
2021-03-22,CLX,0.007534518262192435,0.006138191508424142,0.00010807408314292701,0.017626921073596678,14.166308968856061,0.0115285331601591
2021-03-23,CLX,0.018539549555493032,0.026189482822370366,0.020014915511238365,0.017373803583551516,14.087064010681003,0.0106502151148632
2021-03-24,CLX,0.007132119075011492,-0.016686343459825264,-0.004833410240103503,-0.0185357802634845,14.059554956839381,0.0103612306193684
2021-03-25,CLX,-0.006395799866953198,0.0025572755280855496,0.0016490894898610693,0.008158204979751713,13.808587649838884,0.0080615309684227
2021-03-26,CLX,0.001103736761496792,-0.0035507266568466124,0.0004780949274929592,-0.002729678012340948,14.091550877414605,0.010698108612712
2021-03-29,CLX,-0.0002625633666779603,0.028159449576658193,0.010937354888528579,0.025685822791053546,14.246838975243898,0.0124953324133452
2021-03-30,CLX,0.023371617969225416,0.0001525466498000322,0.01408839999956836,-0.006991599295801714,14.125199444354116,0.0110642097572854
2021-03-31,CLX,-0.00411533017862284,-0.007656306036415534,-0.004309883856264783,-0.004964880795042733,14.035449780897432,0.0101144573423167
2021-04-01,CLX,-0.007813894658128357,-0.0073538503684926855,-0.0170567205390789,-0.0002592464197379933,14.064088690444521,0.0104083123630164
2021-04-05,CLX,0.003112109230465148,0.011291379630725466,0.019291855324220505,0.008108839008222372,13.824471290415532,0.0081905998863544
2021-04-06,CLX,-0.0008808413566989563,-0.004757735822517673,0.0004671169762236531,-0.0018536164306409105,14.015672851484783,0.0099163893173147
2021-04-07,CLX,0.01323371868202555,0.006542361284459851,0.003936421833193658,-0.00020608064321683746,14.172766033362006,0.0116032145466352
2021-04-08,CLX,-0.006929723654683919,-0.007773739641602249,-0.012693324905959416,-0.005841811031622389,14.210319759692725,0.0120472440944881
2021-04-09,CLX,-0.006563015610938598,-0.003188204413012554,-0.013492882395212664,-0.014308119078006684,14.090943667230643,0.0106916145791054
2021-04-12,CLX,-0.010895528219759107,-0.013430054044247871,0.007401523274575992,0.0033603699071342134,14.181472939823868,0.0117046838217387
2021-04-13,CLX,0.0024606736605863,0.0012000519833712366,-0.009632674479123565,-0.010803968503034084,14.311060703413581,0.0133241334523906
2021-04-14,CLX,-0.014642782712768185,-0.0156069288581747,-0.01349291824775283,-0.0007422713320893613,13.983564988268704,0.0096030521957951
2021-04-15,CLX,0.001537475223744765,0.01550252744303966,0.01296074172857214,0.01677441678960338,13.917797254276126,0.0089918012825716
2021-04-16,CLX,0.01623777746971892,0.0011988791829000245,0.008372517216819232,-0.005437699857117743,13.7542743116437,0.007635360012988
2021-04-19,CLX,-0.008269848215575207,-0.003077766853137078,-0.0005279058052787219,-0.004045372178911369,13.948992824382124,0.0092767270070622
2021-04-20,CLX,0.00022086885509589108,0.024031832065283677,0.003693384930847111,0.029324723643515987,14.315801486169294,0.0133874502800552
2021-04-21,CLX,0.02947665082129696,0.008836195438759515,0.022651503935728776,0.007275294465478637,14.519400329713696,0.0164104229239386
2021-04-22,CLX,0.0016921875291300993,-0.004893593896143819,-0.00015509382136735477,-0.004194681033845513,13.908181804299105,0.0089057553372838
2021-04-23,CLX,-0.01004043837907694,-0.01032446296383946,-0.025463686039798882,-0.034048306520790085,14.328035337347398,0.0135522363828232
2021-04-26,CLX,-0.024622795608639562,-0.025889853055647047,-0.009008820628815632,-0.0038260318398346755,14.228216719584884,0.01226479422031
2021-04-27,CLX,-0.005318106670491782,-0.0032374449951751445,-0.0036479141547597093,-0.008072232948239846,13.808285520124244,0.0080590957058202
2021-04-28,CLX,-0.005775460953473717,-0.004795744294462689,-0.00787760691081695,-0.0066778841004160846,13.89423023697508,0.008782368698758
2021-04-29,CLX,-0.007860798696977409,0.0021877131594098802,0.0009205776479575443,0.004690033792989305,14.41687189095869,0.0148112671483074
2021-04-30,CLX,-0.03151866463848748,-0.026681298656593293,-0.04019538756669779,-0.01867395598106182,15.3310555058699,0.0369502394674892
2021-05-03,CLX,-0.012687470972802735,0.002460175373773402,-0.0028208446026152115,-0.010299374106930527,14.980690869437527,0.0260288984495494
2021-05-04,CLX,0.027857134031187048,0.00869875608037112,0.022844571985049602,0.010847413938104672,14.348548256915334,0.0138331033363097
2021-05-05,CLX,0.0018112484170721074,-0.0014087341375396076,0.0003862072723573946,0.008235100198011394,14.272492902049866,0.0128200340936764
2021-05-06,CLX,0.007431513082524342,0.010461337176833127,0.010324220336150252,0.0027122744316752903,14.037293984728302,0.0101331276889357
2021-05-07,CLX,0.007106230584768475,-0.0035467214772049067,-0.0031189159180023576,-0.008704755991783907,13.794798537295257,0.0079511323971101
2021-05-10,CLX,-0.005420178428698401,0.017661756260325776,0.006228052660582479,0.02684792204548171,14.105864806970036,0.0108523419108693
2021-05-11,CLX,0.025169832584449808,0.0005288368552861349,0.009647885149071726,-0.010964624533497018,13.679691980296456,0.0070866141732283
2021-05-12,CLX,-0.012478931946767267,-0.014107698038521433,-0.019609694040932383,-0.021527407593547224,13.93631214432015,0.009159834402143
2021-05-13,CLX,-0.026260617079480145,-0.012407615069845184,-0.003581750630642069,0.003565685079170704,13.78463992564979,0.0078707687312281
2021-05-14,CLX,0.007354940329237525,0.0011392140594321646,0.0002759766088744743,-0.007198840209641036,13.802223677013396,0.0080103904537705
2021-05-17,CLX,-0.008843561702884624,-0.006527796370955934,-0.0035939146035753374,-0.0035360155806722724,13.93480445169957,0.0091460345807289
2021-05-18,CLX,-0.006920474257477127,-0.004156419749184036,-0.004274074270625868,0.0054093265708658475,13.913907786109707,0.008956895851936
2021-05-19,CLX,0.005540272526780452,-0.005274972144976297,-0.001614430370302504,-0.005519904089619022,13.674639150360115,0.0070508969883919
2021-05-20,CLX,-0.0014930604431818983,0.0047266349274625915,0.005389746488865663,0.0018247690941234345,13.633869969258912,0.0067692182807046
2021-05-21,CLX,-0.0013841569853655395,-0.0025804320994585036,-0.013276862047290344,-0.014693785859172779,14.563998306638926,0.017158860297102
2021-05-24,CLX,-0.012376733818232026,-0.006563395475466919,-0.0026428246880469963,0.002631891170344204,13.911366952202695,0.0089341667343128
2021-05-25,CLX,0.001345344373997096,-0.009843134758209792,-0.006439734041809651,-0.0009513329196053446,14.134183174216618,0.0111640555239873
2021-05-26,CLX,-0.0025802853459587663,0.0015636499400711614,0.004523399915422014,-0.00583830215309413,14.083245757717007,0.0106096274048218
2021-05-27,CLX,-0.0055196036484180784,-0.005202749482565471,-0.006849528990244815,-0.006382649024802255,14.392236837241446,0.0144508482831398
2021-05-28,CLX,-0.007141641031312324,-0.0015154721063232706,-0.0028441421845747175,0.0014155894834326106,13.746375890710492,0.0075752902021267
2021-06-01,CLX,0.009623510660042248,0.0018519228512524995,0.0024463122957952147,-0.00039621362503377194,14.03905482897962,0.010150986281354
2021-06-02,CLX,-0.005649646335642308,0.0016247442946994055,0.0001705386636589382,0.00688227725231934,13.776978647531923,0.0078106989203669
2021-06-03,CLX,0.014064975548066723,0.008195220703154878,0.009893560673353135,0.004711195139276629,14.041450994346421,0.0101753389073788
2021-06-04,CLX,-0.0025732889578213036,-0.002223412098361742,0.001012022283823117,0.001621186100594199,13.999997269118941,0.0097621560191573
2021-06-07,CLX,0.0025732144381493383,-0.0007792963177007348,-0.00033719870014454936,-0.002068998656165873,13.673141369675458,0.0070403441837811
2021-06-08,CLX,-0.004479227011260769,-0.002899950434489558,-0.012501887572253643,-0.01630999250622142,14.114430003961465,0.0109456936439646
2021-06-09,CLX,-0.015837513688723697,-0.0002793685657190378,-0.002393759605195835,-0.00028461378472954677,13.998915694140653,0.0097516032145466
2021-06-10,CLX,0.0013674686527553556,-0.009204165516743646,5.7099944703120415e-05,0.003522661254630752,14.06486829539583,0.0104164299050247
2021-06-11,CLX,0.00426095325258676,-0.0005076043143032559,5.705848471791719e-05,-0.0009079274330490828,13.798161937129661,0.0079779202857374
2021-06-14,CLX,-0.0022132647357877584,-0.0050330425944020065,-0.0121114333498481,-0.011016263460848963,14.223439960536458,0.0122063479178504
2021-06-15,CLX,-0.009075230795032396,-0.008197820230716584,0.0012695958459144556,-0.004083455806526098,13.924186471611415,0.0090494358308304
2021-06-16,CLX,0.003605541709027187,0.0037655751209971586,-0.00017310715344103427,0.0036240017329378328,14.231850322080707,0.0123094407013556
2021-06-17,CLX,-0.011087182067805394,0.0019343904369899115,-0.005785314268687154,0.007437187565970045,14.227422175938862,0.0122550531699001
2021-06-18,CLX,0.009200269338663218,-0.003929507248071962,0.003533072870099889,-0.014178119918017125,14.828238470702056,0.0223484049029953
2021-06-21,CLX,-0.008507457696702657,-0.008135834656702486,-0.002895157663225277,-0.00034703637784695224,13.932494163050062,0.0091249289715074
2021-06-22,CLX,0.001903141113379122,0.008249806671697961,0.0056086139539668406,0.009554011462345469,14.059633299055456,0.0103620423735692
2021-06-23,CLX,0.0027044445550585463,-0.004689416035540082,-0.004681298739097834,-0.01071120623465675,13.923917329071005,0.0090470005682279
2021-06-24,CLX,-0.011733083728582991,-0.007768522107247568,-0.01235719119173697,-0.0015062982301831478,14.014935841859653,0.0099090835295072
2021-06-25,CLX,0.005796989421056159,0.021206070176431648,0.011603870635971318,0.02400484653624853,14.561867170946181,0.0171223313580647
2021-06-28,CLX,0.02342306673944099,0.020378100279711785,0.025810518935781207,0.015893500034191273,14.067592136354717,0.0104448413020537
2021-06-29,CLX,0.01334891253584276,0.008332939907603847,0.010900569674513949,-0.00044610721507147143,14.125932850523105,0.0110723272992937
2021-06-30,CLX,0.0008355270872111072,-0.0014298835657770405,0.0027904134814601676,0.002838908027863635,13.916622963164526,0.0089812484779608
2021-07-01,CLX,0.0007235496308648637,-0.00618289631188434,-0.005028116395239383,-0.005909087096811659,13.816610952308285,0.008126471304489
2021-07-02,CLX,-0.005690464797940907,0.001493954962826783,0.0011195043738690064,0.0024569351637463515,13.470906749544481,0.0057512785128663
2021-07-06,CLX,0.004855651748368751,0.006503591235343008,0.002681923012066276,0.011148646863826824,13.881018296758631,0.0086670996022404
2021-07-07,CLX,0.009199921169162798,0.029020603507015467,0.011373649905465251,0.022200768934965125,14.51250084432393,0.0162975890900235
2021-07-08,CLX,0.012771733489411071,-0.008359838087612913,0.00027568852600230986,-0.01900676749305056,14.126812228507829,0.0110820683497037
2021-07-09,CLX,-0.008368150722889761,-0.016384846411146577,-0.006695595765104531,-0.005513208874986283,13.914179635803874,0.0089593311145385
2021-07-12,CLX,-0.011434494296309905,-0.009950393941443942,-0.008643189660700651,-0.005988792397046549,13.624472321057066,0.00670590145304
2021-07-13,CLX,-0.0027815729285029425,-0.0021016114434199706,-0.0014570535018677854,-0.004738648818870246,13.783194989331651,0.0078594041724165
2021-07-14,CLX,-0.003795462292072304,0.004309145615759603,-0.001403123750796414,0.00917824599078649,13.608733590445361,0.0066011851611332
2021-07-15,CLX,0.013993746832669697,0.0018724195335429303,0.004706460602818988,0.005356418917443092,13.703014645805437,0.0072538355385989
2021-07-16,CLX,0.005554357464271216,0.029226572851600997,0.015861136783733364,0.025824479026482352,14.135200615425434,0.0111754200827989
2021-07-19,CLX,0.02132298567406119,0.024388876503572115,0.01864222058665041,0.007592416121354034,14.5590661164887,0.0170744378602159
2021-07-20,CLX,0.006794731213676201,-0.010168731307633197,-0.015730202487195123,-0.028910657963572284,14.420646407201403,0.0148672781881646
2021-07-21,CLX,-0.027569605625973114,-0.037193591200777545,-0.019556037106995033,-0.01965597632302024,14.051136676856865,0.0102743729198798
2021-07-22,CLX,-0.023681932492897878,0.009144353367449398,-0.007919428796225505,0.01040202215027002,14.63581932443668,0.0184365614092052
2021-07-23,CLX,0.010162566145473003,0.0028675222878496547,0.008031263466588697,0.022218207369436034,13.894877037046786,0.0087880509781638
2021-07-26,CLX,0.02436757015362814,0.012670153886948261,0.025624217072006086,0.004589915840106729,14.103918117186875,0.0108312363016478
2021-07-27,CLX,0.005997708474150842,0.00022239062699017106,-0.0013386566654903318,-0.008875924863790696,14.277545647560764,0.0128849744297426
2021-07-28,CLX,-0.013815938649162272,-0.014433951750927038,-0.005343367450285356,-0.006144748642391393,13.807882538457477,0.0080558486890169
2021-07-29,CLX,0.0024713853826741714,0.003478855994517103,0.0017658912527057293,0.00619941443802598,13.843807399219358,0.0083505154639175
2021-07-30,CLX,0.005906605620760068,-0.0027167048016325046,-0.005362445248171998,-0.01072222743107914,14.07123823352762,0.0104829937494926
2021-08-02,CLX,-0.01372604079621387,-0.010666725297195418,-0.008293786979569751,0.0017121486725468172,14.226030203680814,0.0122380063316827
2021-08-03,CLX,-0.10279017668218364,-0.08879279250866308,-0.11596816214832263,-0.09936923693630133,16.105324546461244,0.0801453040019482
2021-08-04,CLX,-0.00435930568075457,0.0030605486419896634,0.019763378787916727,0.009403611896764249,14.75399360856585,0.0207492491273642
2021-08-05,CLX,0.02160969571219614,-0.004022402136455658,0.001475913369127166,-0.012455703600929421,14.493087651379357,0.0159842519685039
2021-08-06,CLX,-0.017617867902890962,-0.011374059262946004,-0.006163778057354218,-0.006009731654073878,14.248721174805116,0.0125188732851692
2021-08-09,CLX,-0.00018400166523583104,0.0058240233975110295,0.005179934299081305,0.013865683310266313,14.100239022808381,0.0107914603458072
2021-08-10,CLX,0.007390165470697386,0.0032615120298518574,0.003622585431944473,-6.052815629415726e-05,13.932494163050062,0.0091249289715074
2021-08-11,CLX,0.0027950524172251664,0.005411729244461939,0.0056832910519160704,0.010140010372857668,13.983649515478486,0.0096038639499959
2021-08-12,CLX,0.01056297606082598,0.004248901163998854,0.009521840699183864,0.0014402011790228555,13.898196845223223,0.0088172741293936
2021-08-13,CLX,0.0029975568612026554,0.010691357672280313,0.005897873983936511,0.010083284416775069,13.843710184517697,0.0083497037097166
2021-08-16,CLX,0.009414021366034786,0.014895279325089229,0.01104019546288535,0.008512427264792498,14.238816239079403,0.0123954866466433
2021-08-17,CLX,0.00809129189336911,0.0011632989808414498,0.00514974176232493,0.007797970723562702,14.255055624054991,0.0125984251968503
2021-08-18,CLX,0.007617920951026115,-0.0029695540574872985,-0.013553139728768777,-0.016369733799904317,13.793777087790152,0.0079430148551018
2021-08-19,CLX,-0.014346249763694419,-0.0002914219683596084,0.00923389477044146,0.015668799308180135,13.937729075643883,0.0091728224693562
2021-08-20,CLX,0.016853387385242242,0.009231526532095545,0.007914405325970458,-0.006097005844549019,13.86515844941856,0.0085307248965013
2021-08-23,CLX,-0.01259849343967582,-0.019432673553056213,-0.013205827079900501,-0.010997417202569913,13.946539697563276,0.009253997889439
2021-08-24,CLX,-0.011744726155858596,-0.007452684416537815,-0.007779978112693894,-0.009018062741393525,13.971061114649409,0.0094837243282733
2021-08-25,CLX,-0.00814771277090109,-0.01314710609370741,-0.011784424181479753,-0.011221212449626523,14.37312491580258,0.0141772871174608
2021-08-26,CLX,-0.01015754236747662,5.990665974946522e-05,-0.0013993411252681504,0.001030610566848075,13.8912680974049,0.0087563925643315
2021-08-27,CLX,-0.0017636633209083834,-0.0003006898506270039,1.256259493015146e-07,-0.0008487156873081522,13.50885087779405,0.0059736991638931
2021-08-30,CLX,0.004615839673177487,0.003963290148844176,0.0035852041018799292,0.01193862786802936,13.825065761259879,0.0081954704115593
2021-08-31,CLX,0.008928255698033523,0.007523029131130247,0.006650392501698592,0.007226514121643255,13.870851599160298,0.008579430148551
2021-09-01,CLX,0.00884879871144499,0.01949664307883579,0.010071630373627422,0.01623137376797017,14.658800827246445,0.0188651676272424
2021-09-02,CLX,0.016705973406346594,0.002621656552921108,0.012802518966881669,-0.00469481563864388,14.220776312869576,0.0121738777498173
2021-09-03,CLX,-0.02004478190133276,-0.007591859919808457,-0.017405933182273514,-0.002886225556003659,14.232114069765377,0.0123126877181589
2021-09-07,CLX,0.01346677482663614,-0.005172321075124221,-0.0008993407175593941,-0.00817444069833764,13.949954908715673,0.0092856563032713
2021-09-08,CLX,-0.007630641900515229,0.011833104351364128,0.007945814587306569,0.009589255849331589,13.831778514292282,0.0082506696972156
2021-09-09,CLX,0.00668727634273548,-0.010361059303584915,5.940461827686045e-05,-0.004842448884568835,13.74776797596814,0.0075858430067375
2021-09-10,CLX,-0.006034262243346123,0.0012350571009835266,-0.0003569416970568043,0.004430005386193979,13.693908865509865,0.0071880834483318
2021-09-13,CLX,0.010095946337712621,0.013310141696450338,0.010480595658512382,0.008976615412472227,14.040812578107689,0.0101688448737722
2021-09-14,CLX,0.01034391774077602,-1.203443650537681e-07,0.001353711717183522,0.005997852173292419,14.03167058111074,0.0100763048948778
2021-09-15,CLX,0.0008717030606805906,0.004455431450917263,-0.0066099790530478025,-0.019463640178400275,14.279308094191554,0.0129077035473658
2021-09-16,CLX,-0.01994782338416915,-0.022773429030130053,-0.017260852588417804,-0.01376946242854854,14.278930688461454,0.0129028330221608
2021-09-17,CLX,-0.014925748497057417,-0.005508079092496419,-0.0008438747573710285,-0.0031260658227524846,14.750270086801832,0.0206721324782855
2021-09-20,CLX,-0.0003608870659588955,-0.00673359425982674,-0.012865032997511851,-0.007918478942475183,14.202133257618554,0.011949021836188
2021-09-21,CLX,-0.008399262697106223,-0.0059370758055386575,-0.0030586524259303156,-0.006148384789953144,14.0531887675122,0.0102954785291013
2021-09-22,CLX,0.0012130559249691954,-0.0076071031450520524,-0.007687160529380595,-0.009694309979893524,13.869241828072434,0.0085656303271369
2021-09-23,CLX,-0.015267461129305392,-0.010233951601907015,-0.001977446484033171,0.0012323541675730559,14.191135510921542,0.0118183294098546
2021-09-24,CLX,0.00012290918899480845,0.010597331626753971,0.004074167231229507,0.013274198340724542,13.967201930458504,0.0094471953892361
2021-09-27,CLX,0.011136408469949403,0.004111374849644132,0.004793882068237563,0.0018821001072147124,13.642942480966422,0.0068309115999675
2021-09-28,CLX,0.007094065100650986,0.008112151481732789,0.007817215932707497,0.010798488527470784,13.799585423467146,0.007989284844549
2021-09-29,CLX,0.007104247770395184,0.013198788163477335,0.010469388684736312,0.008662715680181373,14.128861108158517,0.0111047974673268
2021-09-30,CLX,0.008066387646398344,-0.005507784911530883,-0.0032559169208770124,-0.014982704488176552,13.93631214432015,0.009159834402143
2021-10-01,CLX,-0.01716658460448884,-0.016406926214754647,-0.019947939331198775,-0.0066037832544303095,14.456364470645578,0.015407906485916
2021-10-04,CLX,-0.002848988945796261,0.0010865144048188872,0.004304070022637876,-0.004813103235012191,13.833449685316591,0.0082644695186297
2021-10-05,CLX,-0.005967819923581633,-0.010183319298783133,-0.006894981560037972,-0.006802673727162877,13.89071171808452,0.0087515220391265
2021-10-06,CLX,-0.006371995994056963,0.008976402675668283,0.0014815645059948056,0.015559217728553345,13.771559715366624,0.0077684877019238
2021-10-07,CLX,0.01282536971768346,0.0058397427798995045,0.01207830279234625,-0.0006661671090299971,13.627735357050334,0.0067278188164623
2021-10-08,CLX,-0.0014573904821952525,-0.00904491351852838,-0.010537373079428893,-0.009618385948841082,13.495306671216452,0.0058933354980112
2021-10-11,CLX,-0.006340503764012928,-0.005953945926373809,-0.001972829886930376,-0.007922256789064752,13.372500891170741,0.0052122737235165
2021-10-12,CLX,-0.008105471647111371,0.0025561213202777355,0.0008636968843492427,0.004736453317428066,13.653228071099972,0.0069015342154395
2021-10-13,CLX,0.001724597330885088,-0.009895270393633354,-0.01328249404078073,-0.01377917809040983,13.818207916818789,0.0081394593717022
2021-10-14,CLX,-0.007475251535354004,0.004471155900793304,0.0031193441871262516,0.01733184580787636,13.771977600435509,0.0077717347187271
2021-10-15,CLX,0.014284075772530692,0.0029287809560754365,0.011641487561017948,-0.0018361910270933515,13.626890406604687,0.0067221365370565
2021-10-18,CLX,-0.0021417598696748855,-0.005376097994729789,-0.012576241619866466,-0.016553659266609726,13.777705881757278,0.0078163811997727
2021-10-19,CLX,-0.01998649091410266,-0.01829934919304243,-0.02634148746047892,-0.009826430727990759,14.792407464425892,0.021561815082393
2021-10-20,CLX,-0.0040080752631303064,0.017441211201404152,0.01952266348775586,0.01281134023425378,14.341658788704736,0.0137381280948128
2021-10-21,CLX,0.010300697389824028,-0.006828853890135527,0.003008491190748895,-0.006103955638828422,13.80475391212653,0.0080306843087912
2021-10-22,CLX,-0.0055428523715682545,-0.00030864276989796426,0.002063177233886681,0.00858492678085324,13.495168920872203,0.0058925237438103
2021-10-25,CLX,0.0039267649203952645,0.00030863294093013376,-0.009538250512881657,0.0012379701386275952,13.9235583596325,0.0090437535514246
2021-10-26,CLX,0.008010731255620502,0.006337697798936885,0.017239986458436315,0.0045385866586470204,13.828032826074242,0.0082198230375842
2021-10-27,CLX,0.003846558003049675,0.006466651212322706,-0.005257026762895002,-0.010224970057181381,13.737658199723047,0.0075095381118597
2021-10-28,CLX,-0.010832663348067493,-0.005787220931375754,-1.7540906433669298e-07,0.014248849107294988,13.930356841136884,0.0091054468706875
2021-10-29,CLX,0.013306278881450445,0.013126713292967796,0.012782047427989563,0.007079857702318688,14.572149305546544,0.0172992937738452
2021-11-01,CLX,0.00480620341301405,0.00012179291311444024,0.006053101625541963,0.002389620533344093,14.253378962590858,0.0125773195876288
2021-11-02,CLX,0.02620886499867757,0.027346383190275426,0.009133725353976526,0.012105261105339844,14.771368481422664,0.0211129150093351
2021-11-03,CLX,-0.018127737544988802,-0.010070466187322656,-0.004587376545906575,-0.00018175146719625728,14.006792682029591,0.0098287198636252
2021-11-04,CLX,0.008258565326209001,-0.0025183548845039315,0.0029992514487615423,-0.005579068102244485,13.833154975647686,0.0082620342560272
2021-11-05,CLX,-0.012291191272047893,-0.015550274073995755,-0.014342858657582018,-0.007201956217436783,14.08599636859655,0.0106388505560516
2021-11-08,CLX,-0.0012862586161807754,0.0035914794644310946,0.004577728449612004,0.006167631198936311,13.74776797596814,0.0075858430067375
2021-11-09,CLX,0.009881692266196094,0.010516880047301164,0.011779966701425832,0.011379494267573561,13.829414449326073,0.0082311875963958
2021-11-10,CLX,0.011466692175752299,0.003181651620948272,0.005231893185303457,-0.004282254559139791,13.614496581365673,0.0066393376085721
2021-11-11,CLX,-0.009102079454145779,-0.005047153980081601,-0.011165719373661235,0.0030177792531378327,13.653698437441703,0.0069047812322428
2021-11-12,CLX,0.006699096799373812,0.005826037319292356,0.012378589714115564,0.000602403357602589,13.586853082874185,0.0064583164217874
2021-11-15,CLX,-0.001264268013443873,0.01757115753540943,0.006222366687692453,0.022863380211109834,14.057908350944627,0.010344183781151
2021-11-16,CLX,0.023569898540356495,0.0062182528006733805,0.018025128549812478,0.00017671670280464618,13.811804699746185,0.0080875071028492
2021-11-17,CLX,0.000999586374806024,0.006935072775866977,-0.002013026852243748,-0.00389189805664082,14.20991539279435,0.0120423735692832
2021-11-18,CLX,-0.006899490138606465,-0.018700095992065475,-0.023629578364720284,-0.02077587902066791,13.791731053363886,0.0079267797710853
2021-11-19,CLX,-0.0021323544547649956,0.014451426219150458,0.009302542841868402,0.007272806703558914,14.07232174026352,0.0104943583083042
2021-11-22,CLX,-0.01319134465430214,-0.01527990906315231,-0.002347558563776146,0.003765997090081588,13.62556118319494,0.0067132072408474
2021-11-23,CLX,0.009270104492000707,0.0013019754919033459,0.0021672050107840136,0.007311605263504797,13.650637094018627,0.0068836756230213
2021-11-24,CLX,0.005106707043067812,-0.001420380221900205,0.002162663485347812,-0.004570789275891204,13.652757483409626,0.0068982871986362
2021-11-26,CLX,0.004078239178901168,0.03274387155833036,0.01565821662382503,0.035880747018172086,14.672136632108995,0.0191184349379008
2021-11-29,CLX,0.0142321084887379,-0.006267443728280986,-0.0013004014722545361,-0.029416399411106214,14.143879335785146,0.0112728305868982
2021-11-30,CLX,-0.013465715640828354,-0.021631795803238554,-0.0388377472400659,-0.038015705985600105,14.84323568210473,0.0226860946505398
2021-12-01,CLX,-0.04004614432863192,-0.015982182263615786,-0.0023392956635255877,0.017711467559426507,14.27046463364094,0.0127940579592499
2021-12-02,CLX,0.019983229279504255,0.006388061836313538,0.02273052058740592,0.004274412767829202,14.324675403401073,0.0135067781475769
2021-12-03,CLX,-0.00042106316354182044,0.00959437871043042,0.0015050920742412902,0.010100737660429664,14.002488755756588,0.0097865086451822
2021-12-06,CLX,0.011603567909159394,-0.0004717948193653849,0.005579215353896323,0.0033837084545572027,13.935602925061007,0.0091533403685364
2021-12-07,CLX,-0.0022024615113765667,-0.007160583097524944,-0.019634817933689243,-0.020779510948745722,14.340180505301731,0.0137178342397921
2021-12-08,CLX,-0.014286177096136853,-0.0009509529536863577,0.006688743388301152,0.015133350107257445,13.715580824433099,0.0073455637632924
2021-12-09,CLX,0.013272182527728717,-0.0019042779234745859,0.004655798690557574,-0.005138984007896155,13.503946910608791,0.0059444760126633
2021-12-10,CLX,0.00017902926890257093,0.007122172783175661,0.008110853124177487,0.009599199794463789,13.584965936169754,0.006446140108775
2021-12-13,CLX,0.00011907052218909762,0.0244197562869919,-0.005460242555006733,0.020845483354502172,14.469241526262232,0.0156075980193197
2021-12-14,CLX,0.031294163679997745,0.0037446368755271985,0.029347043678889333,0.003423072431136628,14.034405898395189,0.0101039045377059
2021-12-15,CLX,0.000462251044772327,0.022288755825655277,0.011155032598110744,0.01984005825362833,14.362649402991668,0.0140295478529101
2021-12-16,CLX,0.012972894087759979,0.006780759173828656,0.009144437770445718,0.011515648700894584,14.321967251839595,0.0134702492085396
2021-12-17,CLX,0.01858981378829632,0.009339151986316973,-0.007989608481971496,-0.022763618197909976,14.75132976191044,0.0206940498417079
2021-12-20,CLX,-0.021330931628435874,-0.006773229201548139,0.005295336615586309,0.013912950701421144,14.457891147509354,0.01543144735774
2021-12-21,CLX,0.0036532704711082875,-0.02025847984475032,-0.023994002021024714,-0.031288624978213816,14.119534127847855,0.0110017046838217
2021-12-22,CLX,-0.0256831049065833,-0.024922871877950743,-0.004183520905343462,-0.0022811572920868046,13.44096400682369,0.0055816218848932
2021-12-23,CLX,-0.0005264724956655355,-0.002334242662922813,0.00035400425194955214,-0.005519892932771106,13.33213958251224,0.0050060881565062
2021-12-27,CLX,-0.00857635271944622,-0.0007592916593713614,-0.00011771126535840089,0.006222494331350536,13.304186476655628,0.0048680899423654
2021-12-28,CLX,0.012604267375282505,0.0058870195889947465,0.008054610580194237,0.006067013394537251,13.234621847378001,0.0045409529994317
2021-12-29,CLX,0.004592083844584395,0.006546236987149852,0.0005270685311890471,-0.003203828746198329,13.464535055593716,0.005714749573829
2021-12-30,CLX,-0.0025547952726153907,-0.00202289001090064,0.0008775828582388743,0.005470006130420217,13.497645528526895,0.0059071353194252
2021-12-31,CLX,0.004235168301116719,0.011333354125448902,0.007747234503504312,0.011768863103335397,13.413241835966822,0.0054290120951375
2022-01-03,CLX,0.0073253120310333795,0.00131449480717837,-0.00716295066461215,0.003263390948817451,13.853866474211557,0.0084349379008036
2022-01-04,CLX,-0.00045968953275158525,0.007569749356815685,0.01496568384816353,0.003766055919488558,13.779677141438766,0.0078318045295884
2022-01-05,CLX,0.011888729992841083,0.009592886946567191,0.012757368515466059,0.010424560340234704,13.725258663437247,0.0074169981329653
2022-01-06,CLX,0.011130802645227271,0.010502039084221372,0.004933007765812216,0.006236298553382823,14.109001476355305,0.0108864355873041
2022-01-07,CLX,0.0059941376717415696,0.0034394714516469667,0.008112211751042053,0.007588413110595942,13.936932298829367,0.0091655166815488
2022-01-10,CLX,0.008564945836699289,0.00915129714495413,0.0065433384205937075,-0.0011120803403499603,14.2281505317212,0.0122639824661092
2022-01-11,CLX,-0.004607054474464725,-0.00749123593579761,-0.004469361042685847,-0.0007237800220868581,14.062683868083475,0.0103937007874015
2022-01-12,CLX,-0.005858536420052589,0.008752548633806014,-0.0029157497139110215,0.01349651069367645,14.350307168157437,0.0138574559623346
2022-01-13,CLX,0.019396526075346948,0.0051930593028448255,0.019683630654288735,0.005260574293140886,14.04017375403328,0.0101623508401655
2022-01-14,CLX,0.006019301934449829,0.01863567121760931,0.0054362676555872675,0.019645207990428154,14.382471305520824,0.0143104148063966
2022-01-18,CLX,0.013115952449664348,-0.00611955268686465,-0.010459206733766059,-0.03041511889139787,13.948380106618387,0.0092710447276564
2022-01-19,CLX,-0.023204806073752308,-0.015355210935168409,-0.008000417553348913,0.0006628673613059802,14.224835540496755,0.0122233947560678
2022-01-20,CLX,-0.0025383897959109884,-0.00845611681540967,-0.01977381659781588,-0.028844844844115248,14.32917275485012,0.013567659712639
2022-01-21,CLX,-0.022008437069847803,-0.005141493503607199,0.0011940858797462681,0.01477832447896488,14.017472147137225,0.0099342479097329
2022-01-24,CLX,0.013686554996617296,0.01058559145575385,-0.006957160324140907,-0.009281521608981746,14.650418117476736,0.0187076873122818
2022-01-25,CLX,-0.01567407189153818,-0.029209693014905704,-0.01091391461050307,-0.007193333864143113,14.148262310732042,0.0113223475931487
2022-01-26,CLX,-0.05256832205203422,-0.03428770223170742,-0.045206416233986954,-0.05784956177465614,14.805312312424634,0.0218418702816787
2022-01-27,CLX,-0.010926304165593228,-0.018044021408257862,-0.007399442291647267,0.004542959411259374,14.37581239622763,0.0142154395648997
2022-01-28,CLX,0.0015162450505198234,0.0002394539679369994,0.011048417014071445,0.008844508698659985,13.91544729147195,0.0089706956733501
2022-01-31,CLX,0.007607196730146038,0.007754182480236439,0.0004247675379583635,0.005495696811098893,14.19716168403983,0.0118897637795275
2022-02-01,CLX,0.01379835415737736,0.005096926902851551,0.004480192885937488,0.005228810980114651,14.242737810169459,0.012444191898693
2022-02-02,CLX,-0.020497048362765335,-0.010399144951109593,-0.0026009207603188466,-0.010425164012802485,14.089119821314208,0.0106721324782855
2022-02-03,CLX,0.013591688332938884,0.0017306232381996693,-0.0008483876434536314,-0.009930137694396471,14.075411020532238,0.0105268284763373
2022-02-04,CLX,-0.14426397163168478,-0.1250318193200451,-0.16369267151199368,-0.15634034917961975,15.983340767316673,0.0709416348729604
2022-02-07,CLX,-0.03268424042489119,-0.009232491720581416,-0.010406837145151091,0.033380301154340826,15.130846098527961,0.0302459615228508
2022-02-08,CLX,0.034407817725148886,-0.0031419601053006077,0.032298837659323405,-0.02066190743702392,14.497041025026382,0.0160475687961685
2022-02-09,CLX,-0.008439335626541897,-0.010245833538437037,-0.018684164579023912,-0.002726668032152472,14.59359659432474,0.0176743242146278
2022-02-10,CLX,-0.01195025577556759,-0.007632042861213951,0.004190210289573525,-0.010203859716833054,14.118574471006522,0.0109911518792109
2022-02-11,CLX,-0.0029571056495779863,0.010117141470320251,0.0004251278492819668,0.01863966210461678,14.339114786471272,0.0137032226641772
2022-02-14,CLX,0.016503719308909426,-0.002346956957705312,-0.00611106523803343,-0.007596144097721923,14.22084299060477,0.0121746895040181
2022-02-15,CLX,-0.007658370216641163,-0.0007603160622825686,0.011480667571597405,-0.002170757371549522,13.726243183579646,0.0074243039207727
2022-02-16,CLX,-0.00315006599668692,-0.00826427768774472,-0.014121298011548867,-0.00958027863848227,13.827044782310475,0.0082117054955759
2022-02-17,CLX,-0.010856076993617658,0.019747799789233713,0.005629726985002141,0.0329312097829042,14.690521273775653,0.0194731715236626
2022-02-18,CLX,0.03324946170412174,0.029440867478142174,0.033747740687468344,0.03062035893959028,14.654575045539051,0.0187856157155613
2022-02-22,CLX,0.030983417993115735,0.00437184619046545,0.015069504497868114,-0.013710420013863555,14.404186271989522,0.014624563682117
2022-02-23,CLX,-0.010557317047975868,-0.016125014635395656,-0.00413680885934953,-0.006485621637918421,13.899668785257209,0.0088302621966068
2022-02-24,CLX,-0.017755940381625125,-0.014479292392057771,-0.04396991950289026,-0.029577713874944844,14.355507141780457,0.0139297020862082
2022-02-25,CLX,-0.015781854753243927,0.006318325841304003,0.016620099222777858,0.029848932068678814,14.022850690477009,0.0099878236869875
2022-02-28,CLX,0.016601870556619273,-0.0035280768079529257,0.007722359232684568,-0.012203458704316106,13.878298485206098,0.0086435587304164
2022-03-01,CLX,-0.007474698177113962,-0.0029948215009989185,-0.0032625236693634447,-0.006261312278686649,13.633750043756491,0.0067684065265037
2022-03-02,CLX,-0.008918959154068366,-0.00883224420941773,-0.01160930256706488,-0.0004141483156114045,13.753742595282702,0.0076313012419839
2022-03-03,CLX,0.007541435053818921,0.006785195014338417,0.00966048450947658,0.004340720312328129,13.86439690798389,0.0085242308628947
2022-03-04,CLX,-0.009418399704052607,-0.0038324979838710443,0.0012532321032175417,-0.0048933399770863546,13.842932126491728,0.00834320967611
2022-03-07,CLX,0.004720342192068766,0.01131819926032252,-0.012391980578384637,0.005168454834069694,14.440432964831759,0.0151643802256676
2022-03-08,CLX,0.002213588692876888,-0.013995888458636698,-0.025326938975617993,-0.049670433719813396,14.313069162742796,0.0133509213410179
2022-03-09,CLX,-0.04436378887176052,-0.04212624752252166,-0.00980212981880536,-0.008487191766247073,14.06751441520108,0.0104440295478529
2022-03-10,CLX,-0.01206319228934563,-0.018820554734982925,-0.04301335016536386,-0.02822291003817192,14.521771871155465,0.0164493871255783
2022-03-11,CLX,-0.025021713290829993,-0.01970336681049863,-0.009336588087229527,-0.024962376209618303,14.283136988911759,0.0129572205536163
2022-03-14,CLX,-0.021442557018781172,-0.023298052080725773,-0.02365134252806636,-0.01970737788934869,14.390831514435229,0.0144305544281191
2022-03-15,CLX,-0.02434242228301345,0.0001525065047839348,0.002123345740440724,0.02331173552774533,14.24267257651226,0.0124433801444922
2022-03-16,CLX,0.024572086685520418,0.003426352324728416,0.010083357607137413,0.007094085613879056,14.080180623566395,0.0105771572367887
2022-03-17,CLX,0.011798464801682496,0.024032508526692448,0.02192317532705013,0.009607259680271969,13.860676065758375,0.0084925724490624
2022-03-18,CLX,0.009564330621185137,-0.002600628519081022,0.006673192763215066,0.0075001144886999785,14.453198409833005,0.0153592012338663
2022-03-21,CLX,0.004486931035674184,0.0055643217805969045,0.003470594653823937,0.0003734514932088664,13.781334140930364,0.0078447925968016
2022-03-22,CLX,0.003798044193206262,0.010963483961938985,0.003683631019656332,0.016739755915749072,13.924455541733609,0.0090518710934329
2022-03-23,CLX,0.018631580593761958,0.013303037979029163,0.018439291503284383,-0.0025742125964726913,13.940203884689565,0.0091955515869794
2022-03-24,CLX,-0.007690166437853969,-0.01799727810826373,-0.01918966168507117,-0.012523459614973765,13.875853728412283,0.0086224531211949
2022-03-25,CLX,-0.01488876161941079,0.003669270204551183,0.0026247105357886406,0.017445555271641194,13.890526189499134,0.0087498985307248
2022-03-28,CLX,0.018484810426999978,0.01569916053939246,0.022148270120122927,0.015776963937550428,13.744015630372484,0.0075574316097085
2022-03-29,CLX,0.02831344477685336,0.02083867572393673,0.016853708899573525,0.0076172912971947905,14.090336088118445,0.0106851205454988
2022-03-30,CLX,-0.016442735825199513,-0.010222420708987809,-0.007447567728734956,-0.0013612212925613735,13.731586410573502,0.0074640798766133
2022-03-31,CLX,0.01294714245919205,0.0022809207668931224,0.0018854254967465315,-0.0033746695652524406,13.947591774591691,0.009263738939849
2022-04-01,CLX,-0.0035796547900923074,0.017500905645240147,-0.003555832907912612,0.02696535605134551,14.143663283223038,0.0112703953242958
2022-04-04,CLX,0.017771173312334927,0.017955896651134822,0.02150302853220492,0.015078495009041733,14.227687093971461,0.0122583001867034
2022-04-05,CLX,0.01829170986470582,0.007325234322011456,0.023485942464969482,-0.00553239173614887,14.137232397539542,0.0111981492004221
2022-04-06,CLX,-0.007221018203182566,-0.016783067524440975,-0.011603888524815493,-0.0019438363022476481,14.254217644722091,0.0125878723922396
2022-04-07,CLX,0.005559003662531797,0.01698739128400983,0.00434967389844254,0.015444298243635784,14.236915285998652,0.0123719457748193
2022-04-08,CLX,0.01887705426959964,0.008623556706261552,0.016110436089783953,0.0023236419650378265,14.246124109715398,0.0124864031171361
2022-04-11,CLX,-0.007234007085548034,0.009956347899045816,0.005290159578910045,0.008496249201847383,14.109895863465393,0.0108961766377141
2022-04-12,CLX,0.005804984206794504,-0.009550866496914426,0.0007533613703123504,-0.008837697143111526,13.66585094484938,0.0069892036691289
2022-04-13,CLX,-0.0012265081155372734,-0.0012848473463475322,-0.009632022184429575,-0.007264231372681449,13.776250884052033,0.0078050166409611
2022-04-14,CLX,-0.0033462747955982294,-0.004883833902831496,-0.0010372926438443715,0.00123752717608155,13.61815779651079,0.0066636902345969
2022-04-18,CLX,-0.001437783029357914,-0.006891824024010352,-0.009945658967400666,-0.01418291639746046,13.827440116971353,0.0082149525123792
2022-04-19,CLX,-0.02118605220864198,-0.001164660139577354,-0.008422971087557544,0.0123949366292126,13.764534055498126,0.0077141001704683
2022-04-20,CLX,0.019334721820053784,0.008328386371139737,0.021270859168932475,0.006106268593952854,14.007783270693565,0.0098384609140352
2022-04-21,CLX,0.006158214882078018,0.011423277668211563,0.010297414372452553,0.013249782430930085,13.88485096905234,0.0087003815244743
2022-04-22,CLX,0.02079161863178373,0.027444198435730097,0.022020258005136836,0.016733808925229535,14.579442803073347,0.0174259274291744
2022-04-25,CLX,0.009310001671933936,-0.000326795855306341,-0.00899259667094732,0.010827453456990706,14.027229900801116,0.0100316584138322
2022-04-26,CLX,0.004928914346815161,-0.005257027256990385,-0.006748144757181069,-0.032685874018728994,13.828921231553528,0.0082271288253916
2022-04-27,CLX,-0.02963789495837934,-0.014751887521860014,-0.004180676705411647,0.00979652899078642,13.821294796952953,0.0081646237519279
2022-04-28,CLX,0.008373754087982821,0.004829697307466067,0.001646755663643803,0.0042558105321237535,13.949780053124089,0.0092840327948697
2022-04-29,CLX,-0.0033274571809736512,-0.01496767807263967,-0.01882525156202405,-0.03338080471347636,14.733959359530012,0.0203376897475444
2022-05-02,CLX,-0.0245142665379513,-0.011753004275091152,-0.012090057475219828,-0.0013254267673208369,14.46224776445358,0.0154988229564088
2022-05-03,CLX,-0.011145790608293854,0.041665667204436124,0.0011309183939153661,0.029434177419174718,14.86605277313542,0.0232096761100738
2022-05-04,CLX,0.033549264764463786,-0.0008571060839486855,0.03450429726847967,0.013931017139278768,14.386716632562921,0.0143712963714587
2022-05-05,CLX,0.012531756177570422,-0.008615252153927637,0.00034096447560936566,-0.009130849911022141,14.101742329237537,0.0108076954298238
2022-05-06,CLX,0.0012108728802070637,0.027310795088491355,0.013282015586550835,0.03752790957453948,14.463922367558508,0.0155247990908352
2022-05-09,CLX,0.032674902786352086,0.039243105732571525,0.03316975329445459,0.02241795805007285,14.897892172309726,0.0239605487458397
2022-05-10,CLX,0.021502023120044584,-0.011964966109906362,0.010429918731629325,-0.007651620755887253,14.447261475319129,0.0152682847633736
2022-05-11,CLX,-0.0041483251872729155,-0.0031558781149359683,-0.0038740701605519453,-0.008807673590848603,13.869052272759154,0.0085640068187352
2022-05-12,CLX,-0.004743953116278904,-0.002785451094490967,-1.5100296238624416e-08,0.013915360122982829,13.905260764267808,0.0088797792028573
2022-05-13,CLX,0.009083385229102486,0.00776735488336047,0.005869947781914826,0.007928731507517339,13.997332823466408,0.0097361798847309
2022-05-16,CLX,0.004447771833409835,-0.003781339924638189,-0.001544600364160423,-0.007546606350236561,14.052636695690987,0.0102897962496955
2022-05-17,CLX,-0.005275852320266566,-0.004873945956437927,-0.005879288544550826,-0.002166812122793083,13.753317018540006,0.0076280542251806
2022-05-18,CLX,-0.009348282518630352,-0.012707318679670145,-0.059673379513712425,-0.0722105907132011,14.370946766470798,0.0141464404578293
2022-05-19,CLX,-0.07776162503249884,-0.07879038911323512,-0.056014139142332914,-0.054101641852627363,14.685087388742298,0.0193676434775549
2022-05-20,CLX,-0.04261415809673939,-0.034376526921211494,-0.033357467329110706,0.0010851249793255074,14.322027512733127,0.0134710609627404
2022-05-23,CLX,0.0088853348731442,0.01130619906256499,0.026496251471617428,0.009284538871382765,13.777394274703713,0.0078139459371702
2022-05-24,CLX,0.002657187998274765,0.009630286861646388,0.017281749717297706,0.014296539774195406,14.027229900801116,0.0100316584138322
2022-05-25,CLX,0.01055960852570361,0.005972487246936533,0.006672797810911731,0.0034545893772915826,13.864206431974242,0.008522607354493
2022-05-26,CLX,0.016051996309621352,0.03442665083216165,0.022345587622609298,0.02988176904178748,13.948380106618387,0.0092710447276564
2022-05-27,CLX,0.027689653830882024,0.006610893674280696,0.022814695708030765,0.015655583093714478,13.593617474489168,0.0065021511486321
2022-05-31,CLX,0.005622847047446011,-0.0037047663864639966,-0.009753396676955975,-0.02278463263006828,14.259235019831928,0.0126511892199042
2022-06-01,CLX,-0.01937172946754875,-0.020384483349130574,-0.04042525926804048,-0.03258351395560727,14.020083538688642,0.0099602240441594
2022-06-02,CLX,-0.032408783514719305,-0.02645049972684123,-0.01842358800411424,0.004396968174038451,13.747446897484169,0.007583407744135
2022-06-03,CLX,-0.0006405432326681791,-0.0017696670953448795,0.009616733564900571,-0.017416656503514115,14.091171414259339,0.0106940498417079
2022-06-06,CLX,-0.01376260913396137,-0.01599679462207288,-0.006765774013258795,-0.013337431983098662,13.735927161457878,0.0074965500446464
2022-06-07,CLX,-0.025586129426989703,-0.02455945652619519,-0.02933325197011738,-0.02034558093020292,14.181472939823868,0.0117046838217387
2022-06-08,CLX,-0.0074321767105304595,0.0004427090212709073,0.0007515122787386878,0.0003723483623876231,13.75533689694973,0.0076434775549963
2022-06-09,CLX,0.004540172607490098,0.0023569931175564615,-0.00890314155674301,-0.016816042251604935,13.80151406241584,0.0080047081743648
2022-06-10,CLX,-0.025192248521320466,-0.02828019999856114,-0.020751915848488352,-0.007523102872766169,14.354982528976384,0.0139223962984008
2022-06-13,CLX,-0.010257149856203195,-0.009811041263439164,-0.006832255026902212,-0.017078553134284327,14.101291574553889,0.0108028249046188
2022-06-14,CLX,-0.010130457163836086,-0.015093485550209139,-0.03867874479020287,-0.03345228715416476,14.066114400505588,0.010429417972238
2022-06-15,CLX,-0.035119124053286994,-0.027293404283238173,-0.022189491623064522,-0.012188918292172553,14.44299912364914,0.0152033444273074
2022-06-16,CLX,-0.01623149864771054,-0.016805809637900054,-0.002320956986344142,-0.004558403779285123,14.339766194037962,0.0137121519603863
2022-06-17,CLX,0.007905242588470985,0.0063051326226112635,0.0009125049758732288,0.0012231079536323632,14.616525558266453,0.0180842600860459
2022-06-21,CLX,0.00800417214804705,0.02270554674250452,0.01677252103560151,0.023356093870311852,14.073790338426143,0.0105097816381199
2022-06-22,CLX,0.009377678608611776,0.04723227404232455,0.0217750238574675,0.05060045766384984,14.835620979032617,0.0225140027599642
2022-06-23,CLX,0.058487228892100805,0.052757566807529986,0.058487228892100805,0.05856599228649115,14.78833321858868,0.0214741456287036
2022-06-24,CLX,0.05767232752876567,0.018361909898957182,0.04415716255993346,0.004557310815435024,14.72947899539886,0.0202467732770517
2022-06-27,CLX,-0.006698904357186826,-0.004207512543397921,-0.01013028557299744,-0.01777693758099018,13.946627412937469,0.0092548096436399
2022-06-28,CLX,-0.012954531930908102,-0.025047618988286297,-0.006786588908496532,-0.009665463900704711,13.798975605997102,0.0079844143193441
2022-06-29,CLX,-0.0023931029555035975,0.007466206984446765,0.003654650550182792,0.018808569068452262,13.663641772634318,0.0069737803393132
2022-06-30,CLX,0.012770030732874393,0.019055925254639703,0.011388567909863364,0.01026648022585396,14.243259526288169,0.0124506859322997
2022-07-01,CLX,0.01839743072712067,0.012066574919512196,0.01872157616919734,0.02050065751830842,13.791935845290885,0.0079284032794869
2022-07-05,CLX,0.013492588684586965,0.01281292090535007,0.00958176862073609,0.00588972232573398,13.735060517341935,0.0074900560110398
2022-07-06,CLX,0.013244021356283173,0.01190664737889704,0.01744593009458169,0.013108611514153467,14.0724764311489,0.0104959818167059
2022-07-07,CLX,-0.003707083497148651,-0.006650340813082947,-0.009623637623152064,-0.008353222172945922,14.145534189812583,0.0112915009335173
2022-07-08,CLX,-0.0008257227591939696,-0.010953748533847464,-0.020168754955053242,-0.02845386419552867,14.226030203680814,0.0122380063316827
2022-07-11,CLX,-0.02333050897075286,-0.014421577893970345,-0.0014916930300493303,0.0031078979557129524,13.708260480430527,0.0072919879860378
2022-07-12,CLX,0.0028848089804482295,0.01689675197965796,0.009481397378511546,0.014631475606251658,13.671641342278317,0.0070297913791703
2022-07-13,CLX,0.014508201485990382,0.02139952247085508,0.013499979721743074,0.02545685692036244,13.951352653856537,0.0092986443704846
2022-07-14,CLX,0.01231892527071034,-0.005053848552890026,0.013045915545352926,-0.0005422644214358594,13.866869800177218,0.0085453364721162
2022-07-15,CLX,0.013857006695817329,0.006732586195286394,0.0030127017838389386,0.007765197643483443,13.887366925729696,0.0087222988878967
2022-07-18,CLX,0.0008765552680372391,-0.0005369078508684609,-0.00534717828649386,-0.01997345383304408,13.771768679729558,0.0077701112103255
2022-07-19,CLX,-0.009004371414423572,0.006491284297088726,-0.001926372686337076,0.0270114626528539,14.425439703162803,0.0149387125578374
2022-07-20,CLX,0.021795500261044955,0.0027309841687803045,0.00487783762663306,-0.012906961402110067,13.832073629837078,0.0082531049598181
2022-07-21,CLX,-0.019825192107359356,-0.014270158222115843,0.002669349839357428,0.0010143683853091976,13.624351263156136,0.0067050896988391
2022-07-22,CLX,0.001966442420986481,0.005048018704492679,0.005181373584480565,-0.0006760183354678608,13.446041257047039,0.0056100332819222
2022-07-25,CLX,-0.0031890375704334488,-0.003362577525253032,-0.0008163928662503026,-0.000541347258564324,13.627494015479646,0.0067261953080607
2022-07-26,CLX,-0.022270248830758427,-0.01246720920988629,-0.05164230278977591,-0.00925213123414244,14.161580163579274,0.0114741456287036
2022-07-27,CLX,0.016878497996028575,-0.0017202890758413899,0.020166752064922036,-0.020590534037925805,14.33501897692615,0.0136472116243201
2022-07-28,CLX,-0.019403362745555576,0.0031631226384199475,0.0012734006681582703,0.016658262933243205,14.14618099665765,0.0112988067213247
2022-07-29,CLX,0.01075672087402754,-0.011323624085916641,-0.005316973753515756,-0.019755524088172573,14.511005480420199,0.0162732364639987
2022-08-01,CLX,-0.009563372731361295,0.015434814417914213,0.011730812371329911,0.024032094696691413,14.030300111607247,0.0100625050734637
2022-08-02,CLX,0.022128287972357878,-0.003356039600949234,0.007070749449600797,-0.010377793039925589,13.754911998308218,0.007640230538193
2022-08-03,CLX,-0.015626479633616668,-0.0035051191012719276,-0.009673577641300701,0.005409895826958077,14.273062612101857,0.0128273398814838
2022-08-04,CLX,-0.048546354214163354,-0.011912372073496566,-0.04435898455435541,-0.048250909597808145,15.01791242902042,0.0270159915577563
2022-08-05,CLX,0.008595010835650417,-0.02597364560825001,0.012803290855688921,0.008888981993046169,14.119017503987974,0.0109960224044159
2022-08-08,CLX,0.015615546316599728,0.04631820778960073,0.01622397260344234,0.039430772500275234,14.287949344805542,0.0130197256270801
2022-08-09,CLX,0.03252519646442056,-0.007193686870898093,0.019408859730299287,-0.008124950459032028,13.845555649714898,0.0083651270395324
2022-08-10,CLX,0.00048366735081379426,-0.0008255389378445338,0.009078203018296097,0.011646435368301513,13.681294359485166,0.0070979787320399
2022-08-11,CLX,0.00475555829847287,0.015636606522925513,0.0035390791113536755,-0.003313718903896748,13.56897170843338,0.0063438590794707
2022-08-12,CLX,-0.00041266600803127444,-0.006252716683848661,-0.0011090367506447164,0.012097104853546606,13.75968173042083,0.0076767594772302
2022-08-15,CLX,0.013391797615581635,0.02017958389607498,0.02045509290606345,0.01666711700636058,13.725586944527592,0.0074194333955678
2022-08-16,CLX,0.01187443491471131,0.005729522064082088,0.00879395113661158,0.00609575481130438,13.541995655563206,0.0061750142056985
2022-08-17,CLX,-0.001409501424971523,-0.004460875640743248,0.0006060237974517857,-0.007373235414605791,13.12096439929062,0.0040530887247341
2022-08-18,CLX,-0.010464868931501744,-0.006493666004097059,-0.010147474397471124,0.0004709637254511553,13.173818558687488,0.0042730741131585
2022-08-19,CLX,0.009255388805106103,0.005826261238364897,0.00839600693621801,0.0010753225988003427,13.286013367012389,0.004780420488676
2022-08-22,CLX,-0.000739970984724477,-0.0005343415100469263,0.0015495772558686762,0.0017450339330167173,13.44328823459249,0.0055946099521065
2022-08-23,CLX,0.002755061132110541,-0.0024080763701938936,-0.016015694527706896,-0.0069308254645449215,13.65004729817705,0.0068796168520172
2022-08-24,CLX,-0.008559315582322083,-0.00234669545231483,0.0008890088141699828,-0.0008106058015888763,13.372812320149546,0.0052138972319181
2022-08-25,CLX,-0.00033854460498510084,-0.006802973537240219,-0.0010257388702405073,-0.0005408064685584023,13.637222057454483,0.0067919473983277
2022-08-26,CLX,0.0007446150786688823,0.0017557373039925326,-0.01086885200292405,-0.02166633543409118,13.652404397256468,0.0068958519360337
2022-08-29,CLX,-0.02500565396885202,-0.011740467068580555,-0.009870095308292458,0.0026910380409522682,13.211108417398096,0.0044354249533241
2022-08-30,CLX,0.00739541000333256,-0.0026658943189630684,0.0036952561418772964,0.0037827735592061294,13.440091026807503,0.0055767513596882
2022-08-31,CLX,0.0075462755275578055,0.003825710849543211,0.00437495257903066,-0.009172110871489721,13.645434912981976,0.0068479584381849
2022-09-01,CLX,-0.017094535004834013,-0.004647437009431782,-0.011849416830289826,0.0107497852927063,13.643298923248526,0.00683334686257
2022-09-02,CLX,0.021730954888739773,0.006962903396400616,-0.0020354850425392413,-0.02112632891794804,13.417717444697477,0.0054533647211624
2022-09-06,CLX,-0.041247216225085884,-0.015355369948703308,-0.011447179351819327,-0.0009804691645105246,13.826748178716036,0.0082092702329734
2022-09-07,CLX,0.02062794158733498,0.012425975744950224,0.020191257870606504,0.025459599339935995,13.703797686526647,0.0072595178180047
2022-09-08,CLX,0.011187079570912261,-0.0019806713622516183,-0.006288151032142693,-0.0040385247967438635,13.725696347613525,0.0074202451497686
2022-09-09,CLX,0.0029486810345719905,0.023645044475940204,0.019021872213811648,0.016057041850346242,13.986519197672603,0.009631463592824
2022-09-12,CLX,0.014343812700760435,0.0019344248566746725,0.014676661291779134,-0.0006751482748056966,14.053425276452158,0.0102979137917038
2022-09-13,CLX,-0.003651544195912808,-0.012201982681196686,-0.02775874487488334,-0.027804400795433455,13.783401536676651,0.0078610276808182
2022-09-14,CLX,-0.0338969009142486,-0.0335411171399477,-0.01806788700717335,-0.01659527462006915,13.888018178810114,0.0087279811673025
2022-09-15,CLX,-0.0021742917114405563,-0.0062972039267066675,-0.008763807422555161,-0.008081262859448683,13.811704323435311,0.0080866953486484
2022-09-16,CLX,-0.011087503040365888,-0.00035132536783971197,0.003429121465460635,0.009069438666373057,14.009926185761591,0.0098595665232567
2022-09-19,CLX,0.006723552953367892,0.004553886457495931,0.01064144438634258,0.008148920200979223,13.162162769244643,0.004223557106908
2022-09-20,CLX,0.0018322983378909392,-0.0053968639357755985,-0.010641356291238304,-0.011469577083779223,13.347746020081466,0.0050848283139865
2022-09-21,CLX,-0.0016914886586656018,0.012223574037337788,0.011205459022279242,0.004730228226599859,13.561006620029513,0.0062935303190194
2022-09-22,CLX,-0.0022591277985799345,-0.012785881073448184,-0.007006351499771379,-0.00487182255790568,13.360594142179467,0.0051505804042535
2022-09-23,CLX,-0.0033280178949283657,0.0018263550281947336,-0.003272660842314532,0.002120993890161059,13.746375890710492,0.0075752902021267
2022-09-26,CLX,0.002408504813194957,-0.0074678757419086635,-0.009594004760314075,-0.011008178790216634,13.53896754848748,0.0061563438590794
2022-09-27,CLX,-0.00759920245736904,-0.00368411877872301,-0.02727518189079329,-0.032294851437087,13.852903640479207,0.0084268203587953
2022-09-28,CLX,-0.025853501913276337,-0.025811045480534697,-0.0018499432011618035,0.005002958775193998,13.851168200143377,0.0084122087831804
2022-09-29,CLX,-0.006827031796225611,-0.010396162008153954,-0.018766169890206158,-0.023163589677825183,13.76716134656088,0.007734394025489
2022-09-30,CLX,-0.013048796561469116,-0.013932395324938,-0.03205546027903607,-0.03632871578789523,14.214354460859226,0.0120959493465378
2022-10-03,CLX,-0.037252371152192564,-0.025853636501251928,-0.002653089585813727,0.01076828160667328,14.060181522785188,0.010367724652975
2022-10-04,CLX,0.009328838221519207,0.015501754271786126,0.014659859512945624,0.01407822107318865,13.760527306154993,0.0076832535108369
2022-10-05,CLX,0.005433844878944838,0.00022621283634853795,0.004762762433718244,0.0005317857184279712,13.892565113246336,0.0087677571231431
2022-10-06,CLX,0.010402030581625973,-0.0019619880769852654,-0.00730703648907588,-0.012377931720425873,13.583453650452784,0.0064363990583651
2022-10-07,CLX,-0.017986991300264356,-0.015222220221223402,-0.032560854227747335,-0.03369754535433393,13.87226983660481,0.0085916064615634
2022-10-10,CLX,-0.030610647335487413,-0.027918899151530497,-0.006480791278733852,0.000953694241959406,13.819403968794273,0.0081492004221121
2022-10-11,CLX,0.0019804736582360763,0.024769533227155652,0.011254466944871267,0.018574540460879873,13.807580195600393,0.0080534134264144
2022-10-12,CLX,0.02245884012497825,0.0009229642493585602,0.0182467615254686,0.006838706982159346,13.826847056356026,0.0082100819871742
2022-10-13,CLX,-0.011753381565957854,0.011615484003684522,-0.008059846934678387,0.01292726615502729,13.693231053325997,0.0071832129231268
2022-10-14,CLX,0.029470529975378836,0.002125038066191119,0.02222138548494179,0.003739074000654767,13.58597285758029,0.0064526341423816
2022-10-17,CLX,0.016287598488290606,0.022563977184612952,0.021587993507346047,0.014368206773374468,14.127324842108733,0.0110877506291095
2022-10-18,CLX,0.0017932770666350835,0.012448856862400229,0.0071930295034079985,0.014608310657820261,13.744659890413816,0.0075623021349135
2022-10-19,CLX,0.013570461489022217,0.003142988349439175,0.006697015615395368,0.012646416104922842,13.764323573715075,0.0077124766620667
2022-10-20,CLX,0.005362252317203222,-5.322724947013673e-08,-0.01373978821243076,-0.027855729131359513,13.885410617831385,0.0087052520496793
2022-10-21,CLX,-0.018484673458369155,-0.005414810656291403,0.0019530789069683702,0.02331571611484267,13.590741936939253,0.0064834808020131
2022-10-24,CLX,0.022141070952121356,0.022992895831862564,0.01947005838904251,0.01673980486694197,13.744337812277024,0.007559866872311
2022-10-25,CLX,0.008042038430554515,0.017831574896919295,0.01185942280528244,0.022244676597944983,14.036412398521405,0.0101241983927266
2022-10-26,CLX,0.028012896046634924,0.011654131318040712,0.0277063804868571,0.0071650483693344175,14.046781790014615,0.0102297264388343
2022-10-27,CLX,0.009540943117853693,0.02125960368199892,0.009656389176964462,0.011176378966854047,14.145965440856964,0.0112963714587223
2022-10-28,CLX,0.01042590453696533,0.021355534867815235,0.015008336263906968,0.03489365701749738,14.283888491482507,0.0129669616040263
2022-10-31,CLX,0.030303080118778785,0.00850939925247282,0.015403308388391481,-0.014277436024016594,14.547109406037695,0.0168714993100089
2022-11-01,CLX,-0.014351316369088292,-0.009451845893567928,-0.0027452806602898685,0.004304876716120634,14.264099648983152,0.0127128825391671
2022-11-02,CLX,0.023961888146490428,0.006980091797887204,-0.06473587525252054,-0.06325327990165157,14.943034513960948,0.0250669697215683
2022-11-03,CLX,-0.08657968180360738,-0.07476149207333797,-0.014476852874250882,0.0039868687230434135,14.256021651522788,0.0126106015098628
2022-11-04,CLX,0.014122208342217432,0.015094079153396667,0.016162393537439538,0.01764023122224582,13.803034049008339,0.0080168844873772
2022-11-07,CLX,0.013144604148103528,0.02551450704321448,0.030993089444124617,0.022767819320912246,13.699314886778025,0.0072270476499715
2022-11-08,CLX,0.03109449703200743,0.0059345335954478625,0.01009814598265965,-0.0064122962915777685,13.67785754024343,0.007073626106015
2022-11-09,CLX,-0.01720964756981345,-0.011347312465950533,-0.016363088158650063,-0.01927417317725374,13.739602042728377,0.0075241496874746
2022-11-10,CLX,0.0006297801293315037,0.004859028708626109,0.006406994432548826,0.02603390881245202,13.968060814940674,0.0094553129312444
2022-11-11,CLX,0.0031429442136220276,-0.0022182468171856934,-0.03172100939447238,-0.014481115963874832,14.198935216719214,0.011910869388749
2022-11-14,CLX,-0.006225445509473915,0.023932205159988215,0.032926673387204966,0.005200825272532681,14.143951342934047,0.0112736423410991
2022-11-15,CLX,0.01738942043270557,-0.0132324971773277,0.016797761961142136,0.01585687956899998,13.556611582441706,0.0062659306761912
2022-11-16,CLX,0.0004134976091917811,0.0013721501216598978,-0.006502922141550017,-0.014525855631647483,13.828427770397164,0.0082230700543875
2022-11-17,CLX,-0.020613610793954382,0.0006168786756504455,-0.0047817464147414755,0.02092214409807526,13.811603937048023,0.0080858835944476
2022-11-18,CLX,0.03729211319329767,0.014152858664884057,0.0258147265803444,0.006355747709606092,13.849429742817824,0.0083975972075655
2022-11-21,CLX,-0.004688319629735046,0.016749690426671703,-0.0013059918274244801,0.017155687794778305,14.086148958699395,0.0106404740644532
2022-11-22,CLX,0.02182659542267916,0.0053675196546017654,0.024727999179263268,0.011121364638802166,13.854636074278789,0.0084414319344102
2022-11-23,CLX,0.009813592465262398,0.003957075821987867,0.00013409036682002497,-0.0125956745810845,13.74283340785016,0.0075485023134994
2022-11-25,CLX,-0.01616445284219206,-0.015723396363554788,-0.013237368559127856,0.002611952740119507,13.39239204133378,0.0053169900154233
2022-11-28,CLX,0.002545242887867952,0.0073285878297652055,0.009405789079272928,-0.0031486048108041627,13.607503125457413,0.0065930676191249
2022-11-29,CLX,-0.00900371647192611,-0.011348685647263336,-0.018420293124024077,-0.01079430184359676,14.183412937702462,0.0117274129393619
2022-11-30,CLX,-0.006364748650600334,0.0004026942944258626,-0.005089485197990507,0.008241043244311033,15.45882821516962,0.041986362529426
2022-12-01,CLX,0.017172893645164274,0.014524115253374834,0.023509787144275922,0.008107176660811238,14.042328151711256,0.0101842682035879
2022-12-02,CLX,-0.006161718440767615,-6.624309892955603e-05,-0.0012130049169814183,0.005456770831186735,13.694360485195062,0.0071913304651351
2022-12-05,CLX,0.00020161661626152635,-0.011040839743647017,0.0002697418505404709,-0.011077680468546633,13.41129616738276,0.0054184592905268
2022-12-06,CLX,0.0009398494976390385,0.0030716724971874957,-0.015489491311637165,-0.013988240865727837,13.583957999846467,0.0064396460751684
2022-12-07,CLX,-0.01147340603663385,-0.004008489304182313,0.008114349520902878,0.015999337465342805,13.609225352820943,0.0066044321779365
2022-12-08,CLX,0.009928638650630837,0.011845384319274356,0.004066374275987207,0.005942565837020423,13.625440257045602,0.0067123954866466
2022-12-09,CLX,0.005629838046289644,-0.006038233357797712,0.004521466430372396,-0.009565567213176552,13.403173391257667,0.0053746245636821
2022-12-12,CLX,0.001468968850064514,-0.001798902844482305,-0.005875344039120287,0.007966332859257888,13.287540470851873,0.0047877262764834
2022-12-13,CLX,0.014048487458961364,0.01318139856609585,-0.0052965773578176525,-0.01579372999380848,13.99357389472761,0.0096996509456936
2022-12-14,CLX,-0.02917725214893396,-0.013447975309566457,0.0014287956734962538,0.0043260162236903954,13.526094983866342,0.0060776037015991
2022-12-15,CLX,-0.006798145985531795,-0.015255211825209614,-0.016037625046310254,-0.012829846594996997,13.483668983259754,0.0058251481451416
2022-12-16,CLX,-0.008150462881669766,-0.006590373245244055,-0.007698480455846049,-0.01216627270758421,14.332279087630903,0.013609870931082
2022-12-19,CLX,-0.007940025307659998,-0.00034076113723044334,-6.954435032439799e-05,0.0014513189519633747,13.640801155072458,0.0068163000243526
2022-12-20,CLX,0.0015238756552067227,-0.014907689151338128,-0.016710274176304055,-0.013487425225546511,13.62531931627136,0.0067115837324458
2022-12-21,CLX,-0.007503332386512202,0.004833083418305583,0.013781465371008984,0.005096449525476653,13.624472321057066,0.00670590145304
2022-12-22,CLX,-1.1228239224818524e-07,0.003026041745511469,-0.0009082733262848164,0.01245671172190068,13.646027434664866,0.006852017209189
2022-12-23,CLX,0.01398830332976831,-0.0013742665029532258,0.003419071403736224,-0.008911527734421318,13.240681381050928,0.0045685526422599
2022-12-27,CLX,-0.009743211610436913,-0.003927148723244319,-0.0015334647008566876,0.0009018954479893118,13.415482144214248,0.00544118840815
2022-12-28,CLX,0.004295987123525083,0.002206590250136651,-0.008195993506951962,-0.013119652307053607,13.182707489293296,0.0043112265605974
2022-12-29,CLX,-0.013293987729675303,-0.012685926110950775,-0.002323750089066265,0.00042148649973102354,13.434690744253823,0.0055467164542576
2022-12-30,CLX,-0.002595959041099321,-0.00552670650748245,-0.020153940731815624,-0.014783759143139378,13.57928303356464,0.0064096111697378
2023-01-03,CLX,-0.014291869751422933,7.029186821613537e-05,-0.004469869607016738,0.013659707918760637,14.166379378945575,0.0115293449143599
2023-01-04,CLX,0.015625485819610874,0.013031639463611546,0.02800198865191796,0.01021031570589604,13.692665858674875,0.0071791541521227
2023-01-05,CLX,0.006294408941769354,-0.004997306000976344,-0.006131641051272034,-0.011476501011008427,13.76716134656088,0.007734394025489
2023-01-06,CLX,-0.0034920183626997174,0.01038343905670641,0.010128672119449084,0.016473770263277617,13.525694209565037,0.0060751684389966
2023-01-09,CLX,0.008360139683879967,-0.0003443359114666906,-0.0023120793185753322,-0.012399937497947322,13.727117499619697,0.0074307979543794
2023-01-10,CLX,-0.007800405984064551,-0.013733949974469754,-0.013417160897601475,-0.011846067695419148,13.65616423747485,0.0069218280704602
2023-01-11,CLX,-0.012099201373926775,-0.0038486322133717363,-0.0011381703099657917,0.006856853211161117,13.89985262551525,0.0088318857050085
2023-01-12,CLX,0.004378139318887086,0.0025207823395655025,0.001351361916250699,0.0061102309315089805,13.832270325159609,0.0082547284682198
2023-01-13,CLX,0.005761350771498319,0.021858738038204414,0.0144659506885355,0.02277464386163033,13.964276193000817,0.0094195957464079
2023-01-17,CLX,0.02784180799326147,0.021993657336812952,0.026137010330436503,0.012784849457775412,14.24064821954991,0.0124182157642665
2023-01-18,CLX,0.004758053542835347,-0.01300241356934931,-0.02298948559879441,-0.03206475275616898,14.103768214735615,0.0108296127932462
2023-01-19,CLX,-0.037868070840796825,-0.03274006472920878,-0.024102655993634592,-0.024938663659461253,14.132145180963008,0.0111413264063641
2023-01-20,CLX,-0.01404297053664152,-0.00021032399163312113,-0.007396105348554551,0.019621589483087974,13.915899636481385,0.0089747544443542
2023-01-23,CLX,0.021480491837739674,0.008374712885053391,0.022166967853754833,0.0021022478060333445,13.83952098670063,0.008314798279081
2023-01-24,CLX,0.0038101459011056203,-1.0471652433482056e-05,-0.0008408828449095395,-0.004952988174774167,13.70580840881857,0.0072741293936196
2023-01-25,CLX,-0.021649654545246907,-0.008303348138153546,-0.0202651144968857,0.0034697579767358285,14.099034748392382,0.010778472278594
2023-01-26,CLX,0.014107839660456544,0.002892894456934259,0.02012291882403176,0.002894023012503457,14.00298630904859,0.0097913791703872
2023-01-27,CLX,-0.002692028963636072,-0.006857646317578136,-0.02048586492158368,-0.009774104975023458,14.188039854815877,0.0117818004708174
2023-01-30,CLX,0.00028354835809234197,0.012338304137750108,0.022618021880965587,0.011675174183442655,14.098733453046096,0.0107752252617907
2023-01-31,CLX,0.01079268029719614,0.01557426352893223,0.007849912789506384,0.017710819835448463,14.395881460612152,0.0145036123061936
2023-02-01,CLX,0.01095507485208128,0.0008965175148024973,-0.0007751459966563825,-0.0019370133318635035,14.057437393691776,0.010339313255946
2023-02-02,CLX,-0.007872813746454307,-0.009766431722055794,-0.015129870571520241,-0.023896706083534447,14.460255524092556,0.0154679762967773
2023-02-03,CLX,0.06780308858720736,0.09361930684593321,0.05939452994395369,0.09318027492574764,15.45944670402397,0.0420123386638525
2023-02-06,CLX,0.009238211809432526,-0.011282313921313408,0.0187083713713968,-0.014316634220331715,14.58950058753774,0.0176020780907541
2023-02-07,CLX,-0.018892479496539893,-0.020791567192428587,-0.0032487830216448867,-0.005784519998165904,14.303661646451369,0.0132259111940904
2023-02-08,CLX,-0.003835107755194672,-0.002687079133115799,0.0002654330743165031,-0.005023002653020562,13.964017628257782,0.0094171604838055
2023-02-09,CLX,0.00039756660649622246,-0.0009847469523890909,-0.004524666766849336,-0.005580835744482919,13.897183628181923,0.0088083448331845
2023-02-10,CLX,-0.00617766986607069,-0.0075831409542830314,-0.0028051825486253576,0.002794256985493476,14.002156915975743,0.0097832616283789
2023-02-13,CLX,0.00392352792347715,0.01256310844210963,0.006599321666916029,0.015689236634627263,13.695263113144614,0.0071978244987417
2023-02-14,CLX,0.015345905566574372,0.003979251599920759,0.005433390966001582,-0.0014400004705346502,13.829414449326073,0.0082311875963958
2023-02-15,CLX,-0.005308115286327687,0.002081164388819032,-0.0011901641361666377,0.006919121674792558,13.854058929762138,0.0084365614092052
2023-02-16,CLX,-4.981756864552589e-08,-0.0037753705903554274,0.0015205334738404084,-0.006919121674792559,13.586350191868982,0.0064550694049841
2023-02-17,CLX,0.003083571122103057,0.003580480312795924,0.0033633835468481707,0.0062685057018543764,13.855693308211437,0.0084503612306193
2023-02-21,CLX,-6.351886259381911e-09,0.007057984906490403,0.004270235738842469,0.005128998745652342,13.95030452820213,0.0092889033200746
2023-02-22,CLX,0.014372683569759303,0.009568167476622721,0.01205496210737107,0.0002589657139018021,13.880456183723512,0.0086622290770354
2023-02-23,CLX,-0.0035577253951057,-0.006669001397169977,-0.01120326507941661,-0.007734224375812459,13.450804882419407,0.0056368211705495
2023-02-24,CLX,-0.01258527729138881,-0.005612949233397775,-0.0018355785079796595,0.0049463992958111375,13.898565033400995,0.0088205211461969
2023-02-27,CLX,0.012390952081762349,0.008119254676708076,0.011223684249204894,0.00666480977263402,13.568459741843377,0.0063406120626674
2023-02-28,CLX,0.0005183384019639256,0.00326758417404915,0.0009727745674275287,0.002447654508837207,14.018941893895024,0.0099488594853478
2023-03-01,CLX,0.0016829263993973452,-0.00596675574676742,-0.009051584926245986,-0.00483667584662528,13.80475391212653,0.0080306843087912
2023-03-02,CLX,0.0012279753039551827,0.009414981368433913,0.010800363558309928,0.011505023235960626,13.617182782387252,0.0066571962009903
2023-03-03,CLX,0.013026768969631624,-0.00012743768749815535,0.005549832029027724,-0.004162503270689685,13.648512199021129,0.0068690640474064
2023-03-06,CLX,-0.010317599463529926,-0.005882799723617328,-0.023110738926821944,-0.02468778724392333,14.354982528976384,0.0139223962984008
2023-03-07,CLX,-0.018463574065268783,-0.014144077357205789,-0.0032320703313337964,-0.0010528375552892229,14.186108821064815,0.0117590713531942
2023-03-08,CLX,-0.002496623993579288,-0.009870532678711774,-0.008093597879618398,-0.004355356098230918,14.028766184478018,0.010047081743648
2023-03-09,CLX,0.00046036518265765844,-0.0009200225801854011,-0.008025212609828703,-0.012310082586170765,13.825560883817776,0.0081995291825635
2023-03-10,CLX,-0.014170495569637957,-0.005604365069247035,-0.0016800051585281147,0.005142161021085266,13.812807909096767,0.0080956246448575
2023-03-13,CLX,0.003727492539821068,0.017434872558025255,0.00757139878091949,0.007630685048665162,13.90379703833062,0.0088667911356441
2023-03-14,CLX,0.0061600089435965,0.0007144751054500181,0.009235611917761257,0.016455552103240602,13.824669486632418,0.008192223394756
2023-03-15,CLX,0.012207483815058153,0.015143746178001362,0.01183467888312506,0.01644530862495472,13.937729075643883,0.0091728224693562
2023-03-16,CLX,0.0180998374722358,0.003001159629166431,0.009108453303376146,-0.009511835832608588,13.884010908182535,0.0086930757366669
2023-03-17,CLX,-0.006684762236172916,-0.008967024109887398,-0.008716631289657691,-0.0056338046480066736,14.506355590614069,0.0161977433233217
2023-03-20,CLX,-0.004200760951583921,0.008966941493990665,0.006966384452087443,0.015848685740829486,13.772499711320746,0.0077757934897313
2023-03-21,CLX,0.010565351464134379,0.0015931027855192877,0.009749499596958791,0.0017883910379858023,13.877170878553644,0.0086338176800064
2023-03-22,CLX,0.006642263578823029,0.0031779217229652855,-0.006445927589417522,-0.013424835800593666,13.586224429592217,0.0064542576507833
2023-03-23,CLX,-0.016883641597644838,-0.01206639306039123,-0.004991754623024627,-0.00019399189676010012,13.394374804154086,0.005327542820034
2023-03-24,CLX,0.007738995172253997,0.012510517615174577,0.0049271764513074585,0.01851967392599785,13.515352314074724,0.0060126633655329
2023-03-27,CLX,0.014857527652675805,0.00852677300120499,0.018390178257389055,0.001649315825319157,13.64815761046424,0.0068666287848039
2023-03-28,CLX,0.0019601565979333845,-0.0016365788662469185,-0.008480367404218973,-0.007444009777364743,13.831384891372048,0.0082474226804123
2023-03-29,CLX,-0.008437305466587495,-0.010385125519875898,-0.006552825585146013,-0.0069852009165352206,14.149838354058456,0.011340206185567
2023-03-30,CLX,-0.009473094775535339,-0.009850929429048937,-0.00672555335672436,-0.006839883324696683,14.197025128076595,0.0118881402711259
2023-03-31,CLX,-0.0024470468746543516,0.017712965773446037,0.00530658037758314,0.024307078135912305,13.866869800177218,0.0085453364721162
2023-04-03,CLX,0.017764093424408912,-0.00221276613342423,0.004957760333790678,-0.009460667247595698,14.424352333451667,0.0149224774738209
2023-04-04,CLX,-0.0021556613428556828,0.0011386529969720036,0.0006421290364922045,-0.005437407347604951,13.901230351218617,0.0088440620180209
2023-04-05,CLX,-0.005345955321285288,0.0029670138395847517,0.0013468453988579783,0.009702570043462195,13.969004736627507,0.0094642422274535
2023-04-06,CLX,0.006994801394256002,0.0012599483260773215,0.006771585418901857,0.002157520434422817,13.429113984242598,0.0055158697946261
2023-04-10,CLX,-0.003936478076113749,-0.005302346239071953,-0.0060025837161003254,0.001140377434347063,13.139025785250656,0.0041269583570094
2023-04-11,CLX,0.007668214591137684,0.010013024451959894,0.01171617849581243,0.007380615243374327,13.564868617798254,0.0063178829450442
2023-04-12,CLX,0.005916789785995428,-0.0005641115744169985,-0.00673276373375601,-0.011886146782141728,13.565895969850407,0.0063243769786508
2023-04-13,CLX,-0.015113116763086751,-0.0012548057892747698,-0.006842719152507711,0.010879874210785545,13.666895693862221,0.0069965094569364
2023-04-14,CLX,0.008059313189070083,0.0008157721303575704,0.010913170902726503,-0.004539924703607523,13.321379796214162,0.0049525123792515
2023-04-17,CLX,0.0027770434383516864,-0.0020091679319630983,0.0005076078329734849,-0.0005689811546085567,13.414885219255359,0.0054379413913467
2023-04-18,CLX,-0.004548201341175206,0.012553747995940485,0.00019043333171575322,0.014751096864230815,13.920321822811486,0.0090145304001948
2023-04-19,CLX,0.018629928726910126,-0.001304240410658433,0.012856130276348424,0.0003113543467377443,13.340375384839657,0.0050474876207484
2023-04-20,CLX,0.002110607815391713,0.013395541318516281,0.007610176960584282,0.014838836352370662,13.863539480081531,0.0085169250750872
2023-04-21,CLX,0.017703018171780917,0.016481144930307605,0.018959239475429608,0.014138055521702315,14.254926749854718,0.0125968016884487
2023-04-24,CLX,0.005286540518287049,0.00234950051888099,0.0031656346184892625,-0.00024213839958789845,13.851264692548051,0.0084130205373812
2023-04-25,CLX,0.004679706600189632,0.008430602291075145,0.004062868445367676,0.005228935724091254,13.896907117996752,0.008805909570582
2023-04-26,CLX,-0.0085422941157918,-0.005665375249855328,-0.007281991365855637,-0.008893191518182117,13.779573487749794,0.0078309927753876
2023-04-27,CLX,0.0029370817609236594,0.006146172950334072,0.004534607974374939,0.016685829916854477,13.959438592721357,0.0093741375111616
2023-04-28,CLX,0.016482223939854847,0.0045549560167791004,0.008947379099800803,-0.0034357571954014184,14.67268844970399,0.0191289877425115
2023-05-01,CLX,-0.0034919734659510284,0.008870372065087312,0.00393081822579387,0.00901602341147931,14.307826530180565,0.0132811104797467
2023-05-02,CLX,0.007390789115350759,-0.003265117355650804,0.002712535313002485,0.003583905953285477,14.376154959552382,0.0142203100901047
2023-05-03,CLX,0.011901986762634143,0.05798722388593495,0.011014673179957336,0.04596961875614989,15.242179053329977,0.033807938956084
2023-05-04,CLX,0.037104784384305624,-0.011115877412689375,0.015360470079629067,-0.026368165856354236,14.68901945942714,0.0194439483724328
2023-05-05,CLX,-0.028153020202305805,-0.019596186543596163,-0.00989828645124082,-0.008454734352747599,14.592079806644787,0.0176475363260004
2023-05-08,CLX,-0.010787321306054276,-0.018984742213538318,-0.016296383740009888,-0.01419218525022196,14.768442139542417,0.0210512216900722
2023-05-09,CLX,-0.004871617783404948,-0.0047882916817233775,-0.004282167960868224,0.005486988830061349,14.25582852067153,0.0126081662472603
2023-05-10,CLX,0.000952402687250746,0.00990573145159285,0.015711530146158125,0.002376192713691131,14.010913676800122,0.0098693075736666
2023-05-11,CLX,0.006937349237544037,-0.00553032234064607,-0.0022038584407156094,0.0042632373423943095,13.734952133998615,0.007489244256839
2023-05-12,CLX,-0.002011195946316415,0.0019448953643558277,-0.0013128603042840482,-0.0007093582497691833,13.738090491492134,0.007512785128663
2023-05-15,CLX,0.0034872640820049704,0.00023555370741881927,-0.004848025753713596,-0.012374400465852683,13.848172308070176,0.0083870444029547
2023-05-16,CLX,-0.014560726801927045,-0.00318395625914227,-0.003064627823570393,0.011664634333727842,13.74003349518739,0.0075273967042779
2023-05-17,CLX,0.010718357347985192,-0.0012408686161200254,0.0017438667037497251,-0.012083710464327687,13.586978766119895,0.0064591281759883
2023-05-18,CLX,-0.01684329447663588,-0.014892836022027827,-0.009295136952922762,-0.005223880015488213,13.717347412320395,0.0073585518305057
2023-05-19,CLX,0.0021661198694057546,0.0022182724656430973,0.0010303736567280055,0.0015039457940209712,13.735602257924294,0.0074941147820439
2023-05-22,CLX,-0.003974700998100666,-0.0011384224292177443,-0.015136948695864063,-0.021508744784473795,13.85866678604041,0.008475525610845
2023-05-23,CLX,-0.020976517633639228,-0.024211770346988803,-0.015369854895464252,-0.015910369203007178,13.938790458141028,0.0091825635197662
2023-05-24,CLX,-0.009286234017754226,-0.012546864949702132,-0.006893462798028237,-0.003751181379735238,13.864015919676575,0.0085209838460914
2023-05-25,CLX,-0.008494822424353829,-0.008494822424353829,-0.006878233466150602,-0.008239360946008998,13.612293400796615,0.0066247260329572
2023-05-26,CLX,-0.007239596581575239,0.003569288693512807,-0.0016474622768985318,0.004725618775415097,13.63434952749906,0.0067724652975079
2023-05-30,CLX,-0.008375304593284845,-0.009924821893518152,-0.00911101400641194,-0.013606580639566827,13.948029813550871,0.0092677977108531
2023-05-31,CLX,0.005908089428780135,0.0052887341841867976,0.0035778772027162003,0.007870068083166058,14.386321163726642,0.0143656140920529
2023-06-01,CLX,0.007005945941189756,0.0035728192741761853,0.0068640402951727145,0.0027776810360949345,13.76716134656088,0.007734394025489
2023-06-02,CLX,-0.007512741613006682,0.009837662592334734,-0.0005066816240266059,0.017188633169488016,13.722738255024396,0.0073983277863462
2023-06-05,CLX,0.019703119867660483,0.012437752463385302,0.019703119867660483,0.005746566360148687,13.704580114574805,0.0072652000974105
2023-06-06,CLX,0.010568852764367259,-0.003801213179968184,-0.022368468497075546,-0.023187406674796733,13.70413308779828,0.0072619530806071
2023-06-07,CLX,-0.0377142169290526,-0.02929465829294835,-0.008679031388138253,-0.01154323990116824,14.022931961490691,0.0099886354411884
2023-06-08,CLX,0.004141366291266157,-0.0016458593893782835,0.0014091751011988398,0.00420152771159688,13.637341567320762,0.0067927591525286
2023-06-09,CLX,-0.004843968191138772,0.0012028979911403316,-0.0006404291361925447,-0.004839649959811034,13.741757445917179,0.0075403847714911
2023-06-12,CLX,0.006813063566400597,-0.002787992491316498,-0.00900652435309688,-0.0058897020856150464,13.796430689415054,0.0079641204643234
2023-06-13,CLX,-0.017992038437189897,-0.005089496841208133,-0.006418501931030258,0.004036893212150321,14.053031063804022,0.0102938550206997
2023-06-14,CLX,0.01130676455898447,-6.376155005404935e-05,-0.0020835324390072354,-0.015662045636706298,14.653277860809736,0.0187612630895364
2023-06-15,CLX,-0.011823702468716153,-0.006848109836640853,0.0029937534557900425,0.006604215626303405,14.319674642867163,0.0134394025489081
2023-06-16,CLX,0.00335572995346661,0.009523509126002158,0.007767506964165467,0.010144457577561647,14.29880114828651,0.013161782612225
2023-06-20,CLX,0.009234394751689853,0.004443014752168184,0.0023829297573881194,-0.00685873794742714,13.764007767949836,0.0077100413994642
2023-06-21,CLX,-0.0032609203280982,-0.005143106062026535,-0.0011586656441405824,0.005004404148750098,13.607626240110552,0.0065938793733257
2023-06-22,CLX,0.0067017926118428835,0.0051429930791362585,0.006547302624506195,0.003768842129812135,13.469352969379885,0.0057423492166571
2023-06-23,CLX,0.002160569177218761,-0.0010136617124395578,-0.0013444383428010776,-0.004473039190820009,14.244823043503413,0.0124701680331195
2023-06-26,CLX,-0.008990258308057737,-0.004829692789169782,-0.009720898461951009,0.004281897563365091,13.713478939818222,0.0073301404334767
2023-06-27,CLX,0.006129768485930276,0.017491638889273686,0.014195441141221355,0.017134394286720943,13.75904707907168,0.0076718889520253
2023-06-28,CLX,0.008557113195382925,-0.007792453870529263,-0.001787425714719135,-0.016305759508813522,13.789988626584119,0.0079129799496712
2023-06-29,CLX,-0.017509173015026608,-0.0017047968013367703,-0.010211079012436496,0.006161640178970363,13.720981173260105,0.007385339719133
2023-06-30,CLX,0.01643561962627985,0.007805616803784918,0.019433059763954687,0.007130450692745583,13.547109408116992,0.0062066726195308
2023-07-03,CLX,0.0029021476675312624,0.0053780333918156085,-0.0004433034140516028,0.008140828421718156,13.204866440535003,0.0044078253104959
2023-07-05,CLX,0.005027324610827804,-0.0008110825924540907,0.004549737212887374,-0.002497818989486566,13.934715693068844,0.0091452228265281
2023-07-06,CLX,0.002879389868787223,0.001559262516375905,0.002644520143078273,-0.000562819564858087,13.571272320004585,0.0063584706550856
2023-07-07,CLX,-0.0032553299981475745,-0.0033083652582480165,-0.008271346040521097,-0.011703945832537928,13.676249640055394,0.0070622615472035
2023-07-10,CLX,-0.009514108482315058,-0.002567003699338559,-0.008788380370656858,-0.009795487034931636,13.581180925071386,0.0064217874827502
2023-07-11,CLX,-0.009221871763436432,-0.017836066555906298,-0.017420763309042058,-0.010279368219694794,14.132800703288442,0.0111486321941716
2023-07-12,CLX,-0.013702937211786864,-0.0071732430964301765,-0.005286188741821764,0.003159099824364826,13.83727302821889,0.008296127932462
2023-07-13,CLX,0.004007975161665437,0.0007709640845216583,0.006066690368330382,-0.005033899355685191,13.590491498984573,0.0064818572936114
2023-07-14,CLX,-0.003554717313528401,-0.004054384131959338,-0.003452876788990605,0.0,13.706031573042699,0.0072757529020212
2023-07-17,CLX,-0.0021388481817682966,-0.00045149484062249233,-0.0002609723978201656,-0.006816615619123109,13.275257839949527,0.0047292799740238
2023-07-18,CLX,-0.006444229038997589,0.0042490414615721644,-0.0012410822460400999,0.0033168094726398942,13.714143170259746,0.0073350109586817
2023-07-19,CLX,0.00974793045255096,0.0021177708896944485,0.006709457420478463,0.004663830871516749,13.589990434839132,0.0064786102768081
2023-07-20,CLX,-0.01715447317268226,-0.007528534715321218,-0.028313533050299836,-0.000904944942125592,14.028442952413169,0.0100438347268447
2023-07-21,CLX,0.017930238378727974,0.00810535662213976,0.030842355068149703,0.007603419683307204,13.72427317305964,0.0074096923451578
2023-07-24,CLX,0.006633903879294593,-0.00025629864622384903,-0.0023988383819205073,-0.003987813693548195,13.892009455291364,0.0087628865979381
2023-07-25,CLX,-0.0016062315523662335,-0.0032738255085118,-0.010506267936108926,-0.01395373844531665,13.99758291704439,0.0097386151473333
2023-07-26,CLX,-0.0164006396953078,-0.011185484173821326,-6.559567709369857e-05,0.004369298088430481,13.678201754182673,0.0070760613686175
2023-07-27,CLX,0.0007838090288801413,6.481628239435884e-05,-0.012742507429630477,-0.018586630130042713,14.0763359466619,0.0105365695267473
2023-07-28,CLX,-0.004581758571784837,0.009125695718795753,0.006160620431915424,0.019952332463019036,14.537682903260963,0.0167132072408474
2023-07-31,CLX,0.007711850810888186,-0.006658002687680598,-0.003174941080059545,-0.015784636095156877,14.833672083493317,0.0224701680331195
2023-08-01,CLX,-0.011524477365235566,-0.008270654821379609,0.0019855333164745448,0.0015832223790131638,14.111533498461698,0.0109140352301323
2023-08-02,CLX,-0.0026378349361294846,0.008205759457434826,0.0007929943909879604,0.00493109130847109,14.093597493973883,0.0107200259761344
2023-08-03,CLX,0.06709808531480639,0.09260604878238052,0.06372481107443168,0.08580276196354163,15.270467969519466,0.0347779852260735
2023-08-04,CLX,0.02367559865371542,-0.0192209901406076,0.0027854591760169715,-0.012843228548284884,14.723204846066391,0.0201201396217225
2023-08-07,CLX,-0.007323538828734334,-0.0031391062017574224,0.008371225642450934,-0.001647649030119339,14.075102521616094,0.010523581459534
2023-08-08,CLX,0.000712324770502275,-0.002548084763799267,-0.003863078349898987,-0.0027724931910765686,14.102718267923956,0.0108182482344346
2023-08-09,CLX,-0.008104502571028722,0.001891210630267952,0.00383601218356467,0.005046325882968875,13.791218889984869,0.0079227210000811
2023-08-10,CLX,0.009265798889633133,0.000974654494368785,-0.010241305320541119,-0.014966280735517286,13.674984473707058,0.0070533322509943
2023-08-11,CLX,-0.01762326105439412,-0.01163595462625092,-0.0006240340423304812,0.003110588570458736,13.584084047459859,0.0064404578293692
2023-08-14,CLX,0.007864069685884609,0.0005541981424864341,-0.0024375912470677146,-0.00510656334961114,13.58004262246103,0.0064144816949427
2023-08-15,CLX,-0.014225159599606872,-0.016073741560743187,-0.015831798771750696,-0.01611204759839393,13.90233116675881,0.0088538030684308
2023-08-16,CLX,-0.011008910905091937,-0.008481844344768773,-0.00894065301791746,-0.005152590540271793,13.857804428743023,0.0084682198230375
2023-08-17,CLX,-0.009086539525004055,-0.005250642540927066,-0.012003192594925936,-0.016915196480528683,14.10915059643527,0.0108880590957058
2023-08-18,CLX,-0.01927037855332868,-0.02044086562078578,-0.013266797254807897,-0.0020776737453011467,13.851457649429541,0.0084146440457829
2023-08-21,CLX,-0.006790744399172304,-0.010281240213890696,-0.020202696411541026,-0.024876274892295366,14.140922569456048,0.0112395486646643
2023-08-22,CLX,-0.018782383416138415,-0.012703686902352773,-0.006465512692950078,0.0021965423639083537,13.75586776649464,0.0076475363260004
2023-08-23,CLX,0.0051937754486023405,0.01041177001663831,0.015287841647927293,0.003848881308566479,14.182027609078421,0.0117111778553454
2023-08-24,CLX,0.0013938638632808892,0.01554673416542649,0.00312281517826364,0.02220512930376203,14.201317708311118,0.011939280785778
2023-08-25,CLX,0.02657046056007182,0.0010321864139186876,0.016186708730888386,0.0010359289721601815,13.523018268278575,0.0060589333549801
2023-08-28,CLX,0.0010325387196606732,0.009688976432272902,0.010001062274641552,0.006642973106029155,13.619010154733038,0.0066693725140027
2023-08-29,CLX,0.00450615400641826,0.0036333995921417938,0.0008399551759398503,0.009787584292389198,13.781230658862162,0.0078439808426008
2023-08-30,CLX,0.01231949868856041,0.009813653102803806,0.01219289823319971,-0.00019097148396034506,13.667475638690929,0.0070005682279405
2023-08-31,CLX,-0.005534603722688239,-0.008160779121979603,-0.00858371659625831,-0.003891428191080043,13.910276043995331,0.0089244256839029
2023-09-01,CLX,-0.0014043718074340996,-0.003945961684563726,-0.004255033825412122,-0.007764067728346264,13.968747391790012,0.009461806964851
2023-09-05,CLX,-0.007566559631848263,-0.00549948495469746,-0.010521638052117687,-0.01153239400216332,13.813208911206399,0.0080988716616608
2023-09-06,CLX,-0.012044533328062285,-0.008500317303928575,-0.0036630835559347177,0.0009117780668619122,13.678201754182673,0.0070760613686175
2023-09-07,CLX,0.005068602161359456,0.015146989738869195,0.010041161303785408,0.013707713892186252,13.822387855050497,0.008173553048137
2023-09-08,CLX,0.011150837867753251,-0.0005736324577493307,-1.0925330193381401e-07,-0.006571901982568061,13.594490999379648,0.0065078334280379
2023-09-11,CLX,-0.007011226496130858,-0.009541808121113243,-0.0021432145737785347,-0.0028482797305041073,13.525293274579292,0.0060727331763941
2023-09-12,CLX,-0.002844149926216266,-0.005613807992698399,-0.033182105436581344,-0.030674266119029858,14.111979661135546,0.0109189057553372
2023-09-13,CLX,-0.031230995866484024,-0.030818113586193803,-0.012375413143097577,-0.015154384752150227,14.053031063804022,0.0102938550206997
2023-09-14,CLX,-0.013989095783749439,-0.0017366596088739961,0.004006616459194693,0.014151098683668163,13.895984864793187,0.0087977920285737
2023-09-15,CLX,0.008161734052506461,-0.0026104967171004744,-0.01302927308263921,-0.021986311995427752,14.348372195514052,0.0138306680737072
2023-09-18,CLX,-0.018030641684495124,-0.020312037968078043,-0.023059621390178458,-0.024230920439240338,14.699856856239915,0.0196558162188489
2023-09-19,CLX,-0.035223390302152886,-0.029148633949135545,-0.030679626781354743,-0.030307631803271156,14.739611113618228,0.020452958844062
2023-09-20,CLX,-0.022788265811885058,-0.022648676226878283,-0.012466748773367878,-0.014405257112328726,14.26855938849789,0.0127697053332251
2023-09-21,CLX,-0.012325798095464139,-0.009990911148748057,-0.014781347404620398,-0.013575826752191572,14.363805939779034,0.0140457829369266
2023-09-22,CLX,-0.01084580523525575,-0.01561883500486121,-0.019244138560091707,-0.014666249846829365,14.29620743510127,0.0131276889357902
2023-09-25,CLX,-0.01720978058051998,-0.006896985294071203,0.0011376211385481392,-0.004533350312747159,14.214891193152063,0.0121024433801444
2023-09-26,CLX,-0.009097789590657976,-0.01786966995725457,-0.012434709658782721,-0.01257293324477412,14.085920064812838,0.0106380388018508
2023-09-27,CLX,-0.005498742483410856,-0.008521030137370643,-0.010960285751900218,-0.009708907180579892,14.220442857488484,0.0121698189788132
2023-09-28,CLX,-0.007842017651545784,-0.008594375458033989,-0.003810176800758978,-0.004112202868983896,14.117096275229743,0.0109749167951944
2023-09-29,CLX,-0.0021633825663941305,0.013928605102357296,-0.008292183897892066,0.01879303980200788,14.846201186907475,0.0227534702492085
2023-10-02,CLX,0.0208213117919875,0.004625229022551889,0.021218628675132144,-0.00550884763946677,14.57570919334748,0.0173609870931082
2023-10-03,CLX,-0.013653356371421663,-0.0024995588338139418,-0.0016162687393144245,-0.0006907292616953188,14.278741932169803,0.0129003977595584
2023-10-04,CLX,0.001074669470799011,0.0018942207660591515,0.002999716848602316,0.012057612595626169,14.2820713925879,0.0129434207322022
2023-10-05,CLX,-0.033941368770352316,-0.04062972801226443,-0.08533035482492896,-0.05375973329114581,15.843066656286748,0.0616567903238899
2023-10-06,CLX,-0.004613744445040331,0.0032270525656500925,0.029178775790100257,0.0005602264067352202,15.076865367798344,0.0286565467976296
2023-10-09,CLX,-0.011225360020129685,-0.014564249434192187,-0.009796057148966433,-0.015235553043694268,14.552914308133102,0.0169697215683091
2023-10-10,CLX,-0.003635068683878096,-0.0038344963857037534,0.01125708462902953,0.007041972256621757,14.259812331129716,0.0126584950077116
2023-10-11,CLX,0.0025863768111302303,-0.002564411193837781,-0.014955449533010142,-0.013152663822837049,14.214958264437461,0.0121032551343453
2023-10-12,CLX,-0.008592818553982034,-0.009676019909900536,-0.01610261137791807,-0.01872614190410559,14.39066274290591,0.0144281191655166
2023-10-13,CLX,-0.021561027771292575,-0.004222062082513098,0.003258073992873116,0.0194613942846518,14.02868538625618,0.0100462699894471
2023-10-16,CLX,0.021316760816362895,0.01925995452909421,0.01949179326566609,0.02029084624108676,14.361085953565492,0.0140076304894877
2023-10-17,CLX,0.01342744880354671,0.0008777003851474185,0.00871387993422034,-0.007389459568699151,14.03239536413036,0.0100836106826852
2023-10-18,CLX,0.002808159388605971,0.009207814166227223,0.003803650280818997,0.004985928948633248,14.052715581756672,0.0102906080038964
2023-10-19,CLX,0.0009609893002325042,-0.0038792111232462028,-0.0012933047907109775,-0.0053891930116880945,13.950741380739021,0.0092929620910788
2023-10-20,CLX,-0.001441917362477259,-0.010525640298458054,-0.009998085430816098,-0.009643928505799353,13.940645171099543,0.0091996103579836
2023-10-23,CLX,-0.01787420338444946,-0.00909935170414153,-0.0036829649124835114,-0.00661796743694808,13.938967245751506,0.0091841870281678
2023-10-24,CLX,-0.0021003768466877517,-0.0037156281659336985,-0.00041650883888297573,0.006848034272018621,14.249369388577593,0.0125269908271775
2023-10-25,CLX,0.0021448831657038024,0.0075156987040927116,-0.004566858527433,0.002873560696415767,14.444493014182587,0.0152260735449305
2023-10-26,CLX,0.004932653480042971,0.0014638987175710412,0.008287803204258497,-0.006250546621593984,14.041131837173966,0.0101720918905755
2023-10-27,CLX,-0.007821169385927263,-0.01613921114383331,-0.03246241682736316,-0.027433249021552468,14.379972299562489,0.0142746976215601
2023-10-30,CLX,-0.019614177266726603,-0.017496049356880993,-0.020500253254879114,-0.011770829078480587,14.783748750212746,0.0213759233704034
2023-10-31,CLX,-0.013919823793972524,-0.01022196453133897,0.010560918561207718,0.009818530765463294,14.593320985813858,0.0176694536894228
2023-11-01,CLX,8.551587067036156e-05,-0.0034021486554785926,-0.012477340762567011,-0.01990795213313698,14.700806268728142,0.0196744865654679
2023-11-02,CLX,0.08585692331624387,0.08505691547728318,0.05981903219999133,0.06403464342837811,15.194327281104654,0.0322282652812728
2023-11-03,CLX,-0.026384226434021284,-0.004470408168865779,0.016049897469215084,0.020438449433881387,14.69907187852396,0.0196403928890332
2023-11-06,CLX,0.010254857522451592,0.02161658015520308,0.01388518655972094,0.027108304996460084,14.822519488069384,0.0222209594934653
2023-11-07,CLX,0.024253092519671893,0.02469259276987237,0.02230627873599583,0.026921185489644867,15.064122350811433,0.0282936926698595
2023-11-08,CLX,0.028227098956857516,0.0021739206381572295,0.01952909012279835,-0.004462210761612837,14.571210382863098,0.0172830586898287
2023-11-09,CLX,-0.0009078189872607773,-0.00525550479441675,-0.005134669556992338,0.002951997666464498,14.505202275281675,0.0161790729767026
2023-11-10,CLX,0.005510801866332048,0.009738587849760836,0.017894991550715462,0.008578501822976797,14.656172592737672,0.0188156506209919
2023-11-13,CLX,-0.007936352716437856,0.004240263418842702,-0.0074237616427130495,0.0023947127743221453,14.445292395610547,0.015238249857943
2023-11-14,CLX,0.01804836196126115,0.016345513939503252,0.0189793396214783,0.0203478018242193,14.359694165699784,0.0139881483886679
2023-11-15,CLX,0.018314042554219277,0.009810867324372967,0.018845552377336455,0.010781798695622985,14.256986746682081,0.0126227778228752
2023-11-16,CLX,0.00982986421979731,0.011075201113738617,0.010342269165821275,0.00750737000223905,14.298122492418562,0.0131528533160159
2023-11-17,CLX,0.009375569433718933,0.0005719323145660217,0.005852103912555214,0.0008626193854967927,14.185556411544075,0.0117525773195876
2023-11-20,CLX,-0.004244171267504195,-0.006885680113693203,-0.016633865822589987,-0.015496368131333978,14.08133115013586,0.0105893335498011
2023-11-21,CLX,-0.006944373040125972,0.008599863738028901,0.0070797033382140155,0.016789074665367807,14.232048139365439,0.0123118759639581
2023-11-22,CLX,0.02324678757837023,0.016349018938204517,0.018089790293861194,0.00828972180066217,13.998998933760095,0.0097524149687474
2023-11-24,CLX,-0.007117452588791699,-0.007468999053528879,-0.0013578607486414089,0.004827911969365527,12.999971989585537,0.003591200584463
2023-11-27,CLX,0.007826462891972126,0.004516252397239314,0.005491876962472601,0.003958407680633345,13.863062813383594,0.0085128663040831
2023-11-28,CLX,0.005512838527253212,0.017241289576315023,0.008217191886375342,0.01651203479990563,14.077336985515725,0.010547122331358
2023-11-29,CLX,0.01239802049983498,-0.00548213886432846,-0.002613665444414945,-0.012358423058522123,14.047495706902179,0.0102370322266417
2023-11-30,CLX,-0.010285868426370477,-0.0008353704794614308,-0.009380384960878374,0.007070764286371214,14.217771203930115,0.01213734881078
2023-12-01,CLX,0.008613667189914891,0.0029205025630944,0.016077223051644534,0.00341210025709462,14.04590853220757,0.0102207971426252
2023-12-04,CLX,0.0005576640080476828,0.007953869750229697,0.008117032337721677,-0.00020861269978947184,13.91200276617042,0.0089398490137186
2023-12-05,CLX,-0.0037003327139492575,-0.015271555644036141,-0.01849875687807644,-0.016617216656777973,13.922031300298752,0.0090299537300105
2023-12-06,CLX,-0.011821249426979256,0.0009087996832761123,-0.001634190875047689,0.007045199571172358,13.976524205092794,0.0095356765971263
2023-12-07,CLX,0.010421313734655557,0.004671608745400905,0.006026153342146633,0.00845904919338133,13.728209320787421,0.0074389154963876
2023-12-08,CLX,0.004821556164355719,-0.0021587879566447804,0.0004238762289261114,-0.014726814664372947,14.025285952306186,0.0100121763130124
2023-12-11,CLX,-0.012274297792566077,-0.010159365351187437,-0.01983643449828438,-0.010939125520825817,14.251311512615166,0.0125513434532023
2023-12-12,CLX,-0.012641378049703465,0.002812828001118722,0.003955795165386612,0.016504656233746803,13.6707171288625,0.0070232973455637
2023-12-13,CLX,0.015600857929542881,0.02414438205339657,0.013900415658320129,0.02285059463774916,13.732999222401384,0.0074746326812241
2023-12-14,CLX,0.022266505825033773,0.004582273436259886,0.0064213715416683755,-0.02397539816848495,14.187626375665529,0.0117769299456124
2023-12-15,CLX,-0.02388590584085785,-0.025361289983370134,-0.0059963907550119044,-0.001900482640197982,14.441235597080412,0.01517655653868
2023-12-18,CLX,0.0010564530737306919,0.005304911290222505,0.0009192993385483225,0.00611179335639541,13.51993205728984,0.006040263008361
2023-12-19,CLX,0.004495569806058496,0.0027113590829121177,0.0026123448035594793,-0.0018226833531669053,13.339731885209181,0.0050442406039451
2023-12-20,CLX,-0.010285238610275083,-0.009347036868226076,-0.008781860932511622,-0.013563244113503405,13.668055247378565,0.0070046269989447
2023-12-21,CLX,0.004451107911445684,-0.00393242558606145,-0.005564012782783219,0.0039748723237909055,13.639132503515611,0.006804935465541
2023-12-22,CLX,0.00035237230362214847,0.003511768097214864,0.0018580686002980524,0.004946670759632752,13.48797962845146,0.0058503125253673
2023-12-26,CLX,-0.0057954304270946165,-0.0009119066813290524,0.00725622592988034,0.0006341937231403601,13.38672717992407,0.0052869551099926
2023-12-27,CLX,0.005372438456084484,0.0014725673045376828,-0.00248406684207385,-0.001833350757987639,13.603308183087238,0.0065654679762967
2023-12-28,CLX,-0.0013402447044898746,-0.0028066785627546224,0.0017041878479981507,0.0026081046322229888,13.430437609226455,0.0055231755824336
2023-12-29,CLX,0.004226838228166164,0.006304320241406536,0.00643450228790343,0.003723815636852957,13.55648202375727,0.0062651189219904
2024-01-02,CLX,-0.0023929961179138004,0.012835298969284457,-0.0019048625392294389,0.01462018324733596,14.102868327835658,0.0108198717428362
2024-01-03,CLX,0.020988757652522932,-0.0002068400368030606,-0.0038205476267223117,-0.022152475668130982,13.96565407697882,0.0094325838136212
2024-01-04,CLX,-0.023740806077903027,-0.013396912668046103,0.0004251802911505839,0.006549926751929815,13.849719695663858,0.008400032470168
2024-01-05,CLX,-0.0015556723613479543,0.0045320468547377655,-0.0022699430411905475,-0.008176474869403993,13.799585423467146,0.007989284844549
2024-01-08,CLX,-7.108516050072239e-05,-0.009646653480113178,0.0019154296241041492,0.006630725152000974,13.810197468468239,0.008074519035636
2024-01-09,CLX,0.003814768726933751,-0.001968567682619535,-0.004119562803311247,-0.006347774437518308,13.837957724597478,0.0083018102118678
2024-01-10,CLX,-0.004027000037768394,0.0014065925814738965,0.0042614584267168625,0.0002829830888426748,13.589739808585472,0.0064769867684065
2024-01-11,CLX,0.00014161866932401566,0.004137985477057868,-0.005543305747163948,0.009504160592989029,13.742725863738151,0.0075476905592986
2024-01-12,CLX,0.01252038540303822,0.004399537606960479,0.014995302732805959,0.004055686749330271,13.818108181217784,0.0081386476175014
2024-01-16,CLX,0.001955377488476876,0.0005573879824794189,-0.0031641261904823644,0.0018127712285637737,14.197980628452664,0.0118995048299374
2024-01-17,CLX,0.0009761494731004057,0.012801588016937425,0.008764843810136423,0.004240028453692608,14.095035198857973,0.0107354493059501
2024-01-18,CLX,-0.0014645819840098965,-0.013149902810733279,-0.007990456247942906,-0.005703862039704249,14.097979817283269,0.0107671077197824
2024-01-19,CLX,0.006678245360448521,0.004795541858341052,-0.005787330726063269,-0.007914052754611213,14.053740534718278,0.0103011608085071
2024-01-22,CLX,-0.012909705451399694,-0.008984300549586339,-0.000849764913793807,0.0036496075395589123,14.070618559316987,0.010476499715886
2024-01-23,CLX,0.009635680625598995,0.022751181377346663,0.015571904846779639,0.013682970444788112,14.023581891930393,0.009995129474795
2024-01-24,CLX,-0.004711219365789141,-0.02062512853241132,-0.02218995606038598,-0.026553473046345193,14.402186050187074,0.0145953405308872
2024-01-25,CLX,-0.014053804051854454,0.015161978547635957,0.0060942576414816825,0.031142445452102832,14.062371417145494,0.0103904537705982
2024-01-26,CLX,0.03359649562908176,0.006703661489797499,0.022615868383265385,0.0036699519298227664,13.96780322704382,0.0094528776686419
2024-01-29,CLX,-0.0002764272018854512,-0.000688937537397438,0.003209356893095476,0.0002074665192691276,14.034968124375041,0.0101095868171117
2024-01-30,CLX,-0.0023534612740723844,0.006869046567027145,-0.003139535464068234,0.007023723304201344,14.090412055698557,0.0106859322996996
2024-01-31,CLX,0.014106574717849261,0.006754291135422324,0.010703426442944622,-0.0032991626923763494,14.320097360695422,0.0134450848283139
2024-02-01,CLX,-0.008095519806876627,0.00664143962327803,-0.004850915193241051,0.019026144610003393,14.485952412471239,0.015870606380388
2024-02-02,CLX,0.08784907301466768,0.07066199645580117,0.060775772414623334,0.054678519219505686,15.246969709998556,0.0339702897962497
2024-02-05,CLX,-0.024848703525310177,-0.01056596019918224,0.0071003580923529215,-0.012484825075375763,14.44096812457098,0.0151724977676759
2024-02-06,CLX,-0.0007118315728447358,-0.01074332287646145,-0.006904306533727593,0.002263913658394723,14.078644526133855,0.0105609221527721
2024-02-07,CLX,0.00966183450100604,0.01036145147941309,0.014083280491912369,0.004962642161279463,14.207012635095927,0.0120074681386476
2024-02-08,CLX,-0.0034673565193165065,-0.007087785977934879,-0.013756449223000232,-0.008522584040710466,13.83893504975607,0.0083099277538761
2024-02-09,CLX,-0.008397512222679442,-0.0037237465545889676,-0.003993646404716637,-0.006635978028613813,13.575603531449104,0.0063860702979137
2024-02-12,CLX,-0.008141475986568928,-0.008072597587905668,-0.007374208948879716,0.003583704205515539,13.886063145794386,0.0087109343290851
2024-02-13,CLX,0.004176718080574849,0.0022669415171156907,0.0018486535904767335,-0.004497932966938579,13.69221347284086,0.0071759071353194
2024-02-14,CLX,-0.002281967812061759,-0.008119765702499194,-0.0032373994410843953,-0.005568733467259972,13.672680062391652,0.0070370971669778
2024-02-15,CLX,-0.001829427098570158,0.0008473863285142454,0.0041604270798555505,0.003934026673165709,13.497233186293498,0.0059047000568227
2024-02-16,CLX,-0.0012433160595570444,-0.0024794280393653063,-0.006280518071694018,-0.011584423417804827,13.88438435569556,0.0086963227534702
2024-02-20,CLX,-0.004593704254229592,0.006706463571924338,0.00700519842383515,0.007847393624640694,13.41398916318593,0.0054330708661417
2024-02-21,CLX,0.0063600681033898305,-0.001688695983365457,-0.00177967274811464,0.002820466679488262,13.439362960853341,0.0055726925886841
2024-02-22,CLX,-0.006294256519529403,-0.0032553583169792426,-0.007948029133549544,-0.0004584935177057809,13.826649291298292,0.0082084584787726
2024-02-23,CLX,0.005051647128121188,0.00013039191897439074,0.01137272642403571,0.0015713832212933673,13.79887393358755,0.0079836025651432
2024-02-26,CLX,0.0012425282326824626,-0.0006524025364490107,-0.0074571792475078445,-0.012045664726081899,13.831680123086802,0.0082498579430148
2024-02-27,CLX,-0.01753836862668837,-0.007794619009023334,-0.00858133525678532,0.005810728595286129,13.713589675535365,0.0073309521876775
2024-02-28,CLX,0.007818118325419492,0.010986749451576884,0.011755716370446496,0.010413498990739227,13.57940967178853,0.0064104229239386
2024-02-29,CLX,0.013373790975235745,0.0015598886023650768,0.0069091731009450555,-0.0011081437673190087,14.825073394177178,0.0222777822875233
2024-03-01,CLX,-0.008830232437924877,-0.007038232547883711,-0.014198714622400624,-0.008055357782328734,13.97831029803107,0.0095527234353437
2024-03-04,CLX,-0.0038838056179386197,-0.0036689651163326724,0.0036514016554580367,-0.007524260829852633,13.974308422880432,0.0095145709879048
2024-03-05,CLX,-0.0033692079338159472,-0.00585883945556721,-0.010525524204238858,-0.006913960614825578,13.934271781705325,0.0091411640555239
2024-03-06,CLX,-0.00803963594886619,-0.0001320328663683227,0.00013391011334838103,0.00419407949636379,13.688473460253336,0.0071491192466921
2024-03-07,CLX,0.009758709195983775,0.01598352166332732,0.013039014949235078,0.02129555061958384,13.880081266083838,0.0086589820602321
2024-03-08,CLX,0.017160406858829403,0.015539947744258216,0.013914450094985405,0.012216002208530492,13.70402129987327,0.0072611413264063
2024-03-11,CLX,0.01296828013750986,0.005551178896206909,0.009729570031466498,-0.0007713011551659002,13.378865879879848,0.0052455556457504
2024-03-12,CLX,-0.0035961155005108996,-0.0006364646163187133,0.0010967981047842097,0.009534042994683155,13.573440270649085,0.0063722704764997
2024-03-13,CLX,0.012911771895037583,0.005080778020122952,0.0067475591003501425,-0.0027419473155042458,13.779677141438766,0.0078318045295884
2024-03-14,CLX,-0.01014922814513946,-0.010187339657105268,-0.03426820846080726,-0.03205364803730688,14.07772173379122,0.0105511811023622
2024-03-15,CLX,-0.038120462168859635,-0.032124450708173935,-0.006583211037453417,-0.009939828213914342,14.459205380152595,0.0154517412127607
2024-03-18,CLX,-0.001600770714839153,-0.004304827210234438,-0.00844164036124153,-0.008762269903714807,14.241432327807471,0.0124279568146765
2024-03-19,CLX,-0.004482668652019247,0.019845581130674004,0.0033583937903789007,0.03134754340450753,14.008772879062626,0.0098482019644451
2024-03-20,CLX,0.029468396531577314,0.0006505367554033469,0.007282600331419104,-0.02038986981951727,14.132436577270601,0.0111445734231674
2024-03-21,CLX,-0.02365158920557855,-0.024952890417212086,-0.02555363855307848,-0.018984507586212254,14.542769751384725,0.0167984414319344
2024-03-22,CLX,-0.0219729598608835,0.006710712830131203,-0.004997772778077331,0.020710460690168894,14.534082278312468,0.0166531374299862
2024-03-25,CLX,0.027888876340348565,0.01139127859316996,0.02808527881815708,-0.001526704917065847,14.051373671575362,0.0102768081824823
2024-03-26,CLX,0.004232480965590117,-0.004527776876340402,0.00013333893699837718,-0.003927570100099943,13.968918962373284,0.0094634304732527
2024-03-27,CLX,-0.0013207934287499908,0.005640031640165969,0.009033538299441158,0.018568624633285763,13.81370993782039,0.0081029304326649
2024-03-28,CLX,0.014823844177727905,0.006258569758703722,0.006656478951204164,0.0024195042712604233,13.943904652239762,0.0092296452634142
2024-04-01,CLX,-0.005942551339612721,-0.006716500379108629,-0.008178462916706038,-0.009581468077628916,13.731368877635438,0.0074624563682117
2024-04-02,CLX,-0.01770880899586026,-0.01178059376810998,-0.017301021417704066,-0.019576971225363664,14.019757487435387,0.0099569770273561
2024-04-03,CLX,-0.01166791821717851,-0.01736282368263012,-0.017125905981800724,-0.012722754701162917,13.993239082918015,0.0096964039288903
2024-04-04,CLX,-0.004868016311760985,-0.003238465973004075,0.0009593187081315506,-0.0019086235493408449,13.793061451830189,0.007937332575696
2024-04-05,CLX,-0.011109256066594804,-0.008006605023060146,-0.011017155781430496,-0.004171087404782036,13.514541942353405,0.0060077928403279
2024-04-08,CLX,-0.0033639634504517946,0.002585380796492669,-0.0008312035782043454,-0.010954686381139382,13.887366925729696,0.0087222988878967
2024-04-09,CLX,-0.007454536393320626,-0.017340520345804668,-0.008559863377578518,-0.002288783940847722,14.1946323751953,0.0118597288740969
2024-04-10,CLX,-0.005836575812795849,0.002209987446153196,-0.003079966652071033,0.0024271975939818896,13.829907423954765,0.0082352463673999
2024-04-11,CLX,0.0118459938909142,0.008312439076714546,0.009003062423665465,0.002974098519460965,13.653345683428702,0.0069023459696403
2024-04-12,CLX,-0.006771695086607605,-0.01121397225063052,-0.014979873269782932,-0.019667224789300147,13.462259744992236,0.0057017615066157
2024-04-15,CLX,-0.00947441647432453,-0.009663540699937455,-0.014993292945009718,-0.010265482294932382,13.911366952202695,0.0089341667343128
2024-04-16,CLX,-0.014594504122393284,-0.0018877154248092744,0.007418191628111546,0.013780750748488226,13.867344656091117,0.0085493952431203
2024-04-17,CLX,0.011861168522603088,0.00020996074252565265,-7.100166367372515e-05,-0.0009830479258448924,13.640205527674572,0.0068122412533484
2024-04-18,CLX,0.0037829230733404,0.0037017807732252477,0.01130669860057555,0.006023718647097739,13.541206598169632,0.0061701436804935
2024-04-19,CLX,-0.003291679002399864,0.0011844447293203465,-0.006415054518431013,0.00244118933489097,13.920321822811486,0.0090145304001948
2024-04-22,CLX,0.012825171610493383,0.015546006039482169,0.01055237254792772,0.01101540243994248,14.073172244160999,0.0105032876045133
2024-04-23,CLX,0.013483078601758158,0.0133628260588159,0.017497134441813805,0.01400459657350703,14.182859036527809,0.0117209189057553
2024-04-24,CLX,0.000963982803806582,0.011731568591603516,0.005048780358981955,0.01232340959301357,13.912638176135601,0.0089455312931244
2024-04-25,CLX,0.01652043000556529,0.0024242520292476347,0.014043920045602216,-0.0018963297396892313,13.9528356205147,0.0093124441918986
2024-04-26,CLX,-0.002915597400607025,-0.0012787541601008325,-0.004978422944611227,-0.006939398855442653,13.990976166361621,0.0096744865654679
2024-04-29,CLX,-0.003741655218613029,0.0031599870454621652,0.003071752422121615,0.016520359212666497,14.32226852000006,0.0134743079795437
2024-04-30,CLX,0.01340488734195233,-0.001814047415732555,-0.0008181145148855772,-0.0070756891176768835,14.39481748238717,0.0144881889763779
2024-05-01,CLX,-0.061431930433380307,-0.044837007165122775,-0.0702849465871558,-0.05733735765022013,15.294748892538067,0.0356327623995454
2024-05-02,CLX,-0.0005006511294588678,-0.006987301149256886,0.011134251872278702,0.00028637180936321935,14.535981520696296,0.0166847958438184
2024-05-03,CLX,-0.0019337578495882953,-0.008607107620013484,7.232338028579994e-05,-0.010363664686295902,14.526596374766005,0.0165289390372595
2024-05-06,CLX,-0.005030382136539995,-0.0037215057392579578,-0.005660234422320226,0.007567502193083005,14.042009274411742,0.0101810211867846
2024-05-07,CLX,0.008679691052472125,0.015228306144948679,0.015095368982924814,0.01347848994614563,13.959092152692289,0.0093708904943583
2024-05-08,CLX,0.0133383024188627,0.005704029180020761,0.004648639396469118,-0.005326899779310019,13.971831167504527,0.0094910301160808
2024-05-09,CLX,-0.008137890664111773,-0.0023903425244706194,0.0012123057440407209,0.00808567866610478,13.612660934806836,0.0066271612955597
2024-05-10,CLX,0.003971142465738448,0.011477568113261942,0.006959817214308709,0.012565683422793857,14.030461440831338,0.0100641285818654
2024-05-13,CLX,0.015170963997109392,0.002501894394427894,-0.0009205085752109825,-0.014545528904307898,13.511158306971975,0.0059874989853072
2024-05-14,CLX,-0.016020769040703296,-0.01665784523612337,-0.023726234672287246,-0.019512526511530053,14.049476139299435,0.0102573260816624
2024-05-15,CLX,-0.019165374462978436,-0.0178017460289786,-0.00021770689524211633,-0.0010110519699940224,14.068990085170492,0.0104594528776686
2024-05-16,CLX,0.0029560536169653527,-0.0006466694995131901,-0.006843264370624418,-0.010458277236222389,14.162428759310421,0.0114838866791135
2024-05-17,CLX,-0.012605214677295896,-0.013972089712831388,-0.014569728599497081,-0.009905077453194315,14.077875591662238,0.0105528046107638
2024-05-20,CLX,-0.012175603606815718,-0.00952249110562641,-0.001112521082733448,-0.005842064288567255,13.910366998480859,0.0089252374381037
2024-05-21,CLX,-0.004141141906817377,-0.002210405141369641,-0.008720058146295132,-0.00349203089888698,14.2858897416806,0.0129929377384527
2024-05-22,CLX,-0.007437667490731482,-0.0075521901110411965,-0.001798008038513539,-0.0023844803546881265,13.577635275599777,0.006399058365127
2024-05-23,CLX,-0.005089606981946726,-0.007684799926356182,-0.017551212522847474,-0.020729858396707268,13.933294482509151,0.0091322347593148
2024-05-24,CLX,-0.012002316666927575,-0.011752234437831143,-0.0013744400030167457,0.001826567067542125,13.599467984921276,0.0065403035960711
2024-05-28,CLX,-0.005101124622122723,-0.003492103171546855,-0.01773377572047641,-0.020430904339973785,14.042248441918627,0.0101834564493871
2024-05-29,CLX,-0.020668542376069143,-0.021211955989223423,-0.007417612163897238,-0.005134523144613332,14.142077469862386,0.0112525367318775
2024-05-30,CLX,0.002335056757767184,0.003489336808575867,0.0013314256092923945,0.006297905519736375,13.779366148134018,0.0078293692669859
2024-05-31,CLX,0.003956944375814867,0.018710751616825203,0.007951338398786914,0.01949550449921586,14.435388414606736,0.0150880753307898
2024-06-03,CLX,0.014834620402339753,0.010955586739753116,0.013113634159082307,-0.003502450074936975,13.864872939338591,0.0085282896338988
2024-06-04,CLX,0.0033512266683592066,0.0018018050634243995,0.004129619325771933,0.010244716947493609,13.830597180409411,0.0082409286468057
2024-06-05,CLX,0.005233024231117892,-0.007453519272808548,-0.0014511481374473432,-0.004616181811138599,13.607379995645191,0.0065922558649241
2024-06-06,CLX,-0.005309080739459466,0.005576515949908941,0.0037380508344049385,0.0045406647047672825,13.56087762954754,0.0062927185648185
2024-06-07,CLX,0.005611690163716644,0.006964486084331305,0.006905288242072745,0.003993863665218552,13.953009942685174,0.0093140677003003
2024-06-10,CLX,-0.002801931479933535,-0.013750829254929698,-0.017776552074841263,-0.009445069493280809,13.844779026801017,0.0083586330059258
2024-06-11,CLX,-0.0025816033309943517,0.0017386337491668363,-0.0011553879021377637,0.0037887396234745924,13.509394281497947,0.0059769461806964
2024-06-12,CLX,0.007725018650226342,0.0011323744462712491,0.005916544106598271,-0.009651647397194388,13.791526219488563,0.0079251562626836
2024-06-13,CLX,-0.008713998478781463,0.006167125943876715,0.002906913796538952,0.014103867059576418,13.815111478342594,0.0081142949914765
2024-06-14,CLX,0.006296698082181311,0.0035925909676502057,0.003735926859256673,0.006678903677921284,13.366565237904366,0.005181427063885
2024-06-17,CLX,0.00745912934381474,0.034439250020470887,0.013755868001098077,0.03136539690509411,14.480567372602136,0.015785372189301
2024-06-18,CLX,0.03452695931500717,0.002451366861955327,0.026006365849759957,0.0048448369625255705,13.959871474046777,0.0093781962821657
2024-06-20,CLX,0.0014493082826223505,-0.0007204051852578059,-0.009553355277658514,-0.021067272818460575,14.44342617728983,0.015209838460914
2024-06-21,CLX,-0.012973088365412982,-0.009411616333729651,0.00022149520120354942,0.006608293266557125,15.305354020120687,0.0360126633655329
2024-06-24,CLX,-0.0038217563227005637,0.002760383869560632,-0.00022147287476300022,-0.0038127889226834055,14.188659753158628,0.0117891062586248
2024-06-25,CLX,0.008797588003639365,-0.003997656558871822,-0.010316735032937792,-0.012939761440012914,13.840984328785728,0.0083269745920935
2024-06-26,CLX,-0.027378665307885516,-0.006576031760370277,-0.006812071218052785,0.0068234308824349004,13.987024758430286,0.009636334118029
2024-06-27,CLX,0.013487107880492056,0.006430436625082206,0.012614570600098926,0.009636510798585676,13.794798537295257,0.0079511323971101
2024-06-28,CLX,0.007741398560209552,-0.0008744360363594951,0.008199356542496641,-0.0009521997946639783,14.326776684694586,0.0135351895446058
2024-07-01,CLX,0.006004223064112189,0.0033479575331939173,-0.015793806756940382,-0.01647551935005227,13.698977865303197,0.0072246123873691
2024-07-02,CLX,-0.01856809975819311,-0.021518907860704456,-0.004119115608329301,-0.005153329384147433,13.713589675535365,0.0073309521876775
2024-07-03,CLX,-0.00679087163230821,-0.0034953731565794035,-0.006474982773003964,-0.008195225730552189,13.214944381849817,0.0044524717915415
2024-07-05,CLX,-0.008195150144869861,-0.00605263259343918,-0.009791621494153638,0.0057211909245870485,13.844293331017703,0.0083545742349216
2024-07-08,CLX,0.006321401272426157,0.0022459520600033736,0.0049456650323207165,-0.0027812730626782327,13.915356797910956,0.0089698839191492
2024-07-09,CLX,-0.008891677761458258,-0.010902741589754694,-0.002888446356524538,-0.007555750306149061,13.919781380121735,0.0090096598749898
2024-07-10,CLX,-0.0024249637515695267,0.018575844040839076,0.003040233258512783,0.021236535410586645,13.989548735435703,0.0096606867440539
2024-07-11,CLX,0.023989211358582167,0.009748381383523012,0.01864580055120893,0.001187401439460629,13.867249702945676,0.0085485834889195
2024-07-12,CLX,0.004065792166203389,0.008925887123157622,0.00963683721565874,0.01150280960131207,13.507218892707211,0.0059639581134832
2024-07-15,CLX,0.0035349782916566826,-0.007750689512184287,-0.01105301966138678,-0.01663303320957915,13.744552542560509,0.0075614903807127
2024-07-16,CLX,-0.01406616142362932,0.0008803155696833609,0.00037268448580861157,0.012666180812071161,13.828131576779157,0.008220634791785
2024-07-17,CLX,0.014286570939218333,0.009053207051920928,0.012670309621075938,0.009814884076477052,13.972771538644249,0.0094999594122899
2024-07-18,CLX,0.0067389916962138025,0.008755888325977177,0.0025735981682578042,-0.0065079672864219815,13.717126759429664,0.007356928322104
2024-07-19,CLX,0.004951881971787932,-0.008247289508284537,-0.011225440782431532,-0.008620535086108973,13.62556118319494,0.0067132072408474
2024-07-22,CLX,-0.015815160954044127,-0.01330910566975423,-0.032302147408686976,-0.01573651378893924,14.219975833072633,0.0121641366994074
2024-07-23,CLX,-0.023295090639380657,-0.02195604374875871,0.007336667423052747,-0.0035393647139468913,13.888111180351215,0.0087287929215033
2024-07-24,CLX,0.00211294021707674,0.006525454608604104,0.0017498093140697877,0.0018089654115341712,13.551025345876688,0.0062310252455556
2024-07-25,CLX,0.003611635072305278,0.012038492065511648,0.010810901153333722,0.004132961562898876,13.895708022893057,0.0087953567659712
2024-07-26,CLX,0.006886285109131225,-0.000591073436798373,0.003527923030398906,0.009404460770443773,14.18900397515492,0.011793165029629
2024-07-29,CLX,0.002681711035135038,-0.0013313805358251341,-0.010091353382767376,-0.005363209605816575,14.275843198587168,0.0128630570663203
2024-07-30,CLX,-0.01892514357806545,-0.020788839558342116,-0.02242629980277098,-0.016264166050012595,14.231850322080707,0.0123094407013556
2024-07-31,CLX,0.004614009625888549,0.005801467985823535,0.010395384159085922,0.0015170328249871341,14.383321813977666,0.014322591119409
2024-08-01,CLX,0.0006791592037641834,0.015357481549485637,0.0031360141176921983,0.01661271098604881,14.781429578873547,0.0213264063641529
2024-08-02,CLX,0.06848991214729004,0.0702004887984677,0.05857868838878354,0.07155403113524911,14.880876597440501,0.0235562951538274
2024-08-05,CLX,0.013430514316364564,0.003992028845263663,0.02158740160815249,-0.00990382563881099,14.54523120079881,0.0168398408961766
2024-08-06,CLX,-0.006692677389067282,-0.010218249190121462,-0.001834302859092884,0.003917423385930307,14.495421018404684,0.016021592661742
2024-08-07,CLX,0.0018867090541997498,0.018699778112975844,0.011304247123269969,0.003971693453009212,14.19230249154687,0.0118321292312687
2024-08-08,CLX,0.00013969891828963794,-0.011026336504278377,-0.00258652267735741,0.0036789338427140415,13.67751320778015,0.0070711908434126
2024-08-09,CLX,0.0023009947558801755,-0.008506678961509037,-0.011050699290294086,-0.009048000684303377,13.911730323969618,0.0089374137511161
2024-08-12,CLX,-0.007129375362304677,-0.008019184730960664,-0.0024092104087464687,-0.008707285591677648,13.858475215342095,0.0084739021024433
2024-08-13,CLX,-0.003795002392380425,0.006142323477152514,0.0009219438051104223,0.012893561408006975,13.870851599160298,0.008579430148551
2024-08-14,CLX,0.011763964521035621,0.016362511172780075,0.013973364299608567,0.01470763176653327,13.636385088238372,0.0067862651189219
2024-08-15,CLX,0.017532201077726833,0.007977029746890152,0.009821218964200691,0.009709136299324423,13.983818548466521,0.0096054874583975
2024-08-16,CLX,0.00557055304256934,0.005260050903377077,0.0144155835212196,-0.0036385734890005397,13.738738578954775,0.007517655653868
2024-08-19,CLX,-0.0010979395367455497,0.01829581784972649,0.002199416810329675,0.025665064856104657,14.22887835738748,0.0122729117623183
2024-08-20,CLX,0.0232766933141536,0.015598957839687712,0.02132947713723008,0.01437540355880002,14.263588695731281,0.0127063885055605
2024-08-21,CLX,0.019331696927640012,0.0041408431141157775,0.009098901534462795,-0.004768842342287697,13.647329747875256,0.0068609465053981
2024-08-22,CLX,-0.004351883484011354,-0.004799726150909157,0.003390899992067148,0.0033141016945991936,13.913182492084525,0.0089504018183294
2024-08-23,CLX,-0.002183107115646475,0.011597920516526986,0.00013261837952048262,0.012755745416812741,13.757776566746736,0.0076621479016153
2024-08-26,CLX,0.013942107564032517,0.011142954826192014,0.014102520493555388,0.01336904258873264,14.090488017508035,0.0106867440539004
2024-08-27,CLX,0.013621544400189875,0.012039077748092455,0.010544847983344116,0.008793132746365739,13.7509731034928,0.0076101956327624
2024-08-28,CLX,0.012675313390838433,0.0036215716227412558,0.002263555106876372,-0.006732398402521292,14.135200615425434,0.0111754200827989
2024-08-29,CLX,-0.007983383189133872,0.0015210979412528859,5.3907764575847587e-08,0.011640684765067834,13.73202133453934,0.0074673268934166
2024-08-30,CLX,0.00836510084149301,0.007193436406468584,0.015831208114734655,0.006654741724668754,14.040573066901013,0.0101664096111697
2024-09-03,CLX,0.016773158597076447,0.022504891627202678,0.014707483318857961,0.017594209488464515,14.341067737556287,0.0137300105528046
2024-09-04,CLX,0.006730708701511309,0.010578870433338706,0.005062676375837114,0.018813966103776426,14.216231764878687,0.012118678464161
2024-09-05,CLX,0.021506097562240315,0.007936760002670622,0.019631413461168645,0.003890563804983422,14.398229403133143,0.0145377059826284
2024-09-06,CLX,0.0031562293233357375,0.004696062355254168,0.006094701764726381,-0.00042474542830090193,14.265056983225247,0.0127250588521795
2024-09-09,CLX,-0.00522513106641844,-0.00018021068978645762,-0.006094617592958302,0.002727658440917915,14.158604394751478,0.0114400519522688
2024-09-10,CLX,0.006254809490750707,0.007719747635520737,0.005304428012138216,0.010657372692905573,13.932316227264838,0.0091233054631057
2024-09-11,CLX,0.007057753942474162,-0.008320680562884819,-0.01328334651632756,-0.01800870227414433,13.844779026801017,0.0083586330059258
2024-09-12,CLX,-0.01850392182228574,-0.007845112587901746,-0.0009247415552614706,0.005958139317234362,13.679348279019887,0.0070841789106258
2024-09-13,CLX,0.009810339963546159,0.00862631454386525,0.015666484398404734,0.007849415527492711,13.851457649429541,0.0084146440457829
2024-09-16,CLX,0.015522768021179738,0.015495728833940164,0.004603995704127602,-0.0019265654797749512,13.676479498429169,0.0070638850556051
2024-09-17,CLX,-0.016614814603933898,-0.018684230169548493,-0.00618408293573223,-0.0076215562623522465,13.617914132089096,0.0066620667261953
2024-09-18,CLX,-0.00030363926067019276,-0.002111271746014576,-0.016433035915535,-0.007435505093301025,13.674063346320256,0.0070468382173877
2024-09-19,CLX,-0.008537181009440578,-0.012822607246636995,-0.0029099233639203618,-0.00878628512653639,14.152626159010776,0.0113718645993993
2024-09-20,CLX,-0.008240122619452271,0.005306934779935247,0.0013631359535878564,0.00792949897975729,14.827039103388016,0.022321617014368
2024-09-23,CLX,0.003944104031812317,0.008179728784494928,0.000990303017586805,0.009202637700098366,13.7655858003871,0.0077222177124766
2024-09-24,CLX,0.014713807670196076,0.0058961527280995,0.01613773694693376,-0.0015177675948886543,13.6655024524819,0.0069867684065265
2024-09-25,CLX,0.002904880704064551,-0.0042079442632906375,-0.009663562808255841,-0.0098913296978056,13.981280048659029,0.0095811348323727
2024-09-26,CLX,-0.01971203013700698,-0.013463801914401236,-0.012741538791359431,-0.006525564308002366,14.170945433335705,0.0115821089374137
2024-09-27,CLX,-0.0022213029964795825,0.0017691183833420045,0.0058961003915025045,0.009282878939595438,13.378865879879848,0.0052455556457504
2024-09-30,CLX,0.01075190835816378,0.0014617694476572755,0.0014840938853151618,-0.0031255316844879502,13.720651376444932,0.0073829044565305
2024-10-01,CLX,0.01431884251411409,0.01761515572834217,0.011976851760982208,0.01468505387832085,14.283324917506963,0.0129596558162188
2024-10-02,CLX,-0.00573929807465468,-0.010459268127650793,-0.004650839546832101,-0.0037574017996227864,13.652757483409626,0.0068982871986362
2024-10-03,CLX,-0.006382065570143654,-0.00484588611905178,-0.011412534614079897,-0.020425800564873746,13.96969066592995,0.0094707362610601
2024-10-04,CLX,-0.021572392933879032,-0.016283345651021013,-0.009099325297087285,0.0012387882457678275,13.590240998295013,0.0064802337852098
2024-10-07,CLX,0.006149239838938599,-0.0033383133300909037,-0.0003757855306847879,-0.006021763950644788,13.440673098153868,0.0055799983764915
2024-10-08,CLX,-0.012524741209427028,-0.00646088839675968,-0.01654605161511691,-0.005056410058788921,13.736684859434597,0.0075022323240522
2024-10-09,CLX,0.006375356570856378,0.0003115037581889713,0.009884750192831627,-0.0016285167494534878,13.856845380965522,0.0084601022810293
2024-10-10,CLX,-0.005811163358348547,-0.003557732974030907,-0.006642424221413229,-0.009320490800930788,13.693118039948484,0.007182401168926
2024-10-11,CLX,-0.004459385283641029,0.003993899460443218,0.005317497638840279,0.014135663674217197,13.66932920519293,0.0070135562951538
2024-10-14,CLX,0.011017951524332596,0.007260081665997872,0.010113443223824663,0.0075199177966835526,13.806874373242703,0.0080477311470086
2024-10-15,CLX,0.011882744843395611,0.014485850844132484,0.013101262869513257,0.011266826455651906,13.889133626857124,0.0087377222177124
2024-10-16,CLX,-0.004439434814500906,-0.003234959678807594,-0.0031509394988444165,0.0005508213427756597,13.490335665358595,0.0058641123467813
2024-10-17,CLX,0.009838930987705377,0.0017713502677441093,0.0038292821878573202,-0.005029999821286164,13.406189525324992,0.0053908596476986
2024-10-18,CLX,-0.00761676251528148,-0.008703674709495481,-0.009414176532796487,-0.004005251091956172,13.433958734459054,0.0055426576832535
2024-10-21,CLX,-0.0013573149784020066,-0.0016018967331817974,-0.0039904873080918914,-0.009741050314813975,13.581054510971494,0.0064209757285493
2024-10-22,CLX,-0.017439394549877307,-0.013657974140672047,-0.012763819489087253,-0.007635514105635804,13.678201754182673,0.0070760613686175
2024-10-23,CLX,-0.004824177087083615,0.0036229865204243966,0.0017919360564625968,0.0067514380430334295,13.754911998308218,0.007640230538193
2024-10-24,CLX,0.011638403147428564,-0.00018830387430609957,0.007230313122832398,-0.00025163142299403286,13.78670050533976,0.0078870038152447
2024-10-25,CLX,-0.0012584679796261505,-0.003017696712147374,-0.011056884830709598,-0.014509026795707132,13.854828381786778,0.0084430554428119
2024-10-28,CLX,-0.005872916795414856,0.0006294184609975839,0.003317233619565981,0.006552000671674898,13.876324338359685,0.008626511892199
2024-10-29,CLX,-0.008076139151282679,-0.006312368463964509,-0.00510794811339611,-0.005658902057145017,14.109821361751447,0.0108953648835132
2024-10-30,CLX,-0.0012778131322138842,-0.001584374907214547,-0.006035387449748574,-0.0020425976702297217,14.532228258389319,0.0166222907703547
2024-10-31,CLX,0.03400168966785434,0.038264041452046586,0.01932515195638514,0.012950111919545074,15.102730438180096,0.0294074194333955
2024-11-01,CLX,-0.016762019811836906,-0.002199876717396452,0.0028385515679903556,0.028354882253185585,14.64672302500112,0.0186386882052114
2024-11-04,CLX,0.026049505135573373,0.0034809010606880447,0.020387826164348186,-0.0038700088513931434,14.117096275229743,0.0109749167951944
2024-11-05,CLX,-0.012815872802308566,-0.0073425199463186186,-0.008615575520430907,-0.00036924188133535655,13.963931425151141,0.0094163487296046
2024-11-06,CLX,0.023715076011492,0.023008957380304933,0.011512108225870803,0.0017223730472872782,14.364268180232033,0.0140522769705333
2024-11-07,CLX,-0.01371929990353232,-0.015666401958500352,-0.004687851338449977,0.000430200984569619,13.810197468468239,0.008074519035636
2024-11-08,CLX,0.0014110652354390328,0.011456407970674046,0.007514676495094029,0.014576540546798586,14.059398253992319,0.0103596071109668
2024-11-11,CLX,0.011520637212185231,0.009955113545649272,0.010863680619025677,-0.0006662595223829239,14.076027732996502,0.0105333225099439
2024-11-12,CLX,0.005801423856883025,-0.008268934214138223,-0.007066266519019703,-0.0015765196703542365,14.154979015714298,0.0113986524880266
2024-11-13,CLX,-0.006953580587597861,-0.001083600398711475,0.005851457335631532,0.0034529986830502016,13.68585848817027,0.007130448900073
2024-11-14,CLX,0.0033315920003690208,0.0005418877843001205,0.0015789284248339888,0.0023556633698499706,13.560619598657233,0.0062910950564169
2024-11-15,CLX,0.005788806776876569,0.014819525183128748,0.005687730825608762,0.011338228604822942,14.12417177123106,0.0110528451984739
2024-11-18,CLX,0.006532215633582918,0.003670864569992492,0.007872846424599832,0.008671460500091778,14.125932850523105,0.0110723272992937
2024-11-19,CLX,0.006193015435720619,-0.00059121338482016,0.0013160907975683458,-0.005693350918879171,14.140489137702843,0.0112346781394593
2024-11-20,CLX,-0.0020798853744490604,-0.0043854950635661945,-0.0032935433413339363,-0.000535400108188276,13.94566212039206,0.0092458803474307
2024-11-21,CLX,0.001486141747421137,0.0049767136978636425,0.0002398907940062006,0.0065243234211578025,14.012803646638375,0.0098879779202857
2024-11-22,CLX,0.009576794023051846,0.012567714996448367,0.01346147413604019,0.0008864658354828405,13.810599518526876,0.0080777660524393
2024-11-25,CLX,0.00017649748409099067,-0.0014016373249292231,-0.019777744731749945,-0.017758601073200653,14.3447266359086,0.0137803393132559
2024-11-26,CLX,-0.01906300440566153,-0.019057223751431814,-0.0003622844484795289,0.006173713351164682,13.758623754293767,0.007668641935222
2024-11-27,CLX,0.008061442151901292,0.003686258152327332,0.00523833199450368,-0.0011959118675522154,13.938702052614211,0.0091817517655653
2024-11-29,CLX,-0.010462532765652443,-0.006071831599488546,-0.003007156670352201,0.00011967396264384919,13.05065467853732,0.0037779040506534
2024-12-02,CLX,0.004676838642784663,-0.0018526502386648803,-0.007132986866322089,-0.0037757496267473625,13.699427202033586,0.0072278594041724
2024-12-03,CLX,-0.006180375063567684,0.007212181107510532,0.0018789005854360412,0.00353657138317347,13.850009564461608,0.0084024677327705
2024-12-04,CLX,-0.0001806248347815592,-0.004881922674733406,-0.00012108810993131942,0.002390405227535574,13.638177736710496,0.0067984414319344
2024-12-05,CLX,0.011313740498947494,0.015515160147902584,0.014787410773836903,0.013105438757844883,13.88643582783291,0.0087141813458884
2024-12-06,CLX,0.009891425914256817,0.006968317851135441,-0.004545115647502738,-0.016453681977450212,14.011982359487485,0.0098798603782774
2024-12-09,CLX,-0.020362725532777872,-0.017067275341769807,-0.005710717834914252,0.0025719169171766966,13.961946699975083,0.0093976783829856
2024-12-10,CLX,0.004740615897474867,0.006744018770710739,0.0012651541803054248,0.0015520503898147982,13.794492211981508,0.0079486971345076
2024-12-11,CLX,0.00596875780097907,-0.0027158123841566177,-0.010531434859548282,-0.0180553609865922,14.03102588824023,0.0100698108612712
2024-12-12,CLX,-0.014083420679393936,-0.018858282119980502,-0.002497816778758671,-6.079400615931893e-05,13.843418483695658,0.0083472684471142
2024-12-13,CLX,-0.004476271656387891,-0.00024112240899033273,-0.00036610315711880104,0.0015171572854992604,13.531821834802397,0.0061125091322347
2024-12-16,CLX,-0.00018184709445521623,0.00240755472194197,0.001280588338664801,-0.0029758269120694807,14.11494900266153,0.0109513759233704
2024-12-17,CLX,-0.007547276035917576,-0.0074216231894267,-0.006542153350894867,-0.006651855755880444,13.906539769303295,0.0088911437616689
2024-12-18,CLX,-0.005820902843659996,-0.011941120632789216,-0.015205234397142005,-0.009845063781512531,14.044716495822158,0.0102086208296127
2024-12-19,CLX,-0.011122908985724034,0.011032317806444028,-0.0012463895887538745,0.014792382286007075,14.126226062449255,0.011075574316097
2024-12-20,CLX,0.021637148732848138,0.00018186428691630905,0.015838016934506552,0.0018869873566743508,15.206941951908382,0.0326373893984901
2024-12-23,CLX,-0.0027401005223917792,-0.00595705051278518,-0.012600469995069648,-0.008243577931056493,13.549069293816682,0.0062188489325432
2024-12-24,CLX,-0.006116280477439658,-0.0029308834362168894,0.007801326520162685,0.0020824926150341742,12.897721203716351,0.0032421462781069
2024-12-26,CLX,6.516158200548767e-08,0.005184147289708406,0.005044722484399258,0.003298837578699,13.306518252642572,0.004879454501177
2024-12-27,CLX,0.002512179311051375,0.0001216581320052575,-0.004551389307282341,-0.005933313256125385,13.298165394777488,0.0048388667911356
2024-12-30,CLX,-0.0052767385803127054,-0.011377666403096736,-0.011594483594559944,-0.009740549884202572,13.548155158479288,0.0062131666531374
2024-12-31,CLX,-0.006170929163029703,0.0004920716403923362,0.006340895692063379,0.006114397382414112,13.610576453743665,0.0066133614741456
2025-01-02,CLX,0.005186064231390029,0.0029470412774278516,0.0008052376418802086,-0.0035776822176434332,13.479059721114085,0.0057983602565143
2025-01-03,CLX,0.00012321249348615863,6.130624130091287e-05,-0.006585053067045664,0.006528743255893919,13.416823924002916,0.0054484941959574
2025-01-06,CLX,-0.007106067032016954,-0.008619621501324684,-0.023267854095578102,-0.03307839971654045,14.372380293231657,0.01416673431285
2025-01-07,CLX,-0.019474053732465073,-0.009818053185756667,0.008891701947359073,0.013300306017818566,14.035690522189176,0.0101168926049192
2025-01-08,CLX,0.00975314332904588,0.005914781819281623,0.005423165995671643,0.005806596231756367,13.865539002766742,0.0085339719133046
2025-01-10,CLX,-0.004455685030357981,-0.009355179442151054,-0.01195723587878364,-0.01923375414098974,13.681294359485166,0.0070979787320399
2025-01-13,CLX,-0.005423844051845798,-0.007673979546700366,-0.0053605639078713385,-0.0006348915265288295,13.865348744195257,0.0085323484049029
2025-01-14,CLX,-0.001139003452892035,0.0064199876634527826,0.008854966294057439,0.009857883341349847,13.504902345124338,0.0059501582920691
2025-01-15,CLX,0.009075524203373207,0.0038197967609269862,-0.0021587009167780523,-0.0046008629978448,13.308346555606272,0.0048883837973861
2025-01-16,CLX,-0.009012168599826483,0.005174080438561052,0.0031729719014238957,0.013615008432832634,13.677627998442286,0.0070720025976134
2025-01-17,CLX,0.01351918050098008,0.003847537006489815,0.01315513932704504,-0.0011847620694609203,13.751079764357218,0.0076110073869632
2025-01-21,CLX,0.007838812652656539,0.0040180488762361615,-0.003758813673212864,-0.0018108697529106244,14.26058156144378,0.0126682360581216
2025-01-22,CLX,0.003093619851715044,-0.0014200118479238638,-0.0038992552169127615,-0.007906788181780937,13.732890615405466,0.0074738209270232
2025-01-23,CLX,-0.018958989508884,-0.004333751710728494,-0.0030922365087327633,0.01308121889184599,13.77822501116817,0.0078204399707768
2025-01-24,CLX,0.014935442242619598,0.0008682693721727124,0.004225926323131037,-0.009684868383039962,13.762532687580254,0.0076986768406526
2025-01-27,CLX,0.005443484143492617,0.017878952535357172,0.018149842666456344,0.02013851962314809,14.034004114792037,0.0100998457667018
2025-01-28,CLX,-0.001790659596765151,-0.011760491916214094,-0.0168919101960285,-0.01869556783697809,14.04431883438427,0.0102045620586086
2025-01-29,CLX,-0.01621270424981533,-0.014626528676273759,-0.009439944509399036,-0.002973846515422679,13.856557487184823,0.0084576670184268
2025-01-30,CLX,0.008320199606106901,0.01488367684194648,0.009609610247732386,0.016590586246373915,13.948730277023637,0.0092742917444597
2025-01-31,CLX,-0.003836365957290382,-0.005664702115348194,0.0009495388929923378,-0.011092799046908594,14.384058336638354,0.0143331439240198
2025-02-03,CLX,-6.297934313282233e-05,0.00783485234801607,0.0015174857438079226,0.006908311925031837,14.770983925343689,0.0211047974673268
2025-02-04,CLX,-0.03000002654587334,-0.03453178941183959,-0.0662753092479392,-0.07516762914548299,15.354590596290516,0.0378301810211867
2025-02-05,CLX,-0.03354336570467233,-0.04276869807269361,-0.020047053246135715,-0.015366155878001504,14.850153407981098,0.0228435749655004
2025-02-06,CLX,-0.01324875011709043,-0.005165918508541452,0.003231917620411439,0.011241877127591213,14.295279476191512,0.0131155126227778
2025-02-07,CLX,0.006037800988429017,-0.0009421224861455875,0.008681069108240706,0.0055401266869034155,13.88690148514921,0.0087182401168926
2025-02-10,CLX,-6.770445768317924e-05,-0.00114519308749852,-0.007789048974399886,-0.008661569848989102,14.198048843556741,0.0119003165841383
2025-02-11,CLX,-0.0040666373042398205,0.0011451930874985872,-0.0008920201338408106,0.008257246379362673,13.935070680332966,0.0091484698433314
2025-02-12,CLX,0.0015608277221140635,0.006041056916042262,0.008068369757921256,0.00195275164908492,13.644367488421661,0.0068406526503774
2025-02-13,CLX,0.010187266529559601,0.009391641373130175,0.011039392164608855,0.014161016743968396,13.952312471599768,0.0093075736666937
2025-02-14,CLX,0.007023225892482396,0.0007952974227207222,-0.004861269567580793,-0.019083950428246302,14.091702622368048,0.0106997321211137
2025-02-18,CLX,-0.016532576855005435,-0.015622265659792347,-0.005769614655155753,0.0027005764985512395,14.058457520888082,0.0103498660605568
2025-02-19,CLX,0.011320063165188559,0.01668151100744504,0.011707987381883977,0.018503510315077645,13.804450621726684,0.0080282490461888
2025-02-20,CLX,0.0039452814229894335,0.017123598250104215,0.008108004682764954,0.013019719438617959,14.13918771412347,0.0112200665638444
2025-02-21,CLX,0.023937082445320598,0.026130638618648203,0.02178449800369755,0.026941514628116017,14.681013551846233,0.0192889033200746
2025-02-24,CLX,0.01718390868642547,-0.006038454201416565,0.003845257433130193,-0.01654309236896207,14.342308541732852,0.0137470573910219
2025-02-25,CLX,-0.003850393619644819,0.013865727143543059,0.011447942486760176,0.015079409768182006,14.10631350541557,0.0108572124360743
2025-02-26,CLX,0.006792269962938543,-0.006687285001346052,-0.022896826489644983,-0.023976407194905746,14.134910023553134,0.0111721730659956
2025-02-27,CLX,-0.026531845020710248,-0.01839830615733332,-0.004550424750369592,0.007020321365373287,14.413413106571587,0.0147601266336553
2025-02-28,CLX,0.02256463274022896,0.01217569581368401,0.015673990422132224,0.012935756395133603,14.219975833072633,0.0121641366994074
2025-03-03,CLX,-0.0062385719710125334,0.0055260732660021945,0.004609393899118383,-0.0032022571360523647,14.29186957388869,0.0130708661417322
2025-03-04,CLX,0.014284557389618703,0.0065661486554132835,-0.024655333569865347,-0.03339510128088544,14.58950058753774,0.0176020780907541
2025-03-05,CLX,-0.04208683870157044,-0.04176374534395324,-0.007797687707687092,-0.0067215490789334234,14.487894159661943,0.0159014530400194
2025-03-06,CLX,-0.0075241217977945534,-0.01374139210579278,-0.01863917907674849,-0.009324854996500194,14.456522510862928,0.0154103417485185
