Date,Stock,Open,High,Low,Close,Volume,Turnover
2020-03-13,DIS,0.03185750507364154,0.028295908382578398,0.006634444523847985,0.11033668371620986,17.5281090045128,0.0226575548529213
2020-03-16,DIS,-0.09332757127754533,-0.04564553761781062,-0.024692603598011634,-0.07607568805639989,17.381643142582885,0.0195705811733596
2020-03-17,DIS,0.04265036983491395,-0.008378523338246143,0.01269683140729642,-0.015699960435345352,17.130648872681977,0.0152264371032415
2020-03-18,DIS,-0.08959595848394776,-0.0869927891051592,-0.14217302165865364,-0.05189557904717939,17.59039569811351,0.0241136974745172
2020-03-19,DIS,0.004669994220119905,0.08637692548856409,0.07361098654416079,0.06675307085092266,17.245191762990665,0.0170743287768865
2020-03-20,DIS,0.08690716586276798,-0.004218384714163111,0.00854049422045607,-0.09902504777687833,17.279926871739246,0.0176778280931611
2020-03-23,DIS,-0.1276108278140436,-0.10548652041567252,-0.05692544143923093,-0.0025620174536747932,17.288923200302737,0.0178375811660667
2020-03-24,DIS,0.08873600592479805,0.1277142323850351,0.12405275626413205,0.13463855434001984,17.297922299109377,0.0179988277753188
2020-03-25,DIS,0.08637937075646886,0.06584851281075893,0.03961861418666191,0.026252424541731108,17.16657190517977,0.0157833602119722
2020-03-26,DIS,0.001687448462817304,0.016944090792236008,0.05390744712649904,0.04493939757445663,17.01501194465025,0.0135636886203912
2020-03-27,DIS,-0.003775899788893189,-0.05966788975870113,-0.05359338047219461,-0.08887685788694441,17.23623278324626,0.0169220433857129
2020-03-30,DIS,-0.04531185638500587,-0.010200608176264303,-0.03667007782361084,0.03466200947827054,16.95617404234775,0.0127886538889226
2020-03-31,DIS,0.043019568200220015,0.026521565260155342,0.043138560133011115,-0.03258951051728598,16.886498762372337,0.0119279344240984
2020-04-01,DIS,-0.06940635324356652,-0.05745499802425624,-0.038156460187842696,-0.01754432097196079,16.72262476449319,0.0101250147893287
2020-04-02,DIS,0.007458705204134239,-0.0014384070617974077,0.017563084989826977,0.021367244940896767,16.45002192748564,0.0077091367747573
2020-04-03,DIS,0.022152034573599756,-0.0035018963478483677,-0.015943763905997825,-0.03238426964237845,16.51112380646378,0.0081948679843088
2020-04-06,DIS,0.009815689819790908,0.03318252368638894,0.01933507816274373,0.05894401097864084,16.83140818713822,0.0112885902355098
2020-04-07,DIS,0.0752382368622319,0.05533233687638608,0.0588555802205356,0.01653248581142775,16.94663004479189,0.0126671795994139
2020-04-08,DIS,-0.042169871118901005,-0.03400243290802504,-0.0160887346789876,-0.001680487937679996,16.9317998383787,0.0124807088207557
2020-04-09,DIS,0.07093395264985569,0.053640249255854075,0.04828310204276727,0.03337366432953142,17.264024033761277,0.0173989240095079
2020-04-13,DIS,-0.030195539386594687,-0.029317056436047803,-0.03859880671250582,-0.009615418709228383,16.666563877932248,0.0095730148189251
2020-04-14,DIS,0.007516383190616062,0.026070851982145888,0.042166391337137045,0.024150494549882922,16.804565638599918,0.0109896063854214
2020-04-15,DIS,-0.01057711358936291,-0.025975547167418952,-0.011616865818578405,-0.025407290520716466,16.46576221097255,0.0078314408066806
2020-04-16,DIS,-0.008272486659370646,-0.011121861901120142,-0.017781299921840934,-0.013145992633881944,16.707508825709173,0.009973116611282
2020-04-17,DIS,0.025556881096592123,0.02916936268725321,0.03371984790021705,0.044196070052232125,16.701812991825342,0.0099164728624401
2020-04-20,DIS,-0.025073949988806497,-0.018238135740352514,-0.02277777656499933,-0.04184623267874995,16.649958492541064,0.0094153637601366
2020-04-21,DIS,-0.03507415775438459,-0.032468877553694715,-0.028540802375882187,-0.01696302460105645,16.59441684480233,0.0089066763437791
2020-04-22,DIS,0.017739989366648688,0.01097298167561592,0.017598773653524157,0.004465871135889684,16.254704889651414,0.0063413340622439
2020-04-23,DIS,-0.011360967003505158,-0.0009748342746131995,-0.01427526444415891,9.90358005288642e-05,16.656470350079115,0.0094768753311446
2020-04-24,DIS,0.011164357993680875,-0.005967336845351251,0.0006029672505991646,0.001879361099949088,16.426616651796067,0.0075307974717629
2020-04-27,DIS,0.002159232746089415,0.04414458420185888,0.020783394873932225,0.047005015450218006,16.557530595077402,0.0085841278091139
2020-04-28,DIS,0.06444668060031493,0.032692987054011226,0.04210853427122867,0.0014133760596434536,16.61909521674895,0.0091292132593953
2020-04-29,DIS,0.010515337366996601,0.023703724094330383,0.02405254387413847,0.05531024848519467,16.818208564371712,0.0111405641887315
2020-04-30,DIS,-0.0045582919952099005,-0.021434815656465666,-0.015783404334682984,-0.03720934365277539,16.74075067595214,0.0103102132962845
2020-05-01,DIS,-0.028546944825258175,-0.031307209325729494,-0.02261965246338833,-0.024808254348069398,16.396416619678533,0.0073067670198003
2020-05-04,DIS,-0.041758609611997365,-0.029232335463501458,-0.0382447200992751,-0.022235820276359036,16.78668376126072,0.0107948381826164
2020-05-05,DIS,-0.004913595475329752,0.012918143431785054,0.003474732232547096,-0.020760726748823385,17.22235201515724,0.0166887751348669
2020-05-06,DIS,-0.0002955615677341134,0.0008552827740777078,-0.02042522096723518,-0.001782703813038466,17.766608131251612,0.0287601996805434
2020-05-07,DIS,0.003639392591581016,0.0032246558744749264,0.029600092823579498,0.04544260539165679,16.85376582651658,0.0115438190022642
2020-05-08,DIS,0.0683053953485893,0.03324483201828996,0.04606010051416403,0.03344049468456256,16.99687976138428,0.0133199656151203
2020-05-11,DIS,-0.005978435262360533,-0.003394697334887653,-0.0020652981150019343,-0.0128154516402416,16.838658610970576,0.0113707347345627
2020-05-12,DIS,0.006070046202631468,0.005773238829359791,-0.018208257094524758,-0.03023826732051647,16.651643224883138,0.0094312394983374
2020-05-13,DIS,-0.04271110359085765,-0.04580670202366858,-0.028047840359485907,-0.015809084227846364,16.864110433533,0.0116638550715874
2020-05-14,DIS,-0.024410295004083052,0.013114320715304805,-0.019279062670394854,0.028637769666847262,16.906653051772924,0.0121707723707936
2020-05-15,DIS,0.02899308821006724,0.032143906860221255,0.04521917596119226,0.029216758153045856,17.20887739410662,0.0164654084768361
2020-05-18,DIS,0.0865428877390727,0.09082866878271048,0.09332911893323727,0.06908451223961806,17.505504415899544,0.0221511353991638
2020-05-19,DIS,0.005488535099492414,-0.02802295382672705,-0.009215040929497693,-0.021452193895436813,16.827736116427428,0.0112472137470979
2020-05-20,DIS,0.01140302260191863,0.037081869956596236,0.022837239658287396,0.04738600667455651,17.063941340406434,0.0142438561357818
2020-05-21,DIS,0.024772279929096756,-0.004726887609180019,0.003956380499891197,-0.017581840623228245,16.68217580163744,0.0097236407252693
2020-05-22,DIS,-0.015538270669520293,-0.014485220298503297,0.0028285565499626135,0.0016110770740522906,16.04425544295258,0.0051378756639974
2020-05-26,DIS,0.029765337445250964,0.03268913828177132,0.030348733839246408,0.024523101073893307,16.616832559756656,0.0091085803313503
2020-05-27,DIS,0.021493922643273187,0.010313153637553927,-0.005996486259550838,0.0047839679452661744,16.77796527477242,0.010701132605919
2020-05-28,DIS,-0.016960656932025718,-0.014648688669839465,-0.03148197911820844,-0.04012626589841453,16.73899472105674,0.0102921249116446
2020-05-29,DIS,-0.045510172997433845,-0.03529341071281642,-0.016339659914248093,0.004699865906440626,16.691620035790688,0.0098159080817813
2020-06-01,DIS,0.009166919564395274,0.01600710722809815,0.024324930366729065,0.012454052863264162,16.170526892638186,0.0058293829923887
2020-06-02,DIS,0.014729849448912199,0.0016701871329335173,0.007667521594268508,-0.00016831251589600896,16.190704736056162,0.0059482021061703
2020-06-03,DIS,0.00828483962245853,0.021461754887969104,0.012565978384968165,0.02847487136572063,16.347960642696744,0.0069611516460071
2020-06-04,DIS,0.016202723186840816,0.016602969151536116,0.020981822182160267,0.01228309712811611,16.4684074630453,0.0078521843670475
2020-06-05,DIS,0.03512810754879678,0.026317329658693184,0.019746330882894764,0.00909426566480969,16.62380426513264,0.0091723045487974
2020-06-08,DIS,-0.009625798912177116,-0.0029773578060704555,-0.0027394982009635326,0.01951665664729985,16.444380529351882,0.0076657689045502
2020-06-09,DIS,0.004227704164113606,-0.013031775344242671,-0.003475403200468955,-0.02699525195190472,16.202694211111773,0.0060199471669593
2020-06-10,DIS,-0.0128983083064151,-0.013526244220609381,-0.021110340431787777,-0.013898767488321037,16.2576054745977,0.0063597543438497
2020-06-11,DIS,-0.05315371437601304,-0.05040297646066432,-0.07448326270972071,-0.08129840373957488,17.076633320039512,0.0144257909892398
2020-06-12,DIS,-0.020879712025671807,-0.008510660986318279,0.0056853899260778246,0.02498706932035468,16.725788478101702,0.0101570981626962
2020-06-15,DIS,-0.02719642112086092,0.009527087625895863,-0.010507726184208338,0.01367349212859678,16.46567744725736,0.0078307770127488
2020-06-16,DIS,0.07855906778569383,0.02821313423413437,0.0381148912119084,0.011548997965105588,16.376699083122354,0.0071641066406369
2020-06-17,DIS,-0.021678313954492406,-0.018859805877301655,0.009348664363975703,-0.006692367773241129,16.003985972755743,0.0049350866178506
2020-06-18,DIS,-0.014945974171892919,-0.005888371610491223,-0.01038325756653296,0.006101181596080121,16.074906377476292,0.0052977946853861
2020-06-19,DIS,0.026177357529750037,0.013325194456698785,-0.013722644920893553,-0.034551416775333715,16.972353562469717,0.0129972511319722
2020-06-22,DIS,-0.049461331229245904,-0.03326445289244448,-0.010903095304433537,0.013636384972767241,16.370254245053204,0.0071180835947029
2020-06-23,DIS,0.023968214764850778,0.010785857599343687,0.024970721240104035,0.005763169003316112,16.13668195059254,0.0056353892158373
2020-06-24,DIS,-0.009535788540515526,-0.012422532089061205,-0.05257854078105928,-0.03953984026816288,16.917964964753992,0.0123092287217226
2020-06-25,DIS,-0.061040095940774475,-0.03947587250632151,-0.014002845341558302,-0.006355444808385148,16.662766082790103,0.0095367274173233
2020-06-26,DIS,0.017823450947187597,-0.0027839933866877953,-0.004433864517467368,-0.020503378838763405,16.541459680038265,0.0084472756268533
2020-06-29,DIS,-0.0177316904291082,0.003321888711834024,0.0007403956565900111,0.021939087272264873,16.347960642696744,0.0069611516460071
2020-06-30,DIS,0.022676778916362057,0.004293103858143634,0.01678716208247265,-8.955453068279245e-05,16.173142486986183,0.0058446502528187
2020-07-01,DIS,0.011769046967721018,0.031190727817061874,0.02124102863186694,0.013362049401554759,16.29464231511167,0.0065997158501741
2020-07-02,DIS,0.01913853390809011,-0.004334609416089483,-0.0025859162909021073,-0.007371571322787554,16.148818920575554,0.0057042025200945
2020-07-06,DIS,-0.010226021378864683,-0.004964532158208316,0.008003596937224503,0.019858541757331254,16.294851833077804,0.0066010987541986
2020-07-07,DIS,-0.001758630029981606,0.004790729477610749,-0.002571995907575745,-0.007015791603530151,16.19843071589131,0.0059943357844263
2020-07-08,DIS,-0.0013208685934858332,0.017656874681070085,0.0017744624888792245,0.02631624460093768,16.42774719258434,0.0075393161605535
2020-07-09,DIS,0.026350412836052904,0.006128138593131912,0.022525966840410368,0.0012848373415548385,16.424322280255648,0.0075135388295376
2020-07-10,DIS,0.0027428188417873344,0.013401598243807225,0.0071679273394234175,0.021427910147574745,16.469308776284407,0.0078592648356527
2020-07-13,DIS,0.02627171622199785,0.005760273726766776,-0.0027574507486398396,-0.02649159372896644,16.564075570410818,0.0086404949771509
2020-07-14,DIS,-0.040061433597522955,-0.008778871005930474,-0.011717300781177293,0.020777378882046442,16.335229258686564,0.0068730883177295
2020-07-15,DIS,0.05405338827653821,0.02496281754737936,0.044064393496113824,0.018701399935074456,16.544291125813945,0.008471227524557
2020-07-16,DIS,-0.032674706998449474,-0.01735007319708453,-0.01769957826388515,-0.012233355690518739,16.13888808235441,0.0056478353520575
2020-07-17,DIS,0.00997391013171591,-0.0035900438405780137,-0.004602392145812431,-0.0065524051569923695,16.102321998432156,0.0054450463059106
2020-07-20,DIS,-0.007174431221075279,-0.008989670269910937,-0.0020522210812106527,-0.007274514072841948,16.00692953760605,0.0049496347681879
2020-07-21,DIS,-2.9632708060067683e-08,0.015907887444574657,0.007164824928302948,0.007021714189099879,16.006750708731285,0.0049487497096122
2020-07-22,DIS,0.0011852153068748433,-0.009095128183718573,0.0022920751378586192,0.00345040736834926,15.770423063934937,0.0039071463983886
2020-07-23,DIS,0.005652848300283279,0.00041901822301926495,-0.007831778294468796,-0.007674438888675973,15.79731184482219,0.0040136300082721
2020-07-24,DIS,-0.02694577471466846,-0.009597691446833574,-0.012729241023138948,-0.004327056539892079,15.923697585796878,0.0045543454818361
2020-07-27,DIS,0.012881223528656994,-0.006705480727591475,0.001297515367537116,-0.011115071444338414,16.05760237676541,0.0052069102328985
2020-07-28,DIS,-0.014957704427658943,-0.0049517838924149574,-0.008682112399315533,-0.0011182991963351449,15.735531453740249,0.0037731706564989
2020-07-29,DIS,0.006560836129281145,-0.0011132079144620674,0.003742575235364189,-0.004918231542167825,16.066433972936377,0.0052530992273155
2020-07-30,DIS,-0.0113357802838891,-0.0036052066745110895,-0.015231436245546808,0.00043235315369408736,16.08902733141047,0.0053731352966387
2020-07-31,DIS,0.0026941303558349486,0.006514161427399014,0.006593740752541522,0.01100613982813443,16.077377921835573,0.0053109046155379
2020-08-03,DIS,0.008211285544967797,0.0005978743350497094,0.0107204416589391,-0.00505810631099048,16.14075703126075,0.0056584007388044
2020-08-04,DIS,-0.0018092910128518882,0.010447281995469657,0.003548161978099627,0.00804666429776573,16.66586445395739,0.0095663215634467
2020-08-05,DIS,0.06194271847428471,0.09626990764058727,0.06293910261899842,0.08432925647594472,17.785806263962034,0.0293176759508839
2020-08-06,DIS,0.028683973333161594,0.010078681783349145,0.01872358912077057,0.02484354266372556,17.120123651824454,0.0150670159273017
2020-08-07,DIS,0.02535341398632304,0.0023524445767921145,0.023991566698509593,-0.006826455185462099,16.59362156677317,0.0088995958751738
2020-08-10,DIS,-0.003615897141121173,-0.004710225895664712,-0.0013222534034879265,-0.008812750754156853,15.959006245678498,0.0047180260021712
2020-08-11,DIS,0.005993618855705764,0.010905861920809678,0.0116833922614113,0.013113583649262054,16.446370163584774,0.0076810361649803
2020-08-12,DIS,0.0010719277524046055,0.0018061395595981445,0.003762143927976315,0.009913014954495324,16.3172907946929,0.0067508949181281
2020-08-13,DIS,-0.00022957499227483467,-0.004899125426403049,-0.00030662137616964446,-0.006317683376927603,15.68247041434821,0.0035781811890499
2020-08-14,DIS,-0.004834220771073391,-0.009642242093078825,-0.005457603167053862,-0.0032890133837186492,15.688481436283622,0.0035997544918315
2020-08-17,DIS,0.0006920811969157457,-0.007197071336080089,-0.009292425326649027,-0.008926620775352945,15.829373170803427,0.004144397412825
2020-08-18,DIS,-0.005085825770412105,-0.004235062698150559,-0.0014011322241489637,-0.003484300951997879,15.719794966963361,0.0037142589450569
2020-08-19,DIS,-0.0014690415461906187,0.0048496622314998464,-0.007271707140867175,-0.008960379177479657,15.846838088081974,0.0042174147453166
2020-08-20,DIS,-0.019137398574157923,-0.013685588641551767,-0.007087723321640288,0.0027355890434998123,15.408433038350976,0.0027205041130796
2020-08-21,DIS,0.007229334557883374,-0.0010904846937698518,0.0055170972100075264,-0.005321578646353265,15.617995799887002,0.0033547592148581
2020-08-24,DIS,0.003361040469250191,0.019831730973770934,0.00548675586636535,0.02518245322205223,15.845446811084173,0.0042115512322528
2020-08-25,DIS,0.02069728895513234,0.0016030817307335422,0.010729271331913127,-0.006910507700021973,15.519240131688772,0.0030392911487982
2020-08-26,DIS,-0.006364292562969659,0.011453083007325547,0.001622780428671274,0.01824690816029923,15.949416728779523,0.0046729986471348
2020-08-27,DIS,0.022814629292847124,0.027961279491118502,0.02515949242692589,0.011658186831610164,16.430538699517292,0.0075603916178863
2020-08-28,DIS,0.011215243008691738,0.0032217479394392986,0.005705851937081613,0.01344411242601028,16.215231526801308,0.0060958962559827
2020-08-31,DIS,0.0055606050867653785,-0.009253390920799933,-0.017596775131239743,-0.027450311979548073,16.268023226018304,0.0064263550016678
2020-09-01,DIS,-0.024929305664202473,-0.01434168931370873,-0.0027466826401093495,0.01265935830596715,15.810374259201016,0.0040664016258455
2020-09-02,DIS,0.012879102033145951,0.01714129379484314,0.01794473784413702,0.01368347866358901,15.918155921608667,0.0045291766285909
2020-09-03,DIS,0.011976377904057416,0.009664976903343373,-0.009348424510898554,-0.016007260666612188,16.306995605899335,0.0066817497169051
2020-09-04,DIS,-0.011078709085892133,-0.017345803965942166,-0.019890619546317025,-0.009425927198602697,16.235727652987478,0.0062221277353354
2020-09-08,DIS,-0.013246137088869823,0.016616811879292467,0.011065183553139991,0.016605042966667333,16.66374585827497,0.0095460758485286
2020-09-09,DIS,0.01720098642562903,-0.011661671783662468,0.010641613771112748,-0.006278931614531477,16.00064017414868,0.004918602401879
2020-09-10,DIS,-0.005226711408758543,0.008813731450831506,0.00362261699452385,-0.0010504482638593387,16.10332723274095,0.0054505226058475
2020-09-11,DIS,0.0011971411559674422,-0.02225673714108206,-0.012508240365065093,-0.011095672264903069,15.784760628131737,0.0039635688825866
2020-09-14,DIS,-0.00908861593788266,-0.006075022838508339,-0.0014504399057525216,-0.0038022698701522368,15.94277763203921,0.0046420769131479
2020-09-15,DIS,-0.008106350934919175,-0.0029381819366056288,0.0008399887876031047,-7.615068305371642e-05,15.80189077676444,0.0040320502898779
2020-09-16,DIS,0.005386256882363086,0.008115449823547703,0.0029724172378098137,0.0064557026360745175,15.702731862163095,0.0036514197861854
2020-09-17,DIS,-0.012332579479028499,-0.013941842058414908,-0.0215391394202555,-0.014258082612941831,15.72111955897811,0.0037191820833839
2020-09-18,DIS,-0.00807556437728163,-0.007465205808484367,-0.003739699630621228,-0.01228536012769064,16.109690526658362,0.0054853164711029
2020-09-21,DIS,-0.027557645616361898,-0.030272322886248315,-0.03599763597629563,-0.025351660330819453,16.152758009813475,0.0057267161976127
2020-09-22,DIS,-0.005731595681099527,0.004560488780091828,0.0089412232502693,0.014250858941695574,15.758387683478984,0.0038604042423618
2020-09-23,DIS,0.01434646472792618,-0.0013345772701490134,-0.01453985366083518,-0.03138113029640207,15.934605531661079,0.0046042959751996
2020-09-24,DIS,-0.04129097466428776,-0.027879118059646355,-0.017400303639209386,-0.00642877797496171,15.953221125692608,0.0046908104509699
2020-09-25,DIS,-0.004685760180763273,0.003145297542120039,0.0016545834784290798,0.012252200870228363,15.740022095389108,0.0037901527179192
2020-09-28,DIS,0.03553446408823942,0.0212714455763258,0.03564411178706796,0.015920951339877802,15.653469696067132,0.0034759016074009
2020-09-29,DIS,0.001350981120868735,-0.004503244136452074,-0.013571779756131167,-0.004693861427031751,15.817774169989367,0.0040966042497397
2020-09-30,DIS,-0.02151306914517282,-0.005876702408833031,-0.0035638863240670857,-0.010582062153635488,16.42870055134287,0.0075465072614807
2020-10-01,DIS,0.013699948580103417,-0.0006374506414408527,-0.0066759525601793,-0.006225080173213135,16.00249409664035,0.0049277295684404
2020-10-02,DIS,-0.0238946214036475,-0.014369145040796623,-0.005980929501275962,-0.006182391653960591,15.68580405892488,0.0035901294798213
2020-10-05,DIS,0.010356941141412846,-0.0006470197029345408,0.005245513541116859,0.006668892395420695,15.593712031535214,0.0032742742006345
2020-10-06,DIS,-0.0010553207143787144,0.004762094592677715,-0.014160164718901792,-0.019976167373190086,16.018496396208384,0.0050072188917664
2020-10-07,DIS,-0.009629589561841442,-0.007111184235757337,0.002649659964382197,0.01624053800049377,16.13670158210705,0.0056354998481593
2020-10-08,DIS,0.013277690759687988,0.0035619673126557425,0.012245928092375973,0.0014634112961525035,15.817612121720504,0.0040959404558079
2020-10-09,DIS,0.002182408087448445,0.014440707383953137,0.007405962880964546,0.015237984912023267,16.258048966324846,0.0063625754680596
2020-10-12,DIS,0.008442285858468627,0.0031015126604844977,0.003238095057439448,-8.003296991813022e-05,16.209598683675548,0.006061655552337
2020-10-13,DIS,0.03848138870901368,0.042136018180583774,0.033146911434171276,0.03142860283041005,16.924080369446425,0.0123847352814581
2020-10-14,DIS,-0.005097789845868547,-0.014260813747619802,-0.02061770748700991,-0.01854888663679575,16.260593065905848,0.0063787831032263
2020-10-15,DIS,-0.032583309192538885,-0.016349090047255068,-0.006887710347394399,0.006064274145772101,15.862429037070774,0.0042836835061687
2020-10-16,DIS,0.022231047591225236,0.005635549366322654,0.015154251947778957,-0.004327825042328315,15.654742021370007,0.0034803269002791
2020-10-19,DIS,-0.0034484831975199527,-0.00563550583579108,-0.020957410183229774,-0.020555145068037056,15.699074219714673,0.0036380885913896
2020-10-20,DIS,-0.022148188638523088,-0.013195002807371441,-0.000566022143623895,0.005778894612749905,15.633782284038471,0.0034081393102023
2020-10-21,DIS,-0.0017675601573176874,0.014449989965955866,0.0016162122107361784,0.013355738183576524,15.701291649890686,0.0036461647508924
2020-10-22,DIS,0.018404705283662542,0.004224463888530412,0.017053443126449123,0.007317426571813448,15.459871693323533,0.0028641048669795
2020-10-23,DIS,0.011226026794192743,0.003117683071335017,0.00301206398820033,0.006174167153495523,15.509271420137118,0.003009143841065
2020-10-26,DIS,-0.007758378122835394,-0.010876025908930453,-0.02727805759851978,-0.03399563468709389,15.964816374682014,0.0047455181341775
2020-10-27,DIS,-0.02452943301145524,-0.01986403014382378,0.0006504374206518428,-0.006063846670583997,15.734460672197779,0.0037691325767475
2020-10-28,DIS,-0.024650281285566865,-0.025027752778247907,-0.0390354260904055,-0.04004173957656593,16.271220175897266,0.0064469326135517
2020-10-29,DIS,-0.023833513578567875,0.009010555207181574,-0.009254948435312264,0.025583681638171575,16.07557440102099,0.0053013349196887
2020-10-30,DIS,0.020771239922824026,-0.007201897475542727,0.015741643248330744,-0.002388894483957829,15.906164134214288,0.004475188055476
2020-11-02,DIS,0.013175447656530542,0.009645367113460842,0.006027694159752652,-0.009280024033330603,16.033191252729182,0.0050813425474775
2020-11-03,DIS,-0.005167170803534965,0.017258417086143216,0.0129365486007389,0.031868278111317594,15.91290264524828,0.0045054459955312
2020-11-04,DIS,0.016069491711881656,0.014210508170323611,0.016668386665454393,0.008430727540849801,15.828144472698728,0.004139308326015
2020-11-05,DIS,0.025564555960176056,0.013778160908914712,0.019181192567981654,0.014998490068490142,15.850843590655025,0.004234341490576
2020-11-06,DIS,-0.004109956999584991,-0.004519575708523878,-0.009504459303131459,0.003930558065426144,15.64964297835729,0.003462625728766
2020-11-09,DIS,0.10515444936793221,0.14270499377548165,0.10257192640442785,0.11217070619004475,17.388830468255716,0.0197117480161766
2020-11-10,DIS,-0.002069667015784198,-0.03661843855523321,-0.0029013379255707484,-0.0033719294374460525,16.7122730184174,0.0100207438258844
2020-11-11,DIS,0.010659583541130889,-0.00260219363244145,-0.007656173115619501,-0.030652853730954187,16.077367506200705,0.005310849299377
2020-11-12,DIS,-0.03693587990933433,-0.025028826966236154,-0.01861740764561169,-0.016829206526558463,16.437872215837256,0.0076160396758306
2020-11-13,DIS,0.032898549608872084,0.019308270890566855,0.01788523262853033,0.02073963914694977,16.862995317961005,0.0116508557737575
2020-11-16,DIS,0.004744003721816371,0.024832582243160383,0.0363232239743825,0.04459631867074163,16.61172431093653,0.0090621700722894
2020-11-17,DIS,0.019792843104031024,0.0006215911211220494,0.006968605510454145,-0.0011757613767495543,16.05141093505817,0.0051747715433701
2020-11-18,DIS,0.000692447568886815,0.00447806150221874,0.00552641251707088,-0.0041608118671344115,16.06218127474728,0.0052308068144412
2020-11-19,DIS,-0.01344639133149121,-0.015098276938009048,-0.011577152064875064,-0.015265325185247881,16.000718895259055,0.0049189896150058
2020-11-20,DIS,-0.00605048470343076,-0.004826809480933326,-0.005945720888642732,-0.0045971049843701334,15.953409787117954,0.0046916955095455
2020-11-23,DIS,0.0052083469837188225,0.03540809093511994,0.005945702187033865,0.03421339442805045,16.371729686868104,0.0071285936652888
2020-11-24,DIS,0.0393017049206904,0.027437340344168986,0.0424861112465296,0.03705000450120443,16.63161969072292,0.0092442708742304
2020-11-25,DIS,0.014140975402982339,-0.010525276786148181,-0.004134275213341117,-0.015969460005322726,16.072261219304632,0.0052837996966585
2020-11-27,DIS,-0.008487446211042509,0.0005321978734172635,-0.004833816186148655,-0.013233590667282797,15.484424385645147,0.0029352967661588
2020-11-30,DIS,-0.013105785982914023,-0.011102462105450388,-0.0016394004275347997,0.005963088834612025,16.0886772418612,0.0053712545471654
2020-12-01,DIS,0.016923974552366397,0.018061747640213646,0.018355463928974896,0.009615253961212149,15.993155929710491,0.0048819277871503
2020-12-02,DIS,-0.0005349332052267792,0.017092287740343434,-0.004439305597259291,0.027522024643929017,16.17654388262551,0.0058645640707709
2020-12-03,DIS,0.026145133257773123,0.0027880972884805157,0.02522844873732605,-0.0024116612680712074,16.019732926877715,0.005013414301796
2020-12-04,DIS,0.0015629169187152104,0.0015528077764968774,0.00445992866140828,0.0058559963032137705,15.612804848437563,0.0033373899403109
2020-12-07,DIS,-0.0033239377786105817,-0.005185297714034098,-0.0036057417809953834,-0.002988793529832398,15.734710134717401,0.0037700729514841
2020-12-08,DIS,-0.0049737968539089955,0.00647754502762141,-6.564362220813215e-05,0.0002603024246442042,15.882449390492988,0.0043703086142609
2020-12-09,DIS,0.025073336583296402,0.01652082525188836,0.010714130831300423,0.004608078081449896,16.19545485355839,0.0059765239805913
2020-12-10,DIS,-0.019185930893565028,-0.013555267258543767,-0.009073467742507014,0.0016822519433051318,16.011979405364105,0.0049746929891111
2020-12-11,DIS,0.10138691629546627,0.14428029865782435,0.08077882907802095,0.1274686335103801,18.286128270201896,0.0483522435243627
2020-12-14,DIS,0.02399102887117572,-0.012053304722486611,0.02083038558484051,-0.03721945331721598,17.247541042870072,0.0171144883097569
2020-12-15,DIS,-0.019228577396718065,-0.016090439407517126,-0.005881810769029229,0.027038095829294,16.74950576929438,0.0104008764841281
2020-12-16,DIS,0.020321200922005678,0.0021757035767487015,0.022390701091107173,-0.004725439495540359,16.222978142380764,0.0061433022059412
2020-12-17,DIS,-0.0009775445493179452,-5.725919199736994e-05,0.0019792189185145214,0.0024807826136944602,16.013246226893155,0.0049809990314626
2020-12-18,DIS,-0.0012664700524018212,0.0057032364882770225,0.001859138138024635,-0.003810193596750634,16.868194882400175,0.0117115929185118
2020-12-21,DIS,-0.020426186343333,-0.022428913037627216,-0.02402678199939087,-0.012806526661157882,16.251244557944535,0.0063194288624965
2020-12-22,DIS,-0.0005292446815931363,-0.0028539263725160533,0.005750732461697177,-0.0014070739358881918,15.674804213092338,0.0035508550055266
2020-12-23,DIS,0.017261970639567137,0.025908200295375515,0.018392141974166533,0.01802379419379654,16.117495570946318,0.0055282971281831
2020-12-24,DIS,0.005937460306612973,-0.007816751482969177,0.0004642044439673107,0.0010365805657832064,14.81651038527726,0.0015051527402227
2020-12-28,DIS,0.010064726035471823,0.030129250893510408,0.015370347504237283,0.02910108823226023,16.391582521576602,0.007271530625257
2020-12-29,DIS,0.02394979397624959,0.0015549810451275993,0.006661506811722466,-0.008760199757637241,15.743460527088667,0.0038032073319102
2020-12-30,DIS,-0.008423777572966001,0.01760219389778794,0.012126791423915014,0.021592572182599867,16.2734228669668,0.0064611488669232
2020-12-31,DIS,0.015123167705111882,-6.051374958514688e-10,0.010595732913569232,5.5164329820464115e-05,15.771866106253846,0.0039127886468084
2021-01-04,DIS,0.00572243474410855,-0.004426349105147275,-0.031213854469895358,-0.019506838106041143,16.412748446369918,0.0074270796699283
2021-01-05,DIS,-0.03381444327343149,-0.012399174853956994,0.008377864756225937,0.004268355050397075,15.866012484416714,0.0042990613989207
2021-01-06,DIS,0.011960017359534137,0.007017579716816272,0.00611068388164913,0.0038035044791756446,15.832784232950129,0.0041585583500355
2021-01-07,DIS,0.006595404518085238,-0.009182589784249384,0.0016907519829713663,-0.0030193279471865367,15.803494626126557,0.0040385222807124
2021-01-08,DIS,-0.003851434508692081,0.0003889594822408387,-0.005533901698068224,0.0006157816970520075,15.88167699911454,0.0043669343284412
2021-01-11,DIS,-0.005945630685093321,0.0068645313240334105,0.004237969468648699,0.0022360543418790254,15.681341248670753,0.0035741431092985
2021-01-12,DIS,-0.0025348510786605497,-0.01635271685799451,-0.0141395710793249,-0.01746125856303395,15.937748264207714,0.004618788809376
2021-01-13,DIS,-0.016491845361746693,-0.003314300965066755,-0.00642578834117866,0.0007382551613061526,15.738225333721143,0.0037833488301189
2021-01-14,DIS,0.01485478440267108,0.0034824890545103585,-0.0019588675412033334,-0.01539147187193092,16.007298271192507,0.0049514602015002
2021-01-15,DIS,-0.02320372019545115,-0.023601315335204497,-0.018803143337510996,-0.011540692938346716,16.31960698389485,0.006766549391685
2021-01-19,DIS,-0.004926709681033247,-0.002759321367048826,0.0074355081571091655,0.004771635440718041,15.874073270950895,0.0043338552641761
2021-01-20,DIS,0.017966562376833004,0.023721879183197594,0.009058195946227263,0.007979222298479081,16.09883138072197,0.005426072862695
2021-01-21,DIS,-0.011364328583652222,-0.01632316160259433,-0.011511003221316799,-0.013684492195446747,15.945692860162932,0.0046556293725876
2021-01-22,DIS,0.004377314361015415,0.0014275151925019214,0.005074163280517069,0.00871942791250019,16.068611350932326,0.005264549672638
2021-01-25,DIS,-0.012200633492326602,-0.012286359867296093,-0.018317935292596323,-0.005164436143463741,15.873945625515024,0.0043333021025663
2021-01-26,DIS,0.006436917380251506,0.0013855298975081808,0.0016577373143247787,-0.013647845031571045,15.833502270250039,0.0041615454227284
2021-01-27,DIS,-0.04728557122573804,-0.041278864478288914,-0.051775996753985545,-0.03927262818477796,16.719083736826438,0.0100892252331757
2021-01-28,DIS,0.007005270385527849,0.03856384154423554,0.03326791328766636,0.05286232737749188,16.486142756054438,0.0079926874159327
2021-01-29,DIS,0.015703249409591908,-0.017917590999084947,-0.0009646341586431342,-0.021821226805958924,16.3687610575591,0.007107462891795
2021-02-01,DIS,0.01201284717530858,0.011243323414834203,0.013420663748832964,0.016512770887278864,15.91234999966461,0.0045029567682872
2021-02-02,DIS,0.01700522006617037,0.04569918048442262,0.027992380688031678,0.03443568090161004,16.31819171771665,0.0067569796958358
2021-02-03,DIS,0.018417133858243707,-0.007426259318098909,0.01698453439743582,-0.0029995890420268503,15.521821246894158,0.0030471460436571
2021-02-04,DIS,0.0033277667913251415,0.016397975864363725,0.004144849166200834,0.021309630992387862,16.016660863978746,0.004998036409044
2021-02-05,DIS,0.022934523546775568,0.005169099152901659,0.015963424484799166,0.0051468285865964225,15.708697970413501,0.0036732696697719
2021-02-08,DIS,0.011708162294890778,0.04462337243762339,0.021896445282257804,0.04764340121617849,16.593441298681704,0.0088979917065055
2021-02-09,DIS,0.023225598755520074,-0.0073178973958908655,0.014837536648403735,-0.00946563591035578,16.237725957137197,0.0062345738715556
2021-02-10,DIS,0.009572949680264746,0.007632572818822063,-0.0012370666292631453,0.007516403059720063,16.25477467209856,0.0063417765915318
2021-02-11,DIS,-0.004219823925334844,0.0028800290814789678,0.012089692770976776,0.006727354065762944,16.67816282271902,0.0096846981479405
2021-02-12,DIS,0.019991274807263506,0.013503212867850696,-0.008061392850615507,-0.017117050470758607,17.119969443597295,0.0150646926485406
2021-02-16,DIS,-0.02997853290098397,-0.02830499855454316,-0.00915407467692136,-0.007058402607729266,16.269158797828847,0.0064336567349169
2021-02-17,DIS,-0.010411744610183066,-0.00430770454844508,-0.01471334556266746,0.0004828236375381629,16.248404444082443,0.0063015064263395
2021-02-18,DIS,-0.0030799641134798177,-0.006577184569084974,0.0037259020217284976,-0.01862342131146829,16.331665601247767,0.006848638574577
2021-02-19,DIS,-0.0028179273741252998,-0.008728962920810953,-0.0002735322857918577,0.0035455711399056565,15.994175182231432,0.0048869062416384
2021-02-22,DIS,-0.013824904626550769,0.048795414331006606,-0.006916926207257483,0.0432128898624061,16.749346204170703,0.0103992169992988
2021-02-23,DIS,0.06316542080260895,0.02504205903866163,0.03852559365123492,0.02741594073959498,16.959292121378404,0.012828592157149
2021-02-24,DIS,0.020401064070689538,0.008309612843771522,0.0347439635441527,0.0021287204211601356,16.600885993135574,0.0089644817320015
2021-02-25,DIS,0.0007588499450078721,-0.013247899251620298,-0.025668362116606776,-0.033620517304320086,16.358057065864514,0.0070317903835765
2021-02-26,DIS,-0.039510016941489194,-0.032603003285334116,-0.02623685170460713,-0.010210129501116539,16.578301500839316,0.0087642925454206
2021-03-01,DIS,0.016488734877651245,0.02723392687860363,0.0315279720398604,0.03093840158432464,16.18667919868373,0.0059243055246276
2021-03-02,DIS,0.01474354050368207,0.005369012644955664,0.010912575369844432,-0.005348178530929167,15.940331811971145,0.0046307371001473
2021-03-03,DIS,-0.007524383301463153,-0.005826204385306129,-0.006637265005662797,-0.008700215715537392,15.984598657742131,0.0048403300340945
2021-03-04,DIS,-0.02460274755552902,-0.022246541791933246,-0.043000854710517705,-0.022247063881749844,16.344641487929213,0.0069380848068791
2021-03-05,DIS,-0.00395722834702989,-0.009972571936342553,-0.0042453213504845865,0.010369988553655694,16.14438708231751,0.0056789783506883
2021-03-08,DIS,0.04223574458206288,0.0632848776123747,0.0554327111189403,0.06085058337531977,17.038107490914324,0.0138805949066365
2021-03-09,DIS,0.014490924265422946,-0.006523007476566203,0.0029885502099253965,-0.03733844422778678,16.965293549206617,0.0129058135178748
2021-03-10,DIS,-0.014490935261415693,-0.01448221134687577,0.0015935222444076248,0.002823552559863978,16.43013620701487,0.0075573492290325
2021-03-11,DIS,0.0003547884887614141,0.0012567978192562558,0.0036916036439415133,0.008626738884508574,16.294893731403814,0.0066013753350035
2021-03-12,DIS,-0.004315831217430647,-0.003220536450330684,-0.0011266231208702975,0.0020816261779148288,16.39944025903805,0.0073288934841916
2021-03-15,DIS,0.010175558520455848,0.0006550284574084219,-0.0018973737512985602,-0.00203083002674472,16.14876073424915,0.0057038706231286
2021-03-16,DIS,-0.01236581685007735,-0.009870258085524946,-0.009956476704170441,-0.012890171689121991,16.085644873986123,0.0053549915958377
2021-03-17,DIS,-0.013657307310033302,-0.002036675685239815,-0.0057193262984988015,0.005135120532254576,16.484036602545586,0.0079758713029952
2021-03-18,DIS,0.00777560495717731,-0.005673944978695954,-0.00020865439243023405,-0.015277057807093439,16.081898466332465,0.0053349671455636
2021-03-19,DIS,-0.020888592272768063,-0.0055515562099173405,-0.010380204481691274,-0.005946471077593628,17.16029986773895,0.0156846761807867
2021-03-22,DIS,0.01218188419979713,0.011938729773081691,0.011735247765716042,0.008958362201500156,15.99462785009944,0.0048891188880775
2021-03-23,DIS,-0.00867866032977169,-0.02053221516841127,-0.02121289908104558,-0.02164704981078909,16.185866536124017,0.0059194930186225
2021-03-24,DIS,-0.008017844925719927,-0.009612416547651055,-0.017874392978378523,-0.021476218827298596,16.421830756225464,0.0074948419671269
2021-03-25,DIS,-0.044157726397702046,-0.014754072577585507,-0.0198558644593827,0.011785933059908589,16.07823163493011,0.0053154405407382
2021-03-26,DIS,0.037664965734018147,0.006742933941010371,0.0085814748717205,-0.0053107517159088295,16.13751595027451,0.0056400910895205
2021-03-29,DIS,-0.019194813246920267,-0.01621708801213766,0.0031717792334071825,-0.0057717208369926646,15.836356020505534,0.0041734383973387
2021-03-30,DIS,-0.0076408163546548315,0.002041678185024809,0.0022361877835586014,0.0036719365146890602,15.595484348117537,0.0032800823975372
2021-03-31,DIS,0.010820799577508622,0.003107956812887824,0.004674118849889551,-0.005458765721230313,15.95298524884706,0.0046897041277503
2021-04-01,DIS,0.003223490049871951,0.011702309104278396,0.006324147643826368,0.02383037988578354,15.863126108019898,0.0042866705788615
2021-04-05,DIS,0.02667536085486648,0.013499136103130152,0.013380642669769634,-0.002490261558655633,15.817706653068589,0.0040963276689348
2021-04-06,DIS,-0.01563308382787904,-0.0020367629162932007,-0.0011702898793034683,0.006504033513936675,15.885684411987047,0.0043844695514714
2021-04-07,DIS,0.006872862107057882,-0.0049789327077075065,-0.0049090564491432835,-0.01150323841219992,15.646282545597664,0.0034510093349606
2021-04-08,DIS,-0.013793348487864187,-0.012051510149925422,-0.007085707548655669,-0.0012803517639367618,15.864879544203989,0.0042941935767546
2021-04-09,DIS,0.005168321016925162,0.0009036657039627284,0.0027973649380225816,0.003038327474195515,15.62204385477342,0.0033683669904588
2021-04-12,DIS,-0.002234642346865946,-0.0019678265701545774,-0.0036058642073361607,-0.007479167323493502,15.712005497550035,0.0036854392251871
2021-04-13,DIS,-0.011571348456507988,-0.007534297582227349,-0.004755659026646327,-0.005376623616189969,15.736322801594884,0.0037761577291917
2021-04-14,DIS,0.002045495809489484,0.021017644423111555,0.005995036946701692,0.010564562001874082,16.022674575005244,0.0050281837167772
2021-04-15,DIS,0.011335125838966427,-0.007909397532196204,-5.3950860379258456e-05,-0.008195355161491698,15.798234817835926,0.0040173361910576
2021-04-16,DIS,-0.0027683509810672666,0.0030130180018518044,0.0026889496399258844,0.007127829888184225,16.061895707051043,0.0052293132780948
2021-04-19,DIS,-0.00032008644635393924,0.004528623880620294,-0.002958287059162463,0.0009073207649875866,15.8470479241208,0.0042182998038922
2021-04-20,DIS,-0.001173861498877374,-0.011891898719673772,-0.020845816136996778,-0.025067382462124328,16.191885093815543,0.0059552272586146
2021-04-21,DIS,-0.0325603511366633,-0.02530697596889007,-0.016413937896087954,0.0017490610382432101,15.943766192098687,0.0046466681545091
2021-04-22,DIS,0.016032872204805402,0.008146555154443434,0.013329146016811306,-0.001913189822405825,15.814053953270532,0.0040813923054706
2021-04-23,DIS,-0.010202841206465437,-0.005314983702043779,0.0038543955319340207,0.0014215834469368759,15.619775012926297,0.0033607333602438
2021-04-26,DIS,0.008790484214969987,0.009201810589490185,0.007119015736097524,0.006806692474207021,15.63655387254284,0.0034175983737296
2021-04-27,DIS,0.005583411363039261,0.0011307711414037145,0.004844721457871627,0.0020058747548850992,15.398604700397561,0.0026938970396489
2021-04-28,DIS,-0.001081677656922578,-0.00550451150464297,-0.0072483947148402825,-0.006792837889681315,15.464034751439142,0.0028760531577509
2021-04-29,DIS,5.4038709566433354e-05,0.004104266941839678,-0.00038313181318385883,0.010522872153664587,15.600295931288086,0.0032959028195771
2021-04-30,DIS,-0.0027636236052414717,0.004141245635505576,0.004313476884348172,0.0037161727961111434,15.878098497196511,0.0043513351710453
2021-05-03,DIS,0.018281205297357137,0.01544479487606117,0.009273767399689672,-0.002745364408435979,15.836104156411658,0.0041723873902801
2021-05-04,DIS,-0.015138884155102955,-0.019154948633903313,-0.015997797183838407,-0.0068152827011925135,15.771272164526673,0.0039104653680473
2021-05-05,DIS,0.0007569768296670638,-0.003345645743256814,-0.005224534057632096,-0.014982834925716565,15.590751172408769,0.0032645938724633
2021-05-06,DIS,-0.012126532346895725,-0.010978232953887853,-0.008583206830918512,0.0015414979237125248,15.753518279209368,0.0038416520637902
2021-05-07,DIS,-0.004276619983398452,0.011572630615692402,0.009409924181664508,0.01663835849709266,15.745349540584463,0.0038103984328374
2021-05-10,DIS,0.02012577754056846,0.00994395832967005,0.013788075514251761,-0.002925672262814271,15.92697158551118,0.0045692808453003
2021-05-11,DIS,-0.021225278084224353,-0.025568836506382194,-0.030902479457822565,-0.01437306155187729,16.201112485375234,0.006010432787271
2021-05-12,DIS,-0.00606901463729506,0.0011516400077181198,-0.004775101297087142,-0.021251308476061596,16.011412149429383,0.0049718718649012
2021-05-13,DIS,-0.01297808902940239,-0.00941607219016713,-0.010074144820333877,0.002751361944175586,16.32772436691471,0.0068216996041805
2021-05-14,DIS,-0.030973235661376018,-0.03284334863275671,-0.04075098256298708,-0.026362228944339556,17.316535205051295,0.0183369754673799
2021-05-17,DIS,-0.0013307891901261665,-0.011037666430693056,-0.0012448579437000617,-0.021060641006177338,16.693112291739318,0.0098305668644406
2021-05-18,DIS,-0.014229491968081858,-0.010051156268902045,0.005206570123101962,-0.0023548309467821544,16.157412609479866,0.0057534339033653
2021-05-19,DIS,-0.01509020879014959,-0.010919989309052566,-0.013965305889562895,-0.0024190666237798213,16.04024231984987,0.0051172980521135
2021-05-20,DIS,0.008904288059913173,0.014650169372641216,0.011187905991191346,0.012271550497525206,15.817085283417551,0.0040937831255298
2021-05-21,DIS,0.017632123557865698,0.007072064530783925,0.014919537311025237,0.006050686525178777,15.908078199232982,0.0044837620604276
2021-05-24,DIS,0.0013346280693552954,0.011429426655059825,0.0013400710496669058,0.01101802913333671,15.809761926891193,0.0040639123986014
2021-05-25,DIS,0.018101349406384432,0.013274465658995052,0.021029069171606646,0.010614073458388999,15.906102329142767,0.0044749114746711
2021-05-26,DIS,0.005791693959588684,0.002532603992315868,0.004550556565714352,0.0017013751509885374,15.905669586652781,0.0044729754090369
2021-05-27,DIS,0.00327862950647073,0.009455007228436313,0.0033429663115849746,0.014458422844265129,16.423209970043054,0.0075051860892299
2021-05-28,DIS,0.012951787936748003,0.0030577911317657613,0.007270271071537568,-0.0021807339560719,15.779092353904382,0.0039411658373903
2021-06-01,DIS,0.0037255066263554,0.004818007178389643,0.0036994510111295086,0.0010630627186159552,15.827155075346802,0.0041352149301026
2021-06-02,DIS,-0.006347146531815254,-0.010607947888018335,-0.010178176979513263,-0.010341841337268651,15.876240754183248,0.0043432590115425
2021-06-03,DIS,-0.015592253944642559,-0.011964091114899926,-0.00857102619396563,-0.004302980461395831,15.53539819404082,0.0030887991128739
2021-06-04,DIS,-0.0019308108666384227,0.0031030458948074274,0.0010825193621236677,0.005319366767282184,15.662925617914642,0.003508925355505
2021-06-07,DIS,0.011528861987957925,0.003093475239056208,0.00448848369543174,-0.001072853420374788,15.459948944704006,0.0028643261316235
2021-06-08,DIS,-0.011301455294803439,-0.005349315726374535,-0.006882980363304638,-0.003735999609695309,15.493765513095017,0.002962844214326
2021-06-09,DIS,0.0019301811237179274,0.0011848910165245209,0.003930777470248858,-0.0016461274205449151,15.441294345691878,0.0028113885655671
2021-06-10,DIS,0.000737169717943342,0.0015778009752306743,-0.001877975986765821,0.0030063120802626153,15.47431009030349,0.0029057579361963
2021-06-11,DIS,0.005707953472559667,0.004942449953135827,0.007151756535171593,0.004576892332147451,15.515940431009131,0.0030292789236611
2021-06-14,DIS,0.0011264932943170806,0.002126716768788377,0.000508937860096969,0.004499949789959579,16.134952866353157,0.0056256535715051
2021-06-15,DIS,0.0029790026689540776,-0.0009507960269601838,-0.00726196794228854,-0.013105950172992811,15.881740332334315,0.0043672109092461
2021-06-16,DIS,-0.012253600887039019,-0.013748405678203025,-0.011856929333219031,-0.00684712656562388,15.93609416293689,0.0046111551791609
2021-06-17,DIS,-0.008100433828030502,-4.527398457158236e-10,0.0016695545373478114,-5.7312099687787474e-05,16.002235877147633,0.0049264572967379
2021-06-18,DIS,-0.00833978069333456,-0.013709711279453772,-0.009943381215021868,-0.012850532078240412,16.329773805085765,0.0068356945929081
2021-06-21,DIS,-0.0058505159104320905,0.0022979868204102264,-0.004717150409186603,0.008949490112745703,16.03437713744721,0.0050873720090241
2021-06-22,DIS,0.012929516928172334,0.0025218946428979213,0.006052662137178237,-0.0027051779345057354,15.907016654346167,0.0044790048705835
2021-06-23,DIS,-0.004310519963241567,0.004283840487350036,0.0034173547964513767,0.010492279062062996,16.03190586364417,0.005074815240482
2021-06-24,DIS,0.014353349193183425,0.01577684048880766,0.01628841610895562,0.01472018799605217,15.836978780329458,0.0041760382569047
2021-06-25,DIS,0.015213335402133205,0.00475754250246816,0.009681171787484105,0.002357850401851037,15.82127878301399,0.0041109864515941
2021-06-28,DIS,-0.0018470875313209962,-0.0024039181708692308,-0.014185484036433183,-0.010030550843768004,16.106164861290583,0.0054660111309214
2021-06-29,DIS,-0.010474778879832855,-0.0092217713886654,-0.00682356772817368,-0.015064499778863646,16.418074383636796,0.0074667413573499
2021-06-30,DIS,-0.01569080367179608,-0.005892372659289872,-0.002650223733253458,0.010523513299610557,15.827997462046474,0.0041386998482443
2021-07-01,DIS,0.00836106262915982,0.009163500104749065,0.007242678902525461,0.008441166908376608,15.588274244309636,0.0032565177129604
2021-07-02,DIS,0.014212632832588034,0.004270035079842376,0.00011439488077889847,-0.0008466215829768981,16.222392691326707,0.0061397066554776
2021-07-06,DIS,-0.006203884589344489,-0.007654256979252483,-0.01383942643587813,-0.019498903164464308,16.262879830327417,0.0063933865697246
2021-07-07,DIS,-0.022310805937612848,-0.015256978528956088,-0.001336347436237265,-0.005021460935592705,15.72613410793848,0.0037378789457946
2021-07-08,DIS,-0.015625364291203717,-0.0032752480265533365,-0.01275621676548099,-0.00011575858243261964,15.755704543699565,0.0038500601202589
2021-07-09,DIS,0.02621344097760023,0.021465716936419372,0.02397262541847339,0.024240682478812125,15.878987973367702,0.0043552073023138
2021-07-12,DIS,0.017082935187484178,0.04121858544748419,0.019585130260252787,0.04062330291450205,16.899047689451944,0.0120785603304426
2021-07-13,DIS,0.03527163438874742,0.003669027100437604,0.02488917251718888,-0.003967201020987252,16.344003458194365,0.0069336595140008
2021-07-14,DIS,0.006011646842048478,0.0033337583778208866,0.0013190912627587686,-0.0012530542096556307,15.98881816904094,0.0048607970136565
2021-07-15,DIS,-0.009494188546814093,-0.004681067936919931,0.005313178264841986,0.003971997620032106,15.878187480424629,0.0043517223841722
2021-07-16,DIS,0.008089268340588733,-0.0007014420877646631,-0.022820646751295078,-0.026634530702152204,15.937628493702231,0.0046182356477662
2021-07-19,DIS,-0.05119645167340949,-0.048714535066654026,-0.038514407388329154,-0.03611355745342893,16.500073821025026,0.0081048132742359
2021-07-20,DIS,-0.011505293938915395,0.005819380478068352,0.004115537807042208,0.021733784401710282,15.940451259155386,0.0046312902617571
2021-07-21,DIS,0.01599121733263731,0.002194642589263858,0.014073075274990144,0.0007917588654909778,15.656409495427358,0.0034861350971819
2021-07-22,DIS,0.0011325281937538108,-0.006654951831387061,-0.008132488552208604,-0.009999441327014184,15.558377532787338,0.0031605994898239
2021-07-23,DIS,-0.005903057382438362,-0.0012457143103798592,0.0007472802050525192,0.005750522082201894,15.449894904431895,0.0028356723602366
2021-07-26,DIS,-0.0002277615956367482,0.012835142070874361,0.007499259755402866,0.014653162386270822,15.54557208999563,0.0031203846407926
2021-07-27,DIS,0.014864498856365949,0.004353389175910027,0.006990496211093973,0.0042429229329081575,15.715242279295405,0.0036973875159584
2021-07-28,DIS,0.008046108069496141,0.004390050713807139,0.005534846620783712,-0.0022308549440820374,15.595012037407933,0.0032785335450299
2021-07-29,DIS,0.0006675845146759782,0.005915351675690816,0.004047020126708867,-0.004196379344497268,15.641526676924343,0.003434635751311
2021-07-30,DIS,-0.012761154126436105,-0.012312323286220131,-0.017713660024120736,-0.013150328512027219,15.7344019660892,0.0037689113121035
2021-08-02,DIS,-0.0017477731363167318,-0.002122806046021249,0.0009700940295443673,-0.0026738060207031258,15.581473643170332,0.0032344465647301
2021-08-03,DIS,-0.006794194909064306,-0.015157306418897011,-0.02536015999676391,-0.014690037505402355,16.1112020445592,0.0054936138952497
2021-08-04,DIS,-0.02020040303741924,-0.016486738687547395,0.002454274809079614,-0.002372903713644155,15.549958836976781,0.0031341030487152
2021-08-05,DIS,-5.795141579138751e-05,0.02209179275530308,0.006689419893072842,0.023649090556426028,15.997531363704885,0.0049033351414489
2021-08-06,DIS,0.02823673074636301,0.00949623725414446,0.023717783902009956,0.002373847730275771,15.521203839733941,0.0030452652941839
2021-08-09,DIS,-0.002426294416809266,-0.008424079968355645,-0.008928321788104938,-0.002317291145988079,15.490549114783299,0.0029533298346377
2021-08-10,DIS,-0.004246298749163374,0.0005074283026227128,0.002966023700776375,0.0019786020944043874,15.461280592509777,0.002868142946731
2021-08-11,DIS,0.006278189047332895,0.006125634537416854,0.005282772934879075,0.005743905933470093,15.494456062727156,0.0029648909122822
2021-08-12,DIS,0.004107422519877284,0.0068674543216255,-0.0003399967006560397,0.006715520580287424,16.220769651162932,0.0061297497465015
2021-08-13,DIS,0.045015502192063316,0.04280529870302209,0.024796280993487508,0.00993432237422553,17.29689220651076,0.0179802968613911
2021-08-16,DIS,-0.031518369723052726,-0.037976136586903034,-0.024456308023586597,-0.011050434279713707,15.984187158669227,0.0048383386522993
2021-08-17,DIS,-0.018789359722459743,-0.011920824461957497,-0.009048793905428728,-0.018370831870977298,15.959627447357999,0.0047209577587031
2021-08-18,DIS,-0.007081241649891714,-0.009345945130358189,-0.002404036271365809,-0.006218505101146666,15.77045137890672,0.0039072570307106
2021-08-19,DIS,-0.010860282485439328,-0.01200682750864883,-0.011179718364977255,-0.008563512891387381,15.953056017742886,0.0046900360247162
2021-08-20,DIS,-0.005763749810148926,0.0030295610365591273,0.0005213554579013037,0.010735742168529475,15.646426795993522,0.0034515071804094
2021-08-23,DIS,0.023310051980928278,0.017538330310566366,0.01870616121935588,0.014400234897133971,15.816436485785719,0.0040911279498028
2021-08-24,DIS,0.004732363454503222,0.009877592800391912,0.010461754448225707,0.004548875641113967,15.5882402711542,0.0032564070806385
2021-08-25,DIS,0.0013480462078450002,-0.008308547964426014,-0.004962727360434855,-0.00089692837938192,15.392859275411704,0.002678463830736
2021-08-26,DIS,0.0010098178821350353,0.001957953649546247,-0.0030575940487467938,-0.009862805519073318,15.333491079063581,0.0025240764254452
2021-08-27,DIS,-0.011618270453534866,0.008901671588928505,-0.00034037917278667736,0.020073491516322168,15.978488811554074,0.004810846520293
2021-08-30,DIS,0.02365714813168506,0.004697086730450093,0.014585628065795908,-0.0008886096923804025,15.675131303110895,0.0035520166449072
2021-08-31,DIS,-0.006949242583835772,0.008727483606405876,-0.001902554510329866,0.007307480435545888,15.96959575864915,0.0047682530763397
2021-09-01,DIS,0.015005390019761658,0.006699563609080133,0.018040460388199314,0.011952461750020134,15.803768531155262,0.0040396286039319
2021-09-02,DIS,0.01201816727776539,0.005899824167667238,-0.0012659212875313817,-0.008868360771329827,15.686173778809284,0.0035914570676848
2021-09-03,DIS,-0.01278780308889405,-0.018958987990440625,-0.013419353390667682,-0.0047401975944595595,15.73937972218353,0.0037877188068362
2021-09-07,DIS,-0.0044096731928328645,0.02030718475969198,0.005122788341396067,0.018284835216138835,16.18602538418067,0.0059204333933591
2021-09-08,DIS,0.01817429420639558,0.010241102687683482,0.02126624496293737,0.004384397203024643,15.971218570918726,0.0047759973388766
2021-09-09,DIS,0.004384399292162442,0.000639889306228523,0.0035279480998400997,0.004096414543291358,15.788299221467701,0.0039776191874751
2021-09-10,DIS,0.00651405564817669,-0.002562125121699857,-0.003038721077220279,-0.009674973092272504,15.533300686454469,0.0030823271220394
2021-09-13,DIS,-0.006675989107355927,-0.0069723590495532565,-0.002775342563660431,0.004660059647388847,15.73510621203159,0.0037715664878305
2021-09-14,DIS,-0.0008647245510402072,-0.0036126446937479453,-0.0073842868134171595,-0.014045753116440334,15.63778322821936,0.003421802401964
2021-09-15,DIS,-0.015803292921961334,-0.002541952006187236,-0.005781052160730961,0.010959554461402248,15.596108131023556,0.0032821290954935
2021-09-16,DIS,0.01043644175726242,-0.0001083122105347509,0.005616409015265972,-0.005819202934856838,15.552145015177153,0.0031409622526765
2021-09-17,DIS,-0.005778461519865846,0.006800879224998148,0.003343843823563232,0.0007088378287921554,16.12159960493522,0.0055510320703453
2021-09-20,DIS,-0.017482914281464444,-0.027375065394876802,-0.0344055489395202,-0.02684657017463293,15.902002313378423,0.0044566018253872
2021-09-21,DIS,0.0032216978925174236,0.007435746863163784,-0.04352793314453088,-0.0425474575482301,16.96035229717985,0.0128421999327497
2021-09-22,DIS,-0.041788333892584725,-0.03854264741043411,0.015439620250725202,0.014384569398840218,16.469773198687456,0.0078629157022773
2021-09-23,DIS,0.011498370699959747,0.01049571807569365,0.01566367910515756,0.014861724052601097,15.90154295714692,0.004454555127431
2021-09-24,DIS,0.0020557433643156064,-0.0027692489178936562,0.004063578430017368,-0.0014194406784852503,15.558220004262534,0.0031601016443751
2021-09-27,DIS,0.0075584003393825904,0.015443271396327342,0.005013744718772357,0.012759165712651191,15.863848483541833,0.0042897682838763
2021-09-28,DIS,0.006320895037505741,-0.008113047129551534,-0.01200635030884609,-0.021203751984684254,16.027415844410434,0.0050520802983199
2021-09-29,DIS,-0.019887064053868753,-0.017226180560998883,-0.007331607847899601,-0.010599289475475377,15.646619097492096,0.0034521709743411
2021-09-30,DIS,-0.006621464572923819,-0.007342843717478207,-0.02042843870061813,-0.020535924983359818,16.452995294560203,0.0077320929815633
2021-10-01,DIS,-0.0047485236106280335,0.020741488513931417,0.016829678827060757,0.03963658546430371,16.314073616402798,0.0067292109830246
2021-10-04,DIS,0.018859682498622354,-0.0076994318604652655,0.004062082410837625,-0.014593831749303248,15.789675052724894,0.003983095487412
2021-10-05,DIS,-0.009902969194031615,0.0015900600791471959,0.005429221002090677,0.006607916120242055,15.732168576320946,0.0037605032556348
2021-10-06,DIS,-0.004786247127720974,-0.003011807641468758,-0.011936641634183098,0.004970111962725387,15.608136485042621,0.003321846099076
2021-10-07,DIS,0.026805159263113422,0.022064295757561306,0.03313766251023794,0.012628029800507031,15.86706702468927,0.0043035973241209
2021-10-08,DIS,0.0012934781846508962,-0.005750481530392293,-0.005258282041471387,-0.005473265990617248,15.234320752762654,0.0022857744039502
2021-10-11,DIS,-0.010792446365642801,-0.011714416240072972,-0.01669173686170669,-0.018386788258058905,15.900723040685252,0.0044509042608065
2021-10-12,DIS,-0.01372875393177272,-0.011566823267409357,-0.005375306662576427,-0.0022501851003952273,15.461936115186282,0.0028700236962042
2021-10-13,DIS,5.7655890754855695e-05,-0.004537804960593144,-0.009374430957252973,-0.0009823886329177764,16.003212269737684,0.0049312698027431
2021-10-14,DIS,0.0025309862135549045,0.013268046990964266,0.01774272064505669,0.008348531019993641,15.823751569857563,0.0041211646252141
2021-10-15,DIS,0.009263396313956168,0.01617330245478074,0.0005744458989334568,0.01168525284557344,16.450552766328908,0.0077132301706697
2021-10-18,DIS,-0.01913573886142905,-0.03151608868893009,-0.025008552858908045,-0.030612291295111848,16.835681802188148,0.0113369365602049
2021-10-19,DIS,-0.005351952337596983,-0.010205323217636751,0.0022353640787085793,0.00023365878856704088,16.084487263202448,0.0053487961858082
2021-10-20,DIS,-0.0027451490943532974,-0.0032690004498358532,-0.0017642165388849491,-0.003686958251862516,16.09150534137949,0.0053864664914345
2021-10-21,DIS,-0.004513931558701628,0.008616682648707743,0.0012941809832881829,0.0046213182916022425,15.831612992255538,0.0041536905278694
2021-10-22,DIS,0.002171571357268429,-0.009903980275836874,-0.008857496541153044,-0.011269079993255009,15.876571837806408,0.0043446972317279
2021-10-25,DIS,-0.00393570364315661,0.010309810675167988,0.0025472411669270898,0.015171870723102904,16.09776038383473,0.0054202646657923
2021-10-26,DIS,0.017792434355930517,0.0031818831236195533,0.009889952353259467,0.00017429553913536668,15.581986577592142,0.0032361060495594
2021-10-27,DIS,-0.006846148643080798,-0.006258026990136877,-0.007526459207614045,-0.014579110746995003,15.769204761081074,0.0039023892085445
2021-10-28,DIS,-0.013421591977234656,-0.009871883958532397,-0.004910832176792226,0.0007662855164504008,15.880409491658895,0.0043614027123434
2021-10-29,DIS,-0.002717625573266826,0.0006457231263483571,-0.0026724812989988786,-0.003601194840352554,15.84350102965275,0.004203364440428
2021-11-01,DIS,0.0011233909814583178,0.004623653278804522,0.005574574621729495,0.006602481299643884,15.91755729118386,0.004526466136703
2021-11-02,DIS,0.004834397895572152,-0.002338363092850406,-0.0006506566879396848,-0.0021174270896229387,15.72907474281964,0.0037488868618293
2021-11-03,DIS,-0.0019427369171236264,-0.0038705462179431846,-0.003616436055652054,0.0014709715771139159,15.736732883703462,0.0037777065816991
2021-11-04,DIS,0.001942634680814951,0.0013503973513681843,0.001780126792553062,0.001175112479359917,15.831146776317986,0.0041517544622352
2021-11-05,DIS,0.020202675766070374,0.037827258453006975,0.021467082773895762,0.030935364713402434,16.640407119142193,0.0093258622116735
2021-11-08,DIS,0.029474932837561942,0.01268827231159214,0.021640853913869607,0.007035492275673991,16.17491076698943,0.0058549943749217
2021-11-09,DIS,-0.009785242489423765,-0.011953995568306518,-0.016547237698997578,-0.010000577951654667,15.802466813567722,0.004034373568639
2021-11-10,DIS,-0.012854273840195225,-0.001412542340542924,0.003803022725005836,-0.003776274018106964,16.21756091370974,0.0061101125093541
2021-11-11,DIS,-0.06993783467494923,-0.07579240406023477,-0.09362636018309138,-0.07336299802531765,17.94853884623917,0.0344987535366055
2021-11-12,DIS,0.003860275989957053,-0.002136920389774079,0.00378239901507863,-0.015416387584775513,17.05960182457752,0.0141821786162909
2021-11-15,DIS,-0.021199265129665253,-0.01782188882456646,-0.008023034965464962,-0.0075459249086984445,16.873527298558542,0.0117742108127393
2021-11-16,DIS,-0.006454669879843741,-0.0029910123086609457,0.005629171527440861,0.0025216403733231197,16.55739526182777,0.0085829661697334
2021-11-17,DIS,-0.002076815639055132,-0.008460550706136428,-0.01141780084589554,-0.009488897611468025,16.503051950482984,0.0081289864365835
2021-11-18,DIS,-0.01038580426568183,-0.010057357391558447,-0.019584477395135382,-0.011185493140530996,16.488810640563237,0.0080140394540703
2021-11-19,DIS,-0.013264655146716455,-0.013375704906464406,-0.006134160932493576,-0.010207435495330038,16.63548971520953,0.0092801157465444
2021-11-22,DIS,-0.011614139785684457,0.003922455908278489,-0.0013099992925454356,0.0010384413687018733,16.364205525682777,0.0070751582537836
2021-11-23,DIS,0.003972927034873072,-0.010126996855139075,-0.015722497391366764,-0.02051268109920087,16.670997579867993,0.0096155529467175
2021-11-24,DIS,-0.02068811928339156,-0.018583054017618048,-0.009297837003933029,0.0020506481336426833,16.463364866166007,0.0078126886281089
2021-11-26,DIS,-0.02615384471080568,-0.017052503788915187,-0.02002462379467458,-0.021573911056849065,16.302722964118455,0.0066532618940012
2021-11-29,DIS,0.013599283575232678,0.0030187090277561876,-0.011030720264989167,-0.002027483844599473,16.870987113007665,0.011744340085811
2021-11-30,DIS,-0.014144314178138608,-0.013622219319561021,-0.007934358770994895,-0.019883864472896053,17.074033966402077,0.0143883419482574
2021-12-01,DIS,-0.00013627205892583082,0.007373672839447955,-0.0075048283572951326,-0.01916093162156007,16.616990444576484,0.0091100185515357
2021-12-02,DIS,-0.02666460743906457,-0.0048645943820427905,0.005126272737917742,0.03490935022162002,16.7157061810714,0.010055205794174
2021-12-03,DIS,0.03420258011113371,0.004527612839286557,0.010798161830306055,-0.006679811856404502,16.521932834716385,0.008283927003484
2021-12-06,DIS,-0.0035921344712270924,0.016184369256956363,0.01615203130937348,0.027986531447726726,16.478137988856645,0.0079289631984855
2021-12-07,DIS,0.03049177001959524,0.01331147945393212,0.020581726327681845,0.0029218470344249507,16.50070835392198,0.0081099576772069
2021-12-08,DIS,-0.006143723231236354,0.005874297489028193,0.0055946990469632535,0.016636834679360387,16.371675367091758,0.0071282064521619
2021-12-09,DIS,0.008971744310707859,0.00409162396521433,0.007543318912776667,-0.0026118383723070997,16.288875946206396,0.0065617689637429
2021-12-10,DIS,0.008566333648820965,0.002395284654042365,-0.0016493421794096768,-0.0015049549142986027,16.1425834620905,0.0056687448609073
2021-12-13,DIS,-0.009551901615462783,-0.014064523564091448,-0.014364775981681104,-0.015042867660942904,16.13748652682985,0.0056399251410376
2021-12-14,DIS,-0.018980103689295588,-0.005787405251836132,-0.005171187645980319,-0.008880715943019755,16.20170132679251,0.0060139730215736
2021-12-15,DIS,-0.003355416889439538,-0.004627409579757871,-0.007908841589560976,0.008681174108073165,16.319525231121894,0.0067659962300752
2021-12-16,DIS,0.017260787028955542,0.007525224145839057,0.008312738806347707,-0.01103138314352782,16.22655544887532,0.0061653180380106
2021-12-17,DIS,-0.018942713635603615,-0.014707026944101411,-0.013620262932414593,6.729080972083806e-05,16.43909167498265,0.007625332790875
2021-12-20,DIS,-0.010355803363052396,-0.014181817624046252,-0.01021789131541858,-0.015513632807272075,16.23159405400531,0.0061964610366414
2021-12-21,DIS,0.003938234386375264,0.024737041424247284,0.015796675907386787,0.030790162607427222,16.193333077894927,0.0059638565797272
2021-12-22,DIS,0.01919659254208086,0.0050720812751464,0.016686167869052325,0.005479918976510231,15.87224638997916,0.0043259450531562
2021-12-23,DIS,0.012552302945860714,0.012990251684096525,0.013651674214935986,0.011456431456453251,15.698389772711222,0.0036355993641455
2021-12-27,DIS,0.0036696344419712575,-0.0011032104676892696,-0.003494617859747213,-0.005417327522277188,15.864750719743755,0.0042936404151448
2021-12-28,DIS,-0.0017020575254868976,0.015973652606622462,0.006649115713433211,0.015584825858241691,16.31684002862474,0.0067478525292743
2021-12-29,DIS,0.012631124029568376,-0.003713057295027375,0.011546330830434569,-0.0021286550566793753,15.983077553735988,0.0048329729846844
2021-12-30,DIS,0.007413061699444692,0.0073486394261783735,0.008589369779633087,0.006821188222679816,15.793528407849339,0.003998473380164
2021-12-31,DIS,0.0010268786068508117,-0.0031884419794232103,-0.004963748885905728,-0.0066920286033027776,15.673401185659515,0.0035458765510386
2022-01-03,DIS,-0.0002565657772580386,0.006303129694647285,0.00399873204067712,0.012000802860095932,16.140131175639485,0.0056548605045017
2022-01-04,DIS,0.01755648013748134,0.017365469900388925,0.0012221634176562343,-0.0065922982908548965,16.623828387964654,0.0091725258134414
2022-01-05,DIS,-0.013138293212476395,-0.005880430408039834,-0.002897018860604695,-0.003473408089374829,16.322839032672647,0.0067884545914325
2022-01-06,DIS,-0.001790648687569653,-0.010153161031920314,-0.009197784508917244,0.01095828664735567,16.222032243318377,0.0061374940090385
2022-01-07,DIS,0.004215373242930501,0.009651006855168167,0.01684081622648265,0.0059099693054895505,16.072533376542854,0.005285237916844
2022-01-10,DIS,0.0068598282473711,-0.006486740339622405,-0.010548719838182393,-0.007823660086637546,15.97571389486606,0.0047975153254972
2022-01-11,DIS,-0.008645992729434804,-0.0003160202155703505,0.0083709286364567,0.008203726452130003,15.900263096300579,0.0044488575628503
2022-01-12,DIS,0.011932039965203211,0.004854769196999341,0.0024336506114805076,-0.0005702516224603247,15.760792080904158,0.0038696973574062
2022-01-13,DIS,-0.005060056322004673,-0.00289743717799015,-0.007447828628902554,-0.015068544597565608,16.085634544102316,0.0053549362796768
2022-01-14,DIS,-0.03451383297190472,-0.037992606135532854,-0.04447510193882728,-0.02277400248106029,16.63879245393022,0.0093108162158874
2022-01-18,DIS,-0.008172502135254733,0.003336116739742495,0.009455240965059534,0.002169557661926098,16.15918970446717,0.0057636673931463
2022-01-19,DIS,-0.0017885491520665856,-0.0017649367055400343,0.0008671615635017375,-0.01428707097231019,16.15858488612032,0.0057601824750047
2022-01-20,DIS,0.0004640777579487396,-0.0013091544759329396,-0.018916134464775646,-0.01672692250041405,16.280248598492864,0.0065054017957059
2022-01-21,DIS,-0.06629383211249125,-0.0733020514969727,-0.07417576715777703,-0.07189043898125098,17.35623220158392,0.0190795396123542
2022-01-24,DIS,-0.04644924177700796,-0.02997912689953225,-0.05545085544917462,0.00058205550864562,17.26293930906156,0.0173800611986142
2022-01-25,DIS,0.003479991073720673,0.000508377162543682,0.02385080207325937,-0.006935154925521072,16.502977094840354,0.0081283779588127
2022-01-26,DIS,0.01772947713729779,0.003261417852482788,-0.0009069942280311782,-0.021547548353210606,16.494468383364502,0.0080595093383946
2022-01-27,DIS,-0.019356913367955416,-0.0021006208840807163,0.013219377037575164,0.01353068307537213,16.293216427584458,0.0065903121028078
2022-01-28,DIS,0.001036086599585625,0.00564004760282676,-0.003438149256482384,0.023427630607829077,16.119265066924854,0.0055380880886763
2022-01-31,DIS,0.02663703987521639,0.03165172381576069,0.036102886866708477,0.03082625698747899,16.136475796418527,0.0056342275764568
2022-02-01,DIS,0.02951833771811754,0.010700613660698521,0.026932431469437204,0.010575575389146732,15.964163397274335,0.0047424204291627
2022-02-02,DIS,0.008147327624242863,-0.0006914670426179452,-0.0061347908595964324,-0.013026675792251037,16.069944887328788,0.0052715748250823
2022-02-03,DIS,-0.029489500510497244,-0.017793496774422643,-0.015180488341588354,-0.01832707158276763,16.099992880087232,0.0054323789050465
2022-02-04,DIS,0.0002855672760990734,0.008063717670021855,0.002008686089479061,0.01411118792865343,15.90256070565009,0.0044590910526313
2022-02-07,DIS,0.02364012326715972,0.006265627134143384,0.014797166330381872,0.0034441962426053404,16.207707901076574,0.0060502051070145
2022-02-08,DIS,-0.011221034681399842,-0.008362870329732474,-0.0061624395857924515,-0.00021041575401082243,16.038153879857184,0.0051066220330446
2022-02-09,DIS,0.01803234093849029,0.03073561991316377,0.01767706854283536,0.03279432038031542,16.945660125366395,0.0126548994116767
2022-02-10,DIS,0.07760488444387671,0.0666147753799496,0.05341676458979649,0.032936729726065705,17.565021716222507,0.0235095343643109
2022-02-11,DIS,-0.01602328602621573,-0.018002458389128437,-0.01701928200873303,-0.017837041054557665,16.70450364370636,0.0099431905681927
2022-02-14,DIS,-0.027534594056598555,-0.0062252759154408826,0.004365919020956537,0.009190359084472573,16.50299751057133,0.0081285439072957
2022-02-15,DIS,0.027534553621426126,0.007259051283996872,0.02187527158293257,0.025330928110495123,16.359157781354156,0.0070395346461135
2022-02-16,DIS,0.009335128403449583,0.012067761879158857,0.00809793034498662,0.010480238654690036,16.181671302435646,0.0058947113785042
2022-02-17,DIS,-0.0018730270177504931,-0.008779652215241577,-0.007442363465338165,-0.02198618057801797,15.908645540076106,0.0044863066038327
2022-02-18,DIS,-0.011573549266996417,-0.010872493875588345,-0.016917015482908124,-0.01044989751359745,16.193713290133978,0.0059661245423273
2022-02-22,DIS,-0.017948373767321293,-0.018984387219080627,-0.01639493981160908,-0.021840949286309263,16.319173618019587,0.0067636176351532
2022-02-23,DIS,-0.004604825147908949,-0.006987644871575293,-0.014397620577960483,-0.015104434201781886,16.04560033162692,0.0051447901841197
2022-02-24,DIS,-0.06565396450028296,-0.0011359281263300083,-0.03853365828108914,0.02391145694195689,16.339277359116092,0.0069009676628626
2022-02-25,DIS,0.06605520798388023,0.0047356497513713165,0.050285649121145755,0.0008697983951510318,16.132935099681976,0.0056143137585046
2022-02-28,DIS,-0.011634626043939287,-0.005337606105953535,-0.005175645006538048,-0.00718139607751255,16.198264596817328,0.0059933400935287
2022-03-01,DIS,0.0002028789600429522,-0.008937371211362947,-0.018468082405830186,-0.0187659426547345,16.006493586183808,0.0049474774379097
2022-03-02,DIS,-0.01053818378408326,0.0021577518016625092,0.01477422748125724,0.011193182913408279,15.876151597552694,0.0043428717984156
2022-03-03,DIS,0.0068116034695973795,0.0012116344502226407,-0.010125056072625857,-0.012085643589664043,15.900983996124118,0.004452065900187
2022-03-04,DIS,-0.022656453782324445,-0.029977283380858588,-0.034510387928309356,-0.03388497578033698,16.373745191270125,0.0071429758671432
2022-03-07,DIS,-0.02624240259697779,-0.02363786496631866,-0.04477114064663013,-0.052670746965777816,16.493081001542446,0.008048335473877
2022-03-08,DIS,-0.05314083626482272,-0.03908150700174486,-0.03159401023858996,-0.013195235088793299,16.622017558823174,0.0091559309651478
2022-03-09,DIS,0.01839829185671751,7.370234910935939e-05,0.03099429111218352,0.014318148926190415,16.501526511557177,0.0081165956165243
2022-03-10,DIS,-0.023372388917480967,-0.009640437703449686,-0.013133296269992148,-7.478317650165435e-05,15.949345701856858,0.0046726667501689
2022-03-11,DIS,0.020341781158254458,0.014499549673749655,-0.00037980113431544335,-0.014243365749688732,15.76972909656519,0.0039044359065007
2022-03-14,DIS,-0.03082263275949983,-0.022955361982220694,-0.024544461985422154,-0.02086129227585089,16.115241682261225,0.005515850991963
2022-03-15,DIS,-0.009512048420950516,0.011134886110092097,0.008763470527899112,0.039286344419144796,16.10143777574192,0.0054402337999055
2022-03-16,DIS,0.04454538273940859,0.032319707817367455,0.041072076225047244,0.028936336199012865,16.18000894795845,0.005884920418011
2022-03-17,DIS,0.013109553353511242,0.0035195974429031354,0.011933878780958845,0.009581945345059897,15.734783494204892,0.003770349532289
2022-03-18,DIS,0.015235481113467635,0.008993572788107692,0.012661175390599114,0.005933450998982388,16.241091830094167,0.0062555940127274
2022-03-21,DIS,-0.004668726029988487,-0.01021317795322651,-0.010320545478374743,-0.01204661759227665,16.02271857891676,0.0050284049814212
2022-03-22,DIS,0.0011512267522271376,0.020534261341092746,0.014649496018700794,0.010691446930328734,15.956940614464896,0.004708290357839
2022-03-23,DIS,7.182965680820601e-05,-0.01723773144180809,-0.00983962012576833,-0.01778640562952982,15.985854967866903,0.0048464148118022
2022-03-24,DIS,-0.003529482144245261,-0.0035119161792384113,-0.0009453664833576394,0.009544778352837725,15.58345553310969,0.0032408632394036
2022-03-25,DIS,0.005038491167577236,0.007938534226797243,0.005153647059423221,0.0012944397451805348,15.598801100185112,0.00329097968125
2022-03-28,DIS,-0.0028759876890774648,-0.005356951225407528,-0.013411240398448874,-0.00302308134096591,15.950398750642526,0.004677589888496
2022-03-29,DIS,0.014865923780311147,0.034006597207950004,0.033764626015401665,0.026042052171353237,16.238603947493313,0.0062400501714924
2022-03-30,DIS,0.002479874289584068,-0.008271664582647172,-0.006262465979028478,-0.010023321363155051,15.8852048744136,0.0043823675373542
2022-03-31,DIS,-0.008314229827060968,-0.016822599975449545,-0.021430280325427258,-0.027328162619645505,16.325638217301748,0.0068074833508091
2022-04-01,DIS,-0.02018233752234313,-0.019930389698963515,-0.011590514262304218,-0.001167223929371113,16.151627230869554,0.0057202442067782
2022-04-04,DIS,-0.0026975798027049354,0.00836460952377499,0.00998473419403171,0.011466927650440982,15.916542466217024,0.0045218748953418
2022-04-05,DIS,0.005605935278263633,-0.00043094615228406175,-0.012940387024579121,-0.021590990220189392,15.978155307670665,0.0048092423516247
2022-04-06,DIS,-0.029395522657312337,-0.03859452370086167,-0.03249146258400534,-0.02274597662957477,16.273362935721618,0.0064607616537963
2022-04-07,DIS,-0.005548092582734406,-0.005390318821060068,-0.006057531272968164,-0.00529429013949722,16.103864973477855,0.0054534543623793
2022-04-08,DIS,-0.0076223494799527065,-0.000675940370878178,0.004680619241072513,0.0,15.717916696488572,0.0037072891087736
2022-04-11,DIS,-0.014959957755250422,-0.005196870735922572,-0.004526972046302954,-0.00929468551739035,16.109589677518606,0.0054847633094931
2022-04-12,DIS,0.013519423617803882,0.005872726353513756,0.0008455349601560498,0.0014532236529305749,15.880548996146791,0.0043620111901141
2022-04-13,DIS,-0.00578244965958369,-0.0024050965272466463,0.004599588886708088,0.011474870594860931,15.856016475848996,0.0042563020064844
2022-04-14,DIS,0.013340505666656377,0.0052536085317460715,-0.003063974047882828,-0.014306708462146598,15.80112221116776,0.0040289525848631
2022-04-18,DIS,-0.02084666696591547,-0.02555001672772053,-0.02745440465997563,-0.020911551625803083,16.173625055349227,0.0058474713770286
2022-04-19,DIS,-0.015339665310537187,0.022551406182331424,0.007619587741424089,0.03181231194149588,16.36239001839282,0.0070623249044366
2022-04-20,DIS,-0.01605449679415178,-0.044837570485354396,-0.029220086111521573,-0.05717627038714494,17.411882678129036,0.0201714253139072
2022-04-21,DIS,-0.004054201381944051,-0.0070922041812479936,-0.023066325949783126,-0.023637469173853343,16.743424323767638,0.0103378160606127
2022-04-22,DIS,-0.04504936097105333,-0.036727966554258785,-0.026146906513960358,-0.02826019234709651,16.784529229353524,0.0107716053950055
2022-04-25,DIS,-0.019775943993934692,-0.01288100410429795,-0.011920114109633262,0.014104851853443234,16.61832539615004,0.009122188106951
2022-04-26,DIS,0.012584093433350834,-0.0098547496728474,-0.009552967035846925,-0.03546951097968064,16.59532318734351,0.0089147525032819
2022-04-27,DIS,-0.031718907390612235,-0.01906431413037091,-0.019648692579258536,-0.0048488724278243165,16.55976416832297,0.0086033225169734
2022-04-28,DIS,-0.0018210030994800376,-0.007728760152135599,-0.006192560699548831,0.0006940893549568848,16.95932230452413,0.0128289793702758
2022-04-29,DIS,-0.00017356653680146,-8.616243880739548e-05,-0.011872438970920607,-0.03226082817249951,16.6432383544662,0.0093523033366212
2022-05-02,DIS,-0.030763571616864833,-0.020292463220793974,-0.003147964712067709,0.016612961265940338,16.475819115007667,0.0079105982330407
2022-05-03,DIS,0.020730754605453077,0.010241220149220923,0.015020399545088164,0.00044045701017618227,16.226905301505713,0.0061674753682888
2022-05-04,DIS,-0.005980106631942798,0.013923388710919863,-0.007660791615098235,0.02298354637980477,16.256839771180378,0.0063548865216836
2022-05-05,DIS,0.012011846069191236,-0.010098970584236809,-0.0031346489177833713,-0.03129628030828488,16.358701917638193,0.0070363263087768
2022-05-06,DIS,-0.026225504178242744,-0.027975068114464912,-0.028940032526237926,-0.02081724049558401,16.34325325271063,0.0069284597948689
2022-05-09,DIS,-0.03329393951614982,-0.012117009360797773,-0.016947990675669638,-0.030471350240228814,16.702632652530603,0.0099246043381039
2022-05-10,DIS,0.01587553932269266,-0.00036123580383735557,-0.0031981898102600046,0.006521980402046312,16.56647343059773,0.0086612385375178
2022-05-11,DIS,-0.017819889326946586,-0.005707335497351882,-0.012800663039000067,-0.023205572225546266,17.108874034327442,0.0148984675848004
2022-05-12,DIS,-0.047447192814456016,-0.0471561381827394,-0.05210221686475944,-0.008591096913230697,17.407295268386537,0.0200791026412342
2022-05-13,DIS,0.02362543122608919,0.025296427520764653,0.0570522804398789,0.028541031937705342,16.63585325295063,0.0092834900323641
2022-05-16,DIS,0.019735553300507375,-0.0006502826815198002,-0.004377675666932338,-0.020235106743246748,16.29988381552393,0.0066343990831076
2022-05-17,DIS,0.002509388968233749,0.0108128349486383,0.013734508944344682,0.03236642481209979,16.28763595779282,0.0065536374880791
2022-05-18,DIS,-0.0032541106920622427,-0.010441181741833698,-0.02302885574383355,-0.040768168967737946,16.283101570331457,0.0065239880257947
2022-05-19,DIS,-0.03747888892295299,-0.02216472687378002,-0.00889583380574261,-0.01118413640798467,16.23898505684697,0.0062424287664145
2022-05-20,DIS,0.010196323593883392,-0.004759617782234023,-0.028670433531250754,-0.007005265216127302,16.566007097625366,0.0086572004577664
2022-05-23,DIS,-0.007010781680193069,0.011668270743226166,0.014979651590450982,0.032752072576075375,16.48290548675842,0.0079668547687557
2022-05-24,DIS,-0.0004820788970037939,-0.0208708958104716,-0.014180470582380148,-0.040889033426466846,16.45243711910387,0.007727778321007
2022-05-25,DIS,-0.02222961750504284,-0.00028892812960497474,0.010234151585573456,0.01630503895606082,16.215821184173947,0.0060994918064463
2022-05-26,DIS,0.02713513254126954,0.022102429951275836,0.02730272270791618,0.022502949142382777,16.240118662975277,0.0062495092350197
2022-05-27,DIS,0.025296201108813934,0.03007192229244223,0.02442042292444944,0.034526288457476254,16.430809376080862,0.0075624383158425
2022-05-31,DIS,0.028680131186129068,0.01695338367155379,0.012870984117486555,0.01019307886932311,16.82487947836397,0.0112151303737304
2022-06-01,DIS,0.01810778360713938,0.014369456884400566,0.0033304733093826528,-0.011382925478784557,16.286123960909883,0.006543735895264
2022-06-02,DIS,-0.023303087421754787,-0.016979861414795207,-0.0033304895507095898,0.015268868626581958,15.99365436073926,0.0048843616982334
2022-06-03,DIS,-0.0023787816680539515,-0.009963823901444195,9.262765178342819e-05,-0.020042605300771434,15.727657224629638,0.0037435765103754
2022-06-06,DIS,0.0052988015201718705,0.0030904188005279622,-0.0025049238633450942,-0.007759787265599204,15.840482846180832,0.004190697039564
2022-06-07,DIS,-0.027340752735266503,-0.02081597425989123,-0.015446142409344483,-0.0003710301243581336,15.800517923536484,0.00402651867378
2022-06-08,DIS,0.005975123004570907,0.013254948306130013,0.009015775364125667,-0.004183620413352462,15.764202690854422,0.0038829179198801
2022-06-09,DIS,-0.008412836887886403,-0.021255781368749053,-0.035301677926089056,-0.03836391249658126,15.927080534443414,0.0045697786907491
2022-06-10,DIS,-0.04905778476967998,-0.04724085189421019,-0.038202442306123435,-0.038485345656824085,16.54790866184475,0.0085019279939
2022-06-13,DIS,-0.03838879649007513,-0.04516850736235356,-0.04686486586582798,-0.03782919390451996,16.53941448860774,0.008430016984628
2022-06-14,DIS,-0.01382334055393538,-0.01382334055393538,-0.018411762345092297,-0.015690386448388036,16.336725109067153,0.0068833771236715
2022-06-15,DIS,-0.0173935160927141,0.010642319296071918,0.010577571863567567,0.017464902351954026,16.27950004459168,0.0065005339735398
2022-06-16,DIS,-0.006361931571473994,-0.019930065200285008,-0.007253215725671121,-0.016828244517633723,16.543265407706702,0.0084625428872834
2022-06-17,DIS,-8.489923535985938e-08,0.006166686376060224,0.0006420122656563982,0.0006360890183810961,16.55012485511108,0.0085207908047936
2022-06-21,DIS,0.00942250418470376,-0.005433172345819847,-0.0021421007032162392,-0.011192343447351956,16.62790882236735,0.0092100301705847
2022-06-22,DIS,-0.029188970368052732,-0.008839259844722908,-0.013601113548436367,0.0022485786951181234,16.249430971480713,0.0063079784171739
2022-06-23,DIS,0.019234436566810287,0.0004226732684293099,0.0006518286329164776,0.008519750366405536,16.244622657544998,0.0062777204771187
2022-06-24,DIS,0.01573337691313286,0.04058106756531606,0.03552944922423868,0.036238831425291745,16.273491355420656,0.006461591396211
2022-06-27,DIS,0.028607405772649627,-0.0034551997875846775,0.004184173316280036,-0.01203773188648126,16.194473281202665,0.0059706604675275
2022-06-28,DIS,0.01535685530509821,0.021850470239094782,-0.0002088850182591725,-0.0071678205727729845,16.637627326833158,0.0092999742483356
2022-06-29,DIS,-0.03873957579969194,-0.042732884254725996,-0.013136638393405885,-0.002818767538575697,15.973439868257028,0.0047866180417845
2022-06-30,DIS,-0.016074321137680907,-0.007931548793576246,-0.02127626436689591,-0.013154648738733676,16.21190479568203,0.0060756505410646
2022-07-01,DIS,-0.0019081939514549468,0.0090743313918525,0.01544104056089275,0.018264371340550308,16.17101072455076,0.0058322041165986
2022-07-05,DIS,0.0002122023334265154,0.009507165533914775,-0.017929622430207952,0.010759431410794622,16.182065354099603,0.0058970346572653
2022-07-06,DIS,0.03410319420931871,0.009825189598369786,0.03292627079495681,-0.011383607388407392,15.971936404398527,0.0047794269408573
2022-07-07,DIS,-0.006480614329153091,-0.006744530082633714,0.005540029057236564,0.013952839235098626,15.871312498067986,0.0043219069734048
2022-07-08,DIS,-0.003411336270814424,-0.004212587322087382,-0.006064378413412855,-0.016245306916732448,15.858975249473682,0.0042689140911875
2022-07-11,DIS,-0.016391222529785705,-0.018497927537501513,-0.02034180328393231,-0.02343114730560536,15.849392467931006,0.0042282013967073
2022-07-12,DIS,-0.015060184918916876,-0.0009443956819965391,-0.0012852373129334362,-0.0004272672464007807,15.974837217978022,0.0047933112972629
2022-07-13,DIS,-0.015724569825831973,-0.02122092507166382,-0.024957812608498497,-0.0070761868447400105,16.300950482202843,0.0066414795517128
2022-07-14,DIS,-0.006971733069990926,-0.013060817562343655,-0.008607445003794541,-0.011906291381731448,16.22662722349658,0.0061657605672984
2022-07-15,DIS,0.015510930166661408,0.035016387862900566,0.027006450388595307,0.035932030992844186,16.520001164553687,0.0082679406329613
2022-07-18,DIS,0.03645983997214413,0.0202509113011822,0.02776624964337815,0.005238334789354626,16.160235273026007,0.0057696968546929
2022-07-19,DIS,0.003315365722807552,0.02617845302198013,0.01427183846944588,0.040044291526091645,16.431694050371167,0.0075691315713209
2022-07-20,DIS,0.03626050488105461,0.04321875293551474,0.033263469107939946,0.036858701765315346,16.531046074064875,0.0083597654601854
2022-07-21,DIS,0.024242374953750576,-9.597227407479404e-05,0.01647189796746026,0.007998870759197564,15.968585968357125,0.0047634405703345
2022-07-22,DIS,0.005534319575409192,0.003064899133579037,0.004908767160623015,-0.01411326430053495,15.870083037112364,0.0043165966219509
2022-07-25,DIS,-0.004852963654785327,-0.011348459619882479,-0.0029423610287430194,-0.0002920854636956542,15.72159538827203,0.0037209522005352
2022-07-26,DIS,-0.006246386863996986,-0.010012254861458274,-0.022347886582277203,-0.028747047206414807,15.663429951967201,0.0035106954726563
2022-07-27,DIS,-0.011520960973953357,0.012523835512779982,0.012477079034438046,0.036603861670396094,16.086068307374138,0.0053572595584379
2022-07-28,DIS,0.022329794770685266,0.012654771109061725,0.01867195945158157,0.013435935278394335,15.8912328166781,0.0044088639784629
2022-07-29,DIS,0.018139509921128557,0.012966819137778625,0.0064052890628904435,0.011374453466236415,16.149594414916912,0.0057086278129728
2022-08-01,DIS,-0.002571207203874065,0.0029110539318910333,0.004729101487690356,0.0011304635936799483,15.865742240264924,0.0042978997595402
2022-08-02,DIS,0.008261703373828184,-0.002722900305487052,0.007290906708410084,-0.014317824124695122,16.02301555468275,0.0050298985177676
2022-08-03,DIS,-9.454890904314031e-05,0.030919742549794852,0.010553917500189905,0.040336680489411775,16.235256359676125,0.0062191959788036
2022-08-04,DIS,0.029724979988295482,-0.0022815078876216297,0.018089476142058546,-0.0082895385446585,15.806448837619943,0.0040504705714837
2022-08-05,DIS,-0.019562132921961566,-0.016118254431132965,-0.021500169642351533,-0.013876888710852039,16.128046080821385,0.0055869322588202
2022-08-08,DIS,0.013022218563743049,0.03225057964240625,0.023726870413157523,0.02299165667386538,16.382450317875357,0.0072054278128878
2022-08-09,DIS,0.00929047024683219,-0.018235914414311258,-0.008095691345474625,-0.009022334235037606,15.987588366819168,0.0048548228682709
2022-08-10,DIS,0.029411226567376186,0.031098944584896766,0.02655270136979849,0.038996603480192564,17.088825362360506,0.0146027473882098
2022-08-11,DIS,0.08296542086457873,0.08991387821963936,0.06532862045474921,0.04572327097108844,17.73500559808224,0.0278655160928784
2022-08-12,DIS,-0.026617383119621363,-0.013557843591897868,0.013460482418307137,0.032436149150792834,16.904951775483003,0.0121500841265877
2022-08-15,DIS,0.016667086269012983,0.035145214736393524,0.017256930948399616,0.021885969553552955,17.01940678679985,0.0136234300742479
2022-08-16,DIS,0.03036085847457801,0.004119806498110161,0.02012828719355985,0.005617492957746449,16.497032030179135,0.0080801975826005
2022-08-17,DIS,-0.010315226445842221,-0.01593912150991464,-0.0071538876725376985,-0.017355242487272663,16.028269516252397,0.0050563949588762
2022-08-18,DIS,-0.00357051595341455,-0.01090439702914788,-0.007041129628836378,-0.0011406127545963071,15.809380730799445,0.004062363546094
2022-08-19,DIS,-0.014411180048649705,-0.014232227235963468,-0.01849217653939048,-0.020840123395544127,15.979121013577233,0.0048138889091468
2022-08-22,DIS,-0.02971552301350469,-0.02654578339819689,-0.032234781834175434,-0.03558486890646417,16.264427356406234,0.0064032881625398
2022-08-23,DIS,-0.014721157677588788,-0.01568786302722758,-0.009291848789704188,-0.009358796951058441,15.78690756857066,0.0039720875713773
2022-08-24,DIS,-0.011359359045887188,0.0067657697590359864,-0.004547079326932668,0.0134044832331455,15.8748132933461,0.0043370636015129
2022-08-25,DIS,0.02028637114746262,0.005192949688827457,0.0174627409571097,0.008979330137517161,15.750056521430405,0.0038283761851553
2022-08-26,DIS,0.003838217974068301,0.005081851239767449,-0.01930490054854271,-0.029285492515618038,15.870582687943704,0.004318753952229
2022-08-29,DIS,-0.04287438596079084,-0.03350266044846425,-0.013080246748918249,-0.004745299813919688,15.744521720076634,0.0038072454116616
2022-08-30,DIS,0.01534288530941488,0.0024430991151029955,-0.00857686083348767,-0.00973625917936988,15.902424238552282,0.0044584825748605
2022-08-31,DIS,-0.0124148840368391,-0.008752846767113034,0.003582586186857411,-0.0031179457677643543,15.810619087177262,0.0040673973167431
2022-09-01,DIS,-0.009614567063578704,-0.010250136776038515,-0.016405577740357953,0.004006975314364368,15.859156643594238,0.0042696885174412
2022-09-02,DIS,0.011208086660656593,0.011480176052008767,0.00733462258148806,-0.011889507127629909,15.951462504960768,0.0046825683429841
2022-09-06,DIS,-0.011387025408602595,-0.018700380059244626,-0.021153188151306828,-0.010032132608074992,16.07072108935062,0.0052756682209947
2022-09-07,DIS,-0.017145244016760743,0.010501163354284785,0.012363457489507557,0.023342568446632284,15.918900655004737,0.0045325509144106
2022-09-08,DIS,0.010862701514070332,0.00026547946863684883,0.004449825962276259,-0.003199778881004694,15.948883903851172,0.0046705094198908
2022-09-09,DIS,0.01961371930782139,0.022230955777219816,0.025320119496984456,0.02505517093712337,16.073422604815175,0.0052899397905271
2022-09-12,DIS,0.025021991095714045,0.016822935451612248,0.018209285260318158,0.010450446964959788,15.885331090808494,0.004382920698964
2022-09-13,DIS,-0.026966093689787165,-0.031734919623417165,-0.036216593435739686,-0.04059284636664451,16.167323909626532,0.0058107414461389
2022-09-14,DIS,-0.010671510735987069,-0.009533946099823143,-0.011671667855079807,0.006599528270126969,15.968481449070842,0.0047629427248857
2022-09-15,DIS,0.0048162124565970235,0.014704182667390271,0.007525252021926581,-0.01549734577004666,16.0917312441985,0.005387683446976
2022-09-16,DIS,-0.028702307856581403,-0.04313360048499482,-0.03445921095113606,-0.023012555924319056,16.586773464198302,0.0088388587304195
2022-09-19,DIS,-0.015502723710340005,-0.003290649853571831,0.0007477157647831976,0.00846295170296041,15.892386436142505,0.0044139530652729
2022-09-20,DIS,0.006950506131432628,-0.007443918738044243,-0.001683112982596028,-0.014764568203617125,15.755316543031935,0.0038485665839125
2022-09-21,DIS,-0.008253342667116564,-0.003418783436214717,-0.022428171020868377,-0.029050394386466255,16.09548197837387,0.0054079291618941
2022-09-22,DIS,-0.030059031384861348,-0.03178455588095453,-0.02392256742871717,-0.022551159447749238,16.20916055960988,0.0060590003766101
2022-09-23,DIS,-0.035056979762969474,-0.033815890958433396,-0.03999730125994719,-0.026382570310333683,16.298490436052617,0.0066251612842242
2022-09-26,DIS,-0.01673645056893554,-0.005152593567107624,0.0004079866757126105,-0.013966416198530566,16.093854289039047,0.0053991338922985
2022-09-27,DIS,0.005844470467091766,-0.010184835779824734,-0.027186496018000807,-0.023406776129196297,16.40779077086978,0.0073903497390387
2022-09-28,DIS,-0.0383008606014612,0.0023056119275882358,0.00020944901175765527,0.03636760388060044,16.372389048811172,0.0071332955389719
2022-09-29,DIS,0.028202834823363887,-0.012798039792887529,0.008138757883935876,-0.019812652545409523,16.059947441549962,0.0052191351044747
2022-09-30,DIS,-0.020817991914598946,-0.01142392525329518,-0.020472071446803488,-0.03254004487881658,16.30829451679227,0.0066904343541787
2022-10-03,DIS,-0.008011288128885513,0.0030727376632725843,0.0023307255705128107,0.02925092325504672,16.063470601908833,0.0052375553860806
2022-10-04,DIS,0.030350504589637495,0.037535719533936744,0.03871184122214652,0.04341722948039495,16.140737479200407,0.0056582901064824
2022-10-05,DIS,0.013687847072568475,-0.0029593858283042114,0.0047732403241794,-0.0063291021784899915,15.838752182182061,0.0041834506224758
2022-10-06,DIS,0.003890809832184643,0.0023681998184579946,0.011784406785988483,-0.007568316202335151,15.7218183553373,0.0037217819429499
2022-10-07,DIS,-0.019302838452678862,-0.026566943034699947,-0.034844615607449905,-0.029210928897271823,15.768680150525022,0.0039003425105883
2022-10-10,DIS,-0.009383088530610957,-0.010786758261823778,-0.021271804590944354,-0.020799410512560786,16.070196694545256,0.0052729024129458
2022-10-11,DIS,-0.028900118699683015,-0.02780261473380645,-0.01892391677595803,-0.021885546276241,16.00166306553341,0.004923636172528
2022-10-12,DIS,-0.017556392207955508,-0.010469076117977583,-0.004868885092059826,0.003324263841462083,15.632970424479996,0.0034053735021534
2022-10-13,DIS,-0.01721484212300419,0.030362420581281267,-0.01629256451318397,0.03399422119743164,16.21571235051783,0.0060988280125145
2022-10-14,DIS,0.062441043128064984,0.01148381837912694,0.039131793580969354,-0.02292207019209501,15.919900898928063,0.0045370868396108
2022-10-17,DIS,-0.011246013997176396,-0.0012241112644589905,0.020253548155406743,0.030036677775631352,15.773321186016545,0.0039184862113892
2022-10-18,DIS,0.03557063611701044,0.024202014448914903,0.014234304281614315,0.011746181787565533,15.959510269026152,0.0047204045970933
2022-10-19,DIS,0.005691168736638752,0.014834110270091076,0.008769286801082809,0.0051652752845461475,16.27774555373208,0.0064891388443783
2022-10-20,DIS,-0.022248761808950822,-0.011055221810272629,-0.003967148855102419,-0.0040489189827901135,15.921155886907822,0.0045427844041916
2022-10-21,DIS,0.001220760689775057,0.015267435192729918,-0.0022449781276430297,0.03439503603422456,16.13725110810075,0.0056385975531741
2022-10-24,DIS,0.03761617901307801,0.008662359062364938,0.02252519002265803,-0.0031408606268635807,15.922263353768717,0.0045478181748407
2022-10-25,DIS,0.000391594670093135,0.01481363541924296,0.018897348094503743,0.025622479930431277,15.855106321178203,0.0042524298752159
2022-10-26,DIS,0.013321081314870876,0.025453748579623212,0.014594453162901916,0.0025837399242326507,16.03511624373401,0.0050911335079707
2022-10-27,DIS,0.02178367794178395,-0.005226225195712129,0.007505879381791466,-0.001817441849028685,15.975783073477304,0.0047978472224631
2022-10-28,DIS,-0.01648514586794354,-0.0073254001071120615,-0.007505785117756899,0.01435450088108629,15.796636294971321,0.0040109195163841
2022-10-31,DIS,0.015066624141073891,0.007606125895147283,0.012383226017930751,0.00555330371411706,15.9919427984033,0.0048760089579256
2022-11-01,DIS,0.0191230053853752,0.01798492391773371,0.007792367142984631,-0.005081540015756849,15.88941190607405,0.004400843135121
2022-11-02,DIS,-0.021112659086968036,-0.025685317814501587,-0.03712518643755726,-0.04023252987989189,16.075522227748532,0.0053010583388838
2022-11-03,DIS,-0.05106868954090603,-0.052047744030101886,-0.03224637119462898,-0.025564595660233683,16.010332362062595,0.0049665061972863
2022-11-04,DIS,0.009436406806087223,0.004557674884972194,-0.0045761843169295265,0.003319426335636198,16.21665518226112,0.0061045808932563
2022-11-07,DIS,-0.0026728730011149125,0.003946316062013291,0.008929550222569511,0.008499652109640269,16.24518643481823,0.0062812607114214
2022-11-08,DIS,-0.001388800040460624,0.004028876827762805,-0.009541284306735186,-0.005291324237513897,17.11616177930265,0.0150074404219279
2022-11-09,DIS,-0.10664060261032537,-0.11272077836100287,-0.12787967792415234,-0.14113918363169067,17.943125488819053,0.0343125040225912
2022-11-10,DIS,-0.008874280678174622,-0.006608026825218273,0.015297256257483568,0.041877245087250506,17.42556596362113,0.0204493337066628
2022-11-11,DIS,0.02018494377960139,0.05461380552642586,0.03906267779645267,0.0490744616990231,16.923378886281245,0.0123760506441845
2022-11-14,DIS,0.045571558642526676,0.010822207538903568,0.03356856811952988,-0.00771307428931917,16.840704590216287,0.0113940228383347
2022-11-15,DIS,0.0015636834710608667,0.005779090140602506,-0.005428221092279981,0.012961856868346848,16.575640807215446,0.0087410044416487
2022-11-16,DIS,-0.008158105735248992,-0.020374846385484473,0.00021353913606988095,-0.016468213890125937,16.2258463977364,0.0061609480612933
2022-11-17,DIS,-0.03309804833695164,-0.03147112789587133,-0.031101985136508713,-0.02697048842910049,16.325630091482207,0.0068074280346481
2022-11-18,DIS,0.008000953577050666,0.00959952829741024,0.0006603375501790665,0.0038200585841067177,16.119265066924854,0.0055380880886763
2022-11-21,DIS,0.07527657207873047,0.07971239129143118,0.05780599922243826,0.061060309529195805,18.067905344042,0.0388726023851691
2022-11-22,DIS,-0.03165853525816653,-0.032436397423664706,-0.017173210288216254,-0.014139300060171606,17.064088902901457,0.014245958149899
2022-11-23,DIS,-0.010362824039451655,0.016953805098874675,0.011551057296676692,0.027373636071307102,16.556557076696986,0.0085757750688062
2022-11-25,DIS,0.028850599143893242,0.004720082536099477,0.023729609800241306,-0.0001010811307386891,15.712275629875997,0.0036864349160847
2022-11-28,DIS,-0.006090857636667287,-0.006836363885449325,-0.027390595215256542,-0.03269216036932638,16.429982485313356,0.007556187589652
2022-11-29,DIS,-0.02275971733545991,-0.02761460760665676,-0.015949535998928784,-0.010505276482071262,16.396128897849643,0.0073046650056831
2022-11-30,DIS,-0.010997845220478785,0.015537652644455006,-0.0005325198458202441,0.03303161285249152,16.5478045555068,0.0085010429353243
2022-12-01,DIS,0.030289737373621912,0.009147319857714536,0.028460870785946987,0.007329750930742559,16.444207330452215,0.0076644413166867
2022-12-02,DIS,-0.004198102722249933,0.008563016212639425,0.004442353347148466,0.008484047376691796,16.349850101834512,0.00697431689232
2022-12-05,DIS,0.00797140664959095,-0.00533065940903003,-0.01390934542586047,-0.035835128032886465,16.191764333781467,0.0059545081485218
2022-12-06,DIS,-0.02588176448526851,-0.03238663848686726,-0.03933363779907596,-0.0386830446698884,16.257196592311733,0.0063571544842838
2022-12-07,DIS,-0.03259475438628974,-0.034009216107944884,-0.007858509572540074,-0.0015180123949811595,16.15282562273263,0.0057271034107396
2022-12-08,DIS,-0.0017282929019294276,0.006873592929675933,0.004482535182033979,0.00433135340938577,16.051015342213837,0.0051727248454138
2022-12-09,DIS,-0.0014064020385783416,0.015716578796967386,0.002505856106775942,0.00892805027688882,16.129223604972747,0.0055935148819767
2022-12-12,DIS,0.014616172340718379,-0.0026374414559158475,0.007696195913884882,0.01361451114172586,16.46456779287572,0.0078220923754752
2022-12-13,DIS,0.02902100665141601,0.028431963872789123,0.010312679585463471,0.00042240213326835024,16.945865547183114,0.0126574992712427
2022-12-14,DIS,-0.02041637550574808,-0.019911511571796364,-0.010204741981402789,-0.005824753318412143,16.25832713525533,0.0063643455852109
2022-12-15,DIS,-0.022138756237118622,-0.024923063296607227,-0.02736298664455454,-0.039649949533003465,16.585452091991034,0.0088271870204531
2022-12-16,DIS,-0.024965763706837066,-0.022150818342287756,-0.014642983424214343,-0.004541205200736236,17.08826457150037,0.014594560596385
2022-12-19,DIS,-0.00835043070218595,-0.017946557686922892,-0.03903588010366794,-0.048912204018606034,16.771737729930425,0.0106346978965839
2022-12-20,DIS,-0.03829097962181002,-0.01827471230369337,0.004089428793558369,0.014352013254389727,16.518105975414834,0.0082522861594044
2022-12-21,DIS,0.012812649630592619,0.0029556734266434027,0.008360583791412916,-0.001149710518805583,16.21384219008952,0.006087432883353
2022-12-22,DIS,-0.0133936918099209,-0.01567270903354685,-0.020915729200531034,-0.002880429115932722,16.55553741264729,0.0085670351153716
2022-12-23,DIS,0.00034866514625008264,0.015332090498723291,0.012671720650908283,0.015342711187229656,16.22888549112372,0.006179700239865
2022-12-27,DIS,0.015679360101499704,-0.0014771671837509812,0.002212795913766591,-0.018810052912307054,16.26318260763676,0.0063953226353589
2022-12-28,DIS,-0.015446933372994286,-0.014316209040142495,-0.022232262174839364,-0.025801866191474156,16.333166787830052,0.006858927380519
2022-12-29,DIS,-0.00968905835305558,0.017721728861225913,0.010648429032886588,0.03513635200986923,16.383923218953043,0.0072160485157957
2022-12-30,DIS,0.005614848528658997,-0.012773737740222809,0.003055359383807215,-0.0034470228940851615,16.96099819464903,0.0128504973568964
2023-01-03,DIS,0.03720870157581398,0.03218968516458605,0.030049525174569623,0.023771323723750938,16.523367473721407,0.0082958199780944
2023-01-04,DIS,0.011398123057753961,0.030431522322843334,0.017270128646677554,0.03327206646327037,16.520703414074937,0.008273748829864
2023-01-05,DIS,0.018276282750868244,-0.0029154262174889128,0.012787037896994235,-0.0006527509407431604,16.268462122549987,0.0064291761258777
2023-01-06,DIS,0.010850877278531476,0.023616059357654574,0.008909529680726115,0.021524799765666368,16.10075628933068,0.0054365276171199
2023-01-09,DIS,0.01892186518263528,0.0106098049779563,0.023056645111621716,0.009009493662713664,16.27302896730285,0.0064586043235182
2023-01-10,DIS,-0.0015897108009240773,-0.0006270837762210034,0.003951594988072645,0.008301475434521798,15.74914582076549,0.0038248912670137
2023-01-11,DIS,0.01724539346469306,0.009469871229338206,0.013025018348895901,0.008025485823604158,15.98539831041564,0.004844202165363
2023-01-12,DIS,0.026542065409985,0.04138936503059995,0.0261669738125968,0.03548854732208577,16.79938788854239,0.0109328520042576
2023-01-13,DIS,0.008894250384225347,-0.01028830735562446,0.0044994101103033556,-0.004116285199269271,16.319418942524212,0.0067652771199825
2023-01-17,DIS,0.009414271852835327,0.013859388162342579,0.010050370604707074,0.0051177449328377485,16.51782440426474,0.0082499628806433
2023-01-18,DIS,-0.0003988543787595785,0.001385268216262122,-0.0028323192655230786,-0.008746040872024918,16.247763426919082,0.006297468346588
2023-01-19,DIS,-0.02177493733568968,-0.016751739742430112,-0.0163401405318077,0.0004038813205214663,16.21100303727413,0.0060701742411277
2023-01-20,DIS,0.02237310563822998,0.04078576056591111,0.022198216653839944,0.04345073711799789,16.493094747434917,0.0080484461061989
2023-01-23,DIS,0.028976177885829468,0.02252647675523197,0.03580635340139218,0.021131899925438912,16.256038635684767,0.0063497974348736
2023-01-24,DIS,0.013558501379269653,0.02322977876642097,-0.008979168805604712,0.0029287775237405813,15.968051643862397,0.0047608960269295
2023-01-25,DIS,0.002480289492957792,-0.0025853392427799163,0.021147423710748417,0.019802714447930157,16.118895431048944,0.0055360413907201
2023-01-26,DIS,0.030124739286772534,0.01468454633269001,0.03202162940584616,0.014507601696012293,16.035192297202244,0.0050915207210975
2023-01-27,DIS,0.010026342422074931,0.007443080645442515,0.014672940398638236,-0.0014595451312293198,16.14275909239151,0.0056697405518049
2023-01-30,DIS,-0.009194688840681184,-0.014666698699982047,-0.01550998183037768,-0.01796218256786403,15.96126650390488,0.0047287020212401
2023-01-31,DIS,-0.006300950406975686,-0.0022968082913804398,-0.0002791834647590921,0.008330347404370947,15.925929918876495,0.0045645236554561
2023-02-01,DIS,0.008515364731266404,0.011158969184635933,-0.005131796765725391,0.008261455024571984,16.115642745042848,0.0055180636384021
2023-02-02,DIS,0.019802606603757447,0.032132319637716025,0.025764391228434297,0.034325016303682086,16.38760364580671,0.0072426555892263
2023-02-03,DIS,0.007202817595486982,-0.0034410299293230915,0.006180248963960836,-0.022330237426743303,16.339036858893714,0.0068993081780332
2023-02-06,DIS,-0.011731004269773389,-0.024244253346782475,-0.01681186910869418,-0.007616395539508176,16.296785705154736,0.0066138767873846
2023-02-07,DIS,-0.0079281152540258,0.015187984345090227,0.0030361097767553163,0.015892005085301922,16.199122581817583,0.0059984844964997
2023-02-08,DIS,0.026186537291272096,0.010734176613670826,0.01305060451170375,0.0013428310040293101,17.137661160851028,0.0153335845070567
2023-02-09,DIS,0.05074057639194075,0.04190494004858085,-0.004361706792076498,-0.012784903590876884,17.647130145670836,0.025521327822935
2023-02-10,DIS,-0.0800427062781947,-0.07409495878144814,-0.02396204049420326,-0.021061131502942507,16.560599670744047,0.0086105136179006
2023-02-13,DIS,-0.0079241071016907,-0.01330107370247893,-0.006175115775025279,-0.0037084423071703653,16.32847820599734,0.0068268440071515
2023-02-14,DIS,-0.011911538475015745,0.0013842250496633633,-0.006874852594110101,0.0,16.192098710466045,0.0059564995303171
2023-02-15,DIS,0.0025244049828915963,0.0076248145382162924,0.008281603935718312,0.014569138723174998,15.914264533285598,0.0045115860893998
2023-02-16,DIS,0.00428630705505807,-0.011505497591117967,-0.009416274519807566,-0.03171323546033752,16.0646844311387,0.0052439167445931
2023-02-17,DIS,-0.02370992101195575,-0.02076586475422136,-0.017368552584943995,-0.0057806914386152475,16.06598107204052,0.0052507206323934
2023-02-21,DIS,-0.014191342660728464,-0.019759094424235193,-0.019931534150943495,-0.030198614555961716,16.180901515663294,0.0058901754533039
2023-02-22,DIS,-0.02167206421883651,-0.011343414874602076,-0.007293583661659363,-0.00402409386334541,16.10653923203592,0.0054680578288776
2023-02-23,DIS,0.0011834989398389279,-0.00498505192745553,-0.014748607375398442,0.0004916462014375598,16.211112384642668,0.0060708380350595
2023-02-24,DIS,-0.019106958617064962,-0.016001965136385576,-0.0065468648716794555,-0.014156568829866207,15.958279066834006,0.0047145964001906
2023-02-27,DIS,0.011984525321224172,0.010302145911115586,0.01105417886176808,0.0014942515197656782,15.708803378590954,0.0036736568828987
2023-02-28,DIS,-0.0027836069354929614,-0.007120964029312844,-0.004909034860506383,-0.008397458130518306,15.923746167803497,0.00455456674648
2023-03-01,DIS,-0.012622788003915381,-0.011178858833019431,-0.014873514813229776,-0.010799955372919052,15.882158231016685,0.0043690363425584
2023-03-02,DIS,-0.014726373988371632,-0.0034184428254904736,-0.006955858036860515,0.0038488411332268375,15.866629911230413,0.0043017165746477
2023-03-03,DIS,0.019553824595517112,0.018856225586790155,0.014875440322608496,0.022194249447438197,15.821615118661835,0.0041123693556185
2023-03-06,DIS,0.01927727144879507,0.014910995891681274,0.016151253422661046,-0.004757131335532252,15.728499118373005,0.0037467295315512
2023-03-07,DIS,-0.011979749609071088,-0.017285792680523705,-0.016050094252953954,-0.01602284577493467,15.754439394266923,0.0038451922980928
2023-03-08,DIS,-0.014042381812973298,-0.01316333937503543,-0.005984066403342565,0.00241988977753706,15.550470548927299,0.0031357072173836
2023-03-09,DIS,0.00453510140024454,0.004307093237550476,-0.024509589647397974,-0.03234016874538241,15.928822104988878,0.00457774421793
2023-03-10,DIS,-0.039482138282401706,-0.042364061496583436,-0.03274457625826026,-0.02709560785594615,16.453052525712764,0.0077325355108512
2023-03-13,DIS,-0.03958064069988613,-0.019798547383220247,-0.025862168681960413,-0.010420730326594367,16.293333930470336,0.0065910865290615
2023-03-14,DIS,0.02270262846388749,0.002973781174594367,0.02056967255545086,0.008173918406433417,16.14994319126287,0.005710619194768
2023-03-15,DIS,-0.02553607176783561,-0.010018215985972712,-0.010122444191935736,-0.0027888151228191225,16.071402391746197,0.0052792637714583
2023-03-16,DIS,0.011286023761835833,0.012771480247806744,0.00523722806693668,0.012700928218465099,16.111242320444997,0.0054938351598936
2023-03-17,DIS,0.014781860689299063,-0.003071509707172822,0.011039167532027973,-0.011627411906181625,16.376081188933906,0.0071596813477587
2023-03-20,DIS,-0.006614137313987857,0.006871397288854107,0.0009681258944495362,0.01088475209049181,15.711209683908,0.0036825074686552
2023-03-21,DIS,0.018452310270986125,0.020129021318659422,0.023065313188951955,0.024325012985756348,15.801437943523243,0.0040302248565656
2023-03-22,DIS,0.0236745583772302,0.011089477335258217,-0.003684482004702114,-0.017133807436833924,15.991522961727215,0.0048739622599694
2023-03-23,DIS,-0.02251936145169137,-0.009335711681886924,-0.0006328314708849213,0.009752206718741996,16.069640535653747,0.0052699706564139
2023-03-24,DIS,-0.004945215883297114,-0.02104038344345201,-0.018533080953873373,-0.018430470677286565,16.070437950309948,0.0052741746846483
2023-03-27,DIS,-0.0003163639660669102,0.010679672094655023,0.014514765042452213,0.016236623862004213,15.828799075898319,0.004142018817903
2023-03-28,DIS,0.0076726077963111,-0.0002082416309711772,0.002222601355755134,-0.008401642623176185,15.506731386108129,0.0030015102108499
2023-03-29,DIS,0.00595021090060474,0.009434549551869068,0.008002583018513297,0.021389538020554114,15.588613912399437,0.00325762403618
2023-03-30,DIS,0.02720763526872621,0.020528620081081965,0.024040061142073518,0.012617395698976385,15.852762112556888,0.0042424729662398
2023-03-31,DIS,0.0016192218766545245,0.012856726442632173,0.00846210985730669,0.020481955663842377,16.00380661666381,0.0049342015592749
2023-04-03,DIS,0.013259875876561541,0.002292828302126003,0.007786844659678565,-0.0037019754517854855,15.805191629175525,0.0040453814846737
2023-04-04,DIS,0.0008977581354677364,-9.959039591528499e-05,-0.005150683002505273,-0.0019064037749936744,15.731580012192918,0.0037582906091957
2023-04-05,DIS,-0.006000092799809743,-0.0023928151608566717,-0.0013172527529356785,0.003408892299946002,15.862842174804761,0.00428545362332
2023-04-06,DIS,-0.002611100152182863,0.0013965773190381763,-0.0008113081010542833,0.0006004102429713666,15.767473920727685,0.0038956406369051
2023-04-10,DIS,-0.0014089058273478335,0.004872423148190722,0.0035451536346715867,0.008367343800993953,15.897025074546194,0.0044344753609959
2023-04-11,DIS,0.018557795744963766,0.010852513453262312,0.013956683697620985,-0.003876220949484303,15.831026857079452,0.0041512566167864
2023-04-12,DIS,0.0008892748248666438,0.0030372853478544113,-0.02616444357504436,-0.0250062743297116,16.044363100632697,0.0051384288256072
2023-04-13,DIS,-0.027434586203746,-0.011313989985034956,0.008256591970172387,0.029180027031835632,15.98399278078589,0.0048373982775627
2023-04-14,DIS,0.019999602907939843,-0.0020799574052548144,0.004254407828705581,-0.009365402113294183,15.808481621796705,0.0040587126794695
2023-04-17,DIS,-0.009296755621279077,-0.0028793627353290584,0.0022213984783051467,0.003996085008413635,15.718408965562043,0.0037091145420859
2023-04-18,DIS,0.010390800785137221,0.005750629026858436,0.004528328664801292,0.006261534629941062,15.917215055690967,0.0045249172841956
2023-04-19,DIS,-0.00828397403313971,-0.01313588287061685,-0.012527987578824822,-0.02183586835479085,16.259881717324692,0.0063742471780261
2023-04-20,DIS,-0.02055460084292781,-0.012600387347985149,-0.009910743356710211,-0.006909946998275729,15.864840898608442,0.0042940276282717
2023-04-21,DIS,0.004185653533545053,0.011497865733942108,0.0033827438641757363,0.015179419731454763,16.063428355234933,0.0052373341214366
2023-04-24,DIS,0.020070235090788383,0.010176643668690031,0.009674666883564869,0.0011041422188764337,15.960341937995828,0.0047243320445228
2023-04-25,DIS,-0.0077181472851337906,-0.010276883927693764,-0.006711322708955976,-0.016895450497938565,15.689065198404238,0.0036018565059487
2023-04-26,DIS,-0.015617423058682961,-0.01241246616616086,-0.015941149398596074,-0.014387292701054166,15.97127647982132,0.0047762739196815
2023-04-27,DIS,-0.007283181044349536,0.016016435857215235,0.002588408880718142,0.03378769584862659,15.915551100926802,0.0045173942863025
2023-04-28,DIS,0.022799994475715325,0.024578000044303928,0.024210791568932875,0.025392823380218924,16.242055216962907,0.006261623474274
2023-05-01,DIS,0.030134051258997797,0.00048736675026852584,0.025214274698450313,-0.002833350899213793,15.748407978953939,0.0038220701428038
2023-05-02,DIS,-0.010601797877934034,-0.008908060337053948,-0.019778919850603077,-0.015877202447544234,15.755100922037606,0.0038477368414978
2023-05-03,DIS,-0.002668247025739647,0.008615639563001189,0.010186724470628343,0.002581093001120469,15.866051084763017,0.0042992273474036
2023-05-04,DIS,-0.01515472809655424,-0.030083352201918604,-0.040867460059095716,-0.034393963081392795,16.400315407086335,0.0073353101588651
2023-05-05,DIS,-0.009589834667456623,0.013074615160468133,0.015406991067710514,0.03101723316070343,16.04435233538623,0.0051383735094463
2023-05-08,DIS,0.031057525458208005,0.02989097769086465,0.03583974126823306,0.024081068097145497,16.195991532772485,0.005979732317928
2023-05-09,DIS,0.011827614752807553,-0.008990315525414733,0.0039257798644899665,-0.007701696267982145,15.736820736566372,0.003778038478665
2023-05-10,DIS,0.0008740998453636975,0.0026183716745109705,-0.020284659099228552,-0.010230310222901802,16.787216548131273,0.0108005910633582
2023-05-11,DIS,-0.08295956361619065,-0.08211912576859388,-0.08508678407234656,-0.09135325490203276,17.86079093597688,0.0316005739144632
2023-05-12,DIS,-0.026292049439782337,-0.023725800500417605,-0.006989959332016715,-0.0034725846946475816,16.89820925333076,0.0120684374729835
2023-05-15,DIS,-0.008701287981406743,-0.00010756824436430521,-0.00593600631693222,0.00941318110952239,16.63641320003477,0.009288689751496
2023-05-16,DIS,0.005447233022881158,-0.004857306597054281,0.0008816632426672084,-0.020453246989699792,16.649506007860673,0.0094111044157413
2023-05-17,DIS,-0.011144048955492768,0.006793630706938243,0.0007707949166153462,0.01948353689179239,16.33816255424105,0.0068932787164866
2023-05-18,DIS,0.019905919175922663,0.012707554868304462,0.017566204129844443,0.010614946651337423,16.524547005898487,0.0083056109385876
2023-05-19,DIS,0.0016143299639143262,-0.01324509590647347,-0.012406182162871352,-0.026039974316803417,16.613492927499973,0.0090782117589732
2023-05-22,DIS,-0.018120173874957395,-0.011463297694896554,-0.015783145998505933,0.005131847903020218,16.46526765464978,0.0078275686754121
2023-05-23,DIS,-0.002521545576214893,0.0009783883138843345,-0.0008903856368620511,-0.022022463575760674,16.50869758058262,0.0081750094825175
2023-05-24,DIS,-0.018389802048421784,-0.027987785498349634,-0.015711224894503533,-0.008385141479796632,16.546678213046448,0.0084914732394751
2023-05-25,DIS,0.0013407716419018684,0.0007819450216695604,-0.007037473598153975,-0.010496077653761506,16.426006803879847,0.0075262062304017
2023-05-26,DIS,-0.012019244264684228,-0.0035794257767237723,0.0035248993230876297,0.0017004018615228527,16.37217189524529,0.0071317466864646
2023-05-30,DIS,0.005409655191871247,-0.003030163296089269,-0.012449502139659827,-0.005337665271343149,16.51018510247753,0.0081871790379328
2023-05-31,DIS,-0.0157464845527778,-0.00903241850163958,0.0016077914890085742,0.0015929747633646892,16.25267907750105,0.0063285007128969
2023-06-01,DIS,0.009319274268831229,0.010043493793527295,-0.00045912499256738683,0.007136757452738401,16.29985046384995,0.0066341778184637
2023-06-02,DIS,0.013818052458888373,0.02527847982103183,0.028183592751356,0.02430983910731706,16.477900760812194,0.0079270824490123
2023-06-05,DIS,0.017364798811084593,0.00458771835682161,-0.001787276328847221,0.0025306988799369047,16.73364344068031,0.010237195963793
2023-06-06,DIS,-0.0010970441508931644,0.00814030572408761,0.017511220954567534,0.012666762117877093,16.30946787660518,0.0066982892490377
2023-06-07,DIS,0.018273281406245918,0.006142570986845798,0.009186442590824406,0.003898547151929513,16.220868912558966,0.0061303582242722
2023-06-08,DIS,-0.0028062017807741796,-0.0043065719430131835,-0.00611478120953573,0.00010818529446867062,16.01608518428165,0.0049951599686731
2023-06-09,DIS,0.002806229058704415,0.002586129311511427,0.002734427400300114,-0.006505537901129849,16.07991609960793,0.0053244017588167
2023-06-12,DIS,-0.0057287750166457735,0.0033307343484662677,0.002400134025565625,0.013076338035209495,16.328486308706633,0.0068268993233125
2023-06-13,DIS,0.020068278005460564,0.01289511163833164,0.01803410284214865,0.0075939836578741765,16.377717774576364,0.0071714083738861
2023-06-14,DIS,0.0014863309262584858,0.0008466585427730014,-0.016400951779200933,-0.015029842142135574,16.580407335401283,0.0087827681431874
2023-06-15,DIS,-0.0236163704766401,-0.010636073721909686,-0.0033781091180443185,0.0052862869148947835,16.40737152762912,0.0073872520340239
2023-06-16,DIS,0.008867701613902837,-0.005898502005685537,-0.008220669975934795,-0.017584425940763548,16.936332486477976,0.0125374078857586
2023-06-20,DIS,-0.028281512821204044,-0.02383781747845735,-0.012403217767683954,-0.017341718413483715,16.519499255649784,0.0082637919208879
2023-06-21,DIS,-0.008229507153513655,-0.012302686317266867,-0.0183304832171883,-0.012444758534956815,16.69880180812283,0.0098866574516727
2023-06-22,DIS,-0.012472859249463267,-0.0053673717512218,0.00011343203860535636,-0.0016937692333058479,16.20567612431522,0.0060379249192773
2023-06-23,DIS,-0.004760429388310339,-0.008897035185016552,-0.005804468496316035,-0.004417080554529186,16.421011177916842,0.0074887018732583
2023-06-26,DIS,0.00022730280535350692,0.012254935411670604,0.001824623704867974,0.0067873982806033965,16.390615937232816,0.0072645054728128
2023-06-27,DIS,0.009720962541983996,0.0018979861634819991,0.00816987869663095,0.004050487485746359,16.121360415809132,0.0055497044824818
2023-06-28,DIS,0.005496577235448383,-0.002904155676732239,0.00045186134354333437,-0.002585896438374459,16.310227347260945,0.0067033783358477
2023-06-29,DIS,-0.01794728318155024,-0.0031368985584565474,-0.013532964015195242,0.0013499220996409504,16.410959350562916,0.0074138037912935
2023-06-30,DIS,0.015595252071592135,0.00537148080246717,0.014436203668586084,0.00370309000646854,16.36700058986084,0.0070949614394139
2023-07-03,DIS,-0.0006729660888212866,0.014954597993545723,0.0033799679093550164,0.013572395280267494,15.892386436142505,0.0044139530652729
2023-07-05,DIS,0.011047379215832044,-0.006176203158625511,0.0038167905311264003,-0.007876196783473035,16.216020681785217,0.0061007087619878
2023-07-06,DIS,-0.01610959786639429,-0.01740922125100725,-0.016607787893795023,-0.011762936438928442,16.30744255543897,0.0066847367895979
2023-07-07,DIS,-0.004068176846358512,0.010080839387325688,0.0034119349097639774,-0.00112741370411569,16.08668764298929,0.0053605785280966
2023-07-10,DIS,-0.0006797773183190766,-0.011770959828915864,-0.002501017005345711,-0.006110849787835013,16.428707881350284,0.0075465625776417
2023-07-11,DIS,-0.0005666588679819843,0.010209386076850187,0.0032953891925158437,0.015654456234428023,16.435494353002078,0.0075979512911907
2023-07-12,DIS,0.021424194150520576,0.012423898343266473,0.015980482468562596,0.007348072794209185,16.517683588953243,0.0082488012412627
2023-07-13,DIS,0.00487105012009106,0.0011017753915748194,-0.005485591027085306,0.003543336063788864,16.545028730932447,0.0084774782507475
2023-07-14,DIS,-0.0015472092327911704,-0.0035299735170485035,-0.007436607710606208,-0.020660633222172955,16.69100559301823,0.0098098786202347
2023-07-17,DIS,-0.022256872381231054,-0.02234991543321497,-0.03592379623097069,-0.035139859900246255,17.356568456853072,0.0190859562870277
2023-07-18,DIS,-0.03346483346757697,-0.013539048263819806,0.00011714309997694877,0.004547821714712559,16.90270475262781,0.0121228132592253
2023-07-19,DIS,0.008036826655964571,0.006735565369004005,0.010262575222257667,0.012602134843074713,16.659081895836543,0.0095016569712629
2023-07-20,DIS,0.007397200465112281,-0.008111035429075562,-0.0018580916489751682,-0.009581584131787821,16.541891781206942,0.0084509264934779
2023-07-21,DIS,-0.006237716064148625,0.008224825063212688,-0.0017451640914363162,0.011188734032266754,16.804429724926838,0.010988112849075
2023-07-24,DIS,0.013694870876571789,0.0006823608545517937,0.007771403480152441,-0.006675124735398176,16.448255218832223,0.0076955289991566
2023-07-25,DIS,-0.020321567548097382,-0.018936670027513314,-0.01619038654878988,-0.01126409367992552,16.545674504520196,0.0084829545506844
2023-07-26,DIS,-0.0007002780734674684,-0.0004636645969053581,0.0033993899913068296,0.0026823121136332556,16.522473568288707,0.0082884076125233
2023-07-27,DIS,0.010797228068093101,0.007046065117728119,-0.0030471744123675547,-0.005840341039119988,16.630404234595574,0.0092330416935517
2023-07-28,DIS,-0.008581766544834404,-0.003458999910966236,0.003047250633133056,0.008980098267072828,16.428392642504033,0.0075441839827196
2023-07-31,DIS,0.013190005084009023,0.03160425476318607,0.016596407058994605,0.03154184880945225,16.852279251047836,0.0115266709923609
2023-08-01,DIS,0.024075681700283548,0.004132030487237267,0.01802263087542464,0.0015737278441968106,16.434183020814846,0.0075879943822145
2023-08-02,DIS,-0.0096967361157651,-0.015725334397827216,-0.02518440326895496,-0.03114370158596356,16.534349088535695,0.0083874235406747
2023-08-03,DIS,-0.0280350032743439,-0.021398004072774295,-0.009434693373563275,-0.009430299638001663,16.464900111555988,0.0078246922350412
2023-08-04,DIS,0.0013973819842213082,0.007489877423507205,5.123648840502096e-08,0.009430299638001582,16.25932616662556,0.0063707069437235
2023-08-07,DIS,0.00834311491471323,0.0013767151910598836,0.006299674832091889,0.006122634808489383,16.196759038576392,0.0059843235592892
2023-08-08,DIS,-0.0018481082593458792,0.012531410930853913,0.001278344504428752,0.014860697159024877,16.634976961982424,0.0092753585567002
2023-08-09,DIS,0.030736534011038093,0.013828885559242944,0.01085834249002533,-0.007288546669688414,17.297301295665324,0.0179876539108012
2023-08-10,DIS,0.008595349649933984,0.032624198624327895,0.008124128746323511,0.04765207942687139,17.853581038738657,0.0313735563898078
2023-08-11,DIS,0.014893478582727783,-0.012834681688187138,0.01257019729035396,-0.030315514964037477,16.903170068345386,0.0121284555076451
2023-08-14,DIS,-0.025845828482363737,-0.022696734089769074,-0.009838947023166992,-0.0023617871237134936,16.431182350750483,0.0075652594400524
2023-08-15,DIS,-0.011300837295874309,-0.012054447586884039,-0.012580208364420444,-0.01990172551059874,16.431292022713706,0.0075660891824671
2023-08-16,DIS,-0.01661645703658768,-0.013349626233393985,-0.009365881174879236,-0.008188776192725752,16.315527552640233,0.0067390019435178
2023-08-17,DIS,0.00438149938644988,-0.001149165356364257,-0.0032579651826559505,-0.004992067032254152,16.469175038932683,0.0078582138285941
2023-08-18,DIS,-0.017993352961684524,-0.00276368235143202,-0.0050242607016212654,0.0004654498399618206,16.329482441607038,0.0068337032111128
2023-08-21,DIS,0.0051407418431989125,-0.005434492185869699,0.00046845331034936705,-0.0009311164243645293,16.23276281510274,0.0062037074537296
2023-08-22,DIS,-0.0011660221773084685,-0.001856832818443883,-0.00046844467866516746,-0.0010484758110409797,16.102565784405126,0.0054463738937741
2023-08-23,DIS,0.001166025298344816,0.0027839634853885874,0.0031576715593614906,0.00046615496675616116,15.84049604584382,0.004190752355725
2023-08-24,DIS,-0.003502183290819359,-0.004411502207904896,-0.03783915549165328,-0.03993402648977075,17.13082323679195,0.0152290922789684
2023-08-25,DIS,-0.02894977606094854,-0.02712429573671256,-4.5088116924001386e-08,0.010733934591767495,16.591275543036325,0.008878741682485
2023-08-28,DIS,0.00910739090202435,0.012356166674051731,0.012892570564842007,0.009551259763168568,16.31418869402977,0.0067299854092783
2023-08-29,DIS,-0.00047729325927877076,-0.0016544606410454524,0.002391529836152762,0.0028476148593053314,16.232379326545484,0.0062013288588075
2023-08-30,DIS,0.007253745720819672,0.0015363440232475409,0.001193589774958295,-0.001422839637536797,16.285015965136154,0.0065364894781758
2023-08-31,DIS,0.0007105571354973745,-0.0008270415699013797,-0.002269155078653057,-0.0071446323380174,16.161921226210442,0.0057794324990251
2023-09-01,DIS,-0.0282181158630237,-0.028532126694640128,-0.03789199296501803,-0.024680569849078793,17.1357654189092,0.015304543522543
2023-09-05,DIS,-0.008438874508192905,0.0019438471729240263,0.008039168580927429,-0.005527189460856919,16.360390715679276,0.0070482192833871
2023-09-06,DIS,-0.007767797897286496,-0.0036479853054152676,-0.008039228656172686,-0.002589949022024446,16.557543483003165,0.0085842384414359
2023-09-07,DIS,0.00037126984703292354,-0.015220573802609568,-0.00973300818763224,-0.005075863259977263,16.507973303438746,0.0081690906532928
2023-09-08,DIS,-0.0034705409798888435,0.01009109590364187,0.0052525636540319606,0.012457736436689465,16.601811153814072,0.0089727791561483
2023-09-11,DIS,0.017233380487939737,0.02634280048631241,0.012396386364441474,0.011456536553336014,17.09563578825451,0.0147025377426149
2023-09-12,DIS,0.013214613819382949,0.009731798118079098,0.017100658679726693,0.013959298601912055,16.6245879594606,0.0091794956497246
2023-09-13,DIS,0.003846720241413095,-0.007349326941462729,0.00663906802465683,-0.0023927786186399846,16.095103444357914,0.0054058824639379
2023-09-14,DIS,0.0077680661434597715,0.008175682015780976,-0.0009630912017687533,0.011907595463015647,16.923316309739498,0.0123752762179308
2023-09-15,DIS,0.014419400695402132,0.016966507138803683,0.018730076850210272,0.012936809832925854,16.88813447209808,0.0119474610289237
2023-09-18,DIS,0.0002346463658640279,-0.0031375539430610936,0.004363530631895877,-0.006565122345183898,16.291561528382832,0.006579414819095
2023-09-19,DIS,-0.01560677622654499,-0.013238923662380438,-0.039239528323755206,-0.03689911785930623,16.882581662422652,0.0118813029003935
2023-09-20,DIS,-0.022778955722672373,-0.018930343553277447,-0.0008570843136726458,0.00753793766102235,16.35830876481408,0.0070335605007279
2023-09-21,DIS,0.00036563034497238966,0.005633149491772005,0.0034238006898352387,0.0020570538330054707,16.48024962754683,0.007945723995262
2023-09-22,DIS,0.01030504999993731,-0.0038318965686674365,-0.008827948390370032,-0.01805153160454587,16.257448901134545,0.0063587586529521
2023-09-25,DIS,-0.01641679780815935,-0.01913819105212126,-0.007912978762265599,-0.0029581782802120885,16.21652831436912,0.0061038064670026
2023-09-26,DIS,-0.01308168089361044,-0.0126762476996113,-0.009603972856207135,-0.01192110219223272,16.51471515178147,0.0082243514981103
2023-09-27,DIS,-0.004731631611087137,-0.0022318631268254045,-0.007169379456644083,-0.001875597961322395,16.50080384014506,0.0081107321034606
2023-09-28,DIS,0.0019949507762769387,0.004458758698896474,0.005413235042739743,0.0028743967759962065,16.31938623606736,0.0067650558553386
2023-09-29,DIS,0.004722278872093456,0.005053937768629249,0.009496489337297203,0.011415957068699642,16.236554102914198,0.0062272721383064
2023-10-02,DIS,0.003218122251377591,0.005395379854765462,0.004714582147605883,0.007620396542375442,16.026868235318222,0.005049314490271
2023-10-03,DIS,0.004069846284627042,0.0014665034546284498,-0.016599453212852652,-0.026426648913838453,16.34811161306703,0.0069622026530657
2023-10-04,DIS,-0.02039108905133724,-0.02597866964313279,-0.009229407638403823,-0.0027697400943724982,16.301291908423412,0.0066437475143129
2023-10-05,DIS,-0.006426751656290257,0.014310088444341996,0.0019034692675587762,0.01861050385733898,16.554193482829707,0.0085555293538881
2023-10-06,DIS,0.024353320633247147,0.031497554824872556,0.020205141372579394,0.026016684502261984,16.54825994074097,0.0085049150665928
2023-10-09,DIS,0.03931561867769884,0.01603263109664252,0.032272691241268275,0.020998084676956574,16.425903901299318,0.007525431804148
2023-10-10,DIS,0.005795797603352521,0.004818839816814307,0.00957758392624022,0.0034180884464688416,16.061588895331262,0.0052277091094264
2023-10-11,DIS,0.006816986163037333,0.005028784862294864,0.003923985254537507,-0.0016487785968343235,16.066718247770567,0.0052545927636619
2023-10-12,DIS,-0.006345391943870157,-0.007611625599123855,-0.008940755311644118,-0.005910066948461578,16.07256477453533,0.0052854038653269
2023-10-13,DIS,-0.010546988414053413,-0.005776589707311374,-0.0015579712335598802,0.0,16.195797251146224,0.0059785706785475
2023-10-16,DIS,0.004398189356955921,0.01583518455389003,0.01109203683542266,0.015994726697423405,16.14523414798196,0.0056837908566935
2023-10-17,DIS,0.012259954004436129,0.0041806878725063725,0.011791174944436676,0.005700623656297886,16.116664727675737,0.0055237058868219
2023-10-18,DIS,0.003975714673678376,-0.0003477262813368221,-0.00835741886271094,-0.017790707531835002,16.122784739976645,0.0055576146935017
2023-10-19,DIS,-0.005030745531234967,-0.011543383350650941,-0.01704758546260444,-0.01703134176159135,16.4769443006859,0.0079195041349582
2023-10-20,DIS,-0.02807023185882038,-0.02169468944751584,-0.006755813915807188,-0.007233162145367501,16.159736606038813,0.0057668204143221
2023-10-23,DIS,-0.009940793493934341,0.007045906784139229,-0.020793391558554978,0.005429724093418105,16.19250724130109,0.0059589334414001
2023-10-24,DIS,0.016073873645667182,0.0020210488088487815,0.01020600813826775,-0.006519384119628577,16.2578142010877,0.0063610819317132
2023-10-25,DIS,-0.015464918974774252,-0.019790670795940695,-0.015037886047315076,-0.024150738393324506,16.053290534287317,0.0051845071877023
2023-10-26,DIS,-0.02527722006348546,-0.023781542093118314,-0.01375541005869234,-0.01010174934434034,16.270902657031616,0.0064448859155955
2023-10-27,DIS,-0.004129392119044165,0.005196746628919269,-0.0023951212128595365,-0.00565641669270666,16.14771280101216,0.005697896477743
2023-10-30,DIS,-0.0003762055666515159,-0.0012348286880067678,0.003779261714779874,0.01687435191448056,16.14679981625707,0.005692696758611
2023-10-31,DIS,0.012094123878779187,0.009102080090275876,0.010008831778525058,0.011215896106585235,15.975633180437239,0.0047971281123704
2023-11-01,DIS,0.010356380809934113,-0.0011025313911267923,-0.0018690347347987066,-0.006393658096563717,16.02301555468275,0.0050298985177676
2023-11-02,DIS,0.003917230655321693,0.02086441065717268,0.020247578933852362,0.027015510886963814,16.2594650832377,0.0063715920022991
2023-11-03,DIS,0.027950259591681834,0.03108443236523719,0.028198087028850426,0.021145941758354513,16.24232020651813,0.0062632829591034
2023-11-06,DIS,0.010753430201593929,-0.0015140129971549408,-0.006795980785134422,-0.01241965779595685,16.46599527414905,0.0078332662399929
2023-11-07,DIS,-0.010872155959504203,-0.01313952880061296,0.004297558661814273,0.006761250627247711,16.170707171104386,0.0058304339994472
2023-11-08,DIS,-0.00023771658636714883,0.0028301704107200555,5.008313751168645e-09,-0.0010644736520180331,17.109219272170233,0.0149036119877714
2023-11-09,DIS,0.04303484934305588,0.07145489906244051,0.042559617533067536,0.06682873950725611,17.748564866929257,0.028245925331927
2023-11-10,DIS,0.0257361167965793,-0.011578609032714737,-0.007562716109122489,-0.02318001791527961,17.04138984126564,0.0139262307394437
2023-11-13,DIS,-0.019154928540243796,-0.0028880060337518193,0.005391426711033456,0.013167721566537834,16.367639701934603,0.0070994973646141
2023-11-14,DIS,0.018044777113645643,0.01807809701784647,0.029088805060760878,0.01806041176695741,16.39208447231216,0.0072751814918816
2023-11-15,DIS,0.032349040959476,0.032564290577147915,0.030101364624968485,0.03092142703026672,16.840466674754683,0.0113913123464467
2023-11-16,DIS,0.009631914755583813,0.0004228618704047854,0.009550934190930262,0.0061558188580440355,16.374588945730057,0.0071490053286898
2023-11-17,DIS,0.009117982050415996,0.008105714763909913,0.003092536825141622,-0.0038163844425050638,16.316069157729657,0.0067426528101424
2023-11-20,DIS,-0.008159772394323639,0.002199331865090423,-0.0005324188016820233,0.009303389241603665,16.462061242140912,0.0078025104544889
2023-11-21,DIS,0.007948771642707433,-0.006612407392121123,0.0009583001513253243,-0.0061220310283493316,15.850843590655025,0.004234341490576
2023-11-22,DIS,0.001898310031267098,0.007867008610046019,0.008478224415353975,0.006542870152332453,15.807240613999236,0.0040536789088204
2023-11-24,DIS,-0.00010543484573399246,0.008323831598728031,0.0014762760475668642,0.010359467847369677,15.509381710179822,0.0030094757380308
2023-11-27,DIS,0.008812397976491065,-0.008010532382672552,-0.004012346871923891,-0.00930826595717642,16.217895826537326,0.0061121592073103
2023-11-28,DIS,-0.007759233841323325,-0.006286640853027678,-0.02214345577013545,-0.028456066116374523,16.741908884014357,0.0103221615870558
2023-11-29,DIS,-0.02558776642658117,-0.020172693332375168,-0.010984878637215782,0.0,16.44430115024654,0.0076651604267794
2023-11-30,DIS,0.010206951935222678,0.006627517380005078,0.008277043044532048,0.0020519654762480815,16.410519040580564,0.0074105401377958
2023-12-01,DIS,-0.008696224543795955,-0.01092677003892443,-0.0046746823428776415,-0.0011874579767330153,16.291384956168667,0.0065782531797145
2023-12-04,DIS,-0.009098784079543532,-0.004642278548150347,-0.001744941677622004,-0.006175839485738212,16.34942964880367,0.0069713851357881
2023-12-05,DIS,-0.003160632109498281,-0.0068408706962935426,-0.018508878203497135,-0.013348161377751777,16.329733343012116,0.0068354180121032
2023-12-06,DIS,-0.005472900735144139,0.008354643856931354,0.0076433437575136294,0.00778978234344249,16.163260298496706,0.0057871767615621
2023-12-07,DIS,0.007544885440341868,0.009035323587633044,0.011302150382094676,0.009246846836168849,16.144221479905728,0.0056780379759517
2023-12-08,DIS,0.006081902396353611,0.004858616896156332,0.00771724233165412,0.008330161799719894,16.066297071040797,0.0052523801172228
2023-12-11,DIS,0.007251648503947039,-0.004929724619341202,-0.0009779823219007453,-0.006701953701965088,16.196074784773284,0.0059802301633768
2023-12-12,DIS,-0.0066000230291263715,-0.009499307426286002,-0.012142629922273843,-0.012331706018076484,16.397120431971036,0.0073119114227713
2023-12-13,DIS,-0.01036628028728595,0.007240546866786,-0.0008809344996505077,0.01914139387554319,16.135267467764123,0.0056274236886565
2023-12-14,DIS,0.02212912852511902,0.020885140629155956,0.026416020456478933,0.011886425238291943,16.336371453985997,0.0068809432125884
2023-12-15,DIS,-0.0017179206445351472,-0.009323075106658092,-0.0030084116765819215,-0.005122713390388206,16.68031952060426,0.0097056076567904
2023-12-18,DIS,-0.0037686169262390427,-0.002557836702773697,-0.00247812589419221,-0.0064405790037879085,16.021981257861157,0.0050246987986356
2023-12-19,DIS,-0.0006474392057888703,0.00298346674695926,-0.0009713126693149289,0.011456831299766237,15.990716835213217,0.0048700348125399
2023-12-20,DIS,0.006455772378440894,0.002974587252587843,-0.014794152951893406,-0.028727729148619943,16.38511069913047,0.0072246225207473
2023-12-21,DIS,-0.014149359892885464,-0.023505175330920183,-0.002084379198669234,0.00818380866656913,16.3833174441835,0.0072116785390784
2023-12-22,DIS,-0.003377759966384522,0.0017361112945820582,-0.003410087158350273,-0.010926639747260611,16.057443009999353,0.0052060804904838
2023-12-26,DIS,-0.008549977389098911,-0.010571778928833844,-0.0016543128140013568,-0.0007693901733704213,15.90575615013336,0.0044733626221637
2023-12-27,DIS,0.0007703549489153328,-0.003622149049463846,-0.006200184544600277,-0.006286912360164696,16.224570635365083,0.0061530931664344
2023-12-28,DIS,-0.009060954305117856,0.00043972589369696346,-0.0007777691120648924,0.0002212727810121755,15.953173954774318,0.004690589186326
2023-12-29,DIS,0.0003330564667607531,-0.004185502392675649,-0.001223344122986176,-0.0012175213784128107,16.034855445064863,0.0050898059201072
2024-01-02,DIS,-0.00022195205453729724,0.009666255950945505,-0.0014476654052523461,0.0046409183822566655,16.175194157448303,0.005856653859751
2024-01-03,DIS,0.0014418422819600602,0.0065373651989701865,0.00300445835906851,0.010309383151009963,16.294550113297927,0.0065991073724034
2024-01-04,DIS,0.01877417383117222,-0.0015216072573380301,-3.98906582395518e-08,-0.01196444332946968,16.307674228430933,0.0066862856421053
2024-01-05,DIS,-0.016781265765806786,-0.006766368700893329,0.003992057935966968,0.003747460385662494,16.022069324782386,0.0050251413279234
2024-01-08,DIS,0.012530330341980499,0.006766345754642993,0.0070577553043675795,0.007125233627053937,16.22278903413275,0.0061421405665606
2024-01-09,DIS,-0.005476439274461417,-0.009178403926619425,-0.01550417807647761,-0.020749034421431063,16.236332006072132,0.006225889234282
2024-01-10,DIS,-0.01360121379456132,-0.014150161619979331,-0.008068226887265804,-0.004246773127007401,16.529648921868986,0.008348093750219
2024-01-11,DIS,-0.00479873189687908,-0.0004453244114960661,-0.002139823420185678,0.0017903861485530806,16.08165996002787,0.005333694873861
2024-01-12,DIS,0.002904297266933175,0.011627320383269859,0.01076593862295847,0.010011116779079178,16.29312409420145,0.006589703625037
2024-01-16,DIS,0.007113526212962417,0.0245771009409498,-0.0021216084755059264,0.029446036560785493,16.635751952436667,0.0092825496576274
2024-01-17,DIS,0.025046431057458712,0.0071716189592772915,0.007128558043621652,-0.02955672806023875,16.571410862469598,0.0087041085622761
2024-01-18,DIS,-0.020956792574355437,-0.013421501837352088,0.003434850476218243,0.020488361833100835,16.317208852337828,0.0067503417565184
2024-01-19,DIS,0.018144419359828773,0.01149984094194165,0.013403683559819878,0.009175751371672864,16.80030326202986,0.0109428642293947
2024-01-22,DIS,0.005939940590078813,0.01747839313379271,0.013442041041819418,0.021474286250128694,16.531489311528794,0.008363471642971
2024-01-23,DIS,0.02719234155508058,0.00690668063412806,0.0033324535917880985,-0.01387368282774344,16.263009603256982,0.0063942163121393
2024-01-24,DIS,-0.010640095123177252,-0.006696674015253348,0.000858211400987939,-0.0028834965588333933,16.16258142164652,0.0057832493141327
2024-01-25,DIS,-0.005309609253061279,-0.0032599252798512605,0.005240300452697583,0.014440640477562347,15.97441013643093,0.0047912645993067
2024-01-26,DIS,0.011433534556879075,0.006195162205500473,0.010082282656207428,0.005257062374094621,15.87127410028461,0.0043217410249219
2024-01-29,DIS,0.004411373226010325,0.02041214042811471,0.0031630075620527887,0.022090660939350797,16.412420685001692,0.0074246457588453
2024-01-30,DIS,0.011461976531611337,0.00041013311726651716,0.01057543481206268,-0.0056575796739438975,16.0281272882105,0.0050556758487835
2024-01-31,DIS,-0.0010366534526298576,0.00030742886147530857,-0.00208541424112221,-0.009223412077324864,16.076471355514066,0.0053060921095328
2024-02-01,DIS,-0.0005186302229660531,0.003682896257398515,0.0009389810200314785,0.010460419236858413,15.953787003222812,0.0046934656266968
2024-02-02,DIS,-0.0009343444786405401,-0.005323994822558625,-0.0008345358817020114,0.0007209739621118861,16.047576722781816,0.0051549683577398
2024-02-05,DIS,0.004352755359028568,-0.00041074448431654704,0.0069679103178038725,-0.004954052999842229,16.273328687683108,0.0064605403891524
2024-02-06,DIS,0.0022725518235593135,0.019828820036857608,0.003104384394897101,0.02694869449211809,16.616170386568832,0.0091025508698037
2024-02-07,DIS,0.004837681745128741,-0.0004027998715231463,-0.00155093565412185,-0.0015118547352784234,17.178878026861756,0.0159787922087089
2024-02-08,DIS,0.0948526605430713,0.12740614237250222,0.09996518172688974,0.10884442274853251,17.919118763178176,0.0334985820299547
2024-02-09,DIS,0.023261152522664693,-0.023507201692111266,0.008298824593900484,-0.019641598807814697,16.88398670585632,0.011898008381009
2024-02-12,DIS,-0.01581790597963941,0.008227468529701852,0.001299159663541545,0.008269061669136008,16.412554782182568,0.0074256414497429
2024-02-13,DIS,0.0037009571310480443,-0.003698517073042715,0.0035178217184355116,0.010648524589549985,16.496155371894844,0.0080731171139953
2024-02-14,DIS,0.02101882067802621,0.009265578141574181,0.013402081635292355,0.009909101372436368,16.249606340837524,0.0063090847403935
2024-02-15,DIS,0.004511350741506094,0.011041874710360042,0.01277476813385757,0.007946039678711485,16.114278474802486,0.0055105406405091
2024-02-16,DIS,0.008426795555003556,-0.0031931183901780986,0.000720036559378997,-0.007587537328771967,15.987918740049365,0.0048564270369393
2024-02-20,DIS,-0.010499500967664345,-0.01278575508410492,-0.016416931100407345,-0.01954458654235971,16.094919240851816,0.0054048867730403
2024-02-21,DIS,-0.021612079335075557,-0.01733646675724049,-0.019484451896309533,-0.016305511536242375,16.162533596042387,0.0057829727333278
2024-02-22,DIS,-0.004527196286223628,-0.006706176368655561,0.0015840766450859489,-0.00027860824493051187,16.04188403693153,0.0051257061085822
2024-02-23,DIS,-0.0038968329210999127,-0.004526774084656503,-0.014819289362243216,0.0009285591712500299,16.277148666108037,0.0064852667131098
2024-02-26,DIS,-0.00046492479112449536,0.007012437544176599,0.01453989427122265,-0.0005570034317918934,15.97816680965631,0.0048092976677856
2024-02-27,DIS,0.0024151731729154494,0.007511170960860957,0.0037180993100030973,0.016029720717777734,15.84300082567757,0.0042012624263109
2024-02-28,DIS,0.009235378477063575,0.01323560906697741,0.008131670529846665,0.012533126838112496,16.19255365470098,0.005959210022205
2024-02-29,DIS,0.02146321053419172,0.015282504326477044,0.021036161634140342,0.007015067918706134,16.271529016434286,0.0064489239953469
2024-03-01,DIS,0.002695734939097454,-0.005335657891096004,0.0005405644788268904,0.0033105228769106793,15.795145714540839,0.0040049453709984
2024-03-04,DIS,0.010976745930351289,0.017500772313331903,0.006911085330879281,0.015423073215617474,16.26296634748499,0.0063939397313344
2024-03-05,DIS,0.008308458943732357,0.009244933547060604,0.004195165466737976,-0.007238630399518618,16.518856444442925,0.008258481569434
2024-03-06,DIS,-0.0046760390865775775,-0.01654381731423386,-0.02726787274482206,-0.025211141002829483,16.506340063713484,0.008155759458497
2024-03-07,DIS,-0.021271715732748477,-0.019788494908019254,-0.00045777747296410823,0.0010897665036849334,15.96835368843927,0.004762334247115
2024-03-08,DIS,-0.004708427934406035,0.002068390047032445,0.0012812140076880142,0.0012698253024055813,16.118575635747188,0.0055342712735688
2024-03-11,DIS,-0.0008172692821211226,0.014271939769189262,0.006290730528171431,0.01787759823269145,15.98961445601978,0.004864669144925
2024-03-12,DIS,0.02183281687586262,0.00035418517497784696,0.01452640131937248,0.0013347543922352214,15.905521174679174,0.0044723116151051
2024-03-13,DIS,0.00195338525032065,0.010392984937509729,0.007140439883053176,0.0003557022540685651,15.798978087051548,0.0040203232637505
2024-03-14,DIS,-0.00890961408960276,-0.015719215747866635,-0.026403954254061533,-0.003918876591536762,16.168836387714016,0.0058195367157345
2024-03-15,DIS,-0.0012536559797095743,0.005414813249154994,0.017111485054605833,-0.0009820719068181379,16.54744660728559,0.0084980005464705
2024-03-18,DIS,0.006163798202788691,0.012929535096055144,0.007957493286768492,0.016829479062016563,16.285371334143644,0.0065388127569369
2024-03-19,DIS,0.009924726989294544,0.006445939394416215,0.008424565250240382,0.005780337582299407,16.21337864857503,0.0060846117591431
2024-03-20,DIS,0.010525470147669308,0.011567850216635383,0.009841938843868464,0.01688569189873879,16.275065296622376,0.006471769569831
2024-03-21,DIS,0.02055341629259913,0.007269053795488917,0.013031237472371997,0.0020586939214890824,16.152835281347908,0.0057271587269005
2024-03-22,DIS,-0.0005985387680850258,0.0025529809745988754,-0.00017269446340732067,-0.007137636979903136,15.780354749922623,0.0039461442918784
2024-03-25,DIS,0.0004276061876810894,0.014763868324167777,0.008852361093671731,0.029675273527345537,16.309013569597674,0.0066952468601838
2024-03-26,DIS,0.02248606771427681,0.008256511923565921,0.011231236823623645,0.004764046808349091,16.289524850831846,0.0065660283081383
2024-03-27,DIS,0.011056305409759222,0.01344738436353024,0.015364871682028554,0.008717052409580626,16.19346292271849,0.0059646310059809
2024-03-28,DIS,0.0023946209212318487,0.013915662664552778,0.009783676830130783,0.011342249810276416,16.54775900557564,0.0085006557221975
2024-04-01,DIS,0.006658156959765466,-0.01088821063172355,-0.003471370020071356,-0.0068064087699163086,15.946084874899153,0.0046574548058999
2024-04-02,DIS,-0.015189301230816627,0.009189647241246162,-0.005146482161241244,0.01055872869717903,16.557453264034578,0.0085834640151822
2024-04-03,DIS,0.016908306208869787,0.0012944507309222643,-0.014924425158804325,-0.03176439916970041,16.92815442090896,0.0124352942525924
2024-04-04,DIS,-0.02526118144801971,-0.028704641625305848,-0.012067808665273773,-0.016012632167285424,16.44129454233895,0.0076421489038124
2024-04-05,DIS,-0.022221212061286452,-0.011127446064404549,-0.005658839269137694,0.010956990616187256,16.0826240052609,0.005338839276832
2024-04-08,DIS,0.012104759152636998,-0.0028646938946344986,0.004461147032127434,-0.008738909969611243,15.650648910085707,0.0034661106469077
2024-04-09,DIS,-0.0054374929364375,-8.426263780253552e-05,0.0005990989159761652,0.005269524424784716,15.824449294137462,0.004124041065585
2024-04-10,DIS,-0.006667279640403661,-0.00804857118193234,-0.0044585514151864155,-0.006633823837154212,15.724504912641834,0.003731794168087
2024-04-11,DIS,0.008454699247500563,0.006105857265591174,-6.614837366420971e-09,-0.00034139873943109147,15.69640984577556,0.0036284082632184
2024-04-12,DIS,-0.010257372528351771,-0.013448193067692734,-0.02294756755501345,-0.027169016941883804,16.312510537771285,0.0067187009124387
2024-04-15,DIS,-0.013058544465722024,-0.009903160158457392,-0.00847694138431912,-0.009340976834999721,16.081130895218475,0.0053308737496511
2024-04-16,DIS,-0.018094383433868304,-0.009128467785882263,-0.002219290337754401,0.008200094747198919,16.04459990673944,0.0051396457811488
2024-04-17,DIS,0.010404766218497024,-0.0025360285171015418,0.0032828775101536984,-0.008288568999238499,15.814148821560213,0.0040817795185975
2024-04-18,DIS,-0.007219009841225339,0.0003501428704900934,-0.006220039406107813,-0.004525953242985877,15.92397690010878,0.0045556177535386
2024-04-19,DIS,-0.01298365747185486,-0.013482086418901309,-0.009943140460048955,0.0015997835884222255,16.05704979668595,0.0052040337925276
2024-04-22,DIS,0.012276545707350333,0.008128601275240507,0.006013482651088593,-0.005521036529452659,15.747278460925127,0.0038177554822475
2024-04-23,DIS,-0.002390072074873319,0.005265948453706986,0.009352152801865072,0.015241797242790431,15.738196091394219,0.0037832381977969
2024-04-24,DIS,0.002743725587437378,-0.0005253082370261859,0.003009636847681548,0.0018451104511726408,15.63313284912953,0.0034059266637632
2024-04-25,DIS,-0.017115759891655733,-0.011362273448315705,-0.024606448125432934,-0.010146123220567193,15.900673327165613,0.0044506829961625
2024-04-26,DIS,0.0056485035778782505,0.001150938651644599,0.008389451433968034,-0.00035464562234168475,15.656821964630877,0.0034875733173673
2024-04-29,DIS,0.010582978237361648,0.007580379847940724,-0.008842553205402321,-0.005782784413290152,15.782790872592441,0.0039557693038886
2024-04-30,DIS,-0.009242871867045808,-0.01628927641500662,0.00416033051443442,-0.008782232141207493,15.914338096044043,0.0045119179863657
2024-05-01,DIS,-0.006359389387447969,-0.0004463293481169692,-0.005339106763978769,-0.005596076729464187,15.662137086401678,0.003506159547456
2024-05-02,DIS,0.0012571666887541348,0.007827163885057553,0.003170697643746945,0.01918479283140059,15.732403905012234,0.0037613883142105
2024-05-03,DIS,0.01875858432932947,0.01092613481477819,0.020058000502328154,0.009192196195270232,15.818489569230861,0.0040995360062715
2024-05-06,DIS,0.011036288531112912,0.024498086698012154,0.011897004093019704,0.02442215537501188,16.606872026864988,0.0090183043566335
2024-05-07,DIS,-0.06802892794021337,-0.08064150609264328,-0.09110527640380807,-0.09996596572053167,17.824380761378883,0.030470686010318
2024-05-08,DIS,-0.022155036749262478,-0.013062276088066895,0.0022046730987393456,0.00047433586475158896,16.539309494159554,0.0084291319260524
2024-05-09,DIS,-0.0026727003617187882,-0.0032924083277943556,-0.00047882224255437546,0.003408519751300604,16.529940432273236,0.0083505276613021
2024-05-10,DIS,0.021746053378811383,0.008350913050448886,0.009818417913510992,-9.459918695431665e-05,16.58086070733441,0.0087867509067779
2024-05-13,DIS,-0.01251723167627767,-0.003557024035929771,0.0016112884110546111,0.0003780520875071808,16.08416661614636,0.0053470813848178
2024-05-14,DIS,-0.0027502016444820574,-0.0061139548927274055,-0.00607963257753251,-0.004545939271079697,16.238400038666803,0.0062387778997899
2024-05-15,DIS,0.0030343298889851,-0.00103837373845298,-0.03450955151647705,-0.024794672066535867,16.847844782165804,0.0114756694919388
2024-05-16,DIS,-0.024730464560628402,-0.017627006588398893,0.014199923324588477,0.005821399659663097,16.06434681788603,0.0052421466274418
2024-05-17,DIS,0.005709542943346514,-0.002020702396881811,0.001942901945459413,-0.0011616018174850707,15.811027000649787,0.0040690568015724
2024-05-20,DIS,-0.002899152557214052,-0.0014459515984738222,-0.005059486301063019,-0.00339565798392547,15.852488263247148,0.0042413113268592
2024-05-21,DIS,-0.0032957785051894594,0.0002894401800192044,0.001949097119690804,0.0010685480108661885,15.807936313553851,0.0040565000330303
2024-05-22,DIS,-9.70654862718196e-05,0.0012528608371286199,0.00029198424431088805,9.700261189746944e-05,15.788243592520551,0.0039773979228312
2024-05-23,DIS,1.0112890473858369e-08,-0.007928862203903457,-0.024432329206562842,-0.023174563710094496,16.167266790166593,0.0058104095491731
2024-05-24,DIS,-0.02090056012260764,-0.008971332500881814,0.004180017940659296,0.010868600678716912,15.679218681601371,0.0035665647952445
2024-05-28,DIS,0.005044194389742202,0.007514006596312589,0.002578701979448704,0.006660066204505025,15.871312498067986,0.0043219069734048
2024-05-29,DIS,0.003938662148889451,-0.007611925147899332,-0.0017845719502211604,-0.01534553713468624,15.813782851411972,0.0040802859822511
2024-05-30,DIS,-0.006111465795517197,-9.80229363796586e-05,0.001982761298514991,0.008095573788636656,15.803891763945856,0.0040401264493807
2024-05-31,DIS,0.0037500463920019547,0.019500948041181677,0.004348232299539258,0.02149784773029027,16.505790533042937,0.0081512788494578
2024-06-03,DIS,0.02576842017619123,0.0013442574936161512,0.010495996706427905,-0.011031678038384273,15.748277715043415,0.003821572297355
2024-06-04,DIS,-0.019973462889433555,-0.007029062171120435,-0.008328920236552743,0.0054343489587881134,15.799143182991237,0.0040209870576822
2024-06-05,DIS,0.008678257393729539,-0.003969626781648875,-0.005921311058373687,-0.017869030755943843,16.19476970647357,0.0059724305846789
2024-06-06,DIS,-0.01911347427299073,-0.011219057466759545,-0.0021799176025655985,-0.002861201420308929,16.1471398547974,0.0056946328242452
2024-06-07,DIS,-0.001882083600532942,0.0033300035689168153,-0.0025824185291245536,0.0032552291301956443,15.615205292861022,0.0033454107836528
2024-06-10,DIS,0.003859282706434211,0.005655258689144937,0.000894639737956604,0.011748685130702794,15.84800474271193,0.0042223378836436
2024-06-11,DIS,0.013635015019840166,0.0002916391749938437,0.0009931388703253187,-0.01836891130522659,16.027536278177976,0.0050526887760907
2024-06-12,DIS,-0.014128943697690311,-0.011634196015484875,-0.004875808959932783,-0.0006941564175211614,16.01736893818928,0.0050015766433466
2024-06-13,DIS,-0.005847143230767287,-0.006115729647827727,-0.00640457780577316,-0.0070687201734620205,16.134421751937744,0.0056226664988123
2024-06-14,DIS,-0.007983253786398706,-0.0068503318560661315,-0.0036205933710736723,-0.0011995371068653563,15.773857477357526,0.0039205882255064
2024-06-17,DIS,0.011654088878498474,0.015225149435441732,0.013709085234591517,0.015385569591763775,16.15625820830832,0.0057467959640479
2024-06-18,DIS,0.0013854813141288287,-0.0015710188453138142,-9.937556099487046e-05,-0.00019695742927823337,15.76778626096642,0.0038968575924466
2024-06-20,DIS,-0.005453932069394246,0.0017673343455317265,-0.002288679436691927,0.003344145876703557,15.880713840000093,0.0043627303002069
2024-06-21,DIS,0.012156158975134298,0.00586857072537111,0.011982136493244906,0.004213448006650147,16.464864763753756,0.0078244156542363
2024-06-24,DIS,0.004410625764328425,0.005252393199366508,0.003145002655634386,-0.002839628513304026,15.81612545435024,0.0040898556781003
2024-06-25,DIS,0.004001801005662055,0.005803835124010701,-0.0013747714327910544,0.0021549024885863625,16.15188829337027,0.0057217377431247
2024-06-26,DIS,-0.007430603391897678,-0.012715473576259514,-0.0033463896121947332,-0.0001956468101440577,16.130251567520105,0.0055992677627184
2024-06-27,DIS,0.0013729638142157055,-0.0008795725022365781,0.0037394155137648894,-9.78754362935958e-05,15.939590920805351,0.0046273074981666
2024-06-28,DIS,-0.00019607534880546263,0.0029288486299946584,-0.0342708163830534,-0.028593217108514733,16.880740955343754,0.0118594530168071
2024-07-01,DIS,-0.026016699796189,-0.028076210330647253,-0.0050952821548299046,-0.012669291487520641,16.543298090113264,0.0084628194680882
2024-07-02,DIS,-0.014797048229291395,-0.017701358270362733,-0.009546850720359441,-0.0005101475685940944,16.406300161915336,0.007379341823004
2024-07-03,DIS,-0.0010216917709744598,0.011062137735917906,0.009035872456445639,0.006307197167978864,15.43093074088306,0.0027824028972144
2024-07-05,DIS,0.004792347114312896,-0.007801822038070323,-0.002558649515117402,-0.006307197167978991,15.961535520735378,0.0047299742929426
2024-07-08,DIS,-0.0017236740900241864,0.004399403146852102,-0.00249343725601585,-0.0017443998500436579,15.915685788465996,0.0045180027640733
2024-07-09,DIS,-0.0022545763557672155,-0.007762293997904896,-0.007666822765478196,-0.003291844710673626,16.01765645018521,0.0050030148635321
2024-07-10,DIS,-0.005349321151567696,-0.0025666252878094667,0.0010394647737521417,-0.0008246966448916322,15.864634763538481,0.004293142569696
2024-07-11,DIS,0.0006187420011329053,0.0030791717010622516,0.0005193815445287155,-0.0038229352640616132,15.820040092802651,0.0041058973647841
2024-07-12,DIS,0.0009273079679723553,0.002558760412813692,0.007036492176833062,0.0054715700933526635,15.68202199431772,0.0035765770203816
2024-07-15,DIS,0.002365899140110251,-0.0034815369855327022,-0.00392610739765365,-0.002680383873659169,15.819379728858836,0.0041031868728961
2024-07-16,DIS,-0.003190164211186892,0.012537798616932662,-0.0006212728834545598,0.016382056688264295,16.190927902583674,0.0059495296940338
2024-07-17,DIS,0.013106970041150667,-0.0011148699292744392,-0.00010359144174144672,-0.011850191852146802,16.062170699620044,0.0052307514982802
2024-07-18,DIS,-0.009608656665915313,-0.005593224623502132,0.0015526773614203656,-0.005358094540775984,15.834326048139154,0.004164975024709
2024-07-19,DIS,-0.005561805116359952,-0.012725861494091776,-0.012908687149270145,-0.010907462495997524,16.04563258673992,0.0051449561326027
2024-07-22,DIS,-0.017819453418885137,-0.01729385241204055,-0.02064334248774455,-0.016959380241952045,16.409047447032897,0.007399642854083
2024-07-23,DIS,-0.04747684359164837,-0.03714641938430592,-0.03993548438312463,-0.03447684529171765,16.93056694576947,0.0124653309280037
2024-07-24,DIS,-0.0053061932277961394,-0.010304890807566856,-0.0027869296690476108,-0.012614981215084678,16.28093711343674,0.0065098824047452
2024-07-25,DIS,-0.0015529743325024374,-0.002758635979401929,-0.004138984096833878,-0.006591892169332596,16.191838649374372,0.0059549506778097
2024-07-26,DIS,-0.0008884865123058284,0.0005523952017949884,0.001456172145978715,0.008038490532615279,16.24048149962197,0.0062517771976199
2024-07-29,DIS,0.0043239549356345434,0.02184684416977963,0.009469298521940044,0.024277549771693153,16.38236586717605,0.007204819335117
2024-07-30,DIS,0.014061523345435886,0.015971167817783346,0.016276575156126426,0.01774910380277557,16.107651399146274,0.0054741426065853
2024-07-31,DIS,0.022863112849357572,0.00847100374259127,0.02126249867169602,-0.0010667496945473511,16.141988041017004,0.0056653705750876
2024-08-01,DIS,0.0007460612897270962,-0.009428534503987812,-0.011168516227709955,-0.006854475433238469,16.04160340791919,0.0051242678883968
2024-08-02,DIS,-0.018278099948287104,-0.018802615676703896,-0.039652775205058804,-0.03811659656848199,16.552057573650483,0.0085372750207652
2024-08-05,DIS,-0.05888329556465069,-0.02905133570001419,-0.029417263123549312,-0.02018677143362647,16.76536647059799,0.0105671568640293
2024-08-06,DIS,0.015304163085280112,0.025901140374421348,0.017663073592615774,0.02464265227365773,16.89362899116203,0.0120132872604881
2024-08-07,DIS,-0.0026102369681547262,-0.02948050375305691,-0.025446041396878404,-0.045594206038047265,17.23591892134664,0.016916733034259
2024-08-08,DIS,-0.032922389449616216,-0.03315216216891628,-0.021691246520771302,0.0,16.901563356400228,0.0121089842189807
2024-08-09,DIS,0.011443286381792197,-0.0009271670478113136,0.009488768608495146,0.002904068976506816,16.588624204906974,0.0088552323140691
2024-08-12,DIS,-0.003139711357620631,0.0015060494741480168,0.009048791736404388,-0.0030205036298734745,16.279755296377253,0.0065021934583692
2024-08-13,DIS,0.0069638542354977535,0.0009257884045454584,-0.001990761929827601,-0.0040803755105124975,16.49757270942641,0.0080845675593178
2024-08-14,DIS,-0.00521829659128675,0.0009248553843018236,0.0029261820360037324,0.008144346788355206,16.06417796850656,0.0052412615688661
2024-08-15,DIS,0.014313949059637694,0.027242782844701257,0.01910111843865164,0.02844438928129808,16.333287753123564,0.0068597571229337
2024-08-16,DIS,0.019409250400361313,0.008286688972916994,0.012873963244810063,0.005727471973358302,16.14548715484826,0.0056852290768789
2024-08-19,DIS,0.005045745788541714,0.014173619159391474,0.01203960128569825,0.016877992546434274,16.09006658107938,0.0053787222288975
2024-08-20,DIS,0.01090110479497519,-0.0030833065037276157,-0.0011190939034408046,-0.011962902123488849,15.997441108970992,0.0049028926121611
2024-08-21,DIS,-0.0018825179784850137,0.0012124336871067885,0.001342734979931314,0.010861248260857497,15.848594106597135,0.0042248271108877
2024-08-22,DIS,0.008498476702331753,0.006587657818842226,0.0030145705942956147,-0.008857452331019871,15.845368001642603,0.004211219335287
2024-08-23,DIS,-0.00927461492435158,-0.006918127542174661,-0.00022294748479634256,0.007092227104934491,15.812819845805421,0.0040763585348216
2024-08-26,DIS,0.008504965050756244,0.011503810505957978,0.013732149459236748,0.013381760951413848,15.900412290632815,0.004449521356782
2024-08-27,DIS,0.005593690047655418,-0.0008718461926018478,-0.001871492321527404,-0.009634364317920507,15.794772722013356,0.004003451834652
2024-08-28,DIS,-0.012103944545565128,-0.012065442214846041,-0.022172291476976767,-0.015633095110077325,15.963743400817132,0.0047404290473675
2024-08-29,DIS,0.0013274439496774738,0.0008822712071648905,0.009753849874402773,0.0035693544557043647,15.637120210926383,0.0034195344393638
2024-08-30,DIS,-0.005209667188523084,-0.0027600951803043745,-0.0025693052857668343,0.006326723287612868,15.944170862428223,0.0046485489039824
2024-09-03,DIS,-0.004120514236629732,0.0004421644307158744,-0.009666242826580847,-0.013927007490079564,15.95150975667693,0.004682789607628
2024-09-04,DIS,-0.007392600423608257,-0.0052075457013021536,0.0031573562643664884,0.0013454208131477839,15.658786788276004,0.0034944325213286
2024-09-05,DIS,0.008061870192612538,-0.003895580578042779,-0.005418876262662534,-0.006745365475398648,15.645544940653956,0.0034484647915556
2024-09-06,DIS,-0.013698818534254505,-0.006489151010593161,-0.007042987341459755,-0.008041218311152646,15.86854408221279,0.0043099586826335
2024-09-09,DIS,-0.0026037395281984983,-0.002247472178473115,0.0010253621641652274,0.0045381112599565164,15.98458722949853,0.0048402747179336
2024-09-10,DIS,0.0012461733866090939,6.041369266659408e-08,0.0019342529212888785,0.0006790826046975261,15.74097030138889,0.0037937482683828
2024-09-11,DIS,-0.003174974355593459,-0.005188383818964582,-0.01592528337946667,-0.0009054303016652044,16.193110447536746,0.0059625289918637
2024-09-12,DIS,0.001928810105054379,0.01012608736552058,0.01819586141624584,0.011034914176043718,15.787046821044115,0.0039726407329871
2024-09-13,DIS,0.013846134039885253,0.015440521939668501,0.01362869559707702,0.013900762691107542,15.773377651282445,0.0039187074760331
2024-09-16,DIS,0.018277985472510968,0.018024400697829873,0.017301032932002847,0.01425455081043351,16.015907985372863,0.0049942749100975
2024-09-17,DIS,0.013844493554330997,0.009481778916502339,0.013324807461282964,0.01093619484784569,15.918803016644697,0.0045321083851228
2024-09-18,DIS,0.012373027372128538,0.008755150658557085,0.005625966530462968,0.007723742282967725,16.146663768458993,0.0056919223323573
2024-09-19,DIS,0.013805058910254577,0.012885686151386981,0.0067738115790167515,-0.0013902178365996823,16.205410406923892,0.0060363207506089
2024-09-20,DIS,-0.01723270872354284,-0.013523744069406984,-0.0053723567732228035,0.003205120190125935,16.773099589684225,0.0106491907307602
2024-09-23,DIS,0.005350466229526431,-0.0033030271370095344,-0.00713589533922979,-0.008354792750711808,15.808672409451852,0.0040594871057232
2024-09-24,DIS,-0.0038494287255009456,0.0009601202692212307,0.0032498986360308896,0.007714639085435034,15.877335458837543,0.0043480162013866
2024-09-25,DIS,0.0032089339620461005,0.006906486931390798,0.009579744128728612,0.002451849707433328,15.944718097057182,0.0046510934473874
2024-09-26,DIS,0.008718829037391813,0.014193577250027267,0.008852004780095717,0.013536583523439909,16.12423685510285,0.0055656908530045
2024-09-27,DIS,0.010845002139070109,0.011521179015169483,0.011612013503499729,0.008472414542530764,16.13351624015397,0.0056175774120023
2024-09-30,DIS,0.014141873026429596,0.006890537867793327,0.0016778976542581596,0.001873059105352153,15.892737273726974,0.0044155019177803
2024-10-01,DIS,-0.017288406363755414,-0.017785564596644893,-0.0224633116639299,-0.022498791527073937,16.12796686977132,0.0055864897295324
2024-10-02,DIS,-0.01695143339566595,-0.013338411521245484,0.0028890426322440523,0.0010626685901474508,15.631019268118276,0.003398735562836
2024-10-03,DIS,0.00021374704569666046,-0.005194298296478206,-0.004927137816458707,-0.005538429511905534,15.636877533749416,0.0034187046969492
2024-10-04,DIS,0.007343992135817638,0.0131976713062898,0.00812753276608385,0.016103786200334536,15.657472051361069,0.0034898412799674
2024-10-07,DIS,0.008342559410457131,-0.002099918404017814,-0.022947373295227766,-0.02943586032954236,16.217361723165126,0.0061088955538126
2024-10-08,DIS,-0.027399022628915557,-0.014824565552672564,-0.0007631980826961542,0.001297978129204549,16.13879013533368,0.0056472821904477
2024-10-09,DIS,-0.007159093605029467,0.002876234541092267,-0.002511618535919521,0.01171361923917207,15.97359009039541,0.0047873371518772
2024-10-10,DIS,0.02004596431894311,-0.001383817391020392,0.013358933203811275,-0.0065384064676441735,15.717319681634574,0.0037050764623344
2024-10-11,DIS,-0.009326341100647022,0.007745857640114652,0.0011860686492969166,0.012184853062149082,15.906028158014363,0.0044745795777052
2024-10-14,DIS,0.014222553166200838,0.006111711218696028,0.01071819234478896,0.0088842652032575,15.650010340561863,0.0034638980004685
2024-10-15,DIS,0.011297111578170413,0.004820737555178349,-0.0012802203726925497,-0.007928633253535693,15.692805468302039,0.0036153536492274
2024-10-16,DIS,-0.016086596110398983,0.011848054103991994,-0.0005338336076429322,0.026497919005200328,16.111705376577383,0.0054963797032986
2024-10-17,DIS,0.03357069325346472,0.005563558805210354,0.020926574038603,-0.002172926020285406,16.07126616839586,0.0052785446613656
2024-10-18,DIS,0.0008250073981413394,0.0021552654739836934,0.004591488563199363,0.0076359570109204924,15.96840014873936,0.0047625555117589
2024-10-21,DIS,0.0019566215756882215,-0.000923135530753122,-0.0010417008392649076,-0.006807588616712564,15.918412367844105,0.0045303382679715
2024-10-22,DIS,-0.010341402913124955,-0.0019516164896921215,0.002602086508583342,0.0012411089677286788,15.491541317462733,0.0029562615911696
2024-10-23,DIS,0.007559736534568333,-0.0012346054751346991,-0.0021853379976359876,-0.005181905012894918,15.499777796599409,0.002980711334322
2024-10-24,DIS,-0.0034103231247978234,-0.0035061817199194953,-0.00773896000840728,-0.008766431915227442,15.428003997517228,0.0027742714215506
2024-10-25,DIS,-0.008211682897846007,0.0005163526327205919,-0.0025228379601384236,-0.0038859717272606027,15.708336486572637,0.0036719420819084
2024-10-28,DIS,-0.006176979723995562,-0.0016533224817960029,0.0021028388496455025,0.012236749441679585,15.913086792593194,0.0045062757379459
2024-10-29,DIS,0.010862831583853032,-0.000724260089602578,0.0049242868129264275,-0.00072795033963607,15.737479387138158,0.003780527705909
2024-10-30,DIS,-0.0058346304697463845,0.0009310017366436908,-0.0077641655260404195,-0.010982762728748336,15.859091863756912,0.0042694119366363
2024-10-31,DIS,-0.004503287217609054,-0.0008275278048111488,0.0006318016319288234,0.011710713068384367,15.913246359533767,0.0045069948480386
2024-11-01,DIS,0.004503295582995078,-0.0024868086281732834,-0.001791097900520088,-0.004062328271999819,15.888040897208233,0.0043948136735743
2024-11-04,DIS,0.0013575758837588469,-0.0038459523308754556,0.002106819164202939,-0.00020869823770514533,15.621830342781202,0.0033676478803661
2024-11-05,DIS,-0.0024030267327783497,0.00674660602713831,0.0023123722629722486,0.008730895269002193,15.696760426088641,0.0036296805349209
2024-11-06,DIS,0.026935213674584506,0.02935694755383125,0.03060300376405319,0.023118875445677076,16.2425321476159,0.0062646105469669
2024-11-07,DIS,0.005787118950937111,-0.0003014558623122631,-0.0008149215745620788,0.0004044273538191542,15.870288052270748,0.0043174816805265
2024-11-08,DIS,-0.0005062541649645155,-0.0026159006135542317,-0.00531314582413833,0.0009092865770190224,15.89271221798107,0.0044153912854583
2024-11-11,DIS,0.0027309598991298737,0.016387246190437424,0.014139892083802978,0.018411602057395345,16.027941267166167,0.0050547354740469
2024-11-12,DIS,0.015535309179152156,0.0038577689995643563,0.005037806774389203,0.0012880709299541385,16.052618129097528,0.0051810222695606
2024-11-13,DIS,0.0023840316635168534,0.01868114952131178,0.008506440654756937,0.01698539572239529,16.689148697667715,0.0097916796032728
2024-11-14,DIS,0.09043671150498592,0.10660971695171073,0.07716401663205043,0.06044134102690711,17.674894121249142,0.0262398294378837
2024-11-15,DIS,-0.0007253620459524115,0.0033044082875191886,0.01692242624050585,0.053179350324521195,17.282745368090932,0.0177277232703636
2024-11-18,DIS,0.02755338717442177,0.002167944080980989,0.023663342139575876,-0.013472380188754383,16.471326741635973,0.0078751405738535
2024-11-19,DIS,-0.011358679302897613,-0.02579768785365792,-0.01850660106525949,-0.00991333840356851,16.31422157091955,0.0067302066739222
2024-11-20,DIS,0.001872396729445307,0.016485604832227364,0.005848242335777174,0.01623472637493008,16.047598183849132,0.0051550789900617
2024-11-21,DIS,0.016695756664966036,0.01630421252467092,0.020950614935719657,0.004017814364700237,16.14386095630073,0.0056759912779955
2024-11-22,DIS,-0.0026316238247509932,0.0007738459486594954,-0.002022647156821023,0.008073997790514638,16.127848041430504,0.0055858259356007
2024-11-25,DIS,0.015946006959625163,0.002060866337135184,0.011639782199245843,0.003021814253256843,16.157104899446832,0.005751663786214
2024-11-26,DIS,0.00276242839570108,-0.0013734238703500285,0.004427683916226288,-0.004752683401554873,15.733623784612965,0.0037659795555717
2024-11-27,DIS,-0.004752669798593993,0.015173764978677425,8.658569345247772e-05,0.018451525063305507,15.912595657630611,0.0045040630915067
2024-11-29,DIS,0.015556189468249325,-0.003899304615714071,0.011026084136961066,-0.0011060411807553433,15.443809674302424,0.0028184690341723
2024-12-02,DIS,0.00442474117066975,0.007530580836488875,-0.0015432289843275492,-0.0026424552380683946,15.942610790605755,0.0046413024868942
2024-12-03,DIS,-0.006644502384862159,-0.011871506831777347,-0.00948285232941731,-0.006078553123569777,16.03406176411489,0.0050857678403558
2024-12-04,DIS,-0.008842437043469771,0.000511612879550556,0.0033723379166265984,0.00462642293546236,15.894477111855268,0.0044231908641563
2024-12-05,DIS,0.004988888181355608,-0.00017052448167558207,0.0018974247129629992,-0.00419712578369536,16.10029831372341,0.0054340383898759
2024-12-06,DIS,-4.41716996410903e-10,-8.523053504423543e-05,0.0013776789818882057,0.001972330975204322,15.714314274578005,0.0036939579139778
2024-12-09,DIS,-0.0013738317763790726,-0.0006825488533580353,-0.02007631790974401,-0.018328594408972883,15.974929535956749,0.0047937538265507
2024-12-10,DIS,-0.015062567097602751,-0.019213966061022672,-0.0016693715445511182,0.0010465312357316272,15.833927530671973,0.0041633155398797
2024-12-11,DIS,-8.727041641682495e-05,0.0008695923469126688,0.0022837003423896553,-0.0010465312357316615,15.675987460749736,0.003555059033761
2024-12-12,DIS,0.0005232651774995411,-0.0003476974836220339,0.0015780272329705353,0.002527178145149337,15.480402287794503,0.0029235144238704
2024-12-13,DIS,-0.003318468826576685,-0.00043486812170900896,-0.007561812527976175,-0.01367008195393586,15.74187390699682,0.0037971778703635
2024-12-16,DIS,-0.007192447488935547,-0.01215587580788838,-0.009532653614011085,-0.006490316070072175,16.16959651880101,0.0058239620086128
2024-12-17,DIS,-0.01758739464052035,0.008542178824440949,-0.008358474748174029,0.008084226889854206,16.320105531130388,0.0067699236775047
2024-12-18,DIS,0.020591694358823374,0.018074890736795787,0.0039632083058425,-0.014886384499648152,16.324524364443935,0.006799905036755
2024-12-19,DIS,-0.014933545751462317,-0.028033089183081627,8.991088438364726e-05,0.00017963606685628052,16.06348116329844,0.0052376107022415
2024-12-20,DIS,-0.009448066246967904,0.0005312339180784858,-0.007398082223787697,0.0059086656076304455,16.70339594963436,0.009932182652158
2024-12-23,DIS,0.00900015070402019,-0.009963633250439658,-0.001087276973501267,-0.005639340483934686,15.613451051907097,0.003339547270589
2024-12-24,DIS,-0.003230736089883891,0.007925589411187518,0.007945909823163509,0.010359049925831823,14.72175135802525,0.0013690749842158
2024-12-26,DIS,0.0077898297470450255,0.0051314085641349936,0.006007623177605804,-8.879664888664714e-05,15.380244157757637,0.0026448869210221
2024-12-27,DIS,-0.0026793179240652658,-0.01064592147587687,-0.008979945352564593,-0.00892464623112768,15.32486312762909,0.0025023924903417
2024-12-30,DIS,-0.012508594046767497,-0.005186471623924054,-0.009334417025293975,-0.006746146380174726,15.558832475847687,0.0031620377100093
2024-12-31,DIS,0.0031644027632307704,0.0004481282105978847,0.007619051259546125,0.004951578143805229,15.37523308834685,0.0026316663585482
2025-01-02,DIS,0.008270437168343255,0.005451558509259736,-0.00452817299980966,-0.004771119314522151,15.553887006988298,0.0031464385526134
2025-01-03,DIS,-0.0029586626873508493,-0.005899686719857584,9.078408265561868e-05,0.003063377133384516,15.500631102124713,0.0029832558777271
2025-01-06,DIS,0.0008974912857036207,0.011676210572772214,0.006242973742892306,-0.0009900599974204758,15.65198858025837,0.0034707572044299
2025-01-07,DIS,0.006081767219425539,0.007855633354711235,0.003781046654579339,0.003056973556316804,15.879686292896551,0.0043582496911676
2025-01-08,DIS,-0.010307073259580034,-0.0233944160078178,-0.024099757019559968,-0.014741367937371413,15.870313676210479,0.0043175923128485
2025-01-10,DIS,-0.009049835519917927,-0.005143252401702299,-0.009433128609890087,-0.010164462693893218,15.994288368410027,0.0048874594032481
2025-01-13,DIS,-0.018997494127626937,-0.017613964775826715,-0.008397935976698873,-0.0052600101528191435,15.716154476496124,0.0037007618017781
2025-01-14,DIS,0.0069249157013792605,0.003217344087178011,0.008304992278499955,0.00037003621773234313,15.520549698753051,0.0030432739123886
2025-01-15,DIS,0.004498496153501652,0.0058565265928769115,0.0035250245787385188,0.0005547624529448602,15.65556816557502,0.00348320334065
2025-01-16,DIS,-0.008093461424978823,-0.009165967142277687,-0.01709118594284116,-0.016027190119400497,15.878924465586516,0.0043549307215089
2025-01-17,DIS,-0.013574018997003416,-0.007950496024642229,0.003573085562043006,0.005246382370929485,15.78182553390957,0.0039519524887811
2025-01-21,DIS,0.002524160108779516,0.01574689866146302,0.0024374450184788715,0.015576064536304638,15.972341405543274,0.0047813630064915
2025-01-22,DIS,0.022618130692221475,0.000913297812483578,0.013300668223113783,0.001011453473472623,15.988180682610048,0.0048576993086418
2025-01-23,DIS,-0.009630920918174959,0.013779536532740902,0.0023993598200650473,0.020287285477930045,15.844750446041989,0.004208619475721
2025-01-24,DIS,0.02422046483827693,0.02067256816955488,0.019533292076296907,0.010035950933523375,15.932308214937825,0.0045937305884527
2025-01-27,DIS,0.004667003927862241,0.006066774115620271,0.007474498707355036,0.010465662493602928,16.135631102309127,0.0056294703866127
2025-01-28,DIS,0.010421847995589395,-0.009866207076554197,0.0008967669476083052,-0.010644033177881145,15.68989416932582,0.0036048435786415
2025-01-29,DIS,0.005743347179214551,0.012492448834336464,0.010699144315799044,0.009319758960664455,15.84459271113594,0.0042079556817892
2025-01-30,DIS,0.005184741588394602,0.006969910253694125,0.003187541237670706,0.002118065047956936,15.645881740840487,0.0034496264309361
2025-01-31,DIS,-0.006948383540694791,-0.010209942145233134,-0.0031875412376705823,-0.003267279608138544,15.869339504624648,0.0043133882846141
2025-02-03,DIS,-0.017360814969228266,0.0051616083829660155,-0.016993535693577824,0.008279818741250106,15.998264381602706,0.0049069306919125
2025-02-04,DIS,0.021764168509153768,0.0005234684532789842,0.014773976072742594,-0.006159253425338391,16.419762060174694,0.0074793534420529
2025-02-05,DIS,0.01655805931407601,0.03370087567718692,-0.02047300314088257,-0.024661740281723,16.964393053911984,0.0128941971240694
2025-02-06,DIS,-0.03357376403875683,-0.051120189379768095,-0.009846025453521593,0.013924632674417844,16.338900549755284,0.0068983678032966
2025-02-07,DIS,-0.0024161866481682754,-0.0011543512490862246,0.015093903940266258,-0.011033937864586537,15.975298722669159,0.004795523943702
2025-02-10,DIS,-0.004219994776194528,-0.010449840965465928,-0.019317184878669364,-0.014354764845202024,15.924450341799503,0.0045577750838168
2025-02-11,DIS,-0.025147117564219522,-0.021141232869381486,-0.00924306402572487,-0.0023820638078349138,15.824623649168469,0.0041247601756777
2025-02-12,DIS,-0.0012001779132202346,0.004391952558156313,0.0005569769723812486,0.0019244607439301406,15.690569119393635,0.0036072774897246
2025-02-13,DIS,0.006170284111954407,0.0020977102495814037,0.007489264053752564,0.00329031447068623,15.695464190525438,0.0036249786612377
2025-02-14,DIS,0.008593182475642138,0.006809850491027664,0.009443103021234758,0.007182837069541988,15.60133595536277,0.0032993324215577
2025-02-18,DIS,-0.000728481467992964,-0.0053532221153713404,-0.00806231826467557,-0.007456611017246474,15.939315934436367,0.0046260352264641
2025-02-19,DIS,-0.005846895836489791,0.01660092224717964,0.003947678371543996,0.01620605788878878,15.949925607481044,0.0046753772420569
2025-02-20,DIS,0.019058553996252867,-0.0021498171525672336,0.0021965766424537733,-0.007210445091247343,15.602274403148627,0.0033024301265725
2025-02-21,DIS,-0.0021598088496318003,0.0021498171525672163,-0.01343783787544467,-0.01724416008284434,16.021816111476678,0.0050238690562209
2025-02-24,DIS,-0.019651321044012605,-0.0017911931881079341,0.006741525813700559,0.02310657954677934,15.774661375488542,0.0039237412466821
2025-02-25,DIS,0.023517713529362935,0.0030430880789292618,0.003858154396247619,-0.006043388093841321,15.801877057557371,0.0040319949737169
2025-02-26,DIS,-0.012370944348574608,0.011992135409169958,0.009035774306439374,0.011692911134876815,15.873677517053075,0.0043321404631858
2025-02-27,DIS,0.020326288111370192,-0.0011485379346296107,0.009044924381582893,-0.0046607978419131516,15.876622764020572,0.0043449184963718
2025-02-28,DIS,-0.007686163633044117,0.007661480079665395,-0.0005403725183586163,0.022123468937343734,16.49717578357085,0.0080813592219811
2025-03-03,DIS,0.02314651843703266,0.013592656622922307,0.008968669982760316,-0.00891485774016035,15.880434857558832,0.0043615133446653
2025-03-04,DIS,-0.020995613610332867,-0.02897483650873793,-0.033870794977493596,-0.034088050032008224,16.353800063318808,0.0070019196566482
2025-03-05,DIS,-0.021354418780143804,-0.011738989988729222,-0.00046187282318252784,0.0027482192341283717,16.113696087054564,0.0055073323031723
2025-03-06,DIS,-0.008818715178172695,-0.01920248810075685,-0.03001542724941333,-0.036140631487601924,16.268135119898954,0.0064270741117605
