Date,Stock,Open,High,Low,Close,Volume,Turnover
2020-03-13,EQT,0.12095228938377628,0.26383402868516204,0.13001245254148766,0.31714259734565375,16.886540499274872,0.036094106587498
2020-03-16,EQT,0.1750284155954524,0.07866978708115285,0.13425699074379013,-0.09227166065769324,16.707003964355287,0.0301623077025256
2020-03-17,EQT,0.037084414780684576,-0.07343650709614684,0.07691429870196849,0.07960029400559206,16.505457954253142,0.0246566596672142
2020-03-18,EQT,0.02914982381643923,0.00624331260415566,-0.03588928898397493,-0.07960029400559206,16.31209055830458,0.0203215037338982
2020-03-19,EQT,-0.013348309969316002,-0.05545131294338625,-0.15516615268788447,-0.07278098814374116,16.29942513247496,0.0200657462718864
2020-03-20,EQT,-0.10126301766354306,-0.10268386553695323,0.02943440605013153,-0.08117788936790224,16.068064822483112,0.0159212367713135
2020-03-23,EQT,-0.07993946687386103,-0.09021985283980988,-0.18619641735105485,-0.20650424534812864,16.009920177020437,0.0150219011408228
2020-03-24,EQT,-0.14413389404026758,-0.029691749630151084,-0.065315312639212,0.1792916897405014,16.245230466534814,0.0190072317497902
2020-03-25,EQT,0.11692143796643906,0.10522352184788981,0.1961392462095382,0.06410746653644948,16.220426672328852,0.0185415790931692
2020-03-26,EQT,0.06540016539095285,0.018326765675690443,-0.02513070027394029,-0.10492940901238043,15.745930058338413,0.0115365361987595
2020-03-27,EQT,-0.1324245523299695,-0.11265098832039004,-0.004501120039132184,-0.008658081599753455,15.700806058367705,0.0110275319828053
2020-03-30,EQT,-0.007402094401171351,0.013459032422618162,-0.022814800101557103,0.011527386087872963,16.033757171321007,0.015384280005519
2020-03-31,EQT,0.037905455983080524,-0.01889385214907214,0.021309845451440025,0.012811663654140245,16.093136855444417,0.016325460770501
2020-04-01,EQT,-0.015861856185371736,0.04658192628053714,0.029675809298936304,0.03201386883073379,15.977545513038649,0.0145433601827784
2020-04-02,EQT,0.0889476110446632,0.03073236723961682,-0.06025906074281434,0.07772188785178552,16.501901276881817,0.0245691196458581
2020-04-03,EQT,0.0631245667888315,0.11988244080819167,0.17478798888423047,0.10574065320426047,16.015387281915118,0.0151042523655021
2020-04-06,EQT,0.09972669877817936,0.11004748851603464,0.09921390117335924,0.10695555160457357,16.026386091134846,0.015271298142392
2020-04-07,EQT,0.10705407421806812,0.11354353299820752,0.12105731319582433,0.09661341312760464,16.185230891450036,0.0179003442522219
2020-04-08,EQT,0.09484851705403503,-0.006280965276424904,0.06381899209680891,0.008337212511911113,15.69570831621415,0.0109714595025868
2020-04-09,EQT,-0.0009239564068422081,0.056007520188589795,0.034718924293662544,-0.0018469125265022331,16.290947595502068,0.0198963571674649
2020-04-13,EQT,0.05133968933443343,0.06267522913098277,0.06157217283912071,0.13871681180704196,16.20819235509404,0.0183161175085291
2020-04-14,EQT,0.09299276407749867,0.04532017617471282,0.0796311418667677,0.03400868940915931,16.022905573941365,0.0152182385118568
2020-04-15,EQT,0.013508309217865533,0.010638305119249514,-0.009094748506097988,0.014666409443327843,16.014655623315605,0.0150932052499963
2020-04-16,EQT,0.03031725196262794,0.02389971421474546,0.048632075507096376,-0.018561903379698028,16.03165512918166,0.0153519755616915
2020-04-17,EQT,-0.001532621129934355,-0.00517950860151227,-0.00953903237063573,0.04278721516385627,15.857107569116982,0.0128931554589729
2020-04-20,EQT,-0.0007671323173070143,0.15499820753486368,0.039159320316827576,0.15169021377602776,16.397876667108772,0.022141767084277
2020-04-21,EQT,0.18895080880744858,0.0863758077228763,0.17370791871672425,0.0006423715307375796,16.273850842867333,0.0195590853834637
2020-04-22,EQT,0.008855361503132023,-0.05880502775072632,-0.09189430793171365,-0.08858893260562477,15.830520372803825,0.0125548793917439
2020-04-23,EQT,-0.1353324078256398,-0.13123863976680386,-0.13464428170917409,-0.13102843328222008,16.674810148503806,0.0292067322112784
2020-04-24,EQT,-0.09286172359925784,-0.03953069741885468,0.0032337159846870366,0.06877962763125474,17.067291076476916,0.0432449379304759
2020-04-27,EQT,0.05764156812988916,0.025335893398289754,0.03411650300403852,0.029435302362510036,15.969189643760165,0.0144223440538291
2020-04-28,EQT,0.0373808286825702,0.012078506505697445,0.02693529519344538,-0.029435302362510074,16.030335011523494,0.0153317225165977
2020-04-29,EQT,-0.019615580203179536,0.013328869684200672,0.024748142281091418,0.05095712978169681,15.748639517349611,0.0115678363593592
2020-04-30,EQT,0.06256483461429843,0.0535903079457723,0.015435816961078668,0.0348710423017971,16.147382668696988,0.0172355087554215
2020-05-01,EQT,-0.01597808927416141,-0.041124756297335106,0.013763371520207046,-0.015193625681957803,15.678660178462106,0.0107860018665206
2020-05-04,EQT,-0.0035075510750765316,0.02581666654230358,-0.002160579412987285,0.02948450873452454,15.704608602955386,0.0110695444978348
2020-05-05,EQT,0.07250037491115584,0.03363316851947276,0.016446512342219936,-0.03227204316227116,15.74022640035818,0.0114709230278769
2020-05-06,EQT,-0.05993042111088447,-0.059449893547042526,-0.038313352749505813,-0.05008196207988251,15.656171455013002,0.0105461455556155
2020-05-07,EQT,-0.05491574357502565,-0.0041379218453098734,-0.01784434462886165,-0.0007339835239726263,15.745276952164113,0.0115290040745511
2020-05-08,EQT,-0.002936898104612622,-0.028032750971133936,0.009705157273282824,0.026803438687794418,15.341088703681852,0.0076958223745947
2020-05-11,EQT,0.02109950308047582,0.020401832663544766,-0.023300455047798967,-0.060401108380588014,15.677480090933473,0.0107732809456352
2020-05-12,EQT,-0.04792683427052134,-0.06472439866984997,-0.03955549974306976,-0.03949430289364826,15.77712545366181,0.011902095293677
2020-05-13,EQT,-0.04242822276136015,-0.05576088864002613,-0.06116861450193511,-0.01753028928270735,16.0284664139978,0.0153031004446055
2020-05-14,EQT,-0.03365680478140908,0.030938468268610828,0.004196481090864741,0.008006626430757108,15.710262892176074,0.011132312199572
2020-05-15,EQT,0.020968420261597915,0.018113654218780657,0.03132982920908515,0.015823068710810066,15.526222829076037,0.0092609977851135
2020-05-18,EQT,0.04372268406889095,-0.003746900266101238,0.020088905076510996,0.01092893747003424,15.813633714056056,0.0123446494360588
2020-05-19,EQT,-0.0015290288585354187,0.002998558642844762,0.012648436719128284,-0.006230485301334825,15.359684566234138,0.0078402717788592
2020-05-20,EQT,-0.00306498776396178,0.025860499825421587,0.014815273529152642,0.04057208851987505,15.787339188135073,0.0120242830863921
2020-05-21,EQT,0.03765501506842866,-0.0007297141796619908,-0.0007743479552107658,-0.012075643653786248,15.199878314372597,0.0066823332172114
2020-05-22,EQT,-0.03153437078652872,0.010889221336820363,-0.003880720854310985,0.042369528660295405,15.730696515976229,0.0113621256781991
2020-05-26,EQT,0.01739202646665478,0.08309298982056937,0.01849081334296677,0.07093205877825204,16.36105759415033,0.0213413533517243
2020-05-27,EQT,0.10521031478672638,-0.006666949352992954,0.040394185695467766,-0.04011625626225759,15.750735393275512,0.0115921065373642
2020-05-28,EQT,-0.05264358141969906,-0.002679066906943761,-0.029764042735041837,-0.05811357490360586,15.619445767772156,0.010165856973357
2020-05-29,EQT,-0.0495726139717079,-0.083906383183764,-0.019832618210307115,-0.002246091626160779,15.605334989547318,0.0100234161355481
2020-06-01,EQT,-0.04275488230467624,-0.03639488847357305,-0.03368924197262797,-0.035868285949204465,15.792296394907149,0.0120840379384459
2020-06-02,EQT,0.006995817349525331,0.02021785062868646,0.020505519888006866,0.039609224625540285,15.29565972215955,0.0073540313160684
2020-06-03,EQT,0.05280270640512565,0.035679158815312466,0.02999077448382618,0.0352201487391744,15.77781430889745,0.0119102969400373
2020-06-04,EQT,0.01820204222695084,0.02472739712808577,0.03498670584782478,0.03053118920174904,15.479701961394863,0.0088400357321294
2020-06-05,EQT,0.03543960734947347,0.05300155367574122,0.02670677619232428,0.04978867202319223,15.714673604377902,0.0111815220777339
2020-06-08,EQT,0.052893750652496074,0.11195686547223081,0.060121742340538784,0.11667352836281858,16.10458489029062,0.0165134291146367
2020-06-09,EQT,0.0980685220574862,-0.01190480661352993,0.07118145039770457,-0.039860313725515434,15.79984453681158,0.0121755950927132
2020-06-10,EQT,-0.03721091097816484,-0.03039759213249035,-0.05521315088709505,-0.06754167129015828,15.579110750158353,0.009763976301701
2020-06-11,EQT,-0.10129443973269778,-0.050643743411335616,-0.04938430835500474,-0.03351513976092927,15.77103165921537,0.0118297869012757
2020-06-12,EQT,0.04373381679235988,-0.013730198374676638,-0.008356589252681708,0.009498056548474097,15.490605303491968,0.0089369490636116
2020-06-15,EQT,-0.06951028788463895,-0.042359275383048636,-0.04725293100662908,-0.02876916984361124,15.717364470114267,0.0112116505745678
2020-06-16,EQT,0.04350015108490019,0.01634913858330991,0.021038148628034926,-0.021778182932292747,15.481026489711171,0.008851752369787
2020-06-17,EQT,-0.044912428772808356,-0.030180486191255337,-0.008651644138837353,-0.004270263299590777,15.332964971051558,0.0076335568144714
2020-06-18,EQT,-0.014235215688902585,-0.009797209711588262,-0.013853818640511918,-0.02455009290790133,15.359043896635637,0.0078352503627203
2020-06-19,EQT,-0.010086450099285943,-0.02204140149864543,-0.05353705259060529,-0.05715838355386628,16.494976150810515,0.0243995631608987
2020-06-22,EQT,-0.06584278124266256,-0.0645864412149594,-0.06727918303596894,-0.04512041011972513,15.56589249644595,0.0096357628096191
2020-06-23,EQT,-0.04024220194715384,-0.02327498960411738,0.0016555992126858323,-0.008130225180888255,15.512153345332736,0.0091316126292659
2020-06-24,EQT,-0.021156162850197547,-0.010256453619521206,-0.010810869727379085,-0.021452931232417087,15.490904923295407,0.0089396271522191
2020-06-25,EQT,-0.02920538631087918,-0.034695023474466374,-0.07732922062040941,-0.0522156992566257,15.763632687357692,0.0117425816409955
2020-06-26,EQT,-0.03796833802456577,-0.06881695962190239,-0.0509604383114531,-0.06629755239977378,15.78122347437178,0.011950970410763
2020-06-29,EQT,-0.0514319973943184,-0.014171908698118052,0.002847775690141814,0.03777532620968776,15.565927237359512,0.0096360975706951
2020-06-30,EQT,0.03547438162404772,0.06726675805330087,0.04811288974179679,0.07320338261727023,15.99853489859953,0.0148518425142495
2020-07-01,EQT,0.04883267539183014,-0.005016768633431816,0.020563943070999655,-0.039422499163096175,15.413038021768893,0.0082699376198176
2020-07-02,EQT,0.01771448334551487,0.0719501382211523,0.051735597687368455,0.10212102330645031,15.459891006728139,0.0086666294947967
2020-07-06,EQT,0.09409322982483144,0.07003233877705527,0.0975993490844437,0.07083276278891673,15.780354749922623,0.0119405928174092
2020-07-07,EQT,0.01660419135097058,0.07088209869145502,0.018127455742186254,0.033975116770035965,15.712635692836894,0.0111587583245706
2020-07-08,EQT,0.053909731057872286,-0.039383324048723724,-0.01432357183264062,-0.055529136473185206,15.233812419844003,0.0069129835985283
2020-07-09,EQT,-0.04422616755163443,-0.01777508273571323,-0.0007596036116614006,-0.010574138751051726,15.504923668100856,0.0090658320778453
2020-07-10,EQT,-0.02400722391547461,-0.04474533897439653,-0.037156033436564685,-0.011454941820065182,15.361753259948202,0.0078565076910419
2020-07-13,EQT,-0.002280399861161629,0.0007500059612204846,-0.015898564312559395,-0.0415582836241327,15.233642918098818,0.0069118119347626
2020-07-14,EQT,-0.05877136641022695,-0.043668396611015674,-0.023511467767762577,0.009561766361903697,15.220921281542724,0.0068244392939444
2020-07-15,EQT,0.03645411454501197,0.010128572773218686,0.013849512050609572,0.011041145721976238,15.19862511887378,0.0066739641903131
2020-07-16,EQT,-0.009382587009883632,0.017672292642193596,0.019231297388015,-0.0070839895333301844,14.807947554690047,0.0045155921532432
2020-07-17,EQT,0.00548396184916832,-0.015349328012467958,-0.01277963802071006,-0.01431992576946465,15.140807055746778,0.0062990317852695
2020-07-20,EQT,-0.028528301044634205,-0.017161296980905037,-0.013759926347103513,-0.008853317906280564,15.271144630415224,0.0071759384236727
2020-07-21,EQT,0.013573144431188244,0.060300672502062516,0.009732502580720916,0.07699104051815771,15.31807592330806,0.0075207423318824
2020-07-22,EQT,0.03582943494116393,-0.02778993500872641,0.009638672828978687,-0.025010718362355022,15.326232718209745,0.0075823383698538
2020-07-23,EQT,0.015186434401808108,0.10269136554409229,0.04837141010432063,0.08809806513783411,15.758573944547907,0.0116833289305556
2020-07-24,EQT,0.056404324338510656,0.012973675804937704,0.06415744388268038,-0.004225509547953385,15.484763541087291,0.0088848937163042
2020-07-27,EQT,-0.057158282791675584,-0.021255366228589485,-0.06568194695732496,-0.05512626210167591,15.469979386966282,0.0087545042772288
2020-07-28,EQT,0.020896229808571847,-0.010449488561953449,0.031534118019474526,0.030116077503004015,15.189302336505685,0.0066120333912657
2020-07-29,EQT,0.02983122384249838,0.014598796239450228,-0.0029607752791074625,0.04734193819405225,15.314620303031706,0.0074947983484977
2020-07-30,EQT,0.017762523226047267,0.003444795590531325,0.03782279007855196,-0.01740378398058669,15.095666601016454,0.0060210127117082
2020-07-31,EQT,-0.00564980187146978,-0.0013765032152142174,-0.018732627229870985,0.019472076355903933,15.436125968765467,0.0084630947606302
2020-08-03,EQT,0.06045804044758416,0.10948431171588133,0.08367252627151972,0.0774965623832441,15.722991828853647,0.0112749204179189
2020-08-04,EQT,0.03857950232515289,-0.004950489623130583,0.02379496056922437,0.01831438226149165,15.654996292288457,0.010533759395806
2020-08-05,EQT,0.04023152269315618,0.04488306186343999,0.0384414579100753,0.0235013190187387,15.623028704419713,0.0102023459306336
2020-08-06,EQT,0.01771065239975525,0.017054372512918713,0.021145285935713607,-0.0012230597930199994,15.353151886466065,0.0077892207147797
2020-08-07,EQT,-0.012793335111747255,0.00523417739253274,0.0012301173926537398,0.04954765738467799,15.295477622592012,0.0073526922717647
2020-08-10,EQT,0.05138510239614969,0.04147121755753163,0.04565339256002631,-0.0005827872530205652,15.775323753073325,0.0118806705848174
2020-08-11,EQT,0.003488453240393901,-0.03165880894788179,-0.04934814710473007,-0.05571962322482167,15.18183203229466,0.0065628235131037
2020-08-12,EQT,-0.05120151957081533,-0.04223491359170937,-0.011790247302085213,0.008589151079481026,14.808540454509943,0.0045182702418506
2020-08-13,EQT,0.000610539721129598,-0.0060097010914182385,-0.01572858503122917,-0.023486974936740537,14.97703535903396,0.0053474734269336
2020-08-14,EQT,-0.011049725941636859,0.055683937655311655,0.025048260219478917,0.05889407576505841,15.541290646292484,0.0094015974370049
2020-08-17,EQT,0.04820189558232814,-0.018412739156400317,0.004319483192044505,0.00880538805360128,15.296797093784772,0.0073624003429667
2020-08-18,EQT,0.02210688773096379,0.024097717090758537,0.014063342096286992,-0.03448600996678699,15.267311955434426,0.0071484880154463
2020-08-19,EQT,-0.0477263357760611,-0.02933782988144141,-0.002431629122616367,0.006031212120295684,14.7532108606032,0.0042750663201862
2020-08-20,EQT,0.0006032912114098298,-0.030224464294380138,-0.037202122423207716,-0.04740808905326086,14.926743207141522,0.005085188123941
2020-08-21,EQT,-0.03873831890981556,-0.02683090050783628,-0.00824615994458255,0.011285473879727339,14.974779154221329,0.0053354220282
2020-08-24,EQT,0.019864038965969222,0.03043439160700261,0.004448636669035478,0.020975274545674622,14.918878520468171,0.0050453515559052
2020-08-25,EQT,0.008568180569651867,-0.005410067694063299,0.02257164423783289,-0.0006103504075691144,14.413083073746828,0.0030424760386056
2020-08-26,EQT,-0.009798139385263397,-0.012739238567743906,-0.03726364998050629,-0.043064560622068114,15.01121961136119,0.0055334332046136
2020-08-27,EQT,-0.024292576486754657,-0.007352771264259562,0.0019287614902969562,0.02953412939262002,15.069444554823923,0.005865181430862
2020-08-28,EQT,0.019357446020026054,0.004295746386712309,0.02285813910598074,-0.008082093561136552,14.73818129425867,0.0042112943352212
2020-08-31,EQT,-0.013698939942599821,-0.014806010730570494,-0.05549822959930115,-0.009407521795453523,15.414029272344923,0.008278139266178
2020-09-01,EQT,-0.02090665296118116,-0.02262825529242183,0.01580027191614896,-0.017159561392093854,14.682821527696438,0.0039844937062775
2020-09-02,EQT,-0.008357510349985015,-0.009581665340867965,-0.019123573182358394,-0.035228701391619516,15.124627124458696,0.0061979339403381
2020-09-03,EQT,-0.030146489846209348,0.016550324281636723,-3.6192030361437006e-08,0.015156731019301916,14.975061458364511,0.0053369284530417
2020-09-04,EQT,0.026913525092385003,-0.013346050592595037,-0.014755289483872829,0.004567881593207602,15.002042449948481,0.0054828842821479
2020-09-08,EQT,-0.02425573721854322,-0.0364863715544218,-0.03227216932856612,-0.057618268128270395,15.468563552615015,0.0087421181174194
2020-09-09,EQT,-0.02485839979279641,-0.014032864416532542,0.0027875673965752456,0.018449589895088377,15.171990091570947,0.0064985493865248
2020-09-10,EQT,0.010825484686778531,-5.0689485339334307e-08,-0.031097933117018212,-0.04855332878909801,15.229906592267445,0.0068860353319158
2020-09-11,EQT,-0.04825180413776002,-0.043320501694507976,-0.02030518145661383,-0.0028468397963679346,15.254777040951911,0.0070594415692485
2020-09-14,EQT,-0.0007065799141405966,0.011181065270054922,0.002195341263304181,0.014154405296374344,15.318053667212059,0.0075205749513444
2020-09-15,EQT,0.01542813646456735,0.03549861525278112,0.03589764959073646,0.001404568249581107,15.320920621900623,0.007542167040742
2020-09-16,EQT,-0.004883119141788015,0.004016120107719366,-0.0007054611574641593,0.035163950345870366,15.339739322962462,0.0076854447812408
2020-09-17,EQT,0.01388909431407376,-0.02160791135343701,-0.037387569910799986,-0.01227011783998572,15.649754798532674,0.0104786911988153
2020-09-18,EQT,0.010973952374430005,0.050576245756866804,0.06178746298950922,0.03768946508901137,15.755158425515505,0.0116434923625197
2020-09-21,EQT,0.012877250017345106,0.013535542785321512,0.010959048182331328,0.020268765443111552,15.30684060699117,0.0074367173018235
2020-09-22,EQT,0.03571788940513372,-1.8981691976746813e-07,0.0020413034147840946,-0.04908164360876127,15.211210794817847,0.0067584913619858
2020-09-23,EQT,-0.03235671518564682,-0.025941699482943358,-0.02268910933148052,-0.021993924825017858,15.046729103117071,0.0057334529474828
2020-09-24,EQT,-0.039005846927319565,-0.021249078722631848,-0.009783366434483264,0.006234914492443697,15.145208376776603,0.0063268169545719
2020-09-25,EQT,-0.005598266541529174,-0.030666722730801087,-0.035743556514710076,-0.04304006600846338,15.088244486925934,0.0059764894886093
2020-09-28,EQT,-0.01984490425401688,-0.021686906532792663,-0.0370689268370958,0.008614356318554572,15.097249912250312,0.0060305534023723
2020-09-29,EQT,-0.017328884462323918,-0.025789317059651547,-0.037711140135767623,-0.08577734068988228,15.71918417084018,0.0112320710001996
2020-09-30,EQT,-0.07562184572980735,-0.04527676055951549,-0.013423062297043252,0.00698487034010598,15.31399478654135,0.0074901116934346
2020-10-01,EQT,0.00626492777925152,-0.006857025628497248,-0.009584573063210726,-0.019524087585823836,14.885758007999197,0.0048809838676227
2020-10-02,EQT,-0.04144043701577225,-2.0882420685885189e-07,-0.01536642921469675,0.00393519470909751,14.76450117313311,0.0043236066761963
2020-10-05,EQT,0.059235638760854796,0.04849885190506757,0.05702252269405636,0.07270423770092246,15.305827264791827,0.0074291851776151
2020-10-06,EQT,0.06242745009095017,0.03647174381158099,0.031074905766710455,-0.0169432412579524,14.953055377239423,0.0052207663596934
2020-10-07,EQT,-0.015245316292490865,-0.0021089544029320845,0.008175481139002534,0.048577868459109795,15.08017414662374,0.0059284512742131
2020-10-08,EQT,0.042955766681640695,0.0208920973077801,0.027738972000878343,0.025848404062081214,14.9315045720527,0.0051094583019461
2020-10-09,EQT,0.04387267801318427,0.04908547560778984,0.035364386312144266,0.013018335232426025,15.247829596150071,0.0070105664521624
2020-10-12,EQT,-0.010111217694855233,0.018850150894839303,0.013802894404016797,0.04720058919645799,15.19041555582034,0.0066193981349362
2020-10-13,EQT,0.055350025061089554,0.007058058134174393,0.03898334642825943,-0.00978806056376434,14.847698459477924,0.0046987064617778
2020-10-14,EQT,-0.03390166641357654,-0.019368036408005503,-0.022667732609860543,-0.026579697341943015,14.951001395983264,0.0052100540052636
2020-10-15,EQT,-0.006653338666505898,0.00195381554187522,-0.008804598872469553,0.016694949470142342,14.953920636834415,0.0052252856342185
2020-10-16,EQT,0.012603781027620078,-0.003911382858499869,-0.0013615066659541342,-0.02616730170849478,15.080512890356339,0.0059304598406687
2020-10-19,EQT,-0.02199344222927259,-0.02983311275281711,-0.023433090023722816,-0.003404743017564214,14.68269549586315,0.0039839915646636
2020-10-20,EQT,-0.004051322615256311,0.03048615615958836,0.023433226115745456,0.02492552790146809,15.227984474407537,0.0068728122694165
2020-10-21,EQT,0.046273831324764335,0.03715983102965808,-0.0034119309328974495,-0.013396144805588473,15.411640511014037,0.008258388362698
2020-10-22,EQT,-0.042222500086800965,0.05921795155263216,0.008168950413496186,0.06335789158152125,16.258839806456375,0.0192676758668651
2020-10-23,EQT,0.06078329574891152,-0.038675479215348904,0.04442240406498373,0.021910187711403354,15.69682138403362,0.0109836782818583
2020-10-26,EQT,0.01946672862350961,-0.009285194695757901,0.0025905721636124562,-0.03272797467320392,15.036517749778996,0.0056752045202707
2020-10-27,EQT,-0.03030532620019247,0.01481506592759326,-0.018277259458147607,0.03334688599266923,15.517290795931414,0.0091786465604343
2020-10-28,EQT,-0.015504150812697345,0.012785705064018086,0.011787995824691156,-0.023795662626681723,16.906893907756253,0.0368362718928387
2020-10-29,EQT,0.0257082709473494,-0.031339105795119795,-0.011788035934052456,-0.013397454887645188,16.412539883383776,0.0224688286554624
2020-10-30,EQT,-0.015990046458098765,-0.02528577258065053,-0.02873564873636468,-0.028005635010728704,15.699119832862579,0.0110089527430911
2020-11-02,EQT,-0.024805503362284372,0.008288181405771918,-0.008852683072786085,0.021562364379316457,15.547520199715061,0.0094603480058309
2020-11-03,EQT,0.028024062842821097,0.008849689372224773,0.0020499154192782053,-0.040229613171227266,15.58429153216269,0.0098146926047046
2020-11-04,EQT,-0.05753662361888885,-0.06903789067155623,-0.06049665990724388,-0.04543110453260073,15.714868187455087,0.0111836980247275
2020-11-05,EQT,-0.02690721957632189,0.008059327513952243,0.021521839141887336,0.0042166713023012925,15.399733426364458,0.0081606381285259
2020-11-06,EQT,0.0006987799487916973,-0.029873496747261415,-0.022973283094916214,-0.007744126245437241,15.599590783799941,0.0099660046110258
2020-11-09,EQT,0.02688888403354679,0.01978913710308369,-0.05600564792949426,-0.04776591776167346,16.241250985495693,0.0189317431271676
2020-11-10,EQT,-0.07045162588156163,-0.04703493368120351,0.01675589729893328,0.04493512429610288,15.625764773441045,0.0102302984804739
2020-11-11,EQT,0.04286375611915488,0.04229399986437752,0.06788455029208056,0.040283244515169986,15.311914365698243,0.0074745453034038
2020-11-12,EQT,0.01457848056044982,0.016161965365799096,0.007732827619406172,-0.01163997220368508,15.302916646410614,0.0074075930882175
2020-11-13,EQT,0.015048182587557026,0.023763537497969906,0.017355586852646578,0.04774016178744225,15.242443136718482,0.0069729058311201
2020-11-16,EQT,0.016162131277073208,-0.02176137239922316,-0.03930315241560282,-0.038826713020659306,15.607236859975636,0.0100424975168762
2020-11-17,EQT,-0.03397059683861342,-0.022245543413475413,0.017737311103342233,-0.015130855156538336,15.171139762558356,0.006493025828772
2020-11-18,EQT,0.00962851197979784,0.014885141211324147,0.0056099762641766485,-0.0020813450297760007,15.452913965164479,0.008606372501129
2020-11-19,EQT,-0.038372379811518954,0.007360237573715651,-0.042134148022628055,0.04015502297922965,15.618391454222822,0.0101551446189272
2020-11-20,EQT,0.06671436600428635,0.03793793067650161,0.04910277996738388,-0.01817606917123858,15.589903599949494,0.0098699281822334
2020-11-23,EQT,-0.006006074693513367,-0.003858531608427804,0.023336650829353548,0.04580946767598009,15.4325794800409,0.0084331336443344
2020-11-24,EQT,0.05279826373300571,0.03045922806886808,0.026775449531829032,0.03569538959666414,15.55172225674612,0.0095001845738668
2020-11-25,EQT,0.01136377384540477,-0.004384583122734444,-0.0013219114655047893,-0.03634449826096083,15.184735308692634,0.0065819048944318
2020-11-27,EQT,-0.046908806743735536,-0.01837246497887226,-0.001986159259294003,-0.00978806056376434,14.180570945592372,0.0024112840299363
2020-11-30,EQT,0.022765274365910488,0.01459880903706637,-0.016032353176063045,-0.02456142717890892,15.491990293160299,0.0089493352234211
2020-12-01,EQT,-0.03135460948544594,-0.03136250679092943,-0.03564460540304602,-0.02724963273396061,15.265741931226467,0.0071372735194026
2020-12-02,EQT,-0.03649065167493281,-0.017711336446813844,-0.010522812381976514,0.0006902667011735578,15.236061649343132,0.0069285499885592
2020-12-03,EQT,-0.008987296061846962,-0.04674063336385765,-0.05285346770714184,-0.07151010423227057,15.859091863756912,0.0129187646812817
2020-12-04,EQT,-0.048373454736617874,-0.005563207741550055,0.014027669312691445,0.05410632025168406,15.511163046693294,0.0091225740802158
2020-12-07,EQT,0.012314676068491529,-0.0006974729507244862,-0.010316855795763316,-0.02560579024152709,15.659071684008468,0.0105767761940633
2020-12-08,EQT,-0.021835071338839444,-0.028310556062818105,-0.020202871164281305,-0.0359409072266975,15.991409462091823,0.014746392775331
2020-12-09,EQT,-1.6322812767991493e-07,0.01919697824753147,0.00753002171257797,0.040971146023180326,15.747321927525615,0.0115526047304043
2020-12-10,EQT,0.03115081945023571,0.04341034441412759,0.038989985107892186,0.04964333603946725,15.901319410228892,0.0134759744921701
2020-12-11,EQT,0.04804247836537236,-0.008124758382695624,-0.03300642766010997,-0.04964333603946728,15.821413330848031,0.0124410606259271
2020-12-14,EQT,-0.03669470210660858,-0.01714102536343206,0.0322848667358252,-0.005030238796482801,15.203927913934988,0.0067094488643618
2020-12-15,EQT,0.003519833692113221,-0.0041580428929067735,-3.615186045953246e-09,0.027710496628620886,15.409225713102561,0.0082384700786801
2020-12-16,EQT,0.0028069695578438504,-0.008368355955859061,-0.02263710958631233,-0.04735478620668524,15.580395623726266,0.0097765298420484
2020-12-17,EQT,-0.03930480564016309,-0.01908854535914825,-0.020142365659682596,-0.007374606356989811,15.705893046811461,0.0110837718435619
2020-12-18,EQT,-0.010256652228197362,-0.015102897681579294,-0.0007540078016141102,0.0007398085791526737,16.162007363380493,0.0174894250315157
2020-12-21,EQT,-0.026867188065762482,-0.01607041564780089,-0.0259754239349442,-0.0051909387819740116,15.565075737338734,0.0096278959243347
2020-12-22,EQT,0.028339057495630367,0.01171324495046791,0.02219770848917924,-0.012719876599350253,15.129180730194784,0.0062262212512544
2020-12-23,EQT,-0.031369513044802066,0.03574337529215816,-0.002273813675519913,0.06627809317758528,15.576415724485651,0.0097376975572403
2020-12-24,EQT,0.0766519782936237,0.0021047242464209744,0.04958485853706648,-0.01992931604535712,14.20043344534445,0.0024596570054084
2020-12-28,EQT,-0.05118224727152191,-0.048825195988236696,-0.09697223366399131,-0.09811784402685345,16.147994298358576,0.0172460537293133
2020-12-29,EQT,-0.0625680616006008,-0.059108026298976275,-0.024155637867254286,-0.011966541903312415,15.39382945766118,0.0081125999141297
2020-12-30,EQT,-0.019078494620621656,0.021622410317600635,0.006498765336418989,0.04088612699280329,15.164518593795727,0.0064501764110527
2020-12-31,EQT,0.03625278471406679,-0.009981100835700661,0.014469450509964921,-0.021020790931029536,15.330791844994263,0.0076169861412128
2021-01-04,EQT,0.003862650943203593,0.04378070708542927,0.03142460507531777,0.053611733998446764,15.490511653890126,0.0089361121609218
2021-01-05,EQT,0.05839993168968082,0.08083790580177687,0.054189403792195535,0.045909836459363265,16.15736453602824,0.0174084128511402
2021-01-06,EQT,0.03008829025923471,0.01956222757926013,0.01742974308408268,0.06346963450065606,15.685511267042802,0.0108601514448395
2021-01-07,EQT,0.05425267455008508,0.03156053326992315,0.05667805786661651,-0.001338064937785538,15.40394973204649,0.0081951185193469
2021-01-08,EQT,0.008652320540293619,-0.02092944288940655,-0.02409749927569985,-0.028515097949860208,15.39050214967332,0.0080856516475172
2021-01-11,EQT,-0.057977343121383224,0.009210663703971826,-0.016157694969108814,0.04708337891462844,15.250690554886512,0.0070306521167183
2021-01-12,EQT,0.09505481986273838,0.07807615154129269,0.09453734924448617,0.0795371556808111,15.978891168173687,0.0145629437057204
2021-01-13,EQT,0.05588049709397811,0.06336435683448027,0.044115523309429416,0.04218041496385752,16.082468576942105,0.0161522219137064
2021-01-14,EQT,0.05234951372161715,0.03299147617049753,0.06792367609567969,0.04047277913184986,15.998625054672148,0.0148531815585533
2021-01-15,EQT,0.03712477179430283,0.026060240272661166,0.02559148149089014,0.03297019911514246,15.8583919739869,0.0129097261322315
2021-01-19,EQT,0.010436587159071777,-0.0021459957212348413,-0.07943466912434127,-0.08279432248976319,15.87204177595786,0.0130871495024754
2021-01-20,EQT,-0.06490292442374922,-0.07758435058439242,-0.035265118200952864,-0.05120066213858523,15.66497289464236,0.0106393765152625
2021-01-21,EQT,-0.06753604021039664,-0.040870177322217836,-0.025511522733382235,-0.01181231625791004,15.399876991047055,0.0081618097922917
2021-01-22,EQT,-0.02655040672250925,-0.00606443263416234,-0.008433449505220425,0.0247077331850799,15.026350032654587,0.0056177929957484
2021-01-25,EQT,0.0668981335665999,0.03994577789079246,0.0575926957391522,0.00486922341016364,15.315267747179336,0.0074996523840987
2021-01-26,EQT,-0.0005993547487670823,-0.013533684428998717,-0.019249301226358883,-0.030828523854170464,15.349923370118885,0.0077641136340848
2021-01-27,EQT,-0.058640815749180904,0.02052249603027678,-0.03509142111527529,0.036278049268142244,16.037145973778923,0.0154365027333643
2021-01-28,EQT,0.06878103273140264,-0.01993028802641078,0.02690749966293236,-0.0072726533312162485,15.603011137649954,0.0100001502407708
2021-01-29,EQT,-0.02281022132065969,0.018768817961189368,0.025586365890706925,-0.007939082606554302,15.63014000418135,0.0102751564646488
2021-02-01,EQT,0.030495461278313065,0.020132810620595864,0.03926789598144889,0.042022845827724406,15.5013725155261,0.0090336950145559
2021-02-02,EQT,0.035862920223044464,0.005678779170568508,-0.022768908114924973,-0.02620745641365701,15.531450514264886,0.0093095381411237
2021-02-03,EQT,-0.060908601916630487,-0.011389483465114758,0.0036299408953569816,0.040798090989637596,15.38179062490113,0.0080155192021095
2021-02-04,EQT,0.048905259702379286,-0.0034422305375257094,0.020323565790889675,-0.015766693562535544,14.95366434166299,0.0052239465899147
2021-02-05,EQT,-0.004611177044296312,-0.0034544262562980297,-0.022136868096090456,-0.01422688605272451,15.224178014404751,0.0068467009054938
2021-02-08,EQT,-0.02042656784768641,-0.0139373002296816,0.006031483473214962,0.01951011972818166,15.315245428495762,0.0074994850035607
2021-02-09,EQT,-0.0005897945163215526,0.0005845407877625975,-0.01759224094141374,-0.03758275727465392,15.385542348057871,0.0080456476989434
2021-02-10,EQT,-0.025090987281539197,-0.011758031505544332,-0.022904181638777225,0.019266017724831684,15.457009188779631,0.0086416897946398
2021-02-11,EQT,0.01441462939719956,0.005896245614319614,0.03325427248547437,0.0035713801755908304,15.659071684008468,0.0105767761940633
2021-02-12,EQT,0.0047590405333432515,0.04314729481554037,0.012639259021497012,0.048139147093518075,15.679792373858508,0.0107982206457921
2021-02-16,EQT,0.0798144953347127,0.0451370735716732,0.05582860262506687,0.01126151783080459,15.838249596566936,0.01265229486484
2021-02-17,EQT,-0.010465677653475978,0.05802507445235582,-0.028688256193546518,0.07078283537232458,16.039604347567916,0.0154744981154826
2021-02-18,EQT,0.05389226391661453,-0.01741856845642463,0.04773625539165147,-0.04644563075280757,15.837217181422146,0.0126392391828787
2021-02-19,EQT,-0.026582719412718673,-0.01983323922932827,0.0005552499255716738,0.00436250532083194,15.49745534719701,0.0089983777210451
2021-02-22,EQT,-0.0026980230523088343,-0.01808607160407887,-0.019603464247778535,-0.03826399632552605,15.649179590095635,0.0104726654994485
2021-02-23,EQT,-0.0391126779322497,-0.03941388543096901,-0.07881792911821767,-0.0022637300130147787,15.74388223173851,0.0115129355429064
2021-02-24,EQT,0.0028052879855776838,0.05644493706152314,0.07541874219281088,0.052963514510184696,15.447257952905735,0.0085578321451189
2021-02-25,EQT,0.04115801725242565,0.007360619562290514,0.008476945410058976,-0.025028618137236256,15.412896334299232,0.0082687659560519
2021-02-26,EQT,-0.02780229706074975,-0.04117130681742189,-0.03843318578485478,-0.02003399022707255,15.414878134344871,0.0082851692487725
2021-03-01,EQT,6.99814985898356e-08,0.011397804746731762,0.02825215158887562,0.035885763931081276,15.729355055254763,0.0113468940492442
2021-03-02,EQT,0.0234919460931597,0.04691238943865586,0.04175390772410725,0.0,15.248259262108114,0.0070135793018458
2021-03-03,EQT,0.009137254800709583,-0.01923654657439124,-0.007113772990808736,-0.0010853534272673262,15.40501123804334,0.0082038223073211
2021-03-04,EQT,-0.015637903874922213,0.0036679922769917205,-0.022210673864089443,-0.005989603166016882,15.880587039447933,0.0131994618434505
2021-03-05,EQT,0.011885657471097048,-0.019541214666339585,-0.04713516066944493,-0.018187341501555414,15.804507700206894,0.0122325044756216
2021-03-08,EQT,-0.031090680012431513,-0.027028677990595135,0.016345990849924996,-0.034515380618427155,15.672027430623423,0.0107146977573471
2021-03-09,EQT,-0.052898179124168346,-0.02104166024153848,-0.022249180329661562,0.01994932151143853,15.678411854685116,0.0107833237779131
2021-03-10,EQT,0.042316327864895004,0.06917945754853255,0.05022719374522665,0.05756610653583823,15.864686301289701,0.0129912404542209
2021-03-11,EQT,0.049696252076999764,0.02475625654231743,0.03322565469748436,0.03507293823103264,15.403275499098807,0.008189594961594
2021-03-12,EQT,0.03764160871385248,0.0020356526682885727,0.011911292767960434,-0.036139092163571286,15.12813173701092,0.0062196934102737
2021-03-15,EQT,-0.042448103448542863,-0.03307796969969648,-0.005396738647031507,-0.003740354089045657,14.877355468257448,0.004840143016359
2021-03-16,EQT,-0.010223479388871134,-0.008443376806879333,-0.008150047024899748,-0.0021437358959601875,14.823906703497475,0.0045882353067204
2021-03-17,EQT,-0.005423083209319472,0.006339053300623423,0.0010904819838717605,0.011203102001999015,14.95366434166299,0.0052239465899147
2021-03-18,EQT,0.01564643165842271,-0.007930247576472881,-0.04971710936576275,-0.06861402246501438,15.532923744593647,0.0093232633452369
2021-03-19,EQT,-0.0595545549079481,-0.011745989815571347,-0.020249403888179595,0.04824880382762599,15.9002257942393,0.0134612450048291
2021-03-22,EQT,0.03954840580035894,0.0058901750953339405,0.05458996413928995,0.0,14.959669980079926,0.0052554141310523
2021-03-23,EQT,0.002727207570004387,0.0005338912338583955,-0.01393156414541339,-0.029114751982148496,15.446553589876098,0.0085518064457522
2021-03-24,EQT,-0.009302466298254368,-0.015595922510812413,-0.016407736566666796,-0.02254891701151876,15.291988571583008,0.0073270830494559
2021-03-25,EQT,-0.04670324893992435,0.011317803963018314,-0.024250585967206674,0.05813979936019729,15.842658436633625,0.0127081999645206
2021-03-26,EQT,0.08974363822711079,0.06182170895526759,0.08403584972118777,0.05850213461969752,15.703216519658321,0.0110541454883419
2021-03-29,EQT,0.029062924685383063,0.025368385359962053,0.032772622395382194,-0.02257637848272855,15.582840884057498,0.0098004652589775
2021-03-30,EQT,-0.022763746790011016,-0.04984699048965014,-0.058903846893740314,-0.05548123217612414,15.487961015326256,0.0089133484077584
2021-03-31,EQT,-0.05154098257907408,-0.029868423572619776,-0.012767019022724304,0.019017433618060405,15.710924237939556,0.0111396769432425
2021-04-01,EQT,0.029852846131335598,0.012159709301443892,0.02537354806547983,0.02024554042525337,15.28237079757229,0.0072569506040482
2021-04-05,EQT,0.0042690433267210184,-0.012691757597317176,-0.022584163354562637,-0.046419391548659525,15.339172911289346,0.0076810928872537
2021-04-06,EQT,-0.033571206524099895,-0.004266831748190803,0.010529192650268302,0.01915239153869125,15.027422067219591,0.0056238186951152
2021-04-07,EQT,0.019089880977228205,-0.0069722552767853465,-0.016676168538024953,-0.02136478662347958,15.190213244462978,0.0066180590906325
2021-04-08,EQT,-0.03911270024423207,-0.03393869311110038,-0.04119569170054935,-0.01900558772014513,15.386270218086603,0.0080515060177722
2021-04-09,EQT,-0.015284666344718614,-0.01571292743889873,-0.004097250763221951,-0.030366045975833464,15.136359586917724,0.0062710792354292
2021-04-12,EQT,-0.0028566353354665024,0.00900881996230323,-0.017155291544093895,-0.02294925073865417,15.25503781872071,0.0070612827551661
2021-04-13,EQT,-0.03848858410469762,-0.048818089959055434,-0.012608929452698672,0.004158228842477796,15.05515962822851,0.0057819933034929
2021-04-14,EQT,0.010644659674485302,0.06328698915462233,0.02682724035165132,0.04349767385210409,15.274358344269915,0.007199036937912
2021-04-15,EQT,0.0358214591103299,-0.014468688613536989,0.005280297028695298,0.002833757540614284,15.032617036765876,0.0056531102892592
2021-04-16,EQT,0.013528860008557828,0.0011203924411852604,0.012790750803189165,-0.006814465686165556,14.72009341941702,0.0041358057125986
2021-04-19,EQT,-0.01864997371338392,-0.0067417478368508475,-0.008703355361513029,-0.0017108969969241805,14.856882429430252,0.004742058021111
2021-04-20,EQT,-0.0005705126624204504,-0.0022571674915555042,0.005810727552510051,-0.008022926282219482,15.423787997309873,0.0083593188270914
2021-04-21,EQT,-0.024264625819523516,0.0022572812957067545,-0.013415163921750942,0.0,14.951129893484646,0.0052107235274154
2021-04-22,EQT,0.014513979539206094,0.009537180549898747,0.00293158587560492,0.019937959693979844,14.951740031230926,0.0052139037576368
2021-04-23,EQT,0.024481893916099822,0.003900949621909209,0.03396026034670591,-0.0005640342493789745,15.0453852921421,0.0057257534427364
2021-04-26,EQT,-0.013020533380600016,0.03551296486680739,-0.011383376923016211,0.03329926504532952,15.297933173265289,0.007370769369865
2021-04-27,EQT,0.05433733456122964,0.017558472621108896,0.0447754742513177,0.017316597572964047,14.983307122022662,0.0053811169150647
2021-04-28,EQT,0.012335743797329237,0.040315439242820314,0.02219291906420867,0.047153782327259725,15.238860067940953,0.0069479661309632
2021-04-29,EQT,0.04380278679944317,0.006564233268252461,0.005871569890656473,-0.010805247316490947,14.927434189617731,0.0050887031152383
2021-04-30,EQT,-0.02322707099830189,-0.004539918896887853,0.009006405384360774,-0.011970115254153568,15.094052935032844,0.0060113046405062
2021-05-03,EQT,0.007802531617852983,0.006550920447646843,0.007880512595590956,0.03346530726642993,14.848766569000873,0.0047037278779168
2021-05-04,EQT,0.023048358547503422,0.0015056044853696935,0.002612897968468676,0.008068542645762313,14.933239290846373,0.0051183294704583
2021-05-05,EQT,0.015574296120555194,0.015427033792534585,0.022704852677284542,0.013469951192833602,15.38878249477992,0.008071759062866
2021-05-06,EQT,-0.013550996119503621,-0.014424614622653842,-0.0974553630797914,-0.09179808917679604,16.775817757803072,0.0323109716683935
2021-05-07,EQT,-0.05825902346629371,0.03640333288330965,0.047771677701164875,0.1167563513833569,16.10619522089709,0.0165400426201733
2021-05-10,EQT,0.11569820899732296,0.039313961004768416,0.10235368553444066,0.012488520079797042,15.420800077703463,0.0083343791269345
2021-05-11,EQT,-0.01829611721667717,-0.013561185813304044,-0.016593876756327987,-0.0009551598889037441,15.177768597337836,0.0065362100075672
2021-05-12,EQT,0.030624197986309977,0.025564829232311206,0.022866362072642313,-0.0028709658795526994,15.286100340369504,0.0072840662511987
2021-05-13,EQT,-0.03159657031062943,-0.04505682345688709,-0.04778051649695739,-0.035604788411166356,15.190541979637137,0.006620235037626
2021-05-14,EQT,-0.004387136392385772,0.02793072906103349,0.02638932921937566,0.06021554966471045,15.08316242044526,0.0059461936112375
2021-05-17,EQT,0.05604529003778763,0.07810179687330329,0.05961262105505362,0.07820716473848305,15.509014029390254,0.0091029905572738
2021-05-18,EQT,0.060488581532987,-1.9756751299267374e-07,0.04126613516838024,-0.017885073896654433,14.986846837716442,0.0054001982963928
2021-05-19,EQT,-0.04536129095063729,-0.01830117102973482,-0.026104091911536436,-0.015971891217986523,15.266984094334058,0.0071461446879148
2021-05-20,EQT,0.022937878767680064,-0.005290919345256568,-0.0004560596627156863,-0.01577671852350923,15.013515892306057,0.005546154125499
2021-05-21,EQT,-0.010279339101716802,-0.0004421339418653042,0.0009120741912953332,0.0166708200100138,15.237099907808686,0.0069357473516917
2021-05-24,EQT,0.004929575538400232,-0.0013276392920091918,-0.02772810751494348,-0.04477664253245989,15.269019777508957,0.0071607067947178
2021-05-25,EQT,-0.049483375538985394,-0.04994239144218908,-0.035292243139454414,-0.037129469342340814,15.125976506282331,0.0062063029672364
2021-05-26,EQT,-0.023284665409723643,-0.010294958178993579,-0.0019437732312175837,0.029153641335133564,14.877320885937518,0.004839975635821
2021-05-27,EQT,0.009569478988688701,0.008897288555408384,0.009198823358064205,-0.022387193537470908,15.096000138088439,0.0060230212781638
2021-05-28,EQT,-0.0019064620974395387,-0.02310870531631442,-0.017992100208510466,0.005763813351325259,15.063462256554708,0.0058301988984271
2021-06-01,EQT,0.0212420007996829,0.0570256663370292,0.04415277137944831,0.04174089455059666,15.47780672958946,0.0088232976783328
2021-06-02,EQT,0.015755792635366268,-0.009053836278454554,0.0032812022813174867,-0.0018389924960451232,15.178690067424164,0.0065422357069339
2021-06-03,EQT,-0.002762548186727068,-0.013736584810252504,-0.011294456805395875,-0.01483581784082829,14.953952669112704,0.0052254530147564
2021-06-04,EQT,-0.004621042494297997,-0.0009224750195549738,-0.0076009243681556165,0.0018666408401912414,14.966842107180096,0.0052932421326326
2021-06-07,EQT,-0.008372065551537952,0.01738383879149834,0.015144800306492897,0.018018567489088862,15.078648378223587,0.0059194127251629
2021-06-08,EQT,0.01621527202460087,0.020202676910987555,0.007953107625471051,0.029772086340083853,15.149406013733996,0.0063534304601084
2021-06-09,EQT,0.042291577757516206,0.014998134424866746,0.04242376097684345,-0.004454315212578084,14.90957954143378,0.0049986523858127
2021-06-10,EQT,-0.0004407824840248171,0.006980677744722269,-0.0017882119389684254,0.005786696374112246,15.012881920642677,0.0055426391342018
2021-06-11,EQT,0.007901759145003831,0.007795671891315036,0.017299176873032472,0.021515675001499566,14.976158550834995,0.0053427867718705
2021-06-14,EQT,0.006102979236331031,0.0025851810305167755,-0.022232909193787884,-0.027302371375611683,15.356648430276906,0.0078165037424681
2021-06-15,EQT,-0.021525202182370643,-0.021309888524644844,-0.03151678973090863,-0.024860114617437624,15.225082140236589,0.0068528939853986
2021-06-16,EQT,-0.03387097831541857,-0.03990668571830721,-0.027760016364103978,-0.026433293250220105,15.143699262633909,0.0063172762639078
2021-06-17,EQT,-0.023705384789464337,-0.02736073213099739,-0.032487489008665424,-0.03783061785561113,15.807813578208332,0.0122730105658094
2021-06-18,EQT,-0.07519403623174409,-0.05956729573888517,-0.051578659685129646,-0.057761420072322565,15.92539655326998,0.0138043751076591
2021-06-21,EQT,-0.016876020528397984,0.019273957914925657,0.006207787644813953,0.05384932748014006,15.229298726613294,0.0068818508184667
2021-06-22,EQT,0.05077736194902618,-8.24247345484164e-08,0.02947359284222422,-0.0029441211363091776,15.143964184280907,0.0063189500692875
2021-06-23,EQT,0.015564650872875388,0.027518162727792266,0.024729401856863252,0.015602595522209033,15.007765272872163,0.0055143518232855
2021-06-24,EQT,-0.0024157452322938777,0.02817115626233365,-0.0004883887179063662,0.034707788452395305,15.041753824328689,0.0057049982560286
2021-06-25,EQT,0.04122818446815193,0.020165541094354873,0.047252812787044275,0.029014135401834097,15.146741632461017,0.0063365250257739
2021-06-28,EQT,0.02747416027970117,0.0072332722196734416,-0.037041328758709864,-0.03041710858142034,15.515465545242195,0.0091619085066378
2021-06-29,EQT,-0.02191871082313485,-0.013149222240428284,0.020589635537806007,-0.009875554462297308,15.15549942805627,0.0063922627449165
2021-06-30,EQT,-0.006484432567034439,0.022117840584018826,0.012715095437463263,0.05067880174664588,15.586301890954399,0.0098344435081846
2021-07-01,EQT,0.05733915320001421,0.023385194682959642,0.0171657888975212,-0.005405430081708276,15.32253937279599,0.0075543858200135
2021-07-02,EQT,-0.04578897895139517,-0.0409491960366693,-0.021856212226411847,-0.024229692745135558,14.875936611555437,0.0048332804143024
2021-07-06,EQT,-0.01294515432389299,-0.0239091639875301,-0.04029318502051467,-0.043989092419423,15.172942631719806,0.0065047424664296
2021-07-07,EQT,-0.04181130997594512,-0.026882091648992634,-0.0333447543532046,-0.006306195069896649,14.746887321267424,0.0042481180535737
2021-07-08,EQT,-0.020589284797062696,0.03198737045040307,0.0215274358168346,0.03772203015100367,15.60344622577304,0.0100045021347579
2021-07-09,EQT,0.06611633268782813,0.011965523529827337,0.04028727366125621,0.01719003390676121,14.70026975503892,0.0040546261516852
2021-07-12,EQT,-0.00464675667289082,-0.005964627796010048,0.00616560990051081,-0.014381927846363456,14.335673057131375,0.0028158427901998
2021-07-13,EQT,0.006499369918023479,0.0164310022015712,0.010815729952157788,-0.00046765857788679037,14.324495087956748,0.0027845426296002
2021-07-14,EQT,-0.0051030067243283,-0.0228945158405488,-0.04447268964254685,-0.04201065441127603,14.513894502708052,0.0033651857158038
2021-07-15,EQT,-0.05792506020992622,-0.04258005806056484,-0.02977921748167334,-0.02718268226472805,14.680508416503422,0.0039752877766894
2021-07-16,EQT,-0.00543613969519622,-0.021495694800782353,-0.053815382213621685,-0.05192622400964649,15.035632559223775,0.0056701831041317
2021-07-19,EQT,-0.08260626426789079,-0.06424224428030485,-0.030223498391415568,-0.007947106034269976,15.465284138681193,0.0087134960454272
2021-07-20,EQT,0.017076197532132725,0.03110675190365271,0.019534048352197336,0.03604469745147169,15.498106176906965,0.0090042360398739
2021-07-21,EQT,0.04652007497482635,0.05172712434604413,0.053869246086875995,0.049058942041935595,15.380599638893592,0.0080059785114455
2021-07-22,EQT,0.040094437924914315,0.003387363301783247,0.01816391428103473,-0.00146666208923991,14.809836198616694,0.0045241285606794
2021-07-23,EQT,-0.01762154468164791,-0.013618834373033196,-0.024805020904945404,-0.010821525547459444,15.007158016320105,0.0055110042125262
2021-07-26,EQT,-1.280582738576645e-07,0.052932398737740506,0.03673353868606619,0.031640453609668336,14.974779154221329,0.0053354220282
2021-07-27,EQT,0.01665080502909969,-0.032573048930555536,-0.019456736628882542,-0.026707083478576532,15.11152484207419,0.0061172565210386
2021-07-28,EQT,-0.0034055284446989444,0.010026257072229625,0.01896255959590988,0.020940596379955413,15.111360656479519,0.0061162522378108
2021-07-29,EQT,-0.07328374925053041,-0.06526731977869174,-0.1068446332652059,-0.10455770688391836,16.663253191779525,0.0288711342326569
2021-07-30,EQT,-0.038486729167414455,-0.0644032021815177,-0.02281035845577496,-0.016181565462203503,15.98690448928455,0.0146801100822965
2021-08-02,EQT,-0.008757659324004985,-0.0070557005093305255,-0.015310872922440327,-0.04846397971547473,16.20301576778693,0.0182215475045784
2021-08-03,EQT,-0.03467905742537567,-0.007654484655697209,-0.009761701969628372,0.020898831402151968,15.544135142717971,0.0094283783230794
2021-08-04,EQT,0.017489828382955316,0.007654554694888351,0.014891458503513247,0.01717976300322952,15.700274672505461,0.0110216736639765
2021-08-05,EQT,0.01498795301209092,0.01459885725740852,0.02304132659922596,-0.00495719427749352,15.539366026955566,0.0093835203389046
2021-08-06,EQT,0.007683880048605439,-0.002149422341756116,-0.005012643060341337,0.024005349609756015,15.693952336156126,0.0109522107407207
2021-08-09,EQT,-0.0016415383229226703,0.030722837530594627,0.012208857358674533,0.03131069264597529,15.940439315078985,0.0140136007801164
2021-08-10,EQT,0.05123856035734077,0.01552830332203841,0.04844881915551896,0.01194524685153749,15.198499712903137,0.0066731272876232
2021-08-11,EQT,-0.010460478101283982,-0.010844557332934842,-0.016424474490104358,-0.010379151177387875,15.226546554863123,0.0068629368176765
2021-08-12,EQT,-0.0010521638563157556,-0.0036411422421893354,-0.01832942494028684,-0.022686358278705042,15.26611708648066,0.00713995160801
2021-08-13,EQT,-0.012711831806780809,-0.018406869021185126,-0.02646218815079067,-0.04362718661592671,14.938295323975868,0.005144273453843
2021-08-16,EQT,-0.05985891373212509,-0.0551000982541156,-0.03640924122228252,-0.032864390611881705,15.531684219988378,0.0093117140881172
2021-08-17,EQT,-0.03103681151644433,-0.015828305367674333,-0.030590431738657903,-0.019191993607478294,15.72287305873589,0.0112735813736152
2021-08-18,EQT,-0.006442124910893657,-0.021307983727750394,-0.021129707479859504,-0.03647643793142254,15.771385323485001,0.0118339714147249
2021-08-19,EQT,-0.05061320638041314,-0.04890655266858398,-0.04237388765194005,-0.010407186726133787,15.860541927263535,0.0129375113015339
2021-08-20,EQT,-0.0024752842207449166,0.015165613134257534,0.019540536764174735,-0.0036990868541440305,15.316695107824152,0.0075103647385285
2021-08-23,EQT,0.025689390775125505,0.016124378172546774,0.016713407694617908,0.022596215124420407,15.815746676766476,0.0123707607999814
2021-08-24,EQT,0.011408195157327185,5.359350863814693e-08,0.007339470581284763,0.0018100502861868365,15.545554362488335,0.0094417687661167
2021-08-25,EQT,-0.013826495249846736,0.03549980371261112,-0.0030515601026445197,0.05111235179455027,15.464669250804874,0.0087081398682123
2021-08-26,EQT,0.05304717832031416,0.03317707311894071,0.05528898248308697,-0.006319971277378967,15.972457090035237,0.0144695453655355
2021-08-27,EQT,0.015380498671446384,0.04594156671225814,0.02287112182901734,0.0706437246549172,15.814731386545214,0.012358207259634
2021-08-30,EQT,0.051236921994898765,-0.010087573309913334,0.018482882657648952,-0.02777186788688444,15.337035086723,0.007664689594533
2021-08-31,EQT,-0.03553264635758597,-0.0016021652651130693,-0.009478740008644933,0.012074760069722154,15.63232046193558,0.0102975854567362
2021-09-01,EQT,0.022015379168240614,0.013273454027104926,0.02161353934235828,0.022654791568071018,15.24582204373536,0.0069965064869733
2021-09-02,EQT,0.027913513293263945,0.05089754204158941,0.03130295484659655,0.056001995270590535,15.775915293971472,0.0118877005674119
2021-09-03,EQT,0.045533098110294455,0.03931715207415412,0.04264824088352421,0.034691412768392625,15.794675997532549,0.012112827390976
2021-09-07,EQT,0.04209581161378681,0.006245428806547853,0.0161619058278457,-0.010281704123022858,15.878886358981761,0.013177032851363
2021-09-08,EQT,0.006284786456112696,0.02038475729608605,0.010961864101123632,0.007354817505607531,16.155950142794598,0.0173838079120592
2021-09-09,EQT,-0.04132417533350735,-0.046095529484141785,-0.02967282937165075,-0.02974930639829953,16.078741432893654,0.0160921323005766
2021-09-10,EQT,0.01396522968727302,0.006367728508679813,-0.01336106914903996,-0.023938171070876035,16.137015633936624,0.0170577506241017
2021-09-13,EQT,-0.01698337776058365,0.0029255259186799438,0.022507425728599904,0.02895812130291295,16.4753784800974,0.0239260436189932
2021-09-14,EQT,0.0169837245309452,-0.014219163415335575,-0.020956254856704336,-0.022279040891358508,16.03338718387133,0.0153785890672281
2021-09-15,EQT,-0.017487727782033745,0.028719052101147967,0.019437530482311175,0.05236756809828171,16.15237156255258,0.0173217097324739
2021-09-16,EQT,0.017982820342724703,-0.027238723911865458,-0.019437621321722366,-0.06111032560992567,15.93884948031282,0.013991339168567
2021-09-17,EQT,-0.04921120654384608,-0.04333184595286797,-0.030949338551821134,-0.027757874920948864,16.48241239184801,0.0240949305818008
2021-09-20,EQT,-0.038160447790747655,-0.016091727546203485,-0.019909282049012055,-0.003724433784170933,15.97571389486606,0.0145167466772419
2021-09-21,EQT,0.021908348859771415,-0.006299357265297482,-0.02031364842986128,-0.019920030197389173,15.749955373414792,0.0115830679883141
2021-09-22,EQT,-0.00955937215912541,0.012558953924911851,0.033808981237283424,0.02788380007461651,15.72711035258362,0.0113214522074734
2021-09-23,EQT,0.017980594553752463,0.020587626868728243,0.011727475348229639,0.029184106645036293,15.73016604333183,0.0113560999788323
2021-09-24,EQT,0.017147557931896273,0.03994528886517145,0.022531483159148314,0.026357183579017656,15.786141333154859,0.012009888360127
2021-09-27,EQT,0.07156573229601797,0.09161013465840852,0.07051172989508962,0.1111468184837306,16.666592769227076,0.0289677128030632
2021-09-28,EQT,0.09334608054764586,0.022522430339913073,0.05586992799171411,-0.011706642729314928,15.925056990616136,0.0137996884525961
2021-09-29,EQT,-0.09574714547335735,-0.07525069650529312,-0.06997179113191351,-0.0626080143888629,17.382730751685113,0.0592828389367516
2021-09-30,EQT,-0.0009620258351962693,-0.011363842396697035,-0.010337424880299814,-0.01359257051167845,17.085573709605654,0.0440428409549592
2021-10-01,EQT,-0.014542015626290086,0.007117675001271776,0.0024712492717478764,0.007790028781288308,16.847299939977916,0.0347051828834572
2021-10-04,EQT,0.02077863622043251,0.021978871469444133,0.026304347806544826,0.04086063693754181,16.649811604375397,0.0284856568537215
2021-10-05,EQT,0.05172355322476492,0.03678041839416394,0.02469254224096004,0.006496509983879147,16.82006386158493,0.0337727059064494
2021-10-06,EQT,-0.0355940089916845,-0.04327686608734296,-0.04460078261012224,-0.029572480379338857,16.467822583269687,0.0237459421601419
2021-10-07,EQT,-0.007558194069280345,0.006958652411330728,0.023746867744150867,0.014660613543790897,15.699484663165052,0.0110129698760023
2021-10-08,EQT,0.01599311713878031,0.006451990246742333,-0.003357812940759343,-0.019915018936884972,15.710368135535653,0.0111334838633377
2021-10-11,EQT,-0.014098101948947468,-0.023705582727295938,-0.04622258607531934,-0.04807208039336862,15.879749752315732,0.0131884147279447
2021-10-12,EQT,-0.0690606270474504,-0.05959634921291188,-0.026002134916922583,-0.00352392336865579,15.998579977651854,0.0148525120364014
2021-10-13,EQT,-0.006103597427590755,0.010429780380226676,0.009254711321724493,0.0010082188944469232,15.622011009741696,0.0101919683372797
2021-10-14,EQT,0.0355834814053649,0.03160943104778493,0.030740293800134624,0.028800115223931194,15.4661481855732,0.0087210281696357
2021-10-15,EQT,0.014177866072128986,-0.006724178618727868,-0.01752224923736351,-0.030817468960057905,15.972167853708516,0.0144653608520863
2021-10-18,EQT,-0.03206201030004813,0.006724202109347435,0.0015139419510957035,0.012540824594293731,15.902362201896292,0.0134900344573592
2021-10-19,EQT,-0.0025092499229873544,-0.022755510783964632,-0.013197953776031118,0.009427256736120763,15.776281310676337,0.0118920524613991
2021-10-20,EQT,0.00800802058664448,0.04967585530473826,0.017726467409526984,0.05383329228705625,15.9682026775547,0.014408116708102
2021-10-21,EQT,0.05527349271705505,-0.003734797234658118,0.021847996635982095,-0.030888693388448088,15.779695697484328,0.0119327259321248
2021-10-22,EQT,-0.009002545296883324,0.0032689612165354535,0.025698471308711224,0.03229166656803453,15.416916500313993,0.0083020746831071
2021-10-25,EQT,0.04103100263892146,0.05399319017136525,0.04263903318442202,0.050568405622203064,15.738839225138065,0.0114550218767702
2021-10-26,EQT,0.018556786996053846,0.010981907318551634,0.01998255068772987,0.0008881462290652868,15.724356672276928,0.0112903194274118
2021-10-27,EQT,0.0022396725205707604,-0.007454565022510201,-0.016319541246803165,-0.019722781934976754,15.689986234801008,0.0109088591813875
2021-10-28,EQT,-0.033669919018183114,-0.024054347602947453,-0.06417267624019561,-0.06692534768710005,16.13837865305213,0.017081016518879
2021-10-29,EQT,-0.03532282380844217,-0.05609828738938403,-0.03370003694084717,-0.03697744977135751,16.18653913155773,0.0179237775275371
2021-11-01,EQT,-0.03810903848475542,-0.005259184014332183,0.008532199809630126,0.03503955819982531,15.712125565370487,0.0111530673862797
2021-11-02,EQT,0.029926087378823518,0.005735963150098545,0.01586532468651084,-0.011707671840423409,15.852449135794553,0.0128332332263811
2021-11-03,EQT,-0.02743949341486906,0.006650743619307228,-0.023893771342742953,0.0024502633457652613,15.903726120103524,0.0135084463165355
2021-11-04,EQT,0.03562229711414426,0.0009464692388343577,0.01945682300316999,-0.00294113608585385,15.092938542850426,0.0060046094189876
2021-11-05,EQT,-0.016920851689643863,-0.017657247743940577,0.000494004340266423,0.010256499159113615,15.303616871030615,0.0074127818848944
2021-11-08,EQT,0.016441453270401737,0.017657361616026854,0.010316992197243533,0.00581408040308043,15.398132309674827,0.0081475824465646
2021-11-09,EQT,-0.01254837760308167,-0.021999826685767734,-0.03785298081730002,-0.018528068949348733,15.671980564784223,0.0107141956157332
2021-11-10,EQT,-0.02607772945348861,-0.0254665856767455,-0.027272070348209877,-0.03403729275622375,15.820255627435118,0.012426665899662
2021-11-11,EQT,-0.015574173293438208,0.052656551006310184,0.028793827065914962,0.07643303708652875,15.81676093721893,0.0123833143403289
2021-11-12,EQT,0.06469665011750979,0.020955328466931034,0.0576087720179474,0.007518753133272359,15.402518999968791,0.0081834018816893
2021-11-15,EQT,0.021597131969293786,0.01735992428136036,0.0033436734837410487,0.023138470035539243,15.810891047979597,0.0123108385673897
2021-11-16,EQT,0.026582583099970084,0.010810809780965927,0.023563671633576685,0.006383846583151227,15.550364698970572,0.0094872962724434
2021-11-17,EQT,-0.02333670067553731,-0.009905508607289549,-0.011241336307722284,-0.028118969350147217,15.304519662772075,0.0074194771064131
2021-11-18,EQT,-0.003245947188602939,-0.016883810689038353,-0.02094306635284003,-0.013650394105343196,15.228301026351119,0.0068749882164101
2021-11-19,EQT,-0.0470731869740469,-0.031793342096712654,-0.019427684032920712,-0.013359102810736928,16.283254178649536,0.019743873497378
2021-11-22,EQT,0.00920760521385632,0.022546769306197166,0.015572026469639936,0.003356447743728186,15.517892398290048,0.0091841701181872
2021-11-23,EQT,0.033210051632411836,0.006481608072058075,0.011522183856673732,0.011423377831113609,15.402743964900775,0.0081852430676069
2021-11-24,EQT,-0.019317540823365637,-0.008806675063106645,-0.0014331442652710225,0.008013140662657223,15.139557371661112,0.0062911648999851
2021-11-26,EQT,-0.039791444625275806,-0.017848889343730894,-0.04147919481636279,-0.014660613543790883,15.2302954324617,0.0068887134205233
2021-11-29,EQT,0.03788675103998513,0.006612939103925077,0.017778088231805905,-0.013429679660417675,15.32094281428149,0.00754233442128
2021-11-30,EQT,-0.031963971858404994,-0.0330252801826135,-0.05949336143445884,-0.06379835050579506,15.942825295907898,0.0140470768877096
2021-12-01,EQT,-0.03505617135898938,-0.042242289923203474,-0.04951777872467722,-0.0566439212386786,15.987964300206377,0.0146956764723274
2021-12-02,EQT,-0.07512784544669344,-0.04623004408870535,-0.020403169687632908,0.010295344951145443,15.746466737390106,0.0115427292786643
2021-12-03,EQT,0.03721115640609955,0.0482585506958,0.035033795709547975,0.05352816109530166,16.548591590877052,0.0257434615002266
2021-12-06,EQT,0.02560893844967815,0.009077258069702986,2.449374451020054e-08,0.008142555512942122,16.23352935130861,0.0187861220591373
2021-12-07,EQT,0.017898683125844177,0.047546239815845874,0.05900945386456639,0.04072055643435982,15.695158949581895,0.01096543380322
2021-12-08,EQT,0.05904334046488022,0.013314628658884694,0.04317230035504819,0.020231994612720544,15.275102080476806,0.0072043931151269
2021-12-09,EQT,-0.011049973803213849,0.0009441488400244335,-0.00048596164458375755,-0.012476340861995774,15.200879741239097,0.00668902843873
2021-12-10,EQT,0.015340520174520712,-0.0037826366338650926,-0.0068260651586603575,0.007216717708062695,15.197646534977098,0.0066674363493324
2021-12-13,EQT,-0.01582351540449794,-0.0071307207480092345,-0.022761686902223875,-0.0361187376370794,15.557151656346802,0.0095519051600982
2021-12-14,EQT,0.005782959927533158,0.027295761214036506,0.02471689026555743,0.05558312654607622,16.171266776117534,0.0176521189144185
2021-12-15,EQT,0.02561821560903473,-0.007923532820207996,-0.007351081123085244,-0.014204765755063738,15.828278099994494,0.0125267594613656
2021-12-16,EQT,-0.004694812605432958,0.03720293664485862,0.0404875144293746,0.02029814159868069,15.693432585704128,0.0109465198024299
2021-12-17,EQT,0.00422598476287888,-0.025572517543381544,-0.008539338713056295,-0.006563893413097793,16.09548197837387,0.0163637909136952
2021-12-20,EQT,-0.025630174946588515,-0.006496474649159925,-0.023621108733999526,-0.00047036025936763334,15.74356233414954,0.0115092531710711
2021-12-21,EQT,0.028437875252740746,0.020733249094309153,0.02932192570689104,-0.0028275768088198176,15.633879662907756,0.0103136539883809
2021-12-22,EQT,-0.0032762404952961705,0.012687155139631366,-0.000947754246974826,0.0456617329981802,15.453788762145882,0.0086139046253375
2021-12-23,EQT,0.04087811213216344,0.011193199592031954,0.03585939667279746,-0.002256991811959119,14.981439068883786,0.0053710740827867
2021-12-27,EQT,0.013855230811916629,0.01590162171319944,0.005474616679946021,0.030703414120850182,15.000820591111145,0.0054761890606293
2021-12-28,EQT,0.01235107243342534,0.02381569787225737,0.031350408637705614,0.002188558141285544,15.114502863487965,0.0061355009996769
2021-12-29,EQT,4.140625467815326e-08,-0.013787406711894441,-0.007079627310545969,-0.003065500826116066,14.768249316492831,0.004339842588379
2021-12-30,EQT,-0.0026340185758325814,-0.00304163493261847,-0.021998782705371245,-0.033901627763878145,15.006489607918361,0.005507321840691
2021-12-31,EQT,-0.027179134528497958,-0.03723824163205778,-0.019711748476361153,-0.010490358941560028,15.195862548118534,0.0066555523311368
2022-01-03,EQT,-0.015017192065046092,0.006303698086241549,0.00046301833289001876,0.00045856261306267526,15.659419779714884,0.0105804585658985
2022-01-04,EQT,0.008673787939514387,0.022193432591418552,0.010586849408506734,0.026680204892961155,15.698648396641676,0.0110037639464142
2022-01-05,EQT,0.04053093272976141,0.022570235948955596,-0.007353070932519131,-0.03265603525984498,15.423968190080585,0.0083608252519331
2022-01-06,EQT,-0.03193174949908281,-0.042970224693101584,-0.009733631444745431,0.0041407788641685895,15.211904001249545,0.0067631780170489
2022-01-07,EQT,-0.005875680405251766,0.022154298211103485,0.026656078374068286,0.04620695484245357,15.61571774453854,0.0101280289717768
2022-01-10,EQT,0.04216294124098361,0.019957338160245898,0.016640870617214563,0.008295219908849181,15.856951771518,0.0128911468925173
2022-01-11,EQT,0.00520161019627958,0.01619128397332497,0.01856005465218021,0.022782100222420627,16.043329108148388,0.0155322444010808
2022-01-12,EQT,0.026452037314023655,0.048669357900451106,0.02806134425187402,0.046906206420947005,15.821507503561666,0.0124422322896929
2022-01-13,EQT,0.010471242360600869,-0.004438257691937762,-0.002984485006505167,-0.04775667676773717,15.773165890093498,0.0118550613625086
2022-01-14,EQT,-0.028313665801976792,-0.03581353898972212,-0.004278931248522503,0.011839572293920773,15.152851254049194,0.006375357310582
2022-01-18,EQT,0.02413820313052552,0.0025113329389405054,-0.03535184039193584,-0.04822305199645056,16.666332717519243,0.0289601806788547
2022-01-19,EQT,-0.05107295728541508,-0.04314127257954289,-0.030216337335970053,-0.020949974752628546,15.864338369912176,0.0129867211796958
2022-01-20,EQT,-0.03358275755373428,-0.022512564674747885,-0.033996283790946866,-0.049871841371143324,15.899305235982636,0.0134488588450196
2022-01-21,EQT,-0.04470022648940936,-0.061210817761082593,-0.03568370859713096,-0.02687317322527422,15.908682529387802,0.0135755659122598
2022-01-24,EQT,-0.04878999131962781,-0.01675065623037315,-0.03751360167678964,0.00436805917233603,15.969746559325626,0.0144303783196515
2022-01-25,EQT,0.020782624009205046,-0.012138937032373294,0.004576658893577932,-0.02699538579986766,15.95872481981846,0.0142722037112737
2022-01-26,EQT,0.014584256915371087,0.02746475439006595,-0.009174605531542993,-0.01807312249700529,16.101824084123894,0.01646790160831
2022-01-27,EQT,-0.02640709050635163,-0.033835769563368125,-0.017041197579401944,0.026988453868251303,16.310639861258235,0.0202920447592162
2022-01-28,EQT,0.02011321349957254,0.05313499791726674,0.06258318779064731,0.04153145408621379,16.215304118782413,0.0184468417086805
2022-01-31,EQT,0.03343209503377456,-0.001866483891482474,-0.0034304184492043067,0.0051900453763843585,15.825762914245987,0.012495291920228
2022-02-01,EQT,-0.011812216506395364,0.029907768159908955,0.026164108723504408,0.025094169620562438,15.982860064162324,0.0146208573718566
2022-02-02,EQT,0.05816130925825978,0.014401772156368694,0.03153954653929402,0.016386384684450417,16.00917335524171,0.0150106866447791
2022-02-03,EQT,-0.030967818314420567,-0.00987883548056965,-0.011652452477563113,-0.03678574681636396,15.828104381027781,0.0125245835143721
2022-02-04,EQT,-0.006496654929580158,-0.005429881399850229,-0.004699326983939566,0.009787911497398261,15.754813355037907,0.0116394752296086
2022-02-07,EQT,-0.014064703700136644,-0.025736587447128572,-0.024315679853599087,-0.018254442471958485,15.890128107883081,0.0133260015301527
2022-02-08,EQT,0.0018867126859750105,-0.0027972133076058308,0.007213343490006056,0.00047223227178103453,15.621304580500057,0.0101847709741472
2022-02-09,EQT,-0.005197163827220304,0.009756178811108606,0.010012004979430294,0.014995626778743531,15.773109412868843,0.0118543918403567
2022-02-10,EQT,-0.009997853134948324,0.026011018998985405,-0.021578536731419986,0.007875780854934839,16.361849424944385,0.0213582587860588
2022-02-11,EQT,0.04426938861019547,0.042056165810937636,0.05727224292590319,0.062302356986445526,16.479448705454693,0.0240236264726273
2022-02-14,EQT,0.058129963163763704,0.003902030954559971,0.033057188156753396,-0.00700220656260474,16.095574032553753,0.0163652973385369
2022-02-15,EQT,-0.013117795705487822,0.0034557874429387994,-0.003569771311295092,0.014388797704982918,16.31412293700737,0.0203628467267758
2022-02-16,EQT,0.029062812408449448,0.03474906700663176,0.034705654636102284,0.013757548923413679,16.336162417179402,0.0208166153652013
2022-02-17,EQT,0.001708878965124812,-0.0012501213340044832,-0.006932262265266485,-0.00900701266429569,16.18664184936837,0.0179256187134548
2022-02-18,EQT,-0.016351446331930457,-0.039120555959097955,-0.03315212444745692,-0.03909997413115816,16.15453374621889,0.0173592029729783
2022-02-22,EQT,-0.006528994522567635,-0.0026054278336457093,-0.03615146615309923,-0.03186442489320564,16.17125729389523,0.0176519515338806
2022-02-23,EQT,-0.04556384659596839,-0.028667769693007973,0.00927664809621319,0.009208223498916816,15.853609266385904,0.0128481300942601
2022-02-24,EQT,0.015419831978572364,1.786681830954723e-08,-0.015821631677757714,0.018615758831898473,16.18861012422191,0.0179609360069656
2022-02-25,EQT,-0.0045108084101064296,0.018617292356958498,0.025470018383898205,0.02356164223558148,15.57307550156949,0.009705225732875
2022-02-28,EQT,0.013025308516999541,0.019570288626238237,0.023498772395497483,0.01655831818185217,16.44726996526442,0.0232628819275724
2022-03-01,EQT,0.04834383517516506,0.08262333029800926,0.04838599148537125,0.053839750103654556,16.39312559674145,0.0220368194869724
2022-03-02,EQT,0.055408826380028996,0.01573588415408727,0.04167255463964802,0.0186616205720137,16.34549421684474,0.0210117810724695
2022-03-03,EQT,0.005215592669906061,-0.024097607568312404,-0.006141284739876581,-0.0012064986301019087,16.206326375907643,0.0182819718787841
2022-03-04,EQT,0.007177186220192774,0.07247880327129176,0.031928423419035776,0.05899007462498007,16.6270255389522,0.0278439198711603
2022-03-07,EQT,0.06498539871840048,0.006671641848185847,0.01774147432873605,0.006051446868210067,16.362875519879573,0.0213801856365323
2022-03-08,EQT,0.00408699661712225,0.0014766924154506784,-0.004307744652518445,-0.03491615979113583,16.211795534931962,0.0183822328210256
2022-03-09,EQT,-0.06431616213840555,-0.029573738491576396,-0.03840483033075736,0.02010097604151514,16.042552911556612,0.0155201930023472
2022-03-10,EQT,0.04522516868314963,0.03288804796870667,0.048945638852545485,0.03201192787773284,16.033289223098883,0.0153770826423864
2022-03-11,EQT,0.007154984862568352,0.013148398067420686,0.02341307833017735,0.0007410048426539958,16.268599775892802,0.0194566484942286
2022-03-14,EQT,-0.0056446377102256804,-0.03357652487427761,-0.04579792645740595,-0.06030083164629553,16.05663516115155,0.0157402984097724
2022-03-15,EQT,-0.07969666284498707,-0.03474272226856316,-0.03557350103283618,0.008617560238479417,15.832305254824817,0.0125773083838313
2022-03-16,EQT,0.04670574660562274,0.020762014220249852,0.04584642826662455,0.016631595743280114,15.979948019881245,0.0145783427152133
2022-03-17,EQT,0.043501711906139724,0.03183183024327311,0.03019964693363231,0.03690171509899201,15.838910840965658,0.0126606638917383
2022-03-18,EQT,0.010031589917353326,0.004046355874743686,0.017016867639798205,0.0025844956625844214,15.630351749499434,0.0102773324116423
2022-03-21,EQT,0.019041401734526335,0.04240681733022631,0.0331890377676425,0.04682179619174251,16.51691881678888,0.0249408718206803
2022-03-22,EQT,0.03702805800433373,0.012934954646189812,0.0010875161532818405,-0.007771176779421693,15.874315752400019,0.0131169432382333
2022-03-23,EQT,0.00034937021582190147,0.00899021577039573,0.020086634486487925,0.01757503950989499,15.78188152102471,0.0119588372960474
2022-03-24,EQT,0.01284521664207245,0.07523848939919124,0.025939141102835912,0.06866766637121659,16.45294521461471,0.0233952799331034
2022-03-25,EQT,0.06186155147055894,0.09583248742953149,0.06399764622199745,0.11045486300781884,16.874151947771406,0.0356497112591987
2022-03-28,EQT,0.0818371231931463,0.013256776754462093,0.07831863800624032,0.01646733726457836,16.151182300691588,0.0173011219263041
2022-03-29,EQT,-0.006895657373277784,-0.018200861787880874,-0.023380589085246806,-0.02583244942401119,16.103174989451006,0.0164901632198595
2022-03-30,EQT,0.052165492885254024,0.034950772521391525,0.03620324554165362,0.004693636312327321,15.907510536331502,0.013559664761153
2022-03-31,EQT,-0.02515685639748477,-0.003666801067280406,0.009436658230268555,0.006999055667650384,16.078616608440882,0.016090123734121
2022-04-01,EQT,0.005548075461903023,0.01930931508093725,0.007893483444809134,0.04600452175242426,15.88009236360843,0.0131929340024698
2022-04-04,EQT,0.06619360558229466,0.021659701889464596,0.03350370433223242,0.009117659773261365,15.913197264725422,0.0136369945696932
2022-04-05,EQT,0.007602464100433242,0.029661369125858376,0.01869204778528655,-0.00358193475281057,15.877233676384979,0.0131552733814275
2022-04-06,EQT,-0.00569642894210358,-0.005544419289408504,-0.00415447232442401,0.029642000727660732,15.918729781617962,0.0137126505728538
2022-04-07,EQT,0.019930607106625132,-0.004245234175847337,-0.016228690422510194,-0.026610374677346057,16.02970160943758,0.0153220144453957
2022-04-08,EQT,-0.014504521674895526,0.02934468229536937,0.039275098075335135,0.05279211669118634,16.183405843031274,0.0178677050473186
2022-04-11,EQT,0.034045782936563136,0.014100843565121802,0.017475825925385245,0.022199979235150085,16.09606484511503,0.0163733316043593
2022-04-12,EQT,0.032671695738540465,0.03526694172768745,0.04838402986920016,0.023465261202772075,16.067286555117203,0.015908850611504
2022-04-13,EQT,0.028198799604700855,0.028109205505496074,0.015871053877880358,0.041998163736634175,15.990455556223822,0.0147323328101419
2022-04-14,EQT,0.02694665340135846,0.017292932349436192,0.038489935905041364,0.012829838794986689,15.894839718329566,0.0133889366124278
2022-04-18,EQT,0.040141701859764505,0.06632782288320101,0.03427839140940248,0.07150799020934438,16.62933724819535,0.0279083613782772
2022-04-19,EQT,0.017336074099921866,-0.0030818282539840057,-0.02161243698609805,-0.03420489017430283,16.66283568431733,0.0288590828339233
2022-04-20,EQT,0.003161113219933088,-0.003754739828057711,0.015317930248830595,0.015346870555068096,15.916566931943663,0.0136830242176339
2022-04-21,EQT,0.02185131111556617,0.004636184535036525,-0.028224462068361895,-0.06023293479845997,16.31980316328551,0.0204788414395861
2022-04-22,EQT,-0.08368832166205524,-0.06530227841151726,-0.048802001268977206,-0.056263108744328306,16.16838003156348,0.0176012352308769
2022-04-25,EQT,-0.08010259897499646,-0.06458550873791213,-0.04468136584763958,-0.0010070352269639072,16.213142250573892,0.0184070051406446
2022-04-26,EQT,0.042223886342950004,0.023302967314489303,0.026841889420140642,-0.01932932338431149,15.885154383394742,0.0132598862176561
2022-04-27,EQT,-0.017842031293396933,-0.010097408143029254,-0.013200661874653807,0.016049235196971563,15.954387897442157,0.0142104402927643
2022-04-28,EQT,0.013598854885443764,0.02806771238080173,-0.01522740378990196,0.02545051910271229,16.248974867170173,0.0190785358589637
2022-04-29,EQT,0.02152746391412392,0.008149615032873146,0.04626748011405022,-0.02091189592594717,15.89781063513579,0.0134287731804637
2022-05-02,EQT,-0.035633644474869504,-0.03621741344897706,-0.03574114518423335,-0.007575890265812294,15.885823182588238,0.0132687573861683
2022-05-03,EQT,0.015605702648979449,0.06376468170365605,0.047043422338895816,0.06406311690535238,16.102555627842733,0.0164799530070435
2022-05-04,EQT,0.07178607055895132,0.00208784245390778,0.028801859213230318,0.02093937665937061,15.844711014647944,0.0127343113284433
2022-05-05,EQT,-0.0009300445877193739,0.004855127644966903,-0.03506506635792445,-0.024273460531812983,15.900163621044905,0.0134604081021393
2022-05-06,EQT,-0.008880587791553117,-0.01346662077231972,0.01447133627450864,-0.020972103704602684,15.617731943335041,0.0101484493974086
2022-05-09,EQT,-0.06422565680989709,-0.06744134095190316,-0.11096346434701383,-0.11610978265386039,16.303379565634227,0.0201452520274202
2022-05-10,EQT,-0.0888104553122337,-0.07347548627072663,-0.039266439227256464,0.004792649994597996,16.215920937954493,0.0184582235852622
2022-05-11,EQT,0.021454027130921528,0.06431951835924309,0.06837685255207569,0.03252581802441117,15.925154020283397,0.0138010274968998
2022-05-12,EQT,0.0013424084695437123,-0.018400787605063328,-0.009486443227298422,-0.00264840052443706,16.091217754874314,0.0162941606099014
2022-05-13,EQT,0.043833096737027344,0.018400612145499307,0.028722800425619383,0.012910106425957324,15.46795067852479,0.0087367619402044
2022-05-16,EQT,-0.005665535773315571,0.023771977360483927,0.019911673599416244,0.040025938957737525,15.583114108056257,0.009803143347585
2022-05-17,EQT,0.04839655875129558,0.06717793761870935,0.03517191293382953,0.06593669792884393,16.063174837704263,0.0158435722016973
2022-05-18,EQT,0.04475126012722946,-0.013032592328342222,-0.00905670858427683,-0.04897864042576261,15.969247670271566,0.0144231809565189
2022-05-19,EQT,-0.07955276437484982,-0.02730796078622771,-0.010415566592141745,0.0019761978112735105,15.78738094788539,0.012024785228006
2022-05-20,EQT,0.04093420619531385,0.0060003888538612445,0.02097378203895499,0.008111224248935298,15.49105469953934,0.0089409661965228
2022-05-23,EQT,0.007795305008577958,0.06686878398749932,0.024942503197296354,0.0851327570219607,16.04280092874138,0.0155240427547205
2022-05-24,EQT,0.06414411768334764,0.010021261590418834,0.04693016460610282,0.014285948981401815,15.693906486686956,0.0109517085991068
2022-05-25,EQT,0.03708276936775671,0.05810598048068978,0.05545039218076113,0.03762551461029961,15.907424124590117,0.0135584930973873
2022-05-26,EQT,0.030027049656146856,0.027427069499015883,0.030357843060976906,0.011671168657438273,15.99924465773821,0.0148623874881414
2022-05-27,EQT,-0.014360990500441389,-0.008990601479180982,-0.014413429874748907,0.0214972334815739,15.635144726043357,0.0103267096703422
2022-05-31,EQT,0.06052293849996106,0.011834346018963476,0.011632914460449947,-0.014768911003378337,17.1806834810051,0.0484374169792531
2022-06-01,EQT,-0.01618388631042828,0.0222655357635342,0.023077173048494853,0.04266438216941872,16.11574298561027,0.0166987193701649
2022-06-02,EQT,0.0242794342248487,-0.010168622428667978,0.015368886463860164,-0.018851369982004203,15.583626201932205,0.009808164763724
2022-06-03,EQT,-0.012780226183306282,-0.015143985443129244,-0.02821786477786496,-0.018170828325753986,15.672480353868018,0.0107195517929481
2022-06-06,EQT,0.0010203996112236467,0.015945490737522536,0.025328579804773804,0.02123580761601097,15.594387570188962,0.0099142840247943
2022-06-07,EQT,-0.005112206732019746,0.005789947566740082,-0.003520321561426555,0.015384641250162388,15.497883083006375,0.0090022274734183
2022-06-08,EQT,0.02470270757025248,0.0013926831945256996,-0.001452959845663607,-0.016405311870474452,15.378129572007243,0.0079862276079655
2022-06-09,EQT,-0.03770188810893167,-0.02843225044656883,-0.02823028566980372,-0.01854966769952918,15.45495396897276,0.0086239474576155
2022-06-10,EQT,-0.011488368266319757,-0.004510005396014091,0.002560870625594415,-0.002290892000547214,15.333907385029057,0.0076407541776039
2022-06-13,EQT,-0.02359542036036337,-0.04046238418768814,-0.06198419989345327,-0.062150444124099834,15.795794666140917,0.0121263852145513
2022-06-14,EQT,-0.019329632065323583,-0.02469272528043223,-0.09833058790574542,-0.09879972307119546,16.287272949238123,0.0198233792529118
2022-06-15,EQT,-0.09276938814914262,-0.07087422126604227,-0.006777900718613745,0.009991645305767684,15.921545465633278,0.0137513154771239
2022-06-16,EQT,-0.014542514743116807,-0.0364376816262172,-0.04666427183679205,-0.06641579419314833,15.988351477756375,0.0147013674106182
2022-06-17,EQT,-0.057790247984045834,-0.053660147937750445,-0.0759162300061859,-0.07114209579665196,16.4185706192555,0.0226047416522906
2022-06-21,EQT,-0.05257378257675448,-0.03913819635428587,0.02252348565277287,0.02364701284637627,15.776126473804414,0.0118902112754814
2022-06-22,EQT,-0.0635940915084572,-0.03350469229248723,-0.04760780113608244,-0.04786677812854139,15.673572772420988,0.0107312684306057
2022-06-23,EQT,0.024395091764038573,-0.01479017356671514,-0.04937425101844992,-0.05689015399624854,16.072679892074127,0.0159948842080184
2022-06-24,EQT,-0.05238341287929727,-0.0033795102283720167,0.014918677630968229,0.057174993015254715,16.243520612576006,0.0189747599254248
2022-06-27,EQT,0.06225785179967019,0.04279479376386451,0.04491170435689535,0.043497431642208095,15.719616235979677,0.0112369250358006
2022-06-28,EQT,0.053564987031920475,0.03635815597493435,0.060811702902028496,0.04246885430724308,15.781867524539786,0.0119586699155095
2022-06-29,EQT,0.033493344575995405,0.022165799760911792,0.01403904783854996,-0.019008068107834383,16.155988656174294,0.0173844774342111
2022-06-30,EQT,-0.0632014926514457,-0.045101001229895056,-0.1029803904128225,-0.08681771325576512,16.658348087673126,0.0287298650586137
2022-07-01,EQT,-0.04427725573081479,-0.06557017062562319,0.003263542570947116,-0.003786235495086221,16.041106717433202,0.0154977640102598
2022-07-05,EQT,-0.03647364733269436,-0.04038297869063834,-0.059810230054987715,-0.06168280944792477,16.289137244162482,0.0198603703518022
2022-07-06,EQT,-0.032314350121793595,-0.00833573418072929,-0.024511673266767568,-0.017849187159073805,16.015298624530303,0.0151029133211983
2022-07-07,EQT,0.00946981190997283,0.04700893892230002,0.050277472392713435,0.08737979232946144,15.754568858052558,0.0116366297604631
2022-07-08,EQT,0.056448700606636634,-0.005720883668938978,0.028400635955199087,-0.009892455454733046,15.371990844410611,0.0079373524908795
2022-07-11,EQT,0.014548983151642145,0.03051088472004817,0.014197307463680203,0.010471416471372017,15.350569907792204,0.0077691350502238
2022-07-12,EQT,-0.056808666426236575,-0.03022402646853523,-0.02708902998801485,-0.00493119035603434,15.47387214946382,0.0087886499069739
2022-07-13,EQT,0.025452729368606406,0.07617482395261341,0.03148469381448412,0.06392045257187974,15.75069207479704,0.0115916043957503
2022-07-14,EQT,0.03277097576121807,-0.028846823974443492,0.013072128163051613,-0.014839514404865174,16.110909995864752,0.0166182093314033
2022-07-15,EQT,0.030360163954888223,0.004911280922976477,0.0177349271535935,0.013747750700952452,15.569810602060274,0.0096735908111994
2022-07-18,EQT,0.023051702766705953,0.05789891994634657,0.055960424925696334,0.03330052778049522,15.504609751491888,0.0090629866086999
2022-07-19,EQT,0.006413967939798081,0.008695929374308447,0.0013397831186944282,0.03325000306043097,15.318476448357243,0.0075237551815658
2022-07-20,EQT,0.034558265008914624,0.05306137452553048,0.032401045113125644,0.05153583766032143,15.64666716708919,0.0104463867549878
2022-07-21,EQT,0.039606629921949174,0.027862306972092764,0.03764430795643725,0.029410356629523668,15.873319927250485,0.0131038875562719
2022-07-22,EQT,0.06904228590302715,0.03144029525051273,0.05109349811117692,-0.004960461265438573,15.758731522974658,0.0116851701164732
2022-07-25,EQT,-0.006949187594406915,0.027829575105232474,0.0007113859856388224,0.06308717126143834,15.851026465688795,0.0128149887477429
2022-07-26,EQT,0.07196387367948075,0.0333038171807741,0.06447937624575041,0.013031742286336509,15.861007572907083,0.0129435370009006
2022-07-27,EQT,-0.017016159758080466,-0.01771110887700422,-0.015452142635776461,-0.002856923457767366,15.701655688852336,0.0110369052929314
2022-07-28,EQT,-0.015074647069373412,0.015353201143793165,-0.05211330541608372,-0.06102364094525219,16.171096082357938,0.0176491060647351
2022-07-29,EQT,-0.02739876007850887,-0.04297001117914349,0.030440361090418293,0.02950218946851146,15.6910597061928,0.0109205758190451
2022-08-01,EQT,-0.012009441152938437,-0.02978507507695989,-0.047223174937371784,-0.03984774354033161,15.698481059383234,0.0110019227604966
2022-08-02,EQT,-0.019472955682376402,-0.0202829999590675,-0.008498503143375798,-0.010215242345178722,15.375800452206828,0.0079676483682513
2022-08-03,EQT,-0.00403543407092911,0.020513701163311696,-0.008816888697542434,0.021496176565407175,15.907164844554993,0.01355497810609
2022-08-04,EQT,0.009469649256540796,-0.00648154014476397,0.009548285295320546,-0.036653403388409125,15.59657992444206,0.0099360434947299
2022-08-05,EQT,-0.05074780332447891,0.007403947946588635,-0.02092910712526427,0.024662961103744836,15.387309114240779,0.0080598750446705
2022-08-08,EQT,0.041018885916114294,-0.018353237915449513,0.030313928029074542,-0.018929563467280506,15.167653594838601,0.0064704294561466
2022-08-09,EQT,0.013518750906132889,0.03678014233857829,0.02038224142439249,0.0372745691854016,15.457183494187548,0.0086431962194815
2022-08-10,EQT,0.00961216738365148,-0.01050226509057488,-0.016030922590666997,0.013885956536228034,15.311018228192296,0.0074678500818852
2022-08-11,EQT,0.04516135621351793,0.060772870381562955,0.05284756189691924,0.05129307519869504,15.686558758389333,0.0108715333214211
2022-08-12,EQT,0.020091373894860858,-0.0017291295768365074,0.02596983854825676,0.00847940402932317,15.105018925802659,0.0060775873335407
2022-08-15,EQT,-0.03900230225354376,-0.019223127262423843,-0.0507539216045057,-0.020560769015503917,15.416311478737612,0.0082970532669681
2022-08-16,EQT,0.0888846058943738,0.07865050336235214,0.09394475779372789,0.041979287841145005,15.86177024582034,0.0129534124526406
2022-08-17,EQT,-0.013397480096368163,-0.017066035157316178,-0.02726824076586933,-0.0016964337377275336,15.404541864743981,0.0081999725549479
2022-08-18,EQT,0.007976452813714917,0.0066142190651389,0.0279086231295589,0.023703179518885096,15.483990852898811,0.0088780311142476
2022-08-19,EQT,-0.006292084969686861,0.004316924346053776,0.008498011405390088,-0.011257227262234633,15.230854125484385,0.0068925631728965
2022-08-22,EQT,0.015863445781645266,0.025517746304709574,0.010312571331780568,0.02933484008541419,15.689832787633105,0.0109071853760079
2022-08-23,EQT,0.03559816038622586,0.03381489863413928,-0.013066574044221353,-0.026404173925948717,16.371760725415577,0.0215709994498134
2022-08-24,EQT,-0.040996781356316715,-0.029624364852777738,0.009290791075168276,0.037941697422136926,15.748943330159276,0.0115713513506564
2022-08-25,EQT,0.03859582462371882,-0.005991763151528952,0.01086952953377596,-0.004235212200629144,15.695799847984663,0.0109724637858146
2022-08-26,EQT,-0.004618081390009848,0.020619233931232803,0.025452896819451815,0.003832481996383915,15.571539389965986,0.009690328864996
2022-08-29,EQT,-0.015004243045445436,0.008597259218174835,-0.009571374398987047,0.0068219099823249845,15.609384623190802,0.0100640896062738
2022-08-30,EQT,-0.0016356826002788762,-0.04883880504833252,-0.06466123901265215,-0.0648451501859329,15.883031455247421,0.0132317662872779
2022-08-31,EQT,-0.0703531010211232,-0.006764456195067386,-0.009210653406868479,0.01964781583881979,15.690415761648515,0.0109135458364506
2022-09-01,EQT,0.03452341710708035,-0.010544895899528908,0.01725499013506381,-0.03166769076750289,15.484311308264855,0.0088808765833931
2022-09-02,EQT,-0.004250873464474728,-0.012129057381918404,-0.007826194096812544,0.020729343205182743,15.482217067056862,0.0088622973436788
2022-09-06,EQT,-0.01092206598338839,-0.011213434570535303,-0.011634363919598534,-0.03991463212791046,16.136996008586518,0.0170574158630258
2022-09-07,EQT,-0.04244725164444915,-0.0044780469691396915,-0.021199039857358153,0.012468740296351585,15.972271988423758,0.014466867276928
2022-09-08,EQT,0.04223188563871538,0.019890519334210516,0.02494551300768405,0.02363149448864883,15.545855687380707,0.0094446142352621
2022-09-09,EQT,0.02866144196492558,0.02728018325025563,0.03459074841602776,0.026193355934804367,15.546280932713803,0.0094486313681733
2022-09-12,EQT,0.019277185008410587,0.025761159046877192,0.02206662825170659,0.039538843932314945,15.626222783646648,0.0102349851355369
2022-09-13,EQT,0.015482097333876763,0.0047571283295412235,-0.007511025029590361,-0.04868083778614962,15.652514388617167,0.0105076480318833
2022-09-14,EQT,0.006849291015833575,0.027308089727084005,0.03437604285813435,0.05462724470285941,16.150572618395554,0.0172905769524122
2022-09-15,EQT,-0.01700791485599749,-0.03944399641880512,-0.028113054813323785,-0.05087729851718677,15.999165820484052,0.0148612158243756
2022-09-16,EQT,-0.026695852336597825,-0.046710628626971486,-0.07361180599035856,-0.04312932510712935,16.90536598890834,0.0367800320320822
2022-09-19,EQT,-0.058516290880533055,1.1034961157724284e-07,-0.0006721312285754378,0.0274107934508817,15.708110492797955,0.0111083767826429
2022-09-20,EQT,0.047550509097024955,6.45908392561498e-08,0.039987810373366225,-0.016613709799968516,15.616395100122082,0.0101348915738334
2022-09-21,EQT,0.01243278562755937,0.008146037534159949,-0.023094947336642455,-0.025450238762264387,15.247948966324525,0.0070114033548523
2022-09-22,EQT,-0.040821943516307836,-0.015513845276923538,-0.02228748114040432,-0.01688545277245215,15.73850309318645,0.011451172124397
2022-09-23,EQT,-0.07424216498242354,-0.10341391556905662,-0.11070863795602229,-0.07851280215878728,16.173852065790125,0.0176978138012832
2022-09-26,EQT,-0.04174276130205306,-0.030932769361177493,-0.014454442404724687,-0.04663540053564487,15.999120767833828,0.0148605463022237
2022-09-27,EQT,-0.020292706943068856,-0.012156737257679311,-0.0030699226469458377,-0.002288054613552776,15.999086977014093,0.0148600441606099
2022-09-28,EQT,-0.01207267137386085,0.0019548846333176553,-0.007716169931877566,0.037957024473720555,16.015520253256334,0.0151062609319576
2022-09-29,EQT,0.01681135147768832,-0.016492574803512957,-0.015088622330710247,-0.03186727499108616,15.900673327165613,0.0134672707041959
2022-09-30,EQT,-0.02749565408503393,0.011843298372244966,0.019211426985882244,0.030396085498525204,18.446565825756434,0.1717697578129486
2022-10-03,EQT,0.0425598332766021,0.03707716766296168,0.04671890574578827,0.024243810142259098,16.03142614279761,0.0153484605703943
2022-10-04,EQT,0.049489972835712014,0.061194219015969456,0.039456411130854185,0.07296081225680523,16.0085487178039,0.015001313334653
2022-10-05,EQT,0.05181803539377216,0.012153463611289408,0.0196221945541285,0.009529142172469711,15.6910597061928,0.0109205758190451
2022-10-06,EQT,-0.0022171793997211716,0.008311699541858378,0.011957091853197526,-0.0313644456020255,15.527775960654383,0.0092753925113786
2022-10-07,EQT,-0.026314523417094362,-0.02180008187673152,-0.015665136870083526,-0.017679484597182625,15.640656607404075,0.0103837864337886
2022-10-10,EQT,-0.000683977560128541,-0.0017824893326336695,-0.007691404649737673,-0.009308836042536614,15.405765854855177,0.0082100153872259
2022-10-11,EQT,-0.048596178413915496,-0.014601997402867838,-0.022956783555986984,0.018072868976426033,15.347678797640407,0.0077467060581363
2022-10-12,EQT,0.04814016673877104,0.0,0.018971383203028245,0.0,15.19231023690737,0.0066319516752836
2022-10-13,EQT,-0.02518336888584945,0.009235234906388287,-0.008492736408088983,0.01865375369667948,15.552056955241392,0.0095033648040881
2022-10-14,EQT,0.024041782622646328,-0.0033688381164161453,-0.02762268549467727,-0.07582572553315654,15.542322711398496,0.0094113055082069
2022-10-17,EQT,-0.06341225155144459,-0.057171649583963216,-0.018186802790691993,0.016397796054668498,15.561749686319251,0.0095959262415833
2022-10-18,EQT,0.036324195227136924,0.04084105146871509,0.03365353090639667,0.0,15.645512858528845,0.0104343353562543
2022-10-19,EQT,-0.024229222992878493,-0.03348368040428631,-0.025256341233841215,0.009521561309519547,15.779821932642923,0.0119342323569665
2022-10-20,EQT,0.019288697773168634,0.0028335637266171075,5.697122766685468e-08,-0.03544662913522006,15.626827689846598,0.0102411782154417
2022-10-21,EQT,-0.0510451438405765,-0.04682325837929131,-0.08143742683239727,-0.07278722302457072,16.46568451117472,0.0236952258571383
2022-10-24,EQT,-0.054315422013831494,-0.03853896704231721,0.004259910676410184,0.01180968797945491,15.912337715182035,0.0136252779320356
2022-10-25,EQT,3.747821915857849e-08,0.017312087112426405,0.0002657337504380896,0.03259619004309727,16.3869083869625,0.0219002369679923
2022-10-26,EQT,0.027398892520590915,0.011543371359528973,0.02388239379218079,-0.015011216026815218,16.33849151082343,0.0208651557212114
2022-10-27,EQT,-0.05287816044286752,0.02513049157618753,-0.04726140970826932,0.0023043571359092217,16.280410144560502,0.0196878010171594
2022-10-28,EQT,0.058725404560640244,-0.024133028187878287,0.000272027732629022,-0.010799629773853422,15.939136554752357,0.0139953563014782
2022-10-31,EQT,0.012093929383511412,0.054801708869613434,0.07813821603446537,0.07853021222565384,16.19395432545229,0.0180571798162959
2022-11-01,EQT,0.059312592170486844,0.003297967655305006,0.010751436860214033,-0.02639700225758162,15.756422666167715,0.0116582218498607
2022-11-02,EQT,-0.033844601791553276,-0.010639694632990937,-0.005736401259927038,-0.006894871377766759,15.753071808902524,0.0116192221845147
2022-11-03,EQT,-0.026971715809837697,-0.02942799842927769,-0.017154710194081733,-0.02806494499826624,15.453030648987042,0.0086073767843568
2022-11-04,EQT,0.012462565428208066,0.007316971875997975,0.0033022477920404553,0.04302528517176158,15.620482523143545,0.0101764019472489
2022-11-07,EQT,0.05306298521756388,0.08386760146989748,0.0761530024127482,0.07275089621927895,15.93956701194878,0.0140013820008449
2022-11-08,EQT,0.021557912806300938,-0.013273584586105343,-0.004858580517796476,-0.002046151746776235,15.663965528349177,0.0106286641608327
2022-11-09,EQT,-0.012067786013959112,-0.017882106959606868,-0.033983215712161494,-0.07316299103540945,15.79140951388327,0.0120733255840161
2022-11-10,EQT,-0.021953206207104847,-0.005800042700158685,0.006353606365069796,0.04920962929615273,15.203828121030131,0.00670877934221
2022-11-11,EQT,0.040917620398801605,0.023909372434870763,0.007039907133152044,-0.006548093391828644,15.797339408594079,0.0121451318348034
2022-11-14,EQT,-0.005513602551547349,0.011518894317987308,0.023665428739563746,-0.00588317328513993,15.725912101177018,0.0113078943838982
2022-11-15,EQT,-0.0160224611828487,-0.017214288872204855,-0.004024055788485165,0.03227972171546605,15.319588176962746,0.0075321242084641
2022-11-16,EQT,0.0014034229014102837,-0.018679261763705116,-0.033280194393371876,-0.05326767394999338,15.271517764660892,0.0071786165122802
2022-11-17,EQT,-0.03933291236182361,-0.027851747432016627,-0.006149370144313691,0.004808738699079154,15.097610667520351,0.0060327293493658
2022-11-18,EQT,-0.015929661735803624,-0.012766481325366319,-0.01616730583988164,-0.015957649444591184,15.294247582399121,0.0073436537227145
2022-11-21,EQT,0.0004939459850928099,0.0021794307073976873,-0.013887353333549145,0.007285181667724723,15.508186252994912,0.0090954584330653
2022-11-22,EQT,0.03517631181347119,0.07567889894261011,0.06449065292606432,0.05758822621100104,15.784076542955166,0.0119851160405081
2022-11-23,EQT,0.0565357370745233,0.008708297371138778,0.03144321458092477,-0.005037751542443247,15.607303526631217,0.0100431670390281
2022-11-25,EQT,-0.022324324031702043,-0.02749776132855755,-0.008816731887130759,-0.012241755841301813,14.35305659060987,0.0028652200488997
2022-11-28,EQT,-0.046201970034913185,-0.030393233253534227,-0.04480146297083241,-0.035722312825099384,15.636667165881589,0.010342443440911
2022-11-29,EQT,0.010320638002460285,0.006106259170960391,0.017875039249120393,0.027086586067100488,14.968516646149126,0.0053021133011448
2022-11-30,EQT,0.024063525928595314,0.010712779667803325,-0.0033572266711338204,-0.005877453644918309,15.623963414041532,0.0102118866212977
2022-12-01,EQT,0.00023283152881598562,0.005083016174837365,-0.01062581417301281,-0.021209132422182194,15.275682739755066,0.0072085776285761
2022-12-02,EQT,-0.05091307300905745,-0.04839834057301236,-0.04138850341889823,-0.039047233938934216,15.691856396782404,0.0109292796070194
2022-12-05,EQT,-0.03391866065490079,-0.03721029549651257,-0.07158097117799254,-0.07432010050481995,15.963638374135005,0.0143425035372194
2022-12-06,EQT,-0.06877535003860294,-0.06134668979624398,-0.006544847886729745,-0.004325415229122499,15.452524920728559,0.0086030248903697
2022-12-07,EQT,0.001357763158361453,-0.01452030216266603,-0.014329264068424778,-0.00488865516552397,15.619116414179942,0.0101625093625977
2022-12-08,EQT,0.007569819607405937,0.017718782549061212,-0.019053441823109432,-0.02872324846586867,15.907683337416529,0.0135620080886845
2022-12-09,EQT,-0.03090643172026664,-0.02587760585115362,0.006766281411310951,-0.0005606242066220178,15.513398994651954,0.0091429945058476
2022-12-12,EQT,0.0230652400406789,0.03382874940416518,0.020579155792026224,0.03417252783801452,15.972619025844004,0.014471888693067
2022-12-13,EQT,0.033629980009834734,0.008673894438688707,0.01638029394987529,0.005403932067252459,15.63007484275448,0.0102744869424969
2022-12-14,EQT,-0.01613997040686789,0.006781507154705772,0.004053549108346044,0.01868715886168319,15.687774320626458,0.0108847563839204
2022-12-15,EQT,0.0002668393964733766,0.01803253437486251,0.00859313707952057,0.011047063449681926,15.844237716602414,0.0127282856290765
2022-12-16,EQT,-0.006957371817051478,-0.04143899454304937,-0.03040408994033776,-0.026236974575069367,16.67133693628239,0.0291054669858091
2022-12-19,EQT,-0.017881913999723508,-0.017177214652799283,-0.014157135070001865,-0.030813754826682048,15.310412881075631,0.0074633308073601
2022-12-20,EQT,-0.02155393367387954,-0.018855669044638024,-0.010962959897390955,0.0008303033331325952,15.198223764397392,0.0066712861017056
2022-12-21,EQT,0.031347216240397394,0.023447260959973643,0.022912571727018365,0.013740405613372636,15.238860067940953,0.0069479661309632
2022-12-22,EQT,-0.017752771044765997,-0.018493952025078617,-0.04955020020444956,-0.04579254156144846,15.540471353833892,0.0093938979322584
2022-12-23,EQT,-0.02964419659376236,-0.005505056625732284,0.005500116968169828,0.03398730750404417,15.248569461638095,0.0070157552488394
2022-12-27,EQT,0.03541431046304927,0.021570856472781105,0.04017521901845906,0.003583797907371928,15.260875628321209,0.0071026257480437
2022-12-28,EQT,-0.016853690745736935,-0.030999749667949692,-0.07632912236777115,-0.0813737466465339,15.58606358500895,0.0098321001806531
2022-12-29,EQT,-0.07790877558525777,-0.05145458386196165,-0.011439035690703293,0.010984210128465207,15.230611253827016,0.0068908893675168
2022-12-30,EQT,0.008995506802200863,-0.0029377106628980525,0.010241025183469539,-0.0011816315024301696,15.111825779002544,0.0061190977069562
2023-01-03,EQT,-0.025088258120532152,-0.009162203509566858,-0.05481662996629457,-0.06125301245435491,15.923758312936378,0.0137817787350337
2023-01-04,EQT,-0.031403053649351365,0.011219583402501052,-0.002853007529301447,0.04275606078524824,15.882626576503705,0.013226410110063
2023-01-05,EQT,0.029258316120028192,-0.02497145043636775,0.014184783057880394,-0.03461804355800188,16.02997467677517,0.0153261989588448
2023-01-06,EQT,-0.01607949369121008,0.01878672114871362,0.004060543172636515,0.03852494962256524,15.69618114020691,0.0109766482992637
2023-01-09,EQT,0.06194413037990991,0.04279373515950182,0.06194413037990991,0.039117001225631304,15.784537304831671,0.0119906395982609
2023-01-10,EQT,0.010782229647955041,-0.01597785418824535,-0.010900474379222182,-0.018338676457566868,15.802741000225572,0.012210912386224
2023-01-11,EQT,0.002894553871426986,-0.004612043957263677,-0.018837131512601014,-0.018980144987545067,15.763504391782758,0.0117410752161538
2023-01-12,EQT,-0.021914907283643266,0.0160504955394128,0.018244654711852968,0.045648355330698685,15.962680955933672,0.0143287783331062
2023-01-13,EQT,0.018730533274605974,-0.008279752818410795,0.005615472866664047,-0.004299771383925779,15.55207456784892,0.0095035321846261
2023-01-17,EQT,0.024911940235203493,0.031049746955066144,0.028187445958177834,0.010857331852814366,15.671027149367234,0.0107039854029173
2023-01-18,EQT,-0.014241242972421402,-0.023907764659710118,-0.03825851030541002,-0.0447488564145676,15.67495998358726,0.0107461652984847
2023-01-19,EQT,-0.03800511666224315,-0.020708262888591872,-0.00927181047482781,0.008286504772900891,15.485742677834356,0.0088935975042785
2023-01-20,EQT,0.01596214398174154,0.004638756689715323,0.006886999346386837,0.0005890156456630559,15.440625146672515,0.0085012575232865
2023-01-23,EQT,0.011082355634707814,0.02513729205164297,0.017453750539317074,0.037293234878132867,15.528731923145958,0.0092842636798908
2023-01-24,EQT,0.011247426037583224,2.850065942603196e-08,-0.023139502901923847,-0.02966384796937696,15.602843745645444,0.0099984764353912
2023-01-25,EQT,-0.03323924119607642,-0.04973568563956928,-0.02184561321516254,-0.029365877938371473,15.718990425851793,0.0112298950532061
2023-01-26,EQT,-0.01613910577368887,-0.01283031605361801,-0.020453136685814284,-0.003618959273995802,15.973000627955356,0.0144774122508199
2023-01-27,EQT,0.0033088435520059233,0.008968701312726713,0.025959430400834354,-0.005149076796338531,15.253662041990538,0.0070515746839641
2023-01-30,EQT,-0.03359090204123593,-0.022574327285433755,-0.021897536097347826,-0.02397161172088027,15.326409303020245,0.0075836774141576
2023-01-31,EQT,0.0018615442830852377,-0.004882519894616694,-0.0018727027835603828,0.01604467128064038,15.50846225460189,0.0090979691411348
2023-02-01,EQT,-0.0059071482986791345,-0.010764451679506258,-0.03593973538684443,-0.03235129060137747,15.81850306241161,0.0124049064297265
2023-02-02,EQT,-0.012550967780010129,0.011376128143421342,0.012550661579039515,0.0066175284333370755,15.754122856656231,0.0116314409637862
2023-02-03,EQT,0.002207846257476643,-0.01385279156342202,-0.006416471196124235,-0.01838403212337047,15.286812435518964,0.0072892550478756
2023-02-06,EQT,-0.013959755672260852,-0.025111273095086154,-0.04644350297372801,-0.041808975865913825,16.076648565275953,0.0160584888124455
2023-02-07,EQT,-0.033460897828413244,-0.02477994530917106,-0.0006745145431703596,0.02242842824773044,15.83962449414545,0.0126697024407885
2023-02-08,EQT,0.003627284638796958,-0.009165436109722551,-0.021484220560640466,-0.02811502544028053,15.77313765187988,0.0118547266014327
2023-02-09,EQT,-0.011587484246320992,0.03426327302189225,0.031888824448372974,0.022882874274983478,15.99485410721605,0.0147972764588727
2023-02-10,EQT,0.023042496779263837,0.009172994722016693,0.022777015310810576,0.03764321973995123,15.99108024028179,0.01474153873973
2023-02-13,EQT,0.018697962307648985,-0.012355789357707203,-0.005563949217306096,-0.025909190973972207,15.85892341653796,0.0129165887342881
2023-02-14,EQT,-0.016422635456467806,0.004453131693627838,0.0026223077976369902,0.00710387394757666,15.683860783732195,0.0108422417272771
2023-02-15,EQT,-0.009460165537604221,-0.027998644639945496,-0.019501539112718232,-0.01491111196641329,15.770734484537728,0.0118262719099785
2023-02-16,EQT,0.02460456868726928,0.07933936161342055,0.03927197682382816,0.03875571006842255,16.402672983689843,0.0222482211064233
2023-02-17,EQT,0.0011996311389861315,-0.04788750735739089,-0.015046954319323453,-0.013666261572498903,16.055283745029108,0.0157190410814507
2023-02-21,EQT,0.004163485490121928,0.006651001977574581,-0.017833878909467193,-0.026261710988785283,15.867054171137879,0.0130220384732066
2023-02-22,EQT,-0.014486069016030648,0.028933396219954936,0.01783395784633487,0.049353106834989564,15.98870436197952,0.0147065562072952
2023-02-23,EQT,0.05947951744487288,0.013099964405212744,0.041358701685076736,0.015821704810985215,15.96788896667899,0.0144035974335769
2023-02-24,EQT,-0.006129288578810674,0.051036065811223844,0.007821177096666293,0.06667153522172403,16.486993657968362,0.0242055691173962
2023-02-27,EQT,0.06601680098934025,0.0008623376099740793,0.03551023916344108,-0.03516339756515999,16.002864469051794,0.0149162840213664
2023-02-28,EQT,-0.0306817112407575,-0.021493648530004673,-0.012407477098657171,-0.010493229339384317,15.678551544397243,0.0107848302027548
2023-03-01,EQT,-0.023721366745014745,-0.011516601829972101,-0.01163882041524571,0.0036100150491485718,15.716393603647296,0.0112007708396
2023-03-02,EQT,0.009676538892040168,2.8619880055992543e-08,0.009810030814638026,0.0018002503310326073,15.268669093168258,0.0071581960866483
2023-03-03,EQT,-0.004221967246265329,0.026089779681483564,0.007900415085827858,0.029244353260193277,15.518165734308635,0.0091866808262567
2023-03-06,EQT,0.003921011061708598,-0.030256462925093583,-0.016478890351400162,-0.0416106934685203,15.74037230692775,0.0114725968332566
2023-03-07,EQT,-0.008160856828202605,-0.0026877769226550407,0.0064407242253817654,0.0,15.345559099254041,0.0077303027654157
2023-03-08,EQT,-0.0009108876615302709,-0.012639218540055532,-0.03010302942003549,-0.02426776828293549,15.301786217661089,0.0073992240613192
2023-03-09,EQT,-0.01994229578605608,-0.013721838284736212,-0.017480155992512948,-0.02582819361728129,15.874724009351384,0.0131222994154482
2023-03-10,EQT,-0.03500287653757983,-0.03340413648062818,-0.03391270961554875,-0.03012381751899594,15.597876209790154,0.0099489317961533
2023-03-13,EQT,-0.047314996672509796,-0.006050004862983992,-0.030305314155550142,-0.00428402273841849,15.822045463289795,0.0124489275112115
2023-03-14,EQT,0.02295126630653875,0.0025517995091938043,0.022313260243115696,0.01344940116823503,15.595079524025785,0.0099211466268509
2023-03-15,EQT,-0.03616056930628232,-0.05265225411942026,-0.06206741393171088,-0.06252033005218594,16.124127522588672,0.0168393190220563
2023-03-16,EQT,-0.0304626992695664,0.01201611636404257,0.0092068655004457,0.04377291552009063,15.64397170485352,0.0104182668246096
2023-03-17,EQT,0.047366492347024,0.0006634488998592229,0.02437450943752629,-0.025215573242463464,16.27922770418764,0.0196645351223822
2023-03-20,EQT,-0.01112435387674222,0.013829638672060518,0.011287936043169463,0.02654274304195161,15.783252227101089,0.0119752405887681
2023-03-21,EQT,0.0418249152914004,0.019109924779737695,0.022533352040956297,0.027470692963510367,15.535541452794488,0.0093477009037799
2023-03-22,EQT,0.005511331706921458,-0.004179484195199478,-0.01913783628419924,-0.04925812055260267,15.826124526994553,0.0124998111947531
2023-03-23,EQT,-0.0362120343190515,-0.015912097890409926,-0.01537184003527615,0.0006774885729323212,15.68399971440771,0.0108437481521188
2023-03-24,EQT,-0.021688291237104817,0.006200171590575085,0.001376122287533165,0.03428532938430298,15.75012876374967,0.0115850765547696
2023-03-27,EQT,0.05206379759397202,0.0029235152620550146,0.0177176914774165,-0.00393438978114905,15.777744039282746,0.0119094600373475
2023-03-28,EQT,-0.010132433058887478,0.01895640648783364,0.011417197964263007,0.014998631675871137,15.542678349086396,0.0094146531189662
2023-03-29,EQT,0.023698538591499358,0.006028903183332573,0.027660634538412904,0.01764282874952042,15.254397606394958,0.007056763480641
2023-03-30,EQT,0.01496603451765556,0.0015805112325728505,0.002918713443976175,-0.005100413329417285,15.184557280023954,0.0065807332306661
2023-03-31,EQT,0.005358568494490566,0.024029883227603983,0.02209859805530549,0.01962085169949011,15.463014863734655,0.0086937451419472
2023-04-03,EQT,0.03186652690543748,0.014388701067978302,-0.00826984797516766,-0.0034532430671334927,15.774083198222751,0.0118659410974764
2023-04-04,EQT,-0.024038186808981298,-0.010081181827108928,0.0019144430793198023,0.021158147810659035,15.710127563007966,0.0111308057747303
2023-04-05,EQT,0.019766026570060363,0.007951292720831702,0.009833642975779983,0.0036878557185973525,15.400266562750705,0.008164990022513
2023-04-06,EQT,-0.012927275323269483,-0.009487468205587603,0.00031563430184419907,-0.014833365416143964,15.51863933982705,0.0091910327202438
2023-04-10,EQT,0.01659023468960549,0.04126463276498899,0.03351225003611646,0.038777543763225966,15.595737279978536,0.0099276744678316
2023-04-11,EQT,-0.0061124995653030105,-0.010977665989372918,-0.015685443662509808,0.0008980450514531894,15.808917654392145,0.0122865683893846
2023-04-12,EQT,0.026619803418388252,0.0032761972786998854,0.008027207124323456,-0.023309636885143308,15.550488189497507,0.0094884679362092
2023-04-13,EQT,-0.026006848517228415,-0.012567470774747649,0.00030748312120140915,0.006715531641508732,15.600547649222353,0.0099755453016898
2023-04-14,EQT,0.010969114004830078,0.002105635387151961,0.0036822634318191593,0.008180702334820537,15.36691694609663,0.0078971811617676
2023-04-17,EQT,0.026612287368813013,0.027853606089150808,0.003057940850516038,-0.010617493577444223,15.459794435974825,0.0086657925921069
2023-04-18,EQT,-0.032386420781584734,-0.019475223618068888,-0.0003051808730102016,0.015734232654403983,15.316851101861932,0.0075115364022943
2023-04-19,EQT,-0.003664250858071315,-0.009881894684386473,-0.010439194072024165,-0.0027055932577976405,15.348326787673667,0.0077517274742753
2023-04-20,EQT,0.006707293403494144,0.0012029490099195728,0.0027738452600954517,-0.014860152592776798,15.765498239715445,0.0117645084914691
2023-04-21,EQT,-0.005789851850184672,-0.00905785225469105,-0.01020880434947324,-0.004286419569069715,15.491690998427393,0.0089466571348136
2023-04-24,EQT,-0.006131541380919864,0.00030291804830770354,0.0031042900067903075,0.004591834583214584,15.158819387888737,0.0064135200732382
2023-04-25,EQT,-0.004932043479639673,-0.01681722929713943,-0.029890358161736484,-0.03196541930640546,15.342588296138999,0.0077073716317143
2023-04-26,EQT,-0.03202786861862159,-0.021821337924955345,-0.00898301705619028,-0.011098844097125835,15.262312122242593,0.0071128359608596
2023-04-27,EQT,0.04400778166501737,0.07027380081296483,0.04782290600727024,0.0672056301271176,16.22394113899803,0.0186068575029758
2023-04-28,EQT,0.0424449698901398,0.03350969310847987,0.03501707630228511,0.03802729210315213,16.031611516769956,0.0153513060395397
2023-05-01,EQT,0.006708690018078102,-0.009705952855578296,0.0056206511328996895,-0.01649571329753402,15.557939892264924,0.0095594372843067
2023-05-02,EQT,-0.02144954745614043,-0.028220207501795897,-0.05362497053671173,-0.042927679467201794,15.724401146693841,0.0112908215690257
2023-05-03,EQT,-0.041539904536023464,-0.03605072123618653,-0.023300787315208113,-0.04135517380935202,15.639656704246855,0.0103734088404347
2023-05-04,EQT,-0.031129762649125446,-0.024463255216255572,-0.017676872089018216,-0.014710895343639386,15.716259101660873,0.0111992644147583
2023-05-05,EQT,0.01866862357216962,0.028432222551864273,0.03191095614654978,0.04133739298988065,15.532564620199693,0.0093199157344775
2023-05-08,EQT,0.04205001954976657,0.015119645369059194,0.011553482743721675,-0.001856447062800203,15.082909045703508,0.0059446871863958
2023-05-09,EQT,-0.0370803895954435,-0.001968293170087116,-0.009413012648203862,0.005584889772775609,15.365559547291717,0.0078864688073378
2023-05-10,EQT,0.018012921765189826,-0.01675593513689192,0.0031436359851457073,-0.0037197920349546303,15.291348732581229,0.0073223963943928
2023-05-11,EQT,-0.023669802212604358,-0.007710130646215282,-0.008827309266431748,-0.009360470450465565,15.222269337152438,0.0068336452235325
2023-05-12,EQT,0.019351475793519438,0.03916129474135724,0.0028459497306672836,0.047445904732782825,15.981347776712772,0.0145987631408451
2023-05-15,EQT,0.046505733514112475,0.058959341112885845,0.062127736721918195,0.049287995691246866,16.216809214494575,0.0184746268779828
2023-05-16,EQT,0.03934584130698183,0.00420131402582175,0.026933938555925914,-0.009435044457535261,16.01314627299403,0.0150704414968329
2023-05-17,EQT,-0.006831842234200943,-0.02032812530083439,-0.011036918601331606,0.0,15.659878448088458,0.0105853126014995
2023-05-18,EQT,-0.0065914579961114,0.05385674918107489,0.013056576299632795,0.05667922945429454,16.02163992526678,0.0151989897499907
2023-05-19,EQT,0.07476503537067797,0.01342308437443152,0.030658208716496944,-0.0166966592146718,15.875680208982324,0.0131348529557956
2023-05-22,EQT,-0.05540214205275633,-0.019114810698007193,-0.01124556477284243,0.0022057592519342567,15.624307560627775,0.0102154016125949
2023-05-23,EQT,0.03164309393714219,-0.0029942682457203087,0.011245763097265434,-0.012749528716804653,15.368526467694116,0.0079099020826531
2023-05-24,EQT,-0.012371355485429612,-0.0032770191428162765,-0.002239214627805505,0.01906390393937037,15.881955635283493,0.0132175389415508
2023-05-25,EQT,-0.003880322035621443,0.0005469465994252874,-0.0028057574851219637,-0.001369241829843621,16.153955048136428,0.0173491601407003
2023-05-26,EQT,0.012144930502723873,0.0027300448559123723,-0.003659346815428638,-0.011022391397083307,16.088759626899872,0.0162541566613276
2023-05-30,EQT,-0.030643256207830406,-0.03269908522657385,-0.0373500363736866,-0.028669893432226916,16.03132798972214,0.0153469541455526
2023-05-31,EQT,-0.003968458951071376,-0.005083546324351677,0.008743623140015137,-0.008591313203364398,16.000268976849792,0.0148776191170963
2023-06-01,EQT,-0.011712460098262696,0.0025451769290933883,-0.000580282637406157,0.009446410024142251,15.768055930867966,0.0117946369883029
2023-06-02,EQT,0.026932793458576857,0.0425712954029023,0.024097446028957543,0.0404799674978863,15.865587782239164,0.0130029570918785
2023-06-05,EQT,0.04244313811688081,0.012105178238557043,0.014072948486767605,-0.014051606117435899,15.492906326441588,0.0089575368697814
2023-06-06,EQT,-0.047209565876412174,-0.0005349079989625095,-0.006448902556939251,0.03597117817294515,15.497511149201097,0.008998879862659
2023-06-07,EQT,0.052557196110725,0.043194716149653756,0.05340079502322084,0.03807734790319783,15.69866360773129,0.0110039313269521
2023-06-08,EQT,0.0330477595505005,-0.0005126206161170884,0.016660417713968426,0.004114118717398217,15.325305136025165,0.0075753083872593
2023-06-09,EQT,-0.0010324816361016995,0.00511378061048703,0.006013832192014251,-0.010836102308795168,15.270934681201167,0.007174431998831
2023-06-12,EQT,-0.01404443984129588,-0.017754166338367867,-0.01523540836102711,-0.006245057856249398,15.554256130610407,0.0095242873713339
2023-06-13,EQT,0.012493686726804561,0.0200469438325012,0.019657340377864423,0.016311013302066513,15.460431630671522,0.0086713161498598
2023-06-14,EQT,0.013871092902061831,-0.0025479367266703187,-0.010698279713819755,-0.012663452407005088,15.554414284748109,0.0095257937961756
2023-06-15,EQT,-0.012062026000489112,0.02294918729111055,0.015875689492479913,0.01292033466175253,15.74274758730377,0.011499879860945
2023-06-16,EQT,0.013846359632216136,-0.005750762029262813,0.01180705655513531,0.017559863252775674,16.2639002561393,0.0193654261010372
2023-06-20,EQT,0.010890321915942457,0.001503316978876414,-0.009486012038178332,-0.00861419935049744,15.672823814023225,0.0107232341647834
2023-06-21,EQT,-0.004038319206086393,0.0015012073178649699,0.009486054097851086,0.012139790085220965,15.610132758996047,0.0100716217304823
2023-06-22,EQT,0.0022734958967058866,-0.0050126583537729525,-0.0010212131185550213,-0.008076862707301707,15.496599326312912,0.0089906782162987
2023-06-23,EQT,-0.025039605310534348,-0.010101023758115682,-0.013112453532372831,-0.007121042756436622,15.490099491419588,0.0089324297890865
2023-06-26,EQT,0.019472740824306358,0.02901650611144151,0.01795379129317249,0.025949245837102182,15.317719766318309,0.0075180642432749
2023-06-27,EQT,0.010349694911428557,0.0009856271576411475,0.0025386693494397613,0.0032278294424433803,15.881195535516746,0.0132074961092728
2023-06-28,EQT,0.01594458433616781,-0.0032069737768282564,0.006570778192779682,-0.014733629011571518,15.651845129982533,0.0105006180492888
2023-06-29,EQT,-0.01896265170872316,0.014716881979058193,-4.950784904683088e-08,0.03193733256249518,15.730490254495756,0.0113597823506676
2023-06-30,EQT,0.03708695155305749,0.008244356925218228,0.019456690350447996,0.0021904686312889036,15.626141011493587,0.0102341482328471
2023-07-03,EQT,-0.00730797308490575,-0.0019335196135306782,0.004928766443617684,-0.0110010280971452,14.725139549638552,0.0041567282798444
2023-07-05,EQT,-0.0014681860132733054,-0.009481208827437977,-0.01386172490116575,-0.006906838635504857,15.644309035233752,0.0104217818159069
2023-07-06,EQT,-0.016043871178975027,-0.015507983929246157,-0.03758699135966853,-0.02811441876449755,15.36604757461226,0.007890318559711
2023-07-07,EQT,-0.020106228823413907,0.005689536389843975,0.016936489893530186,0.010887553658525707,15.6733075804696,0.0107284229614603
2023-07-10,EQT,0.003547867140799872,0.0017251753209864776,0.004316403340478356,0.014500282039224167,15.555819001067537,0.0095391842392128
2023-07-11,EQT,0.02399535510017674,0.009557840006931446,0.017081687825522697,0.006679201244910346,15.459697855894701,0.0086649556894171
2023-07-12,EQT,0.0004938012414567581,-0.0017087117857728143,-0.010264142079168773,-0.019418093443532295,15.67869121459888,0.0107863366275965
2023-07-13,EQT,-0.017179686783718884,-0.01600842239011503,-0.01266176386301357,-0.009344817379049653,15.831639626602314,0.012568939356933
2023-07-14,EQT,-0.011873327736815632,-0.02234304890815417,-0.02948240823916362,-0.03092232268766805,15.697765757322541,0.0109940558752122
2023-07-17,EQT,-0.033331908038066065,-0.018189152914898286,-0.004208183674884591,0.00652160895555071,15.284444482775728,0.0072720148524651
2023-07-18,EQT,0.01719235865252329,0.033056601815578734,0.014132648258874145,0.030219940376443318,15.50396314213169,0.0090571282898711
2023-07-19,EQT,0.02625356729605141,2.013051038917943e-08,0.018538172488307626,0.005785460669403572,15.556853716563136,0.0095490596909528
2023-07-20,EQT,0.013989618681897218,0.02275063131878847,0.018701375929577185,0.023547863887167442,15.705455010181272,0.0110789178079609
2023-07-21,EQT,0.017703978670673103,0.0051214285656459475,-0.0015032085615730995,-0.022795674601791986,15.384584912446682,0.0080379481941969
2023-07-24,EQT,-0.03169369707170297,-0.029374071650845983,-0.022057052854308323,-0.0050252166970601465,15.973786500686044,0.0144887941274016
2023-07-25,EQT,0.0012571316093407346,-0.001253191383221106,0.002560303470081874,-0.0015124332577187722,15.684308380154636,0.0108470957628781
2023-07-26,EQT,-0.01825613304505314,0.06128822241016598,-0.011055639851180285,0.046336441865763175,16.243255940967078,0.0189697385092858
2023-07-27,EQT,0.0725348960007216,-0.0007078721056727387,0.05556290469354015,-0.002411374403840489,15.531792065749633,0.009312718371345
2023-07-28,EQT,0.0035633794882331997,0.006822836033923604,0.019855428270501786,0.020550381831093204,15.889901994300995,0.0133229886804693
2023-07-31,EQT,-0.007378413322391947,-0.005407524326155762,0.002872822385450141,-0.0023680704277946815,15.658818447365862,0.0105740981054558
2023-08-01,EQT,-0.006470889382498744,-0.006622427287044456,-0.015175469561939927,-0.012164696000689687,15.642862531734375,0.0104067175674899
2023-08-02,EQT,-0.011121947329267152,-0.022559117135882576,-0.03131034427269784,-0.019629795282626827,15.39077122555041,0.0080878275945108
2023-08-03,EQT,0.004366748876173231,0.02682142790100088,0.023023598044739933,0.02106860174223443,14.864827905084285,0.0047798860226913
2023-08-04,EQT,0.016564956883789023,0.005889965585008407,0.012646067055287931,0.0016760108974060934,15.018483162256882,0.0055737719142634
2023-08-07,EQT,0.0038022455798590346,0.007955086025550827,0.014633799788740198,0.008338362619831395,15.005090581351675,0.0054996223359445
2023-08-08,EQT,-0.020196921847496274,0.004031181357718458,-0.020294280504805022,0.02143536225841195,15.049935260748208,0.0057518648066591
2023-08-09,EQT,0.06625255975955678,0.032767264445703013,0.054349593447921084,0.02622041716453892,16.695512119653927,0.0298176711748539
2023-08-10,EQT,-0.010741932130073831,-0.00860337320301014,-0.01700697698198327,-0.02902105491774274,15.35626290882975,0.0078134908927847
2023-08-11,EQT,-0.019021573178204007,-0.01627530811619489,0.0009394419419427148,0.0060578631129555045,14.77700445699064,0.0043780053510352
2023-08-14,EQT,0.008627808224072017,-0.003704507553342779,-0.0007043904396662255,-0.0034902973036830425,15.303119987945335,0.0074090995130592
2023-08-15,EQT,-0.017330681863265817,-0.013545410025992362,-0.018253539065012002,-0.016451710053464214,15.007066896023328,0.0055105020709123
2023-08-16,EQT,-0.009255958194747966,0.0009402389730450408,0.0007176548144139505,-0.00522678876778176,14.911285826092628,0.0050071887932489
2023-08-17,EQT,0.023796652270007893,0.02367797588546599,0.0102271220483616,0.021911570765177364,15.611975771124879,0.0100902009701965
2023-08-18,EQT,-0.010062105864218403,-0.0025267219360728304,0.004485954349619542,0.012966173724660832,15.461839741738325,0.0086835349291313
2023-08-21,EQT,0.034214984753561196,0.03169114836382527,0.03085004855692422,0.02498982210403558,15.84493443865862,0.0127371567975887
2023-08-22,EQT,0.009950295556117037,-0.006931309297359908,-0.009639697399198628,-0.026601508241406387,15.04163646035853,0.0057043287338768
2023-08-23,EQT,-0.05006227190019983,-0.04779214992112603,-0.04119679698365224,-0.03875998840711849,15.744361886326642,0.0115184591006592
2023-08-24,EQT,-0.018625069430853358,-0.0016488064798513946,-0.005542758355630026,-0.001198223018343813,15.244481432919958,0.0069871331768472
2023-08-25,EQT,0.009355800809900559,0.0014133242889457086,0.009859264340769221,0.008120284788501348,14.890854560873455,0.0049059235677796
2023-08-28,EQT,0.014695687516900488,0.003759422478874913,0.004774459394529874,0.007346840374633943,14.921231189064104,0.0050572355741007
2023-08-29,EQT,-0.00993149078037251,0.0030441406050926347,-0.00525317199399202,0.00916687730159221,15.052695966696213,0.0057677659577659
2023-08-30,EQT,0.016030589399281495,0.010929253085477743,0.022020703072527095,0.005832434827559821,15.335898872191862,0.0076559858065588
2023-08-31,EQT,0.004433603957660033,0.002540621106642266,-0.003284076133841829,0.00533579443890636,15.229274404299831,0.0068816834379287
2023-09-01,EQT,0.016624637962932256,0.020322705715118097,0.014230868440351162,0.022873802300356842,15.18866927299663,0.0066078488778165
2023-09-05,EQT,0.006163601164678093,-0.005212661439299287,0.0002315560318941194,-0.023105383248431158,15.11874961559735,0.0061616123635995
2023-09-06,EQT,-0.02232268379674277,-0.01211566524905442,-0.02770768816004434,-0.02057570525571096,15.45598210686716,0.0086328186261276
2023-09-07,EQT,-0.011468990617425928,-0.02162134521586464,-0.01005042239655368,-0.013557324988246182,15.420538962793543,0.0083322031799409
2023-09-08,EQT,-0.009223104447328502,-0.0011756858559716645,0.004798475746858598,0.017094538079108417,15.686558758389333,0.0108715333214211
2023-09-11,EQT,0.015091001444024378,0.014714708403179299,-0.001197494368427778,-0.006376279144335307,15.255274830421428,0.0070629565605457
2023-09-12,EQT,0.002337662885541413,0.014729893685999574,0.02274445241672407,0.03629159100618304,15.254871877100014,0.0070601110914003
2023-09-13,EQT,0.021024212998880944,0.0050137056105767994,0.0053732002550017045,-0.018912001711997698,15.167550115367154,0.0064697599339947
2023-09-14,EQT,-0.004583013620739109,-0.0056993567259871585,-0.013841814143023485,-0.008417215507921684,15.339412586151933,0.0076829340731713
2023-09-15,EQT,-0.032919914820336744,-0.027818161659124683,-0.023181792162707146,-0.02520339859889399,15.88047290520235,0.0131979554186088
2023-09-18,EQT,-0.016513587866151563,-0.01946422323601054,-0.007767073120887894,-0.008220604476136328,15.577120222009613,0.0097445601592969
2023-09-19,EQT,0.0050547893021221455,0.004305152818742924,-0.007582363883856171,-0.004867350777654984,15.932729584344045,0.0139059750942044
2023-09-20,EQT,-0.03121433787123473,-0.022201572734253883,-0.018335286619793386,-0.02444856237985263,15.595298824084981,0.0099233225738445
2023-09-21,EQT,-0.005215623947107989,-0.02021284718073899,-0.03615488764738702,-0.03200693993301066,15.663351166535973,0.010622136319852
2023-09-22,EQT,-0.028797065401910432,-0.016570740421313266,-0.006502759913510934,-0.007513926255685684,15.409408548848921,0.0082399765035217
2023-09-25,EQT,-0.014715722393975037,-0.0081343428631385,-0.003922217614215093,0.01214940321561837,15.052289604333243,0.0057654226302343
2023-09-26,EQT,0.0025974364741803693,0.006360607373535855,0.006007752593795764,0.0010273170537752722,15.348067642045114,0.0077497189078197
2023-09-27,EQT,0.023584921474321553,0.019837540156566594,0.023167081222519526,0.016546252858312013,15.758487982211678,0.0116823246473278
2023-09-28,EQT,0.004045366995654538,0.010142175036555203,0.007351918953488151,0.020737586593932163,15.26195907730878,0.0071103252527901
2023-09-29,EQT,0.0182529703703256,0.003194624803556909,0.015539327085056625,0.0034562132429881614,15.300156152013772,0.0073871726625856
2023-10-02,EQT,-0.0009916659437201783,-0.010853622510886441,-0.03956895515759806,-0.037408767341295654,15.508241459410796,0.0090959605746792
2023-10-03,EQT,-0.032004792798267616,-0.01675666298189915,0.0007758306098262883,0.0134672972508568,15.553482572339336,0.0095169226276634
2023-10-04,EQT,0.009430428095177452,0.009788020316464363,0.007726033429700195,0.0007570018218358472,15.540916704743026,0.0093980824457076
2023-10-05,EQT,0.007078007377778659,0.03340199611760669,0.015527938378077987,0.03567385578595948,15.620515418416021,0.0101767367083248
2023-10-06,EQT,0.03975321728975248,0.042096304014234705,0.04083192442478063,0.04053945476402113,15.795767059756608,0.0121260504534753
2023-10-09,EQT,0.042186476865157294,0.02853764801080562,0.043882411668650076,0.03580837887413948,15.403541160287128,0.0081917709085876
2023-10-10,EQT,0.027467973640446206,0.0026972031778813737,0.011995530884496092,-0.005879681316494672,15.218563948744306,0.0068083707622997
2023-10-11,EQT,-0.02237527132325975,-0.018577701486374457,-0.0227281596696476,-0.012323236702758856,15.412693888797374,0.0082670921506722
2023-10-12,EQT,0.005526100474168197,0.005018288162869054,0.012355882651229638,-0.003219858354050164,15.184887879472422,0.0065829091776596
2023-10-13,EQT,0.0068649337007131075,0.005672100314306982,0.003700213693597281,-0.0009219571171351555,15.26353504725027,0.0071215397488338
2023-10-16,EQT,-0.008013694962236006,-0.01366764002333806,-0.020994458152837545,0.002993055838960293,15.280916655076476,0.0072464056301563
2023-10-17,EQT,0.0032131634765442934,0.024021082229960296,0.02191741982849067,0.017320313197752076,15.731329767503828,0.0113693230413316
2023-10-18,EQT,0.0231041144393093,1.8422766475843602e-08,-0.007175139633429305,-0.01319093985397922,15.531018913997716,0.0093055210082125
2023-10-19,EQT,-0.02058665129648928,-0.011485302488900746,-0.0018600080611587764,-0.013599404359141504,15.24675462287908,0.007003034327954
2023-10-20,EQT,-0.01798944763655486,-0.025695504157455983,-0.027366709008799638,-0.017322631129125514,15.287386336668996,0.0072934395613248
2023-10-23,EQT,-0.02688834243348817,-0.012864097790298531,-0.011788886814842692,-0.0018907051257948553,15.48108321602431,0.0088522545114009
2023-10-24,EQT,0.017066017992879098,0.005633867200491309,0.017988263614402585,0.006132065286903923,15.166152093443714,0.0064607213849446
2023-10-25,EQT,0.005390763413043506,0.0014033772755545056,-0.005960278263125782,-0.01206404887039321,15.27978419164668,0.007238203983796
2023-10-26,EQT,-0.05476862711541328,0.008380025584944833,-0.055050626374667545,0.018626119816713544,15.779849982736465,0.0119345671180424
2023-10-27,EQT,0.06361208947450274,0.0016212286755949137,0.04495685798417141,-0.020293374403043737,15.302848856709605,0.0074070909466036
2023-10-30,EQT,-0.039702759817639335,-0.022467570241465024,-0.02469869851304179,-0.01852573737833528,15.944539683884868,0.0140711796851767
2023-10-31,EQT,-0.003138955463273059,0.005899754421319002,0.01645226286700641,0.028723901327148794,15.311712804764907,0.0074730388785621
2023-11-01,EQT,0.021058615009928144,0.01309058937034917,0.01210389570986237,0.007990786655017037,15.268598941540162,0.0071576939450344
2023-11-02,EQT,0.011067961359941482,0.03289454670748458,0.023071362652779266,0.037445332487756534,15.145975298477905,0.0063316709901729
2023-11-03,EQT,0.031580232743144594,0.0162712831128188,0.035115553415020026,0.008308080709282696,15.470227907743228,0.0087566802242224
2023-11-06,EQT,0.0027192524415816845,-0.016945705091317,-0.04504004208928585,-0.05068151695177688,15.570848233407242,0.0096836336434774
2023-11-07,EQT,-0.053794057624287725,-0.0591521575420265,-0.04070644807373139,-0.03831436466198981,15.571884789191339,0.0096936764757553
2023-11-08,EQT,-0.02893824521313297,-0.018366833019751765,-0.01702595415963027,-0.02157551290165842,15.31927701751569,0.0075297808809326
2023-11-09,EQT,-0.010915624580322381,-0.01722076120233345,-0.006841591247400741,-0.012106207800505387,14.928223299677384,0.0050927202481495
2023-11-10,EQT,-0.007511161079468572,-0.009974965949478373,-0.01821726172331878,-0.007130001882941081,15.328041235980963,0.007596063573967
2023-11-13,EQT,-0.006555774810600831,0.004002028589176299,0.015161569820634598,0.016977455811203093,15.125490938559158,0.006203290117553
2023-11-14,EQT,0.007560485368325191,0.010923498225164705,0.008633770599448106,0.002509357648534039,15.14592242620488,0.0063313362290969
2023-11-15,EQT,0.003759020614013036,0.029678831436375463,0.0073059077801315405,0.03521245684540183,15.601972855250736,0.0099897726474169
2023-11-16,EQT,0.018585569375153918,-0.013999813426896846,-0.0141560075608634,-0.03146004178597884,15.645304299623595,0.0104321594092607
2023-11-17,EQT,-0.021842610333626385,-0.007074152293999217,0.012648723472224737,0.007958187084065513,15.364858917906814,0.007880945249585
2023-11-20,EQT,0.010484441795276212,-0.009098747771763064,-0.0022649880347154158,-0.006959955435944314,15.004907955242512,0.0054986180527167
2023-11-21,EQT,-0.007477504300072864,-0.0032165781040069605,-0.006825898252925522,-0.0017475111996526202,15.190845331602821,0.0066222436040816
2023-11-22,EQT,-0.01487124467438927,0.005190894496366625,-0.006106976714162258,0.007468133855364423,15.000698323075618,0.0054755195384774
2023-11-24,EQT,0.01437067623453148,0.01322577649415499,0.019462356263337286,0.013059253017685905,14.443266053545859,0.0031357069982526
2023-11-27,EQT,0.013920139402245318,-0.014459253664293795,-0.006277469468195891,-0.015293794439079172,15.143381263987493,0.0063152676974522
2023-11-28,EQT,-0.00370966606030014,-0.0007408629975740918,0.0010070115619234266,-0.009490668524560188,15.320454468098278,0.0075386520494448
2023-11-29,EQT,-0.006462800687098226,-0.00918220501160011,-0.010879191330889361,-0.0025124121850049154,15.288372676856005,0.0073006369244573
2023-11-30,EQT,0.0037337631754079314,0.01681133634697528,-0.0015274745687381265,0.005269145340432011,16.28606478606587,0.0197994438359827
2023-12-01,EQT,-0.010991950749905105,-0.00688827838684965,0.010139423942453738,0.006982518239936301,15.009918060303914,0.0055262358414811
2023-12-04,EQT,-0.004027220727774035,-0.014921936327839521,-0.021413041582746647,-0.03206945261206946,15.726888562473338,0.0113189414994039
2023-12-05,EQT,-0.009375531612811634,-0.009314071797963619,-0.012445051060083692,-0.015776882205961275,14.896230733141898,0.0049323696927782
2023-12-06,EQT,-0.027879794342245263,-0.022248660146216803,-0.03992002450760725,-0.039616960167805526,15.607570148817995,0.0100458451276355
2023-12-07,EQT,-0.03299935271643983,-0.039024226392192815,-0.020296996425079258,0.0032494288099098436,15.707040095377838,0.0110964927644473
2023-12-08,EQT,0.007815552951976132,0.004025101318524812,0.011844075507819381,0.003777475864430982,15.37750061492939,0.0079812061918265
2023-12-11,EQT,-0.026936706497237096,-0.0029501873195657575,-0.011013289992491971,-0.006484722601096613,15.52367118451481,0.0092373971292604
2023-12-12,EQT,0.0016534006154118345,-0.015701391300925596,-0.007503160173052328,-0.024143849692077893,15.677697580142594,0.0107756242731667
2023-12-13,EQT,-0.004691596893063299,0.017311706399005113,0.003063617284245645,0.03412364669955867,15.709119536474402,0.0111195912786866
2023-12-14,EQT,0.04012474716202722,0.04046807714339835,0.038728751444545656,0.04101535473997136,16.045783096845827,0.015570407163737
2023-12-15,EQT,0.031648951502240494,0.0007722058969775098,0.01618711791991794,-0.009837084362535813,16.761574584446855,0.0318540227997466
2023-12-18,EQT,0.00999106017893515,0.017853040790866078,0.018774888535231998,0.012152693676324508,15.707236169344203,0.0110986687114408
2023-12-19,EQT,-0.016967003537603064,-0.017338553697039207,-0.026968502424058394,-0.0018006550158860604,15.82152095608254,0.0124423996702308
2023-12-20,EQT,0.007233341546581166,0.00564248921891218,0.005293907024876028,-0.02186441930839933,15.78832703478085,0.0120361671045877
2023-12-21,EQT,-0.008530414206925857,-0.0012795467012396418,0.008412263586400253,0.026488211716943957,15.471755908359876,0.0087700706672597
2023-12-22,EQT,0.014433410323218277,0.007144911360052077,0.015584826489417938,-0.0007689657749808081,15.012730915750133,0.0055418022315119
2023-12-26,EQT,-0.0020493827339576704,0.005830753633727721,0.005141264328792989,0.005626392076740111,14.7927086011062,0.0044473008937531
2023-12-27,EQT,0.013498135923134816,0.0025245134002186277,-0.0015397458278297675,-0.0007654370248317139,14.981470231715504,0.0053712414633247
2023-12-28,EQT,-0.00838299606695451,0.005531936734676486,0.0012833654680055497,-0.00409198927692774,15.203179224293999,0.0067044274482229
2023-12-29,EQT,-0.006398060143029929,-0.014650558203161827,-0.00849986199817932,-0.009268962881505097,14.55310563152235,0.0034997596683283
2024-01-02,EQT,0.004099412289274628,0.0005087878758791443,-0.002071415074193986,0.006702740258159946,15.36460402182975,0.0078789366831294
2024-01-03,EQT,-0.008731320772306332,-0.008427921363335533,-0.010422108537002286,-0.004893608452733058,15.945205597380442,0.0140805529953028
2024-01-04,EQT,0.016119002177284236,0.010460519624130611,-0.00026209686908065577,-0.013779035487032633,15.577412185242867,0.0097474056284424
2024-01-05,EQT,-0.03355150060771537,-0.017667801752424404,-0.01637634855318932,0.013262517694587831,15.932994354264745,0.0139096574660396
2024-01-08,EQT,-0.002102017986370676,-0.01117053124606367,-0.011517603752228753,-0.013000828443624084,15.607553487013798,0.0100456777470975
2024-01-09,EQT,0.013324738510725747,0.008065605462555542,0.0141770762854567,-0.003670714465258908,15.648492101669923,0.0104654681363159
2024-01-10,EQT,-0.02151182565540725,-0.01856986867977831,-0.011218104876217074,-0.009501261077460089,15.226034253646134,0.0068594218263793
2024-01-11,EQT,-0.004518063608692879,0.006053602223130825,-0.005656388241350882,-0.017656788005166166,15.706738368031765,0.011093145153688
2024-01-12,EQT,0.011125802170900591,0.007320170306499743,0.01021233380252497,0.020569632105006827,15.287340436695589,0.0072931048002488
2024-01-16,EQT,-0.028050380872488515,-0.02692872235558797,-0.031231308075531275,-0.04102027906478683,15.531774092263758,0.009312550990807
2024-01-17,EQT,-0.03221196448185341,-0.027949156016849722,-0.015008653600706162,-0.009410544377910201,15.553306680156568,0.0095152488222837
2024-01-18,EQT,0.004466632564502812,-0.008844863449297007,-0.024664728343319658,-0.02107722571755021,15.743053195166732,0.0115033948522423
2024-01-19,EQT,-0.023961566095238793,-0.01877582308955782,-0.00575691010043236,0.003402586222355878,15.621534635512155,0.0101871143016787
2024-01-22,EQT,-0.004575528109627188,0.00901142475863593,0.0037457190095734664,0.0014140316219086603,15.76933232745084,0.0118097012367198
2024-01-23,EQT,0.01564088967224555,0.000280408617525902,0.006878768229028114,-0.0033975491640951413,15.085215202389408,0.005958412390509
2024-01-24,EQT,0.003380297023374245,0.015573145970967041,0.013053550922361417,0.011280413534703417,15.287845220565888,0.0072967871720841
2024-01-25,EQT,0.012019871672075435,-0.004701888826502429,-0.005654393765025938,0.011154799911431515,15.150538203290768,0.006360627823241
2024-01-26,EQT,-0.0005558689499508906,-0.0005546357534178776,-0.0019866448145457274,-0.005004180765190654,15.31459796989319,0.0074946309679597
2024-01-29,EQT,-0.005575759835231469,-0.005563352344174622,-0.0011370700606498922,-0.0016737131061746707,15.171912818805,0.0064980472449109
2024-01-30,EQT,-0.009268564730912737,0.017968650455987212,0.005954818892188072,0.00917051705186173,15.048391758889096,0.0057429936381469
2024-01-31,EQT,0.021770468580415925,-0.006872809877940655,6.9409821479616e-08,-0.020965058160951264,15.264733003539416,0.0071300761562701
2024-02-01,EQT,-0.017827761577264463,-0.01360948705261959,-0.014237152083100037,-0.009650953701083256,15.111059579524987,0.0061144110518932
2024-02-02,EQT,-0.016149910182409296,-0.010400489763157182,-0.008351160355567249,-0.0005704899723380334,15.159445545485402,0.0064175372061494
2024-02-05,EQT,-0.006591448282596398,-0.014515882534390703,-0.012806068804822315,-0.02484984066712784,15.382041178155344,0.0080175277685651
2024-02-06,EQT,-0.019158734608544215,-0.007482062866900204,-0.006759699949701855,0.001461800453921582,14.993365542073763,0.0054355155899036
2024-02-07,EQT,0.007300368465967677,-0.0031824304227169066,-0.002066412390635674,0.0,15.336488990868736,0.0076605050810839
2024-02-08,EQT,-0.010823421171510425,0.009804118946654566,0.0008862100439334822,0.015077246838985698,15.292605171710655,0.007331602323981
2024-02-09,EQT,0.01459878313933726,-0.0008611841284998617,0.00998832065176909,-0.012159927486149127,15.101100491449998,0.0060538192971495
2024-02-12,EQT,0.004626963713627541,0.015389337320757526,0.005247842334607071,0.017326414614956823,15.46522650900143,0.0087129939038133
2024-02-13,EQT,-0.006948477632217347,-0.019994910478641027,-0.01967457269458748,-0.024048663346398415,15.684339241489877,0.0108474305239541
2024-02-14,EQT,-0.05034576056237463,-0.031060355832364103,-0.05017026264909717,-0.0340027597813585,16.436462178274713,0.0230128154038514
2024-02-15,EQT,0.02146060200428226,0.03336571695409768,0.03432750954822449,0.045374727731845595,15.89130809331035,0.0133417353007214
2024-02-16,EQT,0.035798181329876506,0.013760713976508887,0.029879350687320724,0.010661837767222517,15.411741845569956,0.0082592252653878
2024-02-20,EQT,0.0028943532269455037,-0.013207241398565982,-0.014499450622357945,-0.028352034136264033,15.609534295135125,0.0100655960311155
2024-02-21,EQT,0.020595879643343012,0.10002864462405425,0.05084625215994151,0.10060582120450605,16.374209731347808,0.0216238916998106
2024-02-22,EQT,0.03231469602771751,-0.017942530708122847,0.02324054286180691,0.0005359720716241027,15.71428432459896,0.0111771701837468
2024-02-23,EQT,0.007645981431740956,-0.006410440838602686,0.005520204173254619,-0.00834138449333678,15.569499102587564,0.009670577961516
2024-02-26,EQT,0.018062295237544497,0.010130763884525107,0.003846158653597316,-0.007321958579066715,15.334958334034125,0.0076487884434263
2024-02-27,EQT,-0.007508772405866637,-0.01120321219139074,-0.002196098013972401,-0.006006111784118377,14.970535000608212,0.0053128256555746
2024-02-28,EQT,-0.013004835769788932,-0.007809261535097444,4.431751711772454e-08,0.0016416690750352442,15.032083940509535,0.0056500974395758
2024-02-29,EQT,0.0002727141399302534,0.008613763401691923,0.005754194446712256,0.015462109799969124,15.504720556841905,0.0090639908919277
2024-03-01,EQT,0.013270282018369065,0.0026766229196550475,0.005992971479027961,-0.003775708511819273,16.043555385379257,0.0155357593923781
2024-03-04,EQT,0.01812907148600213,0.020635687960648037,0.015629644666689722,0.014219021463977046,15.393127717875048,0.0081069089758389
2024-03-05,EQT,-0.009823485853185803,0.0031373378411289803,-0.0021413688577619746,0.011915964394680907,14.879876752850267,0.0048523617956305
2024-03-06,EQT,0.019551448870065526,-0.0020905355492187223,-0.0013407187525830478,-0.010585026470225727,15.284375429171458,0.0072715127108512
2024-03-07,EQT,-0.013433712129326404,-0.010253815888758799,-0.0026868190965008798,-0.008817769879834564,14.948975379315588,0.0051995090313717
2024-03-08,EQT,-0.008254459584459709,-0.0029111441842121786,-0.0018849243746413703,0.006953898400838839,14.84090714295539,0.0046669041595643
2024-03-11,EQT,-0.06918386464751684,-0.061768211000953734,-0.09819836332958248,-0.08073145341414308,17.165018110489015,0.0476845393194826
2024-03-12,EQT,-0.0034444683885869096,-0.01648713478256686,0.00563370764690343,-0.002603865093359419,16.36718768933695,0.0214725796934895
2024-03-13,EQT,-0.01156750098864728,-0.010371819838129785,0.0050140204593286716,-0.014884387992089262,16.238541892686666,0.01888052468255
2024-03-14,EQT,-0.002329650959275033,-0.0066830959865900085,-0.02321535713379373,-0.006785626289563446,16.286859127624293,0.0198151776065515
2024-03-15,EQT,-0.012025410409196182,-0.007021662464071413,-0.006646517791908326,-0.010415211771597798,16.990430357363696,0.0400456263277963
2024-03-18,EQT,-0.006215792535891367,-0.005594103622232745,0.00965313395276093,-0.0008977872550359434,15.568165480624781,0.0096576896600927
2024-03-19,EQT,-0.011947491958078696,-0.001772850752399447,-0.0033076673267704486,0.004779104055685263,15.813796408250578,0.0123466580025144
2024-03-20,EQT,-0.0015034218667039094,0.005603956094106622,-0.0009040123300844679,0.007717500743062202,15.763889229138853,0.0117455944906789
2024-03-21,EQT,0.021435773159008895,0.011986656031570774,0.01822304275871404,0.015840745705332098,15.535595169536451,0.0093482030453938
2024-03-22,EQT,0.01025645545161288,-0.0002906066386867637,0.010600824245599145,0.0,15.403786323373906,0.0081937794750432
2024-03-25,EQT,0.005234005083311524,0.016719752260508338,0.008458491218487846,0.013298715188962532,15.693738353979107,0.0109498674131892
2024-03-26,EQT,0.016110848229424053,0.0088231956785845,0.009251274349163677,0.0037265534860671523,15.759805260030303,0.0116977236568207
2024-03-27,EQT,-0.010038797026733257,0.021861896600028897,-0.003747979339905426,0.03154306972090127,15.78071914560935,0.0119449447113963
2024-03-28,EQT,0.045366387528306885,0.03620934743384971,0.04241526875123042,0.027346611144684667,16.10371281203955,0.0164990343883716
2024-04-01,EQT,0.02797944170482749,0.00267000773801659,0.013201319720189546,0.0010783025704139222,15.692177957376915,0.0109327945983167
2024-04-02,EQT,-0.00887928803052165,-0.011263001595285278,-0.001914250023671927,-0.006488166941077544,15.328724092842597,0.007601252370644
2024-04-03,EQT,-0.0005407839307850943,0.0048424451803188205,0.004097763450622526,0.008641602867481871,15.54305163258657,0.0094181681102635
2024-04-04,EQT,0.020873194014029386,0.015446538858052078,-0.0005453066909517522,-0.01162950841533404,15.550170611611948,0.0094854550865258
2024-04-05,EQT,-0.03284281718902815,-0.030045245588283028,-0.015670511734628575,-0.007646195537553824,15.11940136430287,0.0061656294965107
2024-04-08,EQT,0.0027328913347406543,0.00840670715665631,0.009925600695332035,0.009820007063451179,15.423707901210529,0.0083586493049395
2024-04-09,EQT,0.008154478348363688,0.02454122588656439,0.013353522110435811,0.029685372317823342,15.696638499049934,0.0109816697154027
2024-04-10,EQT,0.02750140183777861,0.007612541170469336,0.01637835333710271,-0.0063443039135299625,15.645272209777156,0.0104318246481848
2024-04-11,EQT,-0.0005268307533290404,-0.006822387050692249,-0.01637836860326438,-0.0058509597792035534,15.608785711295962,0.010058063906907
2024-04-12,EQT,-0.005813965909123387,0.01125818124654152,0.005130395553780964,-0.006422294500584076,15.534753275554971,0.0093403361601094
2024-04-15,EQT,-0.01146232131718839,-0.02025064555274587,-0.019032783227592224,-0.019791982233414756,15.557904872747667,0.0095591025232308
2024-04-16,EQT,-0.02772673580514616,-0.03020725145003449,-0.033210791909678766,-0.008800949563698462,15.407782168939383,0.0082265860604845
2024-04-17,EQT,-0.009137496957024364,0.0068222287550840505,0.018833944545141347,-0.004429692510280264,15.473110056101367,0.0087819546854552
2024-04-18,EQT,0.006930060195259246,0.00027190390144841715,0.00583092066582351,0.004982053691653201,15.730725978429353,0.011362460439275
2024-04-19,EQT,-0.0055402059655973585,-0.0021774146520974025,-0.00583089950297807,0.011801979294429188,15.416412341090641,0.0082978901696579
2024-04-22,EQT,0.013519467712963435,0.038749131600950074,0.0149257851196988,0.035383046149118816,16.169881419060783,0.0176276813558755
2024-04-23,EQT,0.035270690186713624,0.009911233419991079,0.029731782697495646,0.00026319112963010864,15.848947558272386,0.0127883752422063
2024-04-24,EQT,0.02042496932474554,0.03368523681736389,0.008749935450915795,0.037467259125717925,16.27809499396222,0.0196422735108327
2024-04-25,EQT,0.021031870466751073,0.029424926598819637,0.03450856681348568,0.02455039005896388,16.054101088515054,0.0157004618417365
2024-04-26,EQT,0.0201010998247943,-0.007582372496339786,0.008633822221255366,0.004937021666409521,15.769941586708217,0.0118168985998524
2024-04-29,EQT,0.007928677688721622,0.012686203973928948,0.024230017369131898,0.010776462199608674,15.581610451410368,0.009788413860244
2024-04-30,EQT,0.021485266552555997,0.005319230455431702,-0.011417286617164664,-0.023663847310254192,15.847677168179573,0.0127721393300236
2024-05-01,EQT,-0.03941410584000343,-0.040852213458560174,-0.04492856952483179,-0.03632154190009918,15.936825661074028,0.0139630518576508
2024-05-02,EQT,-0.019279947005714337,-0.0035228220198382882,0.013228265618728214,0.02098889425663539,15.430194883871811,0.0084130479797785
2024-05-03,EQT,0.022541086596069525,0.018482029819384568,0.02166508135252627,0.01981252613433809,15.606102846301647,0.0100311156402945
2024-05-06,EQT,0.022289153374093977,0.02589296029440629,0.022439205811630645,0.01894036885465373,15.62067987854887,0.0101784105137045
2024-05-07,EQT,0.0036123435139926397,0.0014429947463518434,0.002130022142469829,-0.00914106360375319,15.600765753524387,0.0099777212486834
2024-05-08,EQT,-0.016549574131342535,-0.023478581963340375,-0.017690731381460063,-0.01492180316686496,15.304361733041,0.0074183054426473
2024-05-09,EQT,0.0007468016301026925,-0.0019817079819868743,-0.000502990120735807,0.0027523384019411084,15.196365401697417,0.0066588999418961
2024-05-10,EQT,-0.001245145670694944,-0.0027312291758161706,-0.02598862785200393,-0.02761416071639857,15.54626321776818,0.0094484639876353
2024-05-13,EQT,-0.024213052183444442,-0.009995065942613535,0.0010319748119303651,0.021850535766736758,15.62158392612981,0.0101876164432926
2024-05-14,EQT,0.020968274751768053,0.02284108259518691,0.026213474740715108,0.0228580141472822,15.331516745192975,0.0076225096989657
2024-05-15,EQT,0.022739555769645117,0.005385619928710201,0.008753413622955794,0.005389671481808293,15.13534481956351,0.0062647187749865
2024-05-16,EQT,0.001465121568738694,0.028164029228900704,0.008183486178598761,-0.010314595914504815,15.664768355477038,0.0106372005682689
2024-05-17,EQT,-0.00024395419352600653,-0.015307570451276212,0.0022203641148189845,0.016161031618131788,15.464073217408592,0.0087029510715353
2024-05-20,EQT,0.011165187000380373,0.022874500829349373,0.01976395639336254,0.01805324992553309,15.529993116174563,0.0092959803175484
2024-05-21,EQT,0.004575505805993474,-0.008754344827523719,-0.0050866080444849,-0.017567547266073052,15.217629300506122,0.006802010301857
2024-05-22,EQT,-0.0189188731441845,-0.017984013991094023,-0.023837085744792298,0.0004853731520838887,15.461859017170958,0.0086837023096693
2024-05-23,EQT,0.016754128517372513,0.018934086380687123,-0.012009042535193882,-0.03205391059654069,16.619822062167184,0.0276440675088291
2024-05-24,EQT,-0.03628733542683807,-0.03086062651636733,0.005522171362843071,0.005995601517727897,15.749926472102512,0.0115827332272381
2024-05-28,EQT,0.011666929421620922,0.0208390432765693,0.009714738207574278,0.026786114660107694,15.63920480715098,0.0103687221853717
2024-05-29,EQT,0.011044477715715345,-0.015223179523225954,0.003217499781921791,-0.013426324545619489,15.405561960513335,0.0082083415818462
2024-05-30,EQT,-0.006857784125996807,0.011860287701079233,0.00468382436080836,0.012455955574236004,15.439502248516229,0.0084917168326224
2024-05-31,EQT,0.015364393259319925,0.0033630324831248246,0.007595401563464491,-0.0026734036075447393,16.115642745042848,0.0166970455647853
2024-06-03,EQT,0.01393902886864469,0.009071267231610577,-0.011044628286951155,-0.002680852579319698,15.747263971638434,0.0115519352082524
2024-06-04,EQT,-0.02881199056748584,-0.029910482158529535,-0.010169862926926542,-0.008823469031522499,15.482802386764805,0.0088674861403558
2024-06-05,EQT,-0.0017210282220830066,0.00901884965394679,0.008193588746704105,0.007846940384283619,15.693004352987977,0.0109418331473668
2024-06-06,EQT,0.005643597798136883,-0.0021862133550955153,-0.0044608670644357825,-0.006862627633586212,15.090538386078808,0.0059902146927225
2024-06-07,EQT,-0.014044934960620786,-0.007322558805807899,-0.005479514748654807,-0.0029557543802899884,14.87295391693708,0.0048188856880373
2024-06-10,EQT,0.013310631014312667,0.018447260563959074,0.014135463418205037,0.014448728607168018,15.810034120875725,0.0123002935934978
2024-06-11,EQT,0.003910012396192342,-0.0038555719817703884,-0.00024638497874643903,0.0009719258193561154,16.005262954628446,0.0149521034564911
2024-06-12,EQT,0.015969366800612957,0.008653916485386442,-0.0017256171679630524,-0.009763261912446688,16.074572198283583,0.0160251800853903
2024-06-13,EQT,-0.028486331523474042,-0.023000547584988203,-0.016167409496113744,-0.01159504888925105,15.496226914639536,0.0089873306055394
2024-06-14,EQT,-0.0066906149136760525,-0.013562070743280601,-0.014650430525772062,-0.024109591292430305,15.590124037906344,0.0098721041292269
2024-06-17,EQT,-0.026964020776081395,-0.020060902067398044,-0.03337532811233268,-0.019767120024663295,15.794648360248138,0.0121124926299001
2024-06-18,EQT,-0.011302489119062438,-0.015314164551804293,0.0034143766810639646,-0.009639197368798065,15.715765772876091,0.0111937408570054
2024-06-20,EQT,-0.01562125056881133,-0.0061920540473407075,-0.010808102857218848,-0.011585279289861064,15.633311485778352,0.0103077956695521
2024-06-21,EQT,-0.009226421356936715,-0.020921232614365497,-0.02197299621776985,-0.021143478141112268,16.663537229153565,0.0288793358790172
2024-06-24,EQT,-0.013598405334882652,0.01884870380653705,0.008900931238548258,0.04107073951235481,15.849130780340268,0.0127907185697378
2024-06-25,EQT,0.024135927401989207,0.0010367612296116096,0.02099182200737219,0.0007785110508210859,15.578544882361863,0.0097584527439481
2024-06-26,EQT,0.01224137271661829,0.0018118322981714647,-0.019918321798544407,-0.020705772422063628,15.640479278172064,0.010381945247871
2024-06-27,EQT,-0.012503384946717048,-0.006485926932836838,-0.011058752142848632,-0.012793318099099137,15.421924101602135,0.0083437524370606
2024-06-28,EQT,-0.01718486382613197,-0.021042313276055997,-0.0019003579086589802,-0.008079742568116841,16.099626236538768,0.0164317474121094
2024-07-01,EQT,-0.01612932970234485,-0.014188388989368734,-0.015334286076940585,-0.007873001766871085,15.348693795726705,0.0077545729434207
2024-07-02,EQT,0.001895181686652064,0.00912510257166448,0.009611423828812308,0.007331989182680228,15.646779320497224,0.0104475584187536
2024-07-03,EQT,-0.0016243134344098408,0.005594748057121374,0.007080573651206054,0.0021621921175416516,14.787576903606444,0.0044245371405897
2024-07-05,EQT,-0.0035282414389989384,-0.016338851059402654,-0.02250360086569078,-0.01962980368256433,15.774097304085275,0.0118661084780143
2024-07-08,EQT,-0.0021774523428534365,-0.0032458912574811955,0.006639032830933989,0.0016506149141944685,15.088384509570625,0.0059773263912991
2024-07-09,EQT,-0.016206966359187874,-0.006796317360592329,-0.01668106058024886,0.004388330853358102,15.591411780588661,0.0098848250501123
2024-07-10,EQT,0.01211131249749663,0.00136293368746998,0.010041942209695514,0.0027329465100148775,15.14441439007228,0.0063217955384329
2024-07-11,EQT,0.00763166589904291,0.01487119860434437,0.01706163013425883,0.014899398910373618,15.055738432267706,0.0057853409142523
2024-07-12,EQT,0.01936059857913363,0.008285552197311474,0.00706906380170603,0.000537667603883607,15.12178748192466,0.0061803589838517
2024-07-15,EQT,-0.008021494855186181,-0.004802660586495098,-0.010622526435057119,-0.01026481936940343,15.673572772420988,0.0107312684306057
2024-07-16,EQT,-0.00592342082533985,-0.009674748664868293,-0.02075034015306883,-0.026132551173715258,15.974698725028073,0.0145020171899009
2024-07-17,EQT,-0.031827186356267675,-0.006774262136205047,-0.01181130305344415,-0.007834558126264499,16.209671685694726,0.0183432331556796
2024-07-18,EQT,0.0058374303159230085,-0.01479071235832755,-0.002549273672099242,-0.007047299680084919,16.0304878415928,0.0153340658441292
2024-07-19,EQT,-0.029248313723674518,-0.008869195007652795,-0.008830498833527807,0.014881857806349348,18.010305113942074,0.1110404162670958
2024-07-22,EQT,0.03505183529514163,0.020664620730157915,0.016177321540514104,-0.0058702378837504525,16.416294799573397,0.0225533558271351
2024-07-23,EQT,-0.012198742300171228,-0.022057690712985616,-0.014462264317244924,-0.017534376654051314,16.414623558393593,0.0225156952060928
2024-07-24,EQT,-0.006997874820025937,0.011365384499933535,0.0008566598386921161,0.0014255499525761793,16.548890631977994,0.0257511610049731
2024-07-25,EQT,-0.020431984571026178,-0.022579307637753003,-0.02572768073594687,-0.020726075215016296,16.222302591504153,0.0185763942450661
2024-07-26,EQT,-0.017059802426107315,-0.0248336311746162,-0.014155417844992557,-0.002038100063430927,15.855535497305794,0.012872902413879
2024-07-29,EQT,0.005815637362868965,-4.507682506715346e-08,0.0041494334702604505,-0.007019719257593607,15.815110548820511,0.012362893914697
2024-07-30,EQT,-0.017254372925266555,0.007486462928612985,-0.0017761967279309523,0.021487561850055823,15.934629559434303,0.013932421219203
2024-07-31,EQT,0.031932890151478426,0.013958179636809166,0.017330330653880455,-0.008655764741953327,15.947544668359098,0.0141135269612821
2024-08-01,EQT,-0.016419797304412134,-0.023759491730727493,-0.025960213745031657,-0.027020702335027347,15.91899828383246,0.0137163329446891
2024-08-02,EQT,-0.03577604832997194,-0.038085713932222286,-0.06322426255127546,-0.062021018310656574,16.021386603194276,0.0151951399976175
2024-08-05,EQT,-0.07401532348012536,-0.07302052668492139,-0.04526241250432729,-0.04403427307577251,15.958689636016516,0.0142717015696598
2024-08-06,EQT,-0.011738011801015885,0.009985629519314383,0.0063091210615093835,0.019666327603839583,15.795932686631934,0.0121280590199309
2024-08-07,EQT,0.028801493228879805,0.02009309731969748,0.003816444235375123,-0.014194007522892738,16.12041306368201,0.016776886081395
2024-08-08,EQT,-0.030571479636756455,-0.015593027331422635,0.0026480909880543936,0.02419204723816995,15.776675332747514,0.0118967391164621
2024-08-09,EQT,0.021239150367875822,0.007667766888514226,0.01117698372414592,0.004511817350888553,15.581165756180898,0.0097840619662569
2024-08-12,EQT,0.01699030926176679,0.028551050414651807,0.02486008909056069,0.036620226513203846,15.986596591744489,0.0146755908077715
2024-08-13,EQT,0.019515966595772694,-0.007139670724422639,-0.012191399683815433,-0.03501379263195645,16.173208735649048,0.0176864319247015
2024-08-14,EQT,-0.016659295132928735,-0.010648358877416405,0.0009679004184845793,0.010538156158388703,15.976324807091096,0.014525617845754
2024-08-15,EQT,-0.0192005914199276,0.003143629657724112,-0.004201092909869831,0.0094847233110591,15.805984401214042,0.0122505815737219
2024-08-16,EQT,0.01570800335194405,0.01618970018285566,0.017335979862031316,0.0115753580157709,15.442651051002036,0.008518497718697
2024-08-19,EQT,0.0313112224867799,0.045874098281611736,0.027622591472923338,0.04767869131034742,16.038814428281476,0.0154622793362111
2024-08-20,EQT,0.03215323721149207,-0.008293977892923948,0.012919327728324999,-0.014337163557756475,15.687682051275548,0.0108837521006927
2024-08-21,EQT,-0.0002984489634926683,-0.0008926351004079092,-0.0030609316504447482,-0.004220731255712887,15.736952501390947,0.0114334297873726
2024-08-22,EQT,-0.012318016748390188,-0.003280181549973315,0.002755243780750499,-0.006060537464970622,15.591259371276564,0.0098833186252707
2024-08-23,EQT,-0.0024213997773871463,0.005361916544864461,0.004270849183594382,0.022243077074438584,15.330440188987573,0.0076143080526053
2024-08-26,EQT,0.026317354680199932,0.014452461305418893,0.008487564907601008,-0.013467217769485952,15.676889524530509,0.0107669204851925
2024-08-27,EQT,-0.02631735315448406,-0.030323395457226246,-0.0182765589028111,-0.01334563558465897,15.212374117805044,0.0067663582472702
2024-08-28,EQT,-0.011888469615356029,-0.014900653822318661,-0.014865460064589074,-0.004590637181504103,15.055246470194424,0.0057824954451068
2024-08-29,EQT,0.0030616299729129847,0.030771497762805397,0.016708162899267243,0.027531435023890057,15.442552800856696,0.0085176608160071
2024-08-30,EQT,0.018176879872103827,0.00029699456115447285,0.017037265129883596,0.0,15.343565081079362,0.0077149037559228
2024-09-03,EQT,-0.00813864961156398,-0.013756103510598599,-0.029697544154592984,-0.01776346401398998,15.66816143694711,0.0106733547644696
2024-09-04,EQT,-0.0015145070598825095,0.01612934268172853,0.010817485096189119,-0.007929304133191342,15.499517950326712,0.0090169569607593
2024-09-05,EQT,0.0006060813827156972,-0.01944705855120951,-0.009885645557020116,0.004887115976541091,15.455574857907724,0.0086293036348304
2024-09-06,EQT,-0.00607717949749386,0.003016589310098696,-0.0018645100830317859,-0.014115038620379721,15.780088376769553,0.0119374125871878
2024-09-09,EQT,-0.017215270521769438,-0.016704921380358728,-0.008433595482290257,-0.014003600477929933,15.586489091508515,0.0098362846941022
2024-09-10,EQT,-0.002794627291169017,-0.008303944835996346,-0.013261982683940023,0.006559396700824985,15.521131178530034,0.0092139638539451
2024-09-11,EQT,0.001243119080929902,0.023501863827942806,0.013575675756784164,0.023385829251486526,15.87245096214213,0.0130925056796903
2024-09-12,EQT,0.015102643350351289,-0.0021138962857114923,-0.006922658055229877,-0.0006085306219300642,15.937939867183943,0.0139786182476816
2024-09-13,EQT,0.027456823338523336,0.02448611439880612,0.035972904836780645,0.009992433680841248,15.774534487160956,0.0118712972746913
2024-09-16,EQT,-0.010471357972073063,-0.00295438299862269,0.007888235739653181,0.010788152804245544,15.518821436086913,0.0091927065256235
2024-09-17,EQT,0.013146355904782598,0.0032492780717135543,0.003619987626769849,-0.008380630537125539,15.647660088442839,0.0104567643483417
2024-09-18,EQT,-0.01074311921964343,-0.004433381448155024,-0.009682415997762888,0.0077843704618674224,15.318676650740276,0.0075252616064075
2024-09-19,EQT,0.027228654242534466,0.03549987328496044,0.027883729594380267,0.035163366294582825,15.82616469811819,0.012500313336367
2024-09-20,EQT,0.009299628653127463,0.00484815341874425,0.005602163475635186,0.0028752316293530525,16.176006098616604,0.0177359765639394
2024-09-23,EQT,0.01236182290767537,0.03384463095248778,0.02754998145656488,0.03192805371874446,15.967842482622606,0.0144029279114251
2024-09-24,EQT,0.030390674921552042,0.000549906820999434,0.018983475462929108,-0.008938608199980687,15.604750355484017,0.0100175578167193
2024-09-25,EQT,-0.011709043136481573,-0.015512719685307033,-0.020987677238868914,-0.013559422348218773,15.533731303242512,0.0093307954694453
2024-09-26,EQT,-0.018681618432240758,-0.003635960854732783,0.003147752018702134,0.009905159444768875,15.792614925745912,0.0120878876908191
2024-09-27,EQT,0.03232890629198139,0.03901596946281381,0.02705909962137249,0.028319484670150337,15.678303193639017,0.0107821521141474
2024-09-30,EQT,0.007715658156210877,0.0008080775442727647,0.00913509188236892,0.003006745330245057,15.974791055792483,0.0145033562342046
2024-10-01,EQT,-0.004953275756442442,-0.011100729781722383,-0.011083595959333099,-0.010701179506787081,15.70423051116199,0.0110653599843856
2024-10-02,EQT,0.020208389865901965,0.008674603727291706,0.013285661423518256,0.014243046407868783,16.02872888403261,0.0153071175775167
2024-10-03,EQT,0.003508199577527601,0.01951147026737326,0.0073962651717720315,0.024181636988396163,16.325898208669873,0.0206040420819846
2024-10-04,EQT,0.021850055600078862,0.010008019251861634,0.008154420879915532,-0.019569029068400672,16.13215643321042,0.0169750646383466
2024-10-07,EQT,-0.02833649100298581,-0.021187203226586578,-0.010613762615713385,0.009698378257984872,15.755359661652271,0.0116458356900513
2024-10-08,EQT,0.0027077540348534545,-0.003217164112338992,-0.006863476963882286,-0.006185329160547845,16.200394365779122,0.0181738440512581
2024-10-09,EQT,-0.006239002389789314,-0.004575503018593476,0.0035748846759904897,-0.014126858076629438,15.492121206443342,0.0089505068871869
2024-10-10,EQT,-0.0065520478345880775,-0.009214133432073106,-0.0066097916390568225,0.0019133728864051658,15.194352468429084,0.0066455094988589
2024-10-11,EQT,-0.004116919398305076,0.022345787734834595,0.0046864306674911415,0.021343478403247136,15.434304763459886,0.0084476957511374
2024-10-14,EQT,0.020956013535717386,-0.009630906438982158,0.003569013026171888,-0.021889842889168714,15.316026286189327,0.0075053433223895
2024-10-15,EQT,-0.028132483086547963,-0.0053908783453751165,-0.01379713691975251,-0.008781616317801201,15.486758459977004,0.0089026360533286
2024-10-16,EQT,0.010745485226925451,-0.003790931992608016,0.011052837974887073,0.010965075959299573,15.275102080476806,0.0072043931151269
2024-10-17,EQT,0.012797988341300266,0.005950884063455897,0.0032922176281153324,0.010306664989809354,15.34041424092568,0.0076906335779178
2024-10-18,EQT,0.002702046913344273,1.1002969808023862e-08,-0.013789507642125576,-0.015499950463776918,15.494567998828176,0.0089724337376604
2024-10-21,EQT,-0.009761565009735098,-0.00812368703769593,0.0024961090753632758,-0.0035690932964291093,15.318654408010255,0.0075250942258695
2024-10-22,EQT,-0.0035485900704533215,-0.005726000208244178,-0.0038856769646063885,-0.010784032489093499,15.355362780372088,0.0078064609101901
2024-10-23,EQT,-0.014321322027441687,-0.007410444341841128,-0.00725641476608624,0.006097567206002297,15.810850258574067,0.0123103364257758
2024-10-24,EQT,0.010211177127106338,0.024222146428747558,0.00947874365809072,0.021053418045080156,15.332657946839628,0.0076312134869399
2024-10-25,EQT,0.019576529980652707,0.01547529234679186,0.016511079517920215,0.013971237667238647,15.707673426626263,0.0111035227470418
2024-10-28,EQT,-0.006482925665263149,-0.0074408518979834255,-0.000819057916723129,-0.00454599968874752,15.430334141600493,0.0084142196435442
2024-10-29,EQT,0.011585749578765863,0.0031957131918099214,0.010055769776434569,0.0,15.797063736679952,0.0121417842240441
2024-10-30,EQT,-0.0013404022335626986,0.03192318485877074,0.0032396975744891283,0.03321332293743564,16.117025178206752,0.0167201440790246
2024-10-31,EQT,0.032720558964852216,-0.003353653924968933,-0.016304750671788618,-0.05406727107819272,15.695860864510855,0.0109731333079664
2024-11-01,EQT,-0.04377944445028708,-0.04627398062069344,-0.029189015001603088,-0.02550035704307664,15.79984453681158,0.0121755950927132
2024-11-04,EQT,-0.03224728012565156,0.00889148202529897,0.004222513490705976,0.03259076956190005,15.730770170481538,0.0113629625808889
2024-11-05,EQT,0.03143337069706908,0.019129067977679347,0.03233657809084422,0.019909096428077762,15.670667428750535,0.0107001356505441
2024-11-06,EQT,0.05502230802428653,0.07555880317700711,0.05614995377957744,0.07292642242895592,16.347777858590728,0.0210598192868657
2024-11-07,EQT,0.03672696364968219,-0.0014713341540725769,0.01867300491337743,0.011866639350592926,15.646442822530904,0.0104440434274563
2024-11-08,EQT,0.009159668336594361,0.0201634737372677,0.026508200242008402,0.012941263770505985,15.743213238209922,0.0115052360381599
2024-11-11,EQT,0.045758036031299305,0.05793309546943963,0.034205927176542666,0.0648114190348722,16.074049819622616,0.016016811058492
2024-11-12,EQT,0.029000985369309416,0.004980704299898982,0.03629947983411146,-0.004557913935976025,15.946476736020038,0.0140984627128651
2024-11-13,EQT,0.0006857348311818499,-0.00770807453940986,-0.005766393603833513,-0.010793507246591562,15.858547547384733,0.0129117346986871
2024-11-14,EQT,-0.008721575587117641,-0.007538525702937208,-0.01985809589768046,-0.010444568499527523,15.792088602727393,0.0120815272303764
2024-11-15,EQT,-0.011593013515041117,-0.0039058770041540134,0.0016503275206128764,-0.0035059660345105863,15.365601993906086,0.0078868035684138
2024-11-18,EQT,0.002562034051811992,0.026801527226563798,0.004465840985892226,0.03610002302752222,15.799927016695815,0.012176599375941
2024-11-19,EQT,0.012023185281266582,-0.006520478327661617,0.01582164622121096,-0.00452687721196853,15.551598918530198,0.009499012910101
2024-11-20,EQT,0.03300486989307778,0.05550275616424049,0.026200417006178974,0.054305971283614134,16.748755591730486,0.0314482923757174
2024-11-21,EQT,0.057677129879319694,0.024453180352641886,0.05128207880830817,0.0074922686702577936,16.24626905265139,0.0190269826532702
2024-11-22,EQT,-0.02551159961013091,-0.02083192551793233,-0.023779807528091727,-0.02090370314157217,16.119624581548038,0.0167636630188957
2024-11-25,EQT,0.024251355073806522,0.01874718456910342,0.004148016969117929,0.0015232448854329615,16.848461590174143,0.034745521593107
2024-11-26,EQT,-0.0346410549893065,-0.036769565576626854,-0.023587495989550653,-0.009393794017976853,15.851979486909771,0.0128272075270144
2024-11-27,EQT,-0.01711692010895537,-0.006952014230801125,-0.0006694814637249475,-0.0061647666285302,15.3635412549354,0.0078705676562311
2024-11-29,EQT,0.011443799468188715,0.0013072223267274483,0.01242255315221284,0.0035273399229211956,14.719364674740536,0.0041327928629152
2024-12-02,EQT,-0.015435861781987546,-0.013149436593060726,-0.03203324489829669,-0.02022968922789267,15.686989759638058,0.0108762199764842
2024-12-03,EQT,-0.009377115600804857,-0.005086887532905778,0.009515214553984725,0.006268272662803904,15.398255563552704,0.0081485867297924
2024-12-04,EQT,0.002688147353579523,-0.006450855533131196,-0.011566030532639661,-0.002681629531698508,15.833555437693871,0.0125930421544001
2024-12-05,EQT,0.014436620093153527,0.016159717160623952,0.01179152598714708,-0.005384757225933734,15.879102277211064,0.0131798783205085
2024-12-06,EQT,-0.025911675354316984,-0.02287725592709852,-0.02626626799081507,-0.02551972161930988,15.783755280295178,0.0119812662881349
2024-12-09,EQT,-0.004536071565036763,-0.006988995988779501,-0.0032451937911649733,-0.00138567020976753,15.568927768085286,0.0096650544037632
2024-12-10,EQT,-0.01742764502668625,-0.008634438742635813,-0.00792541263836992,-0.005097311265390246,15.623110731458825,0.0102031828333234
2024-12-11,EQT,0.007374933633308252,0.04637475905104195,0.015327682744629461,0.057106786782306726,16.078845441370024,0.0160938061059563
2024-12-12,EQT,0.04380264496619248,0.008892804626018018,0.042636425981415524,0.006124231538009068,15.363264750435441,0.0078683917092375
2024-12-13,EQT,0.007008318704179749,-0.004111303609537552,-0.0035398491228463675,-0.00590491887041334,15.957293012496006,0.0142517832856419
2024-12-16,EQT,-0.005032265539103821,-0.0065259946227286605,-0.01069527186311308,-0.017033928754830542,15.488205107773915,0.008915524354752
2024-12-17,EQT,-0.027350189354447836,-0.027211016326982376,-0.01762751551801603,-0.013929623242492155,15.76979993162988,0.0118152247944727
2024-12-18,EQT,-0.004745200048042438,-0.004946066161538631,-0.03692511691546683,-0.03827996046910655,15.823590487404612,0.0124681762730776
2024-12-19,EQT,-0.01276516741960888,-0.014529161920251958,0.0075418865503998995,0.002582502861571288,15.75012876374967,0.0115850765547696
2024-12-20,EQT,-0.023208320868960828,-0.0020602466140349565,-0.0039996201821672255,0.007940221200958194,16.373419884768506,0.0216068188849381
2024-12-23,EQT,0.009580665356050674,0.008215524119775986,0.010085740642694921,0.02003522453459254,15.387018332094996,0.0080575317171389
2024-12-24,EQT,0.025032813369537568,0.017125138258630115,0.01803932841514265,0.016282538357957836,14.515435219426085,0.0033703745124807
2024-12-26,EQT,0.0015864748001875744,-0.002684462426796814,0.0018319554303679758,-0.009013085014288873,14.813307910084278,0.0045398623312482
2024-12-27,EQT,0.0002263447610675496,0.0075875910746597145,0.005703179900158942,0.0031637897746120006,15.32143092209911,0.0075460167931152
2024-12-30,EQT,0.04817545123173428,0.038810140648779565,0.02471483306638037,0.04994986984492105,16.090087149379457,0.0162757487507252
2024-12-31,EQT,-0.0025923392982365257,-0.0034276006265234215,0.018687981151031104,-0.010356077953782069,15.405317232414207,0.0082063330153906
2025-01-02,EQT,0.01651869466337444,0.021022171003478522,0.00021777825050130838,0.026536949002657705,16.134874200533286,0.0170212616668252
2025-01-03,EQT,0.016878036763998593,0.015429880341897793,0.010183208407985709,-0.006993719621398741,15.923454640354306,0.0137775942215846
2025-01-06,EQT,0.004175357209444458,-0.0008280350612145744,0.02111628550542702,0.013099648665807694,15.731447537511212,0.0113706620856354
2025-01-07,EQT,-0.007318320281532486,0.00475160316949749,-0.0016899134026333003,0.010648466762398261,15.394881144880783,0.008121136321566
2025-01-08,EQT,0.012720357119230854,0.013917539319643719,0.018641216611591745,0.01749912200124728,15.880751877030667,0.013201637790444
2025-01-10,EQT,0.026984538121143948,0.016729162095528657,0.013807576166626062,0.0,16.16950153400753,0.0176209861343569
2025-01-13,EQT,-0.00972854286766704,0.0017973245632017566,-0.0014336687818600757,0.021801482190992216,16.044449218432643,0.0155496519770292
2025-01-14,EQT,0.01916347692940475,0.02151468901507939,0.023296854895642646,0.01210685217310188,15.816544647960404,0.0123806362517214
2025-01-15,EQT,0.038221199164616776,0.034357077056438104,0.033086887346645645,0.03394097841621301,16.164568942774398,0.0175342830156906
2025-01-16,EQT,0.0036472163386874934,0.01832174113558199,0.009255801451328536,0.02523205101307656,15.837826170570644,0.0126469386876251
2025-01-17,EQT,0.011620249248987906,-0.0035260534756545512,0.005168920752429835,-0.015364781472619653,15.857094586910783,0.012892988078435
2025-01-21,EQT,-0.0043655422757592766,-0.006153874759622655,-0.002676829251394654,0.008835522300389233,16.111020782996356,0.016620050517321
2025-01-22,EQT,0.028688530344732923,0.02566844704011559,0.02159171837193445,-0.0005616354174054585,15.867375460368933,0.0130262229866558
2025-01-23,EQT,-0.007979967207799163,-0.019886421199137336,-0.009034458426555496,0.0033651621180478615,15.729296048639956,0.0113462245270924
2025-01-24,EQT,-0.002798762023673954,0.00222918695961973,0.006407830722109578,0.0018645657328819978,15.611477994599332,0.0100851795540575
2025-01-27,EQT,-0.0431447022790356,-0.049254149412589245,-0.11199944634328622,-0.10230176795024505,16.88736097121647,0.036123732942718
2025-01-28,EQT,-0.043459085923783856,-0.02566778675876829,0.013565873991391949,0.029282281957957863,16.109781282189143,0.0165994627111512
2025-01-29,EQT,0.018571359575656157,0.021761473218641143,0.032428673124098216,0.01432571197788589,15.642653419288866,0.0104045416204964
2025-01-30,EQT,0.018429175955901107,0.018804528460388565,0.020852725480825157,0.020143525587466574,15.50837026253007,0.009097132238445
2025-01-31,EQT,0.021176132621037014,1.0689345129645172e-08,-0.00039315734075825786,-0.010314425243965945,15.566205121227034,0.0096387756593025
2025-02-03,EQT,-0.004045082865650615,0.01638130894324126,0.0019641999253351295,0.020523475003724954,15.784467506071241,0.0119898026955711
2025-02-04,EQT,-0.007556059819857145,-0.011209410333059186,0.006064782710963656,-0.0005750935657332371,15.450109461087475,0.0085822697036619
2025-02-05,EQT,0.013713464913288762,0.014416011366410209,0.012598254276675257,0.015223887621675578,15.2222938304414,0.0068338126040705
2025-02-06,EQT,0.01881284280894628,0.008625623969090893,-0.015332630129065607,-0.029126443717631473,15.859312098084535,0.0129216101504271
2025-02-07,EQT,-0.03681394310319857,-0.029943531045631976,-0.007656847720437748,-0.0062414859877592,16.182899855548918,0.0178586664982684
2025-02-10,EQT,0.007394542798537936,0.03218153173435737,0.01506139753398912,0.045701522972499777,15.43967963207375,0.0084932232574641
2025-02-11,EQT,0.03804183029296625,0.01571045615834865,0.0317183300410712,0.004847979046250038,16.042563696191657,0.0155203603828852
2025-02-12,EQT,0.0005597649804987124,-0.007731929570894705,-0.02939133945236602,-0.02619574305087003,15.873524279937879,0.0131065656448794
2025-02-13,EQT,-0.019019567590671055,-0.016396913450289822,0.005601088448797719,0.0095021330480947,15.628689157700414,0.0102602595967698
2025-02-14,EQT,0.006443088354317109,0.011023009273959217,0.016238827193723774,0.010536349867125223,15.529849060306566,0.0092946412732447
2025-02-18,EQT,0.015724480932469035,0.016434097567749814,0.0016341528352573484,0.009490775364441187,16.13858441535761,0.0170845315101763
2025-02-19,EQT,0.024865491191560802,0.03795079341630421,0.025109060009312647,0.008517046434692577,16.31450098085033,0.0203705462315222
2025-02-20,EQT,-0.02710595017732285,-0.04789930818149042,-0.04368665486732973,-0.0314632742729058,16.235807661870282,0.0188289714768566
2025-02-21,EQT,-0.018868484304382805,-0.02759438184510256,-0.03822369612446222,-0.04514384473550263,16.440483524090833,0.0231055442218845
2025-02-24,EQT,-0.04739114935070736,-0.03663554086210045,-0.015993880931240087,-0.003189792214479489,16.317684024557778,0.020435489880253
2025-02-25,EQT,-0.0013990148187246264,-0.011517240573762086,-0.021036050239796628,-0.02507211098769186,15.913565417050394,0.0136420159858322
2025-02-26,EQT,-0.009242562886364634,-0.004202929910152044,0.013661977238735187,-0.001024259774347065,15.813403185293927,0.0123418039669133
2025-02-27,EQT,-0.009736375719367309,-0.010281355376760675,-0.04736231950287705,-0.04528125886598658,16.350809342050347,0.0211237586523686
2025-02-28,EQT,-0.05725432787184867,-0.02233470954274125,-0.004104091005154178,0.03249224890337255,16.063565650400005,0.015849765281602
2025-03-03,EQT,0.052964608302219426,0.023752138092362637,0.038845975659768446,0.011147946393198034,16.10139710301915,0.0164608716257154
2025-03-04,EQT,-0.004102507256353822,0.03557964408697776,-0.011517230161024492,0.026138676405164957,16.249299424277574,0.0190847289388684
2025-03-05,EQT,0.02316233904543581,-0.01713481485824127,0.02660171008976541,0.002596647154172543,16.060922048767736,0.0158079201471106
2025-03-06,EQT,-0.013955175318355897,-0.018242459245549843,-0.058921233817564395,-0.08250603368810458,16.30318013734461,0.020141234894509
