Date,Stock,Open,High,Low,Close,Volume,Turnover
2020-03-13,EVRG,0.010424777269817642,0.014497899107309803,-0.010258339383783857,0.05442456939089181,14.629237304685981,0.0098094458942562
2020-03-16,EVRG,-0.11863329971168998,-0.04361516795999699,-0.10636337063301073,-0.17507079384491717,15.195686489610315,0.0172842410571312
2020-03-17,EVRG,-0.0336771356875407,0.01095387026996025,-0.016102717872883685,0.14883718107137475,15.107879055671615,0.015831279652238
2020-03-18,EVRG,0.06273032449043237,0.028300555178618278,0.1044444016736401,0.002602546578381802,15.27368385521049,0.0186863357701116
2020-03-19,EVRG,0.04738994267468892,-0.042757247757546635,-0.031228981521115678,-0.04628102057064786,14.600279761796532,0.0095294617097107
2020-03-20,EVRG,-0.02878393872035398,-0.022891444220727888,-0.09957443363505256,-0.15517943200320353,14.890240247559134,0.0127349328163167
2020-03-23,EVRG,-0.15762441164853247,-0.15606706513984575,-0.10797542740409968,-0.049086877350119275,14.886443620214319,0.0126866746727071
2020-03-24,EVRG,0.0034128590871764747,0.07554562336318443,0.09809776675442147,0.12123991232978859,14.531837500015156,0.0088990625364327
2020-03-25,EVRG,0.06791332088188666,0.05764463942929712,0.06455198938180877,0.02319568600551969,14.483904386589252,0.0084825643240187
2020-03-26,EVRG,0.03633943919563554,0.09087616380882506,0.048954119559045224,0.11387921718161259,14.615178031380395,0.0096724971083372
2020-03-27,EVRG,0.06947863461916717,0.004183578370864858,0.07118642729579917,-0.011065287201309152,14.435926280079114,0.0080851954658282
2020-03-30,EVRG,0.050263760647034555,-0.0046868769437585,0.02899792897770941,0.02726755576679436,14.422828026729556,0.0079799840175984
2020-03-31,EVRG,-0.008375683829662944,-0.014875396901255928,-0.0469187139981218,-0.07115852937905522,14.605558017087539,0.0095798936435729
2020-04-01,EVRG,-0.1010596042912667,-0.08102243620953029,-0.07606281418619074,-0.06181744990465426,14.207283014798548,0.0064326801157388
2020-04-02,EVRG,-0.03281517105383465,0.001291851777090412,-0.0019728346493032593,0.03288329834715653,14.706812043256544,0.0106007055462327
2020-04-03,EVRG,0.03830737610703904,0.020807738699388623,0.0007898786406424313,-0.03191732618808853,15.021511604016636,0.0145213536459714
2020-04-06,EVRG,0.014437130839766305,0.05243046763790165,0.05639057433054646,0.11098160859775058,14.250081938753459,0.006713968574436
2020-04-07,EVRG,0.0986553982839695,0.025386488662739216,0.060602841533357654,-0.013917976028209794,14.551861374683154,0.0090790523693548
2020-04-08,EVRG,-0.03414028118495022,0.025735305358361747,-0.02200645998196459,0.06412211138019688,14.3447266359086,0.0073804526659085
2020-04-09,EVRG,0.06845765598231497,0.0523513937166158,0.09330184972555337,0.036144690249769976,14.983431534910629,0.0139787755989018
2020-04-13,EVRG,0.011665615227389304,-0.041337372105586655,-0.02298202864232001,-0.037953786281188465,14.367037144926524,0.007546964999264
2020-04-14,EVRG,0.0016095912456430325,0.010575411222364158,0.01609329897497944,0.029039371525244707,14.285952216261276,0.0069591721149386
2020-04-15,EVRG,-0.00856014007878055,-0.014934028527402077,-0.01308717746864438,-0.039962910684860846,14.130468002371133,0.0059570548084518
2020-04-16,EVRG,-0.020815292516030245,-0.020100330188217053,-0.017663877141765174,-0.0021657630433133557,14.295155683249902,0.007023516306418
2020-04-17,EVRG,0.012835448093753608,0.015072350484348313,0.01883047299278524,0.016868287584262627,14.112425624837034,0.0058505390860704
2020-04-20,EVRG,0.00895255533844228,0.005513188341552647,-0.016795869807372365,-0.03097671907288466,14.110193814828527,0.0058374963445543
2020-04-21,EVRG,-0.060108209271678315,-0.051429460766707895,-0.03955954780266807,-0.014996834229849794,14.332577265586908,0.0072913272655485
2020-04-22,EVRG,0.018921647376841766,0.02770264454876515,0.030371178557070666,0.02224393096207695,13.98390305424719,0.0051449267700495
2020-04-23,EVRG,0.009244497972480913,-0.0009940246456273557,-0.015504242262887425,-0.03000054605353119,14.349955633323454,0.0074191461324062
2020-04-24,EVRG,-0.031095918590158107,-0.02943616688089282,-0.020698884825537958,0.012381868206811529,14.19168484791995,0.0063331205221659
2020-04-27,EVRG,0.016603005081069492,0.023451205655639528,0.038422976851083625,0.012736983485251464,13.668981923077132,0.0037550052824842
2020-04-28,EVRG,0.0338787631766831,0.02973507529357827,0.015401706867950808,0.013908792161176726,14.32311158831263,0.0072226354935637
2020-04-29,EVRG,0.004584252499424,0.0003237344517572844,-0.0030277117580052824,-0.008355613500668485,14.595569568892582,0.0094846816305054
2020-04-30,EVRG,-0.036936590380163656,-0.042137652932109575,-0.0393421107691088,-0.01965839635924499,14.654963873060495,0.0100650836279717
2020-05-01,EVRG,-0.022626872522239588,-0.02184005049015766,-0.024118858486360584,-0.04390732349195936,14.00522224038802,0.0052557900729364
2020-05-04,EVRG,-0.031525213428420434,-0.02162267066173222,-0.010465773144748107,0.012616656283733058,14.610176333446859,0.0096242389647276
2020-05-05,EVRG,0.01385969388382914,0.0260977330925654,0.027551104268774704,0.011587423788206156,14.82032522233901,0.0118749813923554
2020-05-06,EVRG,0.015235361287260952,-0.01192037882976654,-0.03666181078785341,-0.042066526367403004,14.873960703806553,0.0125292922584129
2020-05-07,EVRG,-0.05906149866102368,0.0038162922868947165,-0.011598954598958704,0.01696809223913993,15.0268266343506,0.0145987405789669
2020-05-08,EVRG,0.04805221304734022,-0.004337831294385265,0.03386434257005277,0.028757221140960108,15.181041084976695,0.0170329509039211
2020-05-11,EVRG,0.001930844489111715,-0.00855690211708118,-0.009714247253199153,-0.03072838854238566,14.647245513573774,0.0099876966949762
2020-05-12,EVRG,-0.01947993811930287,0.02920805118135856,-0.00871455559149377,0.006079137190719116,15.22893382978139,0.0178685558770523
2020-05-13,EVRG,-0.0014314555490793745,-0.035541414327122635,0.0072676498951307926,0.007458929031673017,14.75246668210076,0.0110958949657939
2020-05-14,EVRG,-0.0003582135011622399,0.002995920864074218,-0.008727364112651187,0.0028268793357064813,14.67688079352141,0.010288114507897
2020-05-15,EVRG,0.003040756804064329,0.00035165193354040906,-1.5389367609807485e-07,-0.002473205642339564,15.623455171567459,0.0265111111636685
2020-05-18,EVRG,0.03750886177374917,0.042530413793727455,0.057827911838767024,0.04123228708413225,14.249628556481618,0.0067109252680822
2020-05-19,EVRG,0.008263718941043958,-0.0018989298553458399,-0.002658444148743272,-0.01162251477478143,14.71217025581928,0.010657658850853
2020-05-20,EVRG,0.007372615153344578,0.01655731601838007,0.01779451080713022,0.02345001669844112,15.029146820316134,0.0146326517069087
2020-05-21,EVRG,0.012561774926124971,-0.0031885901614207837,-0.0018852367648262303,-0.007812412612255715,15.270654680331335,0.0186298172235418
2020-05-22,EVRG,-0.001519540770716635,0.008702761741280271,0.009051194297394823,0.02275679522965162,14.78564570734242,0.0114702216473059
2020-05-26,EVRG,0.030776730617031393,0.022898587116159306,0.009812238262497658,-0.001835111993688645,15.870057407261992,0.0339254749575189
2020-05-27,EVRG,-0.0026245909761042933,-0.0008146338184491197,0.008716136494721922,0.01721621308474818,14.445718471231567,0.0081647561890764
2020-05-28,EVRG,0.01548397804443404,0.021447272029038508,0.02439954731154981,0.022396275284401412,15.617665968317448,0.0263580763298796
2020-05-29,EVRG,0.00032320643964783326,-0.0031960786951373424,-0.004734485653361797,-0.010000282178795153,14.898434085771958,0.012839709506496
2020-06-01,EVRG,-0.002428066701396173,0.009240241879391261,0.004408601888509362,0.020377832797163094,14.493087651379357,0.0085608207731152
2020-06-02,EVRG,0.02307069414129605,0.005850428517321457,0.020000796202631906,0.0012700344595862037,14.755322875581008,0.0111276323034831
2020-06-03,EVRG,0.0007914039679435158,0.009258380027500913,0.006843189847730417,0.005851953611501769,14.740840710889703,0.0109676413408856
2020-06-04,EVRG,0.010703827365807536,-0.001875981275140058,-0.02164399146551654,-0.015895943236329816,14.38173361261615,0.0076586978182519
2020-06-05,EVRG,-0.012921778307432375,0.006551157095818153,0.015120020894513241,0.010361081625833024,14.674003094911612,0.0102585509604605
2020-06-08,EVRG,-0.0006344695465788574,0.01665182511651329,-0.001277760302169273,0.03183801332902029,14.514093438303806,0.0087425496382395
2020-06-09,EVRG,0.015433396097491973,-0.017584928831530365,-0.0006396392816435587,-0.023782903595988482,15.04345405582313,0.014843509361419
2020-06-10,EVRG,-0.00721463047493656,-0.0006226784190214364,0.005423529046693156,-0.002204714847938305,14.218306105965533,0.0065039804360268
2020-06-11,EVRG,-0.024377959409188424,-0.028909839720093276,-0.04108064666623095,-0.039883200402714265,14.370831995504743,0.0075756590305994
2020-06-12,EVRG,-0.003878430024275862,-0.003210726824695618,-0.008322208315546588,-0.014376754030381049,14.744954801856467,0.0110128561781414
2020-06-15,EVRG,-0.049794569354209665,-0.03285413031649219,-0.03642342709792288,-0.012224956142810129,14.612116897748976,0.0096429335609007
2020-06-16,EVRG,0.03215261063067188,0.013861384379404072,0.02617529268429797,0.010392136051775858,15.040138861082196,0.0147943817017083
2020-06-17,EVRG,-0.007609370115193262,-0.011869349639553129,-0.004399864863236027,-0.001501634076535401,14.194769258272043,0.0063526846344401
2020-06-18,EVRG,-0.01085247101677963,0.006941047900352296,-0.0005089425347883776,0.011292040206621399,14.682779518850209,0.0103489806349721
2020-06-19,EVRG,0.03188508257288262,0.01779202697597194,0.006764801382349194,-0.02018254218186201,15.490867475729017,0.0232191232050057
2020-06-22,EVRG,-0.0355851794075457,-0.021256672934474016,-0.012551174912638569,0.009558113363890945,14.542189705245129,0.008991666001197
2020-06-23,EVRG,0.018530112138295557,0.00033071011663987133,0.0022166022092871096,-0.004683595712516138,14.541609322456726,0.0089864489045905
2020-06-24,EVRG,-0.022920310262710634,-0.015987047213039493,-0.012682333490464288,-0.010111327857464861,14.989230628333736,0.0140600753543521
2020-06-25,EVRG,0.0001690398494110806,-0.0018484351491997344,-0.0006902977632239854,-0.0010169509774909421,14.937579248274298,0.0133522892480786
2020-06-26,EVRG,-0.004068986865438166,0.0013447273448669885,-0.0058852688752153584,-0.014860460482250181,15.236882687079472,0.0180111565176283
2020-06-29,EVRG,-0.0008499080826711862,-0.003196362349448282,0.008815148648525327,0.018245788807425906,14.061355276843218,0.0055592511922109
2020-06-30,EVRG,0.007960037394723818,0.006884426214162083,0.009249833348010664,0.001857029854220522,14.561819760751748,0.0091699168019169
2020-07-01,EVRG,-0.0005060540250728506,0.025606597791324365,0.009334080016635894,0.02859721084699181,14.226030203680814,0.006554412369889
2020-07-02,EVRG,0.04051816383436267,0.011675135705010059,0.03371570380923251,0.007348784726558725,14.057594404088542,0.0055383828057851
2020-07-06,EVRG,0.006945037990571246,0.00850799888285023,-0.004091323960404315,0.0,14.219708864017433,0.0065131103550881
2020-07-07,EVRG,-0.021639270825262617,-0.02279629708422609,-0.011711524944973304,-0.010139137888732143,14.2356021752546,0.0066174522872168
2020-07-08,EVRG,-0.0019755554712141414,0.006520014591755792,0.0023202379775743875,0.008836658137125124,13.972686086890684,0.0050875387073787
2020-07-09,EVRG,0.007061222706913269,-0.006029643202167989,-0.014506427338538866,-0.008343788312988282,14.349076255209846,0.0074126247616482
2020-07-10,EVRG,-0.005743764781705971,0.015086786697071735,0.019130660265329308,0.018071434025418658,14.089195881343862,0.0057161988484546
2020-07-13,EVRG,0.020847514250877015,0.009454254697337013,0.005422580859110369,-0.00615008791669697,14.458259306785525,0.0082677938470536
2020-07-14,EVRG,-0.0076044981173004605,0.0007972391864590057,0.006371120047715671,0.012422648625388387,14.808836772648151,0.011739336880588
2020-07-15,EVRG,0.02295988716436486,0.0077783556099832,-0.005224601957751797,-0.01844722065945252,14.80300542135354,0.0116710798666537
2020-07-16,EVRG,-0.03176900350653755,-0.02125512748574211,-0.0014741286558384696,0.0029356241731200864,14.44203758562716,0.0081347578835894
2020-07-17,EVRG,0.01447764416668613,0.02330880242496388,0.01416149911694792,0.029048011250941513,13.995413358591213,0.005204488622973
2020-07-20,EVRG,0.01522580295800741,-0.0060146189373298355,0.00901045894538595,-0.008897525744930962,14.376326197218695,0.0076173958034509
2020-07-21,EVRG,0.0011126626680238948,0.012620320582190224,-0.00032053920439974523,0.005252605448039154,14.45515199848274,0.0082421431220719
2020-07-22,EVRG,0.00015893014454841105,0.00827419487162467,-0.0033704771383494376,0.017468357193197774,14.16532270670233,0.0061683472210126
2020-07-23,EVRG,0.014665609865436621,0.015274548814787445,0.026651370464520308,0.004203431019327248,14.482622237162202,0.0084716953727552
2020-07-24,EVRG,0.009658868788732192,-0.006914031188818542,-0.006754148828335406,-0.004827637608952965,14.411872020648824,0.0078930324074911
2020-07-27,EVRG,-0.005129445168866032,-0.01053947444788306,-0.006324160469404999,-0.001249583298317149,14.12380448901977,0.005917491825853
2020-07-28,EVRG,-0.004529379841378444,0.019289296428242102,0.011511655451398779,0.01180875145359363,14.693351895142571,0.0104589744217578
2020-07-29,EVRG,0.01445359007142461,-0.0024483569607000933,0.002818286578531559,-0.006353046245178956,14.021630832008219,0.0053427416830437
2020-07-30,EVRG,-0.01570684044960462,-0.01233258703130108,-0.010846727330452086,0.0021737602979565946,14.28257299113024,0.0069356951802096
2020-07-31,EVRG,0.008273165067178238,0.006647858537560411,0.006773513734564074,0.005568698747130024,14.508908207154333,0.0086973348009837
2020-08-03,EVRG,0.004497852780561719,-0.003859554634267368,-0.019178039987439752,-0.03372610130724125,14.503645699213111,0.0086516852056774
2020-08-04,EVRG,-0.03415789629639462,0.011381061234305987,-0.14472721523577367,-0.12346294324527612,16.157518362939232,0.0452239671748628
2020-08-05,EVRG,-0.10901452291763808,-0.15448205731296644,-0.013780403667290851,-0.03433736455937815,15.57512572375464,0.0252603122522748
2020-08-06,EVRG,-0.05279832035816307,-0.01855416924172438,-0.003945688569945501,0.022535032411812896,15.325172554019133,0.0196736713028801
2020-08-07,EVRG,0.02472966400080702,0.003086394533230844,0.023810982521234918,0.007460967132894143,14.985792443602257,0.0140118172107426
2020-08-10,EVRG,0.01693561004244997,0.0047016112456258205,-0.008491953255834708,-0.020143547504105987,15.513710164688572,0.0237556146393678
2020-08-11,EVRG,-0.021168776978130143,-0.01673693518573974,-0.01362606738233111,-0.012471221703944026,14.955776814966427,0.0135974927885812
2020-08-12,EVRG,-0.010568497480344262,-0.010511976446303924,-0.003577250321680261,-0.006577216355469804,14.68012939747592,0.0103215908777883
2020-08-13,EVRG,-0.015402123345173196,-0.01475403041781156,-0.016161499220923185,-0.007190083630826811,14.936112948940663,0.0133327251358045
2020-08-14,EVRG,-0.002274192212210587,0.00954958878241012,0.00649589387401706,0.017132933150954998,14.168138021895661,0.006185737543034
2020-08-17,EVRG,0.01749000504116162,0.0033489775210232627,0.00550771208186891,-0.006554784205311052,14.115912143344882,0.0058709727144456
2020-08-18,EVRG,-0.007297313915803998,-0.009705270054065596,-0.007604627286307311,-0.012859558274259547,14.14020007879713,0.0060153123872237
2020-08-19,EVRG,-0.011598939770412191,-0.012912624767908616,-0.009026709176534968,-0.010140625140846743,14.737624700818701,0.0109324259387921
2020-08-20,EVRG,-0.012158596824445976,-0.007895826988331427,-0.017852144401972667,-0.014273163979421558,13.907178658898442,0.0047649482338806
2020-08-21,EVRG,-0.013095318334214574,-0.0050400665897002,-0.014153790033993755,-0.00731326531632114,15.110922696392032,0.0158795377958476
2020-08-24,EVRG,-0.002363411167940357,-0.01271133186771185,0.004806940423134148,0.006525266744518691,14.854479347524288,0.0122875667823146
2020-08-25,EVRG,0.003149980520674303,0.01135013092938411,0.00974238399297786,0.009219974781374506,13.912819647707217,0.0047919032330138
2020-08-26,EVRG,0.0023564035412388575,-0.007813847748328578,-0.004958678291799565,-0.013565327658905352,14.278993599308626,0.006910913971329
2020-08-27,EVRG,-0.0037332391488276878,0.03941678442390999,0.010090060446973014,0.04641198737285829,15.213709033128634,0.0175985711276691
2020-08-28,EVRG,0.03576991152794659,0.0011305199056126077,0.019879813211220138,0.0011331540896366199,14.624884452629132,0.0097668396053036
2020-08-31,EVRG,0.005492909475498542,0.003196436188838799,0.015700112356025094,0.0045198194614558965,14.371577771435947,0.0075813108852564
2020-09-01,EVRG,0.001321107059538513,-0.002067363966016212,-0.010503546154352469,-0.010578402734437449,14.278993599308626,0.006910913971329
2020-09-02,EVRG,-0.009476674373465006,0.008056528657364642,0.004405979907638775,0.01151745162960166,14.530615395017211,0.0088881935851693
2020-09-03,EVRG,0.01718158221723158,0.0013053602968462804,-0.007482033086116152,-0.01570369231748225,14.856176239897069,0.0123084351687403
2020-09-04,EVRG,-0.01737196915638858,-0.017862634004624643,-0.014938655353552375,-0.010929030285223391,14.452563993017868,0.0082208399775957
2020-09-08,EVRG,-0.014195545767555443,-0.008000001724033345,-0.00706162809688371,0.004616318927978212,14.168981073201003,0.0061909546396405
2020-09-09,EVRG,0.012098006076972926,0.022689488285313312,0.02737759239280758,0.011258491462238337,14.168840613997498,0.0061900851235394
2020-09-10,EVRG,0.0005723554553609114,-0.012794244938483646,-0.009042906428154626,-0.012218629818386647,13.991982539302668,0.005186663542901
2020-09-11,EVRG,-0.008236616974271074,-0.007793850965904487,-0.0030970519352898343,-0.002307624840283604,13.915085268083095,0.0048027721842773
2020-09-14,EVRG,0.003456089808087045,0.011762521599523039,0.010030816070978011,0.016232548935364213,13.996749028431934,0.0052114447517816
2020-09-15,EVRG,0.01691585020911543,0.014418441365004578,0.003257739564812121,-0.00798785072837701,13.570378266549609,0.003402416503499
2020-09-16,EVRG,-0.014044817294348665,-0.010653448838061502,-0.0022985347952787596,0.004952287745667843,13.718119314247787,0.0039441250344676
2020-09-17,EVRG,0.004957336673774647,-0.012098250496620097,-0.010021107262820331,-0.008203626292248576,13.89985262551525,0.0047301675898377
2020-09-18,EVRG,-0.012632160812210429,-0.009747236627265246,-0.017585820839665083,-0.02443441072726818,14.767052982996104,0.0112589292347451
2020-09-21,EVRG,-0.0301093059764941,-0.02037080060117388,-0.025352759945405194,-0.018425051697277536,14.374955474159096,0.007606961610238
2020-09-22,EVRG,-0.0023850777505300866,-0.007278745209929797,0.009257159453922364,0.009155888326031985,13.88671524824229,0.0046684319466615
2020-09-23,EVRG,0.0015908183150642296,-0.0019760061504055684,-0.01656235936136355,-0.027112538148492654,14.669841201683653,0.0102159446715079
2020-09-24,EVRG,-0.024941192896646848,-0.015148955213686883,-0.010029923991898235,0.0012205770176170266,13.96797495968057,0.0050636270145992
2020-09-25,EVRG,-0.0036727842672640808,0.010389658824790222,0.0034910302165034957,0.02231917146235108,14.042885942428304,0.0054575178083853
2020-09-28,EVRG,0.03039988632939586,0.004758956152590652,0.019287913337244455,0.0009936419281718447,14.120935048703023,0.0059005362618821
2020-09-29,EVRG,0.001783080643640385,0.009058744896879583,0.005214671720281088,-0.0037814316636540957,15.012066223195808,0.0143848396181029
2020-09-30,EVRG,0.00177987420769533,-0.0005882855963456756,-0.004008856494525385,0.013271410517879107,14.643363878362956,0.0099490032284785
2020-10-01,EVRG,0.005124140551828866,0.008788275751943794,0.010190882896044431,0.0,14.353173419795803,0.0074430578251858
2020-10-02,EVRG,-0.006706095747851107,0.019638730611741862,-0.0021892386888787605,0.022569095463860298,14.308254285127504,0.0071161197711823
2020-10-05,EVRG,0.02694436973395228,0.003426088252259921,0.026154432356379875,0.010525509300964908,14.372208378484903,0.0075860932238123
2020-10-06,EVRG,0.011111220780407816,0.022172989800934385,0.014643735164405855,-0.0022870413860323954,14.353231829270772,0.0074434925832363
2020-10-07,EVRG,0.005130548696790686,-0.013282489608479229,-0.003640910818258318,0.000762899387708618,14.294784212450356,0.0070209077581148
2020-10-08,EVRG,-0.0028469930223593985,0.00525934014344347,0.009933308327096395,0.017201139326758194,13.527029499741687,0.0032580768307209
2020-10-09,EVRG,0.015278869338459894,0.002992814483425632,-0.004381444595551241,-0.008091198132822261,13.929910990173907,0.0048745072626158
2020-10-12,EVRG,-0.007138655354678157,0.003914766727569727,0.004951570862889448,0.009589366806913918,13.985676028013179,0.0051540566891108
2020-10-13,EVRG,-0.0015095129310365217,-0.01310886046325746,-0.010503324869785034,-0.00977824301821408,14.027715298039512,0.0053753485368339
2020-10-14,EVRG,0.0007551247439923995,0.016266687500321553,0.014484794291427624,0.009965452632094212,14.290315766157452,0.0069896051784761
2020-10-15,EVRG,0.010697163101903474,0.016371123926108733,0.003211398508229559,0.01798492042135426,14.461566655099245,0.0082951836042374
2020-10-16,EVRG,0.014639417000429885,0.005458535542422839,0.017388517036710037,0.009145868536630856,14.345021125827689,0.0073826264561612
2020-10-19,EVRG,0.006417724642613243,-0.0009078405021533689,0.009041280523709071,-0.00584385894305029,14.355914983771813,0.007463491453561
2020-10-20,EVRG,0.0038311066746579436,0.010478881886243007,0.005130193521807417,0.016709520096047467,14.356846569905219,0.0074704475823696
2020-10-21,EVRG,0.006171912163290339,0.012857512375791743,0.009277150603698318,0.006642308518832089,14.772444452369196,0.0113197953618202
2020-10-22,EVRG,0.00882797715915623,0.0061907039621266705,0.002892641341272424,0.012269991814830683,14.391674945088601,0.0077352152351463
2020-10-23,EVRG,0.020066535613669455,0.007378987231192653,0.00827057884885836,-0.003718373409939078,13.484922376288697,0.0031237365931051
2020-10-26,EVRG,-0.01755846510227295,-0.01694674067660996,-0.007909541258640263,-0.012136633393087383,14.175141827662511,0.0062292133480877
2020-10-27,EVRG,-0.002687508429550828,0.01817103954319813,-0.0010835467733981044,0.012491155818559568,14.533887280113145,0.0089173223745552
2020-10-28,EVRG,-0.0010769315352871036,-0.01621460204359483,-0.004163925135526567,-0.018253816327071654,14.616749969647566,0.009687713640106
2020-10-29,EVRG,-0.011560759535797075,-0.00498746810890617,-0.017569929828427835,-0.0007225698286982911,14.140850343875305,0.0060192252096785
2020-10-30,EVRG,0.0007263998422371824,-0.012398038902403711,0.004605234903936726,-0.002352419901767763,14.189554484011028,0.0063196430225993
2020-11-02,EVRG,0.01674354333683025,0.01880598321079005,0.01387137058795786,0.019909230736521417,14.107807714513742,0.0058235840869371
2020-11-03,EVRG,0.016818938643610615,0.01776170600329688,0.022935913883487355,0.01182806124894955,13.919781380121735,0.0048253796029052
2020-11-04,EVRG,-0.002108750198115543,0.008332122186469797,-0.017332521996295123,-0.021464027507450262,14.264610341295118,0.0068122238938572
2020-11-05,EVRG,-0.003878071846673703,-2.6752383333403934e-08,-0.0152564098559287,-0.010454372793466825,14.779105016473432,0.0113954432626136
2020-11-06,EVRG,-0.023589471989581286,-0.03160939725918097,-0.007347635417165192,-0.002721648211870374,14.100088567794524,0.0057788040077318
2020-11-09,EVRG,0.027643413724324252,0.10940240125105656,0.04611775281788203,0.05221051567361249,15.093105780867585,0.0155991188532515
2020-11-10,EVRG,0.019509340442512166,-0.0443064965676126,0.013465158481173715,0.010293302718088882,15.56962025280169,0.0251216244341537
2020-11-11,EVRG,0.010467741034230149,-0.019241064838328447,-0.015227344410891205,-0.02226340096871434,14.841337435406702,0.0121271410616666
2020-11-12,EVRG,-0.02944970670034711,-0.03115529251888402,-0.029895893617071716,-0.027961577903263205,14.776660308599636,0.0113676187473792
2020-11-13,EVRG,-0.023840153013681267,0.006134577045902542,0.00922518237053675,0.024640225441595554,14.417638887782028,0.0079386820027974
2020-11-16,EVRG,0.042477046925243823,0.013709520497436069,0.019788478383217043,0.009064002955285895,14.310512240953361,0.0071322058190521
2020-11-17,EVRG,-0.014250975649654678,-0.009176521883021198,-0.002474214600590396,-0.01856426415319244,14.200501493340088,0.0063892043106851
2020-11-18,EVRG,-0.0033314596595396167,-0.009261923759069922,-0.027084524665784798,-0.02796397354369489,14.324434975582658,0.0072322001706755
2020-11-19,EVRG,-0.034758663469217736,-0.03217623071253296,-0.02218693188243709,-0.01451529369115788,14.951996820005276,0.0135461913386179
2020-11-20,EVRG,-0.014984709071908839,0.005477714913832495,0.0003756478112392537,0.015157665272590977,14.76023363261996,0.0111824118178507
2020-11-23,EVRG,0.018101698715220986,0.007256947994485707,0.01434584703645714,0.008403458068854572,15.226205049881516,0.0178198629753922
2020-11-24,EVRG,0.021190589480285797,0.015426261553405665,0.023039870753816562,0.014986187360435289,14.918911695105102,0.0131053466753738
2020-11-25,EVRG,-0.0012551272334982082,0.00231147165989677,-0.0030775927991707657,0.006787106507215938,14.567445851460688,0.0092216530099308
2020-11-27,EVRG,0.011063534115036225,0.000887448280759076,-0.000907170826001697,-0.007324814423341206,13.951003400687226,0.004978414436694
2020-11-30,EVRG,-0.015019088117627507,-0.008553173532100963,-0.0018165324088069736,-0.006476047659375543,15.265390095307849,0.0185319966621711
2020-12-01,EVRG,0.010929023508400105,0.015449044630020009,0.008689343734907332,0.002703404249656952,14.310756039184716,0.0071339448512543
2020-12-02,EVRG,-0.017798193241158836,-0.011163429175629751,-0.010691424769081697,0.009672233710303275,14.09473269587034,0.0057479361861437
2020-12-03,EVRG,0.01154206001230287,-0.0012480869163021642,0.006537182334457171,-0.010752751198141496,14.31282592786366,0.0071487266249725
2020-12-04,EVRG,-0.005574048245146497,-0.00770127961974984,-0.009821822371681544,-0.010505446508384773,13.634469381133945,0.003627621173677
2020-12-07,EVRG,-0.010330852557242302,-0.00468550758722379,-0.0007314122472548447,0.0036350594482802544,13.528762715650256,0.0032637286853779
2020-12-08,EVRG,0.012672164034287925,0.00863314261844457,0.0076531386066583445,0.006149420118627834,14.793649069174966,0.0115623903540196
2020-12-09,EVRG,-0.005411284932940486,-0.0035881352322866015,0.0012698057732391148,0.0007209669414764703,14.207147834085385,0.0064318105996377
2020-12-10,EVRG,0.0025288924748569645,-0.001078898380721048,-0.0018145250566230595,-0.007233331840401629,14.655136636775016,0.0100668226601739
2020-12-11,EVRG,-0.0077877383608246685,-0.004146780327997098,-0.007291301603815166,0.0005444088541328209,13.97797033571262,0.005114493706512
2020-12-14,EVRG,0.014261413119226131,0.017017830091516924,-0.004584279930895486,-0.013146154198630657,13.993322796380276,0.0051936196717096
2020-12-15,EVRG,-0.020645439916436772,-0.017921651054644,-0.003682605501948197,0.00458419582267704,14.350834238810574,0.0074256675031643
2020-12-16,EVRG,0.003835274488050998,0.001265037208907404,-0.013183702085301851,-0.018278005240063365,14.390212546190483,0.0077239115258324
2020-12-17,EVRG,-0.015985738497603937,-0.015837327056369283,0.0013074331129451487,0.006870260780637494,14.3707172113648,0.0075747895144983
2020-12-18,EVRG,0.00018522613423426203,-0.004597654359998844,-0.007871015810599171,-0.012850525998557821,14.622076151948391,0.0097394498481198
2020-12-21,EVRG,-0.02001370773336661,-0.01672899607873551,-0.024184706265078144,-0.010741594004067583,15.46827631465305,0.0227004568507156
2020-12-22,EVRG,-0.002459185489498223,-0.006582105710906881,0.008254133482464069,-0.002466110502058299,14.959064663020273,0.0136422728677865
2020-12-23,EVRG,0.003403369057566036,0.010137211756518397,0.00837625883728024,0.0024661105020583446,15.35203384745862,0.0202092932211411
2020-12-24,EVRG,-0.0011331106771693845,0.0013066339125139138,-0.013743260635371103,0.012240143614451195,13.94776701320141,0.0049623283888242
2020-12-28,EVRG,0.017792411562326974,0.008358936370767922,0.02524096054890897,0.007458574250853216,14.9958260211214,0.0141531135771669
2020-12-29,EVRG,0.0016692818584330173,0.0053500035912318195,0.005606413458584499,0.002412032134858979,14.886203709405152,0.0126836313663534
2020-12-30,EVRG,-0.001298206302871138,0.001838165348922823,-0.0005593217922840407,0.0020363708274281724,15.219767865007723,0.0177055216081011
2020-12-31,EVRG,0.003704434941037164,0.02018070606891898,0.006134408317796187,0.02628368357127479,15.359556465146833,0.0203618932968795
2021-01-04,EVRG,0.02320807294260887,0.0014388927945781088,-0.00781387986830098,-0.03221940814470648,14.263333121169527,0.0068035287328465
2021-01-05,EVRG,-0.028769953277592915,-0.028253251629846203,-0.005807140855740811,-0.00204884422155288,14.073944802317039,0.0056296819963978
2021-01-06,EVRG,0.007039882685640666,0.015410584329306655,0.008418619886975768,0.01993450871104456,14.81002116793636,0.0117532491382052
2021-01-07,EVRG,0.009553453379896581,-0.0010931043061794352,-0.010675435422520424,-0.027607340038055508,14.740007923116387,0.0109585114218243
2021-01-08,EVRG,-0.033277262304817035,-0.030532220883568547,-0.015559857983273768,-0.004330002798253565,14.451770405585583,0.0082143186068376
2021-01-11,EVRG,-0.003029271628863894,-0.0007520136035173271,-0.003064663109689477,-0.010622397514944107,14.442518470207565,0.0081386707060442
2021-01-12,EVRG,-0.005704348168760986,-0.0020703685900108023,0.0009588981616767224,0.00854487270426711,14.319795437624334,0.0071987238007842
2021-01-13,EVRG,0.011753592706355674,0.026038173539333898,0.015403813445285918,0.02557285358169379,13.998499392079191,0.0052205746708429
2021-01-14,EVRG,0.024940726469664967,-0.0012860127450322646,0.00320290194482962,-0.017663400551892795,13.817908680169245,0.0043580146985784
2021-01-15,EVRG,-0.025129447982303852,0.0023866878912906435,-0.006037865182472256,0.018400139544654845,14.365249732329342,0.0075334874996974
2021-01-19,EVRG,0.028432901934663333,0.0009167660610688728,0.00829272456403786,-0.017087845118550795,14.15853343507145,0.0061266104481611
2021-01-20,EVRG,-0.02636144494441483,-0.009388178169281277,-0.005269216859743937,0.009508629542669927,13.876512520343509,0.004621043319153
2021-01-21,EVRG,0.0071228663702936935,-0.006494061218446561,0.004330267185718061,-0.005768980175940936,14.347902546843713,0.0074039296006375
2021-01-22,EVRG,-0.004492640965883355,0.012578884901126674,-0.002445141704530722,0.004097652064486995,14.75914443544113,0.0111702385924356
2021-01-25,EVRG,0.0037453184284966592,-0.0005516890143435889,0.0009412153692028642,0.00851380469457261,14.846522219808614,0.0121901809789944
2021-01-26,EVRG,0.01576296860369884,0.0007354831943916982,-0.0011295070136659706,-0.013358184091434298,14.32881371012066,0.0072639375083647
2021-01-27,EVRG,-0.01857073358957304,-0.008305040564522286,-0.013082066266768022,-0.015434239087244814,14.470956390550873,0.008373440053334
2021-01-28,EVRG,-0.004885311915923578,0.01727040969732499,0.008361909855867196,0.021021822582690367,14.4472083078965,0.0081769294144915
2021-01-29,EVRG,0.007132295628041711,-0.006578868798046884,0.007541655818910526,-0.0020450786421092187,15.282163192346259,0.018845457216608
2021-02-01,EVRG,0.008009501545169013,-0.005331634672121178,-0.0007518472536695811,0.00018590531051711974,14.128349281665296,0.0059444468249863
2021-02-02,EVRG,0.0003710791405858743,0.01717891286752931,0.009354757753348767,0.0024162351640094905,14.404075253455417,0.0078317315223654
2021-02-03,EVRG,-0.00576608947304009,-0.018839412833972502,-0.005602527233794349,-0.004278955882180816,14.18583265444898,0.0062961660878703
2021-02-04,EVRG,-0.0013063057445193422,0.0159361113903755,-0.005068745686125335,0.025038406485534275,14.31099977799298,0.0071356838834564
2021-02-05,EVRG,0.030714970466319422,0.0063400140857568545,0.028756202815297973,-0.0020020678451285454,14.504951378449638,0.0086629889149913
2021-02-08,EVRG,-0.00690662877262232,-0.005068920434257037,-0.012143732468821854,-0.012281376728234985,13.99708266732598,0.0052131837839838
2021-02-09,EVRG,-0.009713301050086456,-0.006920383971944946,-0.00482468297346762,0.00881386566278627,13.32269019556564,0.0026559369307278
2021-02-10,EVRG,0.01788706518175489,0.013613181145187255,0.02189415043442967,0.011632374434383717,13.816011432505675,0.0043497542956182
2021-02-11,EVRG,-0.0032614807159662687,-0.0019850455438407987,-0.006206679197966036,-0.011266693298296415,13.718780470568117,0.0039467335827708
2021-02-12,EVRG,-0.008932772244339759,-0.005978964564375167,-0.0067984638822801485,-0.005313928688589432,13.591868132232912,0.0034763253720902
2021-02-16,EVRG,-0.002016178944282243,-0.006014598786389213,-0.0018452549376127127,-0.0001836316173541582,14.145390398126226,0.0060466149668623
2021-02-17,EVRG,0.004211185444322147,0.00492377102537282,0.004423076255169981,0.006958370645070005,13.927768134124344,0.0048640730694029
2021-02-18,EVRG,0.004193578143737788,0.01139551341288909,0.006780853530095108,0.007634992255970318,14.237177701363002,0.0066278864804297
2021-02-19,EVRG,0.006167366215368031,-0.0021604838775279088,-0.011203993044554215,-0.018090873456888472,14.099034748392382,0.0057727173950243
2021-02-22,EVRG,-0.020091969693645104,-0.020577999187198,-0.04186923326729291,-0.03413683999287327,14.703237604303977,0.0105628815958361
2021-02-23,EVRG,-0.020504047605700303,0.0018382533028743668,0.020021676876957255,0.036347150993851614,14.6745538838035,0.0102642028151175
2021-02-24,EVRG,0.02142600970534115,0.005129050197793361,0.018331884040847707,0.003673029597568243,14.37335391893577,0.007594788384823
2021-02-25,EVRG,0.0034960930292889892,0.015051478703977331,-0.008750029279168986,-0.015891026544331922,14.9614519439633,0.0136748797215767
2021-02-26,EVRG,0.007138303464870349,-0.0021622792812352252,-0.0009354187815564757,-0.0011181727338334046,15.065813646290831,0.0151791425764332
2021-03-01,EVRG,-0.012110069606925962,-0.01325460143298335,0.006901298641689035,0.006134618797922218,14.673367192071396,0.0102520295897024
2021-03-02,EVRG,-0.005924851263901013,-0.013247626685647686,-0.01460425415480644,-0.006507395811069322,14.276663258043275,0.0068948279234592
2021-03-03,EVRG,-0.008391733951845842,-0.0018540879249794588,-0.002833292675820563,0.0018634244213016592,14.264291189164716,0.0068100501036045
2021-03-04,EVRG,0.020390135118746378,0.031238461183351985,0.021148204509795307,0.020456106426362707,14.765507209045994,0.0112415389127236
2021-03-05,EVRG,0.011457110774592254,0.00962725175254964,0.016819506136704833,0.01942864013401642,14.42195594997078,0.0079730278887898
2021-03-08,EVRG,0.01563088670532969,0.019770770217899827,0.013334617863007495,0.016484787732221458,14.590883139312158,0.0094403363093507
2021-03-09,EVRG,0.01111928903879608,0.00017643359389584378,0.01548476764433442,0.004786938779095216,14.783406915445505,0.0114445709223242
2021-03-10,EVRG,0.011173222315816939,0.007903707329467867,0.007121131251174758,0.007225237651046648,14.647419615783527,0.0099894357271784
2021-03-11,EVRG,-0.00017629434773536726,0.0031442384542050717,0.0026576085003340594,-0.0033417548392467578,14.089424026728215,0.0057175031226062
2021-03-12,EVRG,0.010702686731541797,0.007990179799668064,0.007227762845375092,0.016078555984302915,13.985929053567581,0.0051553609632624
2021-03-15,EVRG,0.010589547834579055,0.024608334891910295,0.01654955153137318,0.025842166871359516,14.52983246327969,0.0088812374563607
2021-03-16,EVRG,0.013549603691477239,0.009575818747371335,0.011167444692806734,0.00707071243262998,14.224370563547915,0.0065435434186256
2021-03-17,EVRG,0.017896748613895615,-0.0008364055721473238,-0.003080114157548832,-0.020849996041593204,13.901780910463062,0.0047392975088989
2021-03-18,EVRG,-0.02199354379338541,-0.011443799159757306,0.0008568083021629637,0.004443888370097215,14.997973985325086,0.0141835466407045
2021-03-19,EVRG,0.007837564511213462,0.010104220369160623,-0.0036026728776869235,0.0152310718104617,14.732081650533697,0.0108719945697676
2021-03-22,EVRG,0.006428807264123539,0.0035126497197876323,0.002745912157321488,-0.01540176712662035,14.476031752279283,0.0084160463422866
2021-03-23,EVRG,-0.011021772845628526,-0.01446384833581336,-0.0027459183375361405,0.004424676574313299,14.797477039086916,0.0116067356751743
2021-03-24,EVRG,0.0011929432823010616,0.006585209949445916,0.007191985137333656,0.002544048510576833,13.84487613765605,0.0044771384044254
2021-03-25,EVRG,0.010503094149054981,0.013539602046132181,0.0017045953896795412,0.013291924016876774,14.702908277909318,0.0105594035314318
2021-03-26,EVRG,0.005042812603701415,-0.007666738585267287,0.004418756605975065,-0.01159978352716532,14.16489972497095,0.0061657386727094
2021-03-29,EVRG,-0.008249692733082903,0.012965757612389241,0.0013558397186820914,0.017100343709698033,14.707877791403924,0.0106120092555467
2021-03-30,EVRG,0.009255460571798744,-0.009124851561992322,-0.002373633164882229,-0.013218603198604961,13.90836408630628,0.0047706000885376
2021-03-31,EVRG,-0.003691983555221836,-0.004342785610911341,0.002034851356849389,0.0026912720948884523,14.00497405031286,0.0052544857987847
2021-04-01,EVRG,0.0011760529103046176,0.004009208621365925,-0.0010170240438061079,0.006696736719280704,14.000911535139268,0.0052331826543085
2021-04-05,EVRG,0.008361325028013837,0.015222106279064326,0.013976859682234341,0.011612690334938901,13.70915065419558,0.0039089096323741
2021-04-06,EVRG,0.005149060231660724,0.004587095980666125,0.002671961808107309,0.008703492906462992,14.221509523545176,0.0065248488224526
2021-04-07,EVRG,0.01463718998363762,0.00407796100308256,0.008965691641671438,0.0016336800099020147,14.525072771651915,0.0088390659254586
2021-04-08,EVRG,0.0035855147198686054,0.002763618992282769,0.003959215581707263,-0.005893780866959792,14.093900340506448,0.0057431538475878
2021-04-09,EVRG,-0.005710165494636745,-0.0039037008624102786,-0.0023076414552435625,-0.0039487221261181905,14.124465499905716,0.0059214046483078
2021-04-12,EVRG,-0.0050848993340806255,-0.00244765076708514,0.0006598197063532427,0.0044411258572083405,13.73776629018622,0.0040223814835641
2021-04-13,EVRG,-0.005441528432546582,0.0032621449310893886,-0.005622621207861197,0.0031134770938720845,13.726461834265278,0.0039771666463083
2021-04-14,EVRG,0.011180588600766166,-0.00244567751376993,0.005457680957073029,-0.0008184508074262223,13.700437472074873,0.0038749985044323
2021-04-15,EVRG,0.0016338373889229379,0.015228079954803991,0.010337378254305954,0.017691103316060705,13.920681955740442,0.0048297271834105
2021-04-16,EVRG,0.016834233806088922,0.019266457558992683,0.016191958313371134,0.01801554391263772,14.285514812209815,0.0069561288085848
2021-04-19,EVRG,0.025358050097671756,0.011914286304619964,0.011180529895466761,-0.0007902359881123028,14.49835535070627,0.008606035610371
2021-04-20,EVRG,-0.004705991566966604,0.011619878555037572,0.00854026367233276,0.024522783228344978,14.33769205899359,0.0073287164578946
2021-04-21,EVRG,0.02008017162112371,0.005223708205975039,0.01376317605823474,-0.003090569004378569,14.01722697919187,0.0053192647483147
2021-04-22,EVRG,-0.003550828266383553,-0.00568594264511604,-0.004358781059591569,-0.006054637320194472,13.470200785104238,0.0030780869977988
2021-04-23,EVRG,-0.0043396726390185275,-0.007890362932472382,-0.010349611356412653,-0.011589646136413142,13.927052827151165,0.0048605950049986
2021-04-26,EVRG,-0.012189544420475491,-0.01030448657559813,-0.005373817880379597,0.0007873200506655692,13.273883743845474,0.0025294223380216
2021-04-27,EVRG,-0.007100795763188315,-0.003931354016199029,-0.007636268892273675,-0.009966250466835726,13.590491498984573,0.0034715430335343
2021-04-28,EVRG,-0.001426073990628604,-0.0031559590830641704,1.2307419658772604e-07,0.005707126453668864,14.063152361518691,0.0055692506273732
2021-04-29,EVRG,0.0036406504062168627,0.008498622055798828,0.007794519474071155,0.00268372216020896,13.934715693068844,0.0048979841973448
2021-04-30,EVRG,0.006457278555177768,0.002504360395452712,-0.0009511377042046501,0.00847735934024509,13.992317772011782,0.0051884025751032
2021-05-03,EVRG,0.00469846113508375,0.0084059934449914,0.011354769525753714,0.00140581585589146,13.773855925230345,0.0041701992207466
2021-05-04,EVRG,0.003587388576575762,-0.0018619231854712704,-0.004085491716752721,0.00296164610784649,14.120345426478998,0.0058970581974778
2021-05-05,EVRG,-0.00280627928427255,-0.00217652003532651,-0.011719999503886752,-0.011269419451025215,14.126812228507829,0.005935316905925
2021-05-06,EVRG,-0.0031276853024666553,-0.0038988083095695216,-0.005751911015041873,0.0026721905974286695,14.056337630108633,0.0055314266769765
2021-05-07,EVRG,-0.0007833396259085723,0.004365479081562027,0.018101509691422324,0.0018820820754135044,13.773334522143713,0.0041680254304939
2021-05-10,EVRG,0.00047018556217817714,0.011138784016959058,0.004396378324502112,0.003441322356646678,13.937286500237303,0.0049105921808103
2021-05-11,EVRG,0.0032845614128643764,-0.01253980959532781,-0.03572381883539889,-0.025141666693737828,14.614008704136443,0.0096611933990233
2021-05-12,EVRG,-0.021784565764575672,-0.024124136697627297,-0.0032525231079794663,-0.015166459284576564,13.819105089886822,0.0043632317951848
2021-05-13,EVRG,-0.019499440873989853,0.00683899149964587,0.0004885334906688228,0.02123295341251109,14.368936370325917,0.0075613120149317
2021-05-14,EVRG,0.020137518492144898,0.00553218199104899,0.01775093478733629,-0.002549953425841407,14.03953452160179,0.0054392579702628
2021-05-17,EVRG,-0.001596071722803174,-0.010776520205714476,-0.00996617418071708,-0.008814719579904503,14.293854931293918,0.0070143863873567
2021-05-18,EVRG,-0.008824782049855802,0.001114766763313954,-2.7673922647804407e-08,0.0027329052038532167,14.126372636178669,0.0059327083576218
2021-05-19,EVRG,0.00386041295611219,-0.00079616524089528,0.0001615090725015665,0.007516985504035263,14.141788869780006,0.0060248770643355
2021-05-20,EVRG,0.006632648781550542,0.0040910486892535,0.006782660968443181,-0.005236672862794516,13.99799960073167,0.0052179661225397
2021-05-21,EVRG,-0.004513989859466283,0.0017584058433335245,0.0012936339275949275,0.010126160796070087,13.768839197544004,0.0041493308343208
2021-05-24,EVRG,0.012364762232332257,0.0038259762853163053,0.004997235100527054,0.0015980765672172165,13.638416513885966,0.0036419681893447
2021-05-25,EVRG,-0.0023967194848208305,-0.003666165405481163,-0.014903812313293036,-0.01934604693648938,14.084392765185902,0.0056888090912708
2021-05-26,EVRG,-0.01677739309815532,-0.016747673393287348,-0.003269738753963617,-0.0008144003334698548,13.946013243682954,0.0049536332278134
2021-05-27,EVRG,0.0017880850832062412,0.0034045652884432103,0.0032697756006408608,-0.0011408987898188544,14.285389804474798,0.0069552592924837
2021-05-28,EVRG,0.0037278954396805387,0.005970031496466123,0.0048842815392146025,0.01103000639798623,13.924724539476546,0.0048492912956847
2021-06-01,EVRG,0.0029079954458942694,-0.001932277994466247,-0.0019508129941168653,-0.008423765468025418,13.212388707869659,0.0023785612944854
2021-06-02,EVRG,-0.007935870034142199,0.0008056587125674417,-0.00505747800419513,0.0053541452845357225,13.423801894596155,0.0029385296635765
2021-06-03,EVRG,0.003246550539217657,0.011051366210378536,0.006195808233484513,0.01142294704924233,13.567435021662407,0.0033924170683367
2021-06-04,EVRG,0.018467147955072878,0.00159181361142045,0.014203147663860135,0.0033540588859164895,13.37685209562527,0.0028037546679102
2021-06-07,EVRG,0.0004772630173035504,0.0019065699519544555,0.0006407824928296184,-0.0006379644803445837,13.579156379301477,0.003432414808986
2021-06-08,EVRG,-0.00047738958779477,-0.002383950871811017,-0.005460244523776233,-0.0014370342205342068,14.000080418760906,0.0052288350738031
2021-06-09,EVRG,0.0015898815408906795,0.010446456317262794,0.008817761018488678,0.01222725345365524,13.9952462743528,0.005203619106872
2021-06-10,EVRG,0.006492038906455304,0.01111741466035262,0.006364398990032106,0.010206651765389567,13.397417552519071,0.0028620122466821
2021-06-11,EVRG,0.006607079947225166,1.9464383564655856e-07,0.007584360397301918,0.0028083134742828606,13.736143705182693,0.0040158601128061
2021-06-14,EVRG,0.009052491244931158,0.003109209889823144,0.003613594173332965,-0.004215398465779996,13.713589675535365,0.0039262999543956
2021-06-15,EVRG,-0.004984525203388542,0.007423435721421375,0.0004703484283737072,0.009342832395175636,13.766216316769363,0.0041384618830574
2021-06-16,EVRG,0.01979034939107806,0.011337598087663643,0.00484787590140775,-0.004660505172625808,14.652628636890817,0.0100416066932427
2021-06-17,EVRG,-0.017606514515779253,-0.010875377225186247,0.00046799868822547613,0.004040551068248228,13.934626926559323,0.0048975494392942
2021-06-18,EVRG,0.000623064722367102,-0.010995066061393168,-0.025745676100503233,-0.030548786101670704,14.503896923808718,0.0086538589959301
2021-06-21,EVRG,-0.025709210408070282,-0.006875091339942285,-0.0036868066197862552,0.018535128976340777,14.081944223483996,0.0056748968336536
2021-06-22,EVRG,-0.005286353764147179,-0.010877330085452575,-0.007414558790619886,-0.029144447236339785,14.609769691808653,0.0096203261422728
2021-06-23,EVRG,-0.0061222301403289735,-0.019365372887151438,-0.014832121169587471,-0.013012667689330399,14.323532856082068,0.0072256787999175
2021-06-24,EVRG,-0.014323156183796948,-0.0030751993967220283,-0.0014789054471760841,0.004899578873696751,13.902972749988201,0.0047449493635559
2021-06-25,EVRG,0.003926724720380003,0.0017815218541545315,0.005412025460703781,0.004551344086260772,14.211397272708613,0.0064592003568215
2021-06-28,EVRG,0.010558102708391763,0.007255278242966345,0.006196121174939441,0.0009727223061975228,13.807176929543175,0.004311495587171
2021-06-29,EVRG,-0.0029125453785700055,-0.002573504496676091,-0.018869974508948766,-0.01765323299027667,13.861822415572151,0.0045536558213198
2021-06-30,EVRG,-0.018316214673824542,-0.021159733665283932,-0.004316150562617264,-0.0034691584974925927,13.589614471899637,0.0034684997271806
2021-07-01,EVRG,0.0013194634238703987,0.015344729294593781,0.005805764129127376,0.01576128719916015,13.41458662310294,0.0029115746644433
2021-07-02,EVRG,0.01179749669264478,-0.00016211874810314328,0.01085701614302309,0.0030900897027976667,13.161393687816775,0.0022603071047395
2021-07-06,EVRG,-0.0008146657179021663,0.001133625222226661,-0.005413691955810751,0.0021089238717126395,13.686313757407284,0.0038206537481152
2021-07-07,EVRG,0.00892646955738717,0.0016170768414243556,0.004759218348957409,0.0017809791121122963,13.704580114574805,0.0038910845523021
2021-07-08,EVRG,-0.005346285301019936,0.003065288790175533,-0.005088267338893621,-0.00016175656880040775,13.629302659116536,0.0036089265775039
2021-07-09,EVRG,0.004861558142750972,-0.0011281577779206152,0.0029577270627737873,-0.0003235197014628536,14.141067004969814,0.0060205294838302
2021-07-12,EVRG,-0.0030763368765080383,0.001128151010785655,0.008332554296129469,0.0017785313864632246,13.7535298295508,0.004086290916993
2021-07-13,EVRG,0.0012964414319673256,0.0011269623743341856,-0.003585918372421318,-0.0066455918431919956,13.349341168616947,0.0027276720090663
2021-07-14,EVRG,-0.0029192916816433525,0.010085639321286616,-0.0022888071335252867,0.013247311193718345,13.856461504169904,0.0045293093704898
2021-07-15,EVRG,0.007282282832147574,0.010142804014146262,0.014945175594619095,0.014657011980568319,13.954229347749255,0.0049945004845639
2021-07-16,EVRG,0.022322111645070603,0.02152620267489339,0.017580531022391523,0.020815913774705902,14.317255678467369,0.0071804639626617
2021-07-19,EVRG,0.012068413326521298,-0.0012351786346268736,0.0044264061021258945,-0.006994438418968445,14.800954521800286,0.0116471681738742
2021-07-20,EVRG,0.0034215296174930866,0.00030896944970948035,0.004720734604735085,-0.0017172385996573841,14.727150893487574,0.0108185193295516
2021-07-21,EVRG,-0.006385936951221355,-0.004799910509798258,0.0004707646922820788,-0.0014073049808964362,14.079643257827726,0.0056618540921375
2021-07-22,EVRG,-0.0003125672377898341,-0.0018642769481134202,-0.005507042272705223,0.0035923322297378205,14.095035198857973,0.0057496752183459
2021-07-23,EVRG,0.002497584604177006,0.012055696360043593,0.007544752950626249,0.014549052958872759,14.110268288800281,0.0058379311026048
2021-07-26,EVRG,0.012395583182673255,0.002608416239526329,0.009196448852384699,0.0010749801678416318,14.343252884042101,0.0073695837146451
2021-07-27,EVRG,0.002614376629147339,0.019273655782028415,0.005724535246651836,0.017497640505194666,14.00016356148958,0.0052292698318536
2021-07-28,EVRG,0.018111910764331596,-0.003462888018372892,0.00231157484172467,-0.016577001689994555,13.868767872401166,0.004585393159009
2021-07-29,EVRG,-0.01627045886984579,-0.007874173937330453,0.003073515647004612,0.002297589605081764,13.897183628181923,0.0047175596063721
2021-07-30,EVRG,4.555738664816389e-09,0.0013673267017981399,-0.002304344445449847,-0.002144266256440896,14.711394888307264,0.0106493984478928
2021-08-02,EVRG,0.0064180407841055625,0.0045439700660834,0.0015368546887176437,0.009005530356057044,13.734843738907072,0.0040106430161997
2021-08-03,EVRG,0.004104436683121123,0.00422278173190237,0.007649008367561521,0.008624202395216846,13.68506126792102,0.0038158714095593
2021-08-04,EVRG,0.002424102567700374,-0.0016569574472470668,-0.0018306232780092775,-0.0021114836184232947,14.038174794425471,0.0054318670834037
2021-08-05,EVRG,0.011884340203057352,0.011241988659097802,0.009421191837071574,0.012154197401299156,13.981703579711455,0.0051336230607356
2021-08-06,EVRG,0.0020913476417594207,0.003125265923240341,0.00813374424129551,-0.004933947979198466,13.695150329196808,0.003854564876057
2021-08-09,EVRG,-0.004337031070089865,-0.003572490916613739,-0.0037573386722946855,0.00029975141644433535,13.652992804936396,0.0036954434295607
2021-08-10,EVRG,-0.0007497396914244701,0.0011922653188299963,-0.0001506357446179949,0.0026933949312535604,13.43950861645675,0.0029850487749839
2021-08-11,EVRG,0.005236080773373061,0.01022471720985588,0.007053495395116641,0.00937035854545703,13.985422938420644,0.0051527524149592
2021-08-12,EVRG,0.008321014795462893,-0.0019185284768610128,0.005369087909002896,-0.0020747417573922858,13.831384891372048,0.0044171417934513
2021-08-13,EVRG,-0.0023704667891165884,0.0064782273796001886,0.0022285297474743003,0.010183720502429865,13.716243660667226,0.0039367341476084
2021-08-16,EVRG,0.01194271428991815,0.01254209823107471,0.010775853907973254,0.010226595456539695,13.95805211189828,0.0050136298387875
2021-08-17,EVRG,0.007592499081973996,0.0008693145755097234,0.003956452393094622,0.0024680184088845822,14.146755585070652,0.0060548753698225
2021-08-18,EVRG,0.002324554097997989,0.002025094045386614,0.0007309175115801787,-0.0014510035727669113,14.560491361907763,0.0091577435765019
2021-08-19,EVRG,-6.854934181747317e-05,0.0038893198744478245,0.004578475892991627,0.0038704401240611417,14.456101014766855,0.0082499687669816
2021-08-20,EVRG,0.0004386637934738034,0.0052090964822073685,-0.00014665918738058774,0.00957504628403574,14.204508151101262,0.0064148550356668
2021-08-23,EVRG,0.012205724608117283,0.0004327236820492201,0.004680976450992567,-0.005066339216099777,14.271542663436815,0.0068596125213657
2021-08-24,EVRG,-0.004777269269314967,-0.005641887446432647,-0.008059103472243052,-0.006259505984690899,14.328215015615974,0.0072595899278593
2021-08-25,EVRG,-0.007282307320769327,0.002173763346902824,0.0030848067548235594,0.005533670806931097,13.949867484741691,0.0049727625820371
2021-08-26,EVRG,0.006846628912747714,0.0008680208537920798,0.007306644259778837,0.0036238551337088383,14.31743730390657,0.0071817682368133
2021-08-27,EVRG,0.004346164424870109,0.004473776341948015,-0.006280429658541999,-0.011643137182132984,14.1857636008765,0.0062957313298198
2021-08-30,EVRG,-0.01500061731733566,-0.012168709589329732,-0.006025486492518819,-0.005872769881567207,13.749799082518015,0.0040710743852242
2021-08-31,EVRG,-0.0036753011391456613,0.00029123365795743155,-1.7764369199217444e-07,0.00791997645539236,14.418295845729142,0.0079438990994039
2021-09-01,EVRG,0.009819216552953957,0.002764835778871121,0.004265823714000791,0.0024807270499145116,13.761688806563804,0.0041197672868843
2021-09-02,EVRG,0.002330630492063741,0.005217325347340953,0.0071663863464557385,0.004797395884508276,13.833646110188146,0.0044271412286137
2021-09-03,EVRG,0.0027606173964780313,-0.0013017921441384386,-0.0051136289170919365,-0.006547748430259706,13.714364482398182,0.0039293432607493
2021-09-07,EVRG,-0.0078662565927497,-0.009306657890635778,-0.017137524539366417,-0.018714334400708466,14.085843755206414,0.005697069494231
2021-09-08,EVRG,-0.017109435364779064,0.0030634024388507676,-0.0001489838045335342,0.017399508114810766,13.88326359450676,0.0046523458987916
2021-09-09,EVRG,0.017255811922079558,-0.0016033446459490445,0.010525665648281914,-0.0032210577757054676,13.563325608032176,0.0033785048107195
2021-09-10,EVRG,-0.003368688144382448,-0.0057055324859870415,-0.017854933312109092,-0.022242927291201732,13.72383486540229,0.0039667324530955
2021-09-13,EVRG,-0.012846062969034119,-0.008545605394190024,-0.001802974828152936,-0.0016505711298123358,13.758517895092757,0.0041067245453682
2021-09-14,EVRG,-0.007159071816896255,-0.008619643395632226,-0.013476010001901968,-0.012392630821101093,13.829019894571058,0.0044067076002385
2021-09-15,EVRG,-0.033483532357077475,-0.020964492710456077,-0.022195658032669787,-0.015014894312822418,14.617736781880327,0.0096972783172178
2021-09-16,EVRG,0.0021645148568649876,-0.006882271429867329,0.004354596853249947,-0.0035567090352839684,14.044796009137102,0.0054679520015982
2021-09-17,EVRG,-0.010089448101457075,-8.76437710843988e-08,-0.008415298576388865,-0.0054370890531008215,15.037107441802897,0.0147496016225031
2021-09-20,EVRG,0.0010913604025508045,0.004746118459107575,-0.005020483684254081,0.0009341410670384018,14.368763862446192,0.0075600077407801
2021-09-21,EVRG,0.0018684262430376088,-0.012294556876702981,0.0015716591234240461,-0.0060875390041892465,14.323412511969968,0.0072248092838164
2021-09-22,EVRG,-0.002803498426562657,-0.0066711043120013065,-0.017584374747464715,-0.016416808844299042,14.242542096430187,0.0066635366405737
2021-09-23,EVRG,-0.016196828062422057,-0.0010905048218313106,0.004305639017481843,0.007768282970163414,14.291745358078465,0.0069996046136385
2021-09-24,EVRG,0.019000309621206187,0.0076070340550539834,0.0044458321493845675,-0.0026883688846013084,14.151197486311647,0.0060818303689558
2021-09-27,EVRG,-0.014097977956160607,-0.004029148359140362,-0.0025380462774442637,-0.0009505683875148159,14.164829210618077,0.0061653039146588
2021-09-28,EVRG,-0.005695308986106984,-0.016596595761104598,-0.009254843741906322,-0.00891584122051392,14.194974547761737,0.0063539889085917
2021-09-29,EVRG,-0.008284130786506505,0.003310078389545122,-0.00032053804630522906,0.010024901193166406,13.78164452289925,0.0042028060745368
2021-09-30,EVRG,0.018857865225491537,0.0072121766600267865,-0.0027300531806607135,-0.015316367197655405,14.430804839801318,0.0080438934510273
2021-10-01,EVRG,-0.02366862595640537,-0.020837226358904237,-0.010831655606754696,-0.0064514551041162695,14.463399355267827,0.0083104001360062
2021-10-04,EVRG,-0.008069885443314221,0.0023897733056816774,0.0019485487816392013,0.013181227592698384,13.570889252111332,0.0034041555357012
2021-10-05,EVRG,0.022433178022886822,0.004287339704281156,0.01401542679502459,0.004143376518867781,13.975246468454657,0.0051005814488948
2021-10-06,EVRG,-0.006677107726558978,0.00600340851269534,-0.003204354335753274,0.008708989510518662,13.70323843429939,0.0038858674556957
2021-10-07,EVRG,0.0148831034988811,0.006906252780807802,0.005601287340735222,-0.011256592104484932,14.203016019443604,0.006405290358555
2021-10-08,EVRG,-0.01695908483834444,-0.01735617299030822,-0.01107299541250122,-0.011384889206721914,13.89773641928427,0.0047201681546753
2021-10-11,EVRG,-0.012061002229247947,-0.010077753476547874,-0.012503284617430234,-0.0008067044512759039,14.44096812457098,0.0081260627225787
2021-10-12,EVRG,0.003714338124417439,0.004331619983220695,0.009918154852667008,0.0022571345437031706,13.734843738907072,0.0040106430161997
2021-10-13,EVRG,0.0001610884769224969,0.006064391899296073,-0.004865507769300483,0.009615437626107306,13.698753121201502,0.0038684771336742
2021-10-14,EVRG,0.013764528919490992,0.014061321682165156,0.019161620992502296,0.014880631190031563,13.690855086123479,0.0038380440701366
2021-10-15,EVRG,0.01169444113628226,0.0025072732567966898,0.007943076734020537,-0.00519865431497599,13.877076853913477,0.0046236518674562
2021-10-18,EVRG,-0.013444407585510201,-0.009276188949659368,-0.01097791606666068,-0.004115385871757349,14.096470839713838,0.0057579356213061
2021-10-19,EVRG,0.010139390972292781,0.006768915692862633,0.009552624793053598,0.009314040186733282,13.374678860018665,0.0027976680552027
2021-10-20,EVRG,0.00565867127286508,0.016338997830270926,0.010873981684991289,0.0110947650109859,13.769886426619468,0.0041536784148262
2021-10-21,EVRG,0.0076509529680276805,-0.004951247369298768,0.0032861951011433086,-0.0040486029876345775,13.41994775975431,0.0029272259542626
2021-10-22,EVRG,-0.0026477958088451277,0.005414120757343613,0.00015607358767354097,0.008545062403448793,13.443868448446578,0.0029980915165
2021-10-25,EVRG,0.006683825630164391,0.0010793578582520102,0.0001562539966150221,-0.006362929600088982,13.481157474351365,0.0031119981257406
2021-10-26,EVRG,-0.005281161397745657,0.0009242325279117181,0.0007806824931566602,0.0023325952993632645,13.525025895256015,0.0032515554599628
2021-10-27,EVRG,0.0029546682055832324,-0.004629608361198143,-0.007990716237791894,-0.009520156753956921,13.763059751813124,0.0041254191415413
2021-10-28,EVRG,-0.009830880692342716,-0.00698505705306692,0.0018857952796706523,0.006408681537376154,13.563711583738511,0.0033798090848711
2021-10-29,EVRG,0.005629646598631279,0.005282321420239575,-0.006141941952041403,-0.0067221726264289315,14.130249032419504,0.0059557505343002
2021-11-01,EVRG,-0.00594321202032834,-0.004503642760353964,0.0036267332400314015,0.003288523886714476,13.590491498984573,0.0034715430335343
2021-11-02,EVRG,0.0020372953307892547,-0.004992844921239622,-0.006157603298779724,-0.0007818930751838852,13.986772010000404,0.0051597085437678
2021-11-03,EVRG,0.00031294713343823875,0.01150854953069722,0.005842775861533849,-0.0014093232681266076,14.044716495822158,0.0054675172435477
2021-11-04,EVRG,-0.0012527666211591306,-0.006204477420001413,-0.018914948147698226,-0.0015681092959078516,14.24404159046902,0.0066735360757361
2021-11-05,EVRG,0.001409133764473205,0.01067868316635778,0.024097467424240248,0.018040771832850386,13.863444164917102,0.0045610467081789
2021-11-08,EVRG,0.015063617641144427,-0.00046181909734723913,-0.009442825207325938,-0.01804077183285041,13.576238895044577,0.0034224153738237
2021-11-09,EVRG,-0.017727023783394552,-0.010061240973272033,0.007875304808008458,0.0062578747455211865,13.493652413400904,0.0031511263502889
2021-11-10,EVRG,0.011542834326537231,0.010677141191002673,0.008747362771354327,0.008850316608352797,13.524892178780208,0.0032511207019123
2021-11-11,EVRG,0.0024781945672918784,-0.0021572161935456548,-0.005770999095816757,-0.0012375207224335303,14.03945458880924,0.0054388232122122
2021-11-12,EVRG,0.004938233147429713,0.007682845607827523,0.007635332085361759,-0.0017040270568150957,13.530625902424035,0.0032698152980854
2021-11-15,EVRG,0.0004617074000459623,0.004733890166627766,0.0038732817889717192,0.016910459011610562,13.64377398207568,0.0036615323016188
2021-11-16,EVRG,0.01056113908508659,0.005469533433631518,0.008775406194574509,-0.0033592650725182056,13.790296334358526,0.0042393257507819
2021-11-17,EVRG,-0.00381357982960974,-0.0010611478572702957,-0.0029164767209222883,0.004882536169285734,13.928572243344254,0.0048679858918577
2021-11-18,EVRG,0.0017045555848792208,-0.001914255033433194,-0.009233621361932043,-0.0008754847742172998,14.57393083354632,0.0092816496209048
2021-11-19,EVRG,0.004300304731530839,0.012795146361669557,0.01753192039530986,0.008264426052463745,15.110539323908936,0.0158734511831401
2021-11-22,EVRG,0.006568413781990222,0.011736489493937175,0.0006150104674524434,0.012872106685542565,14.311547973195868,0.0071395967059112
2021-11-23,EVRG,0.009847830022048962,0.014110947904921846,0.01389021688887878,-0.003919843636998465,14.333471266365228,0.0072978486363065
2021-11-24,EVRG,0.0007535868417530107,-0.02011236765463185,-0.012047300577963936,-0.010172249351386239,14.123363572229056,0.0059148832775498
2021-11-26,EVRG,-0.020393417377231753,-0.015621876890591888,-0.01188385245442307,-0.015687882542363342,13.259863633659736,0.0024942069359282
2021-11-29,EVRG,-0.0053957224841063986,0.0003058245168664611,-0.006385785019508194,0.011559129276295176,13.683464918204994,0.0038097847968518
2021-11-30,EVRG,0.004934333219227797,0.00015258006535145773,-0.013687110122037651,-0.030494142863144235,14.443853048633555,0.0081495396573077
2021-12-01,EVRG,-0.018004406740932625,-0.00613002210125297,-0.00047519217878667913,-0.002530671879374054,14.007783270693565,0.005269267572503
2021-12-02,EVRG,-0.008967309843354511,-0.010353324095491565,0.0007920721624496029,0.00914397530437138,13.82268575456325,0.0043788830850041
2021-12-03,EVRG,0.014433917823615899,0.00835279006474538,0.00788653484886978,0.018195073859752026,13.46211736603902,0.0030533057889182
2021-12-06,EVRG,0.02111484642108988,0.031238143003405747,0.025132852199761344,0.028410351525663395,14.193399583608986,0.0063439894734293
2021-12-07,EVRG,0.013030689820019413,0.001790096923014334,0.017616498225718282,-0.0013488884565173854,13.723944460328594,0.003967167211146
2021-12-08,EVRG,0.009140666926690461,0.004609371321511967,0.001053144758237113,0.0037427629587802255,13.320887953416875,0.0026511545921719
2021-12-09,EVRG,-0.000895248662650262,-0.00639920802364128,-0.004521427134800567,-0.0071984235825466834,13.327263117836509,0.0026681101561428
2021-12-10,EVRG,-0.0004482300003542399,0.0032789455611464562,0.0036187655768333995,0.0074972716932268845,13.109280164196072,0.0021455309793978
2021-12-13,EVRG,-0.0013450668729440476,0.011540461093966004,0.004655045350078282,0.00951544568687025,13.721860100059242,0.0039589068081858
2021-12-14,EVRG,0.012780597011550225,0.0022039226641994867,0.0026929162334462884,-0.005936607812334442,14.292428354172822,0.0070043869521944
2021-12-15,EVRG,-0.0059241584748629585,-0.0023511031273300374,5.202641759737169e-08,0.009629065252362337,13.856557487184823,0.0045297441285403
2021-12-16,EVRG,0.007989440579474804,0.0105372514686943,0.008776535916414112,0.004413039537493713,14.06627005452127,0.0055866409493947
2021-12-17,EVRG,0.002648916634686902,-0.002040309239472641,-0.01176921934669154,-0.018368230464459716,14.610943983450621,0.0096316298515868
2021-12-20,EVRG,-0.018242952261857952,-0.022423093041797824,-0.015555702854386573,0.0002991128476494459,14.07355859784478,0.0056275082061451
2021-12-21,EVRG,0.007159010370166801,0.008467791277275465,0.004101325657120348,-0.009460220426497605,14.050188135918258,0.0054975155490347
2021-12-22,EVRG,-0.014821644786375694,-0.013253044681108397,0.0012120282315952234,0.0052667740102505,13.915628254030384,0.0048053807325805
2021-12-23,EVRG,0.005114978565166366,0.008210818162336373,0.007841876943104826,0.0017993450141780048,13.17438830408369,0.002289870652176
2021-12-27,EVRG,0.002248270680330039,0.003561736740459802,-0.0022559557126648226,0.010876887079381732,13.475132101992434,0.0030933035295675
2021-12-28,EVRG,0.011462694079378277,0.01295276688795283,0.01583313976581208,0.012663906397406867,13.258468205900469,0.0024907288715239
2021-12-29,EVRG,0.01221051039067451,0.004668770770071597,0.007087935915295422,0.0024845181035555914,13.126556573655947,0.002182920171744
2021-12-30,EVRG,0.00423134974806927,-8.453921875724945e-08,0.0027918126611592804,-0.0011685063112356383,13.14861769672495,0.0022316130734041
2021-12-31,EVRG,-0.004962793045766255,0.0023263662936708076,-0.0005870719916327178,0.002627030501096574,13.093760178428509,0.0021124893675571
2022-01-03,EVRG,0.0036516014060608616,-0.0024717066192031967,-0.010033930555520846,-0.00658027296290504,13.843223969198366,0.0044697475175663
2022-01-04,EVRG,-0.006288751974456896,0.002471812902145395,0.007829265956143437,-0.0026443327037454396,13.829907423954765,0.0044106204226933
2022-01-05,EVRG,-0.002203018522606566,-0.007287466469655801,-0.007829122931361465,-0.006937693823712387,14.01796230277962,0.0053231775707695
2022-01-06,EVRG,-0.009752109835593893,-0.006899333290550621,-0.0058007628799700344,-0.0038589536529260596,14.096848297629874,0.0057601094115588
2022-01-07,EVRG,-0.0035696882743206522,-0.0005892568702289985,-0.005234297916615429,0.004451209763171255,13.820200542771897,0.0043680141337407
2022-01-10,EVRG,0.008457574273767941,0.0013255626069460574,-0.002702781105586501,-0.010865749490847816,14.39218066223156,0.0077391280576011
2022-01-11,EVRG,-0.013087542077874673,-0.014529534657112398,-0.009669148564060037,-0.006907906340056814,14.335494714045176,0.0073126304100248
2022-01-12,EVRG,-0.00917374113179652,-0.0008964684857840697,0.001213642620050282,0.004660528725843979,14.02787704477521,0.005376218052935
2022-01-13,EVRG,-0.0028747156685036503,0.0002988321349625234,0.0006063234545065647,0.0010493654701801847,14.089652120074126,0.0057188073967578
2022-01-14,EVRG,0.00980044449245018,-0.0005978040473961309,-0.005774933363537889,-0.013576823567260851,14.175351185833932,0.0062305176222393
2022-01-18,EVRG,-0.017710317435461306,-0.01628009468487978,-0.024376479879664938,-0.020252351206127815,14.486105845457894,0.0085012589201917
2022-01-19,EVRG,-0.014769610833118207,-0.004569750360657132,0.005606619313655811,0.006026541944684793,14.377923003034574,0.0076295690288659
2022-01-20,EVRG,0.009870585014754952,-5.3693231525787795e-08,-0.003110912406597695,-0.0100644182256078,14.888018746695598,0.0127066735430318
2022-01-21,EVRG,-0.008012311477713823,-0.010744368500539942,-0.0039022275164470933,-0.0021808926674708384,14.529391794650953,0.0088773246339058
2022-01-24,EVRG,-0.011670802317682447,-0.008524169286178355,-0.03097225597189933,-0.00845762890275086,14.512550651297015,0.0087290721386729
2022-01-25,EVRG,-0.02584368945399273,-0.014106823542041765,0.0043460468168563925,-0.010752778764053967,14.302064595495857,0.0070722092080781
2022-01-26,EVRG,0.014668814662180712,0.011301500719559784,0.003847571200338244,0.0012711729517331468,14.178694969274245,0.0062513860086651
2022-01-27,EVRG,0.005052125866415113,-0.0015619681713237065,0.0046293031364120964,0.005857694448147519,14.284889617206765,0.0069517812280794
2022-01-28,EVRG,-0.0058437764139296295,0.013354265072252541,-0.0007965900056455062,0.02216761887152268,14.256214745081722,0.0067552705892369
2022-01-31,EVRG,0.015560165194505171,0.0063041614947417675,0.020820780471454674,0.002929104310371112,14.260261120719688,0.0067826603464207
2022-02-01,EVRG,0.011783008381735814,-0.0016875031368665007,-0.0015622209338545048,-0.006331505705416514,14.563241089734413,0.009182959543433
2022-02-02,EVRG,-0.004170084743834541,0.0218688663540677,0.007631884096003852,0.027955676058383623,14.572946697273688,0.0092725197018436
2022-02-03,EVRG,0.02521715526525177,-0.003913409295463913,0.014326610422294446,-0.008320142450336064,14.275085623271627,0.0068839589721957
2022-02-04,EVRG,-0.01398210610668584,-0.006809419467840104,-0.009528224610996101,-0.009156179144408994,14.38620814389889,0.0076930437042443
2022-02-07,EVRG,-0.0022983221040844964,-0.00517599027127447,-0.004643391977264159,-0.002609746116497681,14.57393083354632,0.0092816496209048
2022-02-08,EVRG,0.0024513116835374327,0.002895734017079601,0.010954365413150693,0.005365339790080004,14.261606282281033,0.006791790265482
2022-02-09,EVRG,0.006710595549943194,0.00470671585792401,-0.0004602745124250691,0.0003058128427192756,14.144311300923636,0.0060400935961043
2022-02-10,EVRG,-0.015316696741221525,-0.014801540025243698,-0.031342797499378856,-0.033253636612963544,14.404463764414372,0.0078347748287192
2022-02-11,EVRG,-0.021214335810261158,-0.016585716180700726,-0.011310393465355038,-0.008887550116252599,14.492223940345712,0.0085534298862561
2022-02-14,EVRG,-0.009981803173655214,-0.013215977945435201,-0.015499089744247064,-0.013158003786882921,14.363459119166784,0.0075200100001307
2022-02-15,EVRG,-0.009921631500036053,-0.010828115979242433,-0.008825023548923838,-0.012024851459012139,14.687306308151845,0.01039593450443
2022-02-16,EVRG,-0.016213161507842747,-0.0137022279441518,-0.0052667257547169095,0.0006536209050064086,14.904308509864935,0.0129153574072894
2022-02-17,EVRG,-0.0011447087153247904,-0.002763032344482824,-0.0019820374922969106,-0.0026172657450542957,14.427285522445926,0.0080156341777424
2022-02-18,EVRG,-0.0065672004412619936,0.002276020134557479,0.0033013495984730926,-0.0013113137273445396,14.47168302123285,0.0083795266660415
2022-02-22,EVRG,0.005748638871557501,-0.002113280667279607,-0.0037975266918095843,0.00016401724821227669,14.599458219450709,0.009521636064801
2022-02-23,EVRG,-0.0016392043524036469,-0.00358668132865215,-0.005141513184988432,-0.012873659979861273,14.720983386753282,0.0107520013478195
2022-02-24,EVRG,-0.015539930797957053,-0.005075642120610272,-0.011371247316084373,0.006457618409944148,14.694515120248507,0.0104711476471729
2022-02-25,EVRG,0.029710854772983623,0.035476150872628294,0.02900674696047841,0.03183634846762084,14.559398855489873,0.0091477441413396
2022-02-28,EVRG,0.0046793249797725,-0.007314319448277903,0.010239903919293645,-0.0022406511361324688,14.89255900931594,0.0127644963637532
2022-03-01,EVRG,0.0016084189864964819,0.002072445601889812,-0.02075080180820895,-0.024820896419032106,14.55042376730388,0.0090660096278387
2022-03-02,EVRG,-0.019147167510637032,-0.008797991266024749,0.004118902880059157,0.015160396394080048,14.055472680862609,0.0055266443384206
2022-03-03,EVRG,0.014152482504508321,0.014831738499726417,0.01776320724798861,0.00966050002495199,14.042806277086429,0.0054570830503348
2022-03-04,EVRG,0.005987788372923249,0.018206385340126592,0.005987788372923249,0.029682583996544526,14.006131744018864,0.0052605724114923
2022-03-07,EVRG,0.03205243884748927,0.011852800624868846,0.02068866103987497,0.008597061365493519,14.312156726724892,0.0071439442864166
2022-03-08,EVRG,0.012321892109636868,0.010487566939650852,0.010735932586844105,-0.008126208982070587,14.275716975883448,0.0068883065527011
2022-03-09,EVRG,-0.002638808696754804,-0.01017746679448784,-0.006617344914471805,-0.005664845593820183,14.29484613383375,0.0070213425161653
2022-03-10,EVRG,-0.024226494583386233,-0.0037267703647740564,-0.007298221035262017,0.011609730023314906,14.300649690406008,0.0070622097729157
2022-03-11,EVRG,0.021113134191236334,0.007439650684997494,0.01908430396945266,0.003736553577997676,13.805461232211272,0.0043041047003118
2022-03-14,EVRG,0.00807456994897363,0.0066178843551304226,0.003119518784703187,0.002638216662078143,14.019105065827203,0.005329264183477
2022-03-15,EVRG,0.008163529833862575,0.00030693535883319714,0.00015599850235810032,0.005410346717564914,14.097376499469583,0.0057631527179125
2022-03-16,EVRG,-0.009246775112218796,-0.003995319306839766,-0.0034318223815915263,-0.00293346820935433,14.166238553808618,0.0061739990756696
2022-03-17,EVRG,-0.0010842780387037845,0.008585203302909539,0.007316998977534974,0.004935294548732382,14.085691118521876,0.0056961999781299
2022-03-18,EVRG,0.008027354204931713,-0.0013747651153320365,-0.002018477247507544,-0.0035447124126773565,14.599321230084065,0.0095203317906494
2022-03-21,EVRG,-0.003234123355767334,0.0032047410444382405,0.007586891067364414,0.0032369690649983788,14.02892776133927,0.005381869907592
2022-03-22,EVRG,0.005230888597002628,-0.00703349060829317,-0.0046381106197803945,0.0018451076536898426,14.135781545961756,0.005988792146141
2022-03-23,EVRG,-0.0010747906941155673,0.0045927246285897855,0.00015488355638501716,0.0007676969944034132,14.234747727704798,0.0066118004325599
2022-03-24,EVRG,-1.2226057747513317e-07,0.0010684938808486477,0.007101946825818923,0.005662939057119779,13.821095930688866,0.0043719269561955
2022-03-25,EVRG,0.009935423768991342,0.020389091252596924,0.011168501938046483,0.020096170899616135,13.732890615405466,0.00400281737129
2022-03-28,EVRG,0.01853436192886073,0.002836409748208368,0.010743743646310778,0.0017934109292618524,13.591743062037102,0.0034758906140397
2022-03-29,EVRG,0.004617450076548997,0.009200087344105492,0.008990065094267688,0.010693635193533762,13.534076923301894,0.0032811190073993
2022-03-30,EVRG,0.00533576761608904,0.008384288667917506,0.0050587686352990624,0.008385521435807093,13.461690107508359,0.0030520015147666
2022-03-31,EVRG,0.009122977136415593,0.007151801373761214,0.0119497371696669,0.0011711903764182719,14.203287481765281,0.0064070293907571
2022-04-01,EVRG,0.0007321446302062965,0.004643050077705201,-0.002790275283942152,0.010480445384866923,13.858091963812301,0.0045367002573489
2022-04-04,EVRG,0.003652577217038631,-0.003480356254043893,-0.003978437001034925,-0.009310498437615116,14.085691118521876,0.0056961999781299
2022-04-05,EVRG,0.000728834133489964,0.011266877211327006,0.013054688188912651,0.009600000520209725,13.98820340717875,0.0051670994306269
2022-04-06,EVRG,0.009139225049242878,0.014827929361916141,0.0058123490145373805,0.021906663825534817,14.144743079548812,0.0060427021444075
2022-04-07,EVRG,0.01944849594258088,-0.0007080527481610274,0.00951692272897177,-0.0004250871443544622,13.91218435307705,0.0047888599266601
2022-04-08,EVRG,0.0028283377159337452,0.012245875785004143,0.013683135434229297,0.007481062991296255,13.847494572339858,0.0044888768717899
2022-04-11,EVRG,0.0064753105239712585,-0.0006997085179849302,-0.0022674431006378644,-0.007481062991296168,13.396353643404217,0.0028589689403283
2022-04-12,EVRG,-0.01270824228832348,-0.0001399197960163231,-0.0038381741534188455,0.010850595461704717,13.80566323180594,0.0043049742164129
2022-04-13,EVRG,0.012287287293171247,-0.0012609607011832228,0.0007118731201519055,-0.01056726578369567,13.473444102840746,0.0030880864329611
2022-04-14,EVRG,-0.008174502388527178,0.0004207071531029738,0.0055356857742819695,0.002970308587585259,13.513054553109397,0.0032128619934651
2022-04-18,EVRG,0.004799965129458951,-0.000981637006719762,-0.002835153855301444,0.0007056907117315346,13.584588079093473,0.0034511094051591
2022-04-19,EVRG,0.003935748581925551,0.0029412313142801465,0.0050968637449431515,0.0035217340139703656,13.517375374953456,0.0032267742510823
2022-04-20,EVRG,0.0067117056344525045,0.015956185471383808,0.010815755884905048,0.021012645480752167,14.026906171698036,0.0053710009563285
2022-04-21,EVRG,0.010535069163855692,0.006585207792495978,0.005016718372371168,-0.006908990302254916,13.875477080928214,0.0046162609805971
2022-04-22,EVRG,-0.007196097605262153,-0.014045779356920089,-0.00935691481646684,-0.01101429148290994,14.244823043503413,0.0066787531723425
2022-04-25,EVRG,-0.006549292550140364,-0.0072374897274397765,-0.031644608949261126,-0.01739434827553377,13.850685598408806,0.0045032238874576
2022-04-26,EVRG,-0.020907516722321714,-0.012934127477412427,0.0023145155577944908,-0.012488337109934817,13.589363751390264,0.0034676302110795
2022-04-27,EVRG,-0.012931273935015038,-0.011098597800389291,-0.013528505340743438,-0.00043356241999762204,13.894599888241048,0.0047053863809571
2022-04-28,EVRG,0.005623933949632137,0.002572043652560246,0.011213918384732582,0.007629745233148533,13.474007085877455,0.0030898254651632
2022-04-29,EVRG,-0.0028802585250429307,-0.00903163873946829,-0.01944935498389203,-0.027331331805846945,14.056494813261123,0.0055322961930776
2022-05-02,EVRG,-0.019514047635548086,-0.01640683787552285,-0.022549945550135054,-0.011413264908870648,13.753636218075409,0.0040867256750436
2022-05-03,EVRG,-0.008714347922192197,0.0037989119047047376,0.012457902783798255,0.004462161026907418,13.619740169694264,0.0035745806915115
2022-05-04,EVRG,0.002814551791815749,0.003348692956865393,0.005800577948368527,0.019837657266335167,14.117835646250953,0.0058822764237595
2022-05-05,EVRG,0.015850068191949646,0.01643396544211503,0.003552884109213566,-0.006568965731533268,13.991731041000214,0.0051853592687494
2022-05-06,EVRG,-0.00995029884415551,-0.018616575649012288,-0.002811579308232209,-0.002639652846859282,14.299849074997956,0.0070565579182588
2022-05-09,EVRG,-0.003830777998569339,-0.00029132621686323257,-0.01282632210808929,-0.0029410223882838696,14.290440159661534,0.0069904746945772
2022-05-10,EVRG,0.0017697632954314796,0.0017468304452404712,-0.014515095346887472,-0.021586507004500963,14.158391500603773,0.00612574093206
2022-05-11,EVRG,-0.01724180155940157,-0.011116072805215552,0.013012695635300128,0.00764573289771379,13.872836568870161,0.0046040877551821
2022-05-12,EVRG,0.0023960246469495994,-0.012282675686838196,-0.011947068818372045,-0.00239224458658959,13.72591511788483,0.0039749928560557
2022-05-13,EVRG,0.005221128846840299,0.009336804818358269,0.011646440922375788,0.012052770510134295,13.685175195447288,0.0038163061676098
2022-05-16,EVRG,0.008002341915075558,0.0026516588850150377,0.009726912546124579,-0.0013321950447904066,13.926963377792411,0.0048601602469481
2022-05-17,EVRG,0.0016222866969808991,-2.1893568753339806e-08,-0.005076234191395767,0.006495460868518402,13.674639150360115,0.0037763084269605
2022-05-18,EVRG,0.004997806801920896,0.0051361507455167,0.0011967916608003532,-0.013331523650336666,13.80384376483222,0.0042971485715033
2022-05-19,EVRG,-0.020126049392746738,-0.01137655359912967,-0.01839009811792404,0.003198417801057483,13.983226807962962,0.0051414487056452
2022-05-20,EVRG,0.009162687297054403,0.009511149013205234,0.016300165514489304,0.010885135136874996,13.953009942685174,0.0049884138718564
2022-05-23,EVRG,0.01660787952898944,0.012785972786020776,0.01767317395235766,0.009887265538727957,14.12717840789148,0.0059374906961777
2022-05-24,EVRG,0.004255491568378375,0.012335798876007588,0.004591384555459855,0.01775611006098819,13.648512199021129,0.0036789226236403
2022-05-25,EVRG,0.01713163233673775,0.005322501056929764,0.021056490189103615,0.002880938664593462,13.904346186661144,0.0047514707343139
2022-05-26,EVRG,0.006742950315794846,0.007860240281425507,0.004475743172130363,0.0005754277682673339,13.480458712110316,0.0031098243354879
2022-05-27,EVRG,-0.00876006784817757,0.004686495305329797,-0.00187441587580538,0.014415425629156882,13.934981945330232,0.0048992884714964
2022-05-31,EVRG,0.006756297452703587,-0.003832859374449055,-0.001010769681919406,-0.008967370817886358,14.694515120248507,0.0104711476471729
2022-06-01,EVRG,0.005999197861336165,-0.0012807501364919323,0.0037491970725437077,0.001000416186797154,14.145102752710498,0.0060448759346602
2022-06-02,EVRG,-0.0008547878637986077,-0.0002849205648356478,-0.011289834881218014,0.0,14.139549390599129,0.0060113995647689
2022-06-03,EVRG,-0.003712729191248905,0.0021344943111457786,0.013733567326832187,0.0,14.158888183129553,0.0061287842384138
2022-06-06,EVRG,0.004709976282912426,0.0025554014240019183,0.003153719122689349,0.005555194718151899,14.384681124699368,0.0076813052368798
2022-06-07,EVRG,-0.000285263745754602,0.002265637042143697,-0.00660579352721549,0.0021280529520740603,14.516676006124822,0.0087651570568674
2022-06-08,EVRG,-0.00014220234573318548,-0.006670698511242563,-0.007229375515402948,-0.022504797297326597,13.955968779619875,0.0050031956455746
2022-06-09,EVRG,-0.01738679142899823,-0.009874951033070331,-0.022601562234527,-0.023616859896056545,13.946627412937469,0.0049566765341672
2022-06-10,EVRG,-0.03570731313036759,-0.02948232842251013,-0.01797249395422657,-0.009245357025858856,14.16609770883715,0.0061731295595685
2022-06-13,EVRG,-0.004516902068922747,-0.018538647737543913,-0.048140620942872366,-0.053069116668309636,14.13054098170123,0.0059574895665024
2022-06-14,EVRG,-0.04490451593955273,-0.039081870935454524,-0.04458874329507942,-0.0317792857046014,14.385586306416988,0.0076882613656884
2022-06-15,EVRG,-0.025091310301749915,-0.025426527928271585,0.003806261430676898,-0.00016317190525668535,14.142149606870793,0.0060270508545882
2022-06-16,EVRG,-0.019941689562934375,-0.020159885298324926,-0.0071279431390242065,-0.009340348550246043,14.473393707370633,0.0083938736817092
2022-06-17,EVRG,0.008875763675664365,0.007852102135389826,-0.01289265903534289,-0.00992736910415125,14.944846342523167,0.0134496750513988
2022-06-21,EVRG,-0.01583405052479011,-0.0006519389216172544,0.011060955369211346,0.013214594192095676,14.021712202217492,0.0053431764410942
2022-06-22,EVRG,0.008113209859541268,0.008281203632134485,0.008794473893756392,0.0045841488136223576,13.961773928873038,0.0050323244349606
2022-06-23,EVRG,0.012943681693484975,0.01109610812943624,0.011498261095783132,0.01973221301531978,14.221842623489565,0.0065270226127052
2022-06-24,EVRG,0.01982485734185499,0.028068574523035267,0.02276667832169931,0.02639418826276508,14.10683673260303,0.0058179322322801
2022-06-27,EVRG,0.018500154923795288,0.012209533650116518,0.013793415506023969,0.013325386219888624,13.641872391178904,0.0036545761728102
2022-06-28,EVRG,0.02184932613255875,0.01054324831660984,0.018563716030861016,-0.0035465191018117306,13.407243026734037,0.002890271519967
2022-06-29,EVRG,-0.005687408125350573,-0.007322711162530949,-0.0009277222499876083,0.006466651753147295,13.575857725331772,0.0034211110996721
2022-06-30,EVRG,-0.006805870108104929,0.005649414827371736,-0.008701001866358226,0.0013802778367056308,14.211329962149108,0.006458765598771
2022-07-01,EVRG,0.01692866281448724,0.01915155304230131,0.01363934670343655,0.023626683470393005,14.273062612101857,0.0068700467145786
2022-07-05,EVRG,0.015745957663037446,-0.00569203446825366,-0.02620240653286207,-0.042813407809602536,13.838641952487691,0.004449313889191
2022-07-06,EVRG,-0.035627936122849,-0.01254643676652241,0.01240697523974723,0.014732375753288025,13.794798537295257,0.0042584551050055
2022-07-07,EVRG,0.01544671501527927,-0.001217561502407001,0.005758371698763348,-0.008037079173181588,13.81381011302691,0.0043401896185064
2022-07-08,EVRG,-0.008311479587302687,-0.012412969531884989,-0.0071639577464057864,-0.0006208283089049137,13.578522867254332,0.0034302410187334
2022-07-11,EVRG,-0.0063571594184008585,0.002156374329474649,0.0029651383878627337,0.008657907482086634,13.263864675787632,0.0025042063710905
2022-07-12,EVRG,0.00697507928327746,0.013146002157567196,0.007607021882127452,0.0001539380978801761,13.506674305279985,0.0031924283650899
2022-07-13,EVRG,-0.003094001102589055,-0.00701005918888868,-0.006205428413225298,-0.007415490194666253,13.52982781884627,0.0032672067497822
2022-07-14,EVRG,-0.017821309022367848,-0.006289744060981472,-0.013473495144387927,0.00510405938425651,13.325142575683993,0.0026624583014858
2022-07-15,EVRG,0.029528245687127884,0.004912549295817835,0.01051239355808907,0.0033883344915683756,13.70580840881857,0.003895866890858
2022-07-18,EVRG,-0.0059903453605103405,-0.003989617508219034,0.0015595385328798232,-0.009423125236170423,13.54015355220296,0.003301117877724
2022-07-19,EVRG,-0.005561722346112656,-0.00046147769207409775,0.0023347014455228064,-0.0010871717320684615,13.679119079189867,0.0037932639909314
2022-07-20,EVRG,-0.0023265633175097882,-0.005707787857399028,-0.018516202214369067,-0.018979514199825364,13.866394718668053,0.0045745242077456
2022-07-21,EVRG,-0.02007588699673641,-0.01952718391125773,-0.008748839896998884,0.003477783712639088,13.603431815252035,0.0035167578707901
2022-07-22,EVRG,0.009617756309601077,0.015030813444292905,0.016950909864420865,0.014724569485375138,13.522482219667573,0.0032432950570026
2022-07-25,EVRG,0.00656877315029397,0.009896529152044663,0.005326724348526916,0.009902654392544147,13.657101992862108,0.0037106599613294
2022-07-26,EVRG,0.010235646736071581,0.012234372792105973,0.007626943352036713,0.011481069724740311,13.736576652009514,0.0040175991450082
2022-07-27,EVRG,0.009368024712983324,0.009680806618663818,0.011869089363403362,0.010598105783198114,14.041610534742787,0.0054505616795767
2022-07-28,EVRG,0.02326759876293524,0.02070854630209148,0.01972461630933389,0.018059011043112774,13.806168052347914,0.0043071480066656
2022-07-29,EVRG,0.009660469219591296,0.011143813134555995,0.01565212189488997,0.009568036241875601,14.736868828149639,0.0109241655358319
2022-08-01,EVRG,0.006780741305101614,-0.0007293174906418976,-0.00044373329072714573,0.003071804645833246,13.933649974553873,0.0048927671007383
2022-08-02,EVRG,0.008047485025437449,0.004803869534748129,0.0035450143626958816,-0.006888015239394876,13.913363864914102,0.0047945117813171
2022-08-03,EVRG,-0.009076471153687248,-0.004949941183665956,-0.011120385509686385,0.005426368048401014,13.636624293790039,0.0036354468185866
2022-08-04,EVRG,-0.010644811284790496,0.003641826424175943,-0.0047826519109290385,-0.0019034038490237447,13.93843678913086,0.0049162440354673
2022-08-05,EVRG,0.012995030163874781,-0.005540856896635016,0.0019457218645238111,-0.0060261784902541915,13.415183726274728,0.0029133136966454
2022-08-08,EVRG,0.0055596360571655585,0.0052501728635786895,0.0174897479945763,0.011870886837218568,13.77583478128529,0.0041784596237068
2022-08-09,EVRG,0.006978614519971591,0.01358000922737597,0.009650537529310176,0.0130265687488091,13.935336838107542,0.0049010275036985
2022-08-10,EVRG,0.012383343415891538,0.003438042084034782,0.00406637564487025,0.0004314622908001523,13.639013207505085,0.0036441419795973
2022-08-11,EVRG,-0.00660442280971465,0.005419294502526699,0.001448243188888217,-0.0033115090111729834,13.721200977393528,0.0039562982598826
2022-08-12,EVRG,0.00459899665241678,0.009061329199074937,0.007497183236332586,0.022107453907448574,13.245644161596884,0.0024589915338347
2022-08-15,EVRG,0.016778395596472914,0.008141515286639174,0.01567646458133348,0.007588533007383686,13.74143443145732,0.0040371632572824
2022-08-16,EVRG,0.004501989256206844,0.0006988220722823909,0.004233060865589146,-0.0030846920933978767,13.85299996558035,0.0045136580806705
2022-08-17,EVRG,-0.002811357326750187,-0.0015379730696752903,-0.0001407784330685551,-0.0011241354685244988,13.503263898059886,0.0031815594138265
2022-08-18,EVRG,0.0014503993403908566,0.001912897735651386,-0.00025506432902637824,0.00541372385218978,13.30967413408274,0.0026215910447354
2022-08-19,EVRG,0.006919387484078389,0.006315383366970583,0.0004258592380937259,0.00548249013604073,13.821990517603467,0.0043758397786504
2022-08-22,EVRG,-0.00028143976556559895,-0.0021007103954062164,-0.0044099541175536446,-0.015114339818869834,13.507899210196792,0.0031963411875447
2022-08-23,EVRG,-0.01132545336159776,-0.015256974450030865,-0.007728951297050681,-0.003422070362054253,13.239792572688813,0.002444644518167
2022-08-24,EVRG,-0.004708868486118578,2.975203476195087e-07,0.0010055348637246833,0.0014275291590968694,13.727881899586592,0.0039828185009653
2022-08-25,EVRG,0.0044241349586629205,0.0053943360615576206,0.0012907272045769606,0.00426888824370895,13.26698479771544,0.0025120320160002
2022-08-26,EVRG,0.0029863639508336533,0.00042498820900817037,-0.006038683795479794,-0.013438059052239546,13.318260698420039,0.0026441984633633
2022-08-29,EVRG,-0.01877501259447274,0.0004245972251241734,-0.010000596738503027,0.009881989745289836,13.434983398202862,0.0029715712754173
2022-08-30,EVRG,0.013793285291873451,-0.0015573337616648611,0.006678269261889749,-0.011178110286243133,13.576492927493508,0.0034232848899248
2022-08-31,EVRG,-0.009750633552269152,-0.013407788350041859,-0.008865751962275127,-0.012471218626005321,13.753742595282702,0.0040871604330941
2022-09-01,EVRG,-0.010283329524246725,0.004441447555247775,-0.0010225196370275695,0.017502319038170632,13.558294319641913,0.0033615492467486
2022-09-02,EVRG,0.015457085401499294,0.005844210006644108,-0.0032202222332651936,-0.01983989957174569,13.629904814127018,0.0036111003677566
2022-09-06,EVRG,-0.01778920398035872,-0.0140263081320834,-0.005144381436196545,-0.005132423413251363,13.935336838107542,0.0049010275036985
2022-09-07,EVRG,-0.0027762497580846057,0.011892280961667777,0.007048569676605235,0.030406513922315477,13.65628150500091,0.0037076166549757
2022-09-08,EVRG,0.021854870757361883,0.005964206544611409,0.020278817515625096,0.0,13.262996244762027,0.0025020325808378
2022-09-09,EVRG,0.005710243313532594,-0.000141516183709037,-1.0424328072848777e-09,0.00042772803492515456,13.388108075608184,0.0028354920055994
2022-09-12,EVRG,0.0005689440756448749,0.007195418815904849,0.005291133385035851,0.009505312151138453,13.480458712110316,0.0031098243354879
2022-09-13,EVRG,-0.002421101899342885,-0.008328859254423346,-0.02264756302977738,-0.028792041549892396,13.463255830459033,0.0030567838533225
2022-09-14,EVRG,-0.016391437171632516,-0.007113411420474444,0.006399132247113128,0.011846427652209933,13.809996382806077,0.004323668812586
2022-09-15,EVRG,0.005637685681533602,-0.009612178633598856,-0.02213377857703514,-0.03017960884122233,14.359229805617352,0.0074882726624416
2022-09-16,EVRG,-0.024368268179454027,-0.018330348805529736,-0.007886206506709837,-0.007279076270786023,14.434850259679399,0.0080765003048175
2022-09-19,EVRG,-0.011289543349242415,-0.004709490029687556,-0.004341803499533453,0.008758231152781482,13.570122675820537,0.0034015469873979
2022-09-20,EVRG,0.002685434066753583,-0.006066444490311524,-0.0063214230936678864,-0.01414030123822951,13.531556195626495,0.0032728586044391
2022-09-21,EVRG,-0.0002980272286579325,0.0041470748754001445,-0.004539950815392392,-0.011457965494423966,13.36844346372147,0.0027802777331812
2022-09-22,EVRG,-0.018956565568393327,-0.02075800711160207,-0.008224290593424636,-0.0010620143493497844,13.846234700350632,0.0044832250171329
2022-09-23,EVRG,-0.009154725019014417,-0.011534389371895843,-0.018054593849827976,-0.014217136768591113,14.0225255403564,0.0053475240215996
2022-09-26,EVRG,-0.00383939203683422,-0.007815591521694426,-0.024910691795084757,-0.02257781629601801,13.963155262614796,0.0050392805637691
2022-09-27,EVRG,-0.01895053264181699,-0.012384127846127226,0.0006383593066257902,-0.009016924621591243,14.128788006124859,0.0059470553732895
2022-09-28,EVRG,-0.0006274301239294626,-0.005936511854206292,0.004616054767774564,0.004597758946256026,14.326176769024734,0.0072448081541411
2022-09-29,EVRG,-0.008509258252694395,-0.009920472177628727,-0.041172661624572955,-0.04414253139161078,14.199139652847606,0.0063805091496744
2022-09-30,EVRG,-0.037898730752517845,-0.03510844299920752,-0.019551323200884735,-0.018183999408858283,14.5111551174758,0.0087168989132579
2022-10-03,EVRG,-0.0052734532857117555,0.00913709644353402,0.009071254506158808,0.022966635477293475,14.537002697559975,0.0089451468897895
2022-10-04,EVRG,0.012153178394004989,0.011786680453074619,0.018720021943069955,0.02035735277354066,14.216164778957094,0.0064900681784096
2022-10-05,EVRG,-0.00032652208028114744,-0.016344747384133558,-0.017717202920377487,-0.030610488472787165,14.106687267054188,0.005817062716179
2022-10-06,EVRG,-0.021289792824758014,-0.0221059070625313,-0.03363668123067394,-0.03604766876547198,14.447686712966936,0.0081808422369463
2022-10-07,EVRG,-0.032378488551698094,-0.029281973057208432,-0.021127020488519846,-0.017207343152106255,14.160376752258884,0.006137914157475
2022-10-10,EVRG,-0.014578422249819215,-0.006721145635324008,0.005280006865116285,0.00663996046384981,13.783711277725288,0.0042115012355475
2022-10-11,EVRG,-0.0006996131461745407,0.0077512047341753995,0.00017543430207646245,-0.0012198776496737658,13.885503862184807,0.0046627800920045
2022-10-12,EVRG,0.0003499537847880058,-0.019054656204546896,-0.03373199483588857,-0.03984150605295712,14.023744308560264,0.0053540453923576
2022-10-13,EVRG,-0.048737778384193665,-0.0012250054547326343,-0.017764487275414183,0.03143668697918496,14.33982539187181,0.007344367747714
2022-10-14,EVRG,0.05362254503349249,0.01408345095013402,0.03253944659310696,-0.010606423106436981,13.667127712155585,0.0037480491536756
2022-10-17,EVRG,-0.009266497835111286,0.0015527555391300573,0.018079287473349193,0.01761548427772843,13.722079711107,0.0039597763242869
2022-10-18,EVRG,0.02223456210152696,0.016752450793942945,0.018103072955029595,0.027214738248591632,13.844390489048232,0.0044749646141727
2022-10-19,EVRG,-0.001547369317699615,-0.0074869335416209585,-0.0055354273124819725,-0.009046769396778488,13.373434887294062,0.0027941899907984
2022-10-20,EVRG,0.0018908542108539716,-0.004793691454820834,-0.014853964340518756,-0.022192293763508394,13.441690908466656,0.002991570145742
2022-10-21,EVRG,-0.014879010113020442,0.005135393759291995,0.003339698882723319,0.019445206323951202,13.666199315812236,0.0037445710892713
2022-10-24,EVRG,0.023429173383670645,0.01103674003460826,0.01722228393883681,0.004631642826987124,14.645371997949846,0.0099690020988031
2022-10-25,EVRG,-0.0030695710240781,0.013585087345211482,0.00773135989377637,0.017474354086121878,14.492020605759476,0.008551690854054
2022-10-26,EVRG,0.021793087378540445,0.0013316384516649548,0.01427364990938417,-0.0023574618718722974,14.192645462128159,0.0063392071348734
2022-10-27,EVRG,0.0005013469909975062,0.009108428650457849,0.010072399684041937,0.01472600897349008,14.074408050886744,0.005632290544701
2022-10-28,EVRG,0.008150995988126509,0.022172300381541984,0.008150995988126509,0.028816514857685428,13.546193478600463,0.0033211167480487
2022-10-31,EVRG,0.024062086425682867,-0.0029064970542094603,0.003968241136613711,-0.013486222006714167,14.354749279359169,0.0074547962925502
2022-11-01,EVRG,-0.009098380127747078,-0.003077153537350264,0.001154442726150125,0.0004906159007363964,14.135926725879854,0.0059896616622421
2022-11-02,EVRG,-0.00720715998221421,0.013213262477893312,0.000988546390963745,-0.0063970690931660894,14.126738976537867,0.0059348821478744
2022-11-03,EVRG,-0.013572085651576716,-0.007068495989740624,-0.016770963509788538,0.012590976841433885,14.530762126500328,0.0088894978593209
2022-11-04,EVRG,0.030200970522000818,0.010583887459804504,0.009831040507778313,0.017077952345924366,14.65241213521923,0.0100394329029901
2022-11-07,EVRG,0.012053224482985162,-0.0014366247289705162,0.002484068895040133,-0.02196461061363888,14.183274491169254,0.0062800800400005
2022-11-08,EVRG,-0.018704251306877338,-0.009630932749460362,0.00987497152539804,0.003911248963603248,14.443052515328914,0.0081430182865496
2022-11-09,EVRG,-0.003587165062584506,-0.008259849814921488,-0.026889684523681893,-0.022203060441541,14.880945515404376,0.0126171133846213
2022-11-10,EVRG,0.010723198633604656,0.010032538260742293,0.0038620826664980926,0.025775149586284032,14.609408093703827,0.0096168480778685
2022-11-11,EVRG,-0.004372862056446342,-0.007433786060815281,-0.012818521927910966,-0.038158115549572526,14.71810836822135,0.0107211335262314
2022-11-14,EVRG,-0.03249763275678245,-0.031471320963079134,-0.025618117625503024,-0.03355893904689548,14.828093169435972,0.0119675848571197
2022-11-15,EVRG,-0.022724598493625806,0.0038424175504631467,0.015209238364861162,0.038932475934899465,15.107412093381871,0.0158238887653789
2022-11-16,EVRG,0.027408411787373667,0.011440225616065081,0.017344615261895763,-0.004363675849176657,14.746374975900766,0.0110285074679607
2022-11-17,EVRG,-0.014987234137127157,-0.02060775902492973,-0.012483587629991591,-0.011057332004767701,14.652238900127083,0.0100376938707879
2022-11-18,EVRG,0.006823466619929981,0.005257131048895083,-0.00622860018012549,0.007873910346750213,15.57724045248815,0.0253137874924908
2022-11-21,EVRG,-0.005455141798504231,-0.0030492726620754457,0.010187466337718751,-0.004271653252696206,14.931766609308692,0.0132749023150831
2022-11-22,EVRG,0.0040941830963320165,0.010800006997266109,0.007700898381601609,0.013605621804364157,15.501576307880182,0.0234691090840642
2022-11-23,EVRG,-0.011988460874730877,-0.015561867389571833,-0.01858269428367309,-0.014804932940410612,15.077233550996867,0.0153534805546984
2022-11-25,EVRG,0.012499157531641441,0.009501355246461425,0.013284088505971629,0.011590393376534223,13.941791605242098,0.0049327648413877
2022-11-28,EVRG,-0.002896936657917853,-0.0030442262757158656,-0.0013720223595886825,-0.005437640242494228,15.15016972415002,0.016515154065732
2022-11-29,EVRG,-0.014264961979941284,-0.010043403981120221,-0.02045832551489857,-0.010620066195467596,14.821203506491829,0.0118854155855683
2022-11-30,EVRG,0.0038009425351048904,0.013762762270468708,0.007155924574133254,0.01944120637241443,15.925384428017578,0.0358553659438506
2022-12-01,EVRG,0.03090219154221199,0.01357593831736358,0.01877899671500114,-0.005589030162867654,14.812459561859505,0.0117819431695406
2022-12-02,EVRG,-0.023172364846602553,-0.022730172899513935,-0.011156101734357817,-0.006474772535934583,14.506054853957368,0.0086725535921031
2022-12-05,EVRG,-0.00911030822962114,-0.0032408060967646407,-0.0022459972386872145,-0.005828747085203629,15.026201048029227,0.0145896106599056
2022-12-06,EVRG,0.0036195913789097258,-0.00034192167642782464,0.0001727861179025251,0.005315842120698632,14.986474825551074,0.0140213818878544
2022-12-07,EVRG,0.006004045383824563,0.0203018867558393,0.0094673522496306,0.020315570425775857,15.307065654764134,0.0193206477658444
2022-12-08,EVRG,0.021655423889257494,0.03956854200274052,0.013781667354790169,0.038305090340097325,15.126030443700376,0.0161212632719459
2022-12-09,EVRG,0.0364811343711904,0.020395812935073,0.04364318814914914,0.006270519805263729,14.805758193439015,0.0117032519623934
2022-12-12,EVRG,0.014736853956245296,-0.0036342978079992733,0.007895128606545123,0.011949588901560993,14.298307626063982,0.0070456889669953
2022-12-13,EVRG,0.015305935167083357,0.017730099953492184,0.005122362169048022,0.001740551317566086,14.574633195524783,0.0092881709916629
2022-12-14,EVRG,-0.007860337029088144,-0.0007778522535306017,0.0006385241034423739,-0.003166974621293289,14.35737020597616,0.0074743604048244
2022-12-15,EVRG,-0.006650991492322358,-0.016477514720979317,-0.007849529650919668,-0.0039730931552352956,14.114207493463615,0.0058609732792832
2022-12-16,EVRG,-0.011505411117111841,-0.012739065784605113,-0.02293720824709631,-0.014273398647503394,14.931897602192363,0.0132766413472852
2022-12-19,EVRG,-0.004510285143208683,-0.003371033223274981,0.00868365038786335,-0.0035598205344014723,14.338581500844487,0.0073352378286527
2022-12-20,EVRG,-0.005504231507410584,0.0014462094295631142,-0.00032624988630337886,0.005173889431343118,14.260965954821316,0.0067874426849766
2022-12-21,EVRG,0.011780999784404146,0.012446313884467639,0.012003380896539522,0.016156473654383684,14.248786015093781,0.0067052734134252
2022-12-22,EVRG,0.007671431105772115,-0.0015870933538972344,-0.005983673719370487,-0.006527131114414056,13.803944933226086,0.0042975833295538
2022-12-23,EVRG,-0.00446794909167565,0.006333114753005805,0.01000646905610369,0.011591971195332416,13.637938902506871,0.0036402291571425
2022-12-27,EVRG,0.014763422536741904,0.0031516790013459105,0.01149630691062541,0.0022079177933982076,13.633390180932315,0.0036237083512221
2022-12-28,EVRG,0.0003150798371467595,0.003925539245384257,-0.001747882054586147,-0.0039460604979036475,13.849429742817824,0.0044975720328006
2022-12-29,EVRG,0.0009445866242305672,0.0006264510001038365,0.007604423852971823,0.004575791135868669,13.58773253405286,0.0034619783564225
2022-12-30,EVRG,-0.0003145602616926481,-0.0020377955386653036,-0.015587769994000775,-0.00933156291432948,13.518183454717185,0.0032293827993855
2023-01-03,EVRG,0.002515722182973634,-0.0006279578706862964,-0.008370951178793268,0.0,13.993322796380276,0.0051936196717096
2023-01-04,EVRG,-0.005195710627356409,0.012174268876243254,0.019054226207241856,0.015139795693241444,14.190310939188278,0.0063244253611552
2023-01-05,EVRG,0.0023650277714870106,-0.009664902099044219,-0.0065240038181308925,-0.014186830227189527,14.078721387071704,0.0056566369955311
2023-01-06,EVRG,0.0006297166452739455,0.02398935600132297,0.011428694494368483,0.02802086391283165,14.314102251447549,0.0071578565440338
2023-01-09,EVRG,0.016235143409508802,-0.004291182640084295,0.011767603356451087,-0.007748380044298047,14.087521222868185,0.0057066341713428
2023-01-10,EVRG,-0.011994800622960598,-0.012985195812845733,-0.009875425413859268,-0.0015568277835730086,14.09003216007411,0.0057209811870105
2023-01-11,EVRG,0.0057816480461114145,0.004966583206366712,0.00956334694018985,0.0035772639895345947,13.936223519415252,0.0049053750842039
2023-01-12,EVRG,0.00311140722426154,0.001083350039425658,-0.0064176775952198084,-0.007636620150692216,13.913182492084525,0.004793642265216
2023-01-13,EVRG,-0.013605758926630906,-0.011510679226204974,-0.013915608107530378,-0.0162452370661404,13.824471290415532,0.0043867087299138
2023-01-17,EVRG,-0.009810060867286917,-0.009904791890311725,-0.011531028286527025,-0.005101106048560579,14.319493423368174,0.0071965500105315
2023-01-18,EVRG,-0.00031817723050886417,-0.006658371632968685,-0.026276614683866887,-0.03331213243479055,14.614818383992796,0.0096690190439329
2023-01-19,EVRG,-0.03941805868107533,-0.03710433753956506,-0.021225927652944638,-0.021208204427108475,14.312400124411747,0.0071456833186188
2023-01-20,EVRG,-0.0253007639727868,-0.013628276404966087,-0.019100106052730825,0.00656074632912344,14.51205246989787,0.0087247245581675
2023-01-23,EVRG,0.007101869633587395,0.01230693061521376,0.018762328402024082,0.008348766065115481,14.216901377419033,0.0064948505169655
2023-01-24,EVRG,0.015050398478048838,0.017531290382879535,0.009752782062088383,0.019919900326803592,14.09026011476682,0.0057222854611621
2023-01-25,EVRG,0.016298089931102457,0.009697868966679435,0.017253327790377165,0.009409637696874534,14.451399849148508,0.0082112753004838
2023-01-26,EVRG,0.009749826045471265,1.7496339335271124e-08,0.00900538735778245,-0.00859484237683961,13.71447512010296,0.0039297780187999
2023-01-27,EVRG,-0.00811841246610801,-0.0033837049494575286,-0.004902125118625205,0.0055220193623595456,13.784124116607364,0.0042132402677497
2023-01-30,EVRG,0.004878963175665823,0.0014516223817990109,0.005879621596121408,-0.0008101015003710857,13.94469589515656,0.0049471118570554
2023-01-31,EVRG,0.005500771897617638,0.010739923623559576,2.7473723363053792e-08,0.01544191221102288,14.351829059388965,0.0074330583900234
2023-02-01,EVRG,0.005149620216963602,0.008098420969678905,0.006006933518705314,0.003823404796370767,14.381790377548606,0.0076591325763024
2023-02-02,EVRG,0.010220512126979865,0.008190375064631024,0.0104663220873346,0.005549935889102732,14.189760846724495,0.0063209472967509
2023-02-03,EVRG,-0.0009536091533645886,-0.011041038171824103,-0.03355356329009077,-0.02562594277612195,14.252216547970086,0.0067283155901037
2023-02-06,EVRG,-0.022028521402505778,-0.014377300029671079,0.00923330192595257,0.0077568883085006235,14.309658478768169,0.0071261192063446
2023-02-07,EVRG,0.006643457320599846,0.0008041630457662067,-0.003123188474802431,-0.002256242569170137,13.998416110865968,0.0052201399127924
2023-02-08,EVRG,-0.005830884462113771,-0.008395293839029164,-0.01159148126813829,-0.022186906994915163,14.076181851703659,0.0056422899798633
2023-02-09,EVRG,-0.016212629251481623,-0.01502809802685468,-0.0035037979347440937,-0.007617190831681482,14.044398379323622,0.0054657782113455
2023-02-10,EVRG,-0.0033074256367983247,0.00525287542750941,0.006165142184097159,0.015013080334819042,13.997166059659436,0.0052136185420343
2023-02-13,EVRG,0.01201951049128832,0.006527345298983194,0.013529266204925453,0.00457434845004926,13.519125389871355,0.0032324261057392
2023-02-14,EVRG,0.00522374918522567,0.0013005252428449547,-0.00822768511773246,-0.011475380547740163,13.780505984390441,0.0041980237359809
2023-02-15,EVRG,-0.018237640155875676,-0.0024397506109393174,-0.005800142871749955,0.011475380547740147,14.117835646250953,0.0058822764237595
2023-02-16,EVRG,0.009078303575713839,-0.00114042537134697,0.001826594018380519,-0.005557289321257176,13.986687746325835,0.0051592737857172
2023-02-17,EVRG,0.0070404365744546355,0.0168124457654848,0.012037282781466213,0.017708085352481653,13.778432587497326,0.0041893285749702
2023-02-21,EVRG,0.006018810556653478,-0.0061102402486996835,-0.005258737424034865,-0.015743099846046136,13.83971622274651,0.0044540962277469
2023-02-22,EVRG,-0.011909851905514147,-0.007934750303728932,0.003289929185634203,-0.003277193435658091,14.054370753243772,0.0055205577257131
2023-02-23,EVRG,-0.001806910842515117,-0.0013013345938856532,-0.007583190978119115,-0.0027939379710097078,14.30935338696673,0.0071239454160919
2023-02-24,EVRG,-0.044033227292469675,-0.0037510360663435536,-0.038287762729118525,-0.0021417303097105494,14.426905779245411,0.0080125908713886
2023-02-27,EVRG,0.040574480102937516,-0.00016350503731020954,0.03197964713516175,-0.007283693040920862,14.170805249793164,0.0062022583489544
2023-02-28,EVRG,-0.012284420957877335,-0.018306759119787804,-0.023249086113763397,-0.02319431294178639,14.299849074997956,0.0070565579182588
2023-03-01,EVRG,-0.02383270630918741,-0.02085506284116987,-0.014766620113600804,-0.013007160056933946,14.753289162976468,0.0111050248848552
2023-03-02,EVRG,-0.00910743041095608,0.0015283289367857746,-0.0010385222128780536,0.013007160056933923,13.741972730939233,0.0040393370475351
2023-03-03,EVRG,0.015076536915008059,0.010633922313008842,0.008277324054190141,0.012168430304803609,14.019105065827203,0.005329264183477
2023-03-06,EVRG,0.01216851825998425,0.004690188766622819,0.012289045361347234,-0.005220939949604284,14.052636695690987,0.0055109930486013
2023-03-07,EVRG,-0.0018495748190066352,-0.0008359453893458196,-0.013148028991484746,-0.014286006942975814,13.865063288448951,0.0045684375950381
2023-03-08,EVRG,-0.018471371776201746,-0.004271872873360416,0.0012308146182911392,0.017724170595967443,13.795410906560802,0.0042610636533087
2023-03-09,EVRG,0.019048124746140843,0.01933315227673641,0.015835052361413453,-0.0003402819063267571,14.365884341267128,0.0075382698382533
2023-03-10,EVRG,-0.0011904377521867195,-0.01848465355956841,-0.02210019225503864,-0.020973534838064273,13.983142245013829,0.0051410139475947
2023-03-13,EVRG,-0.019938933383173454,0.01898405667884329,0.003311440565944713,0.02284322886144634,14.302863439795049,0.0070778610627351
2023-03-14,EVRG,0.028580725870128294,-0.002332563127461738,0.02542652972308442,0.013493176139201927,14.445185848333555,0.0081604086085711
2023-03-15,EVRG,0.0047131130038902975,0.0101238511433789,0.0037250993548534053,0.010001902050638025,14.73320071019284,0.0108841677951826
2023-03-16,EVRG,0.0025157075098290846,0.006583221875449557,0.008917364756450136,0.003972779371258454,14.317255678467369,0.0071804639626617
2023-03-17,EVRG,0.011160176900324888,-0.008070566924938322,-0.005543067923435315,-0.010963627677082465,14.885689420917066,0.0126771099955953
2023-03-20,EVRG,-0.003983368043695791,-0.00033080053332720533,0.004369795012548683,0.002835499174112459,14.419335147280833,0.0079521595023641
2023-03-21,EVRG,-0.0011647834549255735,-0.004476479469370159,-0.022042214951063677,-0.018321348148876884,14.40806417620222,0.0078630341020041
2023-03-22,EVRG,-0.025121571576566838,-0.01861700116745679,-0.013810143547505855,-0.024035619061928266,14.162640795773006,0.0061518264150922
2023-03-23,EVRG,-0.02052666499013868,-0.019832976816895196,-0.009957157892971948,-0.00697458423742107,14.592723573327357,0.0094577266313721
2023-03-24,EVRG,-0.0003487131368214731,0.0264136326688819,0.005427592467367882,0.039456128128803974,14.074716764087688,0.0056340295769032
2023-03-27,EVRG,0.039984895614528004,0.008874176840023866,0.029760578875372607,-0.005566308028543705,13.800702457229365,0.0042836710719366
2023-03-28,EVRG,-0.011964011879943693,-0.0006669606145531037,-0.0006781567228063023,0.002027813989660856,13.609594015966547,0.003538495773317
2023-03-29,EVRG,0.005915601625683398,0.005821147540944762,0.006424335740938435,0.014911835741963666,13.544621359282976,0.0033158996514422
2023-03-30,EVRG,0.01853303461989743,0.00792873869613077,0.010727610627020427,0.005307749239080101,13.39969355338626,0.0028685336174401
2023-03-31,EVRG,0.001487588980459862,0.006068979627547239,0.007805283938880996,0.011022397646759968,14.112202667846741,0.0058492348119187
2023-04-03,EVRG,0.004778939771530685,-0.00475359253462826,-0.012149456516375357,-0.01102239764675992,14.243389912799609,0.0066691884952307
2023-04-04,EVRG,-0.00792229114011264,0.0032807603339370405,0.006675459040921095,0.004456468543344385,13.828131576779157,0.0044027947777836
2023-04-05,EVRG,0.010385047010536644,0.03397250134381369,0.014203422151864726,0.03923975498501434,14.410163043529547,0.0078795549079245
2023-04-06,EVRG,0.043167519479207515,0.011959251889877653,0.031159185365232867,0.002214468555651392,14.556733838286524,0.0091233976905095
2023-04-10,EVRG,-0.010261368470747306,-0.014336642752557466,-0.015700458071962204,-0.007135584230430979,14.402297278644323,0.0078178192647483
2023-04-11,EVRG,-0.002860236129505649,-0.0003173255535903428,0.00916192851242247,-0.004305799034905416,13.826055761350638,0.0043936648587224
2023-04-12,EVRG,-0.0025495163864050203,-0.0011118469306403743,-0.011101493780630033,-0.007540083692206721,13.768629620061917,0.0041484613182197
2023-04-13,EVRG,-0.0168935260084208,-0.010382560979790482,-0.015817601947067283,-0.0009664972597809426,13.860389272856255,0.0045471344505618
2023-04-14,EVRG,-0.0030877200402115333,-0.008222514469612266,0.0024624697069717872,-0.011021190281969337,13.746911537479262,0.0040593359178598
2023-04-17,EVRG,0.002276051437778267,0.009826856878323178,0.005885148151024148,0.011343459837145456,13.628097260230708,0.0036045789969985
2023-04-18,EVRG,0.008086604316719826,0.0004806593762449725,0.0030921096632214743,-0.005169763711013655,13.722738255024396,0.0039623848725901
2023-04-19,EVRG,-0.0027420229348139257,0.0022408755833848077,0.004054336487563781,0.012074691909455182,13.771977600435509,0.0041623735758369
2023-04-20,EVRG,0.010604177746501294,0.003192320976293574,0.007095605015533053,0.004151974891183978,13.757246709827497,0.0041015074487618
2023-04-21,EVRG,0.01128342034498367,0.010463038602689722,0.004969216752646083,0.004293606890031683,13.778847610936543,0.0041910676071723
2023-04-24,EVRG,-0.004117133406731291,-0.0018941948835143648,0.0003197786891244165,0.0011101643776302741,13.42513256481443,0.0029424424860313
2023-04-25,EVRG,-0.0007937987144454519,0.008652505271252865,0.004306480361561687,0.0093081685195125,13.528762715650256,0.0032637286853779
2023-04-26,EVRG,0.0017453555478076479,-0.002980600243746172,-0.013298304201170378,-0.026252420711079548,13.733216401013184,0.0040041216454416
2023-04-27,EVRG,-0.01807610461642006,-0.014559488049729268,-0.0024222447618735114,0.008028368866897432,13.745839956870485,0.0040549883373544
2023-04-28,EVRG,0.007718349561076772,0.00127455950890641,-0.0024280949015151143,-0.006739369669475196,13.78587678291234,0.0042206311546088
2023-05-01,EVRG,-0.008202790480909461,0.007296915834232355,0.0035592002043813445,0.005779388418807155,14.13621702249972,0.0059914006944442
2023-05-02,EVRG,0.004993909473939487,-0.014968492237352379,-0.012840520237707912,-0.016625476599448887,13.689267965948037,0.0038319574574291
2023-05-03,EVRG,-0.00985068322757545,0.0030436648405503465,0.004081337242726985,0.0038986998780637197,13.908455214851358,0.0047710348465881
2023-05-04,EVRG,6.651969065265108e-08,-0.0009601091583468718,-0.007194249051151524,0.008073741855439092,13.932672067179775,0.0048879847621824
2023-05-05,EVRG,-0.0035767196503457303,0.007496561370903102,0.007031244153784916,0.0065720100156832694,14.236587169926617,0.0066239736579749
2023-05-08,EVRG,0.01455160358344782,-0.0003178211910431329,0.009567951816880693,-0.008664973978644847,13.439799864032354,0.002985918291085
2023-05-09,EVRG,-0.0033764206358634,-0.009422689413870275,-0.0068015709247257,0.0017712493265706975,13.647093089770562,0.0036737055270338
2023-05-10,EVRG,0.007061521107842247,0.014970841563940088,0.009541643381221711,0.015326002895853562,14.073172244160999,0.0056253344158924
2023-05-11,EVRG,0.007805783055716785,0.002052980843017909,0.0001609743956107303,-0.010991664133570016,13.264732353295123,0.0025063801613432
2023-05-12,EVRG,-0.0038157044533739188,-0.004426958230306416,-0.0006440226047147411,-0.0009616533795019261,13.591617976196781,0.0034754558559892
2023-05-15,EVRG,-0.004150014586026356,-0.008273717384387048,-0.014762204828238834,-0.010638391407065885,13.809493491674422,0.0043214950223333
2023-05-16,EVRG,-0.012716504482183784,-0.012378612204315232,-0.014983422120898949,-0.02294804786083818,13.774897916528133,0.0041745468012519
2023-05-17,EVRG,-0.023272121976339096,-0.02174888512033104,-0.009668363549177744,-0.004486971439091097,14.13396501635527,0.0059779231948776
2023-05-18,EVRG,-0.011359139237504314,-0.009269144016442226,-0.010042845215244544,-0.003151570555894925,13.803944933226086,0.0042975833295538
2023-05-19,EVRG,0.010282395269435418,0.019696804404543782,0.01273897727034116,0.0006748941556513671,14.50580417097026,0.0086703798018504
2023-05-22,EVRG,-0.0005032819528687983,-0.011136136405348525,-0.004228345484304079,-0.0035487936176536745,13.449219527306578,0.0030141775643699
2023-05-23,EVRG,-0.010626680271218098,-0.0003343365036028345,-0.0047570313256495465,-0.005432015643265293,13.988035113816096,0.0051662299145258
2023-05-24,EVRG,-0.005952994569498621,-0.012957749136661745,-0.012682340414910748,-0.009405836096370536,13.849429742817824,0.0044975720328006
2023-05-25,EVRG,-0.011667871606092148,-0.018807150343465903,-0.014768647349318514,-0.014189461861936531,13.930000176270566,0.0048749420206663
2023-05-26,EVRG,-0.013903677077715844,-0.006927689164108548,-0.008260994282671057,0.0013931138904577714,13.807580195600393,0.0043132346193731
2023-05-30,EVRG,0.00541077878958883,0.005546083397911394,0.004754103949913289,-0.007686798769489404,13.907817140574274,0.0047679915402343
2023-05-31,EVRG,-0.005235656760398925,0.0020717493756183245,-0.0005271365003343796,0.014451279624625817,14.535202780648541,0.0089290608419197
2023-06-01,EVRG,0.011828280442723195,-0.0003450203914293885,-0.0038739541922228216,-0.011299521989112027,14.130322027731049,0.0059561852923507
2023-06-02,EVRG,-0.017091580230360576,-6.975362808609693e-08,-0.0015891961094878985,0.009222979665970006,14.14459917405418,0.0060418326283064
2023-06-05,EVRG,0.017955822343953466,0.01200505477426243,0.018384562174302108,0.0082802798950001,13.960131112925176,0.0050240640320004
2023-06-06,EVRG,0.008601341360075452,0.003063715233865664,0.009324775625574905,0.006677402843881512,14.014198288650682,0.0053031787004448
2023-06-07,EVRG,0.005636681083532127,0.019689299028508796,0.0017173123924638476,0.018429818952805006,13.994326811688836,0.0051988367683161
2023-06-08,EVRG,0.01755925814673556,0.00199783760042299,0.01853019172739405,0.0013395131385599928,14.07779866568576,0.0056514198989246
2023-06-09,EVRG,0.0008364173347536366,-0.0018310952278644944,-0.00033697499794889006,-0.006209658490147372,14.045829107307345,0.0054736038562552
2023-06-12,EVRG,-0.005701841293357805,-0.005345809728504439,-0.003544586509502628,0.0015140120897428634,13.91689407583971,0.004811467345288
2023-06-13,EVRG,-0.005058251047549747,-0.0020121392985905876,-0.005255628241330306,-0.004042563537163074,13.964620842026589,0.0050466714506283
2023-06-14,EVRG,0.0037119024103723077,0.0030165850702467767,-0.001701247910495263,-0.005585169147452708,13.95030452820213,0.0049749363722897
2023-06-15,EVRG,-0.004388190439777456,3.831058641324404e-08,0.005941865226513352,0.01164283326403594,13.926337008147637,0.0048571169405943
2023-06-16,EVRG,0.007414958298170344,0.007003549533317922,0.0025356599024524925,-0.005045420467683718,14.815112864325124,0.0118132457491792
2023-06-20,EVRG,-0.0008399442840607847,-0.01018804061828777,-0.011034840766330992,-0.00778619209004025,14.204914709985735,0.00641746358397
2023-06-21,EVRG,-0.014556634972144981,-0.006230430376512747,-0.012366961196512719,0.002715186210951444,13.953184234472724,0.0049892833879574
2023-06-22,EVRG,0.010852919436309592,0.004886552028325697,0.006545970003198473,-0.012104964963607133,13.504629456969948,0.0031859069943318
2023-06-23,EVRG,-0.009489917655087282,-0.009288211638697048,-0.01766882998713992,-0.0171268339782084,14.094430101346958,0.0057461971539416
2023-06-26,EVRG,-0.01942822104669299,-0.004591562798885294,0.00522911189812969,0.021576640060383092,14.231982204618397,0.0065935405944373
2023-06-27,EVRG,0.018235551419641668,0.005608983859791894,0.015696772100599186,0.0027285436731915623,13.917616683835558,0.0048149454096923
2023-06-28,EVRG,0.002723883649687153,-0.0030554993079527945,-0.01534907109451031,-0.017523201698009045,13.806268985882259,0.0043075827647161
2023-06-29,EVRG,-0.026704832653328976,-0.015246376675632414,-0.009078121636522213,-0.002429119973606444,13.934626926559323,0.0048975494392942
2023-06-30,EVRG,0.006613211853004456,0.013374537174295934,0.010293955894987881,0.0148302328078639,14.279685357540306,0.0069156963098849
2023-07-03,EVRG,0.011726296573876967,0.002041903118910597,0.008297357892430916,0.006483573912841789,13.166190771184487,0.0022711760560029
2023-07-05,EVRG,0.0061527159429382245,0.0220231643392744,0.005664687914068235,0.016027305810806556,14.157681525927146,0.0061213933515546
2023-07-06,EVRG,0.011856580049304925,-0.004332530552789447,0.005292455593125327,-0.0025135828725863633,14.16764591354597,0.0061826942366803
2023-07-07,EVRG,0.0018503909615601914,-0.006366334676703247,-0.0015336844093715451,-0.015386287137393114,14.15611780506243,0.0061118286744428
2023-07-10,EVRG,-0.012174564731572572,-0.012174564731572572,-0.018415346186617082,-0.011309126407826796,14.001741961336778,0.0052375302348138
2023-07-11,EVRG,-0.008371095086716608,0.0030575695025441135,0.009508204310411538,0.015390184234498618,13.44979631091769,0.003015916596572
2023-07-12,EVRG,0.014307899568741785,0.022638757316327456,0.01553598768494155,0.02049120319618341,14.043841431826987,0.0054627349049918
2023-07-13,EVRG,0.016104957901995575,0.0033106075755521902,0.015965342029116748,0.005967090020400104,13.655812352364054,0.0037058776227735
2023-07-14,EVRG,0.003654448189699322,-0.0009920843723328359,-0.004511731621494372,-0.005800996948918031,14.044239283117017,0.0054649086952444
2023-07-17,EVRG,-0.0066545288783600495,-0.004975134087029456,-0.011114977696670152,-0.011872053328940398,13.573695014944509,0.003413720212813
2023-07-18,EVRG,-0.00720330089542108,-0.0009980081458235033,-0.013297121954653714,-0.008276384859345598,13.790808970333627,0.0042414995410346
2023-07-19,EVRG,-0.004043031576629556,-0.0013321892672253474,0.013974383515287831,0.013811968669023117,13.929821796122377,0.0048740725045653
2023-07-20,EVRG,0.014745486604426898,0.014886132530594263,0.006410253523965155,0.01576662315490566,13.55531523963162,0.0033515498115862
2023-07-21,EVRG,0.01567814908826472,0.01515299837212732,0.020142109233480324,0.013574482875805906,13.653933537671891,0.003698921493965
2023-07-24,EVRG,0.010263270623636144,-0.0022663938850968576,0.0026333799743980878,-0.006682374607737028,13.319903541498842,0.0026485460438686
2023-07-25,EVRG,-0.01042701067346177,-0.00406017204338135,-0.00016442865970861043,-0.0024561001073074872,13.374834247859258,0.0027981028132532
2023-07-26,EVRG,-0.0009830849948270566,0.004708258461845362,0.002462876248971538,0.005232245482966642,13.478779687900316,0.0031046072388815
2023-07-27,EVRG,0.0022925043839013047,-0.009602097096458794,-0.02221939231334112,-0.024765938849229147,14.292490421601654,0.0070048217102449
2023-07-28,EVRG,-0.01566008492606312,-0.012340738072537306,-0.0001676398051859508,0.005501438498376122,14.092915753752607,0.0057375019929309
2023-07-31,EVRG,0.002654641364947829,0.001654156682110838,-0.00016782886387410506,-0.0029970884039551915,13.876606598057414,0.0046214780772035
2023-08-01,EVRG,-0.007317491193886335,-0.004472808064480215,-0.002855436847507626,-0.0078681474671178,14.159739065368452,0.0061340013350202
2023-08-02,EVRG,-0.008717572406014252,-0.004993330500964114,-0.0035386088450462035,0.003523192066526159,13.90736112383603,0.0047658177499817
2023-08-03,EVRG,0.003194107401942761,-0.004683064302978257,-0.015137704015961161,-0.022526130369264163,14.372208378484903,0.0075860932238123
2023-08-04,EVRG,-0.023606398739556368,-0.015202936890362572,-0.02095486225134295,-0.018672689106180883,13.9731132726572,0.0050897124976314
2023-08-07,EVRG,-0.014715133723247117,-0.014055864418846814,0.0010494238317933114,0.005916048365303815,14.16221667787884,0.006149217866789
2023-08-08,EVRG,0.006085435404830892,0.004134410125508453,-0.003151746154176552,0.0076047155576976335,14.101892535658994,0.0057892382009447
2023-08-09,EVRG,0.006737621218684311,0.00855880892321395,0.016005920766458147,0.0003442791917804677,14.09435443840716,0.005745762395891
2023-08-10,EVRG,0.004809256089430802,-0.0005115205390157165,-0.0008633970722178583,-0.0015503330315894423,14.062527654817684,0.0055657725629689
2023-08-11,EVRG,-0.002745351641572538,-0.005300460388012932,-0.0006912056593176707,0.004643594462719494,14.000828454578492,0.0052327478962579
2023-08-14,EVRG,0.002059707939413593,0.0001713882163296505,-0.006938416370279139,-0.011215683080816235,14.308254285127504,0.0071161197711823
2023-08-15,EVRG,-0.01799365886329358,-0.01833654345074068,-0.015259497076083105,-0.016445557607853156,14.15412407184272,0.0060996554490278
2023-08-16,EVRG,-0.006304689755740845,-0.0019221775608403355,-0.0008840786095895471,0.006155058577776268,14.037293984728302,0.0054270847448478
2023-08-17,EVRG,0.005081936036638772,0.00679863744181941,0.0026499559252298357,-0.0042164950497249635,14.068446670604011,0.0055988141748097
2023-08-18,EVRG,-0.0037633185140536016,-0.004555616538364445,-0.0005048132682673662,0.0037837423960914037,13.90416317072269,0.0047506012182129
2023-08-21,EVRG,-0.000709713654467025,-0.003534809306698222,-0.010403688306229569,-0.005689884361644145,13.837370870694539,0.0044436620345341
2023-08-22,EVRG,-0.005517503701327069,0.0015922405449464566,0.005574096594424604,0.006398848940288322,14.118500613089918,0.0058861892462144
2023-08-23,EVRG,0.013825310036301643,0.005465159397433584,0.00839233782205711,0.0019472455024352974,14.101817435268512,0.0057888034428942
2023-08-24,EVRG,-0.006357277690624791,0.007356615073315211,-0.0007116979312153536,-0.005674965966692018,13.800397935382136,0.004282366797785
2023-08-25,EVRG,-0.0037270160018433264,-0.0036716269949241104,-0.00035593260485882085,0.011669164632751345,14.05145265733506,0.0055044716778433
2023-08-28,EVRG,0.013247586185588528,0.007329864124935292,0.00903699723728693,-0.0029926440546412083,14.04670243444528,0.0054783861948111
2023-08-29,EVRG,-0.003867935172070907,-0.00488070523699015,-0.0022958753623947923,0.0063268038226190456,13.774585433126271,0.0041732425271003
2023-08-30,EVRG,-0.018309829002084915,-0.02172639360939768,-0.034718699831337275,-0.029152350498694902,15.407008710886059,0.0213514026199007
2023-08-31,EVRG,-3.688213746924193e-08,-0.0014296624359149686,0.005658416829360342,-0.008513762913739627,14.876075125255182,0.0125558124994956
2023-09-01,EVRG,-0.011729836271129735,-0.012959096436272324,-0.0304929405414611,-0.025238562829735016,14.793047271512014,0.011555434225211
2023-09-05,EVRG,-0.027232553005748863,-0.027736196223900247,-0.019134816057908163,-0.016364462723572365,14.49237641415736,0.0085547341604077
2023-09-06,EVRG,-0.015413927763619438,-0.006352884427338453,0.00419920947340656,0.010939317016559931,14.344432059239653,0.0073782788756558
2023-09-07,EVRG,0.016346105898647118,0.015068736563312323,0.016997664866199448,0.005611732552449444,14.557448378884015,0.0091299190612676
2023-09-08,EVRG,0.002977262641689253,-0.00184809436816867,0.0024314122276421317,0.006136628194608211,14.109895863465393,0.0058357573123521
2023-09-11,EVRG,-0.006524287420875989,-0.007426643680261815,-0.017335913839787442,-0.023067038336747663,14.744796880168714,0.0110111171459393
2023-09-12,EVRG,-0.014125875512978876,-0.010490959713296447,-0.00495433624661356,0.00567535276715986,14.378492673455774,0.0076339166093713
2023-09-13,EVRG,0.004919624774718775,0.014025538674543835,0.009884204795598308,0.01330491396178911,14.235996289556788,0.0066200608355201
2023-09-14,EVRG,0.01906954487353977,0.014563802338326068,0.01873764033298788,0.013313731691895968,14.301326633921231,0.0070669921114716
2023-09-15,EVRG,0.009033048722430721,0.004564833238630466,0.002780505862129579,-0.005526013756426462,14.977911399113752,0.0139018234239568
2023-09-18,EVRG,-0.0011017513453487004,-0.005846895836489903,-0.0027806399736387093,0.0,14.465385348402036,0.0083269209419266
2023-09-19,EVRG,-0.00460352411041189,0.0005496908514679615,-0.011575800622386084,0.0012922151240149584,14.425385362749443,0.0080004176459736
2023-09-20,EVRG,0.0014754309243627812,0.0023781389043649823,0.016021215261871422,0.002579206025387589,14.15312571263433,0.0060935688363203
2023-09-21,EVRG,0.0011051742665558412,-0.004394794462343809,-0.004816674736570068,-0.00905651384529686,14.825109831337109,0.0119319346969757
2023-09-22,EVRG,-0.012410992449487518,-0.01070125510027975,-0.011392362548559864,-0.004652481826384725,14.015427241958484,0.0053097000712029
2023-09-25,EVRG,-0.007108217281990316,-0.007073814318067617,-0.007352390895073973,-0.005986965021796486,13.71602276406913,0.0039358646315074
2023-09-26,EVRG,-0.003949912469654641,-0.008818804548669653,-0.02898746256818347,-0.03533261779528956,14.120050484945333,0.0058953191652756
2023-09-27,EVRG,-0.030618515394538134,-0.02461246470102033,-0.007625333637731573,-0.007610453432329541,14.347197660010536,0.007398712504031
2023-09-28,EVRG,-0.003308919455011076,-0.0077564657131338624,-0.014630532474016604,-0.012417593865649936,14.573087347481074,0.0092738239759952
2023-09-29,EVRG,-0.006454988783977184,0.00019452595260549804,0.004371887496372796,0.005537877370434203,14.77309715606375,0.0113271862486793
2023-10-02,EVRG,-0.008869686838295173,0.0013614678489662457,-0.05586453541574857,-0.05264377704616126,15.396631502760956,0.0211309802882786
2023-10-03,EVRG,-0.05263826907821595,-0.04410717406235171,-0.008422708923469913,0.018538271296788412,14.947203272387542,0.013481412389088
2023-10-04,EVRG,0.021266322954841144,-0.004683032372251981,0.01344259751177982,-0.006346802132042298,14.863952079869627,0.0124045166979089
2023-10-05,EVRG,-0.0022495975863666725,-0.002247299394746957,0.0033327735333879413,-0.007214128948425587,14.28769992175095,0.0069713453403536
2023-10-06,EVRG,-0.02382805778299204,0.0004088983949475835,-0.024630382632473937,0.009265905230329247,14.688935959127953,0.010412890068401
2023-10-09,EVRG,0.023213604754247497,0.009968653884291643,0.03250116051543654,0.011412412601236046,14.732481458471291,0.0108763421502729
2023-10-10,EVRG,0.010394472344551386,0.01267238428915233,0.01738463533705191,0.0070672517640948665,14.123216556753208,0.0059140137614487
2023-10-11,EVRG,0.012692893324723226,0.008558169033168908,0.0040470105764542665,0.012000158549007194,13.969947768166355,0.0050736264497615
2023-10-12,EVRG,0.004195278359689491,-0.0033747512347815974,-0.009740421877736093,-0.021298821088520457,14.38666014658922,0.0076965217686486
2023-10-13,EVRG,-0.012437470051948991,-0.005583335831731473,0.005896122756091496,0.014316165653819348,14.464131495907088,0.0083164867487137
2023-10-16,EVRG,0.012238220999942782,0.015279719076771281,0.004651750813960328,0.009563840478962339,14.138029469574008,0.0060022696457076
2023-10-17,EVRG,-0.0007980655939959066,-0.0021686907981413946,0.006235391757811978,-0.006764973635927456,14.338225819031313,0.0073326292803495
2023-10-18,EVRG,-0.0019976122009787395,-0.008721497619655879,-0.020255871631531596,-0.01772451705971074,14.826165931853666,0.0119445426804412
2023-10-19,EVRG,-0.021832231954870017,-0.020109255801662645,-0.008218606008508657,-0.014120734387704227,14.914489779304356,0.0130475238546525
2023-10-20,EVRG,-0.005327918797336742,-0.0014228963605540134,-0.002892544781349421,-0.0030963222405225523,14.653796936641498,0.0100533451606072
2023-10-23,EVRG,-0.01240456298593286,-0.006121255592195102,-0.018165344346086257,-0.0010342697615760513,14.718189467900602,0.0107220030423324
2023-10-24,EVRG,0.0107595116024658,0.006528000273527385,0.020645157968244704,0.012749518244620317,14.396720644504763,0.0077743434596946
2023-10-25,EVRG,0.0026719256951797964,-0.0016280104736356178,-0.0002064349529973115,-0.000817573472742063,14.65033133079271,0.0100185645165643
2023-10-26,EVRG,0.005730579773256448,0.015761068621775804,0.01149433789584059,0.005099380073384346,14.512550651297015,0.0087290721386729
2023-10-27,EVRG,0.0012237741942132943,-0.0116960711699083,-0.016876289107399522,-0.017031324845262652,14.400516137007425,0.0078039070071311
2023-10-30,EVRG,-0.013750913642991067,-0.005287770288880227,-0.0006228485991833724,0.003305769995274605,14.696133075083837,0.0104881032111438
2023-10-31,EVRG,0.007207010136184971,0.003663855160944595,0.009302425269540475,0.013522118047651997,14.959829213162784,0.0136527070609994
2023-11-01,EVRG,0.01040929310061469,0.019117140352018544,-0.0012352722332819668,0.013542448100142504,15.154320414669943,0.0165838458377168
2023-11-02,EVRG,0.008894144559130172,0.022273369505622555,0.022811392047786712,0.02439369651837177,14.938067537322464,0.0133588106188366
2023-11-03,EVRG,0.0427442513248388,0.01374537563053185,0.030344534056955284,0.003325288044737185,14.580513640957252,0.0093429505060305
2023-11-06,EVRG,-0.014567600542375327,-0.01063117983517892,-0.008435557247446424,-0.005482654092730216,14.853417325710371,0.0122745240407985
2023-11-07,EVRG,-0.0066745106676524436,-0.003308933732623503,-0.015085568272585885,-0.011850753640596382,15.092603982887052,0.0155912932083419
2023-11-08,EVRG,-0.004738399237289884,-0.014928580512759925,-0.024292664610445405,-0.015013750038282338,14.86279481479939,0.0123901696822412
2023-11-09,EVRG,-0.017770425538908934,-0.01475319453788944,0.0012286026624166594,-0.005055289608159942,15.08203581875635,0.0154273894232896
2023-11-10,EVRG,-0.002824329868730243,-0.0034202737066411086,0.007950237894130335,0.0016203260028046312,14.40806417620222,0.0078630341020041
2023-11-13,EVRG,-0.006892306921039673,-0.004038712168499881,-0.026125038687593777,-0.027910629171516835,14.854019276544916,0.0122819149276576
2023-11-14,EVRG,-0.0016285340398894082,0.011267843142068672,0.01981087248676675,0.03858022821831751,15.505237486197112,0.0235551911780705
2023-11-15,EVRG,0.017170340986949396,0.020006619249384235,0.018423403357244444,0.0065861969703981,14.53831410882138,0.008956885357154
2023-11-16,EVRG,0.011549319892759745,-0.002159580692158918,0.006598128489233078,0.0011929176264387123,14.367728189761946,0.0075521820958704
2023-11-17,EVRG,0.00257050430912801,-0.004333256687629646,-0.0037934862428303483,0.0011914151862438102,15.087684200201362,0.0155147757914474
2023-11-20,EVRG,-0.007731345030325627,0.0009863440048741281,-0.009850475613231297,0.0015862677725787299,14.566124910249101,0.0092094797845158
2023-11-21,EVRG,0.004428857815347279,0.0035105995313550182,0.006743125145706702,0.007458073071991907,14.559636458438408,0.0091499179315923
2023-11-22,EVRG,0.00859213565014871,0.012854759008003834,0.011116710569164214,0.01247161155596424,14.76287389715499,0.0112119753652871
2023-11-24,EVRG,0.013046348996186475,0.0007858282675702548,0.013179211449189656,-0.005523727122019789,13.557776855875467,0.0033598102145464
2023-11-27,EVRG,-0.0065018189029230735,-0.00019642165198121157,-0.0035771289121711734,0.0033573913295790667,14.238947206186547,0.0066396249477942
2023-11-28,EVRG,0.002172028205919484,0.01616872829639165,0.0069438626750558795,0.010590387875959676,14.591343565463104,0.009444683889856
2023-11-29,EVRG,0.012544237796915958,-0.002708983131546936,-0.0007911723409559201,-0.012168937381508007,15.258138228730362,0.0183980911826058
2023-11-30,EVRG,-0.012347169190972663,-0.009148608587360071,-0.006152773954975685,0.00786778866219433,14.547927008190921,0.0090434022092108
2023-12-01,EVRG,0.011372754810030972,0.013787994630282725,0.009905041218055069,0.01400800810237522,14.439843958142356,0.0081169328035174
2023-12-04,EVRG,-0.02028630360520634,-0.007355750939148796,-0.017699548088096418,-0.025634838916247273,16.074530418031202,0.041622431484218
2023-12-05,EVRG,-0.0023903411953669247,-0.002918526613343517,0.0022047197950731115,0.01495212264145433,16.01211283059797,0.0391038780974598
2023-12-06,EVRG,0.022871526810979773,0.013355311775641136,0.018250687532660372,0.01434679469828321,15.137693240169822,0.0163103830239293
2023-12-07,EVRG,0.012205961050307225,0.0021127908722932457,0.009975709254575981,-0.004823901337823704,15.025127702986808,0.0145739593700863
2023-12-08,EVRG,-0.002699626767717686,-0.004808225140408338,-0.0029237846029285487,-0.0027116527139324598,14.518757068177505,0.00878341689499
2023-12-11,EVRG,-0.00678100639592396,0.0011561344468991473,-0.005480475887491647,0.004257784527937756,14.81687782957041,0.011834114135605
2023-12-12,EVRG,0.010442989183348442,0.0009623786828604177,0.0029397147149568805,-0.008339022080336577,14.665191718890307,0.0101685560439994
2023-12-13,EVRG,-0.011999364524024794,0.02676441529062656,0.00019570199038130485,0.03783413690491765,15.03893328033297,0.0147765566216363
2023-12-14,EVRG,0.04548394491813023,0.0187406800068479,0.04120531332494814,0.000749660561376203,15.316561379278191,0.0195049851792719
2023-12-15,EVRG,-0.023530429128140913,-0.02418721411714453,-0.03438069152659799,-0.030631084285628975,15.577343495679997,0.025316396040794
2023-12-18,EVRG,-0.008800518267471023,-0.01651988573507766,-1.9906959501349922e-08,-0.005812848609179565,14.584878227741674,0.0093838177627809
2023-12-19,EVRG,-0.007328860266513724,-0.003836555586584531,0.00038861102986154,0.007550142440824347,14.617512591866694,0.0096951045269651
2023-12-20,EVRG,0.0030924350421793175,0.0009606317294914875,-0.009563755339860487,-0.01554932506972581,14.833057755391723,0.0120271467100432
2023-12-21,EVRG,-0.012622885637060445,-0.009065672497443767,-0.0019632428029296646,0.0003916015926933843,14.712945022602275,0.0106659192538132
2023-12-22,EVRG,0.005651451497683439,0.010408796187721121,0.009387944547773199,0.006051827254742529,14.435119373344408,0.0080786740950702
2023-12-26,EVRG,-0.0013612757868739043,-0.00211161532074513,-0.00038949287889539024,0.007948009791599622,14.34519777816046,0.0073839307303128
2023-12-27,EVRG,0.010838222401342204,-0.001730859708440971,0.00136233886602155,0.0011578864306905582,14.460989969233928,0.0082904012656815
2023-12-28,EVRG,-0.004437201883486305,0.006905804246162738,0.004656571328011342,0.007493564693249063,14.092309372021285,0.0057340239285266
2023-12-29,EVRG,0.006360173372385357,-0.0013390960623320216,0.0034782407484900725,-0.0007660371187681964,14.185625479424706,0.0062948618137187
2024-01-02,EVRG,0.0013441099534873956,0.02663313901336265,0.002889528285969249,0.023290040770469478,14.634365292083405,0.0098598778281185
2024-01-03,EVRG,0.02744039949307116,0.007427959511940688,0.0198062705101216,0.008201252243651742,15.183972105430596,0.0170829480797328
2024-01-04,EVRG,0.003912433630208265,0.00018504596529114706,0.008263013344067973,-0.004838077956639694,14.614008704136443,0.0096611933990233
2024-01-05,EVRG,-0.004285839407168862,0.003324114414873291,-0.0029968091062362034,0.0016773925867193036,14.388127745933918,0.0077078254779625
2024-01-08,EVRG,0.002238406000882302,-0.005360932155997561,0.00206125338567233,0.004088453498644565,14.534131021921581,0.0089194961648079
2024-01-09,EVRG,0.010011219164835895,0.009592402813341328,0.002057043048904095,0.005363938591338848,14.963928685305985,0.0137087908495186
2024-01-10,EVRG,-0.004622466954850084,-0.001102261056629002,0.005217022477330853,-0.002401015734659154,14.935982507111174,0.0133309861036023
2024-01-11,EVRG,0.00018541797497172426,-0.005528861659933292,-0.014790066428749372,-0.013590443347478985,14.908574482889952,0.0129705716797075
2024-01-12,EVRG,-0.004642957062464447,-0.00166465828824661,0.005454754908264821,0.009328433927989991,14.694432077599,0.0104702781310718
2024-01-16,EVRG,-0.0009312296437304557,-0.006500192103691256,-0.01188806126413529,-0.018555441881038904,14.80538663973464,0.0116989043818881
2024-01-17,EVRG,-0.02127947448403458,-0.014261922134641574,-0.019745781654716694,-0.020449946704168373,14.913889819483666,0.0130396982097428
2024-01-18,EVRG,-0.01941057048837766,-0.024102036380412334,-0.016200160677935324,-0.017530576962893604,15.140780482977647,0.0163608149577916
2024-01-19,EVRG,-0.012301137606372657,-0.010705710249167874,-0.010881437566265802,-0.00888189722657126,14.728556430973532,0.0108337358613203
2024-01-22,EVRG,-0.012255578511987782,-0.0021548837858603054,-0.011604793255003989,-0.011565377955247992,14.874411693232943,0.0125349441130699
2024-01-23,EVRG,-0.006184658018040407,-0.016411823060922134,-0.00605586414125326,0.0036034651989695567,15.035957220081471,0.0147326460585322
2024-01-24,EVRG,0.007377171146614801,0.0085360662305018,-0.0014182618931292891,-0.013884940741530355,15.500742349183966,0.0234495449717901
2024-01-25,EVRG,-0.011789526532157538,-0.008735383884211946,0.0008107224555205239,0.014684030996034778,14.742108388725482,0.0109815535985028
2024-01-26,EVRG,0.008805393612790962,0.005369421521886826,0.006663366927014319,-0.006410267742362824,14.583255340789552,0.0093686012310122
2024-01-29,EVRG,-0.004993540150250012,0.008492185845321916,-0.00040260692025943995,0.016740110239971236,14.673070298970664,0.0102489862833487
2024-01-30,EVRG,0.007977741836313858,0.0011792788807249326,0.0034167917366985582,0.0017770857054022042,14.730120277728942,0.0108506914252913
2024-01-31,EVRG,0.014397223094183488,0.01229883921919955,0.007396295420481035,0.0015769937320010436,16.223545252647867,0.0483107493336724
2024-02-01,EVRG,-0.009838762868439958,0.0063823075418025736,0.001592039334485442,0.01911875692805864,14.799871442417862,0.0116345601904087
2024-02-02,EVRG,0.011599470838968546,-0.012220051817593572,-0.0005967635010033947,-0.020498500332164854,14.596073658675229,0.0094894639690613
2024-02-05,EVRG,-0.020338263018320563,-0.018913092214114625,-0.012815483854573439,-0.020524775262952707,14.49237641415736,0.0085547341604077
2024-02-06,EVRG,-0.012647008851716858,-0.009592416577446243,-0.005253590619356555,-0.00020134109153385489,14.58436846130098,0.009379035424225
2024-02-07,EVRG,0.007045750300969904,0.002006018702844145,-0.00020270292530759498,-0.005654317382638358,14.430101966480432,0.0080382415963703
2024-02-08,EVRG,-0.014752207081564335,-0.01575477461933183,-0.026903722067563765,-0.015510562005212006,15.076071897113287,0.0153356554746264
2024-02-09,EVRG,-0.01023133286713634,0.00304910606031827,0.007465811287016877,0.009416692538320318,14.7301603442233,0.0108511261833418
2024-02-12,EVRG,0.009416758751346089,0.010297935091115125,0.008640261985185827,0.013960793438203596,15.221877362917764,0.0177429108004473
2024-02-13,EVRG,0.012955644533640018,0.001003987111698002,-0.013403665594149112,-0.011722068689049016,14.552244387862054,0.0090825304337591
2024-02-14,EVRG,-0.010716968304906649,-0.006644579464698243,0.014631954085341119,0.0,14.462300138270663,0.0083012702169449
2024-02-15,EVRG,0.0066863681212361555,0.014042425711069792,0.012806352146669366,0.015131987853687372,14.753289162976468,0.0111050248848552
2024-02-16,EVRG,0.0036282366813394115,0.004372769396272191,-0.0032369746635828997,0.001800469596101259,14.826420685651877,0.011947585986795
2024-02-20,EVRG,0.008614796948898157,0.0037614046622101638,0.012084878228724399,0.002993838739264766,14.5299303632759,0.0088821069724618
2024-02-21,EVRG,0.006164808092451449,0.002368222073462622,0.0039960012698988,0.008532627070269994,14.51776662635457,0.0087747217339792
2024-02-22,EVRG,-0.002381877821800842,-0.0031589337766924496,-0.003996024744413503,-0.006939698844915345,14.967000202398644,0.0137509623804206
2024-02-23,EVRG,-0.002586860144914864,0.004931432707385159,0.0035971020912651647,0.00614898021497668,15.063347413061857,0.0151417533840871
2024-02-26,EVRG,0.004968576338434956,-0.007505619243553291,-0.01446695403991572,-0.021992190368988095,14.409335069440889,0.0078730335371664
2024-02-27,EVRG,-0.015584546912259337,-0.004171875271026604,0.00161799306046652,0.014648751931300271,14.318405416181546,0.0071887243656219
2024-02-28,EVRG,0.004620790926585533,0.00019910521526859113,0.004234283869365925,-0.008200864558859452,14.574867206602063,0.0092903447819156
2024-02-29,EVRG,-0.0026092812149906756,0.0023855394513312717,-0.004234411850079867,-0.005033862775753402,15.141842843360587,0.016378205279813
2024-03-01,EVRG,-0.006047122404130636,-0.016013088112571867,-0.018147114656566796,-0.008514131735175115,14.791465827392015,0.0115371743870885
2024-03-04,EVRG,-0.009547948087428046,0.009838471630560066,0.00533564439516005,0.01755682249114259,14.846843149680703,0.0121940938014492
2024-03-05,EVRG,0.027382380472144845,0.021935504735309065,0.02406343372115769,0.007175591382514603,14.819262932110098,0.0118623734088898
2024-03-06,EVRG,0.008700859252471953,0.0005861451867912705,0.006968660107722815,0.006532717888138163,14.915921561308119,0.0130662184508255
2024-03-07,EVRG,0.006671948369602953,0.004871900816656384,0.012030474903877979,0.013328331017340581,14.999199325134898,0.014200936962726
2024-03-08,EVRG,0.009464260653756055,0.02284904161100286,0.003143978450113075,0.016484975774759537,15.238281726939325,0.0180363724845594
2024-03-11,EVRG,0.008011793398309146,0.003265773519804641,0.01570824632801925,0.0013567441030613225,14.652888377039577,0.010044215241546
2024-03-12,EVRG,1.3429682164972329e-08,-0.013710717649026281,-0.014323852677032357,-0.006997111425656499,14.629990466561443,0.0098168367811153
2024-03-13,EVRG,0.010262471414120605,0.017730279433004304,0.013544310098214846,0.0033102954930478838,14.842877798040314,0.0121458356578397
2024-03-14,EVRG,-0.00792968438881642,-0.014042779729165615,-0.013544318272322914,-0.009767655798935399,14.63661154278179,0.0098820504886958
2024-03-15,EVRG,-0.013291822805088945,0.0019354168848415663,0.004141679473514231,0.012873213301517335,15.153166255937872,0.0165647164834932
2024-03-18,EVRG,0.00979052993165603,0.004437122743197668,0.007841562980682431,0.003095942866282305,14.62002065368479,0.0097194509777952
2024-03-19,EVRG,0.0071837897040412674,0.00919723103863373,0.009329515908392485,0.008464902604351215,14.31743730390657,0.0071817682368133
2024-03-20,EVRG,0.012114372841114959,-0.0013360155413841045,-0.003682520805267431,-0.00827168558306189,14.635334881859855,0.0098694425052303
2024-03-21,EVRG,-0.011147505306106167,-0.0032520865448297485,0.003682491782103891,0.000386245169093005,14.585017209864628,0.0093851220369325
2024-03-22,EVRG,0.007509441978586654,0.0017230179720750423,-0.006404609467211436,-0.0030941466266377836,14.691146364694642,0.0104359322450794
2024-03-25,EVRG,-0.006736682260864647,-0.008066087266941567,-0.0046838958304795415,-0.004075767091458772,14.342721801228498,0.0073656708921902
2024-03-26,EVRG,-0.001739541572030167,-0.0019300775785232695,-0.0011742539295942485,-0.0027262808837736283,14.470644815698467,0.0083708315050308
2024-03-27,EVRG,-0.004653885454322896,0.024994123401578555,0.007608988476826634,0.033934011947707496,14.590192102356106,0.0094338149385926
2024-03-28,EVRG,0.03194294101185808,0.00993718157958534,0.02949270413110242,0.006201246367639082,14.584878227741674,0.0093838177627809
2024-04-01,EVRG,0.004882728317011224,-0.004112826231267531,-0.006436931226723589,-0.012061901844012733,14.189485686975328,0.0063192082645488
2024-04-02,EVRG,-0.01073560304694936,0.0007489776350727951,0.0028448769169298733,0.00510629880191896,14.543542623236126,0.009003839226612
2024-04-03,EVRG,0.0011355020741999496,-0.009214837016964765,-0.006841498802230501,-0.005485585235063327,14.086148958699395,0.0056988085264331
2024-04-04,EVRG,0.004152565391756879,0.005464022817650664,-0.0020997513662671004,-0.0007590047138927681,14.651155500347606,0.0100268249195245
2024-04-05,EVRG,-0.014418791239723677,-0.01400220971792287,-0.009407857531850208,-0.009153430308457439,14.52870592390384,0.0088712380211983
2024-04-08,EVRG,-0.003829171528116172,0.008160282695989672,0.0051948902234839976,0.011049863019814499,14.507357393441891,0.0086838573014171
2024-04-09,EVRG,0.0169286162434401,0.0049019650646159214,0.01068914411499681,0.0035934566728109125,14.316952896076575,0.007178290172409
2024-04-10,EVRG,-0.01808029350660072,-0.01898675646791322,-0.024991720369909206,-0.024654918548024755,14.452511106777745,0.0082204052195451
2024-04-11,EVRG,-0.0013453254073563941,-0.002687212770617709,-0.007621016392750016,-0.004266158991752171,14.535154089254101,0.0089286260838692
2024-04-12,EVRG,-0.01005022607496656,-0.0053959010246059464,-0.0059019098235270455,-0.009959895748935304,14.447846130476949,0.0081821465110979
2024-04-15,EVRG,-0.006430856201166796,-0.006591733640522521,-0.008122879258374214,-0.011052048657456891,14.501432197058461,0.0086325558514538
2024-04-16,EVRG,-0.016359886309666,-0.02063545221149919,-0.014426211840012665,-0.01660861651740652,14.486514885033573,0.008504736984596
2024-04-17,EVRG,-0.01078946171374089,0.0061366342512989185,0.003022575271102169,0.019382982871478438,14.047019818945774,0.0054801252270132
2024-04-18,EVRG,0.02224969738525829,0.008059099928476157,0.013192289110731305,0.008473814420765072,14.353757361077248,0.0074474054056911
2024-04-19,EVRG,0.0027466978474171492,0.01727357990570701,0.01341243008595311,0.015576618874355368,14.474222078720942,0.0084008298105178
2024-04-22,EVRG,0.014587485771594378,0.00766728001897012,0.011105851644971,0.009613654842167443,14.194700819075793,0.0063522498763895
2024-04-23,EVRG,0.005199759756270878,0.006850588889593902,0.00618113167037328,-0.00019140520559398388,14.477425551955768,0.0084277848096511
2024-04-24,EVRG,-0.005586012897359843,-0.00037929807112987247,-0.008508943784939228,0.004392318360279149,14.561345535141411,0.0091655692214116
2024-04-25,EVRG,0.008846233079975148,-0.0022791438430435295,0.006581560025950196,-0.0011439337961849606,14.333947740182179,0.0073013267007108
2024-04-26,EVRG,0.001339204624128024,-0.00038049965166151193,-0.002704973064751601,-0.014023968499851545,13.9908083390287,0.0051805769301935
2024-04-29,EVRG,-0.0067145740811850995,0.003986749091484548,0.004054557102756628,0.020299509886725572,14.51399397545285,0.0087416801221384
2024-04-30,EVRG,0.0076702259613892435,0.0005683347999291583,0.00019267735121388793,-0.0057033729440833635,14.416488171827611,0.0079295520837362
2024-05-01,EVRG,-0.003061055805623478,0.01036079334378395,0.003845406755467565,0.00929879449135647,14.60786984137058,0.0096020663041503
2024-05-02,EVRG,0.019355423380002575,0.003927762470036608,0.01372233652139587,0.011456583107760345,14.580699756635196,0.0093446895382326
2024-05-03,EVRG,0.01325511107575435,0.011507169872555695,0.009419822944118247,0.010218384833911482,14.93783969877048,0.0133557673124829
2024-05-06,EVRG,0.004256513151358283,0.002027792824503918,0.00672762408033225,-0.002591199103934363,14.719486169072368,0.0107359152999496
2024-05-07,EVRG,0.0007384135432805236,0.0069738554805796665,0.004089298709981091,0.009039899951084061,14.445398931536426,0.0081621476407732
2024-05-08,EVRG,0.0027643103136159686,0.0003657736820359866,0.0040726616514031025,0.002201479958321658,14.24794276323131,0.0066996215587682
2024-05-09,EVRG,-0.003502616738018687,0.020984836510304368,0.0003694095269101412,0.020854883656108814,15.368103160477455,0.0205366660331952
2024-05-10,EVRG,0.0348428757960357,0.006423988476833053,0.020834048011702522,-0.005398691695222753,15.36498634158498,0.0204727565997663
2024-05-13,EVRG,-0.0068003167627268,-0.0028500019698299447,0.0028896656350200795,0.0057575607590757945,14.846022790752652,0.0121840943662869
2024-05-14,EVRG,0.010893938907357466,0.00498218517816748,-0.005424963933072139,-0.00792516717926537,14.698865202986044,0.0105167972424792
2024-05-15,EVRG,-0.004628855718885218,-0.003200080086434279,0.0077666119611374835,0.00612938942326987,14.428640572191167,0.0080265031290058
2024-05-16,EVRG,-0.006265164863824628,-0.0041038427106502426,-0.002341729703417774,0.0,14.567822942967823,0.0092251310743351
2024-05-17,EVRG,0.0011544294829058347,0.00624553245228867,0.0023837315701288023,0.0020526463393328934,14.53928441698488,0.0089655805181648
2024-05-20,EVRG,0.00018139957022931177,-0.007216376449648119,-0.0016395055556966494,-0.00036299350275789986,13.794185792803807,0.0042558465567023
2024-05-21,EVRG,0.0016314884842005902,0.007755493829824977,0.005273251722698528,0.009754445131418368,13.958572267505886,0.0050162383870907
2024-05-22,EVRG,0.00018113346162547742,-0.003419412715870631,-0.006732802806211558,-0.014302801244257382,14.086987788322052,0.005703590864989
2024-05-23,EVRG,-0.01110820342464528,-0.013978634855123755,-0.025331834769971952,-0.026421868138845377,14.43264079159088,0.0080586752247455
2024-05-24,EVRG,-0.018854531922810294,-0.017706079891469776,0.00018722601782878256,0.0003744092503364955,13.991060069467007,0.0051818812043451
2024-05-28,EVRG,-0.0024288319154290327,0.0003719914263105722,-0.006009441171704409,-0.0031868819568304394,14.081944223483996,0.0056748968336536
2024-05-29,EVRG,-0.013749119423048664,-0.017261153150397567,-0.012700397203759942,-0.013039910543819656,14.588439335188166,0.0094172941326722
2024-05-30,EVRG,0.0052959470306194025,0.009230524960290898,0.0036180129345705445,0.013603053017781037,14.216633586206205,0.0064931114847634
2024-05-31,EVRG,0.010135288234517157,0.025181842225788877,0.015653325110925407,0.02538351314405105,15.066615295210982,0.0151913158018482
2024-06-03,EVRG,0.019234957841669013,0.004378822561391857,0.013013791281360407,-0.0067920910279708775,14.509807577206276,0.0087051604458934
2024-06-04,EVRG,-0.008646990173171196,0.0007278960181568941,-0.0007391704158026761,0.005327428896398814,14.46773209279903,0.0083464850542007
2024-06-05,EVRG,0.003688686555541332,-0.009872133536673275,-0.00593253701527373,-0.01420820731609635,14.270210810588509,0.0068504826023044
2024-06-06,EVRG,-0.012038281496678524,-0.006820867737648071,-0.007278132998654965,-0.007461313463849836,13.854155143649532,0.0045188751772769
2024-06-07,EVRG,-0.015585609291445994,-0.013595447065939606,-0.012818217343654141,-0.008461036914638537,13.606517662191486,0.0035276268220535
2024-06-10,EVRG,-0.006264958359579515,-0.0030048373712063263,-0.0038016493156964493,0.001697884834090498,14.203083891932941,0.0064057251166055
2024-06-11,EVRG,0.001712559227636028,0.003192292714164769,0.00019052664365995468,0.004326216820699639,14.329651280712508,0.0072700241210722
2024-06-12,EVRG,0.023672011632370805,0.009701580752396148,0.006263628945072773,-0.003007514609160711,14.280062478615095,0.0069183048581881
2024-06-13,EVRG,-0.01515324436381088,-0.010076605455255168,-0.010270096135558085,-0.0030165870456293703,14.092309372021285,0.0057340239285266
2024-06-14,EVRG,-0.006619402110060542,-0.004134611531018597,0.003815990593674584,-0.004162703047086847,13.75384896117509,0.0040875951911446
2024-06-17,EVRG,-0.006472572456856545,0.002445183941952941,-0.006879440109894575,-0.002278012567996585,13.959178773952146,0.0050192816934445
2024-06-18,EVRG,0.004192907141904309,-0.0015039993735310715,0.006688964605905312,0.0034149266636447936,14.060024918099726,0.0055518603053517
2024-06-20,EVRG,0.002659127372139621,0.005254326333829858,0.003612556709346942,0.0013249419314119986,14.130686924385419,0.0059583590826034
2024-06-21,EVRG,0.006805275152498052,-0.0026237336515148968,-0.0015194862723720746,-0.003979954333058055,14.908708549073936,0.0129723107119096
2024-06-24,EVRG,-0.007374606006856007,0.006173379194622435,0.0015194106091301802,0.013392598957580607,13.797042060321226,0.0042680197821173
2024-06-25,EVRG,0.010947747027827606,-0.0065487077022998155,-0.0013293271808620661,-0.009412644624522452,14.31519494803372,0.0071656821889434
2024-06-26,EVRG,-0.01627593559063261,-0.006969977784435217,-0.009931351812772986,-0.0007568201801895838,14.15041084543484,0.0060770480303999
2024-06-27,EVRG,0.00741380223693285,0.00828318978266411,0.009741343749309933,0.007918594630913,13.926157973306085,0.0048562474244933
2024-06-28,EVRG,0.012422394362951818,0.0026210990999272414,0.005686003728222829,-0.005272188947672024,14.70299061967628,0.0105602730475328
2024-07-01,EVRG,-0.0033725835167343694,0.00037401697528366065,-0.006827164479984311,-0.004920458356103057,13.990976166361621,0.0051814464462946
2024-07-02,EVRG,-0.00640187044310047,-0.003557735287313577,0.0020910303854525295,0.0015165846998676812,13.845555649714898,0.0044801817107791
2024-07-03,EVRG,-0.0024586142262608478,-0.0007506631640048229,-0.004186554553952348,-0.00627087528256747,13.31414174395001,0.0026333295120999
2024-07-05,EVRG,-0.006840231933900947,-0.004704108626533693,-0.0022909199905973504,0.006838955505491209,14.929208812392897,0.0132409911871412
2024-07-08,EVRG,0.008164902974288561,0.00018859525560825524,0.004957189430175238,0.001513503237861262,14.246774008581518,0.0066917959138586
2024-07-09,EVRG,-0.0020824316983391296,0.009944706284944014,0.003606929918040884,0.00640658529615953,14.095791056221353,0.0057540227988512
2024-07-10,EVRG,0.014299337401815987,0.0027966123013003323,0.009054920390154242,0.00823044518807666,14.201861481745008,0.0063978994716959
2024-07-11,EVRG,0.008371430338722903,0.01972600750988533,0.010461597263211657,0.017725758573905293,14.53369224388211,0.0089155833423531
2024-07-12,EVRG,0.01762798110638901,0.013237937458748473,0.016221427770852812,0.007475569762613939,14.470021374605663,0.0083656144084243
2024-07-15,EVRG,-0.00840800725755277,-0.014699436114693959,-0.011031528569347847,-0.017038070768589843,13.82347971967645,0.0043823611494084
2024-07-16,EVRG,-0.0011018528096193752,0.004378033216135586,0.0025850246283259876,0.011938924507868218,13.738630593541341,0.0040258595479684
2024-07-17,EVRG,0.010601412907364358,0.015532127426853332,0.013371306227479453,0.00908759435720121,14.151983508870947,0.0060866127075117
2024-07-18,EVRG,0.004897131081612505,0.004291924277919115,0.0019995086633599595,-0.0027176246134889316,13.653463281926399,0.0036971824617628
2024-07-19,EVRG,0.00018088269783399363,-0.011847201327909979,-0.0056451285157817265,0.004525303665058434,13.824867643575345,0.0043884477621159
2024-07-22,EVRG,0.0007233963153546519,0.0061206862021586685,0.008003049748079881,0.002164995454115157,13.590115724414828,0.0034702387593827
2024-07-23,EVRG,0.00018078075239706312,-0.003055676439019484,-0.0012689230993026023,-0.0048776339486797235,13.551546314212295,0.0033389418281207
2024-07-24,EVRG,0.003968209393064255,0.012700267921319112,0.005246451464226156,0.017947355628239094,14.119829221693527,0.005894014891124
2024-07-25,EVRG,0.017487888059327945,0.016045421337414576,0.00826598842535938,0.0019546395385034486,14.790183776417788,0.0115223926133702
2024-07-26,EVRG,-0.0012390082163738843,-0.005085414707166551,0.009439925810785179,0.007428405216123968,14.291931676008192,0.0070009088877901
2024-07-29,EVRG,0.009694236845672511,0.00805464069659115,0.0023019052647414097,0.008073017769642803,13.878204566533965,0.0046288689640626
2024-07-30,EVRG,0.0007014002880829165,0.007644209750055611,0.007576465416460907,0.008701759536126346,14.174373805818524,0.0062244310095318
2024-07-31,EVRG,0.013579657098819687,0.0046620372906477775,0.004902823715816469,0.005012573888713357,14.979099084458026,0.0139183442298772
2024-08-01,EVRG,0.005690056897995611,0.03220612932784314,0.015598192899877125,0.029726110394359576,14.524088568523506,0.0088303707644479
2024-08-02,EVRG,0.03845334637833186,0.019655474577078367,0.017219792355319074,0.006838548590624272,14.89006953797703,0.012732759026064
2024-08-05,EVRG,0.0018183574081103385,-0.0014731037279388187,-0.014643540301206699,-0.02763907843880225,14.62985759685461,0.0098155325069637
2024-08-06,EVRG,-0.03444266720025886,-0.02622114785400703,0.0020562213075210377,0.004433092210056375,14.461409410114905,0.0082938793300858
2024-08-07,EVRG,0.00817164063055147,0.0015122258707771772,0.006143373849367335,0.004244127592348574,14.449810193021921,0.0081982325589677
2024-08-08,EVRG,-0.0032266522616713265,-0.004037763370798318,-0.0035790699550877986,-0.0005083692903931249,14.492427233595398,0.0085551689184583
2024-08-09,EVRG,0.01703383601452545,0.008059111876367132,-0.02227113774688448,-0.005268136931410655,14.446250810593439,0.0081691037695818
2024-08-12,EVRG,-0.019247553634012378,-0.018906656106633005,0.012836318858091793,-0.002900713580601135,14.26900427048757,0.0068422221993442
2024-08-13,EVRG,0.0018733859967214558,0.004590599981237566,0.008580715922426145,0.005113262494451521,14.256407801362734,0.0067565748633885
2024-08-14,EVRG,-0.005630874050365174,0.007267938377810682,-0.0022238611519106084,0.005256590938962929,13.884010908182535,0.0046558239631959
2024-08-15,EVRG,0.0068212892124572076,-0.004895825114239462,-0.0018857171916275047,-0.009003803083218114,14.327376240681396,0.0072535033151518
2024-08-16,EVRG,-0.005453317406248995,-0.004749779170710595,-0.0003432407141745004,0.0027266491427997063,15.33050613390908,0.0197788827511099
2024-08-19,EVRG,0.004262979963285106,0.0047498116406219214,0.0030848761859080345,0.002889016811471131,14.52865691513077,0.0088708032631478
2024-08-20,EVRG,0.001740342334048647,0.0014489072671776421,0.0003053606867844424,-0.007525684005270995,14.38349182889972,0.0076721753178185
2024-08-21,EVRG,-0.004302528761528508,-0.00017080484494824965,3.362788724227936e-08,0.008434573419742722,14.1946323751953,0.006351815118339
2024-08-22,EVRG,0.0061897959180333235,0.002730318962464014,0.005175033475430548,0.0006853611280840692,14.514043708114935,0.008742114880189
2024-08-23,EVRG,0.002738793785679685,0.0017026883509293825,0.003435268746234598,0.002566045328163922,14.087521222868185,0.0057066341713428
2024-08-26,EVRG,0.00511508929779212,0.020542923604832695,0.006153877614019498,0.012563862682186613,14.368476283165792,0.0075578339505274
2024-08-27,EVRG,0.006610775410144057,-0.011229419251009563,-0.0011935857350090014,-0.010515650568600573,13.736360202026473,0.0040167296289072
2024-08-28,EVRG,-0.009335572638970042,-0.00489994964132533,-3.430768428245458e-08,0.0020438929897705137,14.360680215496306,0.007499141613705
2024-08-29,EVRG,0.0032348961248733258,-0.003563252504297929,-0.006161265162358,-0.001021490637647958,14.530468642000805,0.0088868893110177
2024-08-30,EVRG,-0.00017001521945476708,0.00610064234422653,0.0061612653001722004,0.007297466465711283,14.166801735405214,0.0061774771400738
2024-09-03,EVRG,0.0066085872530883515,0.013258664297023808,0.007817919360016393,0.00942461318356339,14.181195489782171,0.0062670372984844
2024-09-04,EVRG,0.011752909222970625,0.012755823287129714,0.014120164151475463,0.008506309848071547,14.468304904764175,0.0083512673927566
2024-09-05,EVRG,0.014088239200806941,0.0009872121413220033,-0.00016688030705421327,0.0034817320289512615,14.06486829539583,0.005578815304485
2024-09-06,EVRG,-0.004123016777069619,-0.002799520015970642,-0.003512030991265418,-0.010983612484913195,13.832073629837078,0.0044201850998051
2024-09-09,EVRG,-0.007964210992327147,-0.000659878398835664,0.0015066422367294953,0.011314586919579804,14.287388055421813,0.0069691715501009
2024-09-10,EVRG,0.006972227730705117,0.0023076743332559897,0.0031733760775516495,-0.0006619295015448072,14.55882837797047,0.0091425270447331
2024-09-11,EVRG,-0.004144308718834356,-0.006773048473135332,-0.006860310687790351,-0.005312176296064376,14.198798902744299,0.0063783353594217
2024-09-12,EVRG,-0.001329809145228958,0.001656161344791826,0.0046901140676482165,0.004649614803255338,14.244888137033074,0.006679187930393
2024-09-13,EVRG,0.009106755530636543,0.011517076965322504,0.010473049131267493,0.011530356661452015,14.081561096689628,0.0056727230434009
2024-09-16,EVRG,0.011145856969174106,0.017995167781907823,0.012816477410394165,0.015438647954130205,14.175211618589858,0.0062296481061382
2024-09-17,EVRG,0.009409548492453219,-0.0028962507891673673,0.006509379836136431,-0.0016139453276906562,14.068524319338259,0.0055992489328602
2024-09-18,EVRG,-0.0032346574516880504,0.0003222576571796996,-0.005367171898375955,-0.005831841395638128,14.267478136098863,0.0068317880061314
2024-09-19,EVRG,-0.008132767859239231,-0.011014042248243113,-0.012636588510637082,-0.007829094879867056,14.292304207756862,0.0070035174360933
2024-09-20,EVRG,0.004725097989807751,0.006978876545529727,0.00805996794132286,0.009452535488385,15.12378959238427,0.0160851783537514
2024-09-23,EVRG,0.007772047000426793,0.003551780763854872,0.010106012601942993,0.00566112527768275,14.574492762588534,0.0092868667175113
2024-09-24,EVRG,-0.00517469398186087,0.008505225005531818,-0.004225603118364154,-0.004688450687650213,14.609091588068061,0.0096138047715148
2024-09-25,EVRG,0.0046906930596505615,-0.00834407576134024,0.0008139990132568761,0.0006480086012190166,14.492427233595398,0.0085551689184583
2024-09-26,EVRG,-0.008426562078186279,-0.001128566191970609,-0.0009768967639871094,-0.003569128428377792,14.312217581700809,0.0071443790444671
2024-09-27,EVRG,0.004222139657617664,0.0035426456082288424,0.002277906004302419,0.006641322048763798,14.238881724777022,0.0066391901897437
2024-09-30,EVRG,0.006621989971900698,0.0008033806270767652,0.0016239277748103854,0.001129469303172944,13.975161227935695,0.0051001466908443
2024-10-01,EVRG,-0.00016090157069850554,-0.0024120585390683853,-0.006348120990501771,-0.0059845716268212635,15.150775011060013,0.0165251535008944
2024-10-02,EVRG,-0.013290367200472596,-0.0046801478682945985,-0.0016343549552466018,-0.006020729578810337,14.640168779111324,0.0099172658907893
2024-10-03,EVRG,-2.3101293127363695e-09,-0.007305835081089638,-0.014995749334596385,-0.008194082838956996,15.065297960995256,0.0151713169315235
2024-10-04,EVRG,-0.01678222344335159,-0.014608360792304423,-0.005327112004738014,-0.007266716974919026,14.686595115497855,0.0103885436175709
2024-10-07,EVRG,-0.003823454392293469,-0.006302909466281349,-0.009391339519052315,-0.012341746799811867,14.55200502181709,0.0090803566435064
2024-10-08,EVRG,-0.004172544696858648,0.0008316907482519357,0.0040357210855086955,0.004520774413183962,14.314223721158315,0.0071587260601348
2024-10-09,EVRG,0.0020049507510262474,-0.001164474448421933,-0.005047148751386872,-0.004856470695911873,14.3520629910621,0.0074347974222256
2024-10-10,EVRG,-0.004181628479529061,-0.0021661151926603488,-0.004903200714695447,-0.008598158408994942,14.28769992175095,0.0069713453403536
2024-10-11,EVRG,-0.009092509342198492,-0.008038881341180403,0.0020318232810596078,0.004729726479579115,13.794390082687775,0.0042567160728034
2024-10-14,EVRG,0.0033772588102746358,0.0073714345621668,0.0020277644180446423,0.006550786904395561,13.949517712396197,0.0049710235498349
2024-10-15,EVRG,0.012563965818211892,0.01573265511036442,0.013080764067781163,0.010160771341024959,14.19442701544194,0.0063505108441874
2024-10-16,EVRG,0.0051474497466731176,0.006387746487061175,0.0039907097691642005,0.013334702386342734,14.13918771412347,0.0060092257745162
2024-10-17,EVRG,0.014142590988416128,0.00016315934022264063,0.006780740684732976,-0.0060691849220467905,13.94055692939487,0.0049266782286802
2024-10-18,EVRG,-0.01050570557081584,0.004560335496213167,-0.0046257688297335915,0.005578384708803818,14.354165917181477,0.0074504487120449
2024-10-21,EVRG,0.009525497177926716,-0.004070650972817519,0.004131234418729023,0.0013080959648090068,14.494964918285843,0.0085769068209851
2024-10-22,EVRG,-0.0034383364019636912,0.005532117237832289,-0.0008248184258282814,0.005052581315817552,14.273758483902279,0.0068748290531345
2024-10-23,EVRG,0.010928998465209333,0.005501592223329902,0.014744679642961054,0.007289222696261159,14.052715581756672,0.0055114278066518
2024-10-24,EVRG,0.005823428726809709,0.002095591927564837,-0.000488001224174657,-0.005177955990766227,13.819603171783774,0.0043654055854375
2024-10-25,EVRG,-0.0020990583137732027,-0.0037106376367955643,-0.011619525133084105,-0.014214812417767241,14.128861108158517,0.00594749013134
2024-10-28,EVRG,-0.011051584961100373,-0.009255509496315166,0.003122721088319086,0.0032857585476567517,13.71944119004957,0.003949342131074
2024-10-29,EVRG,-0.009853909717923721,-0.011649985182708999,-0.018884122985831277,-0.01753854655401901,14.067047961384375,0.0055909885299
2024-10-30,EVRG,-0.009952013029821327,-0.005793311319300048,0.0005015326091615317,0.002500594672953249,14.42484179614562,0.0079960700654683
2024-10-31,EVRG,0.0019983520551619532,0.009417694854986476,0.0031706441271350493,0.006307063756769472,14.623993782737552,0.0097581444442929
2024-11-01,EVRG,0.0034875252090431257,0.0014789618296108915,-0.008701501313885165,-0.014331102891533018,14.103918117186875,0.0058009766683092
2024-11-04,EVRG,-0.01621166575830759,-0.01806034821770086,-0.00454819245501368,0.003518417723626991,14.446570078238747,0.008171712317885
2024-11-05,EVRG,0.005377234744421231,0.021338926429345085,0.0016869278150842225,0.02101855083500394,14.68450043609546,0.0103668057150441
2024-11-06,EVRG,0.018760454139217026,0.008150033127710433,0.02150977144012975,-0.0001637931747448572,14.50490119152844,0.0086625541569408
2024-11-07,EVRG,0.004758442454361166,0.00711753701537999,-0.0038013060781250945,0.005879527515519804,15.004207579355656,0.0142722372830139
2024-11-08,EVRG,0.002452375458745072,0.008346731543929967,0.011851977102277778,0.017753797656659537,14.945492629417542,0.0134583702124095
2024-11-11,EVRG,0.018764679322922157,0.018686194825423396,0.019606845462850468,0.012242764768195528,14.705621982665127,0.0105880975627672
2024-11-12,EVRG,0.017159627698913087,0.005163934645978671,0.014021955639483104,0.006301281239989107,14.703525675958442,0.0105659249021898
2024-11-13,EVRG,0.006594483539640797,-0.002656858901067069,-0.005712510684978114,-0.004722188489083275,14.655827393314697,0.0100737787889824
2024-11-14,EVRG,-0.008170975127376414,-0.006909574514502403,-0.00207086684012407,-0.009193270769951488,14.497192766180543,0.0085960361752087
2024-11-15,EVRG,-0.005061701740810345,0.005813549706264828,0.0015934018550328869,0.01517094031184173,14.473549079276907,0.0083951779558608
2024-11-18,EVRG,0.008212305345899718,0.004844853753151643,0.010610567075024913,0.0017237396514937448,14.216298746313468,0.0064909376945107
2024-11-19,EVRG,-0.0007868321155335097,-0.0021851652869109284,-0.007590225953028832,0.0017207126188496689,14.04662307257814,0.0054779514367605
2024-11-20,EVRG,0.008151866467431669,0.006541038661727204,0.011677615472724522,0.006077207908656604,14.275275070912338,0.0068852632463474
2024-11-21,EVRG,0.004952295667841964,0.014614349418514664,0.004767832895009841,0.0133790545143082,14.392629973977781,0.0077426061220054
2024-11-22,EVRG,0.019433099340570765,0.004011006099779027,0.01332205018404421,-0.004657621448933671,14.455837489460839,0.0082477949767289
2024-11-25,EVRG,-0.0063324903291055255,-0.00015388686884817494,0.0009336738522173173,0.0035727579580341093,14.55740075872525,0.009129484303217
2024-11-26,EVRG,0.003711661059026606,-0.0007703180734515275,-0.0007781090406640743,0.005412467459917821,14.304275218311597,0.0070878604978974
2024-11-27,EVRG,-1.0905579609990014e-08,0.008898510965513848,0.00837084760916959,0.002464618601753704,14.249498980925607,0.0067100557519811
2024-11-29,EVRG,0.0013884334208998587,-0.007050885266318054,-0.0034018899982402413,-0.005708594362343451,13.537780136496803,0.0032932922328143
2024-12-02,EVRG,-0.001388384630673084,-0.0033898224491288836,-0.020499828503259092,-0.015907926457140037,14.423536029532324,0.0079856358722554
2024-12-03,EVRG,-0.013521057420488316,-0.008836580718821088,-0.0006326294031024002,-0.00567557647407688,13.986434912691546,0.0051579695115656
2024-12-04,EVRG,-0.009906533331003999,-0.01174733134362796,-0.003010354632644775,0.0007901932644943479,14.314102251447549,0.0071578565440338
2024-12-05,EVRG,-0.0004741627569341786,0.005342580655013276,0.0017439795102484243,0.00031592690018702834,14.379346571066137,0.0076404379801294
2024-12-06,EVRG,0.0048892319326486865,-0.003925579861541226,-0.0033320639445202998,-0.005701644359948326,14.157468435194437,0.006120089077403
2024-12-09,EVRG,-0.013144569701235531,-0.005838325459886189,-0.007337713129441595,-0.007813129759420133,14.20687741782523,0.0064300715674356
2024-12-10,EVRG,-0.0009570056556719233,-0.0057133893583460466,-0.014026860884248305,-0.0017624529325476986,14.7440068974243,0.0110024219849285
2024-12-11,EVRG,-0.003196344046059169,-0.0027093825419685943,0.006150924422890478,-0.0014442478144795932,14.984053367277825,0.0139874707599125
2024-12-12,EVRG,-0.00032022443492656154,0.001594605854534991,-0.00016142807695297698,-0.00241180732674163,14.764656013781103,0.0112319742356118
2024-12-13,EVRG,-0.0017629637436886467,-0.0020734792710872503,-0.001291949548786537,-0.0033862577617933087,14.41456736445429,0.0079143355519674
2024-12-16,EVRG,-0.006921563784621204,-0.009626296350129895,-0.010233195605328352,-0.007946231930044787,14.391506315858349,0.0077339109609947
2024-12-17,EVRG,-0.015135786808483057,-0.001936410034660214,-0.005566492876920182,0.0013016838164831106,14.52458079116968,0.0088347183449533
2024-12-18,EVRG,0.0060491941060119995,-0.0030736859193090313,-0.00691929060247574,-0.016393827901557544,15.138066344570626,0.0163164696366368
2024-12-19,EVRG,-0.016599856835443363,-0.006991281647711636,-0.004307477221234046,0.0004957778899469552,14.646461678306256,0.0099798710500665
2024-12-20,EVRG,0.004299578434708122,0.0030951455880679547,0.004472752380102555,0.014759177205689871,15.017160967618137,0.0144583137286436
2024-12-23,EVRG,0.012789214821553077,-0.0008135749569338167,0.003135568307035569,-0.0017922549928290812,13.986940516051433,0.0051605780598688
2024-12-24,EVRG,-0.0013042140417285754,0.005519519030258033,0.005586631390284185,0.0069879485366190945,13.125560261919276,0.0021807463814913
2024-12-26,EVRG,0.005531152012981198,0.00048551695887437694,0.006369940605047767,-0.0011342593461735593,13.800499452968623,0.0042828015558355
2024-12-27,EVRG,-0.003412666234091809,0.0037147813596915724,-0.005223629824318096,0.00032422324609846447,13.759258674278144,0.004109767851722
2024-12-30,EVRG,0.0035749322580759945,-0.005334177988389191,-0.0013101563729449935,-0.002921612597619071,14.943746695302053,0.0134348932776805
2024-12-31,EVRG,-0.00016226413100433798,0.0040436667938891745,0.00261864660051361,0.0004874972767200993,14.328215015615974,0.0072595899278593
2025-01-02,EVRG,0.006951807215246201,0.0053127392313603115,0.0009802867429410656,0.0014611925713837472,14.306603363997342,0.0071043813038178
2025-01-03,EVRG,-0.006303073562485629,-0.006281753732525496,0.0034232179737964234,-0.0014611925713836746,14.014853918361409,0.0053066567648491
2025-01-06,EVRG,-0.005364552089613477,-0.007134721633766878,-0.020717609855942332,-0.021015329316882818,14.14171670674347,0.006024442306285
2025-01-07,EVRG,-0.01759482172476582,-0.008005981015052135,0.0013282433991302957,0.004469814678796112,14.020328007381975,0.0053357855542351
2025-01-08,EVRG,0.0031470201740045273,-0.00032816612776111946,-0.008497983142694086,0.006093022836705831,14.92868332647877,0.0132340350583327
2025-01-10,EVRG,0.0014872440533437344,0.0014757822519410625,0.0006691421802903717,-0.016720825028424497,14.229803915482407,0.0065791935787696
2025-01-13,EVRG,-0.005132047948430099,-0.005257101006174677,-0.002176285864229407,0.012772792665004121,14.17507203186405,0.0062287785900372
2025-01-14,EVRG,0.0046365233438635306,0.011789912059637303,0.014309744866990895,0.008861254110124374,14.53335083891935,0.0089125400359993
2025-01-15,EVRG,0.023995283140908808,0.010847632056917378,0.01492196458349192,0.007649162129477285,14.149909933406699,0.0060740047240461
2025-01-16,EVRG,-0.005174613789640523,0.013753662252271493,0.003249971115016036,0.020063305238140258,14.289320060677031,0.0069826490496675
2025-01-17,EVRG,0.024977249270219475,0.006017398542316197,0.019280759856105487,0.003648129173784882,14.324855686337603,0.0072352434770293
2025-01-21,EVRG,0.008032194153000207,0.012083372996979615,0.011077876431386078,0.007413936056456701,14.060338102949464,0.0055535993375539
2025-01-22,EVRG,-0.006610039874929392,-0.01129429212962984,-0.015383753394768697,-0.012016023902988813,14.786251974419356,0.0114771777761144
2025-01-23,EVRG,-0.004748355517127182,0.0034646293844888664,0.001756536989810148,0.0030176302548637944,14.572946697273688,0.0092725197018436
2025-01-24,EVRG,-0.0004761072724212867,0.0023552583653179,0.0030266135431387896,0.007268098745089904,14.298739471326966,0.0070487322733491
2025-01-27,EVRG,0.014497577742306176,0.007966930316118014,-0.0006363585259899008,0.011115650710332358,14.73957142400686,0.0109537290832684
2025-01-28,EVRG,0.00825737772610666,0.002796743386629821,0.005555073150017231,-0.016007973029981762,14.29923278052282,0.0070522103377534
2025-01-29,EVRG,-0.019427158082191556,-0.013905296807768542,-0.00523686749413121,-0.003010336455478025,14.140850343875305,0.0060192252096785
2025-01-30,EVRG,0.0018966999809175752,0.013284616680266098,0.007608291223073355,0.01932960272239093,14.546628151146678,0.0090316637418463
2025-01-31,EVRG,0.014733733297011494,0.00046564436705718443,0.008490576995780983,-0.0012459349605375533,14.948685612990781,0.0135014112594126
2025-02-03,EVRG,-0.009693623253818196,0.009728947542920745,-0.005337599865114626,0.01084946125802729,14.389086166890484,0.0077152163648216
2025-02-04,EVRG,0.01124841947797894,-0.005238744677796336,0.00502438223799589,-0.008670167659904244,14.129664878028418,0.0059522724698959
2025-02-05,EVRG,0.006349133866105417,0.005085026801716208,0.009042777006358802,0.010210509197416446,14.15718424356495,0.0061183500452009
2025-02-06,EVRG,0.007229133492722474,0.0082657713592221,0.0037180014468584754,0.008429726817678899,14.64209581429486,0.0099363952450129
2025-02-07,EVRG,0.003060458933738464,0.0030442714288233504,0.006780828886197621,-0.004742511536179954,13.859145552288108,0.0045414825959048
2025-02-10,EVRG,-0.0006112280954088267,0.00030386384117274986,-0.006007855338329844,0.009007077018202915,14.068213688218755,0.0055975099006581
2025-02-11,EVRG,0.00030564994491534954,0.006511710346884683,0.006161456619220096,0.006362650201812941,14.195111384012062,0.0063548584246928
2025-02-12,EVRG,-0.00030561531864672887,0.004217540806345684,0.0032196632759512235,0.0031662659849819876,14.070076029206822,0.005607944093871
2025-02-13,EVRG,0.017428447050025157,0.007934644403119596,0.016396220993099342,0.0069005989114856005,14.454571600408354,0.008237360783516
2025-02-14,EVRG,0.005095225113864988,0.01230102969596817,0.002406313336261789,-0.0034443471843854327,14.350131416187537,0.0074204504065579
2025-02-18,EVRG,-0.005395641192618031,-0.011555601657777451,-0.0021051903566974917,0.00613178214534682,14.611485499464976,0.0096368469481932
2025-02-19,EVRG,0.007635350813617064,0.004163536556835411,0.004955344441853373,0.00282887243202753,14.25550655300847,0.006750488250681
2025-02-20,EVRG,0.00044727356383421894,0.0008898720624908269,-0.010238009315315898,-0.00014875503637149773,14.414292661969087,0.0079121617617147
2025-02-21,EVRG,0.0013408207086938126,0.01369389957719679,0.015467009284070741,0.011972707660946262,14.641570627414735,0.0099311781484065
2025-02-24,EVRG,0.013162841094208795,0.006268603600884139,0.008014203818943175,0.004836872895651341,14.915855012233642,0.0130653489347245
2025-02-25,EVRG,0.007319702888122874,0.0036267062856509226,0.011171786542155362,0.006122538958310151,14.719688626829237,0.0107380890902023
2025-02-26,EVRG,0.002912960120601758,0.007501526647504701,0.0037933168811215404,0.004205648175228391,14.951065646797906,0.0135335833551523
2025-02-27,EVRG,-0.0021839672631275486,0.004588413750293768,-0.009216676263961924,-0.007845531291003583,15.09619465001833,0.0156473769968611
2025-02-28,EVRG,0.011880831635783136,-0.0024348996205054278,0.0020555722763160203,0.005092201906645245,15.048828840808993,0.0149235048427177
2025-03-03,EVRG,-0.009842354374326862,-0.0021535290955680846,0.006578409954237091,0.008813038396966625,14.519301393329215,0.0087881992335459
2025-03-04,EVRG,0.015587033619891564,0.005017577127202485,-0.014086766627836126,-0.02652827074223981,14.747911225179228,0.0110454630319316
2025-03-05,EVRG,-0.039283801823477967,-0.03314741011259555,-0.016088603262989647,-0.010841399896084083,14.768634925418441,0.0112767543148171
2025-03-06,EVRG,-0.005526153865241672,-0.012494642775211255,-0.014369103202006838,-0.01868928180030929,15.176436084156997,0.0169546944548245
