Date,Stock,Open,High,Low,Close,Volume,Turnover
2020-03-13,IEX,0.040538631558102715,-0.032324005516510136,-0.004254726365833969,0.06072969887312673,13.985676028013179,0.0156928213159106
2020-03-16,IEX,-0.11500794251247229,-0.05844015410376072,-0.058674107447870355,-0.12305116031151991,13.61217085943569,0.0108016382908334
2020-03-17,IEX,0.014128033253481442,0.023138719731764314,0.018521561062411807,0.08496388866560431,13.774377056597466,0.0127038385633736
2020-03-18,IEX,-0.07381545526402865,-0.05498661719248456,-0.11377949804363097,-0.09976593136332804,13.86629967527592,0.0139269652521886
2020-03-19,IEX,0.031083015721078695,0.04360423584801446,0.06489106135263656,0.07890837981771752,14.06712571879839,0.017024493879707
2020-03-20,IEX,0.10084353112490822,0.00391499803943374,0.0285394333583584,-0.0573871847351029,13.879987514706796,0.0141189061286801
2020-03-23,IEX,-0.0810199879738004,-0.04193230647033089,-0.04525982408183151,-0.01583558146340514,13.758835439083207,0.012507926496334
2020-03-24,IEX,0.03966948489769988,0.009764153478343031,0.057897306554848996,0.045524268662034115,14.118574471006522,0.0179233066737604
2020-03-25,IEX,-0.004080363491018002,0.029453375335058363,0.019421514400663434,-0.005264115638497998,14.09820596765463,0.0175619283338833
2020-03-26,IEX,0.0053262853705885235,0.01908592042797891,-0.012905649743203794,0.05262865405514832,14.199412169355275,0.0194323590820386
2020-03-27,IEX,0.017932706949460617,0.051297377234787764,0.038556789412444795,0.04179772588512742,13.664921361851441,0.0113867270315869
2020-03-30,IEX,0.07678844193777784,0.025093824863809178,0.04705764292102543,0.0425338745380523,13.754593205806493,0.012454977289026
2020-03-31,IEX,0.04618051114190769,0.022279205216108374,0.05879585779630691,0.008946040894775317,13.877828803613397,0.014088460334478
2020-04-01,IEX,-0.04391788195008251,-0.03891375970656133,-0.03354455173091459,-0.03619880920870545,13.846234700350632,0.0136503056440042
2020-04-02,IEX,-0.0005273418479641959,0.021998302479291014,0.014729658073561042,0.023593567097672696,13.78639168893792,0.0128573912645668
2020-04-03,IEX,0.017482653861051165,0.007632923322476972,0.017482653861051165,0.015497208113409313,13.65569502980549,0.0112821523471536
2020-04-06,IEX,0.05923821830286552,0.0459166645657503,0.05434004205761375,0.0385930870373001,13.870567710143856,0.0139865331104101
2020-04-07,IEX,0.03282121312292616,0.03441289013192676,0.02219832302721986,0.014687189028040974,13.71248176616867,0.0119413699781383
2020-04-08,IEX,-0.015177900671825277,0.009881026475743475,-0.004262432270580587,0.03305716564796565,13.256196474511476,0.0075664417243142
2020-04-09,IEX,0.0459089729987827,0.01767209593445177,0.03699503885579558,0.003437931044421522,13.258642740896052,0.007584973946872
2020-04-13,IEX,-0.007099897369574998,-0.016296578129459338,-0.03603100929998218,-0.032805414820152964,13.060915541840417,0.0062241793190562
2020-04-14,IEX,-0.00987842942337101,-0.004461092267041943,0.025014983421303278,0.024188485366254894,13.195057922569148,0.0071176971923788
2020-04-15,IEX,-0.025985978911610107,-0.03213693258051634,-0.038877143778928154,-0.03261240567327528,13.020775735499,0.0059792892352567
2020-04-16,IEX,-0.004385820785229478,-0.0004073069133138355,-0.001117197348262567,0.009787091124354908,13.115139346814992,0.0065709966269236
2020-04-17,IEX,0.03157028489714864,0.0426188291132045,0.04795110680628646,0.039395919272938,13.218584051673648,0.0072871346557644
2020-04-20,IEX,0.0019948586739568083,-0.0035207639375433547,-0.012464560902903921,-0.0075576559794773915,12.871594229002753,0.0051506341408864
2020-04-21,IEX,-0.016675659098866785,-0.01806020854397111,-0.01078030511668473,-0.01965372020192255,13.033315746838651,0.0060547418556706
2020-04-22,IEX,0.024218145408147675,0.014133084144195784,0.006048448058824494,0.020181146430775263,12.937962059405562,0.0055040700996673
2020-04-23,IEX,-0.0013852669722065744,0.018710237619864487,0.024958669879031264,0.004604904289741766,13.19263729466831,0.0071004887000037
2020-04-24,IEX,-0.03444808397397323,-0.007494072431201246,-0.05215635388853606,0.0023599536331613416,13.557388582251582,0.0102258156613588
2020-04-27,IEX,0.055802495721515834,0.019839429386468797,0.06332803061323185,0.02310697881387276,13.205418773141638,0.00719182608261
2020-04-28,IEX,0.023814475539813976,0.0301819959288647,0.019159160539006275,0.009488490786226602,13.114333221834064,0.0065657017061928
2020-04-29,IEX,0.009419291655253646,-0.002903235488993654,0.005562276777252035,0.0006337015305716775,13.061553363403824,0.0062281505096043
2020-04-30,IEX,-0.02390847729075202,-0.03397611785040949,-0.025048081887646262,-0.02728807584958375,13.400451070644639,0.0087405903963692
2020-05-01,IEX,-0.02982196855159573,-0.020823381560898788,-0.021608626245876783,-0.015348731116675075,12.800506612529052,0.0047971981821054
2020-05-04,IEX,-0.010807983634328916,-0.01487835021320794,-0.015279736572912626,-0.004371851964198746,12.91484954320833,0.0053783157323108
2020-05-05,IEX,0.01823262872274432,0.020352429628615703,0.02716611166982897,0.007605461223650294,12.756218016006999,0.0045893725434215
2020-05-06,IEX,-0.002490692793161428,-0.005082197997025176,-0.00821917849962382,-0.0005273291795638995,13.146862800603124,0.0067827934561557
2020-05-07,IEX,0.011224367055988355,0.01375314030799356,0.01741814937604967,0.01114400111843028,13.012997071493285,0.0059329586788622
2020-05-08,IEX,0.011099714205800283,0.017626021620985383,0.004763238437405769,0.008438842939463271,13.080501258809191,0.0063472862260473
2020-05-11,IEX,-0.01767533967438112,-0.026101905712599995,-0.018129487904250667,-0.007396141208214122,13.106032755714887,0.0065114287687021
2020-05-12,IEX,0.0056666162109267485,0.0003895748477703855,-0.01914028069696316,-0.03640646583846814,12.758522821680685,0.0045999623848831
2020-05-13,IEX,-0.041712551885565385,-0.033820715097523546,-0.02524824918211633,-0.008613769364437,13.260037925295398,0.0075955637883336
2020-05-14,IEX,-0.018842394250140716,0.006095845778001934,-0.01371114696221815,0.018488422292301573,13.531689024034968,0.0099663645455496
2020-05-15,IEX,0.025431792178739393,0.024162651477937665,0.04189821137438148,-0.0041018075066521125,14.621763631157634,0.0296449374415705
2020-05-18,IEX,0.028744495645867865,0.017762675524861056,0.030163124718150032,0.04098907137360157,13.022987142390022,0.0059925265370837
2020-05-19,IEX,0.011413007946028203,-0.0014790627976992968,-0.01008624081662752,-0.02276255208345827,13.007179211757864,0.005898541694112
2020-05-20,IEX,-0.008334893659457018,-0.004191279812808483,0.0071303746548581765,0.008039267870426584,12.904707242642809,0.0053240427948201
2020-05-21,IEX,-0.006494799790674004,-0.014581049381566692,-0.015380036248742,-0.005330440860182618,12.839472475608636,0.0049878153284142
2020-05-22,IEX,-0.002569902315478889,-0.0037442133193640267,-0.005828737865452898,-0.007350591062991842,12.856314934678778,0.005072534060107
2020-05-26,IEX,0.017334785122095943,0.03295110740442296,0.03226502692941813,0.030374754591261023,12.896468544784314,0.005280359698791
2020-05-27,IEX,0.020476512788336194,0.01447809860312618,0.011578981949653535,0.026218714160341525,13.140205260167273,0.0067377866299439
2020-05-28,IEX,0.02068795195479724,0.010365288571987444,0.00960067357686125,-0.010989170261594438,13.39650569973834,0.008706173411619
2020-05-29,IEX,-0.0236151510050943,-0.008233716446087988,-0.007866004721062542,0.011993354073635876,13.195801553866417,0.0071229921131096
2020-06-01,IEX,0.016306709861490597,0.004998082505927601,0.007993064297874664,-0.00787437719164462,12.796912976577694,0.0047799896897303
2020-06-02,IEX,-0.0045869769943053945,-0.003371037281198942,0.004067900817467322,0.011194390264375301,13.072754978572199,0.0062983082092874
2020-06-03,IEX,0.016675913244925983,0.038578434286351194,0.02202035932290282,0.03659550458567823,13.39650569973834,0.008706173411619
2020-06-04,IEX,0.018107047553055335,-0.010949563621746167,0.0071721379521528655,-0.011521445759557141,13.090668355068523,0.0064121490049996
2020-06-05,IEX,0.018024010533315756,0.020470407285053612,0.008771174436849246,0.020106297186888437,13.059638676965648,0.00621623693796
2020-06-08,IEX,-0.0013750410665682423,0.008190296277575794,0.010267646475904639,-0.0025737371641362614,13.210009719427655,0.0072249193371775
2020-06-09,IEX,-0.01258193803911988,-0.019517848136700298,-0.021753405187713695,-0.028880169494692756,13.125360880400086,0.0066385068662414
2020-06-10,IEX,-0.015629965562760483,-0.01585627543250746,-0.01343285970187687,-0.01197678311676039,12.938923595629799,0.0055093650203981
2020-06-11,IEX,-0.03992254544440673,-0.044003796449071944,-0.05594389089212797,-0.05822403183825144,13.394527161658216,0.0086889649192439
2020-06-12,IEX,-0.0041070101109465145,-0.0048752732348357345,-0.011989741561472594,0.00968040264247226,13.292614039872173,0.0078470725230466
2020-06-15,IEX,-0.04102025473155836,-0.009627477781391678,-0.005240497383488929,0.0008516587841538267,13.030469555199033,0.0060375333632955
2020-06-16,IEX,0.052274447923194765,0.029050625488298988,0.02960141847195454,0.014754508895182305,12.768829210343865,0.0046476166714603
2020-06-17,IEX,-0.009583503274971593,-0.01314090027935274,0.008076587395550085,-0.002002205135152267,12.682309930111785,0.0042624111882945
2020-06-18,IEX,-0.012142402886616116,-0.00879303845036202,-0.011942368239731622,-0.010201670714649598,12.63818293027894,0.0040784126928992
2020-06-19,IEX,0.015091018063708462,0.007130096116564585,-0.0034858542232413824,0.0008485568726399659,13.222572447119518,0.0073162567197838
2020-06-22,IEX,-0.029029062196333597,-0.010617578102624207,-0.007671509826960462,0.001304172816882373,12.881312950720202,0.005200935887829
2020-06-23,IEX,0.021189391964342053,0.00882373582590215,0.02335917875134408,0.005589237965911723,13.011434051331422,0.0059236925675833
2020-06-24,IEX,-0.014294352413577073,-0.02034018036884652,-0.03813960433628509,-0.036564607540956764,12.962431686352183,0.0056404143084854
2020-06-25,IEX,-0.027264465762729003,-0.003343018766999138,-0.01746733710888019,0.022795529092522998,13.234443068757303,0.0074036229118421
2020-06-26,IEX,0.019314906827399503,0.02130802691058645,0.03800711308946185,0.016745964350708322,14.40806417620222,0.0239409840843154
2020-06-29,IEX,0.02758405596869967,0.0030161607677902376,0.013049582206873241,-0.00239387659449445,12.928781055513184,0.0054537683527247
2020-06-30,IEX,-0.012786655010003414,0.018916427106166978,-0.0003910055058260274,0.02336631774793113,12.926594205381187,0.0054418547810804
2020-07-01,IEX,0.028132980036924462,-0.003527526323767152,0.01198556278924347,-0.014018285655695139,12.484086884722583,0.0034959714125111
2020-07-02,IEX,-0.005068438171423794,0.009608201264276698,0.010250976701366047,0.013068462461280093,12.757659141948515,0.004595991194335
2020-07-06,IEX,0.018251269952993594,0.004303476927865036,0.008631923490698246,0.013462939776575486,12.766262554340948,0.004635703099816
2020-07-07,IEX,-0.009083941161151245,-0.0004357739762938027,-0.003925872731311408,-0.010679828041693044,12.343226842865814,0.0030366370391142
2020-07-08,IEX,-0.003088526755106605,-0.009508446096195569,-0.005917818691843626,-0.0032898352308056485,12.100717685412471,0.0023827143288603
2020-07-09,IEX,-0.009322917996781727,-0.004472499919382725,-0.009812348957260823,-0.003936350451525693,12.660648501336015,0.0041710738056882
2020-07-10,IEX,0.0019096152719577674,-0.004366005564503461,0.004244537772178986,-0.0015918359770514866,12.438378098156768,0.0033397712509525
2020-07-13,IEX,0.0047585855879448795,0.024120382966353493,0.013830379169439562,0.015804255383978894,12.75304020942637,0.0045748115114118
2020-07-14,IEX,0.006875552017359953,0.010713103658420972,0.00656117615948845,0.020793388982405243,12.82960443945224,0.0049388373116543
2020-07-15,IEX,0.03554536377547337,0.03430596293542581,0.029633347436730646,0.035292979004880924,13.304686600863562,0.007942381096201
2020-07-16,IEX,0.020657809249451754,0.004028227235050159,0.022343660013339702,0.0020204593840013993,12.71560042746368,0.0044066977782089
2020-07-17,IEX,0.011380017538524918,0.006951987775733023,0.006922220785886708,0.006567595666812065,12.698329939940777,0.0043312451577949
2020-07-20,IEX,-0.0028330553644097716,-0.0004700150015100226,-0.006144164398285214,-0.0034857420796591113,12.745488641595722,0.0045403945266616
2020-07-21,IEX,0.0015358197827469945,0.009528940814409775,0.011186168880614078,0.0069003241636331255,12.94132339903781,0.0055226023222251
2020-07-22,IEX,0.0040631503999008205,-0.0008734004843600486,0.0015960249045278445,-0.004772122773308736,13.0543007873571,0.0061831436833925
2020-07-23,IEX,0.0009989730458348832,0.003662139705404993,0.002124674083131752,0.009228891532633827,13.144518138225083,0.0067669086939633
2020-07-24,IEX,0.00011724110421582276,-0.011789011596649026,-0.027490826447694433,-0.01913948608038521,13.34101847064464,0.0082362491967605
2020-07-27,IEX,-0.010623550803865182,0.004042351261618562,0.012464250686425421,0.011208877958319494,13.128943679649026,0.00666233400953
2020-07-28,IEX,0.004026533996235182,-0.00886807961597934,-0.010587851732250608,-0.024960992472200353,12.551437369385376,0.003739537766128
2020-07-29,IEX,-0.016925013598499246,-0.01019784803488011,0.0033812972960922724,0.00735015945812987,12.493883459694384,0.0035303883972613
2020-07-30,IEX,-0.008692535975647247,-0.012895684299477678,-0.020152224056971653,-0.012077405024170882,12.714999467712902,0.0044040503178435
2020-07-31,IEX,-0.0038876886482148583,-0.0032045852368957745,0.0011064076903458283,0.001335742390307074,12.620831103049886,0.0040082549932161
2020-08-03,IEX,0.007760176713737468,0.01472851296131676,0.01572507822693504,0.008878945514627205,12.76797439010324,0.0046436454809122
2020-08-04,IEX,-0.0008458210399984585,-0.009232684901677593,-0.006248261076837936,-0.007484689284295349,12.326079872504838,0.0029850115619889
2020-08-05,IEX,0.003138203197496434,0.007978670311318398,0.00902626787723354,0.0066424546317422895,12.714097350382492,0.0044000791272954
2020-08-06,IEX,0.000662665331678693,-0.004431372352600114,-0.007506050625364754,0.002224560847701844,12.21255657932543,0.0026646688577754
2020-08-07,IEX,0.003546397716125149,0.005625737377203355,0.006842524964669469,0.006106637778716689,12.80957133861555,0.0048408812781345
2020-08-10,IEX,0.003354487118578321,0.021782995658120457,0.009071004888708703,0.02166882380278504,13.04115549117383,0.0061023961422478
2020-08-11,IEX,0.028184198691184645,0.027132297393454054,0.02492308728364004,0.0162793871581063,13.121164659228688,0.0066107085324047
2020-08-12,IEX,0.018490957008317536,0.009389815707779511,0.016315180878229005,0.016866589012651898,12.91657092142417,0.0053875818435897
2020-08-13,IEX,0.0036460347156606113,-0.010015081806511162,-0.0035642844589915627,-0.01205111655002765,12.530692779790893,0.0036627614155314
2020-08-14,IEX,-0.011611241167854199,0.006970053890239905,-0.0011526252740279878,0.010467534126217476,12.969913583583338,0.0056827736743318
2020-08-17,IEX,0.016206849585905247,0.00022599387362710492,0.004200261588337177,-0.010467534126217523,12.596427499917318,0.003911622689879
2020-08-18,IEX,-0.010527407908354842,0.00033862053494958206,0.0036677709076722233,0.009675029158888841,12.840533480851393,0.004993110249145
2020-08-19,IEX,0.013692118108865559,0.0021986834302025085,0.0032552887941822563,-0.004370817042916697,12.614536585975857,0.0039831041197448
2020-08-20,IEX,-0.015524364222018628,-0.007121066778436376,-0.010316401033863712,0.002783646823545864,12.822341481534535,0.0049030965967214
2020-08-21,IEX,0.010773521517533361,0.018377206108957555,0.012936071329483914,0.01447406704789643,13.364683477715653,0.0084334849939828
2020-08-24,IEX,0.014856650167410428,0.008594112175651213,0.017084668880411633,0.009681629356495232,12.729916167577448,0.0044702368269785
2020-08-25,IEX,0.010446665699366019,-0.0002210450852082602,0.0013407502842733593,-0.0049406090322077,13.082792683014759,0.006361847258057
2020-08-26,IEX,-0.0076019238115997935,-0.0027647600783614642,-0.0040838952670751855,0.0016681908498395912,12.545757573071759,0.0037183580832048
2020-08-27,IEX,0.006108609133507094,0.0036482055893328584,0.0016804819222765804,-0.0070244241640407415,12.723380216015363,0.0044411147629591
2020-08-28,IEX,-0.010574615944099603,-0.001933047138499884,-0.0058938048579931495,0.011956729588189432,12.559194785729225,0.0037686598301474
2020-08-31,IEX,0.010906457931247332,-0.0011616374325469578,0.0075152901432335596,-0.0036554670466076543,12.7988496158975,0.0047892558010092
2020-09-01,IEX,-0.006329085856657873,0.01029604921514236,-0.0008943792066912015,0.010212417405037399,12.363934999991463,0.0031001760878838
2020-09-02,IEX,0.01591308442341036,0.01424973716759942,0.017573315957607985,0.01141339761121185,12.673262946075276,0.0042240230129962
2020-09-03,IEX,0.011174187696604207,-0.0037876001193849107,-0.016678914613515606,-0.022069778864042804,12.703207983522068,0.0043524248407181
2020-09-04,IEX,-0.009586175279421578,-0.006962672845834752,-0.011633709253453193,-0.014143469040304732,12.995667994503354,0.0058310314547942
2020-09-08,IEX,-0.03259649495454756,-0.023527892223602798,-0.016644265545712304,-0.009105653348452097,12.817741296450725,0.0048805931836155
2020-09-09,IEX,0.002033474436593968,0.013984744505479528,0.012679402188032662,0.020692408656641893,12.552498749066196,0.0037435089566761
2020-09-10,IEX,0.0147869921262083,-0.005138194800267447,0.006392841401430932,-0.012825998301457878,12.776207202444311,0.0046820336562105
2020-09-11,IEX,-0.008206642080172884,0.005634122940960838,0.0036025602488013327,0.020752703043681375,12.783811780410995,0.0047177743711434
2020-09-14,IEX,0.019045180020442476,0.01693110795991508,0.019199885858622607,0.016319467722129666,12.795804639274813,0.0047746947689995
2020-09-15,IEX,0.01300465597157608,0.010665740808554664,0.015207107854193987,0.011395759451242252,12.625772622110356,0.0040281109459566
2020-09-16,IEX,0.016262345363006993,0.00805834009439852,0.008002665420052435,0.0013417198793638399,12.788011690826771,0.0047376303238839
2020-09-17,IEX,-0.010254140456791018,0.0001596133317870598,-0.013828235899088416,0.00032189677650151354,12.85761888243441,0.0050791527110205
2020-09-18,IEX,0.004576496095252905,-0.0035669117846518967,0.009510725191468039,-0.002576783948122633,13.257769761133897,0.0075783552959585
2020-09-21,IEX,-0.01401045536146563,-0.017973903288344573,-0.04638613874041365,-0.042774631710119006,13.120363378739663,0.0066054136116739
2020-09-22,IEX,-0.024875290491549826,-0.018468981323053853,0.005818609447664095,0.011656762449007894,12.887402779005837,0.0052327054122138
2020-09-23,IEX,0.005902478270074167,0.004415420363953249,-0.006385351353599941,-0.02146629537705146,12.525620323525118,0.0036442291929735
2020-09-24,IEX,-0.017699612691445335,-0.0097950877580681,-0.00460249849778209,0.007056693477238799,12.435202244657168,0.0033291814094909
2020-09-25,IEX,-0.0007348733670002367,0.00022243607761273325,0.0018776782080635456,0.007119141240795618,12.742861294083317,0.0045284809550173
2020-09-28,IEX,0.022589561027588984,0.01987227544039099,0.027527913960860878,0.012709959997968786,12.275136847806356,0.0028367537815264
2020-09-29,IEX,-0.0010510675101168705,-0.004369960365681493,-0.0008299268596705856,0.0023686263607129304,12.214541681788218,0.0026699637785062
2020-09-30,IEX,0.012048167649886572,0.006221512572478898,-0.0018833857705856038,0.003624951075234568,13.111708818640885,0.0065484932138177
2020-10-01,IEX,0.0067034289165869235,0.007587549271120119,-0.017960185224464936,-0.02379966902479478,12.770536661790418,0.0046555590525565
2020-10-02,IEX,-0.042044931046492026,-0.019133412337573732,-0.005094036257535615,0.010054826174180881,12.34017075254176,0.0030273709278353
2020-10-05,IEX,0.028647573966918694,0.011110364276389298,0.030291846739486237,0.01648200864050214,12.019749091416921,0.0021973921032823
2020-10-06,IEX,0.007185996506955871,0.01716010695676968,0.0015403675468781692,0.004854113079471928,12.53430027429669,0.0036759987173584
2020-10-07,IEX,0.014649441336346783,0.012969913460944777,0.019702410553519945,0.02885064159423035,12.748399843328054,0.0045536318284886
2020-10-08,IEX,0.023212302449525803,0.008466844490485117,0.019004469496233835,0.004325181974325966,12.717401142834069,0.0044146401593051
2020-10-09,IEX,0.0023653628932810457,0.0020924636595251625,-0.0010581221156583552,0.0021555959555461493,12.462267920852137,0.0034205187920972
2020-10-12,IEX,0.0015213355944088838,-0.0031404300980363534,-0.021239289983708977,-0.0064807779298720405,13.116950755559445,0.006582910198568
2020-10-13,IEX,-0.013138960735734085,-0.00837001416746064,-0.00048676448097664056,-0.015877577147926567,12.679199517372098,0.0042491738864675
2020-10-14,IEX,-0.014021976153647323,0.003481546608730612,0.0024724135677822597,0.013107011028393978,12.920983764052593,0.0054114089868783
2020-10-15,IEX,0.008122547282634689,0.00237411327501664,0.003349177673683626,0.007782581059742781,12.92829550193616,0.0054511208923593
2020-10-16,IEX,0.02057346696221691,0.01760263197517038,0.027184853878234612,0.016268335479872668,14.038574906141998,0.0165453035535695
2020-10-19,IEX,0.014691477357251157,0.0034112526730914463,-0.01092341268908601,-0.015635631779004393,12.705638110993434,0.0043630146821797
2020-10-20,IEX,-0.013747080831444236,0.0025769253290614303,0.011605594410496502,0.006304780883253064,12.82745794586311,0.0049282474701927
2020-10-21,IEX,0.0021996021821277653,-0.0036610185759947222,-0.0015222231874156438,-0.0025697266406590857,12.624128160777628,0.0040214922950431
2020-10-22,IEX,-0.0012041947334218448,-0.006478067532020597,-0.007328153875592727,-0.007272507380271212,12.56967702537649,0.0038083717356284
2020-10-23,IEX,-0.002359888772553242,-0.0027593250395197035,0.000158728696990157,0.013449108562554244,12.60552303476121,0.0039473634048119
2020-10-26,IEX,-0.0015765279503374534,-0.006905693661336264,-0.011600372380086965,-0.008121545397087055,12.608536587975873,0.0039592769764562
2020-10-27,IEX,-0.004162815261252882,-0.0019965938151504867,-0.004774532515873859,-0.021698092535729387,13.175526821970395,0.006980029253378
2020-10-28,IEX,-0.07015544979781482,-0.0546461481931502,-0.07629888325276944,-0.07494382388100591,13.933294482509151,0.014891964555377
2020-10-29,IEX,-0.02181766212153069,-0.03545438310695307,-0.026823423871510946,-0.0225030923425618,13.970033454224685,0.0154492549622938
2020-10-30,IEX,-0.020825639438562853,-0.019295123835706487,-0.00730028167910555,0.009790046624379621,13.434251602680698,0.0090410771478422
2020-11-02,IEX,0.022214010395093454,0.04828416122486761,0.0350519369447359,0.04795411963631454,13.383035441677574,0.0085896851555414
2020-11-03,IEX,0.045323544045364685,0.029910474330957032,0.03632823113973296,0.009243271430744346,13.132711648870607,0.0066874848830013
2020-11-04,IEX,0.005620122136661857,-0.01234016292455201,-0.011133360808812057,-0.019702556250203444,12.675766851909591,0.0042346128544578
2020-11-05,IEX,-0.013830969249977863,-0.00148473083947592,0.0006780285266928676,0.0049057824148094195,13.131523296954867,0.0066795425019051
2020-11-06,IEX,-0.011767433079565232,0.009692001784022351,-0.0019797348981917457,0.02910485015113058,12.987919568654783,0.0057860246285824
2020-11-09,IEX,0.07579764675017878,0.06869868340352649,0.06031166431204821,0.025835440262028046,13.482971974375342,0.0094924691401429
2020-11-10,IEX,-0.012937307873814535,0.004770931204231075,-0.0011200031210886643,0.042479853193596546,13.462971335840464,0.0093044994541995
2020-11-11,IEX,0.03791275686074225,-0.006502192144740538,0.016984927152385216,-0.023336227438722046,12.990661167946621,0.0058019093907748
2020-11-12,IEX,-0.029374326992104807,-0.026910684096211192,-0.02051327597057557,-0.012615812068309426,12.953473608904076,0.0055901125615428
2020-11-13,IEX,0.0012588188954071361,0.014862056846039305,0.014303066400213765,0.02161202799562473,12.831478849227416,0.0049481034229332
2020-11-16,IEX,0.025001743761508308,0.018449270512224888,0.021827229159152684,0.020951791860866296,12.82638296880441,0.0049229525494619
2020-11-17,IEX,0.0040815550157534,0.001872016332813039,0.0026824024224678957,-0.00035477494600911406,12.794972579407254,0.0047707235784514
2020-11-18,IEX,0.0011195714257808667,0.008305123837441754,0.0053433405170136075,0.0013684090480384423,13.076949606797566,0.0063247828129414
2020-11-19,IEX,0.00137222927437447,-0.009518752289240878,-0.005085609504789192,-0.007064200870703187,12.522345819142096,0.0036323156213292
2020-11-20,IEX,-0.0049897471669647425,-0.00858918692931193,-0.008690017530171236,-0.010768457276909026,12.918779776883914,0.005399495415234
2020-11-23,IEX,-0.004706797239633959,-0.0014301232519929358,0.0014016779053617992,-0.0030462764236236753,12.917307748826223,0.0053915530341378
2020-11-24,IEX,-0.0018478469834665124,0.0015322860658873755,-0.0007784247689167974,0.00572360203453126,13.095199764405486,0.006441271069019
2020-11-25,IEX,0.0007191390723094133,-0.0059376679646855205,-0.014222344196076776,-0.01460551822394268,13.1507583959161,0.0068092680598097
2020-11-27,IEX,-0.010217302012757912,-0.00695504796877429,0.005828484371686157,0.003593496101372417,11.468984026707245,0.001266809784844
2020-11-30,IEX,-0.007653887086528982,-0.0009311491300317532,-0.006250053630610947,0.004098253381474178,12.989519748216305,0.0057952907398613
2020-12-01,IEX,0.024166122295796417,0.028214159381934074,0.02579600566378439,0.010250356490205902,13.222572447119518,0.0073162567197838
2020-12-02,IEX,-0.009174236042475662,-0.017201250477799235,-0.02669199154386873,-0.027325056335244464,13.184588599928682,0.0070435683021476
2020-12-03,IEX,-0.022283351114270943,-0.018753049953846117,-0.003116041667183054,0.0019991561767802608,12.524893581947863,0.0036415817326081
2020-12-04,IEX,0.008179767891512637,0.00753335848145033,0.011779224526360134,0.01315831205647148,12.562701088387747,0.0037818971319744
2020-12-07,IEX,0.0063504459453638884,-0.0022281890732684167,-0.005819722542078686,-0.00969526355133998,12.16837597044068,0.0025495043318805
2020-12-08,IEX,-0.015478259227894838,0.014828860273657048,-0.0022108481864658233,0.016415990634663192,12.767118838519758,0.0046396742903641
2020-12-09,IEX,0.02343730452282306,-0.002405070392192736,0.012672259563897373,0.0019560179643574155,12.6459424009624,0.004110182217284
2020-12-10,IEX,-0.0008755861491045502,-0.0018974593255939973,-0.005897301468198334,-0.013408583582584413,12.703816069256568,0.0043550723010835
2020-12-11,IEX,-0.01594355627558266,-0.007108456554326494,-0.004616553635047396,0.005509593826129237,12.625772622110356,0.0040281109459566
2020-12-14,IEX,0.016149709597975005,0.011870739064993847,0.012593065666052715,-0.001348715781138517,12.939644141546536,0.0055133362109462
2020-12-15,IEX,-0.0012886007730711594,0.009811215713162194,0.006727800796335595,0.01917451940891659,13.02761523962479,0.0060203248709204
2020-12-16,IEX,0.012048188321566934,-0.005681603222266825,0.0017008518605575518,-0.005155601125795521,12.556733038263905,0.0037593937188685
2020-12-17,IEX,-0.002551409781618008,0.01087866581353134,0.007795926679391217,0.01266312533327237,12.504327379899443,0.0035674528423769
2020-12-18,IEX,0.01158135194784905,0.00346629961943324,0.00020436783232844423,0.003380143818442023,13.405587025837718,0.0087855972225811
2020-12-21,IEX,-0.010355890647353923,-0.004523703230582198,-0.01611734009972352,-0.0011086301410195931,12.819096490166213,0.004887211834529
2020-12-22,IEX,0.008080675802161333,-0.0013107095292208173,0.014686041376914817,-0.009829899219156144,12.885883795217529,0.0052247630311176
2020-12-23,IEX,-0.006143644156243367,-0.0027278638007438697,-0.006054578973557486,-0.008077895908918858,12.487488878546145,0.0035078849841554
2020-12-24,IEX,-0.007411911677646895,-0.005782673714134269,-0.0073344089926688635,0.008943328965261054,11.937545932118134,0.0020239834493485
2020-12-28,IEX,0.013251811099684327,0.01173373847757763,0.01364465462649834,-0.0033125250436189914,11.796607046116602,0.0017579136826258
2020-12-29,IEX,-0.005432362851461632,-0.007925443675845807,-0.012763793937699575,-0.003476934952097062,12.097378802727306,0.0023747719477641
2020-12-30,IEX,-0.0011205808974168042,-5.0687999409293934e-05,0.013735095023799838,0.007145453305822776,12.257245682687113,0.0027864520345838
2020-12-31,IEX,0.003459785952273787,0.010838274902645577,0.0012255961821683382,0.012985655174740842,12.577639650232573,0.0038388175298305
2021-01-04,IEX,0.009854943955676083,-0.0013047325063452137,-0.010567764539502388,-0.01972162728143776,12.73523217148465,0.0044940639702671
2021-01-05,IEX,-0.017144625641693483,-0.007558947878675533,0.0012369198680840328,-0.0019474972565090797,12.43996225063003,0.0033450661716833
2021-01-06,IEX,0.010939654599102174,0.027539850022866776,0.012387663938721314,0.03651792076468643,13.155606645792435,0.0068423613143772
2021-01-07,IEX,0.023011330871001004,0.026466121189811963,0.028288086050568314,0.029532864295925162,12.847665971443902,0.0050288509640779
2021-01-08,IEX,0.027028696546274256,0.0013888810590922962,0.00959728090458963,-0.006358993418292324,12.431617311859128,0.0033172678378466
2021-01-11,IEX,-0.011132651881700787,0.0019603882269484934,0.006298763759983921,0.007942616517136637,12.695881965792886,0.0043206553163333
2021-01-12,IEX,0.018709227911249796,0.011162129789208679,0.008240404116783555,-0.0010554187289010188,12.66855115696477,0.0042041670602557
2021-01-13,IEX,-0.00975710343624895,-0.021062585976017883,-0.021140400192160215,-0.02400488146196181,12.580394463425135,0.0038494073712921
2021-01-14,IEX,-0.033984798092947736,-0.02254414882804459,-0.01785213619724718,-0.018100791737344617,12.900721198466355,0.0053028631118969
2021-01-15,IEX,-0.009651868875796164,-0.02083997109996585,-0.029409517896177212,-0.026646742967989977,13.099710732663944,0.0064703931330384
2021-01-19,IEX,-0.01429577747559558,-0.005773647344859433,0.0013979806346374871,-0.00314865768588085,13.354111403818964,0.0083447950717419
2021-01-20,IEX,-0.0022569945003873696,0.01311965207983817,0.006550106090787582,0.024764638650529677,13.649693253627467,0.0112146421078359
2021-01-21,IEX,0.016603342156227392,0.0014026429658354127,-0.005153869876823344,-0.013966369147709445,12.921228351935461,0.005412732717061
2021-01-22,IEX,-0.014551268939425417,-0.010568220908374499,0.0009296931501332332,0.005152120767804921,12.90271620662179,0.0053134529533585
2021-01-25,IEX,0.0024569400527210596,-5.0762482146242005e-05,-0.004708951829856617,-0.01233799575346783,13.08196004523276,0.0063565523373262
2021-01-26,IEX,-0.000613721935725852,-0.008332092226644383,-0.007915064913394674,-0.0036123945171573925,12.32474861573515,0.0029810403714408
2021-01-27,IEX,-0.024232079281660636,-0.018796834474525875,-0.026594602911399243,-0.02671970286449257,12.952525968339533,0.005584817640812
2021-01-28,IEX,0.0013092918761577364,0.0035286439730453953,0.01259074264547198,0.0023864335196474365,12.844766280206098,0.0050142899320682
2021-01-29,IEX,-0.016040023896292027,-0.022579944642078013,-0.018136067876844547,-0.013814596327183409,13.217311673554844,0.0072778685444855
2021-02-01,IEX,-0.0005319581922529027,0.014622619488282407,0.007529821494517759,0.017199112516251124,12.632976296995821,0.004057233009976
2021-02-02,IEX,0.01861127846688,0.019955140119470978,0.019683820449870673,0.022859919475898664,13.185340054498226,0.0070488632228784
2021-02-03,IEX,0.011839499138404326,0.0008698877865840469,0.012997185477808653,0.00509543717265533,13.082168269682812,0.0063578760675089
2021-02-04,IEX,0.0114454480380435,0.03601125441320296,-0.025154547972765052,-0.026900214179022802,13.500664187489477,0.0096619066035286
2021-02-05,IEX,-0.02789233999862778,-0.03790537881387691,0.013312498621380396,0.014294693467907665,13.912365907015863,0.0145835354228078
2021-02-08,IEX,0.014017604292543315,0.021391748116704825,0.005912413411302467,0.031119704876968614,13.67636457584664,0.0115177763196742
2021-02-09,IEX,0.027005902019024367,0.0005014666798171707,0.02208212807487734,-0.004394000730513778,12.978495316450783,0.0057317516910917
2021-02-10,IEX,0.0018114573577524596,0.0038023081816730255,0.011365375591965467,0.00906977487557575,12.793306379816553,0.0047627811973552
2021-02-11,IEX,0.00521518974197196,-9.989031586094399e-05,-0.007139097291529797,-0.006845196800291941,13.091493776441386,0.0064174439257304
2021-02-12,IEX,-0.013190566971290915,-0.0013994111421495267,0.0017767825342627113,0.009400053376392808,12.775075663798933,0.0046767387354797
2021-02-16,IEX,0.014090480246203562,0.014547506795769513,0.0006593353731113896,-0.012992305790438596,13.017005083966255,0.0059567858221508
2021-02-17,IEX,-0.016678433035292466,-0.030375966131062776,-0.023645216584445426,-0.01939723575176053,13.187028765493947,0.0070607767945227
2021-02-18,IEX,-0.01923769237875729,-0.015824877316977265,-0.008967190922464816,0.0006200203806272266,12.762830066509972,0.0046198183376236
2021-02-19,IEX,0.0110236985062252,0.02155019190207543,0.0181634961537638,0.016036486159986877,12.806284573911311,0.0048249965159421
2021-02-22,IEX,-6.095738066918935e-08,0.0002525243532628409,0.0006682930927432641,0.002791480241277663,12.796358961477692,0.0047773422293649
2021-02-23,IEX,0.013787721789153941,0.009700704981838223,0.0018484122027143347,-0.002486664838375505,13.181011458916007,0.0070184174286763
2021-02-24,IEX,-0.008066397920787652,-0.000750566974359312,0.005575855298120396,0.00567459611396092,12.776489887159451,0.0046833573863932
2021-02-25,IEX,0.005435222199824019,-0.004213982539533787,-0.0004594237315530945,-0.004151667786025373,12.47801017053037,0.0034747917295879
2021-02-26,IEX,0.0010633821094858016,-0.006505746371196029,-0.007170709476403015,-0.009890957403807004,12.745488641595722,0.0045403945266616
2021-03-01,IEX,-0.005582326879356494,0.023798774381581605,0.010024726392853745,0.023996377338507943,12.496130643234865,0.0035383307783575
2021-03-02,IEX,0.01765498712966975,-0.00878341533714288,0.005379943896260658,-0.0007005055179525746,12.551083325671442,0.0037382140359453
2021-03-03,IEX,0.0005997994908692708,0.0018921945263054457,0.006407877982833919,-0.0029578206275810916,12.423604480576804,0.0032907932341926
2021-03-04,IEX,-0.008632001390637075,-0.009346542099628447,-0.03209432462618856,-0.020542876858485333,12.76939868481975,0.0046502641318257
2021-03-05,IEX,-0.005711666361654826,-0.004075645337324546,-0.006094742933551971,0.014399123180384131,12.930720915627177,0.0054643581941863
2021-03-08,IEX,0.008479998308574788,0.016105032647327933,0.0311735944061811,0.003932288632883037,13.215126680305707,0.0072619837822931
2021-03-09,IEX,-0.002113184912993195,0.0010414608461064086,0.0005064289706148927,-0.005550153993473467,12.58314170846604,0.0038599972127537
2021-03-10,IEX,-0.004948507162610489,-0.005217754776150124,-0.0009116095866774647,0.013069460259309624,13.232832621259641,0.0073917093401978
2021-03-11,IEX,0.015620110627566273,0.010802734809888281,0.007169095270408361,-0.006061222373346162,12.646264409266557,0.0041115059474667
2021-03-12,IEX,-0.0034444778718741072,-0.014496483370756968,-0.010620561619841064,0.0016066559211503216,12.867731738974781,0.0051307781881459
2021-03-15,IEX,-0.0020525038782446274,0.017351145230101613,0.0069919242262922515,0.020407280683824816,12.672322362656137,0.0042200518224481
2021-03-16,IEX,0.01718955906535656,0.0004421822832790907,-0.005010997605067092,-0.02347202049746514,13.1791236008659,0.0070051801268493
2021-03-17,IEX,-0.02010018645958576,-0.01954521967735478,-0.008407918339876686,-0.007677567097606667,13.446764478712726,0.0091549179435544
2021-03-18,IEX,-0.009391418378349507,0.005196638686545058,0.005460709975865325,0.01609551413702139,13.030030959662605,0.0060348859029301
2021-03-19,IEX,0.01300328895618511,-0.0011472102942992818,0.007604704118221858,-0.0064073442085732435,13.47597503426638,0.0094262826310079
2021-03-22,IEX,-0.007640429416541125,-0.009323178329036888,-0.019379354265307246,-0.004933164183158993,13.153476311163447,0.0068278002823675
2021-03-23,IEX,-0.006225935294925306,0.005924727419219259,0.011112500956993041,-0.0014141301699448219,12.839207048308943,0.0049864915982315
2021-03-24,IEX,0.008141526416296282,0.018648623263347684,0.011141688039940669,0.01733428325484669,12.730212243683011,0.0044715605571612
2021-03-25,IEX,0.012711089359577476,-0.006507183887266324,-0.0019659988303748007,0.0014394271451460621,12.882838888132428,0.0052088782689252
2021-03-26,IEX,0.009206595310800791,0.022544270006576533,0.022700457724422213,0.02410814382027831,12.262930180777365,0.0028023367967762
2021-03-29,IEX,0.011219777543061176,0.013687264693871815,0.009182213554841914,0.007668376240925973,12.610540589969192,0.0039672193575524
2021-03-30,IEX,0.019826437718118047,0.007271296105572266,0.01758718525462813,0.011084640849723323,12.962196972666593,0.0056390905783027
2021-03-31,IEX,0.00808724454656382,0.005525133814165092,0.0016316030182487267,-0.0054313627108551876,13.003356843579219,0.0058760382810061
2021-04-01,IEX,-0.007036737478451,0.00037676976508663266,-0.008861364006331359,0.013900776110475478,12.841858156300962,0.0049997289000585
2021-04-05,IEX,0.016186516407669046,0.013094603553710638,0.02757664934695133,0.011290460403788073,12.260565565651518,0.0027957181458627
2021-04-06,IEX,0.008927176271146288,0.00832837238615717,0.007968144505198395,0.001629104115358531,12.74110588624638,0.0045205385739211
2021-04-07,IEX,-0.0020028865223393,-0.004664579092542165,-0.006228523612467052,-0.0033543142739273233,12.48332931179837,0.0034933239521457
2021-04-08,IEX,-0.0027080089568065568,0.00268122447410648,0.004826837244222668,0.004794998700908017,12.90768638342828,0.0053399275570125
2021-04-09,IEX,0.01254408989636455,0.009100040584597796,0.005734246410357229,0.009705945350509403,13.14432250131873,0.0067655849637806
2021-04-12,IEX,0.0011533005541540554,0.008291725832439319,0.007963144040161515,0.003764206343427935,13.433226188433395,0.0090318110365633
2021-04-13,IEX,0.004233683911459487,-0.00916149434886659,-0.006012880321395144,-0.00782004019275263,13.139419098149899,0.0067324917092131
2021-04-14,IEX,-0.003634460843079489,0.0009610062186602099,-0.004137662200530704,-0.004953707458907026,12.948964296669068,0.0055649616880715
2021-04-15,IEX,-0.004711899780994321,-0.0011442682947262921,-0.0006990389092015298,0.011902741387182121,13.241746909360712,0.0074578958493328
2021-04-16,IEX,0.018261655829330845,0.017973584632215944,0.02012169151153015,0.011490829030687391,14.590929191468074,0.0287448009173344
2021-04-19,IEX,0.002860264944890709,-0.004327686582069907,-8.01023581794392e-08,-0.003269694743724005,12.833082694522178,0.0049560458040294
2021-04-20,IEX,-0.002087784383281995,0.006663899844082772,0.0036939142125910294,0.01184667263322045,12.836282688719516,0.0049719305662218
2021-04-21,IEX,0.010799771668442376,0.013462026238206047,0.01244059798727903,0.009662453601223725,13.079457964073546,0.0063406675751338
2021-04-22,IEX,0.013038254951063769,0.003888810135752421,0.007926120455136569,0.0012012417785431198,12.420381283681547,0.003280203392731
2021-04-23,IEX,0.0016399351030922326,-0.0019426087564435575,0.0038284472216928984,0.0012885910952533876,13.257769761133897,0.0075783552959585
2021-04-26,IEX,0.004110390687732393,0.0077913520411674875,0.0007550042513161318,0.0011095012135018205,12.873904582205107,0.0051625477125307
2021-04-27,IEX,-0.008549064393255847,-0.0038660052042886824,-0.003870062227154548,0.0033214196098713825,12.601154028883599,0.0039301549124368
2021-04-28,IEX,0.04764771162346438,0.03707169223694829,-0.009134089310929985,-0.005274962958196253,13.208726377576465,0.0072156532258986
2021-04-29,IEX,-0.041748510834450095,-0.03210997714966133,0.012782225552169894,0.013902872498770875,12.791915756287272,0.0047561625464417
2021-04-30,IEX,0.0032672532247721873,-0.00593055019903038,-0.008070508746573467,-0.017464809978278716,12.83174633547353,0.0049494271531159
2021-05-03,IEX,-0.005480854208928593,-0.005921584469914878,-0.0013886957870085197,-0.0031269938952900498,12.861260916527751,0.0050976849335783
2021-05-04,IEX,-0.013385991630919728,0.01097571966333324,-0.002154292077129094,0.017035158868844116,12.98241371741132,0.0057542551041976
2021-05-05,IEX,0.023879318225980408,-0.0004823930682723445,0.006805761674003136,-0.007284341689066956,12.86255843507616,0.0051043035844918
2021-05-06,IEX,-0.005762249938727524,-0.003823143807761985,0.00302965548238267,0.002875813165830513,12.48257116452228,0.0034906764917803
2021-05-07,IEX,-0.004598123808606818,0.0019355863916056197,0.0011118136827806702,-0.0015030449686126842,12.81638426369269,0.004873974532702
2021-05-10,IEX,0.004068771808977967,0.006001946356208395,0.006820149808361448,0.003797981306557119,13.078622543881725,0.006335372654403
2021-05-11,IEX,-0.0034042058812424657,-0.013810196759651066,-0.017812179335090012,-0.009344307305839683,12.753907885930044,0.0045787827019599
2021-05-12,IEX,-0.00720046016977559,-0.006888227152667227,-0.020517346353270897,-0.02953080358147238,13.169439692821255,0.0069376698875316
2021-05-13,IEX,-0.022920991670488083,0.0010250981752175758,0.004027604072849783,0.022923889707914553,12.370743507958519,0.003121355770807
2021-05-14,IEX,0.020956292748899222,0.008163241271286698,0.020301268619699497,0.004869966051552608,12.153204427390497,0.0025111161565822
2021-05-17,IEX,-0.0007151560770780547,-0.008564120838502495,-0.009082175379045156,-0.002320180942395342,12.419169901386761,0.0032762322021829
2021-05-18,IEX,0.0004915652071944597,-0.0031247414165824126,-0.0025781201214765005,-0.011051100988234148,12.777902113316417,0.0046899760373067
2021-05-19,IEX,-0.01840753089580461,-0.01840753089580461,-0.022114379276250633,-0.018049349589610807,13.378865879879848,0.0085539444406085
2021-05-20,IEX,-0.006578912148480512,0.004905533763048867,0.0042960489665821696,0.011932706348869924,12.43996225063003,0.0033450661716833
2021-05-21,IEX,0.013987191134487376,0.00630157557124269,0.011589129530334218,0.0021393057291560417,12.496504683358769,0.0035396545085402
2021-05-24,IEX,0.00434012952848477,0.0005412991802002156,4.538874769621964e-05,0.003630107620339376,11.968456114085114,0.0020875224981181
2021-05-25,IEX,-0.0038873714884174355,0.004411414763482857,0.0035565081175813725,0.0034367776174688727,12.57002454806453,0.0038096954658111
2021-05-26,IEX,0.01206476740899192,0.0037659811570915666,0.001500982129306293,-0.0008127436980471122,12.446667041257989,0.0033675695847892
2021-05-27,IEX,0.0010733252299500622,0.0010733252299500622,0.007696186915230559,0.002391593758745765,12.731986861792581,0.0044795029382574
2021-05-28,IEX,-0.010334092010347618,-0.0015210552006165617,-0.008287319483974287,0.0035541992284062736,12.473428278520133,0.0034589069673955
2021-06-01,IEX,0.01599486726439544,0.012103255545910512,0.016327467615876196,0.005419771919886368,12.698940998282254,0.0043338926181603
2021-06-02,IEX,-0.003963712251221322,-0.005321713558555594,-0.0036752600200720895,-0.002056978752661643,12.403697343010705,0.0032259304552403
2021-06-03,IEX,-0.0043826328132364695,-0.004322307723024238,-0.0054929865245137675,-0.0009403941538014978,11.895469889693825,0.0019405884478384
2021-06-04,IEX,0.0010750974427727114,0.007119708637469296,0.008407352337620858,0.009764012077956215,12.299112067295642,0.0029055877510268
2021-06-07,IEX,0.01064327771739603,0.0012849795377360275,-0.007550047064577424,-0.01178225826338049,12.464973226056454,0.0034297849033761
2021-06-08,IEX,-0.012076947077633206,-0.009789945553414383,-0.004113264807029773,0.0019286693380269112,12.297744396089387,0.0029016165604787
2021-06-09,IEX,-0.0026488746826011586,-0.0030904936460394213,0.0006790610402375943,-0.009770784177276948,12.679199517372098,0.0042491738864675
2021-06-10,IEX,-0.0026558604651265917,-0.0022454475392052506,-0.004855185349174632,-0.00453502160451718,12.779312347902879,0.0046965946882202
2021-06-11,IEX,-0.0023012136369245017,-0.002655872965348402,-0.006891904636927903,0.0010904445917493061,12.439170488085749,0.0033424187113179
2021-06-14,IEX,-0.0071181796688945045,-0.0042915808953181865,-0.003624774266350399,0.002629884832859416,12.45488784222084,0.0033953679186259
2021-06-15,IEX,0.006892197935506695,0.010672127249598594,0.00960659699273043,0.0073541348665114165,12.619839862232693,0.004004283802668
2021-06-16,IEX,0.007024489982209199,-0.0017932361528975496,-0.009514694668760298,-0.021445648191147085,12.60987303543023,0.003964571897187
2021-06-17,IEX,-0.023931086126130856,-0.02016958020378916,-0.023813872279229455,-0.014246170549310485,12.860481596522911,0.0050937137430302
2021-06-18,IEX,-0.02682857228845782,-0.01871730557717686,-0.0033476252537203836,-0.013507509790825243,13.380103119076898,0.0085645342820701
2021-06-21,IEX,0.009490769373921449,0.014220059487831655,0.008090341080438868,0.024856127119352724,12.521616693076714,0.0036296681609638
2021-06-22,IEX,0.018256406443581227,0.009566442761044482,0.013725285331564538,0.0016108208085745851,12.589295553001502,0.0038838243560423
2021-06-23,IEX,-0.0023444762282300337,0.002547710890823076,-0.001850146114123027,0.0008273123244943581,12.822071467411154,0.0049017728665387
2021-06-24,IEX,0.005736466630011989,-9.089350263194023e-05,0.005355777149188476,0.005315771768361389,13.00605650168756,0.0058919230431985
2021-06-25,IEX,0.0056126641923539035,0.008867208498213592,0.009942518791915772,0.004650925162005856,12.83681502694785,0.0049745780265872
2021-06-28,IEX,0.0002731385636632877,-0.0058271789564494185,-0.006816147660949011,0.00045486496563565756,12.69649452136317,0.0043233027766987
2021-06-29,IEX,0.005263187591257231,0.003978937366154522,0.004853992794265994,0.0029513726996781234,12.672008638147602,0.0042187280922654
2021-06-30,IEX,-0.004626566191694267,-0.001399950119341773,0.002782532822228638,-0.002360458908350269,12.695575547241136,0.0043193315861506
2021-07-01,IEX,0.008014782918852697,0.001941264234450817,-0.0023258793221380943,-0.0008182478419880493,12.692506186542177,0.0043060942843236
2021-07-02,IEX,-0.005925636108857061,-0.002076750473484061,0.0006389943522939099,0.005216735224160176,12.33403040930302,0.0030088387052775
2021-07-06,IEX,0.0026278955255359822,0.0014000147285651377,-0.009628640244134408,-0.007493431847973298,12.618847637882144,0.0040003126121199
2021-07-07,IEX,-0.00644606219095064,0.009566894060453301,0.011588883521039477,0.018427882224073995,12.713796463667077,0.0043987553971127
2021-07-08,IEX,0.006310276415355068,-0.006637773527782467,-0.0019602757919930163,-0.012474042167566353,12.69404204451308,0.0043127129352371
2021-07-09,IEX,0.012725799498523592,0.015670997699447325,0.020996351705871698,0.016136988179722207,12.7988496158975,0.0047892558010092
2021-07-12,IEX,-0.007670015925582352,-0.003639038623902254,-0.008165436082615746,0.0010251099481110595,13.0198898016336,0.0059739943145259
2021-07-13,IEX,0.01123835091964035,0.0031960009577743638,0.0022049681393723447,-0.004777603997671706,12.726059179728116,0.0044530283346034
2021-07-14,IEX,-0.0022214519067916302,-0.000509521700832675,-0.002898444282304461,0.004610498011039417,13.011657489555034,0.005925016297766
2021-07-15,IEX,-0.002149392222184848,0.005010090377879232,0.008056403090629369,0.003432819783188487,12.99793556402925,0.0058442687566212
2021-07-16,IEX,0.011100109825253243,0.007051314828813558,0.00821432058046757,0.008773526941194881,14.324915773427849,0.0220308414306791
2021-07-19,IEX,-0.005111359388958455,-0.014553713885948047,-0.027312599442766754,-0.019242545730213976,13.01053979885567,0.0059183976468525
2021-07-20,IEX,-0.0057199663712184925,0.019503712596436244,0.01936706292737546,0.026363924022100256,12.673576277384964,0.0042253467431789
2021-07-21,IEX,0.028452310220379175,0.009957414554127048,0.01618112876828708,-0.0036421688420448547,12.903214337396397,0.0053161004137239
2021-07-22,IEX,-0.009629049080471986,-0.016357832381874545,-0.006414513311446357,-0.0055107638660979695,12.60920503496451,0.0039619244368216
2021-07-23,IEX,0.002635360322036642,0.002635360322036642,0.0035441956648251983,0.0070043847893045495,12.472662584630097,0.0034562595070301
2021-07-26,IEX,-0.00026324876697381285,-4.3854741800408215e-08,-0.0043433009436716265,-0.007358031536630967,12.417957049864935,0.0032722610116348
2021-07-27,IEX,-0.011517368012828868,-0.0023273732078455756,-0.0061927020330346996,0.0005305991137240019,12.652682895940725,0.0041379805511207
2021-07-28,IEX,-0.04150470663288467,-0.0023770099941155124,-0.049892465165351715,-0.029741893271062223,13.217857176713197,0.0072818397350336
2021-07-29,IEX,0.02268775550475572,-0.016350847917689322,0.031808929135228245,0.015497237696182577,12.950627988880042,0.0055742277993504
2021-07-30,IEX,0.009407940988134304,0.015733738032887495,0.010412101074577481,0.016187523052207723,12.460718739865236,0.0034152238713664
2021-08-02,IEX,0.02158431857745744,0.013360022806058134,0.016525500735320466,-0.0033140641260029262,12.902217827589244,0.0053108054929931
2021-08-03,IEX,-0.005804571612243493,-0.0016548867624093166,-0.0019510005310901335,0.012447633483625193,12.261038936200617,0.0027970418760454
2021-08-04,IEX,0.003785746648125849,-0.0011336840683280462,0.002571126479380056,-0.008736576598842749,12.289498853474674,0.0028777894171901
2021-08-05,IEX,0.0017994199232123837,-0.00030575132744091867,0.003182026003115612,0.0014538026141225648,12.359227115018937,0.0030856150558741
2021-08-06,IEX,-0.00030684289202192566,-0.0035852921011123714,-0.00030875382507113716,0.0024629467255356356,12.283501169971546,0.002860580924815
2021-08-09,IEX,-0.003295708845452961,-0.004126103023585876,-0.0036262906158271257,-0.006035726905209906,12.127575825689417,0.0024475771078126
2021-08-10,IEX,-0.0007484552068575544,0.00819159552206664,0.0007086641579064665,0.003088507601867428,12.315379862705514,0.0029532420376041
2021-08-11,IEX,-8.798276778738898e-05,-0.004328238679947027,0.0004427084715189586,0.0043080036049871,12.16369214550422,0.0025375907602362
2021-08-12,IEX,0.004877565133717656,0.0005255180905795473,-0.0018160909202577225,-0.006513116718432209,12.925620734808986,0.0054365598603496
2021-08-13,IEX,-0.008629125551539614,-0.007428523143814683,-0.00863771250058505,-0.011143582643240573,12.788291058675025,0.0047389540540666
2021-08-16,IEX,-0.01138377898901194,0.004446272591063814,-0.0069550546981411495,0.01493341651914059,12.625443946112906,0.0040267872157739
2021-08-17,IEX,0.01160499784647523,-0.00643343761734832,-0.004241737834771864,-0.01609475307036799,12.187404474495082,0.0025984823486404
2021-08-18,IEX,-0.015413922836973038,-0.015413922836973038,-0.00872037313661167,-0.018860125819044983,13.111708818640885,0.0065484932138177
2021-08-19,IEX,-0.024264825970091213,-0.0068921276114869735,-0.008290556975142752,0.005088605436772437,12.543619304752651,0.0037104157021086
2021-08-20,IEX,0.015517668167612356,0.0059941868076899005,0.013477651366055539,0.0028057281961141466,12.498745990829315,0.0035475968896364
2021-08-23,IEX,0.003706597648219817,0.002602616976260829,0.004482454399022669,0.0019411449102472024,12.519426119694613,0.0036217257798676
2021-08-24,IEX,0.004950871822147347,0.00976702564664004,0.004597414725037471,0.013039258100951658,12.736997911302637,0.0045020063513633
2021-08-25,IEX,0.008983809309251044,0.005443900819690646,0.007838824445537013,0.007981050892051533,12.639156163208208,0.0040823838834473
2021-08-26,IEX,0.0059006253105828065,-0.0007064015306162948,0.00205050839405297,-0.0025646149057652785,12.059895922372384,0.0022874057557059
2021-08-27,IEX,0.003267994004055025,0.005901585291063699,0.0025348807428380135,-0.0024381677401949533,12.878764535855812,0.005187698586002
2021-08-30,IEX,-0.0036219310094797188,-5.3994062568741676e-08,0.0017306234031956643,0.0028808073733785503,13.132315688453556,0.0066848374226359
2021-08-31,IEX,0.0012825502500809934,-0.006387372872800472,-0.012088179937417948,-0.008667510513299635,13.183460358229915,0.0070356259210514
2021-09-01,IEX,-0.008298597028176462,-0.008298597028176462,-0.012963599155605382,-0.015159123605731257,13.054942840579685,0.0061871148739406
2021-09-02,IEX,-0.011067449628050063,0.001336176160993122,0.006209283117726288,0.01614082227171359,13.308346555606272,0.0079715031602204
2021-09-03,IEX,0.007272567688419031,0.0011561838259430371,0.0040129092023903,-0.0073861961124158555,12.48332931179837,0.0034933239521457
2021-09-07,IEX,-0.006506939060994565,-0.00758511783975498,-0.024277450867142922,-0.024561116213773573,12.534660309007924,0.0036773224475411
2021-09-08,IEX,-0.02687637751729776,-0.017211840020061105,-0.008240815354498738,0.008847792287721094,12.894209796826232,0.0052684461271467
2021-09-09,IEX,0.014554612642731517,0.0028665837961929425,0.010175427245954317,-0.0062264977934334735,12.410241306879119,0.0032471101381635
2021-09-10,IEX,-0.00022805226479388811,-0.0026844121840957805,-0.0013815919138327336,-0.0026673975121119997,12.760535178224796,0.004609228496162
2021-09-13,IEX,-0.0014144685186626266,-0.00173287888966096,-0.013547088907384238,-0.012464700807826898,12.726356399830706,0.0044543520647861
2021-09-14,IEX,-0.014902859229996353,-0.004115608351744802,0.004055685785648375,0.006738246589390828,13.114534814009746,0.0065670254363755
2021-09-15,IEX,-0.0007416235152263065,0.006895825996375968,0.0006975918469681333,0.014757282412732935,12.715900771961074,0.0044080215083916
2021-09-16,IEX,0.016374763982743727,-0.0015031626268793596,0.004591581537831253,-0.0034745160358780483,12.878254072624879,0.0051850511256366
2021-09-17,IEX,-0.006866770227002186,0.00022801308450831438,-0.0031979549774612246,-0.012070388595802593,13.305519585779724,0.0079489997471145
2021-09-20,IEX,-0.02257842715644515,-0.019649666206345447,-0.01718419014907463,-0.004832135382076532,12.754774810223829,0.004582753892508
2021-09-21,IEX,0.011213581093739804,0.0034332178477855433,0.005134711466286109,-0.006072985655823691,12.291337080838684,0.0028830843379209
2021-09-22,IEX,-0.0008832559023017071,0.004067245322167891,0.006743110283974121,0.008352520730554258,12.427218202181711,0.0033027068058369
2021-09-23,IEX,0.00805902994930354,0.005382207904955218,0.009290772193639408,0.009388913600399406,12.338420212709783,0.0030220760071045
2021-09-24,IEX,-0.002864201570855744,-0.0029405840657792674,-0.0012493231235195564,-0.002535187381104572,11.795099898183592,0.0017552662222604
2021-09-27,IEX,0.0007862639552422381,0.004590870966665093,-0.0030601232549275657,-0.005924713553290008,12.228328144428588,0.0027070282236218
2021-09-28,IEX,-0.0038905412169560885,-0.007447646258869184,-0.018702644892215375,-0.017893593576064567,12.508770169721908,0.0035833376045693
2021-09-29,IEX,-0.01585657758047476,-0.011883347326248158,-0.001989203417169691,0.006689041815219044,12.405337353054348,0.0032312253759711
2021-09-30,IEX,0.007749258449666413,-0.001869526763358944,-0.019435696124026704,-0.028814921281009546,12.867215611263006,0.0051281307277805
2021-10-01,IEX,-0.02597187362567855,-0.008598372667148904,-0.003923277556564432,0.0153442277853402,12.651402490133291,0.0041326856303899
2021-10-04,IEX,0.0059838813925709765,-0.007436001104546841,4.857193382215179e-05,-0.008170294487317306,12.97525682932358,0.0057132194685339
2021-10-05,IEX,-0.0021979419560595303,0.011579930964441166,0.006674377840297949,0.012396413610506649,13.094583052733583,0.0064372998784709
2021-10-06,IEX,0.001433968769633834,-0.0041911102355784175,-0.001495453794931666,0.0033114637614087314,12.303203893455684,0.0029175013226711
2021-10-07,IEX,0.018972337667216666,0.021244004141638524,0.02963270859026052,0.009822056278361111,12.573839347853667,0.0038242564978208
2021-10-08,IEX,0.0011244691011170916,-0.011149196925919157,-0.010174525242094615,-0.009444154564835461,12.314034275355535,0.002949270847056
2021-10-11,IEX,-0.010873213007579192,-0.007361610611407924,-0.019796222006480135,-0.022245659505168176,12.301387370778713,0.0029122064019403
2021-10-12,IEX,-0.016702645730650594,-0.019243512548301797,-0.0088279874071609,-0.006683628234818958,12.501354516219285,0.0035568630009153
2021-10-13,IEX,-0.002505543209306875,-0.005580691611913032,-0.004052036611774685,0.001408341197845975,12.825845046623398,0.0049203050890965
2021-10-14,IEX,0.0019963445207109866,0.031674680014802815,0.01589018294180178,0.03701363409687655,12.296831574998258,0.0028989691001133
2021-10-15,IEX,0.03598494236189206,0.011184268715683152,0.028599997384045894,0.0007968100342998685,12.758522821680685,0.0045999623848831
2021-10-18,IEX,-0.012747479326902272,-0.00734889756377411,-0.008385679664332799,-0.0003280519967282616,12.32785212918379,0.0029903064827197
2021-10-19,IEX,0.012980166167310325,0.010217920745568472,0.00852633445247226,0.013360529970622636,12.590998254919084,0.0038904430069558
2021-10-20,IEX,0.01776574928266967,0.01668001939074527,0.016883737497879962,0.008472644838202271,12.764261701882237,0.0046264369885371
2021-10-21,IEX,-0.005319480517203218,0.001589428138894477,-0.0008765126636411543,0.009855645657501287,12.78296967746187,0.0047138031805953
2021-10-22,IEX,0.016598560230222464,0.011368819267040933,0.018205502168770253,0.003716076127011911,12.21255657932543,0.0026646688577754
2021-10-25,IEX,-0.00036183105618260925,0.0004933687989859639,-0.010297094390087259,0.0005426823292520518,12.652042897966872,0.0041353330907553
2021-10-26,IEX,0.0035677041422684185,-0.005394931703160886,0.0029724453030109373,-0.005576306173546078,12.608536587975873,0.0039592769764562
2021-10-27,IEX,-0.0007667710654418742,0.027434165020200962,-0.005173330511628048,0.01022201256455807,13.42646146670228,0.0089709194481591
2021-10-28,IEX,0.0025231323707973607,-0.016405863913060877,0.009819876093659677,0.0033244632275535846,12.748399843328054,0.0045536318284886
2021-10-29,IEX,0.0024721249310387227,0.007506797748405746,0.004851515467981235,-0.0017505771845540226,12.712893259942282,0.0043947842065646
2021-11-01,IEX,0.000987102495510193,-0.006214462865447389,0.0005426837719899703,0.00595782327932583,12.570719231334277,0.0038123429261765
2021-11-02,IEX,0.00888438093937096,0.03366834978879876,0.009672157977551672,0.035106564201715776,13.051299076273295,0.0061646114608347
2021-11-03,IEX,0.027142023947633695,-0.0014216267780765973,0.019683393752376436,-0.006836388188539085,12.400409231902334,0.0032153406137787
2021-11-04,IEX,-0.0014286151559205996,0.010720907505685117,0.013256683107014442,0.013198302734270641,12.288578471082884,0.0028751419568247
2021-11-05,IEX,0.021216739837930428,0.00946705992375025,0.012655686886936307,0.004830164083616043,12.457613159362927,0.0034046340299048
2021-11-08,IEX,0.0029645196615286436,-0.0007606884678082506,-0.002355301531702106,0.004042991290282332,12.318959268856462,0.0029638318790657
2021-11-09,IEX,-0.005299895117370152,0.00042248168503819994,0.007304858871137364,0.0016970939930859527,12.233206179086634,0.0027202655254488
2021-11-10,IEX,0.0034797221875034466,-0.0012264571658932655,-0.0017466510467951163,-0.0013576738683753575,11.88242482344573,0.0019154375743671
2021-11-11,IEX,-0.002969626783825392,-0.003476117662797561,-0.007704427841647073,-0.008355969791354053,11.900912042974875,0.0019511782893
2021-11-12,IEX,-0.003404935093195262,0.001400335718729214,0.0031745454906753684,0.006273547827435673,12.136191879981927,0.0024687567907358
2021-11-15,IEX,0.005018165942901562,0.00245664333154516,0.0009419148815700591,-0.0018736586626243977,12.235150749730654,0.0027255604461796
2021-11-16,IEX,-0.004208333153016127,0.009137934770502587,0.004525731772282163,0.008023719132380272,12.20357452783082,0.0026408417144868
2021-11-17,IEX,0.005268292009332424,-0.008799530054639123,-0.003242759636409175,-0.001438695438878858,11.91103693456627,0.0019710342420405
2021-11-18,IEX,0.0014819244971177915,0.001014384712741448,0.003242663515451346,-0.0013560151410348896,11.827743504053695,0.0018135103502992
2021-11-19,IEX,0.0007190736403087369,0.004552148677653419,-0.0014067103584932588,-0.006039185743152598,12.415121329251784,0.0032629949003559
2021-11-22,IEX,-0.006788022744223795,0.0011347962018744323,0.0016622623143850484,0.0038319173476584656,12.672635988772473,0.0042213755526308
2021-11-23,IEX,0.0046717679762153085,-0.005813653724300243,-0.006451382082096285,0.004452124044624893,12.267172448547784,0.0028142503684205
2021-11-24,IEX,-0.0008477543140919873,0.0027426123020435587,0.006366290653985781,-0.0012699372793499154,12.235150749730654,0.0027255604461796
2021-11-26,IEX,-0.011086983430112014,-0.0007165128868068003,-0.018180309102626985,-0.021970416896156288,12.554970929480584,0.003752775067955
2021-11-29,IEX,-0.0007722791941794969,-0.009532667231089467,-4.346037810819067e-05,0.014956312783222583,12.540045332306379,0.0036971784002816
2021-11-30,IEX,-0.0015031144814577659,-0.005592207215473094,-0.031011647326905194,-0.04283787571667708,13.753317018540006,0.0124390925268336
2021-12-01,IEX,-0.024361741820480457,-0.015791901760531864,-0.011610295715583899,-0.015435365316097011,12.69649452136317,0.0043233027766987
2021-12-02,IEX,-0.02343607870249603,-0.0005219577761510052,0.0024413020005657773,0.031425142849822785,12.850557278777309,0.0050434119960876
2021-12-03,IEX,0.03194305533438827,-0.001524142488177339,0.019185294018186274,0.00035040994426587,12.45332717690471,0.0033900729978951
2021-12-06,IEX,0.01340218260619987,0.03165488520550013,0.019823628121775183,0.027648921003389736,12.791915756287272,0.0047561625464417
2021-12-07,IEX,0.01915955932476704,0.006942237031858829,0.018628590994538757,0.0019155559188798483,12.566195139831894,0.0037951344338014
2021-12-08,IEX,-0.005849801879160435,-0.0052128233985660735,-0.003458577718226677,0.008258645444401328,12.062785246027499,0.0022940244066194
2021-12-09,IEX,0.0050886131173532925,-0.0010542637670070884,0.0066077198426675405,-0.007366018505428714,12.10846532932714,0.0024012465514181
2021-12-10,IEX,-0.0021171000267540805,-0.0008441698176393031,-0.002126735514063304,0.0039860618217389026,12.17355461910053,0.0025627416337075
2021-12-13,IEX,0.0015670170347809975,0.002446172162409811,-0.0019180688153682217,0.001015146805492616,12.307730815958307,0.0029307386244982
2021-12-14,IEX,-0.00131267394970328,-0.003122000875674446,-0.0065914901524809204,-0.01015569589437726,12.20757651415268,0.0026514315559484
2021-12-15,IEX,-0.005481590368474568,0.006612333446416592,0.0015875980239446882,0.015552743236554404,12.558140493079444,0.0037646886395993
2021-12-16,IEX,0.017277109458682407,0.008818358358505656,0.017342213613973544,0.007081385021475805,12.725464474372217,0.004450380874238
2021-12-17,IEX,-0.0015507539884861547,-0.0038772480494786207,-0.04050426846392883,-0.046011196055004866,13.588234730545278,0.0105461583655723
2021-12-20,IEX,-0.05115867182440705,-0.051821089708411906,-0.025915485035198995,-0.02317559100842141,13.22401883781393,0.0073268465612455
2021-12-21,IEX,-0.005222827182076738,0.006271373937275179,0.01275281027415765,0.021994551231238273,12.572800390319369,0.0038202853072727
2021-12-22,IEX,0.015062912713290263,0.01104295522560025,0.01289928054575111,0.002579038126492509,12.535739636044429,0.0036812936380892
2021-12-23,IEX,0.004710161206169269,0.006121122266394978,0.008783811392609347,0.006917874530279709,12.782688818818986,0.0047124794504126
2021-12-27,IEX,0.008103106843428172,0.004758638928625827,0.0038646653233960046,0.012837678984285218,12.520887034998584,0.0036270207005984
2021-12-28,IEX,0.0053801241120301655,0.006479931942395797,0.009532691959256344,0.005761957812609591,12.05350987098043,0.0022728447236962
2021-12-29,IEX,0.011226240244654892,0.0058047549896671526,0.004882068501145532,0.003653406184744454,12.846085364109054,0.0050209085829817
2021-12-30,IEX,0.004278090540734518,0.001435475024687836,0.004177948934391505,-0.0016975122810250357,12.587931300962664,0.0038785294353115
2021-12-31,IEX,-0.004999895444306501,0.00033738326426322975,-0.0005106808408055272,0.0037731882192116877,13.062615496138552,0.0062347691605178
2022-01-03,IEX,0.003815737410665863,-0.001984058113317395,-0.026962754602140714,-0.02411198844850727,12.576604635598223,0.0038348463392824
2022-01-04,IEX,-0.02103901894987949,-0.002030311182111947,0.0116940588027249,0.020721067637887693,12.60719835203924,0.0039539820557254
2022-01-05,IEX,0.02091189724519596,0.006078649608192641,-0.0006053959037208406,-0.017864262115376242,12.527434870150573,0.003650847843887
2022-01-06,IEX,-0.02082542108116288,-0.01800533956918767,-0.004681239634381985,-0.0029434507802606567,12.248178615401173,0.0027613011611125
2022-01-07,IEX,-0.0033329789098364196,-0.009644940964808264,-0.014618080391860817,-0.013530323134115608,12.515397562803473,0.0036071647478579
2022-01-10,IEX,-0.023290947201106926,-0.021428102061287486,-0.020128869123866893,-0.012068813853394972,12.560949473827492,0.0037752784810609
2022-01-11,IEX,0.0005768215725763719,0.0003094643724066262,-0.006951660765270752,0.005853767976298155,12.330946040628971,0.0029995725939986
2022-01-12,IEX,0.006630629908439167,0.010199541300184013,0.024254888557853908,0.0033987302136639776,12.392141339694389,0.0031888660101247
2022-01-13,IEX,8.867909202243149e-05,-0.00011392059823360623,-0.0013383754744333896,-0.0007953884548003943,12.259144108039314,0.0027917469553146
2022-01-14,IEX,-0.010744084879355827,-0.015421889721658397,-0.03224399682427054,-0.026428061070406652,12.987461903790193,0.005783377168217
2022-01-18,IEX,-0.029213487187366327,-0.027952200329516518,-0.024590785089101484,-0.012331290315640236,13.072544784583393,0.0062969844791047
2022-01-19,IEX,0.004905809569556542,0.005161550110879204,0.012278301999010451,-0.006963013822558552,12.73523217148465,0.0044940639702671
2022-01-20,IEX,-0.007298448174123599,0.00018218516242271302,-0.0033929571276674285,0.0,12.884362500606924,0.0052168206500214
2022-01-21,IEX,-0.006888136883010472,0.006039801486398665,-0.0019573559769579265,0.014015055383027141,13.361854181312886,0.0084096578506942
2022-01-24,IEX,0.0051819835668176885,0.0024418602051545072,-0.0055666980209869215,0.006594663803774477,13.278000380676866,0.0077332317273344
2022-01-25,IEX,0.0004151805546383241,-0.012818446828447197,-0.008337507778887438,-0.023483112706725384,12.93096313376517,0.005465681924369
2022-01-26,IEX,-0.0002305577189304992,0.0069751492710519525,-0.008693724995190399,-0.01779228066788907,13.037678745987051,0.0060812164593246
2022-01-27,IEX,-0.01623396183874006,-0.021954632694411964,-0.011614037616954847,-0.014321577862559639,12.785773933914658,0.0047270404824223
2022-01-28,IEX,-0.027190719727619887,-0.01846625598604742,-0.010725570342190958,0.012477374510508406,12.565497305532237,0.003792486973436
2022-01-31,IEX,0.015824447641620647,0.019951124451669036,0.021528096796777457,0.01945095276676434,12.87262171168374,0.0051559290616172
2022-02-01,IEX,0.020004449363919853,0.006332528191848375,0.018921196428442724,0.0036602278098030144,12.89947229421736,0.0052962444609834
2022-02-02,IEX,0.003110007351855319,-0.003693068838994357,-0.03553332536760534,-0.046042341683456806,13.934360579744013,0.0149078493175694
2022-02-03,IEX,-0.04449591756623143,-0.046284313416816186,-0.02228965138650544,-0.01896804761384703,13.300343858683068,0.0079079641114508
2022-02-04,IEX,-0.02636555315531539,-0.02193887065458749,-0.02406826679414926,-0.02569479844023501,13.28567369367297,0.0077927995855559
2022-02-07,IEX,-0.015038124053250739,-0.010452293476481854,0.001117986703001464,0.0025284554669277653,13.372189365173714,0.0084970240427524
2022-02-08,IEX,0.004484875901601794,-0.0025047588232108967,-0.0017287541598308713,-0.0012129280729063527,13.141971868210181,0.0067497002015882
2022-02-09,IEX,0.0055655724707288886,0.008092923473726431,0.009924779637727834,0.0055978490281085105,13.092112395661816,0.0064214151162785
2022-02-10,IEX,-0.022398921814070896,-0.00784200301066442,-0.025773944853862623,-0.021347723968881002,13.107860720420167,0.0065233423403464
2022-02-11,IEX,-0.0023549020586351487,-0.019955091886552187,-0.027571294862589114,-0.02502144807660381,13.476676935464704,0.0094329012819214
2022-02-14,IEX,-0.025434799949351494,-0.012664272933078822,0.007834795641259372,0.009645628878243148,13.506129421115684,0.0097148558108366
2022-02-15,IEX,0.020193084930724053,0.009538706953541748,0.0018438283419839707,-0.0021413169285882973,13.375921287197546,0.0085287935671372
2022-02-16,IEX,-0.0140606662853513,-0.013795885866748542,-0.0033212216860317046,-0.006767005772373309,12.971542813248437,0.0056920397856107
2022-02-17,IEX,-0.017447041757278233,-0.005635311979572977,-0.007527501274248686,-0.006707609044886476,13.335700603496061,0.0081925661007314
2022-02-18,IEX,0.002230825178229772,-0.0013611854317709506,0.0027100414242449016,0.003332954490959164,13.382881323089181,0.0085883614253587
2022-02-22,IEX,0.007189228376247375,0.0008901929736922045,-0.004734028539180736,-0.0034920079861889687,13.064100589261626,0.0062440352717967
2022-02-23,IEX,-0.0029011346266030673,-0.004143905704259668,-0.012122521580321543,-0.01710527324541346,13.005831808336863,0.0058905993130158
2022-02-24,IEX,-0.034776268670883015,-0.0043724285042483655,-0.019839285217196887,0.018747132494392898,13.168867120179547,0.0069336986969835
2022-02-25,IEX,0.03276690246499366,0.021001691530880176,0.03419875971545417,0.01835013667587972,12.770252288930184,0.0046542353223738
2022-02-28,IEX,0.0054372635055207385,-0.0033659807516395373,0.004882226006444173,-0.0030698263823077743,13.568843741356575,0.0103436276476192
2022-03-01,IEX,0.009952754794687158,-0.0030133855103061844,-0.014342867192360024,-0.016710159784944237,13.276801444503338,0.0077239656160555
2022-03-02,IEX,-0.010479459379313372,0.00859984185540413,0.01179846905424423,0.022892011221570186,12.811756528818082,0.0048514711195961
2022-03-03,IEX,0.021263073008576442,0.010672410558306786,0.016788715919131017,0.007481540835880787,12.898221828255906,0.0052896258100699
2022-03-04,IEX,-0.006778090920908009,-0.0037840142948298685,-0.0016716636236296272,-0.012309555803867788,13.107860720420167,0.0065233423403464
2022-03-07,IEX,-0.0016106953238560725,-0.013305372729917705,-0.016604227935235517,-0.019867177242783106,12.54895642705646,0.0037302716548491
2022-03-08,IEX,-0.017097085329428302,-0.006771844869979014,-0.027754817922515294,-0.027391655142052634,13.459265521602035,0.0092700824694493
2022-03-09,IEX,-0.006261329209744777,0.009881994293361483,0.024720620542610657,0.046113283536074856,13.318260698420039,0.0080509269711825
2022-03-10,IEX,0.005785251627049938,-0.010457034853449428,-0.0024553937158368414,-0.016282687687485347,12.682930853382516,0.0042650586486599
2022-03-11,IEX,0.010319067991362738,0.002715747853199156,0.012903339576048261,0.004227431954049893,13.11312281460621,0.0065577593250966
2022-03-14,IEX,0.007046280906604277,0.007068379490280686,-0.0074667023944365125,-0.002904354941120362,12.65428110117717,0.0041445992020342
2022-03-15,IEX,-0.010719348850939383,-0.00025899186862808247,0.007836099170493847,0.01880767500645858,12.656195581932694,0.0041525415831304
2022-03-16,IEX,0.017819351006641632,0.022435935736416144,0.015697980558582538,0.017746878378243437,12.633954607922337,0.0040612042005241
2022-03-17,IEX,0.0047398519236528545,0.0075693225404347576,0.01007319157817773,0.009337808274025916,12.788849560341312,0.004741601514432
2022-03-18,IEX,0.036784272992057686,0.014622134579956014,0.006097730326142728,0.005139071265945107,13.565253998514205,0.0103065632025036
2022-03-21,IEX,-0.017340457562876534,-0.012111721275409472,0.003620559592702087,-0.002616626413393794,13.02431164297107,0.0060004689181799
2022-03-22,IEX,0.006581773841137871,0.0013530375536707703,0.0018307657538083348,-0.006165996137615925,12.634280498992874,0.0040625279307068
2022-03-23,IEX,-0.02258784825315139,-0.012142143835251909,-0.020843780191248027,-0.019711409048152596,12.683551391346773,0.0042677061090253
2022-03-24,IEX,-0.0054442201302312395,-0.012086046775061688,0.00010382685304869736,0.004179585051368857,12.824498973856072,0.004913686438183
2022-03-25,IEX,0.0032905751529693,0.004504607297046475,0.0004148218915591275,0.004930799522063989,13.165424782571753,0.0069098715536949
2022-03-28,IEX,0.0031263615481394664,0.00239765527376729,0.0005701969498121936,-0.002359663189713254,12.812847335877953,0.0048567660403269
2022-03-29,IEX,0.004493072556641586,0.012758431483938673,0.013179106235184583,0.019025892116392006,13.206154742381907,0.0071971210033408
2022-03-30,IEX,0.007106662742218616,-0.002215903273934968,-0.006053060561375133,-0.015641927409437723,13.31595617444461,0.0080323947486246
2022-03-31,IEX,-0.01098593993990112,-0.014217936493818922,-0.0179634989297374,-0.018807214506493627,13.335862167174314,0.0081938898309141
2022-04-01,IEX,-0.014526543830915551,-0.011366325656060897,-0.001572818712542823,0.002240286613626169,13.09827763063364,0.0064611270217595
2022-04-04,IEX,-0.004420207994611986,0.0022217913635023145,-0.009224305721910653,0.006845871207938563,13.420541671287861,0.0089179702408511
2022-04-05,IEX,0.00789072608301891,0.0046854442271542784,0.0126812842075559,-0.007001986428541733,12.871594229002753,0.0051506341408864
2022-04-06,IEX,-0.016895770710208133,0.0005648016028118835,-0.009350866387558663,0.012722409724820192,13.216947839393717,0.0072752210841201
2022-04-07,IEX,0.017464380649984273,0.02474529844003031,0.021046875838830848,0.021002113193487017,13.884477695786785,0.0141824451774497
2022-04-08,IEX,0.027876697544134126,0.007285926601527782,0.015690347610123046,-0.009505463206961754,12.986775013521378,0.0057794059776689
2022-04-11,IEX,-0.009950488340351456,-0.016140050148797373,-0.008276035711379682,-0.008725320615062678,13.354745719358286,0.0083500899924727
2022-04-12,IEX,-0.006620897541451317,0.0012624394554040274,-0.010105324591541,-0.007045804287289859,12.697106701938823,0.0043259502370641
2022-04-13,IEX,-0.014151667504641955,-0.012492382745927885,-0.00015534314951299495,0.006892146594685118,12.60418075718477,0.0039420684840811
2022-04-14,IEX,0.013998472958759625,0.007737385608166496,-0.013198935231704916,-0.023545198423920947,12.656832928552909,0.0041551890434958
2022-04-18,IEX,-0.031460115185877616,-0.028024515404976802,-0.011461174580507038,-0.007955438334544178,12.282111965715732,0.0028566097342669
2022-04-19,IEX,0.0010540619991709899,0.010065830477518557,0.008252529584265025,0.023834120373749122,12.660331092405906,0.0041697500755055
2022-04-20,IEX,0.030252851153624548,0.025586427796838247,0.022813692400020538,0.018220639504713202,12.678264503855369,0.0042452026959194
2022-04-21,IEX,0.016777107061856675,0.0072200782061941785,0.0006690666672932677,-0.005798770896659955,12.578673594719154,0.0038427887203786
2022-04-22,IEX,-0.023547187469548023,-0.029610730950441973,-0.015820245967058957,-0.023797733634468594,12.577639650232573,0.0038388175298305
2022-04-25,IEX,-0.015297470947999221,-0.013261610874844334,-0.022737732003203528,0.001514041381304519,13.130928591009509,0.006675571311357
2022-04-26,IEX,-0.00792180510054412,-0.0022971697474447987,-0.0006420594712440056,-0.02567772531810166,12.924646315668351,0.0054312649396188
2022-04-27,IEX,0.012249430856616488,0.019205841397636893,0.0041656877929458925,0.02797000851656333,13.617426625056293,0.0108585586886895
2022-04-28,IEX,0.0016636086717020523,0.006286918866350839,0.0144450776389613,0.019532239832596776,13.279026897402565,0.0077411741084306
2022-04-29,IEX,0.01801685329271469,0.0011714878792716927,-0.004738860292125066,-0.03173200580620472,13.156186859365983,0.0068463325049253
2022-05-02,IEX,-0.030508733607349493,-0.021139050653215342,-0.015746808173582046,0.0013686611467283337,13.243520270752281,0.0074711331511598
2022-05-03,IEX,-0.0010526471505479962,0.0038908370524447194,0.014637535824659053,0.005560977428433087,12.853178505386333,0.0050566492979146
2022-05-04,IEX,0.0031544030550350478,0.025963837655714563,0.00010598894697606721,0.032682128958317,12.949677646566517,0.0055689328786196
2022-05-05,IEX,0.027028363855411568,-0.005666964898283583,-0.005138452693583777,-0.03992820604077681,12.832548365186273,0.004953398343664
2022-05-06,IEX,-0.03699789570543054,-0.04217803936718812,-0.026039749580723328,-0.008999033382576696,12.967581498412784,0.0056695363725048
2022-05-09,IEX,-0.013717271037909118,0.015023048514345291,0.009547793808722609,0.00498614334613196,13.304686600863562,0.007942381096201
2022-05-10,IEX,0.023581544108650647,-0.006800755534437587,-0.016055313977996706,-0.022527133525168764,13.36844346372147,0.0084652545183676
2022-05-11,IEX,-0.036346250239426246,-0.01352876033316538,0.0007677367850187809,-0.012250774861368392,13.334892393330367,0.0081859474498179
2022-05-12,IEX,-0.009516623113790455,-0.012743749228456561,-0.007041892593102904,0.010571738772435384,13.036371843833932,0.0060732740782284
2022-05-13,IEX,0.020506200071290313,0.01412635673203751,0.014633363245311264,0.009119360769511326,12.596089034314039,0.0039102989596963
2022-05-16,IEX,-0.005640924168318408,-0.004024377416138934,-0.013837526928231227,-0.0005392441038150741,12.734642898012305,0.0044914165099017
2022-05-17,IEX,0.02393734447314447,0.012921425369267638,0.029555250985278822,0.019541704819920264,12.60920503496451,0.0039619244368216
2022-05-18,IEX,-0.008735611016077727,-0.012493291110393415,-0.02762000916724151,-0.04101378591191351,13.046348048940967,0.0061341656666326
2022-05-19,IEX,-0.03783497936922845,-0.006709434722030478,-0.009657547809001122,0.009102975146533734,12.942760521591445,0.0055305447033213
2022-05-20,IEX,0.024098777899330966,0.0005921511284926351,0.006836470723376404,0.012477029096450341,14.116652390073298,0.0178888896890102
2022-05-23,IEX,0.008801998920705791,0.012143987191686323,0.022294299751458375,5.378700059700287e-05,12.923182904342333,0.0054233225585226
2022-05-24,IEX,-0.0042561813605443395,0.0006380044583247298,-0.009634446108813883,0.010564096740990453,12.665397584983758,0.0041909297584287
2022-05-25,IEX,0.00838762870836046,-0.0074139122373998835,0.006705053983102946,-0.01196648266163993,12.967581498412784,0.0056695363725048
2022-05-26,IEX,0.0039009790432242876,0.018511779754762092,0.016488387868642443,0.020676618133611987,12.415121329251784,0.0032629949003559
2022-05-27,IEX,0.01907015635259809,0.010507769166847425,0.013588127030679709,0.015895230306773013,12.892197728773349,0.0052578562856851
2022-05-31,IEX,-0.005930326073257595,0.001610991455281917,-0.009534841347487806,-0.0030753080781057533,13.278171539990662,0.0077345554575171
2022-06-01,IEX,0.013437113763468274,0.0002076465243782783,0.0027108104160754264,-0.0007834213221008092,12.614868865984631,0.0039844278499275
2022-06-02,IEX,-0.003642004331432195,0.020653232293129944,0.01658237337567943,0.024667143943632404,12.297288089699112,0.002900292830296
2022-06-03,IEX,0.014848827355106934,-0.0068370509276860355,0.010904173231898281,-0.0052127737358729775,12.208574513247495,0.0026540790163138
2022-06-06,IEX,0.007316943422146571,0.009731199452457956,0.005253641283087456,-0.0007690051893739049,12.04414765726144,0.002251665040773
2022-06-07,IEX,-0.013653862447794929,-0.0011668908616504327,-0.009341830354485086,0.009238750705538864,12.425613715694242,0.0032974118851061
2022-06-08,IEX,0.010590241432548261,-0.0006601565454590381,0.0072847079562868376,-0.012217494683339629,12.059895922372384,0.0022874057557059
2022-06-09,IEX,-0.009711952105745198,-0.0076994725347216296,-0.016609836024735817,-0.01701363361718376,12.157937516778192,0.0025230297282265
2022-06-10,IEX,-0.03104602601334317,-0.035215630013285426,-0.03520911365436948,-0.031190259503944457,12.729027412930751,0.0044662656364304
2022-06-13,IEX,-0.03534629955286567,-0.032220951025484904,-0.029210800772120148,-0.028244932386040728,12.397936033911247,0.0032073982326825
2022-06-14,IEX,-0.005699825672397923,-0.00538068101135732,-0.006383988778087212,-0.0039494779116997555,12.746945301848456,0.0045470131775751
2022-06-15,IEX,0.005037440610449643,0.0008253402348626864,-0.004278867661584996,0.001392391647774735,12.821260987319457,0.0048978016759906
2022-06-16,IEX,-0.0324365810529573,-0.03452969545743391,-0.027165581489301368,-0.035407542043968315,12.89897229545694,0.005293597000618
2022-06-17,IEX,-0.01436202081005691,0.00039881386746489487,-0.0017404994231919565,-0.0020201491343946414,13.377936944883393,0.0085460020595123
2022-06-21,IEX,0.009215404404008518,0.008444895270095744,0.009824243304340735,0.018264964518071844,12.47074578096406,0.0034496408561166
2022-06-22,IEX,0.0014322836432540179,0.00815051913618668,0.00287124298422148,0.004189811133629169,12.605187634239536,0.0039460396746292
2022-06-23,IEX,0.012799290042473549,0.00630605887250485,0.009076277407194498,0.01463904136212917,12.893204268851937,0.0052631512064159
2022-06-24,IEX,0.02174905201331874,0.032725230606961093,0.027076366724515945,0.03264602887790919,13.432052997469079,0.0090212211951017
2022-06-27,IEX,0.03071621006250485,0.007241751466764706,0.01116455323988123,-0.007410557474910068,13.045052435059912,0.0061262232855364
2022-06-28,IEX,-0.01176101155256235,-0.004661005735801685,-0.011662572348168546,-0.018355222438058552,12.714097350382492,0.0044000791272954
2022-06-29,IEX,-0.012230505655128211,-0.02275718613803554,-0.014098379548187275,0.0013263794295201277,12.483708170000067,0.0034946476823284
2022-06-30,IEX,-0.015055499781398751,0.003564310553525791,-0.00022468836751912574,0.003032609246674485,12.764547783171325,0.0046277607187198
2022-07-01,IEX,0.01390110233516525,0.00958828559909275,0.016699539103990187,0.011114577727709457,12.895716195538418,0.0052763885082429
2022-07-05,IEX,0.0020329299287298033,0.0009754564660520161,-0.008927351786895328,0.004238023377691431,12.925133643925246,0.0054339123999842
2022-07-06,IEX,0.009450845368408066,0.013076431842372751,0.01443258985979259,0.004544054067962056,13.119962497597557,0.0066027661513085
2022-07-07,IEX,0.008553820014497325,0.0033621772369968393,0.013523167373957558,0.011163523777061958,13.15695995416078,0.0068516274256561
2022-07-08,IEX,0.0070373201697538305,-0.0018130599133747293,0.0030826146134800784,-0.008953115613090435,12.873135057399978,0.0051585765219826
2022-07-11,IEX,-0.010384959520155812,0.0033041743077704055,-0.0029198969712401768,0.0031723743874141957,12.593037677653752,0.003898385388052
2022-07-12,IEX,0.007436554271408696,0.001010303692195795,-0.015939162636865373,-0.021761754837343713,12.700467012538367,0.0043405112690738
2022-07-13,IEX,-0.03435342300144354,-0.027207082100799494,-0.016085676119608015,-0.0046744350990069305,12.72873098576518,0.0044649419062477
2022-07-14,IEX,0.002423307200319032,-0.003042749151735074,-0.00556122051741844,0.0029819945211928844,12.69649452136317,0.0043233027766987
2022-07-15,IEX,0.02650720017951541,0.029141392033973774,0.03312456508491819,0.026659452468165257,12.929023743919451,0.0054550920829074
2022-07-18,IEX,0.0003791471677134271,-0.00685669190534243,-0.006625513110480451,-0.018969667720796578,12.667921237668097,0.0042015195998903
2022-07-19,IEX,-0.0003792204052739934,0.019798282113810132,0.013695314171496456,0.03563445470656053,12.861780125991103,0.0051003323939437
2022-07-20,IEX,0.022756907608231073,0.008344212717296184,0.02133903727558848,-0.00047524767850512116,13.108266481420335,0.0065259898007118
2022-07-21,IEX,0.0050695050787224576,0.006874645684488272,0.0007424053819976083,0.017490102679787022,13.03571775170136,0.0060693028876803
2022-07-22,IEX,0.01547096596404993,0.012789640363454768,0.016351196825362575,0.0006746810228553822,12.747818280594485,0.0045509843681232
2022-07-25,IEX,0.0004147688690168794,-0.01009435992262604,-0.001252368176077234,0.0005185001182701645,12.829872427480138,0.004940161041837
2022-07-26,IEX,-0.002387675577155887,0.008401906019822169,-0.0011493853948842015,0.008981183848258231,13.196358914666057,0.0071269633036577
2022-07-27,IEX,0.023471276169378698,0.030283042881095387,0.01215783012268923,0.02591879331725405,13.259514959229206,0.0075915925977855
2022-07-28,IEX,0.025756978063285675,0.03055298684229211,0.03919311598893371,0.0313482432308796,12.95086543340818,0.0055755515295331
2022-07-29,IEX,0.019352319253948858,0.01142971129826424,0.01439571609404304,0.012872805996876777,13.06240315982251,0.0062334454303351
2022-08-01,IEX,0.00643271484614586,-0.00014330790026609628,0.009402462664049307,-0.002158051486985769,12.800506612529052,0.0047971981821054
2022-08-02,IEX,-0.0030902139800663645,-0.00449926910415328,-0.0003879204546316408,-0.008097949029655053,13.045268487310828,0.0061275470157191
2022-08-03,IEX,0.002559846077847904,0.01097342775997814,-0.001261966356972403,0.015511705639863645,12.692506186542177,0.0043060942843236
2022-08-04,IEX,0.012130071927156934,0.0036469795690832188,0.016426600997414297,0.005133270879863669,12.550374861980682,0.0037355665755799
2022-08-05,IEX,-0.0036761217565361172,0.005469114535480884,-0.00330212385148259,0.004729743952404235,12.990661167946621,0.0058019093907748
2022-08-08,IEX,0.019186192266498404,0.0020666972190144343,0.007735653148724495,-0.0037819293053549022,12.547535977316382,0.0037249767341183
2022-08-09,IEX,-0.011610045440325444,-0.007961582437266263,-0.0059637737844012665,-0.007941416020588177,12.510246724155719,0.0035886325253001
2022-08-10,IEX,0.01273549574077232,0.013996236983223343,0.014913685886937512,0.020134020201771106,12.810937641967044,0.004847499929048
2022-08-11,IEX,0.009004929128141608,0.010762119081642343,0.006859235641285601,0.001402622335050324,12.433610527614848,0.0033238864887601
2022-08-12,IEX,-0.0008362387006784639,-0.0024944989755430014,-0.0002807946584014044,0.005498484097071817,12.850819710841716,0.0050447357262703
2022-08-15,IEX,-0.006950816887132125,0.0004624051488079793,-0.00023421347064299947,0.004265970620091956,13.022545252064427,0.0059898790767183
2022-08-16,IEX,0.006485739043756537,0.010897898712445358,0.005512391666756316,0.005951140973062377,12.788570348498682,0.0047402777842493
2022-08-17,IEX,-0.0001859577531166853,-0.007205965336837716,-9.306190647248214e-05,-0.006969613197014759,12.346273621950562,0.0030459031503931
2022-08-18,IEX,0.007415222159266165,0.004366360880031407,0.005065494691722885,0.007980943019059385,12.538253544662647,0.0036905597493681
2022-08-19,IEX,-0.0005541764851260564,-0.005426396181268506,-0.005904561031128512,-0.009649801178273716,13.781334140930364,0.0127925284856145
2022-08-22,IEX,-0.01719483088243628,-0.014444894190766475,-0.018590958758930968,-0.02124099148348896,12.843973993864076,0.0050103187415201
2022-08-23,IEX,-0.01186757709203505,-0.006854006888452536,-0.0020925924398002165,0.001988308220619615,12.46110626016646,0.0034165476015491
2022-08-24,IEX,0.006447661877945635,0.0028693104129842895,0.0001904443292748239,0.0,12.51503052432271,0.0036058410176752
2022-08-25,IEX,0.0035381738821966416,0.0026271337310172873,0.0033263782663483852,0.0095557371665529,12.071975378543236,0.0023152040895426
2022-08-26,IEX,0.006009248870624819,0.0008427065218361138,-0.02814395223856682,-0.03819824562745311,12.217511966297351,0.0026779061596024
2022-08-29,IEX,-0.04499646087328954,-0.036464610113033764,-0.006608625493246268,-0.0032174004863474745,12.228328144428588,0.0027070282236218
2022-08-30,IEX,0.002249744966446557,-0.0033552446628545276,-0.009375817787854084,-0.010849626851605865,12.152677143050752,0.0025097924263995
2022-08-31,IEX,-0.00755164890460213,-0.004540321365918442,-0.005867451232357566,-0.006835077135768897,13.028714017674513,0.0060269435218339
2022-09-01,IEX,-0.01278067814237947,-0.008007648552002766,-0.009520579783144106,0.006933786830830433,12.605187634239536,0.0039460396746292
2022-09-02,IEX,0.02077184587415089,0.012937542094746972,0.003919393625756673,-0.01286557544301922,12.152677143050752,0.0025097924263995
2022-09-06,IEX,-0.020373068066010008,-0.01580245309956415,0.0005515171856292154,0.004539180586596435,12.592018486191964,0.0038944141975039
2022-09-07,IEX,0.0031841908572399656,0.025155559372613608,0.008931809751334736,0.030920811007046876,13.06959742023368,0.0062784522565469
2022-09-08,IEX,0.025552615795023572,0.007305439670727363,0.01782345515185442,0.006493169591968074,12.75650640739071,0.0045906962736042
2022-09-09,IEX,0.012320361509075908,0.008582543399238236,0.019427504095418966,0.006927384719282874,12.663500657121004,0.0041829873773325
2022-09-12,IEX,0.010420276321255261,0.0069074918203393815,0.006630452577591716,0.005365389891265369,12.849769569107353,0.0050394408055395
2022-09-13,IEX,-0.02162742081457963,-0.011618760730158877,-0.02012202407703914,-0.015269479349923286,13.227265588056458,0.0073506737045341
2022-09-14,IEX,0.0032837747659543526,0.0013823880476963961,0.0008243856612545385,0.0003365443762943753,13.439217284031285,0.009086083974054
2022-09-15,IEX,0.005768578797616755,-0.0012393482143416136,-0.00500508395646566,-0.010631285161517878,13.075064201159773,0.0063128692412971
2022-09-16,IEX,-0.017309202552207692,-0.02062410959953986,-0.015760546670756593,-0.004430588531983759,13.880175008672383,0.0141215535890455
2022-09-19,IEX,-0.005575515410163155,0.019431074524901427,0.009015325630117137,0.02153000347248302,13.236943065595103,0.0074221551343999
2022-09-20,IEX,0.01990848071762074,-0.006803667751697075,0.005234033937860398,-0.015254924217258319,13.085286444710775,0.0063777320202494
2022-09-21,IEX,-0.001347196432207294,0.011947431837434592,-0.003812829613755797,-0.00925627946187101,13.042889341339771,0.0061129859837094
2022-09-22,IEX,-0.023527043373599846,-0.030042959811173855,-0.017738014704827273,-0.012608558908127818,12.924646315668351,0.0054312649396188
2022-09-23,IEX,-0.01209910875408754,-0.015590619368712358,-0.017956886113176238,-0.012217431036424049,13.206706364071684,0.0072010921938889
2022-09-26,IEX,-0.00821529953962145,0.0051578826485645345,0.0043552643003717225,0.001554087308761309,13.391933921845155,0.008666461506138
2022-09-27,IEX,0.012248086773829428,-0.001732750800923856,-0.007354172026558541,-0.005475226686965508,13.42557572835937,0.0089629770670629
2022-09-28,IEX,-0.006630196899236892,0.012410416751094099,0.010432158190203007,0.021970276483101726,12.965711906537503,0.0056589465310432
2022-09-29,IEX,0.007325584550039559,-0.011221860540723268,0.0021637703244125196,-0.013343891711812711,13.267330877756825,0.007651160456007
2022-09-30,IEX,-0.0034818344991035663,0.007298511658317733,0.0025101684917480643,-0.0019995953674577798,13.588360240271818,0.010547482095755
2022-10-03,IEX,0.005812822093988904,0.01429409741572529,0.007244639327354536,0.02588193464199818,13.242988592461828,0.0074671619606117
2022-10-04,IEX,0.02818178201876623,0.0206616574070924,0.033097944542756,0.02670149864055456,13.211474381965832,0.0072355091786391
2022-10-05,IEX,0.002549305835950108,0.000664108338811847,0.00230907401291935,-0.008486269244846753,12.69189118226389,0.0043034468239582
2022-10-06,IEX,0.0056524909618572376,-0.005133989208193166,-0.005589228516681456,-0.007063084165718922,13.091493776441386,0.0064174439257304
2022-10-07,IEX,-0.019048242915244252,-0.020706670695005744,-0.02867353431144074,-0.02618486957368965,12.508770169721908,0.0035833376045693
2022-10-10,IEX,-0.00988314733920575,-0.005415628794100673,0.002235012687091103,0.008182993097349572,12.775358668518512,0.0046780624656624
2022-10-11,IEX,0.002112032093700207,0.016496421372525452,0.0031208008997372716,0.009138739180793387,13.014780393893403,0.0059435485203238
2022-10-12,IEX,0.009473698080640705,-0.00889362206845362,-0.00914196006468787,-0.0254225776502149,13.068753718103274,0.0062731573358161
2022-10-13,IEX,-0.044070220524727935,0.00392054675106128,-0.02268413372774082,0.01987133225192063,13.170964952363363,0.0069482597289932
2022-10-14,IEX,0.0420012260586504,-0.007058234702952329,0.008160322652705717,-0.03342625052901977,13.25549644070626,0.0075611468035834
2022-10-17,IEX,-0.024828315019751582,-0.0031804350180332265,0.011062571871926982,0.032296990331592765,13.161970554332402,0.0068860444104063
2022-10-18,IEX,0.04115663332699003,0.02645304476021821,0.023631192450157365,0.01235113246613947,13.522214087568008,0.0098723797025779
2022-10-19,IEX,-0.014815060621745257,-0.016942223615043158,-0.0069913669537681545,-0.009995940409577547,12.840003118946523,0.0049904627887796
2022-10-20,IEX,-0.004154536522574395,-0.0089716649642231,-0.016991258954702132,-0.023652991134575755,13.270785106659046,0.007677635059661
2022-10-21,IEX,-0.017590366662412,0.0013703374450935977,-0.00030175583904939356,0.02311371088491188,13.229424246641315,0.0073665584667265
2022-10-24,IEX,0.02724134441055216,0.017118511446729694,0.02932510919838931,0.015326989713857302,12.53430027429669,0.0036759987173584
2022-10-25,IEX,0.0024707691847031662,0.02399094466627329,0.008167490824883142,0.02498679868989126,13.05322978173048,0.006176525032479
2022-10-26,IEX,0.04267464933208518,0.04151475416478338,0.03809729593744133,0.034665927027388244,13.596982588445401,0.0106388194783613
2022-10-27,IEX,0.02572460401060706,0.0021143428770165206,0.010616940858402014,-0.010471788882089359,13.28448392755959,0.007783533474277
2022-10-28,IEX,-0.01364962736721779,0.005467416233755863,0.002947112700058803,0.024430221255605896,12.954183750465127,0.0055940837520909
2022-10-31,IEX,0.01346883979276051,-0.0012521957018263707,0.016553424506399184,-0.002740182121119486,13.022545252064427,0.0059898790767183
2022-11-01,IEX,0.010162782897018888,0.003840943448623228,-0.0003167321834237871,0.004756709833674239,12.695575547241136,0.0043193315861506
2022-11-02,IEX,-0.0028674914247298054,0.006841420582225941,-0.013252392668794227,-0.022409741241888645,12.727544397630073,0.0044596469855169
2022-11-03,IEX,-0.028444024129112677,-0.010548224931475437,-0.013988221138776328,0.01056570877080179,12.889424508221817,0.0052432952536754
2022-11-04,IEX,0.03202714816062012,0.001922105147020515,0.022751791368174883,0.008345983411825464,12.65778818748478,0.0041591602340439
2022-11-07,IEX,-0.004840352141674043,0.008626013847065375,0.00647735878252527,0.01409658779067843,12.717101248694453,0.0044133164291224
2022-11-08,IEX,0.01564598059979549,0.010306768256032758,0.006884388279211653,-0.0038167291693364047,12.75130259456002,0.0045668691303156
2022-11-09,IEX,-0.009554609790862154,-0.011990453213103788,-0.007787729010739771,-0.0138804356290809,12.458778882573533,0.0034086052204529
2022-11-10,IEX,0.022692098995410196,0.034006424203019955,0.029741316580821128,0.04913581042427507,12.801334082366724,0.0048011693726535
2022-11-11,IEX,0.019495415318376202,0.005684938898546043,0.0017531910461040321,-0.01243964964109236,12.975025107000038,0.0057118957383512
2022-11-14,IEX,-0.01788148978918029,-0.017239152927627222,-0.0011830262533747435,-0.008642890780074075,12.908182045159215,0.0053425750173779
2022-11-15,IEX,0.0023939473364411293,0.011597154042613664,0.005029178403361659,0.01531385723691693,13.143343742267822,0.0067589663128671
2022-11-16,IEX,0.006975418776602343,0.005215802663829826,0.0068688085356543565,0.004824002065117485,12.741398668292735,0.0045218623041038
2022-11-17,IEX,-0.005671868462260745,-0.012442822333372983,-0.012687396166651859,-0.00547170220694175,12.465744828056149,0.0034324323637415
2022-11-18,IEX,0.018455714999673994,0.012783855231972651,0.014894409847852575,0.008945888916252805,12.49949197838354,0.0035502443500018
2022-11-21,IEX,-0.00688650418283908,0.002809200233558268,0.0036675312228023867,-0.0011568561407716397,12.857358228870192,0.0050778289808378
2022-11-22,IEX,0.009142990562012617,0.004241582969532777,0.007166983790195417,0.006579825687957341,12.378348075215978,0.0031451829140956
2022-11-23,IEX,1.0374713283197165e-07,0.0025364853474571826,0.0037560927143051068,0.00246697825219032,12.336666603113574,0.0030167810863737
2022-11-25,IEX,-0.001873053001899353,0.0038766351027226427,-0.004354824304654284,0.005338374208916135,11.790564777297387,0.0017473238411642
2022-11-28,IEX,0.0015752965147344655,-0.005651374050667376,-0.009285202187700455,-0.02062016412136152,12.42681732184313,0.0033013830756542
2022-11-29,IEX,-0.016168471825044883,-0.013412187104510484,-0.004197951246700791,-0.003326932742444852,12.565846283553652,0.0037938107036187
2022-11-30,IEX,-0.004593654886499914,0.01881108936409029,-0.0053051977155977505,0.027447993760483208,13.977119923934529,0.0155591245674579
2022-12-01,IEX,0.036463936538874246,0.012873316907374218,0.037272061035976536,0.013592101747046606,13.070019004511458,0.0062810997169123
2022-12-02,IEX,0.00029312500731807213,0.011191241197425823,-0.0007564190253302742,0.004558779981670318,13.123165055974175,0.0066239458342317
2022-12-05,IEX,-0.0015920808990854023,-0.018108671825150063,-0.005860008340881009,-0.02076472538929093,12.757371082859844,0.0045946674641523
2022-12-06,IEX,-0.005635125894568124,-0.00393864690155144,-0.01813396930988874,-0.013131088934412479,12.314931534737134,0.0029519183074214
2022-12-07,IEX,-0.012774808892650442,-0.008812901305889924,0.007763046711648627,0.005417715585207348,12.296831574998258,0.0028989691001133
2022-12-08,IEX,0.011930957823913393,0.0034669406770064712,-0.003895451794567253,-0.003879012563303767,12.697106701938823,0.0043259502370641
2022-12-09,IEX,-0.010309052725050588,-0.002112490556098662,0.004408089402713399,0.004559603560839469,12.493508437657445,0.0035290646670786
2022-12-12,IEX,0.005867639295946759,0.015070126298014538,0.005068709513613872,0.02020181093137274,13.006281144562495,0.0058932467733812
2022-12-13,IEX,0.04257718632286635,0.02554370101554809,0.022849438255765037,0.00846369363135247,13.239792572688813,0.0074433348173231
2022-12-14,IEX,-0.016838810133289896,-0.009343750945641096,-0.012241878549282983,-0.014607359229569366,12.788849560341312,0.004741601514432
2022-12-15,IEX,-0.0246367803339727,-0.03249740338532305,-0.035906832718111154,-0.03828536924810256,13.271991273418243,0.0076869011709399
2022-12-16,IEX,-0.0374064884936011,-0.028216829632251594,-0.013997921907519926,-0.006949776705230968,13.626769641096136,0.0109604859127574
2022-12-19,IEX,0.0025026614837687813,0.0006531612106287525,-0.005139132217057878,-0.007572791399749673,12.60585832282709,0.0039486871349946
2022-12-20,IEX,-0.00827824617696016,-0.0027898388243285067,0.004520348329128799,0.008142836505291353,12.79802008682886,0.0047852846104611
2022-12-21,IEX,0.017097384841544258,0.013355489954833438,0.013657617955355514,0.016865567346167457,12.859701668704687,0.0050897425524821
2022-12-22,IEX,0.00017381932931095413,-0.0048360486464980425,-0.017955936203524078,-0.010181057853653525,12.581769029364706,0.0038547022920229
2022-12-23,IEX,-0.002828895624348831,-0.0019929444973054615,0.012488862396943612,-0.0013943615321497164,12.141005984951518,0.0024806703623801
2022-12-27,IEX,0.003263366917875883,0.0030312221117727517,0.0012709921827889277,0.0031781230231794663,12.217017531154696,0.0026765824294197
2022-12-28,IEX,0.0022997028287575815,0.0019437986021217666,-0.005710290081705747,-0.012685494085684984,11.9959748767362,0.0021457666261569
2022-12-29,IEX,-0.007133269852357509,-0.0005611264322439012,0.005535096304369081,0.0145962152139683,12.10625783509458,0.0023959516306873
2022-12-30,IEX,0.0011779207786083222,-0.005021216591627889,-0.009198027510133867,-0.009458883467776864,12.162125982647739,0.0025336195696881
2023-01-03,IEX,0.000697308628358308,-0.0026941671831606302,0.002649211676711613,0.005067463112879393,12.971310228604022,0.005690716055428
2023-01-04,IEX,0.006557448774219073,0.008923663956739061,0.0024224073315034277,-0.0009590404067166022,12.784372788669724,0.0047204218315088
2023-01-05,IEX,-0.01118653533826829,-0.010752977536230642,-0.011013830615654384,-0.015516586204162108,12.997482461287248,0.0058416212962558
2023-01-06,IEX,0.0007876902261936855,0.013294160013564354,0.013693573699499476,0.027956864857146,12.337543792304956,0.0030194285467391
2023-01-09,IEX,0.020604909512090284,0.023509411298650154,0.01722369812571156,0.007381940332994375,12.690660037852133,0.0042981519032274
2023-01-10,IEX,-0.00102875027043279,-0.009795737486319614,0.004560590434063903,0.004011467176931396,12.273268570141383,0.0028314588607956
2023-01-11,IEX,0.012911755904113637,0.010341950490093546,0.009144296266013492,0.0028919736520081145,13.621077147909853,0.0108982705941705
2023-01-12,IEX,-0.00045940431399019534,0.00028092597713969014,-0.0032931909052983798,0.005815806228097544,13.063464390822604,0.0062400640812486
2023-01-13,IEX,8.499232592275007e-05,0.006753570557047229,0.006822252354145288,0.011154507295384556,12.47915237076039,0.003478762920136
2023-01-17,IEX,0.01604871550292033,0.0037136850458050043,0.004324847433737919,-0.00925166858624747,12.234178937077944,0.0027229129858142
2023-01-18,IEX,-0.0021333734257540757,-0.0009584107802692733,-0.011275549911395523,-0.011600591733602797,12.780157535035352,0.0047005658787683
2023-01-19,IEX,-0.02098926265352829,-0.025418290703716893,-0.03270709192321468,-0.03258038951585817,12.974097680379948,0.0057066008176204
2023-01-20,IEX,-0.027486829361164852,-0.010446022889390687,-0.0011943665912418204,0.020670669778874714,12.60552303476121,0.0039473634048119
2023-01-23,IEX,0.014271225364794696,0.0054299896320490326,0.01537400733317362,-0.0014717530426181403,12.588613659630019,0.0038811768956769
2023-01-24,IEX,-0.005910719543387195,0.006597075496500381,-0.004499851234065575,0.006433443768660672,12.330504638906516,0.0029982488638159
2023-01-25,IEX,0.003133543377165547,-0.005780793028712115,-0.0014899397243211675,0.001934814374224703,12.396697137361691,0.0032034270421344
2023-01-26,IEX,0.0189392212706062,0.00948857516249378,0.016612824011862485,0.005782283455604992,12.695575547241136,0.0043193315861506
2023-01-27,IEX,-0.0027754283564339756,0.02004602327906307,0.008546060124620922,0.019371172486240946,13.01388913022314,0.005938253599593
2023-01-30,IEX,0.01788268494884001,-0.004596812402779753,-0.0053165862196169105,-0.02433754054860518,12.893707159224892,0.0052657986667813
2023-01-31,IEX,-0.014680950193757444,0.005888588860520544,2.8409907719296098e-09,0.028309114844958048,13.212205909556012,0.0072408040993699
2023-02-01,IEX,0.018453701789411518,-0.004800174813669893,-0.03099877859688264,-0.05114399588460431,13.715359781352008,0.0119757869628885
2023-02-02,IEX,-0.039645984359514365,-0.037515174349437075,-0.010341147372577948,-0.009441627217571866,13.54776313023778,0.010127859627839
2023-02-03,IEX,-0.021739844579406396,-0.0013908758741228116,0.0066983999854527574,0.018664374847310167,13.306850920089639,0.0079595895885761
2023-02-06,IEX,0.016020699745939605,-0.002351927386230929,0.0011119503975492765,-0.02008377213998791,12.971542813248437,0.0056920397856107
2023-02-07,IEX,-0.018961404552775507,-0.011225182445979079,-0.010008109234377255,-0.0018216716746691608,13.077158877052028,0.0063261065431241
2023-02-08,IEX,-0.002949298374736375,-0.0022071687064337277,0.0033621465363327437,-0.0013350224801051628,12.789128694246449,0.0047429252446147
2023-02-09,IEX,0.01311562402010741,0.005113279368812527,-0.0014331122202540575,-0.00392652850833061,12.935071890944245,0.0054881853374749
2023-02-10,IEX,-0.014011009015888774,-0.004936428123956089,-0.0003137099108100885,0.00996461049627318,12.746945301848456,0.0045470131775751
2023-02-13,IEX,0.015114513577711751,0.008272247575984425,0.013713274063491678,0.0033140438749219474,12.8354836496546,0.0049679593756737
2023-02-14,IEX,-0.00304883869699535,-0.007212534734518341,-0.013758208960970422,-0.005840341386028822,12.342354626814949,0.0030339895787488
2023-02-15,IEX,-0.006304217104968644,0.004096475733051978,0.006657829808509249,0.009143713858526982,12.180759965737863,0.0025812738562653
2023-02-16,IEX,0.0006234518175733436,-0.0046703396079842965,-0.004150217518621787,-0.010298062307059845,12.806284573911311,0.0048249965159421
2023-02-17,IEX,0.0016897751970663337,0.020501108782114624,0.005307553654183577,0.02591729235438349,13.563454283154693,0.0102880309799458
2023-02-21,IEX,0.01857699105400431,-0.00173212087154809,-0.002271249371841686,-0.02685070743828519,13.636026172590462,0.0110624131368254
2023-02-22,IEX,-0.013701287099789013,-0.012254087057854295,-0.0012938335177197845,-0.00013346587159021223,12.86255843507616,0.0051043035844918
2023-02-23,IEX,-0.0011503776442847345,-0.002152354627997774,-0.007843221982711673,0.0037288021745263424,12.718300286011257,0.0044186113498532
2023-02-24,IEX,-0.005904877191882367,-0.00586536219595173,-0.0006750919541469996,-0.003773341152959832,13.088187995137025,0.0063962642428072
2023-02-27,IEX,0.008513363029066037,0.006700546951418893,0.012261303607343555,0.0016887259850866803,12.141539457711714,0.0024819940925628
2023-02-28,IEX,-0.006067293988635678,0.0028078312020431827,0.00026676240684766594,-0.0010662648880245325,13.006505736984344,0.0058945705035639
2023-03-01,IEX,-0.005523336501248168,-0.012609267791981644,-0.012167981296247271,-0.006689565559298926,13.00222983146176,0.0058694196300926
2023-03-02,IEX,-0.006992437968953233,-0.0007545651668496808,-0.004420615851099219,0.004241875930006212,12.847402710321575,0.0050275272338952
2023-03-03,IEX,0.011982584124438082,0.014195897093787165,0.009762311932663425,0.016833909353825286,12.713796463667077,0.0043987553971127
2023-03-06,IEX,0.01565468583296294,0.007674948453775925,0.016516900971553464,-0.004258904280822986,12.397936033911247,0.0032073982326825
2023-03-07,IEX,-0.00464866299858695,-0.010524311007411942,-0.01642722880265522,-0.014224844946546444,12.407383590534293,0.0032378440268846
2023-03-08,IEX,-0.015594202147427972,-0.015974870881834906,-0.00669233409507726,-0.0027709460553018506,12.757082940769225,0.0045933437339696
2023-03-09,IEX,0.0036100477320057454,0.008970309106027655,0.001801059102630197,-0.0013883225964790402,12.800230637022887,0.0047958744519227
2023-03-10,IEX,-0.0060688124459003095,-0.008256880031021065,-0.018890850729206946,-0.014445374262137047,13.052372150583638,0.0061712301117482
2023-03-13,IEX,-0.02387047772878989,-0.016811556778705952,-0.005055367658468951,-0.0041461606190700915,12.70533466782146,0.004361690951997
2023-03-14,IEX,0.020283275805105076,0.020859649265762555,0.016813185287195723,0.02230431236839356,12.75130259456002,0.0045668691303156
2023-03-15,IEX,-0.01047584716960663,-0.01927433342263847,-0.03588434278684657,-0.037115282191986336,13.01188087786516,0.0059263400279487
2023-03-16,IEX,-0.029061077710331725,-0.00594669881051034,0.004918742599010965,0.015267315027904182,12.989519748216305,0.0057952907398613
2023-03-17,IEX,0.017923274250145668,-0.007540696832803568,-0.002620507466980188,-0.01554557083932297,13.296486418021383,0.0078775183172487
2023-03-20,IEX,-0.0028496854175092596,0.011131149150375745,0.017694096299616602,0.01996274614375822,12.42440865913169,0.003293440694558
2023-03-21,IEX,0.024687897535349244,0.016512066496230892,0.013941880596384628,0.010935292156829994,12.600817159541924,0.0039288311822541
2023-03-22,IEX,-0.001797953883081184,0.0009366191447937602,-0.006878162150680446,-0.016585413811876025,12.659060448240805,0.0041644551547747
2023-03-23,IEX,-0.01815993367566791,-0.012154933862031411,-0.012695540825883126,-0.0038914322190896308,12.639480363813412,0.00408370761363
2023-03-24,IEX,-0.010685959060438645,-0.008884138994451151,-0.007294415246326654,0.006583798755697919,12.375397611328344,0.0031359168028167
2023-03-27,IEX,0.026007603804651218,0.013476468334113898,0.023412342977267433,0.010381596275411107,12.36308066783498,0.0030975286275184
2023-03-28,IEX,0.001262494933010699,0.008988353645337633,0.007352272702857128,0.005307700648144883,12.26481785529885,0.002807631717507
2023-03-29,IEX,0.011469571739396847,0.007362629683632348,0.00895812044790077,0.01407652197775624,12.27045959268099,0.0028235164796994
2023-03-30,IEX,0.012528168517157894,0.007879171735838781,0.013531787598816541,0.003929153824215774,11.900233391293936,0.0019498545591173
2023-03-31,IEX,0.0032501469910063622,0.013413618981645094,0.005071548627236377,0.017773691175504557,12.606863513043441,0.0039526583255427
2023-04-03,IEX,0.00920981375401499,0.0019447931422386748,0.003469065657147442,-0.007821724107001706,12.782126864777657,0.0047098319900472
2023-04-04,IEX,-0.0031330054542939322,-0.009413195594731708,-0.0313921966578035,-0.0310128236731229,12.727247530467041,0.0044583232553342
2023-04-05,IEX,-0.03698139809033613,-0.03643885108520724,-0.01872047385919133,-0.01995217885630228,12.812029342152707,0.0048527948497788
2023-04-06,IEX,-0.016875383371070928,-0.013561724290042723,-0.007819654013234874,-0.004923982238178895,12.480293267857345,0.0034827341106841
2023-04-10,IEX,-0.007757272927631993,0.0074408802075404765,-0.005776508944513405,0.012287608639445583,12.533940109913773,0.0036746749871757
2023-04-11,IEX,0.019736268505263967,0.012968080490697193,0.027600992407353454,0.004365042026385605,12.309986615445005,0.0029373572754117
2023-04-12,IEX,0.0062523304866391296,0.0018389757546284395,0.002632567048148209,0.006557112864275634,12.26670197321789,0.0028129266382378
2023-04-13,IEX,0.000993025364362078,-0.004716380514954754,-0.02093301335237288,-0.0018949901329125135,12.546113507028412,0.0037196818133875
2023-04-14,IEX,-0.003389766921970031,0.0055673078797805605,0.012877297966617714,-0.008662801426234169,12.43996225063003,0.0033450661716833
2023-04-17,IEX,-0.0038555337050651434,-0.010984518914931808,-0.001417392286496939,0.006085540041752947,12.724274001584217,0.0044450859535072
2023-04-18,IEX,0.004217691114637044,0.007755693463909069,0.008157635140629378,-0.001449964437394161,13.025414054939377,0.0060070875690934
2023-04-19,IEX,-0.00877297538674583,-0.009114739611891826,-0.020682645086934646,-0.012363565337139832,13.39315510773774,0.0086770513475996
2023-04-20,IEX,-0.009541800647394993,-0.007735733962085237,0.0018518113541398573,-0.002804148815806404,13.202100192143545,0.0071679989393214
2023-04-21,IEX,0.0070275407039783735,-0.0019662642927767583,-0.0006940717961821057,0.0024368145480931787,12.755929541429706,0.0045880488132388
2023-04-24,IEX,-0.006106080971881979,0.00374625749440557,0.004479497383862522,0.002247726807048665,13.182895759672709,0.0070316547305033
2023-04-25,IEX,0.0034937390192253098,-0.0015516543665454587,-0.008700236714106762,-0.013283818556699968,13.209826485681349,0.0072235956069948
2023-04-26,IEX,-0.021851509082963187,-0.012962789089959976,-0.028475035444597587,-0.026298136616428627,13.169439692821255,0.0069376698875316
2023-04-27,IEX,-0.03922056657870837,-0.03882089942142318,-0.06041825156133518,-0.00933877781264779,13.539890117353485,0.010048435816877
2023-04-28,IEX,0.010915740102934928,0.006711008811911519,0.042078896983627274,-0.007292124342987279,13.451668563394815,0.0091999247697662
2023-05-01,IEX,-0.004497287521808443,-0.005461240750385544,0.002092351670262787,0.0025172421717737786,13.374523448028938,0.0085168799954929
2023-05-02,IEX,0.000581423494485813,-0.0028382329653698483,-0.009572292386449747,-0.0005319609924881313,12.952288917815846,0.0055834939106293
2023-05-03,IEX,0.009305402760642931,0.024553878005100525,0.0143725045331836,0.016169969249783075,13.463540244163434,0.0093097943749303
2023-05-04,IEX,0.010597805903538756,-0.006413273713304566,0.001450161284340831,-0.012500434438422369,12.976414636196449,0.0057198381194474
2023-05-05,IEX,-0.005714584354140268,0.0019376758764976362,0.006019592587930212,0.016443092501473182,12.813936954374158,0.0048620609610577
2023-05-08,IEX,0.012482086990493264,0.0055091960579485896,0.0075096923145588895,-0.001375781981626436,12.469593932696368,0.0034456696655685
2023-05-09,IEX,-0.008954218061206273,-0.00934106227783232,-0.010876200614353224,-0.011843478041212175,12.76939868481975,0.0046502641318257
2023-05-10,IEX,-0.0039578267224365275,-0.004179745814122728,-0.013385296664007073,-0.0022123768804859735,12.680755933074881,0.004255792537381
2023-05-11,IEX,-0.014873322128573627,-0.01023762876795922,0.002340980816763196,0.0012031576581094333,12.954656898159907,0.0055967312124563
2023-05-12,IEX,0.016448880516175157,0.007998194286816317,0.0062636810057480445,0.0024973851548276463,12.643362594887305,0.0040995923758224
2023-05-15,IEX,-0.0064127228881700514,-0.0064127228881700514,-0.00024200416007336085,-0.002785995946667719,12.716201026278735,0.0044093452385743
2023-05-16,IEX,-0.008098525684387141,-0.008098525684387141,-0.018915213903522205,-0.025282231983876063,13.028714017674513,0.0060269435218339
2023-05-17,IEX,-0.01457738662653815,-0.002374374554713989,0.0035463705532272722,0.010258079514927193,12.820179324373711,0.0048925067552598
2023-05-18,IEX,0.004752387555823043,0.0015027533181103912,-0.0028558303815081057,0.002438466551004563,13.082792683014759,0.006361847258057
2023-05-19,IEX,0.012338808261745523,0.00430232003613235,0.008347406843176067,-0.001462228881543082,13.132909570300404,0.006688808613184
2023-05-22,IEX,-0.007900634949471066,0.011318965590432103,0.0009286007314574109,0.017840688953651193,13.30368610219831,0.0079344387151048
2023-05-23,IEX,0.013821243984584647,-0.0063152461638167085,-0.0028375233697459055,-0.019842914962600752,13.387187690392704,0.0086254258704743
2023-05-24,IEX,-0.023503050938710912,-0.023503050938710912,-0.020140677993263145,-0.02184203724165766,12.980802117227352,0.0057449889929187
2023-05-25,IEX,-0.013753632573054588,-0.0037412118110831463,-0.0026026528903639414,0.008110557213034105,12.844502254499021,0.0050129662018855
2023-05-26,IEX,0.008581091172872696,0.007762192200049978,0.011064635774128254,0.00834010302198621,12.726356399830706,0.0044543520647861
2023-05-30,IEX,0.007479328468150439,0.004492248171122028,0.0016838794160821272,-0.0033967092713567204,12.851606594064263,0.0050487069168184
2023-05-31,IEX,-0.01223201463691529,-0.014673977128343252,-0.017621810808561424,-0.0180623829276509,13.855501166979357,0.0137773837415434
2023-06-01,IEX,-0.010877378042953335,-0.0004452554646839885,-0.0038856305886412674,0.010787028850581616,13.69548864288674,0.0117401629903679
2023-06-02,IEX,0.020851764594699826,0.037139442641583406,0.028312860366631627,0.0379170256831969,13.05942570755364,0.0062149132077773
2023-06-05,IEX,0.02871939881633406,-0.0017648808095114435,0.005489363285996931,-0.01790204319291243,13.014780393893403,0.0059435485203238
2023-06-06,IEX,-0.022938509916097537,-0.013409576752179925,-0.000684590451383432,0.0007299579191356795,12.871851198663759,0.0051519578710691
2023-06-07,IEX,0.0019034490990227737,0.008000190827533652,9.797005252124432e-05,0.012810636993556423,13.464819105753202,0.0093217079465746
2023-06-08,IEX,0.014085736955135259,0.002790783664309697,0.0066426450282832585,-0.0005301649860444793,13.320395868591207,0.0080681354635576
2023-06-09,IEX,0.003273848744281218,-0.0010568728573218799,-0.001414209793650332,-0.002799901689099154,12.436394371990376,0.003333152600039
2023-06-12,IEX,-0.0036113930636538934,0.0007207142962059026,0.0038479284729048616,0.0006765772356501986,12.782688818818986,0.0047124794504126
2023-06-13,IEX,4.808193331349815e-05,0.007369423401638196,0.007748122668321654,0.008801609679554375,13.332463836204683,0.0081660914970774
2023-06-14,IEX,0.011081261423762073,0.004044565949112653,-0.0028984194958623774,-0.0046555907764157375,12.707456838931174,0.0043709570632759
2023-06-15,IEX,-0.010454334195310886,0.0009491048123550316,0.0035253033786244933,0.012145530011271088,13.026515252933715,0.0060137062200069
2023-06-16,IEX,0.0186734787941567,0.007938538214289548,0.006103977314023917,-0.0030940306048615725,13.67980652114242,0.0115574882251552
2023-06-20,IEX,-0.02132836409660309,-0.018238492437508115,-0.020867925303596428,-0.022223731753962563,13.170964952363363,0.0069482597289932
2023-06-21,IEX,-0.012940380393842361,-0.004130573423377535,-0.008549528609200314,0.0074307184119098025,12.731395672272523,0.004476855477892
2023-06-22,IEX,0.013568579362878901,-0.003616351048015017,0.0019225885221239181,-0.01486788113581198,13.216947839393717,0.0072752210841201
2023-06-23,IEX,-0.02187797346589647,-0.016510692680413306,-0.007415041988091816,-0.002852427427835423,13.338765858674591,0.0082177169742027
2023-06-26,IEX,0.006349021385299538,0.013462998384944427,0.010807791345391525,0.014133362813558082,12.921472880009725,0.0054140564472437
2023-06-27,IEX,0.01344967760244792,0.02180602916264745,0.00962307960458365,0.02313619183550834,13.477378344343276,0.0094395199328349
2023-06-28,IEX,0.01898720626139322,-0.0010433283981091319,0.016298353015763538,-0.0036601569058450226,13.389793251518011,0.0086479292835802
2023-06-29,IEX,-0.004093045335062029,0.014978206291451761,-0.0012444281406079733,0.016764927088749604,13.508171207652572,0.0097347117635771
2023-06-30,IEX,0.022819335052057754,0.016230372313491562,0.023708656683752945,0.00806925526972115,13.314966893225067,0.0080244523675284
2023-07-03,IEX,-0.0027073056032056574,-0.012730231540086111,-0.004828594720081815,-0.011352891903193307,12.073689165230697,0.0023191752800907
2023-07-05,IEX,-0.015686736179821553,-0.010631566619498389,-0.010534543965482167,-0.009251873228000897,12.818825598307294,0.0048858881043463
2023-07-06,IEX,-0.005713746964682043,-0.010127388853448223,-0.01391603399396509,-0.003563038163947496,12.735526678055749,0.0044953877004498
2023-07-07,IEX,-0.0012900013657147858,0.010362852473631026,0.007149650239715226,-0.000666379063329112,12.348010479804223,0.0030511980711239
2023-07-10,IEX,0.004055635863613011,0.021607201907295176,0.004055635863613011,0.032746606873484845,13.343907249914384,0.0082600763400491
2023-07-11,IEX,0.03642375763612783,0.008669202904336655,0.024088481963384586,-0.0023532734594227775,13.187965707496451,0.0070673954454362
2023-07-12,IEX,0.003163287659146392,-0.002194542800539941,0.0013937081445224622,-0.004166427159897169,12.698024270690864,0.0043299214276122
2023-07-13,IEX,-0.0145258692603717,-0.0145258692603717,-0.01652657623314894,-0.010759320047488806,13.378711117293086,0.0085526207104258
2023-07-14,IEX,-0.011995875507168522,-0.011995875507168522,-0.010946752431320836,-0.014353342239346964,13.113324650913615,0.0065590830552793
2023-07-17,IEX,-0.014625751860137152,-0.0023597343161665483,-0.00014355259832490465,0.004807497810439815,13.220036218470561,0.007297724497226
2023-07-18,IEX,0.007387016762757189,-1.3951787965634098e-07,-0.0014849802536582443,-0.003567749334575564,13.34310564795018,0.0082534576891356
2023-07-19,IEX,-0.00829652932590435,0.0032550405170883165,0.0011497075129955825,0.006317722213106308,12.941802669405789,0.0055252497825905
2023-07-20,IEX,0.01544092080383556,0.0031037233157120863,0.003536891461899826,0.0025067135662855057,13.00313154274533,0.0058747145508234
2023-07-21,IEX,0.00014149730689247015,0.004403937282585399,0.007320513119426465,0.004383223716504102,13.046995226943972,0.0061381368571807
2023-07-24,IEX,0.004421192083906293,0.004896317034464568,0.006938019332267435,0.010339479176726531,13.146472405108014,0.0067801459957903
2023-07-25,IEX,0.0015943440080403322,-0.004849676673447987,-0.01913684684801942,-0.020549534154610048,13.724163614154637,0.0120816853775045
2023-07-26,IEX,-0.018395141544762208,-0.005531073329350019,0.004544235592338186,0.007101277699675599,13.416227799687384,0.0088795820655528
2023-07-27,IEX,0.0029070941824143933,0.038768713776281556,-0.008531444438157482,0.031757640277376244,14.367900876380487,0.0229984881942329
2023-07-28,IEX,0.04739783887700171,0.005456221146390282,0.04834308761009423,0.015508416144697373,13.99691586179332,0.0158702011603924
2023-07-31,IEX,0.011147605340968852,0.01835819609888553,0.01637595708183115,0.01593604042013668,13.944959503730988,0.0150666969394934
2023-08-01,IEX,0.008268827567724183,-0.0006624982878101267,-0.0018515337901641442,-0.017647329395601746,13.734193121502445,0.0122034685543129
2023-08-02,IEX,-0.016199274124997998,-0.01900063548353862,-0.009492116506445809,-0.011104456405897077,13.025414054939377,0.0060070875690934
2023-08-03,IEX,-0.00981964512922404,0.004358260904849996,-0.005215758190850962,0.012005433499288232,13.140598109528346,0.0067404340903093
2023-08-04,IEX,0.020528842005626248,0.011411898963502053,0.011538698361423239,-0.005282740714455455,13.246174430225715,0.0074909891039003
2023-08-07,IEX,-0.009624066900903557,-0.006224666925497655,0.0019027212875480763,0.013266695312767503,12.918779776883914,0.005399495415234
2023-08-08,IEX,0.005093476921426192,0.0032060944363117815,-0.00226549287288255,0.0002680287191657625,12.86463096930887,0.0051148934259534
2023-08-09,IEX,0.003097404481147117,-0.00463439652025771,0.0064206613167686975,-0.004790382708100739,12.906197922445111,0.0053319851759163
2023-08-10,IEX,-0.0016598559189303394,0.001874029283889247,-0.005287429748580297,-0.006077010878576182,13.058999632613395,0.0062122657474119
2023-08-11,IEX,-0.007842430415044616,0.001959725249800759,-0.003404000821179778,0.0086764568122127,13.007852233268357,0.0059025128846601
2023-08-14,IEX,0.00995031222474524,-0.005756264894611686,0.005531345674609169,-0.0030035168629360984,13.137253960339487,0.0067179306772034
2023-08-15,IEX,-0.0076903810672086115,-0.0063748496822556965,-0.006623010878321768,-0.00969934645469527,12.826920601780714,0.0049256000098273
2023-08-16,IEX,-0.006068062020942414,-0.001622691984226883,-0.0036478662662487236,-0.005318109145027552,13.083832506255328,0.0063684659089705
2023-08-17,IEX,-0.0004088411797206062,0.003017896247975621,-4.570717196759732e-05,-0.00237269704186234,13.058146937726288,0.0062069708266811
2023-08-18,IEX,-0.010689986757633215,-0.009398677770558693,-0.005359252561026787,0.0023726970418622637,14.234155759122359,0.02011937504686
2023-08-21,IEX,0.007230621407101508,0.005297719423285705,0.0049938860399791705,0.008170115909173235,13.098482485279742,0.0064624507519422
2023-08-22,IEX,0.012371127392741557,0.006705959223879173,0.005696058017857676,0.0018063491788325957,12.83174633547353,0.0049494271531159
2023-08-23,IEX,0.003596499541261515,0.004207722852934206,0.0056639466877110994,0.009252251232663228,12.967814951820046,0.0056708601026875
2023-08-24,IEX,0.003762456624604469,0.007875340780084785,0.004733027152184841,-0.004435706498295891,12.777619827590577,0.004688652307124
2023-08-25,IEX,0.002188222051923066,0.008956361810086029,0.004218254416230815,0.015373556982817952,12.83495060202217,0.0049653119153083
2023-08-28,IEX,0.011531614508327096,0.002018451380356088,0.012372196289948754,0.003531394425961159,12.698329939940777,0.0043312451577949
2023-08-29,IEX,-0.00017641099786901179,-0.0010525771719113878,8.850775229885457e-05,0.0034750542350303723,12.647551406590285,0.0041168008681975
2023-08-30,IEX,-0.0005293926646017337,0.006342538715603211,0.0004421816165852694,0.004381541814392582,13.166382176694869,0.0069164902046084
2023-08-31,IEX,0.010971769326107638,-0.00017438943531740647,-0.0001768702198154429,-0.01023892055624536,13.469776967090997,0.0093680385029691
2023-09-01,IEX,-0.005470905607856056,-0.003889000803319724,0.001943486820398559,0.008269547627039244,12.955366200212811,0.0056007024030044
2023-09-05,IEX,0.0018415882133606643,-0.0005692795316386581,-0.019382582056928072,-0.024388152542637574,13.421283565020392,0.0089245888917646
2023-09-06,IEX,-0.029473309789637497,-0.012119661068552712,-0.008449044736138596,0.000269373658316277,12.773659437577876,0.0046701200845662
2023-09-07,IEX,0.004007231299695775,-0.013346417421388897,-0.01453410861027768,-0.019668059789426397,12.993395271417636,0.0058177941529672
2023-09-08,IEX,-0.018000470607690066,-0.014848618286305832,-0.007625379604960187,-0.011091046832621061,12.564100174313463,0.0037871920527052
2023-09-11,IEX,-0.007577852861203839,-0.007278172699617601,-0.0073568525166938506,-0.005057046015669259,12.98103250490171,0.0057463127231014
2023-09-12,IEX,-0.01509576965249005,-0.008488993066151236,-0.004496370978319222,-0.005129356879872088,13.170964952363363,0.0069482597289932
2023-09-13,IEX,0.0016833981594595014,-0.0011590184717984806,0.003327410061849267,0.006152150825966783,13.12755189374345,0.0066530678982511
2023-09-14,IEX,0.013596924262427562,0.009004762567118565,0.009128761729871133,0.005005655598058332,12.562701088387747,0.0037818971319744
2023-09-15,IEX,-0.006613008965691647,-0.00456158815888319,-0.00945629789217291,-0.009569518081300188,13.184588599928682,0.0070435683021476
2023-09-18,IEX,-0.005396555611358831,-0.0037475724386102885,-0.006856693398176002,-0.00881387853239909,12.987004029372565,0.0057807297078516
2023-09-19,IEX,-0.010174169121372287,-0.009735163027384749,-0.010421590745091148,-0.006851340692903004,13.106032755714887,0.0065114287687021
2023-09-20,IEX,0.00042389893922539594,0.0013563497767521476,-0.001620464306541815,-0.004609854404574736,13.17438830408369,0.0069720868722818
2023-09-21,IEX,-0.015523236400970765,-0.020018528419997284,-0.014557375774886397,-0.01511799932790922,13.079875412592552,0.0063433150354992
2023-09-22,IEX,-0.012662339510474097,-0.0077075890691131925,-0.006506154745695811,0.0016429281748150414,12.872364939970355,0.0051546053314345
2023-09-25,IEX,0.0010653293498313454,0.0031668028025667472,0.0006330219307394407,0.0029406332360695942,12.614536585975857,0.0039831041197448
2023-09-26,IEX,-0.00024201628369805337,-0.008418945633552541,-0.009488926250173476,-0.01909911930654076,13.116548503748414,0.0065802627382025
2023-09-27,IEX,-0.006313500301051152,0.009041489554277407,0.002699310437428449,0.01765395120250871,12.971077589851404,0.0056893923252453
2023-09-28,IEX,0.01244297149539187,0.01185078448145431,0.016719687225757306,0.00777909373656862,12.933140460917048,0.0054775954960133
2023-09-29,IEX,0.012907750549842447,-0.003934646470577587,-0.0025095111334707022,-0.004986988755907525,12.879529742460663,0.0051916697765501
2023-10-02,IEX,-0.013966863737253,-0.008874138395194669,-0.004940965179057596,-0.005978860589913722,12.611541086966115,0.0039711905481005
2023-10-03,IEX,-0.006814812412880433,-0.005960196489106663,-0.0012633825596169372,0.0007734411519033351,12.57901800545302,0.0038441124505613
2023-10-04,IEX,0.003485662951551351,0.006774476406372494,-0.002824060880757554,0.007222317227511599,12.728137867696542,0.0044622944458823
2023-10-05,IEX,0.006983122309113946,0.0009094219335718896,-0.0013172724763462703,-0.015958535403194505,13.034844962801943,0.0060640079669495
2023-10-06,IEX,-0.018014113533676688,-0.01029049288750718,-0.0071045888042926926,0.004086421552379609,13.073175234051686,0.0063009556696528
2023-10-09,IEX,0.002927460828487478,0.006215692409846624,0.005883180512379335,0.0104797739729601,12.64819428464882,0.0041194483285629
2023-10-10,IEX,0.01762693425182926,0.007179512418764,0.013787320532750169,0.000672406120969827,12.981953525180908,0.0057516076438322
2023-10-11,IEX,-0.0007180897392216292,0.004852968116481399,0.004137992942737605,0.0035466551687500275,12.629708330910852,0.004043995708149
2023-10-12,IEX,0.0031621748183290658,-0.006135767776948624,-0.020692810434152376,-0.0133816445665427,13.266811712770108,0.0076471892654589
2023-10-13,IEX,-0.013114320652019772,-0.011514039900711457,-0.014261932882512485,-0.024517532223085014,13.245113611634045,0.0074830467228041
2023-10-16,IEX,-0.02039586669906417,-0.01508564104240121,-0.0014473832313095895,0.009968082850858448,13.185340054498226,0.0070488632228784
2023-10-17,IEX,-0.003224746617713441,0.006521070642578534,0.004733772352520502,0.002661183016030272,13.20302312543853,0.0071746175902349
2023-10-18,IEX,-0.0006463328549668209,-0.00972367892323489,-0.022065178838692183,-0.03129332047488811,13.330679138375084,0.0081515304650677
2023-10-19,IEX,-0.020749716475633128,-0.010616626380739617,-0.008420697249665824,-0.00677638009327189,13.374834247859258,0.0085195274558583
2023-10-20,IEX,-0.007183822149050655,-0.01913458901889107,-0.012635909646408303,-0.014781617414437316,13.311827697155495,0.0079993014940571
2023-10-23,IEX,-0.014991312612528784,-0.008782642486378684,-0.006352109300989648,0.0005188577893936205,13.26784977335111,0.0076551316465551
2023-10-24,IEX,0.010070497503800124,0.00020510683802915582,-0.0009929969705292818,-0.0004668874916139315,13.391781168698524,0.0086651377759553
2023-10-25,IEX,-0.014388010130569185,-0.015346392427090457,-0.034089035593738715,-0.030233565863594613,14.011489263235791,0.0161031776725477
2023-10-26,IEX,-0.003969744064997382,0.03399000001457847,0.03194303001495818,0.03266903541218562,13.916713342223398,0.0146470744715775
2023-10-27,IEX,0.006832791447764421,-0.020542716026165288,-0.0014156729178469707,-0.011923157749110184,13.613273191469252,0.0108135518624777
2023-10-30,IEX,-0.0016648406758081231,-0.009964721127810125,-0.0076374714786498175,-0.0020448695392916495,12.962431686352183,0.0056404143084854
2023-10-31,IEX,-0.00847058859014923,-0.0018697202964094945,0.0052734640471993706,0.004608112076040098,12.890181604139126,0.0052472664442235
2023-11-01,IEX,0.005184948194799664,-0.0010923572827721535,-0.034023098393514715,-0.016062737721465867,14.03384335613946,0.0164672034727902
2023-11-02,IEX,-0.0017776118058860748,0.011950290053641113,0.0364920786794106,0.027387527476283702,13.972258718558498,0.015483671947044
2023-11-03,IEX,0.027917847207967562,0.016777003728169287,0.02328386652265621,0.008128380549853154,13.03309709639206,0.0060534181254879
2023-11-06,IEX,-0.006074340283077019,-0.012415515621524443,-0.010926165366051956,-0.008645040645918084,12.630362779054472,0.0040466431685144
2023-11-07,IEX,-0.016519896163011156,-0.011120966468040854,-0.011046928194018108,-0.009920371057169,12.842387535536778,0.0050023763604239
2023-11-08,IEX,0.001768218986246504,-0.00020709668779625483,0.0018321564156342876,0.0039071536066026735,12.948250437540263,0.0055609904975234
2023-11-09,IEX,0.006009452340173242,0.007326395300277408,-0.00908929091025976,-0.010873672786892115,12.867989702969597,0.0051321019183286
2023-11-10,IEX,-0.010957995927580302,-0.013872513022352997,-0.0007391481462318707,0.007697008922022325,13.085908914650014,0.0063817032107975
2023-11-13,IEX,-0.002614368396477133,0.00421316000825723,0.006265676600023528,0.0029686457662226207,13.080292686921005,0.0063459624958646
2023-11-14,IEX,0.020777382598092118,0.029912452195678136,0.020880564085072745,0.02961592581312974,12.744321783723706,0.0045350996059308
2023-11-15,IEX,0.014104547008619534,0.014801106437020671,0.015809490429878337,0.0050862851111542024,13.078413579737122,0.0063340489242203
2023-11-16,IEX,0.004892445949818543,-0.005974027450766862,-0.004005154408486352,-0.007512616890893092,12.649157827477366,0.004123419519111
2023-11-17,IEX,0.002863762499806979,-0.0020494470882825894,0.0018777205730809601,0.002123254391020089,12.703816069256568,0.0043550723010835
2023-11-20,IEX,-0.007351822609000363,-0.009804649510345579,-0.009782935014708746,-0.011632359499549515,12.88639037955819,0.005227410491483
2023-11-21,IEX,-0.01445760246334552,0.005844129252930918,-0.002358192164047585,0.014557277979324166,13.59211822570665,0.010587194001236
2023-11-22,IEX,0.014609194829442111,0.00436079175941962,0.005476715117592644,-0.006770403241828087,14.483084000356696,0.02580611991174
2023-11-24,IEX,0.005593513057880814,0.0003000388082107894,0.010460127446689558,0.009887624680073029,12.188931573152257,0.0026024535391885
2023-11-27,IEX,-0.0031708641914450835,-0.003556338484006315,-0.002073175507211297,-0.003066784644671174,12.750432653574146,0.0045628979397675
2023-11-28,IEX,-0.0008573698497290707,-0.0014059967634655415,-0.005074634745277158,-0.010070735342909275,12.824498973856072,0.004913686438183
2023-11-29,IEX,-0.0028293663106429483,0.0033610506840406687,0.00461901375720418,0.008559025990103181,12.826920601780714,0.0049256000098273
2023-11-30,IEX,0.007811828706358328,0.010511335156811704,-0.005586206102306952,0.016901059900129484,13.678087029367227,0.0115376322724147
2023-12-01,IEX,0.01336487231319838,0.009764534350304437,0.025391787209120487,0.00672085031235156,13.043105861387126,0.0061143097138921
2023-12-04,IEX,0.000544696406945696,0.0031847008055500207,0.0027268430768670146,0.0056968565281211685,12.62346961830583,0.0040188448346777
2023-12-05,IEX,0.008430532670371678,-0.0035774978277223197,-0.00595923011446662,-0.012864025255462996,12.473428278520133,0.0034589069673955
2023-12-06,IEX,-0.0037874261000141666,0.008213976801342995,0.010454712207456243,0.014772057378748139,12.909420125698494,0.0053491936682914
2023-12-07,IEX,0.011027153116059682,0.004615252433565627,0.004131874629593391,0.0049246666368605915,13.025854679664231,0.0060097350294588
2023-12-08,IEX,0.0030173628093408903,0.0061366247945023105,0.004994459246379622,-0.0037033356176499974,12.952525968339533,0.005584817640812
2023-12-11,IEX,-0.0042366349378499995,0.002309547469818678,-0.0011730191824988873,0.01473175856862399,12.710178743766354,0.0043828706349202
2023-12-12,IEX,0.016791703078494247,0.006705972157948255,0.010265017755911673,-0.0015405388317981986,12.57245383112879,0.00381896157709
2023-12-13,IEX,-0.004280037249987002,0.002574529862770785,-0.004705952726228202,0.006147892503113333,13.045700451827342,0.0061301944760845
2023-12-14,IEX,0.020180527609417662,0.02371546033715237,0.029184803060925555,0.028743978026225706,13.00222983146176,0.0058694196300926
2023-12-15,IEX,0.01047727513534117,0.0006508167133805216,-0.004354595615642916,-0.016796783768201852,13.513595677931685,0.0097876609708851
2023-12-18,IEX,-0.010430011710233464,-0.008634281646378566,-0.004611955710745598,0.0027404094910496897,12.754196944209095,0.0045801064321426
2023-12-19,IEX,0.005745254336123535,0.003836297301337422,0.011089619426626646,0.007099778277862384,12.411056299528171,0.0032497575985289
2023-12-20,IEX,-0.0009396606505900057,0.006515846894557453,-0.001273281531207911,-0.00601506843994811,12.988377024158059,0.0057886720889478
2023-12-21,IEX,0.005063357941056984,-0.0033922082378063847,0.0015089458937415563,0.009149227534540227,12.666975614100778,0.0041975484093422
2023-12-22,IEX,0.0038739344579148166,0.0059867925993140145,0.008305475332320782,0.0012602919648213495,12.703816069256568,0.0043550723010835
2023-12-26,IEX,-0.0020985027412595606,-0.0014817954568998812,-0.002901454415092047,0.0018640026670221836,12.48332931179837,0.0034933239521457
2023-12-27,IEX,0.002471016869326449,0.0028226926217910734,0.005001946125577405,0.004691424727648585,12.445093483000798,0.0033622746640584
2023-12-28,IEX,0.009316224338953126,0.015179300330073956,0.008081125074535983,0.005868180183405124,12.725464474372217,0.004450380874238
2023-12-29,IEX,0.0011066369269866357,-0.007079438276705174,0.002725355539581135,0.0002303473294340922,12.376663161948423,0.0031398879933648
2024-01-02,IEX,-0.008840847627235882,-0.004870448902921193,-0.0127668445966619,-0.00953358918591157,12.63525753545869,0.0040664991212549
2024-01-03,IEX,-0.005220734288347682,-0.007721710631696412,-0.010143360528944214,-0.01296445132123724,13.075064201159773,0.0063128692412971
2024-01-04,IEX,-0.007505856963242158,-0.007080401482990102,-0.003498821804461457,-0.005195382954801182,13.457550502909582,0.0092541977072569
2024-01-05,IEX,-0.005855932835166429,-0.005813450595706374,-0.00465254821952318,0.0,12.901469793015115,0.005306834302445
2024-01-08,IEX,-0.0009002071482802684,-0.008214780719642741,-0.010860389722309995,-0.0017059630710516357,12.54646931434116,0.0037210055435702
2024-01-09,IEX,-0.005752820870265574,-0.003276490837967844,0.0001442524717409473,-0.003992501097432377,12.334470257826283,0.0030101624354602
2024-01-10,IEX,-0.0010494693265558257,0.0012358877780831825,0.004032107155136819,-0.0017158684980270206,12.445487104758993,0.0033635983942411
2024-01-11,IEX,0.000955455851750067,-0.00380623128518646,-0.01273093752282902,-0.0019159335750006765,12.34148164933907,0.0030313421183834
2024-01-12,IEX,0.0031041588961658517,0.009757514438131729,0.004370473062532111,-0.008038731139267664,12.533579815765737,0.003673351256993
2024-01-16,IEX,-0.020083997090448738,-0.02294984315155565,-0.014642990731747497,-0.005524884623893383,12.855009284423183,0.0050659154091935
2024-01-17,IEX,-0.007324233912841859,0.000290759662564215,0.0032889199065235806,-0.0035539941609005104,13.016782837542953,0.0059554620919681
2024-01-18,IEX,0.004937456805511138,-0.002814252364944125,-0.005898330789351527,0.0014133268505197546,12.847139379874577,0.0050262035037125
2024-01-19,IEX,0.0031163040866975995,0.008419017580711735,0.007563240326088777,0.00829365859951567,12.586565185197317,0.0038732345145807
2024-01-22,IEX,0.013280330064199725,0.007822723309977221,0.011818876903426548,0.0019300963155450116,12.564100174313463,0.0037871920527052
2024-01-23,IEX,0.0006713126057659483,0.0007645336907656994,-0.0005320908097417494,0.008544099820325005,12.499864763577847,0.0035515680801845
2024-01-24,IEX,0.008544975374799962,0.01026540962991389,-0.005432882760905644,-0.017016024814015082,13.051299076273295,0.0061646114608347
2024-01-25,IEX,-0.014989664709255422,-0.01726400106152236,-0.002922668399175958,0.01010961270394443,12.625772622110356,0.0040281109459566
2024-01-26,IEX,0.0025540627694121388,0.007285290677354591,0.01322983561217846,0.006571881955730481,12.545401512381012,0.0037170343530221
2024-01-29,IEX,0.00355505780589307,0.013141461390038954,0.0008660398371739904,0.014241773356734965,12.941802669405789,0.0055252497825905
2024-01-30,IEX,0.01338593690398951,0.010222405878475727,0.01598511658611067,0.007139233161685235,12.704119973516908,0.0043563960312662
2024-01-31,IEX,0.014422617481042871,0.0017247561406739168,0.0011355939717903438,-0.0102076435082388,13.324979270651058,0.0081051999086732
2024-02-01,IEX,-0.006551272565299054,0.03622121746182953,0.002361350096273286,0.04022032434526901,13.732130035981154,0.0121783176808416
2024-02-02,IEX,0.029194093868328466,-0.002203295878484164,0.03180173949145982,0.0024495917525671268,13.046563821483023,0.0061354893968153
2024-02-05,IEX,-0.002191074484684352,-0.010179944733551886,-0.009319482390249864,-0.011391214249949029,12.815569159219098,0.0048700033421539
2024-02-06,IEX,-0.001966960675349456,0.0007728454720559534,0.0012906189633062387,0.003065588349952062,13.037461047537729,0.0060798927291419
2024-02-07,IEX,0.01877850320196531,0.03338019532841797,-0.01920772249243478,0.01599804898752797,14.123437071862694,0.0180106728658186
2024-02-08,IEX,0.014099910978139785,-0.004757587836081945,0.041708187442585705,0.0152151050152924,13.39574518675091,0.0086995547607055
2024-02-09,IEX,0.000575865231110006,0.008004605384161242,0.01426522890533648,0.010439935713454567,13.038983942375959,0.0060891588404208
2024-02-12,IEX,0.01000163116450554,0.004850655837582169,0.007079063042560934,-0.0054045814657498305,13.103590259980951,0.0064955440065097
2024-02-13,IEX,-0.013283860885581386,-0.017369560918773654,-0.018331233911578763,-0.011967164140297719,12.95843404198686,0.0056179108953795
2024-02-14,IEX,-0.000444297206787877,0.00768859114565767,0.0036753816252088744,0.012187463520213488,12.792750362443366,0.0047601337369898
2024-02-15,IEX,0.012236343031833246,0.00697443350762849,0.008641780139520027,0.002902869393380413,13.032878398126998,0.0060520943953052
2024-02-16,IEX,0.000790067883024633,0.003185918393379754,0.003232615034848152,-0.0009226956461560415,13.573949694361803,0.0103965768549272
2024-02-20,IEX,0.0014467941644939059,0.0041309601528982005,0.00048628502102924896,0.012581634678006331,13.195057922569148,0.0071176971923788
2024-02-21,IEX,0.01853301320897553,0.017805334443962387,0.015217207472814326,0.01328224345544424,13.1713459040233,0.0069509071893586
2024-02-22,IEX,0.0075401536701851825,0.005017497213275066,0.013830887466845817,0.0072563780255291655,12.756794715628809,0.0045920200037869
2024-02-23,IEX,0.00722939136296091,0.005793854664721995,0.009186251068488855,0.008132473652176085,12.316275916098562,0.0029558894979695
2024-02-26,IEX,0.0023278471164319163,0.0005481069138345949,0.0013601501151976666,-0.0041850653996421345,12.95299990087463,0.0055874651011774
2024-02-27,IEX,0.0009717907672099274,-0.0011808109577696525,-0.0030202441381468824,-4.2368820457365545e-05,12.3406079091076,0.003028694658018
2024-02-28,IEX,-0.0019445678646117443,0.0027810252338086694,0.005226445536664782,0.002665344129676026,12.710480720812354,0.0043841943651029
2024-02-29,IEX,0.003252885040644729,0.0001261573392593651,-0.0024611430167948986,-0.003301091944927681,13.386880706978143,0.0086227784101089
2024-03-01,IEX,-0.004014939023194038,0.009421997788422093,0.0017403142365970176,0.015020207123500226,12.819367308662605,0.0048885355647117
2024-03-04,IEX,0.011913177305619888,0.0005416963727769236,0.006762803860500282,-0.007755416609623246,12.580050526513531,0.0038480836411094
2024-03-05,IEX,-0.005454766722486731,-0.005094915344422657,-0.011523981349395973,-0.00964136676956222,12.626429650198945,0.004030758406322
2024-03-06,IEX,-0.006881926432354202,-0.002851155250162542,0.0015328652567268522,0.007408507975601672,12.674515682685282,0.004229317933727
2024-03-07,IEX,0.011625049359941957,0.007070930118232869,0.011296109957573072,0.006893296690053904,12.074830060158243,0.0023218227404561
2024-03-08,IEX,0.004929220916747745,0.0012499957820220687,0.0005888482469352219,-0.000586559551735686,12.10846532932714,0.0024012465514181
2024-03-11,IEX,-0.008663096443901392,-0.0035039243037613614,-0.006707590916274799,0.0019679799514704947,12.369470438714096,0.0031173845802589
2024-03-12,IEX,0.005114909618175643,0.006954170754064177,0.007590200464244458,0.0070860260040773015,12.285350445351659,0.0028658758455458
2024-03-13,IEX,0.007374478376493306,0.0008295391605580838,0.0058638172023921615,0.0002076184286338533,12.371591321286905,0.0031240032311724
2024-03-14,IEX,0.0015762109232558535,0.0022778862837801264,-0.0015881718822278262,0.0022399721697460816,12.798573182658513,0.0047879320708265
2024-03-15,IEX,-0.01121149321999136,0.0018598421919852918,-0.002009840173740147,-0.0057342625276965205,13.728536634818695,0.0121346345848125
2024-03-18,IEX,0.009676883131569869,0.0012793044425969669,0.008056712105536455,0.002455638374614329,12.637858308703688,0.0040770889627165
2024-03-19,IEX,-4.153666511611625e-05,-0.002436088671407049,-0.002831230838285657,-0.0022056040757166937,12.72308210988141,0.0044397910327764
2024-03-20,IEX,-0.005285823019404394,-0.0012409272566858722,-0.0009177304467073489,0.0035764585847291907,12.434406702831367,0.0033265339491255
2024-03-21,IEX,0.006198594169975754,0.018251255394712965,0.003582560407122502,0.0204624928849905,13.117352845629016,0.0065855576589334
2024-03-22,IEX,0.02024014401738868,0.0012591825113736532,0.010630366739317222,-0.008167565772342726,12.04355959836804,0.0022503413105903
2024-03-25,IEX,-0.008325610277703727,-0.009256904667185872,-0.004908163277478751,-0.00782153594016872,12.336666603113574,0.0030167810863737
2024-03-26,IEX,-0.00934643393872894,-0.0019684458835893537,-0.002525348207177193,0.0004957465976799608,12.529246130159391,0.0036574664948005
2024-03-27,IEX,0.008198286132183557,0.006587222967391942,0.0038062506791864585,0.012315971955036378,12.677016457665433,0.0042399077751886
2024-03-28,IEX,0.005768435232015894,0.0019554948330703908,0.0067082777620913,-0.004375268921563307,12.4016435409078,0.0032193118043268
2024-04-01,IEX,-0.005645320131709066,-0.006492280080295864,-0.012132334049068782,-0.01299281691352273,12.346708119309138,0.0030472268805758
2024-04-02,IEX,-0.013090008587326367,-0.013071117046135599,-0.010349915969200433,-0.005370071787872438,12.548246454396082,0.0037276241944837
2024-04-03,IEX,-0.0072583961269839115,-0.00041508940189693657,0.00012589962184505284,-0.0012111573332086146,12.513561021741964,0.0036005460969444
2024-04-04,IEX,0.009334515032106474,0.005176733177857546,-0.01177159103559784,-0.010502545548599912,12.720992874945178,0.0044305249214975
2024-04-05,IEX,-0.01588721920489943,-0.005591927091913411,0.0022469332582504852,0.010878703665000655,12.545045324865894,0.0037157106228394
2024-04-08,IEX,0.009979911888692286,0.0007058350676819474,0.009860169141354454,-0.0020491395841904497,12.371167504471138,0.0031226795009897
2024-04-09,IEX,0.0017925408057407387,0.0043903032939913746,-0.0014267204633190336,0.011197478054084466,12.44588057164006,0.0033649221244238
2024-04-10,IEX,-0.003964577855529598,-0.007841541628090887,-0.008264119229093042,-0.02171770169800762,12.738173341424954,0.0045073012720941
2024-04-11,IEX,-0.0124543214229936,-0.009416021345849544,-0.0044554503767025985,-0.0005923675164667381,12.443517444755098,0.0033569797433276
2024-04-12,IEX,-0.00948642965943603,-0.009081261525056826,-0.01720077765927656,-0.015269476334201119,12.841063561621608,0.0049957577095104
2024-04-15,IEX,0.008384942567690134,0.002584926185017467,-0.0040752664261211775,-0.009413619364678863,12.765119700338996,0.0046304081790852
2024-04-16,IEX,-0.02354462807214011,-0.022166089217841127,-0.007062567983322971,-0.005394433959903056,12.782126864777657,0.0047098319900472
2024-04-17,IEX,-0.003782482424315363,-0.006293792759553555,-0.010997795728090677,-0.010612237583066945,12.913618170638928,0.0053716970813973
2024-04-18,IEX,-0.009497454575404237,-0.002659619897380646,-0.001549402976605924,-0.0032234232918142915,12.422396998874374,0.0032868220436445
2024-04-19,IEX,-0.00154027187156251,-0.0030607556769450036,0.0012397123828733398,0.004148789181318371,12.406156350565329,0.0032338728363365
2024-04-22,IEX,0.0026830258507229703,0.013916272599319534,0.007098634280022556,0.012474740007662908,12.760822327438113,0.0046105522263447
2024-04-23,IEX,0.016510537223632753,0.008214925790849965,0.01517357540089169,0.010299562401129121,12.852654809442695,0.0050540018375492
2024-04-24,IEX,-0.0011239189313826871,-0.005196365755982484,-0.04058038522033479,-0.033401346828781056,13.287031695310965,0.0078033894270175
2024-04-25,IEX,-0.03503735393268273,-0.029982216395614644,-0.005422574040649169,-0.006072605402365043,13.095199764405486,0.006441271069019
2024-04-26,IEX,-0.003005863751201535,-0.0044911374817056425,-0.0007252155660623128,-0.011803481851281506,12.762830066509972,0.0046198183376236
2024-04-29,IEX,-0.004142241659922402,-4.457746860555631e-05,-0.005228054418542689,0.01448717820499373,13.032222016211694,0.0060481232047571
2024-04-30,IEX,0.008670123278289383,0.0030261278311147577,0.004865305461321155,-0.015393945202861163,12.956311154346547,0.0056059973237352
2024-05-01,IEX,-0.013464197780126802,-0.002446956193745456,-0.002225174098789974,0.004164350947898132,12.560598782435825,0.0037739547508782
2024-05-02,IEX,0.006371935328036707,-0.003569828379058692,-0.0016379062992290438,-0.003393567612864636,12.942521144545125,0.0055292209731386
2024-05-03,IEX,0.0018902213018152504,-0.005783272994306391,-0.0017318211842105283,-0.0009522634955708409,12.91263197969655,0.0053664021606665
2024-05-06,IEX,-0.0007196933911489568,0.004083185453964171,0.006139035719273722,0.007817967025657051,12.745488641595722,0.0045403945266616
2024-05-07,IEX,0.006994526462125754,0.0021916476170125597,0.002851991886977743,-0.0018022465849895715,13.026074919241733,0.0060110587596415
2024-05-08,IEX,-0.011097407235889558,-0.0042984447463396865,-0.0004972962686554762,0.0014421544743537457,12.734053277091983,0.0044887690495363
2024-05-09,IEX,0.005721334920102055,0.0034939304994775823,-0.0010861610785906205,0.0030124511665149253,13.429849547739444,0.0090013652423612
2024-05-10,IEX,0.004258492031048412,0.015925826995310345,0.0060488768429114975,0.015237565705337465,13.545145673721107,0.010101385024185
2024-05-13,IEX,0.01443288235937651,0.0029005335372642204,0.011989138852045873,-0.0032773548747741348,13.048503682119662,0.0061474029684596
2024-05-14,IEX,-0.0009705265412208458,-0.00567707075229575,-0.004590811902789353,-0.0033772317215918428,12.645298073119001,0.0041075347569186
2024-05-15,IEX,-0.0025186667924706344,-0.0025186667924706344,-0.0016990054301458052,-0.0020496432836648107,12.557437013287785,0.0037620411792339
2024-05-16,IEX,-0.008845910902311401,-0.00678835900902366,-0.005636826022447308,-0.005698251990915759,12.217017531154696,0.0026765824294197
2024-05-17,IEX,-0.0012095968922052355,-0.0025501942299049644,-0.0005870179315286587,0.00040487348984628694,12.282111965715732,0.0028566097342669
2024-05-20,IEX,-0.0024686330382770218,0.001164102901042953,-0.009393520448281288,-0.011490239447984553,12.849769569107353,0.0050394408055395
2024-05-21,IEX,-0.015169299385925166,-0.0135142986219587,-0.012848324004726932,-0.012222311902509941,12.638507446509221,0.0040797364230819
2024-05-22,IEX,-0.007648804347839245,-0.004910203790880711,0.0026290258260172504,0.00399906294147917,13.428230593259636,0.0089868042103515
2024-05-23,IEX,-0.0002299009429516003,-0.00897319275878436,-0.009394489833717363,-0.011302714780412376,12.94729783197312,0.0055556955767926
2024-05-24,IEX,-0.0063202509152890125,-0.0063202509152890125,-0.0062501182544738385,-0.001811088967939887,13.11029282045951,0.0065392271025388
2024-05-28,IEX,-0.004592232341924339,-0.0029663006687962925,-0.013756316452585,-0.01834051961884898,12.999745924762747,0.0058548585980829
2024-05-29,IEX,-0.026523669334512473,-0.02557489268838907,-0.017755407988586595,-0.018779671645010352,12.844766280206098,0.0050142899320682
2024-05-30,IEX,-0.007427533331456457,-0.004677591413123311,-0.010972651458887896,-0.010230169646376023,13.943112782761816,0.0150388986056567
2024-05-31,IEX,-0.010978219703815455,-0.00043070158233651367,9.768071745279252e-05,0.016625204834558985,14.133746810890687,0.0181973188215793
2024-06-03,IEX,0.014627038785757433,0.00663103770207481,-0.005089479617868811,-0.01220021096181859,13.274055609151619,0.0077027859331323
2024-06-04,IEX,-0.014286638870770548,-0.012391109768851036,0.006747777586936381,-4.852580801938403e-05,13.217675375388819,0.0072805160048509
2024-06-05,IEX,0.0052847167024887435,0.001539313031201392,-0.0012678312270609777,0.006962544229710005,13.039201309581754,0.0060904825706035
2024-06-06,IEX,-0.00014507018974687253,-0.005784525556920261,-0.008182097568805648,-0.020149604094342296,12.864889734328388,0.0051162171561361
2024-06-07,IEX,-0.019189590180716636,-0.008203720021112948,-0.01063342300350026,-0.007946912178583185,12.687266554396556,0.0042835908712177
2024-06-10,IEX,-0.007869587953457888,-0.006602036431120342,0.0005965009763769624,0.005534998241755241,12.801334082366724,0.0048011693726535
2024-06-11,IEX,0.0034722371192930225,0.0003434606218262692,-4.9715153155261654e-05,0.004719989350943496,12.89897229545694,0.005293597000618
2024-06-12,IEX,0.015136080308956093,0.016394087859868553,0.018707695960378145,0.009373590136929,13.114736365554212,0.0065683491665582
2024-06-13,IEX,-0.00039031952503333417,-0.0077987774401061475,-0.019851443526048968,-0.014044442698598105,13.080918272124213,0.0063499336864127
2024-06-14,IEX,-0.018963615630090934,-0.01736432030845258,-0.03338695812867791,-0.023383763225144242,12.82638296880441,0.0049229525494619
2024-06-17,IEX,-0.01679871757687044,-0.008397365267002811,0.012016029572481211,0.010338334547960898,12.718300286011257,0.0044186113498532
2024-06-18,IEX,0.013211908988694676,0.00988054825675458,0.014381434596164101,0.010232546130203642,12.681999323836905,0.0042610874581118
2024-06-20,IEX,0.006268416391922092,0.011788079212222342,0.008580402236348324,0.004044234915366321,13.042672774401334,0.0061116622535267
2024-06-21,IEX,0.00859223085442596,-0.0012704028422674326,-0.0038820410016957565,-0.002316036924071566,13.753104162231045,0.0124364450664681
2024-06-24,IEX,0.0015721564469899155,0.009488511694480766,0.010664058245234757,0.008840959647613677,13.071493151405463,0.0062903658281912
2024-06-25,IEX,-0.004822638460148051,-0.01620900648732386,-0.017268035253933767,-0.022300635521135394,12.820449849816926,0.0048938304854425
2024-06-26,IEX,-0.018520921257632432,-0.012431129636979883,-0.007203943383211361,-0.00435978261548579,13.378865879879848,0.0085539444406085
2024-06-27,IEX,0.00010055920084667459,-0.0021951433888127,-0.002683159899549347,0.005159461677325423,13.51777949645943,0.0098286966065488
2024-06-28,IEX,0.008904015428980817,0.015462624817005525,0.009836906785555136,0.0052323241818477,13.488673156888265,0.0095467420776337
2024-07-01,IEX,0.007343557961962896,-0.00522647585969741,-0.01956663485060124,-0.026746058177808202,13.381956112422118,0.0085804190442625
2024-07-02,IEX,-0.03327451109760436,-0.027871584730366623,-0.0014857803839155542,0.00265093702029274,13.254094901236366,0.0075505569621218
2024-07-03,IEX,0.006825379740993031,0.0023864679603453924,0.00020521663440036043,-0.006486954465310569,12.528522019787818,0.0036548190344351
2024-07-05,IEX,-0.009845327257552924,-0.010809341844143061,-0.013104602689986993,-0.002308788594278392,13.357911275712462,0.0083765645961267
2024-07-08,IEX,0.004807215845045827,0.00618377053529005,0.006264201551726353,0.004867741606839857,12.887908594631655,0.0052353528725792
2024-07-09,IEX,-0.005114765135399838,-0.003470342152381534,0.002216703426432869,-0.002046559351652931,12.47801017053037,0.0034747917295879
2024-07-10,IEX,0.001229939484779957,0.015724307290872833,0.0026740572620262584,0.016257162477958775,12.865665627873343,0.0051201883466843
2024-07-11,IEX,0.023186196261023122,0.02764650560414618,0.025904349472583976,0.02508086994632242,13.319082457326074,0.008057545622096
2024-07-12,IEX,0.027572932528574706,0.012606663999311842,0.024588801910505775,0.00820144017883764,12.840268335059427,0.0049917865189623
2024-07-15,IEX,-0.0014665544194605033,0.00883739537693113,0.0014197127238995803,0.010847659320982792,13.116749649879743,0.0065815864683852
2024-07-16,IEX,0.015966174324622353,0.01782178771275254,0.016064037799331174,0.019737102112420794,13.228525371792253,0.007359939815813
2024-07-17,IEX,0.01272498592155944,0.007059549809753667,0.008867206876080254,-0.0014715567712003362,13.239258908233676,0.007439363626775
2024-07-18,IEX,-0.007586788028163294,-0.008761232331445733,-0.01626053097117893,-0.020639082565698044,12.922938794110705,0.0054219988283399
2024-07-19,IEX,-0.0101093715323404,-0.02243844059498972,-0.02008584986212729,-0.01578834527965891,12.870822923581574,0.0051466629503383
2024-07-22,IEX,-0.008942511285567598,-0.005385035835603662,-0.0029735800116687107,0.011024377478074856,13.247410631290515,0.0075002552151792
2024-07-23,IEX,0.007393112639893973,0.0038356371899299054,0.009779420714189161,-0.0064528707135977975,12.964307415212271,0.005651004149947
2024-07-24,IEX,-0.01735268782835858,-0.014791972028915568,-0.02538593028849057,-0.025783175063901962,13.408595899765825,0.0088120718262351
2024-07-25,IEX,-0.015152987137304763,0.012025877320164084,-0.0003025512644331418,0.021753452408764713,13.328403088418442,0.0081329982425099
2024-07-26,IEX,0.023060102356763767,0.01255515131034606,0.02450812003503967,0.0165067513466516,12.53753592969685,0.0036879122890027
2024-07-29,IEX,0.010753097000532634,0.0003358984019774443,0.009793449355716329,-0.0011631445092689342,13.010092372556095,0.0059157501864871
2024-07-30,IEX,0.004731551427351705,0.0021084375321758025,-0.0005361501075724825,0.008931037443230698,12.772241202815223,0.0046635014336527
2024-07-31,IEX,0.004805085760015406,0.008627098453039779,0.011825791039602405,0.0019684215422876698,13.049579758676577,0.0061540216193731
2024-08-01,IEX,-0.015069097029367758,-0.022024324352110304,-0.07097371811840027,-0.06024998126838549,13.804147239313862,0.0130877203163566
2024-08-02,IEX,-0.05707536033401404,-0.047134597561639825,-0.006278344229099452,-0.01111653675724801,13.575094949758018,0.0104084904265715
2024-08-05,IEX,-0.010618265063144498,-0.014548714731435305,-0.0136783504091902,-0.009887903755116615,13.84312669775942,0.0136079462781578
2024-08-06,IEX,0.004675527913307004,0.02280411322394489,0.010237084211471747,-0.00046850364854396874,13.366878520624217,0.0084520172165406
2024-08-07,IEX,0.003466555175620571,-0.010393726429926923,-0.0052367125500100385,-0.008153060567766737,13.247587106758235,0.0075015789453619
2024-08-08,IEX,-0.008767156242421118,-0.00526331194150303,0.004452966537484366,0.02231432665461982,13.15095277788895,0.0068105917899924
2024-08-09,IEX,0.011861420080122219,-0.0021542224148012276,0.006927969381673953,-0.0026722248986450073,12.731395672272523,0.004476855477892
2024-08-12,IEX,-0.001081931098640167,-0.0019015636299904717,-0.00844500973341566,-0.01576629892299274,12.611207699176356,0.0039698668179178
2024-08-13,IEX,-0.010258626505008613,0.0020042400705340044,-0.0008380017473862163,0.016949117766206702,12.889929302516245,0.0052459427140408
2024-08-14,IEX,0.009175610152864368,-0.0025187547875200346,0.007048482841216014,-0.00649682604294222,13.172487889031334,0.0069588495704548
2024-08-15,IEX,0.009501092970742888,0.012124438586870042,0.012819927594340455,0.009934418162724792,12.834417270098413,0.0049626644549429
2024-08-16,IEX,-0.004867618370610792,0.0037051477392409035,5.164999094927069e-08,0.0068399349486355406,13.587983663824232,0.0105435109052069
2024-08-19,IEX,0.013367471934521381,0.013385837352825227,0.011490514542963147,0.013139370135991812,13.207441386642405,0.0072063871146197
2024-08-20,IEX,0.007975829495742178,-0.0002999496957392919,0.0014207449746685946,-0.0008035499798314034,12.856314934678778,0.005072534060107
2024-08-21,IEX,0.004915281997361512,0.008861119463523305,0.011143453972852569,0.01203660270192748,12.990661167946621,0.0058019093907748
2024-08-22,IEX,0.012628248865766736,0.003907689143862048,-0.005883969699186665,-0.009778016684714112,13.319082457326074,0.008057545622096
2024-08-23,IEX,-0.008434251234006334,0.007181918836681917,0.007887737902360047,0.021965788988316557,12.714999467712902,0.0044040503178435
2024-08-26,IEX,0.02119757793209189,0.007227944652744661,0.014901144454181428,0.00029424137019231695,12.588272538498009,0.0038798531654942
2024-08-27,IEX,-0.006459491104308708,-0.005171489768670432,-0.00054247787816034,-0.0018157812099858879,13.238902973643576,0.0074367161664096
2024-08-28,IEX,-0.0009333124868377133,0.0017592870669670955,-0.002222338064430247,-0.0020159751109980802,13.038549066167487,0.0060865113800554
2024-08-29,IEX,0.007782940947762245,0.004482175274889635,0.005571050420319672,0.009795413848425857,12.799678457417967,0.0047932269915573
2024-08-30,IEX,0.00428169482465458,0.004946015981406546,0.002259084238427278,0.0063159788666519775,13.125560261919276,0.0066398305964241
2024-09-03,IEX,-0.002138567255590486,-0.002518462657738238,-0.00881931541910957,-0.017539614428021936,13.62046965212238,0.010891651943257
2024-09-04,IEX,-0.01233678568103711,-0.015146647442918418,-0.011848026781139349,-0.01239848731750451,13.432639764998356,0.0090265161158325
2024-09-05,IEX,-0.013139477980077323,-0.012035489903829185,-0.01967244826088751,-0.01822992669562384,13.231936806267933,0.0073850906892843
2024-09-06,IEX,-0.016709010632101843,-0.006097564748514649,-0.005223014251608032,-0.00831828796974929,12.83361673850271,0.0049586932643948
2024-09-09,IEX,-0.0013204133873071435,-0.006286364948198813,0.0015389890791783537,0.010349004056574945,13.268714001450482,0.0076617502974686
2024-09-10,IEX,0.00486673758057606,0.0009581046928609974,0.005215044664868375,0.0019254613800176895,12.508031074119511,0.0035806901442039
2024-09-11,IEX,-0.0028360247335592614,-0.00495150171222474,-0.018061146892640347,-0.002128238444936149,13.052372150583638,0.0061712301117482
2024-09-12,IEX,0.00217840514227751,0.005052292882937477,0.010382633930213145,0.004958991454673797,12.987690762404629,0.0057847008983997
2024-09-13,IEX,0.005852981241981696,0.012420685385720404,0.02034655798181418,0.008394296681016551,12.949202136513597,0.0055662854182542
2024-09-16,IEX,0.015128699568324792,0.016536575862408195,0.01538943964298049,0.01441156490021658,13.58004262246103,0.0104601159036968
2024-09-17,IEX,0.0068643904705992,0.009937769215553095,0.004946097509708585,0.009868306554413165,13.113526446491344,0.006560406785462
2024-09-18,IEX,0.012131433297379103,0.012045449303355878,0.007226656946720354,0.0044359253937878524,13.01567086392003,0.0059488434410546
2024-09-19,IEX,0.015726256816479225,0.009722621890346608,0.013187208928500286,0.02355304775172834,13.140794476350054,0.006741757820492
2024-09-20,IEX,0.004727253705659168,0.00014226133337391994,0.0016422460074300852,-0.008444133582586177,15.201605149131476,0.0529386174665456
2024-09-23,IEX,-0.004392174908251833,-0.0018511201069534593,0.006925850316170282,0.006066070588523724,13.174578147103068,0.0069734106024645
2024-09-24,IEX,0.008480637223881834,0.010115854936368015,0.007877182195261723,0.011740274937273093,13.031565203176179,0.006044152014209
2024-09-25,IEX,0.01136887979397521,0.004785851899335108,-0.00658393261317612,-0.01632224590557331,13.610453701792062,0.0107831060682756
2024-09-26,IEX,-0.009946615955043477,0.001683627568228835,0.009575316401462934,0.02068959135214439,13.423357944080465,0.0089431211143224
2024-09-27,IEX,0.017563304079610494,0.01576295061740256,0.012766682564742816,0.007329784412501322,12.908925077408801,0.005346546207926
2024-09-30,IEX,0.0006980085535148902,-0.009381468395729549,-0.006999116686766399,-0.002235220671517362,13.336346701651152,0.0081978610214622
2024-10-01,IEX,-0.004195391735286886,-0.006054359133523538,-0.007998351586755503,-0.009226590343168162,12.789407750257592,0.0047442489747974
2024-10-02,IEX,-0.007314113769444925,0.0023329255901453987,0.003746837679646982,-0.005709577619423668,13.13961569660409,0.0067338154393958
2024-10-03,IEX,-0.0047167279533192235,-0.0016324899993674833,-0.009560809354693497,-0.002226558258547812,13.064736383209516,0.0062480064623448
2024-10-04,IEX,0.005845521512151281,-0.005570528122956294,-0.0010041365444651592,0.0011849814073957925,12.901469793015115,0.005306834302445
2024-10-07,IEX,-0.01582372810823134,-0.011567388938569,-0.00513234102387449,-0.012009345226007294,12.985399815906522,0.0057714635965727
2024-10-08,IEX,-0.005554799756576211,-0.00456930320323305,-0.0016363394128466957,-0.0008153690548970639,12.504698367212223,0.0035687765725596
2024-10-09,IEX,-0.00043227312301095396,0.004711715970001544,0.0002889254763824385,-0.003220011135412903,12.884362500606924,0.0052168206500214
2024-10-10,IEX,-0.008054924616513566,-0.008583252901943558,-0.005698164797307765,0.003411961503900486,12.795250009628397,0.0047720473086341
2024-10-11,IEX,0.010505487669696681,0.021397374666726865,0.010505487669696681,0.01779415099293885,12.742568940017076,0.0045271572248346
2024-10-14,IEX,0.01654663382559611,0.003942966071968504,0.01061752826412306,0.008568738269148248,12.5421912482017,0.0037051207813778
2024-10-15,IEX,0.009320331720553778,0.00569902572109292,0.005550690739238521,-0.007481837035173241,13.080918272124213,0.0063499336864127
2024-10-16,IEX,-0.007619248351738883,-0.007950276157361049,-0.006264524544347895,-0.005304031566503084,12.63264998055082,0.0040559092797933
2024-10-17,IEX,-0.0016537371213542317,-0.007162346768696418,-0.005011349475582853,-0.0034246558944190132,12.921961756849388,0.0054167039076091
2024-10-18,IEX,-0.0023672926640593284,-0.0023672926640593284,-0.0002392571560546644,0.0030922134209705565,12.556028567310046,0.0037567462585031
2024-10-21,IEX,-0.002277963197322378,-0.001992952696322599,-0.005663260828972605,-0.005907342821959438,12.307279044781756,0.0029294148943155
2024-10-22,IEX,-0.008061714222918372,-0.005333858593265972,-0.00540523557263494,-0.006711754974286865,12.725464474372217,0.004450380874238
2024-10-23,IEX,-0.005860234987858218,-0.004450663777536486,-0.009481006130431877,-0.01468224120235592,12.525983496352161,0.0036455529231562
2024-10-24,IEX,-0.01695660098062881,-0.01624717282985011,-0.012881826417642728,-0.006759139352200616,13.043538760889776,0.0061169571742575
2024-10-25,IEX,0.0031310876540891386,0.00034112277250929554,0.0013845974222405806,-0.003248804016283289,12.501726607862306,0.003558186731098
2024-10-28,IEX,-0.00122189492636052,0.010712461335584629,0.010373010448064001,0.009910277883601631,12.896217824589245,0.0052790359686083
2024-10-29,IEX,-0.00588609092369246,-0.009592205734023338,-0.0071660446595579385,-0.004697544383329128,13.023428837534802,0.0059951739974491
2024-10-30,IEX,0.030522678862598733,0.06437727700520324,0.014815077329942266,0.06989492647841991,14.126665719201661,0.0180689169938574
2024-10-31,IEX,0.04570189592252421,0.00976548599433775,0.03874642028796281,-0.0184643719305524,13.799991761946591,0.0130334473788659
2024-11-01,IEX,-0.017010293636815232,-0.010998569566759044,-0.0017757030427100712,0.006547706098043265,13.494617729665181,0.0096036624754898
2024-11-04,IEX,0.008909088194609087,0.019729078757329772,0.013380562460247145,0.013561851650711132,13.367035125187055,0.0084533409467233
2024-11-05,IEX,0.003532266314059903,0.012379394136770161,0.0072653704363559325,0.025738941952346064,13.640920237991226,0.0111166860743161
2024-11-06,IEX,0.07079559782044367,0.05283665459301175,0.06620950905862277,0.04434920900532911,13.729408948828524,0.0121452244262741
2024-11-07,IEX,0.00353480863495261,-0.01229088908930859,-0.02009774505386424,-0.025874716292231276,13.319082457326074,0.008057545622096
2024-11-08,IEX,-0.028197648676363152,-0.018572686634050952,-0.0046045893479998495,-0.001705262711593279,13.099506129501293,0.0064690694028557
2024-11-11,IEX,0.004363439552933024,0.0023352231437435977,0.0014494928226886181,0.003625703624816506,12.819367308662605,0.0048885355647117
2024-11-12,IEX,-0.006201706854675284,-0.011031645490866857,-0.005457245612080851,-0.005991564928387944,12.840798556359703,0.0049944339793277
2024-11-13,IEX,-0.0049187659095265845,0.011031611874293048,0.0011466896663871885,0.013203639191485522,13.567819414793679,0.0103330378061576
2024-11-14,IEX,0.015291479953829843,0.004739912629654505,0.010218268748716924,-0.006994107370110279,13.298500852118009,0.0078934030794411
2024-11-15,IEX,-0.005260089206317367,-0.005604113648687601,-0.0066980392217336465,-0.0068238429384195705,14.455362968836388,0.0251005717243608
2024-11-18,IEX,-0.014178356902454744,-0.011041194125444883,-0.006433720726870429,-0.0051485983207854085,13.399390385736778,0.0087313242850903
2024-11-19,IEX,-0.00830141388388891,-0.01231441076791072,-0.01519001046440395,-0.01354770161287524,13.437175577097312,0.0090675517514962
2024-11-20,IEX,-0.0006689267331012824,-0.007997217420293443,-0.012829364154434177,-0.0022385440779765686,13.050224849237406,0.0061579928099212
2024-11-21,IEX,-0.003709173569846904,0.01821131820795434,0.014443949030389827,0.01926551370645992,13.1364654737788,0.0067126357564726
2024-11-22,IEX,0.02253353287499575,0.02072118674401466,0.022904025599916757,0.021959807944965316,12.923914877701906,0.0054272937490707
2024-11-25,IEX,0.02502991191489857,0.018280499101673432,0.023247271402136966,0.015195770665691078,13.496132775041344,0.0096182235074995
2024-11-26,IEX,0.004430299081712821,-0.007314615235057453,-0.011361300156494681,-0.017262395903226046,13.086323679453214,0.0063843506711629
2024-11-27,IEX,-0.010511180834773917,-0.010665662050262158,-0.0068618748600672115,-0.003973081227531738,13.498469703265616,0.0096407269206054
2024-11-29,IEX,-0.009407931990202737,-0.003609309116135014,0.0019156484388334657,-0.002035815906749753,12.501726607862306,0.003558186731098
2024-12-02,IEX,0.0013432702234320026,-0.0017664191054022722,-0.0032674393270102245,0.005103383209792277,12.797743424153593,0.0047839608802784
2024-12-03,IEX,0.004277580404080261,0.00012930955751003933,-0.0019656536099778425,-0.005667240566633155,12.839207048308943,0.0049864915982315
2024-12-04,IEX,-0.00883459799919502,-0.008095395138822691,-0.008386228096909846,-0.011475551534340643,13.255146239950099,0.007558499343218
2024-12-05,IEX,-0.0015672155453520056,0.0011729181651934074,-0.003268164490048507,0.002542066031292564,13.591117476312084,0.0105766041597744
2024-12-06,IEX,0.002567172455242077,0.006189274866925018,0.014841144361499834,0.005500334642272871,13.076112087564187,0.0063194878922106
2024-12-09,IEX,0.00034755957142445257,-4.315799600993758e-05,-0.002400064596818067,-0.0002613215092165722,12.84265212010087,0.0050037000906066
2024-12-10,IEX,-8.689122057765959e-05,-0.006797612635744183,-0.011247404716749529,-0.007430078833319101,12.565497305532237,0.003792486973436
2024-12-11,IEX,-0.004222950703581151,0.000477761204764477,0.005287958951807549,0.0009646496805344253,12.97525682932358,0.0057132194685339
2024-12-12,IEX,-0.006082763147667423,-0.006141480601566767,-0.013673666274445228,-0.014079462329213858,12.948012371209098,0.0055596667673407
2024-12-13,IEX,-0.016418876722502078,-0.01439002905989286,-0.014134400164975011,-0.008839725486690266,13.029372705460569,0.006030914712382
2024-12-16,IEX,-0.0048755477484500815,-0.004664941378348646,0.00018076558679715071,0.00483135269114557,14.027472628871623,0.0163626287883569
2024-12-17,IEX,0.001971028044305207,0.0015129542193771017,0.0014899277164592247,-0.008470212868440772,13.708594388459776,0.0118950394217438
2024-12-18,IEX,-0.003855967235998925,-0.008484036698760524,-0.046352478798682664,-0.048598920883520955,13.21640183982787,0.007271249893572
2024-12-19,IEX,-0.04511772545073494,-0.03462858710084108,-0.0071610059380278574,-0.006589125648425672,13.550112997703073,0.0101516867711276
2024-12-20,IEX,-0.015535006152342733,-0.00867217748582002,-0.015057328045015164,0.010032328781276042,14.033521761283492,0.0164619085520594
2024-12-23,IEX,0.007513465662859975,-0.004787874638260796,0.01648415234464805,-0.007657138876248048,12.95749109270188,0.0056126159746487
2024-12-24,IEX,-0.004320545392518741,0.0007995122241344182,-0.0011413538362126943,0.007186086424348032,11.959538914341756,0.0020689902755603
2024-12-26,IEX,0.008103431051511293,0.007774189272560131,0.005314896979831752,0.003292141974668567,12.903712220160273,0.0053187478740893
2024-12-27,IEX,-0.0028831575043264893,-0.004347986052936711,-0.005172136043044958,-0.00881893130684793,12.02035131605286,0.002198715833465
2024-12-30,IEX,-0.007363682053013794,-0.01624897808663729,-0.01654914906377995,-0.010858833963960425,12.4155269248542,0.0032643186305386
2024-12-31,IEX,-0.00229131475685432,0.00361271419953475,0.007997031053523005,0.002200339318552878,12.450198520182342,0.0033794831564335
2025-01-02,IEX,0.006810956053933738,0.003079429044768277,-0.013234395923589007,-0.015553459891267362,12.847402710321575,0.0050275272338952
2025-01-03,IEX,-0.021203908654177223,-0.017031612345092297,-0.006145149353262238,0.004648036502465021,12.625115162052026,0.0040254634855912
2025-01-06,IEX,0.006235012587446048,0.010339468028720928,0.013556674904226126,0.0110487668758785,13.320723952045457,0.008070782923923
2025-01-07,IEX,0.008970029983388294,0.009809324824607868,-0.00038616425332365804,-0.006326117258262451,13.388874416719576,0.008639986902484
2025-01-08,IEX,-0.013073941363549734,-0.014295738707457466,-0.0030947462734192944,0.0037908811604814557,13.319410971901114,0.0080601930824614
2025-01-10,IEX,-0.0031498439426501713,-0.007104842955534369,-0.007193593599168365,-0.013355695810677625,13.14432250131873,0.0067655849637806
2025-01-13,IEX,-0.004621358961815631,0.014444474158337287,-0.00332250718660208,0.01927714347231322,12.852130839097908,0.0050513543771838
2025-01-14,IEX,0.02788775357602129,0.022444334058884897,0.028419610134428386,0.02124577330591523,13.391933921845155,0.008666461506138
2025-01-15,IEX,0.03567816192473661,0.019860010550543063,0.01968971476276564,-4.659255549571638e-05,13.051299076273295,0.0061646114608347
2025-01-16,IEX,-0.014378819056778638,-0.008823939752658029,-0.0005598420946643127,0.012691275797162824,12.89997204310395,0.0052988919213488
2025-01-17,IEX,0.024172386316969472,0.020977104287814956,0.00876560918600458,-0.00411779970130238,13.073805286303859,0.0063049268602009
2025-01-21,IEX,-0.010969003321329874,-0.0072895558609021695,0.007167840497560734,0.018238710078582066,12.765976963265441,0.0046343793696333
2025-01-22,IEX,0.0036239094508711046,0.003900411397180195,0.003312180802115663,0.0015012027119637725,12.743737843806207,0.0045324521455654
2025-01-23,IEX,0.008162907895666854,0.01026758008973456,0.004856368814408211,0.009320479737792335,12.83681502694785,0.0049745780265872
2025-01-24,IEX,0.006383450597033684,-0.004715414927238115,-0.0020130047868119408,-0.009411416514633363,12.53753592969685,0.0036879122890027
2025-01-27,IEX,-0.008520285448466206,-0.0005853147590809527,0.006163445817418391,0.006570163194682258,12.755929541429706,0.0045880488132388
2025-01-28,IEX,0.005763654824739065,0.0012603475501694564,0.0003639889563081383,-0.001129713860038368,12.721291604450823,0.0044318486516802
2025-01-29,IEX,-0.0011319645538064873,-0.001350452825976709,-0.004742989244721755,-0.010407971559326549,12.684791313266565,0.0042730010297561
2025-01-30,IEX,-0.0006344575222590886,0.016174764662740825,0.0034227072775021385,0.023613348728586923,12.807655372286902,0.0048316151668556
2025-01-31,IEX,0.01583124719613247,0.001904080705960122,0.018059181538397466,0.0008920073249179483,12.860741437345885,0.0050950374732129
2025-02-03,IEX,-0.01628463817293643,-0.022141111772353613,-0.028638856328516284,-0.02459675401678794,13.24529049289942,0.0074843704529868
2025-02-04,IEX,-0.009478320162555344,-0.0024906750806443423,0.00404358802609507,-0.0009600088346906277,13.308844604096606,0.0079754743507685
2025-02-05,IEX,-0.04806701477849489,-0.057817408031025724,-0.10767135690420776,-0.10132867506064573,14.205591941030695,0.0195528185286643
2025-02-06,IEX,-0.0498380357653064,-0.0293959534412578,0.008188640867827427,0.00876803527549649,13.827835295404494,0.0134014443696566
2025-02-07,IEX,0.011447127882676295,-0.008994954441372313,-0.02015930384222373,-0.0171031077827687,13.660143638817734,0.0113324540940962
2025-02-10,IEX,-0.01569769778123697,-0.01569769778123697,0.006799281001944347,0.002599428093476897,13.397873167295554,0.0087180869832633
2025-02-11,IEX,-0.010347462431824186,-0.0016239958093320782,-0.004527713435912896,-0.007972636767783599,13.423357944080465,0.0089431211143224
2025-02-12,IEX,-0.01632353886517987,-0.01365434847625659,-0.01658690045086589,-0.006951118939179366,13.511971424223555,0.0097717762086927
2025-02-13,IEX,0.012216108612664731,0.00728506262514535,0.007521594428265353,-0.002638563847098684,13.420838494832896,0.0089206177012165
2025-02-14,IEX,-0.0016476604671779532,0.011991407080614793,0.007878568042828559,0.011230325652171167,13.375455557880317,0.0085248223765891
2025-02-18,IEX,0.008722461329340073,-0.004251722748365372,0.005817137478750407,0.005924673328718413,13.147253043749066,0.0067854409165211
2025-02-19,IEX,-0.0008688226246059049,0.00933999535959665,-0.0019524482042627207,0.011543841638866282,12.94323910384853,0.0055331921636867
2025-02-20,IEX,0.015373593637509652,0.00486253667685039,0.003696108978942107,-0.013072675853184326,12.870565689515162,0.0051453392201556
2025-02-21,IEX,-0.01236148497654201,-0.019185740494068484,-0.024797653241410696,-0.015885241229611862,12.840798556359703,0.0049944339793277
2025-02-24,IEX,-0.012051689812104405,0.004983208457621367,0.009722519531848009,0.018686372652185076,13.299674067415213,0.00790266919072
2025-02-25,IEX,0.01459725683510287,0.006723488492747929,0.013947211430224942,-0.0009158535057271032,13.077995520404233,0.0063314014638549
2025-02-26,IEX,0.001473508593335465,-0.007687621334035387,0.0011791328283160536,-0.0032633079167909934,12.714698852350997,0.0044027265876608
2025-02-27,IEX,-0.00570271589914336,0.012562866526940832,-0.0104556528826446,-0.010576663330990447,12.825037620411926,0.0049163338985484
2025-02-28,IEX,-0.00537595990316697,-0.019491774245765096,-0.007901092637641577,0.0030406719474938854,13.44081856306726,0.0091006450060637
2025-03-03,IEX,0.006243629590968401,0.01239720778686643,-0.018487317391397428,-0.030300615355366926,13.33327401074438,0.0081727101479909
2025-03-04,IEX,-0.05118320431070329,-0.048416576993794265,-0.02623010235306613,-0.014155808458238724,13.565767608549109,0.0103118581232344
2025-03-05,IEX,0.0024670543250006256,0.0022235883432110025,0.011233286204687507,0.01362521577928729,13.829315825230745,0.0134213003223971
2025-03-06,IEX,0.0035290574912780603,-0.003443304421914801,0.005113432400393651,-0.005054395999076234,13.386573629295825,0.0086201309497435
