Date,Stock,Open,High,Low,Close,Volume,Turnover
2020-03-13,LYV,0.1248780724523571,0.03498491027296208,0.1720488830498102,0.16864646952661125,16.10359106621647,0.0426458067748956
2020-03-16,LYV,-0.18422455045369682,-0.10630326306398236,-0.0804620554217891,-0.16561238618647886,16.071926154836664,0.0413165868234703
2020-03-17,LYV,0.055569851154810786,-0.0451008155763815,-0.08188556631277699,-0.06808846630539721,15.777561315172171,0.0307810475665513
2020-03-18,LYV,-0.15302518730552378,-0.14927372636817113,-0.3918552314046548,-0.13961449359636158,16.503990572753807,0.0636454916389988
2020-03-19,LYV,-0.08956292364919972,0.14473013536878432,0.2372372875515202,0.10969005684174812,16.166666838773228,0.0454223707163983
2020-03-20,LYV,0.17262952234781304,-0.011043981937525631,0.160827239083563,0.03139749791970984,15.809040254311574,0.0317654145553184
2020-03-23,LYV,-0.02732652213609986,0.0627256143292181,0.021130739126483566,0.0943195238697463,15.661347932616055,0.0274039115897041
2020-03-24,LYV,0.20577589794751486,0.10105209083519129,0.2055348490552288,0.1400064184920299,15.672574036519043,0.027713284071888
2020-03-25,LYV,0.06523538664857947,0.06992746375193461,0.0012329689980555352,0.06666138984103966,15.870595496221336,0.0337821769881288
2020-03-26,LYV,0.043997309991786436,0.0027834525695470207,0.072240356766895,0.0008710170577598698,15.77730825742487,0.0307732591683984
2020-03-27,LYV,-0.047866712468598284,0.03940985847108717,-0.02038044712409098,0.025997874073882862,16.328502513928264,0.0534015846240266
2020-03-30,LYV,0.025443252333623587,-0.046921478595524,0.03155123879131368,-0.04157346807273676,16.043727752719047,0.0401677980959201
2020-03-31,LYV,-0.01230301253761586,0.025522457227838084,-0.019226963137849717,0.005072224916257918,15.835281842589216,0.0326100230661199
2020-04-01,LYV,-0.04936425068331717,-0.08888398550365843,-0.1362092679896549,-0.15635279122087453,16.27937239426218,0.0508413650756596
2020-04-02,LYV,-0.10828114918774225,-0.11672206963508705,-0.12479234956959628,-0.13559113058718938,15.626419009536637,0.0264632461683504
2020-04-03,LYV,-0.1187716639479764,-0.12834942394771165,-0.15655385998217636,-0.011256074575933998,16.19956512493196,0.0469415410449967
2020-04-06,LYV,0.08827172470101309,0.1124905030391632,0.14811745593868914,0.027616286571582774,15.870121480656294,0.0337661675030367
2020-04-07,LYV,0.009732350349050374,0.04233032892690585,0.0843856409305216,0.09238185109681803,15.969572556526526,0.0372969079990102
2020-04-08,LYV,0.025761649121815663,-0.009084104877071031,0.020914414852022747,-0.0023806427432376833,15.42896061098743,0.0217214097596036
2020-04-09,LYV,0.06839841286335335,0.03560690539222584,0.030573562906615767,0.013416014572656666,15.654201480902241,0.0272087689470958
2020-04-13,LYV,-0.057705916814269516,-0.02126163142955217,-0.04649489362690427,0.02935327593607172,15.641880932772585,0.0268755985816669
2020-04-14,LYV,0.028639108150642304,0.05824056537768421,0.09319492009352415,0.06269717437394012,15.610249085388759,0.0260387784690183
2020-04-15,LYV,-0.008099252282763196,-0.04311316968317741,-0.04327217698773501,-0.08683801321354241,15.29634230035661,0.0190235951772023
2020-04-16,LYV,-0.041510460391277086,-0.067710329895609,-0.05937513928584234,-0.055309931933059366,15.869134294887392,0.0337328504664938
2020-04-17,LYV,0.07916612863207219,0.07359986504887128,0.033510447415162105,0.0521856714625825,15.862971245351158,0.0335255925378699
2020-04-20,LYV,-0.09491869448770852,-0.05533221317330518,-0.023228324170227688,-0.045068249775712554,15.017341369861509,0.0143920944089547
2020-04-21,LYV,-0.0317139713832874,-0.032324443338814936,-0.02576446608215324,-0.005196199957293974,15.136252817781056,0.016209387311294
2020-04-22,LYV,0.033595937132956104,0.0010678302270672663,0.02410432293365203,-0.0032958762899044144,14.849086779517116,0.0121633144708714
2020-04-23,LYV,-0.019528725894318148,0.10068045483088707,0.009920186100090699,0.08183990462917042,16.08394934519487,0.0418163423716136
2020-04-24,LYV,0.07719434521993383,-0.03261296351684069,0.037405123610433834,-0.031151934555126395,15.553464984513205,0.0246013863210251
2020-04-27,LYV,0.00025357171660431567,0.07188006644632475,0.02065165261037866,0.09402551315114778,15.961874612750776,0.0370109007112849
2020-04-28,LYV,0.11210578085400429,0.03308162352089936,0.08573844215522264,0.03806650175150451,15.684262086365912,0.0280390987279503
2020-04-29,LYV,0.04800209712872386,0.06515547425955008,0.07830582407134451,0.0641230926429904,15.759275693837111,0.0302233117210476
2020-04-30,LYV,-0.017869285796843326,-0.030528579973308136,-0.033265745677062766,-0.036327843438573905,14.955457029961554,0.0135284475915572
2020-05-01,LYV,-0.04451172072253254,-0.0447769927703067,-0.08550597486879646,-0.08605960487687622,15.039374515079658,0.0147127167995817
2020-05-04,LYV,-0.09468969040960734,-0.04901690967051384,-0.04812267345207033,0.015904037921473286,15.003963855324388,0.0142008459654228
2020-05-05,LYV,0.06411194590106105,0.01042166310400105,0.030913154358870557,-0.038503825363253266,15.011159111651722,0.0143033932077691
2020-05-06,LYV,-0.03644661490387012,-0.04210895312385799,-0.03951260360194467,-0.04471149296105171,15.438772674245646,0.0219355907088079
2020-05-07,LYV,-0.0345120792202243,-0.0019679715357172954,0.011708232334869487,0.022605566921943807,16.329142410218864,0.0534357670381421
2020-05-08,LYV,0.044053421075844174,0.04431257400222278,0.018198607992198895,0.06371268388358159,16.18680991030318,0.0463465939638737
2020-05-11,LYV,-0.0017058538335340977,-0.009705362943737313,-0.000762260985855802,-0.03319502709899135,15.066729764042817,0.0151207423250355
2020-05-12,LYV,-0.005625538645192138,-0.01679100984161035,-0.034392577997010496,-0.0617338920286034,15.741582510519402,0.0296932679578653
2020-05-13,LYV,-0.07036036833272989,-0.06961505258793164,-0.04135920055057791,-0.018781112246008015,15.419815519315875,0.0215236709842776
2020-05-14,LYV,-0.04054786328003671,0.018754551515420714,-0.01269340724236768,0.045414846834222665,15.550470548927299,0.024527829227359
2020-05-15,LYV,0.06395599340372955,0.019907445589447036,0.06919654845395332,0.021956787348859717,14.914356486003246,0.0129836924096417
2020-05-18,LYV,0.12046436989868327,0.16795567123394659,0.12664062046008534,0.14151862949379979,16.01383464173281,0.0389848269542544
2020-05-19,LYV,0.049788012492615594,-0.0002109128029837663,0.021904482513968905,-0.028127597829097,14.96040224241155,0.0135955143534293
2020-05-20,LYV,-0.01090047879844666,0.009657834340512088,0.01397385617930917,0.06179072524388584,15.182163533787795,0.0169709195751314
2020-05-21,LYV,0.03848698025262114,0.011839367483436024,-0.01576240644087838,-0.04718869889138637,15.025068038913421,0.0145037281158127
2020-05-22,LYV,-0.03585994840509801,-0.04002222309471412,0.01068337691345662,0.020865849270589275,14.436356364258591,0.0080501748685768
2020-05-26,LYV,0.09204531954378906,0.09427419036029165,0.08261095769286661,0.0665664061707407,15.504923668100856,0.0234357227308103
2020-05-27,LYV,0.01954841309388202,0.019944484710922097,0.0034591176492251067,0.03965411829437488,15.313413599244319,0.0193511405884096
2020-05-28,LYV,0.020898628719018226,0.003827038005511924,-0.015558109429640182,-0.05343347159741235,15.202255067752048,0.0173153398490033
2020-05-29,LYV,-0.07741306290364854,-0.05415214973133449,-0.016013661153165902,0.0030559569199102954,15.113929805545132,0.0158515536850477
2020-06-01,LYV,0.0115203403628792,0.028422868187402382,0.01828054737672572,0.03005635996759909,14.809947184314082,0.0116964432704847
2020-06-02,LYV,0.05897492777336052,0.03447622993673445,0.0282108885192741,-0.002569446415700547,15.267990754529178,0.0184918206588749
2020-06-03,LYV,-0.009298779409456365,0.0606023351102278,0.02782616268544514,0.06474879148732914,15.56108663743227,0.0247896059430531
2020-06-04,LYV,0.052508989155463405,-0.004106773840537554,0.023657214873873775,-0.008195214842835877,15.159628100954738,0.0165927495759303
2020-06-05,LYV,0.02462501912664718,0.04290250469404844,0.048781131581927976,0.06322847924023509,15.608885554857824,0.026003297988544
2020-06-08,LYV,0.048704368258500386,0.023044066123042765,0.014199880864514307,0.002279721618370555,15.343521688669426,0.0199426261592424
2020-06-09,LYV,-0.043134299604007054,-0.06594657081709113,-0.04938818084366285,-0.06644379924368998,14.934742460365678,0.0132510940795574
2020-06-10,LYV,-0.032228559373223546,-0.033660932327361885,-0.05234986166104452,-0.0177530374920357,15.02959239342111,0.0145694968113259
2020-06-11,LYV,-0.11623446163571233,-0.09444088584907688,-0.07400159557582837,-0.0946624798440191,15.460103429563928,0.0224085195522024
2020-06-12,LYV,0.038532937030199776,0.03830514214477382,0.021053409197832263,0.028496606024686216,14.813823943816322,0.0117418755930432
2020-06-15,LYV,-0.061662696096570366,-0.02677931420928852,-0.03217890821285115,0.005684192988243585,14.62221005953718,0.0096943922564076
2020-06-16,LYV,0.07871646266301845,0.03360658111234833,0.03446796570290669,-0.004056816076951518,14.89565366989571,0.0127431174444749
2020-06-17,LYV,-0.017053766566448036,-0.028393047804269184,-0.003539868037745735,-0.02469262809727078,14.587330739346696,0.0093620872685513
2020-06-18,LYV,-0.040821994520255166,-0.029016955353708244,-0.008168427413795325,0.0066445364029446095,14.79788898538543,0.0115562521037328
2020-06-19,LYV,0.026317283546611853,0.02541045363402875,-0.035970487623028846,-0.0381782401631298,15.214869455168506,0.0175351457524291
2020-06-22,LYV,-0.056991307121103486,-0.06660138022895425,-0.02673304232802151,-0.015820019287835888,15.219939734786836,0.017624279642401
2020-06-23,LYV,-0.0010746747400885777,0.02080753485980809,0.02302007159932139,0.02374388019291504,14.787160686416797,0.0114329357996455
2020-06-24,LYV,-0.013422997051512493,-0.028561194380886425,-0.06509303856008469,-0.05931896315325888,15.490923646552746,0.0231099080747481
2020-06-25,LYV,-0.05510919326241985,-0.03677609492725585,0.00790886081994151,-0.00022642074580523033,14.834538728235154,0.0119876428236453
2020-06-26,LYV,0.01326951163888291,-0.005398161401698405,-0.01847359742529954,-0.03572218254461185,15.132455108902176,0.0161479455036435
2020-06-29,LYV,-0.028118958798436733,0.014553072531152867,-0.003783401324647585,0.03843533699719508,15.182979069585192,0.0169847656162921
2020-06-30,LYV,0.035139741084374364,-0.0066905479445420486,0.02480242671144614,0.0009027514557480669,14.557638836845518,0.0090881952668415
2020-07-01,LYV,0.012336126493560428,0.07040908502450227,0.03474855757500844,0.037414404492226674,14.918878520468171,0.0130425380845746
2020-07-02,LYV,0.044471165289205555,-0.012380813777352222,0.0071174611259955806,-0.014445421679060344,14.374440968224924,0.0075668614943118
2020-07-06,LYV,-0.0023481835421089157,-0.012108479018385233,-0.011815961455630809,0.002202125409993226,14.888052961036818,0.0126466278451364
2020-07-07,LYV,-0.036122286938424925,-0.030377721423310473,-0.006750683455101475,-0.00928179412679365,14.679834505549566,0.0102694356533621
2020-07-08,LYV,-0.00466414839876016,0.022223146943715636,0.009214580081215432,0.022393920049383426,14.985885523109909,0.0139464249590953
2020-07-09,LYV,0.027013904904654974,-0.0036696893021170725,-0.028132564925212995,-0.022171957088847928,14.940992275230572,0.0133341703265214
2020-07-10,LYV,-0.027459165280177483,0.012892281324013453,0.027685027268947848,0.030388160139439627,15.03527826348765,0.01465257305829
2020-07-13,LYV,0.042726617372502725,0.00829173222864574,0.013118590528467422,-0.01693848949857261,14.933664328722012,0.0132368153496104
2020-07-14,LYV,-0.026160805638068066,-0.0006353654603221432,-0.007761482452051445,0.01629231220543999,14.748383442852013,0.0109980835694429
2020-07-15,LYV,0.06529120699495417,0.0985790859309316,0.075236373608846,0.11064710502219759,15.543122718410114,0.0243482633810564
2020-07-16,LYV,0.039631078183716084,-0.005969043937820894,0.02909962762020199,-0.019281962500341577,15.027064850044722,0.0145327182644928
2020-07-17,LYV,0.002954166841864211,-0.01009326255684983,0.0020035765954511116,0.003729564486865393,14.586082098237643,0.0093504046713219
2020-07-20,LYV,-0.004730895201229927,0.009900151564325436,-0.02759916742240756,-0.036512820700593515,14.72694994105274,0.0107648643136427
2020-07-21,LYV,-0.021772559665530433,-0.02562991468678151,0.007788542668329053,-0.0006097932800600388,14.383435160470649,0.0076352263225426
2020-07-22,LYV,-0.014851245027959578,-0.013366746027419331,-0.009642114521395389,-0.0038708130814293783,14.294412603608974,0.0069848950767769
2020-07-23,LYV,-0.004725217560861968,-0.016402136863775542,-0.024836894995702193,-0.02041521900400848,14.535494879237785,0.0088891584251568
2020-07-24,LYV,-0.012849974671334436,-0.007788542668329131,-0.0033869602273597635,-0.0016680953113547977,13.948642745917214,0.0049430366943629
2020-07-27,LYV,-0.0018791143500344882,-0.014925596511818842,-0.014093759840323272,-0.012177308287464345,14.455732059890593,0.0082076735867795
2020-07-28,LYV,-0.016222764725680457,-0.0002089219063571588,0.00514805242811511,-0.0010567312934366732,14.395881460612152,0.0077308505443086
2020-07-29,LYV,0.0023336553524956026,-0.004186750285901201,-0.009890489072422185,-0.0074287148490644024,14.185625479424706,0.0062649009364216
2020-07-30,LYV,-0.018824026490012965,-0.022058097079274436,-0.009989205583972356,-0.010063191801056411,14.247358556654833,0.0066638399973637
2020-07-31,LYV,0.007529313176107785,0.014054742289224448,-0.008768174001461206,0.007289915284020902,14.289569080009068,0.0069511453514478
2020-08-03,LYV,0.00042855063289205716,-0.005300552962522551,-0.010401718472871727,-0.0029953639218954385,14.323472685836355,0.0071908549390421
2020-08-04,LYV,-0.0012862032594522232,0.04061790685878693,0.03261034936769539,0.023086913212929112,14.491105088130562,0.0085032000278028
2020-08-05,LYV,0.03953418724692133,-0.0079927304021373,0.012837195794718828,-0.0025157022652151995,14.547061290969538,0.0089925710450756
2020-08-06,LYV,-0.02907849227560666,-0.02289378846916661,-0.03174872447417849,-0.0035747733968728725,15.2967061516446,0.0190305181977826
2020-08-07,LYV,0.0,0.010054536830234533,0.018911528679459638,0.0037847038443722058,14.620780786628394,0.0096805462152469
2020-08-10,LYV,0.018923981914242827,0.08218874681558276,0.03324816032367999,0.0640136774430899,15.033682377460462,0.0146292078638313
2020-08-11,LYV,0.08252310921726809,0.01826185599206283,0.06628144972253604,0.017367973074176847,14.998249817720039,0.0141199331623901
2020-08-12,LYV,0.005165013103306085,-0.010421681080897437,-0.010779119382712959,-0.00659940598081897,13.98195761226794,0.0051104872546498
2020-08-13,LYV,-0.027664019933958055,-0.009184900777309562,0.0025583221028005936,-0.0009741693546910709,14.079412869799512,0.0056336079972518
2020-08-14,LYV,-0.007086655952368568,-0.001539089025616835,-0.005518393886987665,0.003502636531248002,13.929643384149033,0.0048500086053145
2020-08-17,LYV,0.020337050697678088,-0.0054053950806523384,-0.01895312491382148,-0.011526945228662542,14.689269918499054,0.0103667906302731
2020-08-18,LYV,-0.016787445148056333,-0.012466063028094275,0.0030165474866495076,-0.011263822279711568,13.993908594475778,0.0051719290623004
2020-08-19,LYV,-0.0035496055496216992,0.019025996895522375,0.012769515159950983,0.024343598378316837,14.389086166890484,0.0076784952011698
2020-08-20,LYV,0.002564883905575478,-0.0046261008166574935,0.0011888524108254013,-0.00019400904282101963,14.221642776837895,0.0064946586819316
2020-08-21,LYV,0.014281755913961004,0.016858657657467396,0.010244385404590795,-0.008376406487973257,14.237440047883595,0.0065980713018504
2020-08-24,LYV,-0.0017497847085742389,0.027727508144295983,0.001762463036203734,0.056473539529329535,14.675739168967333,0.0102274648410938
2020-08-25,LYV,0.05249903665938219,0.01102551205593265,0.03574555387950529,-0.007608830355816499,14.644630336480805,0.0099141981598334
2020-08-26,LYV,-0.01300893220135754,-0.01807166120202124,-0.015026453044511433,-0.019564222926281963,14.452035004711513,0.0081773853717405
2020-08-27,LYV,-0.0016849232528562636,0.08486911981736601,0.015969923937569245,0.0841259949346543,15.672292962232538,0.0277054956737352
2020-08-28,LYV,0.07296973118923104,0.00901901433541849,0.07273288201797871,0.02500778412514162,14.94629990110603,0.0134051312874699
2020-08-31,LYV,0.022732160218369678,-0.005095106833176721,-0.006333599803324453,-0.03307374218696013,14.632467466024574,0.0097943433660362
2020-09-01,LYV,-0.04563660109940407,-0.012507651193633213,-0.014398993515135907,0.007017599428781409,14.428369709095096,0.0079861369282086
2020-09-02,LYV,0.00975443106867767,-0.0010350419071659207,0.010685805916794168,0.012163499208789234,14.39156252876136,0.0076975335077657
2020-09-03,LYV,0.023374518837093135,0.026232145256606904,-0.019136767081147695,-0.03158162560326094,14.756767425993429,0.011090678969705
2020-09-04,LYV,-0.017567167247558663,-0.02003803362585366,0.011668702760757543,0.026039531654832273,15.104715933141852,0.0157061702528605
2020-09-08,LYV,-0.016988603508266364,0.0039373421770982,-0.006445870486406899,0.003986477865419703,14.692478587484427,0.010400107666816
2020-09-09,LYV,0.034555770755824916,-0.006857522359250208,0.006802766602215868,-0.00990881083806567,14.83590938154069,0.0120040849975236
2020-09-10,LYV,-0.008136480889766356,0.02009604891724035,0.012235323056021635,-0.0054305356880343745,14.77849439958258,0.0113342827563757
2020-09-11,LYV,-0.009430686357792305,-0.032211128815015734,-0.006542375817233744,0.003681937797405892,14.080947788339607,0.0056422617729772
2020-09-14,LYV,0.012381343437713955,0.024764784706465252,0.011114184689358911,0.026253674827138848,14.22010929087781,0.0064847068398474
2020-09-15,LYV,0.01650087421150484,0.0032222946717042696,0.01445643599828908,0.0032337468299321243,14.545279404000379,0.0089765615599836
2020-09-16,LYV,0.004422499569386249,0.02689541220539548,0.014761627338340291,0.018852649757636394,14.829581507495144,0.0119283644599261
2020-09-17,LYV,0.007945291233294328,-0.007112700419011734,-0.013379252568395516,-0.023792564431584236,14.243846131756118,0.006640474802905
2020-09-18,LYV,-0.016467586134107638,-0.024875288613741737,-0.024472494663152492,-0.027176049805202943,14.884144966590004,0.0125973013235015
2020-09-21,LYV,-0.05127524486426331,-0.05240458639025099,-0.07341398825457184,-0.0695696123241677,15.341393150720313,0.0199002226581879
2020-09-22,LYV,-0.03595396556030686,-0.030592270757671812,-0.004389730278371603,-0.0009409850481698524,14.546580012916777,0.0089882441572129
2020-09-23,LYV,0.0016795777191274182,0.0011088073196082596,-0.018923128102078482,-0.03389506751142349,14.68252742870648,0.0102971277356835
2020-09-24,LYV,-0.054606080673730475,-0.03687398735547363,-0.02327062858790022,-0.008410813498063769,14.604877050397265,0.0095278070736932
2020-09-25,LYV,0.0001969506014147423,0.026476612733579204,0.013082443520769545,0.044750660136298144,14.371635115784763,0.0075456597437845
2020-09-28,LYV,0.06479686139698043,0.027792315963736377,0.04843376462025876,0.021737932640090996,14.241889440521794,0.0066274941393169
2020-09-29,LYV,-0.0003691483680735649,-0.01407573662208823,-0.00564440330561584,-0.02079924420463774,14.191410217142138,0.0063012467944683
2020-09-30,LYV,-0.010205102980077613,0.021490543120059043,0.008454738192822952,0.011010657877340863,14.292862745296725,0.0069740778571202
2020-10-01,LYV,0.013890398624801133,-0.016715471924108192,-0.009776360109399935,-0.0026017369456833614,14.067047961384375,0.0055643777914484
2020-10-02,LYV,-0.039963994414433233,0.0122007915695816,-0.015421559872285828,0.018254362371346346,14.12218684279764,0.0058798079166401
2020-10-05,LYV,0.056562640279139695,0.004874984045709849,0.03413818324461528,-0.0031109580862948723,14.411376166803153,0.0078515707156783
2020-10-06,LYV,-0.004896201001894682,0.020678095763095882,-0.002413462021166522,-0.006435662321781958,14.479641304174615,0.008406277739678
2020-10-07,LYV,0.003991319249444846,-0.012605565493445854,0.011642025066157607,0.011189708924056012,13.976439073423846,0.0050823624835422
2020-10-08,LYV,0.0003620647730817087,0.007298649917675879,0.003850726039252391,0.026106456272545535,14.237702325596542,0.0065998020569955
2020-10-09,LYV,0.030305362891982955,0.027983610967412077,0.038065618628426785,0.00990284594857436,14.275590737245548,0.0068546557521093
2020-10-12,LYV,-0.014503255306426318,-0.028161032453118667,-0.03715097047232316,-0.017573926342182147,13.949080324852495,0.0049452001382942
2020-10-13,LYV,-0.005179986796710751,-0.009446621958483007,-0.0012807557580499032,-0.02080960893848648,13.93062425632998,0.0048547681819635
2020-10-14,LYV,-0.024289759517509755,-0.0075499547914773925,-0.008642094864430077,-0.006052251737325099,13.790296334358526,0.004219148354931
2020-10-15,LYV,-0.015346549597373855,-0.014906651590872086,-0.030944832028163633,0.0001839110016275064,14.26970297112342,0.0068144156949861
2020-10-16,LYV,0.01846092734222224,0.01706964355840227,0.03168319463829614,0.004221343291834699,13.999248611053492,0.0051996211446217
2020-10-19,LYV,0.009104214680973824,0.007354950031266904,-0.007966699242461043,-0.01160549555562851,14.245343673138608,0.0066504266449893
2020-10-20,LYV,-0.01056857550619247,0.008187996652877342,0.00925761130359405,0.030473996836857573,14.504449395858895,0.0086174298673784
2020-10-21,LYV,0.008754379143964312,-0.012845872104890637,-0.00018428387643817205,-0.006310279177103892,13.993992251912012,0.0051723617510866
2020-10-22,LYV,0.013347991674089848,0.02482839970691349,0.024580181392102104,0.0274723106204064,14.266077130584728,0.0067897524341686
2020-10-23,LYV,0.024425944507559923,0.01132123065525409,0.007347042441799371,0.005789962863288944,14.283011683558112,0.0069057130288893
2020-10-26,LYV,-0.02192058552041416,-0.02294926591509218,-0.05693786222234403,-0.04710336384010925,14.487741000837474,0.0084746425679089
2020-10-27,LYV,-0.03974274905907574,-0.04568495075593192,-0.02081618478731302,-0.050396081305249946,14.6229239306629,0.0097013152769879
2020-10-28,LYV,-0.0595790577734226,-0.062179345071628596,-0.057794297813316325,-0.048404450164706826,15.049090998290824,0.0148563694766237
2020-10-29,LYV,-0.03188879767891039,-0.013113636133383684,-0.0077997331679501205,0.005450637172746386,14.573134226487774,0.0092301171887385
2020-10-30,LYV,0.006904985886840749,-0.0010004850595205779,-0.0116062973023551,-0.017670795029763493,14.49759729672584,0.0085585841924455
2020-11-02,LYV,-0.00040486757472308775,0.010554688796113697,0.012430209113246047,0.028882151423505118,14.351712073027686,0.0073968148013072
2020-11-03,LYV,0.03423222252737165,0.066851150083991,0.04646388995025948,0.06007407296593226,14.886203709405152,0.0126232626506778
2020-11-04,LYV,0.036311728830013046,0.03674477409004575,0.030390409363642238,0.02572547517725749,14.832153645572658,0.0119590853637514
2020-11-05,LYV,0.04302337645123933,0.013658689381768766,0.04528865349203124,0.030588940597299018,14.496383213823817,0.008548199661575
2020-11-06,LYV,0.011857843335414902,-0.0037066336498292707,-0.03203086938349781,-0.006935199583250833,14.912722199517354,0.0129624906591144
2020-11-09,LYV,0.18547190721863793,0.2514912775848543,0.18841764973111566,0.13842659380174202,16.508548706621003,0.0639362585033731
2020-11-10,LYV,-0.07148646254552078,-0.10441363130255829,-0.026529212427232333,0.013886992291740015,15.571832986912339,0.025057440301755
2020-11-11,LYV,0.0399865485208582,0.0015252973064960435,0.0035143391547894595,-0.024351781078161154,15.108345800009351,0.0157632851726483
2020-11-12,LYV,-0.0380760411270491,-0.03489537552026346,-0.01948373514307357,-0.02302963598337043,14.949136324333576,0.0134432079006618
2020-11-13,LYV,-0.0006363898478471395,0.04761698209438346,0.020121403199421028,0.05986825008459753,15.221460721876664,0.0176511063471498
2020-11-16,LYV,0.09164277121618157,0.045452400511565474,0.052917528055859336,0.03333638809106827,15.479531537544654,0.022848131359054
2020-11-17,LYV,-0.028428165101859644,-0.007071215693545389,0.009776627327105311,0.006710442242726915,15.059838335773115,0.0150168970163304
2020-11-18,LYV,0.036239587827309315,0.028130556195852675,0.0029891604694996165,-0.024878040266413277,15.28864776103923,0.0188777790562289
2020-11-19,LYV,-0.037435608776948154,-0.036711860518633246,-0.007790365578592359,-0.002686459463176101,14.279182308106979,0.0068793190129268
2020-11-20,LYV,-0.0028461529058117136,-0.021109357570296552,-0.022664258390128186,-0.009007808963888185,14.549080133215096,0.009010743974099
2020-11-23,LYV,0.008960610256182637,0.02693520461546585,0.026567027384721706,0.02956913269570464,14.560253962024113,0.0091119931500865
2020-11-24,LYV,0.03706831541687545,0.02396266713847792,0.030685425732480637,0.014679349447038479,14.753563173009297,0.0110551984892307
2020-11-25,LYV,-0.01022410399399446,-0.02062818441672457,-0.023520096599817592,-0.014825804325987577,14.013706284124156,0.0052753416822192
2020-11-27,LYV,-0.00959862007170551,-0.004060901761801127,-0.002830156582760264,-0.015643729966438612,13.603308183087238,0.0034995869033619
2020-11-30,LYV,-0.025006888109105112,-0.022932029252040496,-0.03213375538865724,-0.02378200242158321,14.631892994886774,0.0097887184118147
2020-12-01,LYV,-0.002700681481808388,0.03046072088316265,0.020279750424727218,0.03678643022305042,14.84312833033327,0.0120910554435641
2020-12-02,LYV,0.01624361733911579,0.015173459583930867,0.009315012273011273,0.025941616854730204,14.788748948137656,0.0114511087286689
2020-12-03,LYV,0.04041394111509102,0.006231466667889342,0.027144258579127924,-0.009775815226899553,14.452722634958581,0.0081830103259621
2020-12-04,LYV,-0.011709396453036956,-0.008649477492664532,0.011575922126630493,0.011205386207039137,14.626618980523132,0.0097372284462484
2020-12-07,LYV,-0.0017251692635946322,-0.001282564739601159,-0.014636912576921485,-0.0010004959695655547,14.583348148171147,0.0093248760329319
2020-12-08,LYV,0.001437792846079661,0.006821162787571689,0.006547814710683374,-0.0005721773237872916,14.742029205923627,0.0109284206748532
2020-12-09,LYV,0.02146343706180328,0.010425536364778698,-0.004943254380107274,0.00528010848632075,14.501281097887254,0.0085901704738433
2020-12-10,LYV,-0.022325842733436175,0.015023259883607806,0.011448583900730521,0.029036328934148568,14.646287409223024,0.0099306403337117
2020-12-11,LYV,0.02415228868987662,-0.006510186061017341,0.004026447424436337,-0.019545526659988027,14.77309715606375,0.0112732736375114
2020-12-14,LYV,0.009221857514168983,0.03132738132320249,0.008431580508251458,-0.008210717645910852,14.745586239332974,0.0109673626656176
2020-12-15,LYV,-0.02008918128799864,-0.0071636283225440895,0.0015641754362280956,0.03930271400069704,14.987032791914599,0.0139624344441873
2020-12-16,LYV,0.0359570753117552,-0.0012216352821259185,0.025253910574222743,-0.0025999988649795477,14.356089722290625,0.0074292664602775
2020-12-17,LYV,0.002597510665776564,0.008923851409271509,0.004561509402060056,0.013609354774243911,14.403242221353837,0.0077879654640964
2020-12-18,LYV,0.01194374783426932,0.0021513526519041245,0.008240651808939875,-0.0074622561610095456,15.242539149753286,0.0180271129024196
2020-12-21,LYV,-0.044414983413395226,-0.01857296157402596,-0.03890891561651834,-0.017169572176903573,14.712904260364732,0.0106147213048066
2020-12-22,LYV,0.020797704813969357,-0.006176734763294398,0.013278941118557376,-0.0023579755161026762,14.429344473076336,0.0079939253263615
2020-12-23,LYV,-0.005124348264017325,0.005902966148686112,0.004480540762750082,-0.00529108564418156,14.428261343310618,0.0079852715506361
2020-12-24,LYV,-0.0012503834876557154,-0.014059454934327814,-0.003218408381398207,0.00013962639046657399,12.852654809442695,0.0016520057859836
2020-12-28,LYV,-0.0020875594086544737,0.04783784197795687,0.0053117944009019435,0.04155875408716044,14.650591668252272,0.0099734765235526
2020-12-29,LYV,0.043882244823022755,-0.0030482213381852635,0.03358545923751662,-0.002278949523945952,14.46872128929297,0.0083149804057748
2020-12-30,LYV,-0.01005033585350145,-0.0033238083139341813,0.0009432015073742423,0.0008049042272076805,14.02496159317616,0.0053350527347246
2020-12-31,LYV,0.0016148939637159953,-0.0032012548623764946,-0.014925629357087281,-0.014724971431308437,13.926605500324047,0.0048352971865813
2021-01-04,LYV,-0.013537501485948723,-0.014262857002337414,-0.04473149084193525,-0.038992177239087544,14.672051710061016,0.0101898209166882
2021-01-05,LYV,-0.04345486194672103,-0.009258068823850966,0.004279650730068744,0.018644990223221827,14.311426178007723,0.0071047498705741
2021-01-06,LYV,0.034556158441714606,0.018699694856475588,0.020709357543477292,0.008574284791423081,14.782760908562446,0.0113827439004381
2021-01-07,LYV,0.0026093873905742816,0.0,0.006531900212911647,0.005356043519938455,14.119534127847855,0.0058642311203344
2021-01-08,LYV,0.004106157106911172,-0.005789316989882329,0.00635184504919835,0.006144580601167306,14.630566031372425,0.0097757377482266
2021-01-11,LYV,-0.010021303103023693,-0.0008104493160485896,-0.015536485964760822,-0.01674714839115134,14.66060642431255,0.0100738603219675
2021-01-12,LYV,-0.001104387582685848,-0.005555996029345567,0.002652740702650738,0.015521290623143265,14.43834310103218,0.0080661843536688
2021-01-13,LYV,0.014534707461238364,0.011215601139315915,0.018374514215662833,-0.0006817513513166862,14.587099627108781,0.0093599238246199
2021-01-14,LYV,0.004888665539215402,0.00989452495530331,0.002734067924181369,0.00013640826651076138,14.566549688816066,0.0091695407586605
2021-01-15,LYV,-0.012678246447276121,-0.030119142088799043,-0.033595582280245465,-0.02429383958928248,14.368648840658064,0.0075231599268984
2021-01-19,LYV,-0.028104195443145342,0.06720874550894732,-0.0063735727485289455,0.06713750447249164,15.642910782243307,0.0269032906639882
2021-01-20,LYV,0.076835553293803,-0.012254225315968531,0.04568654297149814,-0.03740367442733049,14.978974131354326,0.0138503680485431
2021-01-21,LYV,-0.03700180965125197,-0.030439205898443487,-0.008451455866905322,0.011596583338902454,14.361085953565492,0.0074664776958969
2021-01-22,LYV,-0.0033955890011381604,-0.005366279867702198,-0.014200368363397357,-0.03145895203505618,14.796765095529704,0.0115432714401447
2021-01-25,LYV,-0.024934104298964654,-0.032121924800255414,-0.05186346756489611,-0.0434021012099756,15.086282108443696,0.0154192975875627
2021-01-26,LYV,-0.025714890045577508,-0.025178923247791127,-0.012508418534408147,-0.007396192818728025,14.73220160969974,0.0108215465446442
2021-01-27,LYV,-0.03302845139750379,-0.002567399975408851,-0.017477450990467595,-0.0026235303428991845,14.843593438133963,0.0120966803977856
2021-01-28,LYV,0.03488728157261399,0.007682509514084359,0.025001306463557107,0.009586183456459943,14.610898843876795,0.0095853546822672
2021-01-29,LYV,-0.019911164593086516,-0.02395235635280127,-0.03226091736462501,-0.04026206868672444,14.888668619086959,0.0126544162432893
2021-02-01,LYV,-0.01808744755515176,-0.010213058409749114,0.005600601247573396,0.016566316569111048,14.670266679107645,0.0101716479876648
2021-02-02,LYV,0.022159570264775115,0.05353450986862175,0.035294252034073374,0.04089303706566343,14.993026752270804,0.0140463760687239
2021-02-03,LYV,0.02804990788491526,-0.0004170841634885793,0.028442069271832224,0.014948877874060348,13.930267686845518,0.0048530374268184
2021-02-04,LYV,0.018733895579854703,0.05149485198197062,0.01782623753246313,0.04889672916409566,14.850899371553702,0.0121853815989712
2021-02-05,LYV,0.040179219638777575,-0.0037051621113062512,0.024461937028608785,-0.009105584299080708,14.53002825368864,0.0088406972810944
2021-02-08,LYV,-0.002131109733132992,0.017478621058140655,0.008920129666033604,0.027202673955850184,14.17723343960011,0.0062125455932827
2021-02-09,LYV,0.017446909605086203,0.020246995785813366,0.013365609337885914,0.01468413471508516,14.42201047705467,0.0079355123402149
2021-02-10,LYV,0.019463440493451143,0.03116999527836313,0.018155968847743696,0.026854947499139952,14.883870147033075,0.0125938398132113
2021-02-11,LYV,0.029750893580362855,0.02770333101389722,0.034218829122599416,0.017551999460102784,15.059723075317496,0.0150151662611853
2021-02-12,LYV,0.010670084192593663,0.0135096471223775,0.01872246336308714,0.03789567023158521,15.232746502706794,0.0178514412551934
2021-02-16,LYV,0.0479494803506295,0.029370883597764092,0.035709341909905726,0.009930380289193123,15.071611093438552,0.0151947321074879
2021-02-17,LYV,-0.004952908734973914,-0.014402082045195982,-0.00790607899070899,-0.0017660747918021764,14.590744970118234,0.0093941062387353
2021-02-18,LYV,0.0023616090900378086,-0.008104847609015725,0.002402366900061852,-0.0048432398496831945,14.374040613848766,0.0075638326728079
2021-02-19,LYV,0.0007073515834854737,0.04496954880227569,0.016657155370642284,0.042199370432392726,14.698782520809255,0.0104658763623292
2021-02-22,LYV,0.03520105193507651,0.029879435162642687,0.02849854965715097,0.00859055987766775,15.115647995127366,0.0158788130785827
2021-02-23,LYV,0.01524331999423398,-0.010118852149516726,-0.011766160188874905,0.016520114005468826,15.415484023484485,0.0214306428952293
2021-02-24,LYV,0.007257348169031056,0.026292941433498005,0.036906214599983424,0.001769672323198353,14.828274792719995,0.0119127876636204
2021-02-25,LYV,0.013041744433399942,-0.018365117230142496,-0.042958335389909896,-0.03680564734537705,14.99579530246771,0.0140853180594884
2021-02-26,LYV,-0.025016591800659047,-0.0016464690249568942,-0.004797898775283224,0.018628427966150468,14.734597776023477,0.0108475078718205
2021-03-01,LYV,0.0253459410883526,0.03476171722082211,0.06296104130405036,0.044030884788140524,14.601875275733109,0.0094992496137992
2021-03-02,LYV,0.010808532450221899,-0.015611941096372648,-0.010518887800060682,-0.02496996014723497,14.45768070990885,0.0082236830718716
2021-03-03,LYV,-0.03244595854163115,0.019635636263960903,-0.011531040887421516,0.012944457917324428,14.81757560197876,0.0117860098492429
2021-03-04,LYV,0.029291969444984096,-0.009556176922382397,-0.0011266165681515397,-0.006670707795800366,14.974622284143003,0.0137902243072514
2021-03-05,LYV,-0.00010896166484241357,-0.018955894385879524,-0.0263849187413977,-0.014700478640146113,14.887128762687373,0.0126349452479071
2021-03-08,LYV,-0.0031643969236752204,-0.001523388622402731,0.026948428661238193,-0.004575601251268194,14.334364468619983,0.0072696042981434
2021-03-09,LYV,-0.014974961790124548,-0.01635877187555096,-0.017273205285278818,-0.024228507070790776,14.537099898134896,0.0089034371551037
2021-03-10,LYV,-0.023686358885435462,-0.010683376913456407,0.0028615598547151754,0.0103745561549402,14.475101472058325,0.0083682011264862
2021-03-11,LYV,0.014323870450756894,-0.0008953907193639343,0.0034231326654036087,0.006894637324520928,13.979074790941956,0.0050957758359166
2021-03-12,LYV,-0.011034942983228964,-0.0028034780508415973,-0.011801898785753497,-0.010189169393504791,14.526645484625261,0.0088108417548417
2021-03-15,LYV,-0.003402555828803734,0.014603654348637085,0.011346151765005127,0.025613694086783958,14.568576699656003,0.0091881463764702
2021-03-16,LYV,0.024687122265903985,-0.001439695143874485,-0.017009988169434716,-0.024135441691106502,14.418788281111054,0.0079099837018249
2021-03-17,LYV,-0.03484992079015417,-0.02798413181980723,-0.0069791895739357524,-0.015111903615269554,14.35305659060987,0.0074067666433914
2021-03-18,LYV,-0.008876612006256827,0.024764937096607438,-0.010678925999221375,0.013747460589021482,15.253899379952125,0.0182330727646847
2021-03-19,LYV,0.012656922802686722,-0.02453696817868629,-0.004611837871836069,-0.037206575761524814,14.838429361807217,0.0120343732125626
2021-03-22,LYV,-0.03230208564628429,-0.020956433553594202,-0.008450910943776398,-0.004734875418447467,14.47168302123285,0.0083396436665923
2021-03-23,LYV,-0.010088489378294338,-0.024858446262872227,-0.030708237234884302,-0.031825243986577566,14.515633848784852,0.0087143521555032
2021-03-24,LYV,-0.020122350299040203,0.0008346711677956385,0.00491826314949146,-0.0011029639765651913,14.238619756252351,0.0066058597000033
2021-03-25,LYV,-0.021778827445712984,0.0048748213170542905,-0.029626230097038794,0.027455272367133625,14.607235754947814,0.0095503068905793
2021-03-26,LYV,0.04559228816088698,0.023908333944735117,0.040968510570730275,0.0026212480146684115,14.982653700294424,0.0139014253253231
2021-03-29,LYV,-0.008713820749935266,-0.028187439750364883,-0.012692395590240926,-0.027627077093384276,14.256086020185315,0.0067222529835103
2021-03-30,LYV,-0.018025111218983786,0.0013094533618946656,-0.007396464711494473,0.021061028841883326,14.110044850243836,0.0058088469556916
2021-03-31,LYV,0.02531168684779724,0.013705361862549314,0.034775548089216644,0.013798287985638244,14.496585663362696,0.0085499304167201
2021-04-01,LYV,0.017461550155461653,0.033803763758001454,0.015298263418182745,0.03960682274733345,14.509857518500295,0.0086641602562957
2021-04-05,LYV,0.04314907164428091,0.014528110549463746,0.024758598958021804,-0.005921855763043907,14.318223966507022,0.0071532110146365
2021-04-06,LYV,-0.01865613385472406,-0.000447337455905183,0.004353367842537438,0.015639453254015098,14.40762174750483,0.0078221478782118
2021-04-07,LYV,0.014277800696964668,-0.005833584818229069,-0.010341371019755744,-0.025626366654313386,14.064946222473267,0.0055526951942191
2021-04-08,LYV,-0.025294655859114726,-0.02011541959175922,-0.009282998304429115,0.003684938465708057,14.068757229371602,0.0055738969447464
2021-04-09,LYV,0.005982491740650454,0.0028658241457432195,-0.00748891162690088,-0.011560822401075971,14.18886630057473,0.0062852373093763
2021-04-12,LYV,-0.01642222807887633,-0.015922768871893797,-0.013123089818072229,-0.013108834306192802,14.10339336026847,0.0057703376537135
2021-04-13,LYV,-0.019546173396618648,-0.02187036662606641,-0.025430724473679292,-0.02638170483169287,14.9258540989539,0.0131338354184779
2021-04-14,LYV,-0.012563676029943214,0.006280743119624685,-0.0020773291620928953,-0.007527902385643274,14.682275274997288,0.0102945316029658
2021-04-15,LYV,-0.00555430932354153,-0.019323153032897767,-0.019391698756868393,-0.02218209271985346,14.662365891879652,0.0100916005622046
2021-04-16,LYV,-0.024017808848883097,-0.01590318868493531,0.0041073158251230535,0.009178901874300803,14.460255524092556,0.0082448848223989
2021-04-19,LYV,0.004331497424965516,0.008772000749547341,-0.0008698315905169861,0.0072584924498828585,14.90773616177663,0.01289802002996
2021-04-20,LYV,0.00012341182655173136,-0.013801805442756835,-0.034270268825869074,-0.039122716055941385,14.718432727482885,0.0106735669797395
2021-04-21,LYV,-0.036719807661228496,0.00024599449873210745,-0.0037378519344866226,0.035438528533310816,14.75988366288877,0.0111252940726067
2021-04-22,LYV,0.04324249151200699,0.006861901136213036,0.03127239737484196,-0.003697716753804137,15.081020790901144,0.0153383847845299
2021-04-23,LYV,0.0033066502053123005,0.003413373830572281,0.01540017838651121,0.009830447951951243,14.089424026728215,0.0056902902282533
2021-04-26,LYV,0.007551835272456364,0.013538255279934042,0.011152804473880626,0.010219115202341589,13.842153462620056,0.0044437138350058
2021-04-27,LYV,0.007495140359013213,0.000960060427717187,0.00012180253258324596,-0.004123765263374911,13.73538559690802,0.0039937174972837
2021-04-28,LYV,-0.007616518138612822,0.0015580664897995912,0.0019479390539608181,0.001700053745733659,13.709817764886198,0.0038929010100825
2021-04-29,LYV,0.007496046756278582,0.004540541432726217,-0.005121315400269509,0.0023026422682375794,13.620104977426395,0.0035588652670811
2021-04-30,LYV,-0.012118423153971929,-0.012838375725949988,-0.0029383651438671535,-0.00887601871366684,13.757034688425263,0.0040811206321105
2021-05-03,LYV,0.007530738390035331,0.0019303138251919186,-0.0001225492834411815,0.00329213580848222,13.7559739065933,0.0040767937442478
2021-05-04,LYV,-0.011317435233693171,-0.01066294963951158,-0.03862743737625321,-0.0355609884332118,14.277734629772432,0.0068693671708425
2021-05-05,LYV,-0.02628797138644505,-0.028919420084312617,0.0030541875335642556,-0.006453703526039869,14.280313813676843,0.0068871074110796
2021-05-06,LYV,-0.007567175673565245,-0.0022596081108225263,-0.0493556747996767,-0.04744529963572683,15.206494157400762,0.0173888969426695
2021-05-07,LYV,-0.06040306407070579,0.010003872844714696,-0.012087193773126163,0.06243962671978224,14.912321558620116,0.0129572983936792
2021-05-10,LYV,0.0991416480927313,0.06000222844901518,0.08442952257563507,0.03803671062693952,15.165763406911653,0.0166948641294903
2021-05-11,LYV,-0.011144609569630329,-0.03311796268590574,-0.00785389877950165,-0.013453940858749668,14.880807674726615,0.0125553305112332
2021-05-12,LYV,0.014184679985958041,-0.00036342334838572595,-0.026377408234739094,-0.050554906603450814,14.729037875122673,0.0107873641305288
2021-05-13,LYV,-0.05208602530205461,-0.0119454823246247,0.004615400633462921,0.04173031704201833,14.719729113462378,0.0106874130209001
2021-05-14,LYV,0.05487469921348121,0.0516181901807982,0.051964573826147074,0.054734363673048916,15.066300438343742,0.0151142519932414
2021-05-17,LYV,0.03134759891411299,0.007309857268090558,0.009186600814377598,-0.015030889031957883,14.759611379506993,0.0111222652511028
2021-05-18,LYV,-0.005176510869893816,0.026016971718301817,0.018241921990006005,0.02995387162470475,15.510263592894773,0.023561202478829
2021-05-19,LYV,0.004707016551772753,-0.015780533000909237,-0.0046183916663701625,0.0024084731477542155,14.840117792259369,0.0120547095855173
2021-05-20,LYV,0.028470839685178443,0.025978454695180692,0.033268297107284385,0.012182078807702702,14.777272046102278,0.011320436715215
2021-05-21,LYV,0.020554080007810258,-0.00033452777870904174,0.009256739180814363,0.01002090652340464,14.731161485207089,0.0108102966362012
2021-05-24,LYV,0.0022331918009255726,0.025981128675145834,0.004766215966173909,0.027186988164924063,14.636259523219948,0.0098315546016556
2021-05-25,LYV,0.03678970813595327,0.011345986671783307,0.010697663473506815,-0.014828086992226746,14.97037746328178,0.0137318113211047
2021-05-26,LYV,-0.0230544697378715,-0.018106399764005365,0.006920473490392742,-0.0007748900877882098,14.050978649168504,0.0054756765902628
2021-05-27,LYV,-0.0013210343882889876,-0.004385988637771691,-0.011410844021407466,0.0024332894616360783,14.495421018404684,0.0085399785746359
2021-05-28,LYV,0.0043965945507645,0.0054794657646255705,0.011855694058157678,-0.004539630659991293,13.898196845223223,0.0046998655964784
2021-06-01,LYV,-0.0008777906158365501,0.0067531324862716065,0.0037731299406394215,0.02043129716709513,14.251052780568918,0.0066885032581811
2021-06-02,LYV,0.009069633678898644,0.0033594998106353316,0.0004429780345451897,-0.011592403770880189,14.609091588068061,0.0095680471308164
2021-06-03,LYV,-0.01910883794811168,-0.014384030153553072,-0.017197530806442696,-0.009727111855029398,14.414677224322647,0.0078775320428546
2021-06-04,LYV,0.002989170681693976,-0.0006587347338291153,0.0031488868243702743,-0.008813588935242993,14.001990954782066,0.0052138998745687
2021-06-07,LYV,-0.01167518022306303,-0.0007691006516533452,0.0014586805707038077,0.00514138941662978,14.02803876535313,0.0053514949086029
2021-06-08,LYV,0.006021352763436362,-0.01116344404242887,-0.014455347530639715,-0.004581225260384493,14.15169775396527,0.0060559122526525
2021-06-09,LYV,-0.005574150631457674,-0.005796519159102856,0.002045372028771602,-0.012622761450924593,13.89413780280432,0.0046808272898825
2021-06-10,LYV,-0.011694648998212159,-0.008081687157439833,-0.02715611570163115,-0.013243669202130597,14.55711499014156,0.0090834356901926
2021-06-11,LYV,-0.012749207604003108,-0.007466139328157461,0.014705256806873448,0.005158456387335527,14.033521761283492,0.0053809177460694
2021-06-14,LYV,0.00022905662461153675,-0.00272880057547846,-0.01423886279103946,-0.01219384204617421,13.986182015116244,0.0051321216939634
2021-06-15,LYV,-0.0049371512881000905,-0.003992914594446577,-0.0031528799208297696,-0.005105632346956156,14.114504163126348,0.0058348082828679
2021-06-16,LYV,-0.010064231171722513,-0.00034306761485577547,0.0028030603119019665,0.014551615286610309,13.819204726115036,0.0043428973478046
2021-06-17,LYV,0.010754660241763959,0.0027407290651571326,-0.011731716265437432,-0.021556062266478496,14.092081884041148,0.0057054343357728
2021-06-18,LYV,-0.03214207529381309,-0.021206326062888525,-0.014142428421651178,0.0035084007950887245,14.5241870324373,0.0087892073155281
2021-06-21,LYV,0.03053047847646422,0.0377187918553034,0.027971317881868473,0.03892425754159639,14.242215821720956,0.0066296575832482
2021-06-22,LYV,0.023792986562410363,0.03742871056864922,0.0181078672519234,0.027247218471199854,15.609401254513138,0.0260167113409184
2021-06-23,LYV,0.028830009954896218,0.015545710276345631,0.0417497079642025,0.004578725980718169,14.54835958591386,0.0090042536423049
2021-06-24,LYV,0.013570202586585926,-0.012524899133346824,-0.000987156296651666,0.0005436353342209239,14.226825853639477,0.0065284084072608
2021-06-25,LYV,-0.00801127887965614,0.005800240775285438,0.0052534143207459885,0.00660927290731465,15.139158207346211,0.0162565503889976
2021-06-28,LYV,0.008226958367941982,-0.006554588494960327,-0.05924749497726603,-0.047662263890921125,15.22793576521335,0.0177657688755117
2021-06-29,LYV,-0.04938867413394377,-0.03298750804859395,0.01185905803386631,0.002149714431012495,14.451082120019448,0.0081695969735877
2021-06-30,LYV,0.0020366640101888503,-0.010416180940322433,-0.0038991329710284586,-0.010109781348728576,14.804903413438918,0.0116375975955518
2021-07-01,LYV,-0.0021499577323212376,0.0046054971051253885,0.011083941703018014,0.011352148720889214,14.381563298482673,0.0076209475925957
2021-07-02,LYV,0.0038440292032378654,-0.00449289213856048,-0.019043866765855944,-0.014783023850611534,14.363459119166784,0.007484217936134
2021-07-06,LYV,-0.007134449384780121,-0.00950130401526679,-0.024741755530708898,-0.02717310704182459,14.531788644480475,0.0088562740774002
2021-07-07,LYV,-0.0458112512159022,-0.034571890889047455,-0.019662628699849725,-0.01601931035525964,14.319674642867163,0.007163595545507
2021-07-08,LYV,-0.027012440480249245,-0.02236587665576912,-0.016603885092651906,-0.01810550396574733,14.195111384012062,0.006324611988927
2021-07-09,LYV,0.016847855464168483,0.012315558935112485,0.020350402158368495,0.018823011915002515,14.300341837254456,0.007026433200259
2021-07-12,LYV,-0.002527218277842304,0.00675077693216824,-0.00787169090202724,0.008687894149593664,13.993322796380276,0.0051689002407965
2021-07-13,LYV,0.013167517425387512,-0.007345166866551331,-0.012971272700844,-0.03141620392753911,14.536176110989482,0.0088952160681646
2021-07-14,LYV,-0.026022382416367142,-0.02102811074081882,-0.008286557863727968,-0.010324530398945424,14.271479282079406,0.0068265309810017
2021-07-15,LYV,-0.01748380103294159,-0.014186321149820493,-0.023116561681355362,-0.012556914154914339,14.476083409147515,0.0083764222134253
2021-07-16,LYV,0.02865029860958674,0.02120476519839515,-0.009706361564436522,-0.017670553613600305,14.912254769529019,0.0129564330161066
2021-07-19,LYV,-0.082620960725911,-0.08096756950692753,-0.04851420948225479,-0.048796503397482385,15.143725757957089,0.0163309728602362
2021-07-20,LYV,-0.011470823952089449,0.013248623723196289,0.0036306990326510475,0.028991317098218533,15.094080778932149,0.0155400177589323
2021-07-21,LYV,0.03274269505791398,0.043430233251578666,0.043727859112118184,0.03835111913078023,14.714411357651237,0.0106307307898986
2021-07-22,LYV,0.02258691167048876,-0.009558812395669377,0.006148293089039095,-0.015113599082157876,14.110342757226075,0.0058105777108367
2021-07-23,LYV,-0.002764087585785873,-0.008140837081852577,-0.009236771879027572,-0.013929098151905427,14.176606415248932,0.0062086513942063
2021-07-26,LYV,-0.022392819704159142,0.033876468638169205,0.0015454317321748684,0.05592802972894972,14.813934487836722,0.011743173659402
2021-07-27,LYV,0.04663111901108571,-0.0037757208209548004,0.01722308954829747,-0.023266875569418546,14.634056588991145,0.009809920162342
2021-07-28,LYV,0.0017177843444674398,-0.0017098122673599946,-0.00151892582604959,-0.0009969076346459515,13.97831029803107,0.0050918816368402
2021-07-29,LYV,-0.015318370591335666,0.004147407374366396,0.011211295432565537,0.0063382072033349255,14.233760918629496,0.0065738407298192
2021-07-30,LYV,-0.003366849910158604,-0.00231555085729648,-0.015273241666015711,-0.022931921797781942,14.207350598303062,0.0064024959704558
2021-08-02,LYV,-0.010168910312330052,-0.011411870792477952,0.0035550922626154838,0.0029112526583304167,14.242933485612358,0.0066344171598972
2021-08-03,LYV,0.001890974713318339,-0.01730296987569092,-0.033377287882957796,-0.01003502727327906,14.916553556728228,0.0130122498695356
2021-08-04,LYV,0.013386071857000349,0.03987727383979698,0.029313278123830024,0.014700505955509225,15.237437712961544,0.0179353828797301
2021-08-05,LYV,-0.013638046573218657,0.022665906154100572,0.010129175322386188,0.0641925578925664,14.717946149128698,0.0106683747143042
2021-08-06,LYV,0.07286543640640977,0.01614642382571182,0.05406726679715618,0.007639474231493768,14.47685794212996,0.0083829125452194
2021-08-09,LYV,-0.009295836137439693,-0.014260921723882807,-0.015030644135287265,-0.024894672153140018,14.277545647560764,0.0068680691044837
2021-08-10,LYV,-0.01957803317733649,0.004932460515980565,0.002299298362712285,0.005267610023438895,14.606011737397626,0.0095386242933499
2021-08-11,LYV,-0.0024139655889512247,-0.013563945973875245,-0.012283548892019918,0.0002387373873221437,14.392517664966157,0.0077048892171323
2021-08-12,LYV,0.012012156448003434,-0.0019017720064838717,0.007072359876869091,0.0029799176947549752,14.224569865857625,0.0065136969885275
2021-08-13,LYV,0.004051439589750296,0.0033257991360573073,-0.009522797028715696,-0.029470669452943868,14.109001476355305,0.0058027893126839
2021-08-16,LYV,-0.04028204240236112,-0.028140432746201583,-0.034189205687534044,-0.0054081060782110064,14.541851189555803,0.0089458406561583
2021-08-17,LYV,-0.008454611281901687,-0.014249056154407705,-0.004070212934978601,-0.007173832151231614,14.647767729294673,0.0099453517524449
2021-08-18,LYV,0.011174707273762954,0.01984380559326126,0.024549662990324312,0.0038407429657924797,14.088206649432147,0.005683367207673
2021-08-19,LYV,-0.014050554606581566,-0.024431856849193443,-0.028636510287092007,-0.017085939410372494,14.640300285903182,0.0098713619699925
2021-08-20,LYV,-0.012474147043778916,-0.0019904961858063673,0.0021731957707467105,0.008766455160338768,14.564376700183129,0.0091496370744921
2021-08-23,LYV,0.027758641561351223,0.04123034500637971,0.029443545904309868,0.0396043631313144,14.559256266617552,0.0091029066855748
2021-08-24,LYV,0.036446945039859596,0.029089976722272752,0.03664218629678991,0.02719159630267701,14.850260008280888,0.0121775932008184
2021-08-25,LYV,0.021642857919836386,0.017603845994445075,0.022223103713906425,0.0017479644173163762,14.333888193369136,0.0072661427878533
2021-08-26,LYV,-0.005835002968717463,-0.01505340158788929,-0.01769122663093043,-0.013361654411373186,14.452246633614674,0.0081791161268856
2021-08-27,LYV,-0.003987386137489258,0.010824550767832218,0.012534130778159328,0.025052303569807345,14.089195881343862,0.0056889921618945
2021-08-30,LYV,0.031006652704789042,0.005368694493483802,0.008891052256191623,-0.003804718127875576,14.11287138974355,0.00582528912957
2021-08-31,LYV,-0.01851160235134932,-0.0092704247161113,-0.0058404557612771356,0.0015005168849520497,14.785683609804986,0.0114160609369809
2021-09-01,LYV,0.006938833115329991,0.0026410502801265923,0.0074696821096868924,-0.0039292358733107715,13.720211478098344,0.003933573755992
2021-09-02,LYV,0.0032218001540493075,0.0035488010413012826,0.0041773164606249726,0.0038139523289057436,13.714143170259746,0.0039097758727471
2021-09-03,LYV,-0.01132178615601196,-0.007340317070030982,-0.01634406599648512,-0.007061447358018342,13.520335147113114,0.0032209353250032
2021-09-07,LYV,-0.0008136188622057967,0.012014509380011912,0.010886853954285158,0.018416708995248374,13.997832948091215,0.0051922654352551
2021-09-08,LYV,0.018091173795690144,0.010634815107456732,0.0027903502403526684,-0.011355261637230043,13.765901108272095,0.0041174664901573
2021-09-09,LYV,-0.02228601345466067,-0.014166950731489094,-0.015562172126718652,-0.003582429306988127,14.087978226107914,0.0056820691413142
2021-09-10,LYV,0.015065797047615783,-0.00320108625224411,0.006113311240745445,-0.003479018051030202,14.185901703253393,0.0062666316915666
2021-09-13,LYV,0.012118560836053555,0.02789094189937666,0.01385114885942158,0.03459445078902536,14.54547219357453,0.0089782923151286
2021-09-14,LYV,0.013207825134156253,-0.0012257019416864261,0.007944257031976912,-0.004837180284620266,14.445345664992224,0.0081228665846704
2021-09-15,LYV,-0.024636520957779077,-0.027237979811649497,-0.03287392177167311,-0.02442764281344761,15.304700123357604,0.0191832573393364
2021-09-16,LYV,-0.004723825487395509,-0.0006876511284581504,0.010375062246509144,0.003115048904178358,14.615627408798025,0.0096307870048257
2021-09-17,LYV,0.002998181950795924,0.012872505084563725,0.011544619518922343,0.00023041088020900915,15.17345714075706,0.0168238053877992
2021-09-20,LYV,-0.009951489537957188,-0.017008547361344543,-0.01778028608191163,-0.001037091381119452,14.171225741480283,0.0061753343576634
2021-09-21,LYV,0.021285950490512077,0.016329227149519957,-0.002599873995324415,-0.017678951383340982,14.579722262656228,0.0092911263076028
2021-09-22,LYV,-0.022915366500833485,0.008009508449101348,0.015032564422366269,0.035730416677538485,14.518955038879477,0.0087433423041834
2021-09-23,LYV,0.03816738348150393,0.03369557110020871,0.035834608247238095,0.03635547635772684,14.802111000578531,0.0116051459365815
2021-09-24,LYV,0.025460700290900893,0.01123478695659927,0.024110920049681232,0.012477800497525995,14.274453871801851,0.0068468673539564
2021-09-27,LYV,0.016369839811145398,0.03597628055599222,0.02075150459973696,0.00965778017594906,14.73232155447731,0.010822844611003
2021-09-28,LYV,0.005575788115201482,-0.020308480505746324,-0.008422453137837665,-0.013114250474846002,14.21314575886457,0.0064397072060752
2021-09-29,LYV,-0.00913050542872956,-0.01384321355283783,-0.013867168605523903,-0.010988463901613996,14.703813664651529,0.0105186643942543
2021-09-30,LYV,-0.00986827973798418,-0.003975323457618382,-0.008502195032882388,-0.0030678933593148608,14.515931718867046,0.0087169482882208
2021-10-01,LYV,0.008140273773370451,0.06461250028466357,0.02323649819525863,0.08010185725563766,15.311623209085509,0.0193165254855079
2021-10-04,LYV,0.06111405486941288,-0.0030320967896095494,0.04242417592192076,-0.007727563807988782,14.637359173158268,0.0098423718213124
2021-10-05,LYV,0.002640421388617212,0.014471184205286338,0.015456257750647089,0.01880743587354187,14.642839357205954,0.0098964579195963
2021-10-06,LYV,-0.007226853094881112,0.008543594410659732,-0.0029696494900019626,0.011948732666998857,14.552962142412209,0.009045791765787
2021-10-07,LYV,0.03414330569911705,0.011311796795213663,0.011521893913584352,-0.020600704114388246,14.376040784815817,0.0075789767803274
2021-10-08,LYV,-0.01984209695354688,-0.02015481154085204,-0.004572450623119812,-0.006385961498144795,13.979074790941956,0.0050957758359166
2021-10-11,LYV,-0.004339718095060759,-0.009929351760464224,-0.007154615316424899,-0.003055256746311073,13.87792275758166,0.0046055394410713
2021-10-12,LYV,-0.010779087347073142,0.008731078020930613,0.0019470461978131214,0.020394413662420004,14.28807403300727,0.0069407608205773
2021-10-13,LYV,0.023742147572681775,0.00428736183599256,0.013119953315982553,-0.004407006444910397,14.497041025026382,0.0085538246157965
2021-10-14,LYV,0.0036872343602722905,0.0014912914386344606,0.0,0.007898865147179038,14.119017503987974,0.0058612022988305
2021-10-15,LYV,0.007037736301612743,0.021523063533809454,0.014843274637407004,0.011486372583919338,14.185625479424706,0.0062649009364216
2021-10-18,LYV,-0.004355528663623584,-0.00214134036735974,-0.002491902685979526,0.008236186899816499,14.260709708987912,0.0067534065761218
2021-10-19,LYV,0.018186772417169757,0.001849622763657786,-0.0023980613862847277,-0.023714197498047096,14.638194099124672,0.0098505929082515
2021-10-20,LYV,-0.03126804320035545,-0.02421615607945669,-0.018578849425455055,0.002496630793670716,13.835216121726411,0.0044129929311806
2021-10-21,LYV,0.007011292509477927,0.008334999117811923,0.01867890580742411,0.00308716627966374,13.6088565537127,0.0035190578987441
2021-10-22,LYV,0.00209381481669086,0.001875734246993348,-0.0029050950890859607,0.0017882014048648163,13.692439691339485,0.0038258342482105
2021-10-25,LYV,0.002288174195746577,0.0018722224541903331,0.003605057060333212,-0.0022855215470798515,13.999664601395205,0.0052017845885531
2021-10-26,LYV,0.003670120189886946,-0.00029536532067009265,-0.0011001712334374894,0.005654493660025183,13.695263113144614,0.0038366514678672
2021-10-27,LYV,0.0008906560984782764,0.005401392147505935,0.003895129914993629,-0.004759510569268536,14.536224752646888,0.0088956487569508
2021-10-28,LYV,-0.007446790380635435,-0.010535219868614403,-0.01577367006135596,-0.001691103773974138,14.76426886719754,0.0111741879054553
2021-10-29,LYV,-0.002894291027033546,0.004247132757953807,0.00877157143449433,0.007044020102567361,13.976864659313076,0.0050845259274736
2021-11-01,LYV,0.017831036159116957,0.030574532075198634,0.020664297831336893,0.028170870681151435,14.264801783692917,0.0067810986584432
2021-11-02,LYV,0.024345338425862013,0.023056888353258236,0.02274817633315126,0.02599518225988092,14.675992975967931,0.0102300609738114
2021-11-03,LYV,0.018795007521403014,-0.0027126989974954187,0.003933009404957106,-0.014147175657912202,14.307092810021523,0.0070740289667488
2021-11-04,LYV,-0.007267236527590844,0.0071865225042495465,0.00219962179209508,0.021053389571175793,14.487638881920928,0.0084737771903364
2021-11-05,LYV,0.11663514540964336,0.17230536203358873,0.0983624493845823,0.1409905393478462,15.896862897905788,0.0346813042860005
2021-11-08,LYV,0.0016003578387045207,-0.059754189722964576,-0.016410958659464778,-0.055297589450013736,15.574264797837683,0.0251184494206193
2021-11-09,LYV,-0.017061078092264672,-0.02814710456309319,0.003601989661778474,-0.00453475668482234,14.916054646172208,0.0130057595377416
2021-11-10,LYV,-0.006958471160578732,0.006219960806182113,-0.0007018320540206685,-0.013815939087576622,14.947815809888347,0.0134254676604247
2021-11-11,LYV,-0.006399726563830236,-0.01592499889097142,-0.006603590100050315,-0.006542527686252277,14.31525561840494,0.0071320092641092
2021-11-12,LYV,-0.00775163373452732,-0.011632109961712152,-0.013249919422906093,-0.017124634432059558,14.82324984132623,0.0118530766111149
2021-11-15,LYV,-0.011431737559851952,0.019540671378309366,0.008823174579948958,0.03172089940860378,14.358649052119848,0.0074483047668735
2021-11-16,LYV,0.012130926485869805,-0.006442490986604464,-0.005159643173739353,-0.0019857839930955213,14.329591477500937,0.0072349891952417
2021-11-17,LYV,0.00800635901189964,0.005243044405309889,0.01513637262960122,-0.0052857505051358295,14.672858178490527,0.0101980420036273
2021-11-18,LYV,-0.003995133607012185,-0.010080627684141977,-0.016832444795332,-0.01876753683080141,14.70072374689385,0.010486212735284
2021-11-19,LYV,-0.029228208864452064,-0.021798083549340628,-0.02606715799508542,-0.0037250434997898136,14.946783951494155,0.013411621619264
2021-11-22,LYV,0.020224202017163507,0.0323072128272705,0.027227899717961142,-0.0038281845305385147,14.950872881968152,0.0134665730951205
2021-11-23,LYV,-0.00926296091283122,-0.026658981383415645,-0.0134760824133639,0.005603726095413741,14.18783313661133,0.0062787469775822
2021-11-24,LYV,-0.01123008350898961,-0.0008804233344512646,0.002619584359886098,-0.0011537365761546175,14.147186309821945,0.0060286528591175
2021-11-26,LYV,-0.07228255807164632,-0.07763065208265528,-0.11812137411901866,-0.0840691131417756,15.33766818452872,0.0198262328757355
2021-11-29,LYV,0.022860329608521395,0.042583408331917566,0.062092615710404114,0.04087994469980045,14.864827905084285,0.0123562936695484
2021-11-30,LYV,0.004791164299737802,-0.01739173660673233,-0.005357303209536572,-0.011188899462296979,14.957916740681254,0.0135617646281001
2021-12-01,LYV,0.028275053733900275,0.020397561178180142,-0.018588957686621697,-0.0364753021769913,14.926710291301724,0.0131450853269209
2021-12-02,LYV,-0.05256004156643857,-0.02458346165014226,0.009337671889911916,0.033282174287822444,14.813602819108826,0.0117392794603256
2021-12-03,LYV,0.022972042007106484,-0.006734043713774363,-0.04080583078389522,-0.05193212106113483,15.141364920848748,0.0162924635582581
2021-12-06,LYV,-0.04373537059671305,0.026485488020509085,0.02676638359287996,0.059429139200494245,14.875555599923391,0.0124895618157199
2021-12-07,LYV,0.07195580351175399,0.011359111830024079,0.05445475639779964,0.014091237686932583,14.416597820890415,0.0078926761503741
2021-12-08,LYV,-0.004847042032290998,0.02498571182931768,0.014125690674748705,0.01688695232419235,14.595202798471622,0.0094360770510036
2021-12-09,LYV,-0.0002750541311556095,-0.002029054181764514,-0.001192541383732533,0.0022602965403786704,14.432910500431035,0.0080224827862554
2021-12-10,LYV,0.02006330321491424,-0.0030069567081407143,0.011135577351706142,0.010242671383986058,14.230068203383325,0.0065496101577881
2021-12-13,LYV,-0.002609918334722098,-0.008092922151517428,-0.03275347357661614,-0.02966611396100547,14.638106245001117,0.009849727530679
2021-12-14,LYV,-0.0350301693525978,-0.01140505962491639,0.0017803950890436114,-0.003782430183988791,14.220976332738882,0.0064903317940689
2021-12-15,LYV,0.011321587119217501,-0.01859671552832747,-0.034285793536822685,-0.01649545130309891,14.761010904907636,0.0111378420474085
2021-12-16,LYV,-0.015342729673704312,-0.008130100581830566,-0.02969733106837749,-0.04832040575709874,15.09675019000219,0.0155815558824144
2021-12-17,LYV,-0.04729671714716182,-0.017216031020779857,0.006268337988613014,0.036219683380972076,15.159158605254909,0.0165849611777774
2021-12-20,LYV,-0.009872723008224159,0.00929975123042143,-0.004074905264643246,0.016320378650850613,14.856988314860198,0.0122598040702099
2021-12-21,LYV,0.07103462167260344,0.07222282681291252,0.07481193475999888,0.06651325568699377,14.81819951222052,0.0117933655586095
2021-12-22,LYV,0.05194924873590249,0.03680556863801906,0.04984134797405054,0.02336350065828251,15.01830296589642,0.0144059404501154
2021-12-23,LYV,0.03466160060685878,-0.0010065860937907686,0.02363273545071682,0.01376053950075725,14.403186661199122,0.0077875327753101
2021-12-27,LYV,0.0074299333999647485,0.00918969263475017,0.008464826573786895,0.013823380194532974,14.188659753158628,0.0062839392430175
2021-12-28,LYV,0.0065398607005460845,0.008116686463238815,0.008984678104639616,-0.0008324130997027267,14.25137618516835,0.0066906667021125
2021-12-29,LYV,0.004918490419694991,0.002718352515522143,0.001012019294406152,-0.0021673442030230544,14.19209665272206,0.0063055736823311
2021-12-30,LYV,-0.0011649143378668083,0.0077030820201500596,0.008645036045671977,-0.0010019433594597885,14.070153551531353,0.0055816853428992
2021-12-31,LYV,-0.007018192203092609,-0.014140331211858254,-0.009066564845440477,-0.00016705633237657167,14.213078565897767,0.0064392745172889
2022-01-03,LYV,0.011006529302321955,0.022189465057993903,0.01680847802649828,0.012041809231377902,14.588162301423829,0.0093698756667041
2022-01-04,LYV,0.023115843392191016,0.01789705780814656,-0.004154900569348807,-0.003473071942954601,14.695096225784905,0.0104273670603511
2022-01-05,LYV,-0.012065063064373948,-0.01668310931167027,-0.023080521883654677,-0.027290832344037796,14.689979212068254,0.0103741463396397
2022-01-06,LYV,-0.03157675536230247,-0.020344652469903118,-0.009848091139395023,0.015793539180171824,14.460832633535341,0.0082496443990478
2022-01-07,LYV,0.013953354442372033,-0.006126843539698604,-0.0033619220396834616,-0.029593960471094947,14.486974854653024,0.0084681522361148
2022-01-10,LYV,-0.03395911966253116,-0.03249647537633209,-0.05310823704329712,-0.004671700812624736,14.97809902218331,0.0138382527625275
2022-01-11,LYV,-0.0067585943926322875,0.002142521325483506,0.02916443417630098,0.005879320982501898,14.357195691083488,0.0074374875472167
2022-01-12,LYV,0.013986265927610583,0.007335418647963785,0.008103613260024206,-0.01739174271186922,14.768557815527942,0.0112222163607314
2022-01-13,LYV,-0.011641561841622941,-0.008877573761481952,-0.006954567698088222,-0.0011409774516515346,14.352238403911306,0.0074007090003836
2022-01-14,LYV,-0.011339994677764989,-0.014248277762476304,-0.008605771870730443,0.008221095898123884,14.11494900266153,0.0058374044155856
2022-01-18,LYV,0.001577843142089546,0.013991031439003135,0.009047397423782726,0.0034779752623980945,14.711680619972073,0.0106017406412184
2022-01-19,LYV,0.0062865939025181,-0.0027481956372396835,-0.00993887638497713,-0.016893922933937378,14.307948764551679,0.0070800866097566
2022-01-20,LYV,-0.012612959226520563,0.005061164253525769,0.0,-0.007442851418128663,14.259491643778532,0.0067451854891827
2022-01-21,LYV,-0.010099301089423966,-0.03208275503548466,-0.025471028007124145,-0.024305855586759153,14.601829724930518,0.009498816925013
2022-01-24,LYV,-0.048340575235027695,-0.03845758769806124,-0.08184345811518166,-0.008418773911170428,15.269557254757983,0.0185208108075551
2022-01-25,LYV,-0.006939314205934528,-0.014893208634680922,0.028964833691543276,-0.025124583101980583,14.808244048541269,0.0116765395863162
2022-01-26,LYV,0.008153390960167468,0.012963087974103522,0.0015419821415285238,-0.013184913313117228,14.668989703357127,0.0101586673240767
2022-01-27,LYV,-0.007212776671453178,-0.010356992186617868,-0.02348230929229519,-0.02994848939134227,14.525564510208373,0.0088013226015437
2022-01-28,LYV,-0.04588008795870628,-0.02009267995684021,-0.016601585611158765,0.03509129392750632,14.539478365688966,0.008924638905631
2022-01-31,LYV,0.03301208393512839,0.03887777076479655,0.05119302737204489,0.03948744242040379,14.522807654603623,0.0087770920295125
2022-02-01,LYV,0.04751510115510831,0.026288857466808167,0.037020483841261914,0.014324761833542362,14.44406641599268,0.0081124820537999
2022-02-02,LYV,0.004982078515392547,-0.015581920284137792,-0.012467248114599285,-0.01487285454217719,14.243585460696103,0.0066387440477599
2022-02-03,LYV,-0.025625959882216158,-0.017021324960192392,-0.01734118958195906,-0.03353931087993453,14.707590970925763,0.0105584717625913
2022-02-04,LYV,-0.021647335342316106,0.002933357079768385,-0.009786754463954455,0.023530537643251442,14.137667242861044,0.0059715379393296
2022-02-07,LYV,0.02848400140462218,0.02056508293488532,0.03637784807333479,0.02425131217529573,14.213951722501479,0.0064448994715104
2022-02-08,LYV,0.029842139042365982,0.046430369089219235,0.021766711400726883,0.048953140510231724,14.478817411658337,0.0083993547190977
2022-02-09,LYV,0.04823678502180525,0.017143733779141204,0.050247713360584645,0.01219059765020393,14.296578377689176,0.0070000391842964
2022-02-10,LYV,-0.0032411939666012923,0.019003792586728904,-0.0010286538429668975,0.00768101411991214,14.126885475112331,0.0059074999989615
2022-02-11,LYV,0.014334990842527406,-0.010707725390813081,-0.017301469864137404,-0.02710239433882229,14.189279267465473,0.0062878334420939
2022-02-14,LYV,-0.022225981244964825,-0.021168845466836637,-0.005073948803999823,-0.004155519475775304,15.037019010164476,0.01467810169668
2022-02-15,LYV,0.008744948372065936,0.026827513257858357,0.024945039369064326,0.038129062800456415,15.165452348873751,0.0166896718640551
2022-02-16,LYV,0.01566831513272343,0.0006635769813502623,-0.0027411332070534644,0.004166672694845912,14.99416586199818,0.014062385553816
2022-02-17,LYV,0.0036906805598459448,0.0061177894080727945,-0.002576683131113303,-0.03185329571766686,14.70742703656635,0.0105567410074462
2022-02-18,LYV,-0.026039379949241534,-0.026982410872217366,-0.017524493200172568,0.008207972386542346,14.706524916893132,0.0105472218541482
2022-02-22,LYV,0.0116191018818043,0.013039116824146803,0.008887369109699145,-0.003326365645568682,15.034155498152614,0.0146361308844117
2022-02-23,LYV,0.0023754891358329037,0.0031708742600342,-0.017501321932810142,-0.031679815259803575,15.132079904645959,0.0161418878606357
2022-02-24,LYV,-0.05800118267277484,0.05044313880831638,-0.017094417102432247,0.09250038156574197,15.676143047052918,0.0278123698039442
2022-02-25,LYV,0.11762339208464095,0.0043473415850871725,0.08492139338211306,0.01317753783774217,15.048595754225888,0.0148490137672571
2022-02-28,LYV,0.0003192921059937311,-0.006964786661929308,-0.011782461174617925,-0.042297491968134086,15.310098853060406,0.0192871026480415
2022-03-01,LYV,-0.026525948045264282,-0.03138245688637702,-0.0428027542214145,-0.03469531904266629,15.124600118241053,0.0160216003780523
2022-03-02,LYV,-0.03138391084032456,0.0036811737881935294,0.027919177777738703,0.034612530180771046,14.71924316564604,0.0106822207554649
2022-03-03,LYV,0.027442406867891296,0.0019577285269935995,-0.021666433036326125,-0.038648027785395465,14.750544925228015,0.0110218814526878
2022-03-04,LYV,-0.05835941162700237,-0.0588232327043953,-0.03605029663562638,-0.016044801063045764,14.891161576070731,0.0126860025246871
2022-03-07,LYV,-0.00034895677885836337,-0.007112526431514773,-0.10953761697432747,-0.1312608479176067,15.506270543949654,0.0234673090122081
2022-03-08,LYV,-0.13127781954351483,-0.04459020768038331,-0.018699675107401288,0.05526808287944207,15.312026326442236,0.0193243138836608
2022-03-09,LYV,0.08840331057865852,0.02976997050216618,0.10957566191968235,0.03603742585760131,14.923115953816554,0.0130979222492173
2022-03-10,LYV,-0.01921813500646687,-0.01065828169401451,-0.0255617005791336,0.014991665581220129,14.398117721265528,0.0077481580957594
2022-03-11,LYV,0.05587846198704061,0.01805199844474969,0.01739015088827467,-0.027351616436899415,14.621227653895252,0.0096848731031096
2022-03-14,LYV,-0.04875502871252121,-0.03689068567033796,-0.018798285634931914,-0.004709387039763488,14.57477360874239,0.009245261296258
2022-03-15,LYV,0.002301920746421168,0.018481440490932304,0.01999603077835883,0.033852196664770885,14.409776740931715,0.0078390227408764
2022-03-16,LYV,0.029184539901065936,0.024354880527186113,-0.009901526399159671,0.0022344380322794283,14.995764582870356,0.0140848853707021
2022-03-17,LYV,-0.011047812890260297,-0.023105108950090443,-0.0011165453455918275,-0.0075276273206706665,14.785001145582276,0.0114082725388281
2022-03-18,LYV,-0.0011748669215183383,0.013557483940531518,0.028000134480092646,0.01615029683499058,14.919143886753151,0.0130459995948648
2022-03-21,LYV,0.01907724244696386,0.0042156721924746,-0.00827236228603663,0.00837338577889835,14.723446888811516,0.0107272203892371
2022-03-22,LYV,0.018981202971702433,0.03733128035155362,0.042882813226166355,0.03493091963969147,14.51105536192669,0.0086745447871662
2022-03-23,LYV,0.018029420707007644,-0.004145743866045309,0.001485543791981137,-0.023237973537773116,14.402964389705804,0.007785802020165
2022-03-24,LYV,-0.007810224371914456,-0.00042395949489590904,-0.0027105998704960222,0.022389961079111776,14.431831228338398,0.00801382901053
2022-03-25,LYV,0.016577346738927638,0.009286672626059207,0.00497839099872038,-0.013494048804667725,14.139115363128504,0.0059801917150551
2022-03-28,LYV,-0.016491169714372575,-0.010644707655039862,0.0002613247959067463,0.010945882781937788,14.301818668809052,0.0070368177311295
2022-03-29,LYV,0.029122916620273148,0.02962312637240768,0.01974969073214092,0.016197402824615376,14.314162988147293,0.0071242208659563
2022-03-30,LYV,-0.0073912418065250245,-0.012111297720070318,0.00025614805966838714,-0.014667698250455245,14.14323103801225,0.0060048549758725
2022-03-31,LYV,-0.004224049436846159,8.347286603444296e-05,-0.0023933577063520563,-0.0010195646236154043,14.283888491482507,0.0069117706718971
2022-04-01,LYV,0.0037180608274244944,-0.010654946019242622,-0.02399107520982009,-0.028190277689487724,14.364094865100206,0.007488977512783
2022-04-04,LYV,-0.04044951207213864,-0.014442498606398076,-0.005890369598480683,0.01561578895552149,14.337573406951835,0.0072929694926021
2022-04-05,LYV,0.024636884258577522,0.0027345743717551896,-0.005127325739331813,-0.022283083809375263,14.190654593376578,0.0062964872178194
2022-04-06,LYV,-0.04191150358842125,-0.04387394214906178,-0.042455599069020834,-0.03611664313413131,14.775474001201573,0.0113001003422602
2022-04-07,LYV,-0.01548883889761872,-0.015093272637643354,-0.012094324344588294,0.0002737239760030172,14.187143767143363,0.0062744200897195
2022-04-08,LYV,-0.007926812387732575,-0.004081864998989777,0.005507121553961591,-0.015909143984099858,13.811403134036105,0.0043091476224755
2022-04-11,LYV,-0.018743901086427203,-0.000818334568416834,-0.007943581470412787,0.0,14.379460369010046,0.0076049381075037
2022-04-12,LYV,0.02730577535416255,0.01847651153185703,0.013883268442470311,0.0042549236158206175,14.16172164621853,0.0061169213715168
2022-04-13,LYV,-0.010301425579005688,0.012512884702263498,0.004155294365749542,0.041759369212305275,14.688142358348504,0.0103551080330438
2022-04-14,LYV,0.03378547625566867,0.011922650339669669,0.02493536699054043,-0.014714686068312187,13.976864659313076,0.0050845259274736
2022-04-18,LYV,-0.016614948187865432,-0.030526563239948217,-0.027518859721014383,-0.018771802521621868,14.060024918099726,0.005525435800684
2022-04-19,LYV,-0.014973680564928553,0.02528410064241233,0.002399208854035867,0.04036784604683712,14.369511181760489,0.0075296502586925
2022-04-20,LYV,0.026971353208260634,0.0021002708587562475,0.029514060513164006,-0.013632157207625875,14.128568667954971,0.0059174518410457
2022-04-21,LYV,0.021831815695916246,0.0039261661621916195,-0.049058642245167115,-0.04969962134335266,14.450181338875366,0.008162241264221
2022-04-22,LYV,-0.07699234048058197,-0.0604831128343424,-0.010582135266328535,-0.007993633112838287,13.988287543240274,0.0051429389136202
2022-04-25,LYV,-0.0056587763889921075,0.015057201634816804,-0.009447967070392485,0.03497732660334138,14.29762863506786,0.007007394893663
2022-04-26,LYV,0.03676952118607765,0.00943232942125169,0.030966306695126938,-0.019053452152292462,14.48385313216278,0.0084417582201523
2022-04-27,LYV,-0.022868708351991934,-0.02282578811327106,-0.03538683165643298,-0.00811763499178899,14.276158685660809,0.0068585499511857
2022-04-28,LYV,0.002329157452393965,0.0044231859334408095,0.005762029463273194,0.010994244040325358,14.225167534569064,0.006517591187604
2022-04-29,LYV,0.0004652095862278012,0.0012864045446962554,0.002486632237844577,-0.028573381665131552,14.144311300923636,0.0060113453076666
2022-05-02,LYV,-0.020485590134768618,-0.03077168712810841,-0.028976352604539308,-0.00038146974284542504,14.312460964577957,0.0071121055799407
2022-05-03,LYV,0.0024653389036410666,0.011393175421584995,-0.03075316440093032,-0.05298146146351076,15.049090998290824,0.0148563694766237
2022-05-04,LYV,-0.06010975307483731,-0.06668168475201995,-0.06115083316650407,-0.0006035971780109512,15.403868031047997,0.0211831449094822
2022-05-05,LYV,-0.0006035971780109512,-0.005519562608891415,0.009013946424178469,-0.04360593653673955,15.035130603208794,0.0146504096143586
2022-05-06,LYV,-0.038677480786944725,-0.0253772139887388,-0.08560420702722876,-0.027927578471370042,15.501539257813867,0.0233565406829227
2022-05-09,LYV,-0.04034266859883384,-0.05364293539703981,-0.023311667705117032,-0.08032198668021563,15.151090667545256,0.0164516930316059
2022-05-10,LYV,-0.038637170783779005,-0.014038383377777748,0.017593056614934866,0.0319316692941459,15.048887103966797,0.0148533406551198
2022-05-11,LYV,-0.015284846059082483,-0.010994589534133016,-0.020694878569594642,-0.04656326357320296,14.918745810913784,0.0130408073294295
2022-05-12,LYV,-0.03354492973874228,-0.0273959378651448,-0.024310347624154585,0.03457883573909439,15.272193715813964,0.0185697046404037
2022-05-13,LYV,0.051994407848302594,0.06153569479012112,0.08154841917149767,0.046660967807665134,14.913356219515562,0.0129707117460536
2022-05-16,LYV,0.027380664535200792,-0.005953397884033289,-0.019599546933777058,-0.04803974682501681,14.376782687693675,0.0075846017345489
2022-05-17,LYV,-0.016717822219361456,-0.02161951113512645,-0.028124890949439964,-0.014827084465411642,15.346554619280095,0.0200032025893204
2022-05-18,LYV,-0.05389973273617351,-0.035800764853766986,-0.007365145136520698,-0.0035071704004684197,14.77795980377582,0.0113282251133679
2022-05-19,LYV,-0.005316387679278429,0.06337367387292657,0.004520555488064897,0.05812085993417656,15.225887833651342,0.0177294230174649
2022-05-20,LYV,0.06810806564196326,-0.004109499433210231,0.021720824479042965,-0.013572365745629733,14.663736987098046,0.0101054466033653
2022-05-23,LYV,-0.012134899346244104,-0.028022221355838216,0.00832761264489319,-0.0005601414270594252,14.361607375018503,0.0074703718949733
2022-05-24,LYV,-0.019795907162015437,-0.020491593200892392,-0.033734719365827844,-0.05505773641624261,14.443906394741516,0.008111183987441
2022-05-25,LYV,-0.04653628623070728,0.0366316631977447,-0.004656995423051769,0.07645663743286168,15.172659538871955,0.0168103920354248
2022-05-26,LYV,0.08749997715078683,0.03385402335460647,0.08464469152645533,0.018799746278927314,14.536808268061685,0.0089008410223861
2022-05-27,LYV,0.03597196280558428,0.022743716272019036,0.032885612291339614,0.027605516762125065,14.414347608503377,0.0078749359101369
2022-05-31,LYV,0.004222549584553635,-0.006237010544401735,-0.003838373481516106,-0.004618406549557161,14.675696861536998,0.0102270321523075
2022-06-01,LYV,0.009227257072581527,0.014903968982934605,0.0004272232797119661,-0.005697429431119423,14.52344831665611,0.008782716983734
2022-06-02,LYV,-0.027297443865421933,0.003998641916330298,-0.004494850867906482,0.02806500845952162,14.137812149291593,0.0059724033169022
2022-06-03,LYV,0.026253182326563557,-0.015051899779915211,0.012471494999814165,-0.019740837386909682,14.074716764087688,0.0056072139812892
2022-06-06,LYV,0.00894535417649985,0.005386983700013183,-0.003076771959217548,-0.0014701187643367858,14.404519253660292,0.0077979173061806
2022-06-07,LYV,-0.019342946795489226,-0.004348714256321397,-0.0011695350862048583,0.009933651267283733,14.272492902049866,0.006833454001582
2022-06-08,LYV,0.008515137480513187,0.0022801999136640343,0.0009569498273242736,-0.012669653491054693,14.03921475208893,0.0054116386498946
2022-06-09,LYV,-0.013171256383405118,-0.021875343777546984,-0.018124736935848994,-0.010380385110801464,14.11168224147198,0.0058183661089896
2022-06-10,LYV,-0.026438929622849116,-0.01363753046023927,-0.016477017746077703,-0.01729088502973543,14.768249316492831,0.0112187548504412
2022-06-13,LYV,-0.03829755888705245,-0.04970244912931141,-0.07503089624160673,-0.08344283628121188,14.612297224058937,0.0095987680346416
2022-06-14,LYV,-0.03653117859387704,-0.022575303142436685,-0.0022558922579532987,0.0002355383548986638,14.248007654010417,0.0066681668852264
2022-06-15,LYV,0.0035149779261988705,0.015560961435255712,0.015217055061577339,0.0202780265610355,14.278679005487547,0.0068758575026366
2022-06-16,LYV,-0.012001516248334168,-0.03195386090041701,-0.0505418629566784,-0.05831279306835487,14.443799699679635,0.0081103186098685
2022-06-17,LYV,-0.017312886122393834,0.01014648342628769,0.012116883915385557,0.03520517850728867,15.225814615613608,0.0177281249511061
2022-06-21,LYV,0.027792809622911974,0.0070532824760827575,0.017486180737936816,-0.008536850398750571,14.367209950910189,0.0075123427072416
2022-06-22,LYV,-0.028515671806120347,-0.02827949747337144,-0.011300943039373222,-0.009211193319332447,14.061198855879674,0.005531926132478
2022-06-23,LYV,0.01293278477468362,-0.0038000245680855933,-0.030318385604021874,-0.015380219995953638,14.57570919334748,0.0092539150719834
2022-06-24,LYV,-0.013897475923418834,0.035874613987666504,0.0278974069761479,0.05761935491103128,14.675781474607822,0.0102278975298801
2022-06-27,LYV,0.0522940858880219,0.008799515480931696,0.020037842960885226,-0.014038245717936597,14.354924221672386,0.0074206126845521
2022-06-28,LYV,-0.0090861892457914,0.00883556710963909,0.0005938252139404297,-0.01423803696082979,13.865348744195257,0.0045479918324972
2022-06-29,LYV,-0.029548453469138345,-0.0510143108379869,-0.02403095237512932,-0.004513575302724024,13.887739122279822,0.0046509717636298
2022-06-30,LYV,-0.015833360778445053,0.003080871126518824,-0.020890469157423795,-0.017049256212268573,14.491766379371542,0.0085088249820243
2022-07-01,LYV,-0.002784622226015363,0.0034252785566038415,0.016624956600008168,0.005795666178277079,13.856653460987888,0.0045086171529465
2022-07-05,LYV,-0.0015774423142166925,0.009271833735173329,-0.012906520850186853,0.028251194977073485,13.776354882695983,0.0041607353687844
2022-07-06,LYV,0.029199184019040047,0.005475649793705489,0.024200591164676447,-0.009525622558381653,14.058379086501152,0.0055163493361723
2022-07-07,LYV,0.010208392825411548,0.007408291714857672,0.017595776888501582,0.015709631157514156,14.37043019335934,0.0075365732792728
2022-07-08,LYV,-0.005384616922393756,-0.011716416836613891,-0.007622707189019418,-0.018905049539871842,14.12380448901977,0.0058893270699381
2022-07-11,LYV,-0.01573338427210946,-0.020869668263146086,-0.03281369765218827,-0.026059692980828518,13.99983094909055,0.0052026499661256
2022-07-12,LYV,-0.024624066828791064,-0.0033416760567482494,0.00983528239079443,-0.001339266134197491,14.036893360068984,0.0053990906750928
2022-07-13,LYV,-0.023242545806482225,0.0022687312189283485,-0.02778643034138822,0.014273863693542808,13.683464918204994,0.003791651834095
2022-07-14,LYV,0.01674465298162766,-0.017446113973571015,0.014361801830694748,-0.015858999473600702,13.913273182611327,0.0047712592462132
2022-07-15,LYV,0.025861906481088794,0.031892798203900535,0.020738148375316654,0.030405591743807938,13.649102900685534,0.0036635759533587
2022-07-18,LYV,0.02357228340556962,0.02255125753126272,0.0367232721111213,0.01876225799063979,13.9647931220061,0.0050235168086093
2022-07-19,LYV,0.029642903401944982,0.04824270237194427,0.025086550387903465,0.057558460447234866,14.403742123883257,0.0077918596631728
2022-07-20,LYV,0.03561243075289111,0.021347655720675075,0.0345597270979286,0.017072123355289476,14.186453922117277,0.0062700932018568
2022-07-21,LYV,0.008409339728756533,-0.010346025193049545,-0.006528336744887497,-0.012913233067729322,13.890897212255434,0.004665683182363
2022-07-22,LYV,-0.002504446562289892,0.004215988096859398,0.011040076580981445,0.00021845880317942885,13.94522304283425,0.0049261618316983
2022-07-25,LYV,-0.00021812531610438087,-0.0032414444895335058,-0.00716218717223779,0.0071809255783282944,13.98525417643287,0.0051273621173144
2022-07-26,LYV,0.0005451409520625263,-0.007059508226799664,-0.011119874356563104,-0.027031633044140985,14.25762962639379,0.0067326375143808
2022-07-27,LYV,-0.008098072872934715,0.021350857638646442,0.009459738657489081,0.0388864815304033,14.122922460944967,0.0058841348045028
2022-07-28,LYV,0.0016468304880652939,-0.006207231144849372,0.006293839618561885,-0.002789343181656404,13.922660371872793,0.0048162588799854
2022-07-29,LYV,0.015780889222925205,0.010040618668851628,0.00241866018212997,0.009729012798007095,13.864492132385024,0.0045440976334207
2022-08-01,LYV,0.009992028312553828,0.013617151976544567,0.011463666539022406,0.013631541331363338,14.109448769901382,0.0058053854454015
2022-08-02,LYV,-0.007942489407813797,0.015191210179902387,0.0036840038904573523,0.007840717702897302,14.013624259830156,0.0052749089934329
2022-08-03,LYV,0.043336077857749226,0.015167367900100863,0.03850910551972782,0.021020876354216962,13.913091793332205,0.0047703938686406
2022-08-04,LYV,0.01454643687836624,0.0027423372882373395,0.005500573374968692,-0.005829128288611551,14.529587671349159,0.0088368030820179
2022-08-05,LYV,-0.0110442049150352,-0.0008117118891082949,-0.04087808606535659,-0.0076186701843554685,14.564187521308737,0.009147906319347
2022-08-08,LYV,-0.0028833175936392825,0.010100075541560947,0.03318967943260159,0.0030956110040463863,14.360738188157574,0.0074638815631792
2022-08-09,LYV,-0.006621849127238688,-0.028024455275120073,-0.011855536957610293,-0.019979834234655994,13.776354882695983,0.0041607353687844
2022-08-10,LYV,0.014224082808731216,0.02106630250995952,0.01736812469849875,0.028290610912466152,14.470644815698467,0.0083309898908668
2022-08-11,LYV,0.015537238711289305,0.008464419269882702,-0.000518784580287864,-0.014822735814270306,13.931337014100034,0.0048582296922537
2022-08-12,LYV,-0.018817607591677058,-0.015879042357241073,0.0008298945475099626,0.015027033351231216,13.606271144559914,0.0035099714342324
2022-08-15,LYV,-0.0021585975879496464,0.007212248400011483,-0.007598301986080885,0.006313694514741927,14.09124731841065,0.0057006747591238
2022-08-16,LYV,0.009320455123975332,0.00836566084688463,0.016578957102766273,0.005365730627296906,13.98904444941416,0.0051468331126966
2022-08-17,LYV,-0.006648558224977798,-0.01945939790253422,-0.011472407796335765,-0.015876554986144906,13.774897916528133,0.0041546777257766
2022-08-18,LYV,-0.0010268622335962883,-0.0035884436381195014,-0.0006238698313620421,-0.010415171357987824,13.955968779619875,0.0049793825524096
2022-08-19,LYV,-0.020970317754524008,-0.01876575232315073,-0.027951000263848825,-0.02296302671587498,13.929197214906072,0.0048478451613832
2022-08-22,LYV,-0.03425612740247148,-0.033306316995339216,-0.02644561616239514,-0.03124245904187805,13.932849939665239,0.0048655854016203
2022-08-23,LYV,-0.005879817839541589,0.006686132420757081,0.0056948640959356,0.015527760223462691,13.527029499741687,0.0032425697643168
2022-08-24,LYV,0.01753674220878477,0.013239547069737685,0.014419958457817997,0.009437119719561573,13.328728555751718,0.0026593052804231
2022-08-25,LYV,0.013112449729762839,0.01296191129291524,0.013046930796111932,0.01756283002206255,13.330679138375084,0.0026644975458584
2022-08-26,LYV,0.00959167998754199,0.005950220416123294,-0.02539409693912241,-0.037941985173509656,14.229473457352078,0.0065457159587116
2022-08-29,LYV,-0.05376428602353257,-0.036244277318822044,-0.015596206412250804,0.0011975463445390371,13.560619598657233,0.0033533380936022
2022-08-30,LYV,0.02449286569171179,0.0033399540873313527,0.0037565393152499092,-0.0066590561880044965,13.661427709169773,0.0037090082759172
2022-08-31,LYV,-0.007698591201432368,-0.0004303487446622587,-0.004199334786036075,-0.01034912267206002,13.967201930458504,0.0050356320946249
2022-09-01,LYV,-0.02591253767536132,-0.029152106786803484,-0.020587032128145475,-0.001772305119125431,13.827736515435808,0.0043801085834239
2022-09-02,LYV,0.019579236101358578,0.020940260073137245,0.006759810389944669,-0.006227751111535874,13.58332752334929,0.0034303566975585
2022-09-06,LYV,-0.012122679358564058,-0.020829536017149673,-0.01652929195686911,-0.007952095280617376,13.933027780517707,0.0048664507791928
2022-09-07,LYV,-0.01406903640401637,0.014626112899653983,0.011463744423640801,0.025095721875125626,14.214153111955126,0.0064461975378692
2022-09-08,LYV,0.01650537441166384,0.0003274439804005373,0.011891519596753386,-0.0050571685376199155,14.107509051253597,0.0057941355369584
2022-09-09,LYV,0.017216277353266796,0.018704295513495266,0.02314916570703205,0.026000913297514673,14.10915059643527,0.0058036546902564
2022-09-12,LYV,0.018633698757818992,0.02287261998460043,0.015569591999802044,0.02272100431976689,14.22576484628597,0.0065214853866804
2022-09-13,LYV,-0.0187424471784923,-0.021909113255527125,-0.03382384923051345,-0.05203394367086917,14.01820729053554,0.0052991395654641
2022-09-14,LYV,-0.019433056952104125,-0.011191263716109338,-0.018254577306300406,0.019926208793529538,14.41038372088856,0.0078437823175254
2022-09-15,LYV,0.01921552462566899,0.023633661701623832,0.033999469512836125,-0.0017359629539962613,14.407455786265249,0.007820849811853
2022-09-16,LYV,-0.013797793481188847,-0.04165021578172465,-0.049948787833270454,-0.051927843283325094,15.19530911696973,0.0171954850552062
2022-09-19,LYV,-0.04637826121728559,-0.012528628723064287,-0.0064516951082692585,-0.005160230919507792,14.386547165068922,0.0076590242057876
2022-09-20,LYV,-0.004282693560438384,-0.023708476927477493,-0.006493501161658316,-0.00138061163028886,13.889040720360942,0.0046570294066375
2022-09-21,LYV,0.00405161729128654,-0.006073459143651479,-0.05340177400619438,-0.06308126764457346,14.627462918279958,0.0097454495331876
2022-09-22,LYV,-0.061216866307556544,-0.0659188210743979,-0.05550676415066257,-0.05119648462369766,15.181321815316377,0.0169566408451845
2022-09-23,LYV,-0.06429290890650387,-0.058394084868094234,-0.049731039180553493,-0.02893827741736756,15.10749451433816,0.0157498718202739
2022-09-26,LYV,-0.020643813234441817,-0.005874366874162198,0.004624654123396036,-0.019993928824526976,14.290129146883244,0.0069550395505242
2022-09-27,LYV,0.007061501292345452,0.0014391395676127236,0.002710354630608562,0.01680034166475043,14.419990992166424,0.0079195028551229
2022-09-28,LYV,0.003181310585250515,0.028229011994011767,0.015843514979411437,0.03586769225385641,14.629680409778704,0.0097670839725012
2022-09-29,LYV,0.012232975083063044,-0.024575102286901674,-0.01206127645849669,-0.03280689599199627,14.339233255776902,0.0073050847786177
2022-09-30,LYV,-0.01887222422473052,0.018072023695578553,0.006718649464452827,0.010310716110340358,14.472616485526395,0.0083474320647451
2022-10-03,LYV,0.02356768894850467,0.0028104416063102554,0.018969864291017893,0.030054071205106548,14.547494243263515,0.008996465244152
2022-10-04,LYV,0.04602900919839232,0.04074547768997805,0.04722458635972529,0.026446554277567213,14.92891326054455,0.0131740754756011
2022-10-05,LYV,-0.020083497093643002,-0.0097225663436437,-0.014265182271231249,0.0026065811078179136,13.992987900475352,0.0051671694856514
2022-10-06,LYV,0.022069792398843133,0.01180243701053365,0.014139802935216836,-0.010091626972951061,13.857325019825849,0.0045116459744504
2022-10-07,LYV,-0.02384643479797688,-0.026503091665049088,-0.02231040085609892,-0.015776183707880254,13.885783543089365,0.0046418852991181
2022-10-10,LYV,0.0012693384647761842,-0.010724958806652004,-0.01303162913059691,-0.007021195093517596,13.656867636444767,0.0036921334132526
2022-10-11,LYV,-0.009943972238231812,-0.0001268904046569454,-0.009394657124390731,-0.003979179417103235,14.108777754533067,0.005801491246325
2022-10-12,LYV,-0.00758802379422663,-0.01186920079926493,0.002095386581636044,-0.005416548759947739,13.807680986709896,0.0042931381373834
2022-10-13,LYV,-0.024966933154619588,0.007801057692576479,-0.023159904254763858,0.007857328935342512,13.945135204183254,0.004925729142912
2022-10-14,LYV,0.044906213388538375,0.009508787969027356,0.013167681719907216,-0.028104941752796875,13.85299996558035,0.0044921749790682
2022-10-17,LYV,-0.021231083466373032,-0.009381380337565344,0.02195593025872306,0.029258963002705037,14.307948764551679,0.0070800866097566
2022-10-18,LYV,0.03355677563908616,0.03221031174728328,0.015010842807570096,0.019920721196357506,13.786803422951216,0.0042044369361978
2022-10-19,LYV,-0.01219912290307047,-0.00854656141962015,0.00025470171041368857,0.0002512783872984893,13.720761320802204,0.0039357371999234
2022-10-20,LYV,0.004922690876959118,0.006076758005998181,-0.000509371132954547,-0.00959121587913647,13.639371052850533,0.0036280954728845
2022-10-21,LYV,-0.008852934396873072,-0.007570630430527081,-0.009213132431925557,0.008460157430913324,14.084927585434107,0.0056647615898633
2022-10-24,LYV,0.012748700367275942,-0.006749941704785574,-0.012678091762314136,-0.010999480060233838,14.041211636017085,0.0054224558695514
2022-10-25,LYV,-0.011098674560792717,0.027829387406219187,0.026212485831795845,0.0380415686321768,14.310024466105432,0.0070947980284898
2022-10-26,LYV,0.033301053677824016,0.01079779197981881,-0.0081497891498745,-0.04045998049633731,14.804382754615247,0.011631539952544
2022-10-27,LYV,-0.02408551972744153,-0.021713544208794518,-0.005256034497482132,-0.004342330841032944,14.149623585266973,0.0060433642778507
2022-10-28,LYV,-0.019285097531316235,-0.01190932228201437,0.0,0.024402252215067786,13.830597180409411,0.0043926565582258
2022-10-31,LYV,0.023298141393140084,0.0012472700935371504,0.011755797840873402,-0.005636602302463125,14.091095504346152,0.0056998093815513
2022-11-01,LYV,0.01256159921167795,0.01644136416544658,0.00885293439687307,-0.0022635862801440977,14.015017758646987,0.0052822647027995
2022-11-02,LYV,-0.027059193375522223,-0.02018766031642058,-0.03406650367827596,-0.033931960813173435,14.22887835738748,0.0065418217596352
2022-11-03,LYV,-0.038311907802014024,-0.033586662491832966,-0.031765527908188256,-0.004699755615597668,14.724736794952191,0.0107410664303978
2022-11-04,LYV,0.06709991593073576,0.04922752398050467,-0.09634624555101255,-0.07751598246788008,16.21327864085617,0.047589708846831
2022-11-07,LYV,-0.1305571357025943,-0.10168600423477428,0.03291882063708354,0.03528635091978155,15.10842814404773,0.0157645832390071
2022-11-08,LYV,0.033320338190634964,0.007742073635157062,0.024206703552584762,-0.0049261265645071705,14.40151841951113,0.007774552111722
2022-11-09,LYV,-0.026315546040164204,-0.002709723564489414,-0.010120992029086229,-0.003572934055114902,14.669245228993914,0.0101612634567943
2022-11-10,LYV,0.053942320719562835,0.04431613859309252,0.05924408078125155,0.049943280960005464,14.49592755245131,0.0085443054624986
2022-11-11,LYV,0.020684097061647574,0.003368680379323122,0.004251929099978216,0.004442661734345804,14.047654285907761,0.0054575036612394
2022-11-14,LYV,-0.010550375199110451,-0.0054474606468404895,-0.026876114422871387,-0.041256663582192224,14.487434612797692,0.0084720464351913
2022-11-15,LYV,-0.011324858758410727,0.009449340219632363,-0.007519283755510836,0.009196715047918799,14.79770175810482,0.0115540886598015
2022-11-16,LYV,-0.0268436456596278,-0.044387383642929164,-0.006056486953099458,-0.0036414719772453166,14.243389912799609,0.0066374459814011
2022-11-17,LYV,-0.012043458644407975,-0.012604358873549463,-0.01726818901061233,-0.029619656785425965,15.130443441090847,0.0161154938446731
2022-11-18,LYV,0.010818331327240038,0.007067121790138526,-0.09019614153746584,-0.08174909617890214,16.542284438494622,0.0661299906497684
2022-11-21,LYV,-0.0995961039784007,-0.07696636850136884,0.01661744645292504,0.010965237145615054,15.470055861476121,0.0226326523434909
2022-11-22,LYV,0.00330481330848096,-0.009995677510055345,-0.005457876121919712,0.008182674848026308,14.755322875581008,0.0110746694846129
2022-11-23,LYV,0.014590155018421936,0.015392745756749905,0.01613545851898724,0.01602156663155075,14.374898319903746,0.007570323004602
2022-11-25,LYV,0.013359899367963689,0.005946839832260158,0.019406655526651096,-0.0017513540054500312,13.401208014504952,0.0028592074996805
2022-11-28,LYV,-0.0002916663186643143,0.012502787407038151,0.0013194978158797735,0.0033540440393047964,14.818016049612805,0.0117912021146781
2022-11-29,LYV,0.007846498968754211,0.01544711489460728,0.01223251543072102,0.021887074221142888,14.906460566194331,0.0128815778560817
2022-11-30,LYV,0.01665035871806507,0.02718989914801167,0.01593831806364087,0.035675645020563265,14.906124612531276,0.012877250968219
2022-12-01,LYV,0.042227395493952956,0.02620358483417898,0.03965898126188416,0.010799105529855952,14.50409785805316,0.0086144010458745
2022-12-02,LYV,-0.004376370490078377,-0.011531377298606788,-0.00783454885587066,0.005017914022932869,14.252474979126433,0.0066980224114791
2022-12-05,LYV,0.0035572911460775413,0.005648188301016128,0.008108287985235739,-0.0005412844078875937,15.83126668117762,0.032479351052666
2022-12-06,LYV,0.008838204358130515,-0.008349129574275688,-0.03680370022568673,-0.041030599194405236,14.894532536795257,0.012728838714528
2022-12-07,LYV,-0.04386129898430267,-0.03439128622487418,-0.007125582565566844,0.0032382389803516007,14.599458219450709,0.0094763171081269
2022-12-08,LYV,0.004234347303680475,0.0053043799141337,0.0024283731041340197,0.0046280403710991175,14.328873559861917,0.0072297969298065
2022-12-09,LYV,0.002251037219349816,0.018619922183054922,0.015150835997104687,0.0041887163566617465,13.95666370607685,0.0049828440626998
2022-12-12,LYV,0.008117528066073616,0.006537796972041089,0.008117528066073616,0.02517849033429353,14.204033623399939,0.0063812942199285
2022-12-13,LYV,0.05439000206273954,0.04005051295520992,0.021102760029196952,0.007714726058418161,14.77397954821692,0.0112832254795957
2022-12-14,LYV,-0.02920111459340639,-0.02830876117359823,-0.010978502390491566,-0.01466822267300866,14.391843545887832,0.0076996969516971
2022-12-15,LYV,-0.021432301869549756,-0.024172806463319048,-0.03210932546190319,-0.03991589041812156,14.587700407864528,0.0093655487788414
2022-12-16,LYV,-0.03031177981105486,-0.030707184496113493,-0.015074624277050166,-0.01232108097963352,14.809429145641271,0.0116903856274769
2022-12-19,LYV,-0.013256651613255194,-0.01600266639486097,-0.015745976283200454,-0.014227930805002868,14.450287355251815,0.0081631066417936
2022-12-20,LYV,-0.015642445318268066,0.0024454902561986173,-0.0051566391027257075,0.0042314342872881204,14.272556219197247,0.0068338866903683
2022-12-21,LYV,0.01984019199556833,0.015822447251687143,0.017860250251335974,0.028704611296486698,14.279245203127035,0.006879751701713
2022-12-22,LYV,0.009631327889706883,-0.0014152064962759448,0.0036208310487881503,-0.0015575310809080852,14.306236122205505,0.007067971323741
2022-12-23,LYV,0.007979488850296392,0.010285342425322388,0.008923530006688316,0.001699034031361941,13.730280502569768,0.003973381124329
2022-12-27,LYV,0.0009929739929988232,-0.01141899468504504,-0.008634367351121957,-0.0156833284869777,13.890618958094434,0.0046643851160042
2022-12-28,LYV,-0.018748278070194895,-0.005402305612385571,-0.016466745594878113,-0.020762889983493023,13.650165285177378,0.0036674701524352
2022-12-29,LYV,-0.006086066546077793,0.004125489987248899,0.01023257838119504,0.028777892050939665,13.985676028013179,0.0051295255612458
2022-12-30,LYV,0.00029060663868704927,-0.009127264797593562,-0.0007274758641015399,-0.005861817683976232,13.948905316254752,0.0049443347607217
2023-01-03,LYV,0.02850580325048387,0.017749844005580526,-0.0027691112545783292,-0.012698543842116196,14.074948236461337,0.0056085120476481
2023-01-04,LYV,-0.02112245982030157,0.008130044786975845,0.007560435572104812,0.03074527550348098,14.356497326798785,0.0074322952817814
2023-01-05,LYV,0.018152383521069362,0.010277944547636602,0.01237961103322221,0.009112020703243223,14.362128524732867,0.0074742660940497
2023-01-06,LYV,0.024623546075844334,0.017260627248161593,0.026818847488548955,0.009997217208136283,14.133746810890687,0.005948172744871
2023-01-09,LYV,-0.01953734386272083,-0.017537082090886873,-0.01898132353114691,-0.0016592249062915886,15.258988568716799,0.018326100853733
2023-01-10,LYV,0.01939910688794808,0.010996716338469747,0.005097004158791321,0.0041430168775514736,15.88610066603214,0.0343100573073797
2023-01-11,LYV,0.00921789826744121,0.011823133280576983,0.02248227986825593,0.01069234054970572,14.509807577206276,0.0086637275675094
2023-01-12,LYV,0.006960139352007812,0.0014849900114451676,0.0034461403780309974,-0.0025939643841412616,14.516130249640712,0.0087186790433659
2023-01-13,LYV,-0.015763489417803776,0.008863926827139327,-0.005519560586701686,0.02043237421120201,14.257565357017675,0.0067322048255945
2023-01-17,LYV,0.03101454234802664,0.02077480840574346,0.029046903503173106,0.019366555973289557,14.564565843275643,0.0091513678296372
2023-01-18,LYV,0.027348287402598127,0.005485166823312879,-0.012578786100997752,-0.034753646122924114,14.353757361077248,0.0074119589088267
2023-01-19,LYV,-0.04983336879113082,-0.037825469977028785,-0.014532714271809423,-0.004088808023482076,14.400850342806667,0.0077693598462867
2023-01-20,LYV,0.014551146756707016,0.018228632325132804,0.017115498757945328,0.025485089460215812,14.762408474373993,0.0111534188437143
2023-01-23,LYV,0.02031336295197748,0.02388564573816187,0.019759949090032296,0.010989873128780237,14.479280934719954,0.0084032489181741
2023-01-24,LYV,-0.00783583732076519,0.00787965845545595,-0.001731796287031133,0.01386183490088078,14.437699186352233,0.0080609920882336
2023-01-25,LYV,0.015216985842665995,-0.002060841318857132,0.0129820784049737,0.006859520632270458,14.049001193097952,0.005464859370606
2023-01-26,LYV,0.02400372731061546,0.02445366102301633,0.017741046887085037,0.024337107983669407,14.3891988619305,0.0076793605787423
2023-01-27,LYV,0.015267433598492135,0.013993170661261925,0.023765021459714486,0.011514497072325831,14.314527330898262,0.0071268169986739
2023-01-30,LYV,0.010300301189822147,0.008278272878092048,0.00113576854279124,-0.011514497072325904,14.295403253810324,0.0069918180973573
2023-01-31,LYV,-0.004383481068619934,-0.009147132810085905,-0.002525630602614757,0.013130876095697018,14.248656330311915,0.0066724937730891
2023-02-01,LYV,0.00488324266043402,0.012463937969972375,-0.008634881280809189,0.010259058442048743,14.480670216175609,0.0084149315154035
2023-02-02,LYV,0.023942924194533182,0.018950974880380996,0.03311476888701334,0.0024563627278352627,14.467054709909561,0.0083011343646141
2023-02-03,LYV,-0.022944149672321088,-0.02695448401503212,-0.017298662109220136,-0.021324805036863147,14.088663339608534,0.0056859633403906
2023-02-06,LYV,-0.015467088650304002,-0.00470877263879241,-0.015051222029559084,-0.0002507115219474549,14.132072318616705,0.0059382209027868
2023-02-07,LYV,0.005938403812861828,0.003347968178196995,0.002545463370333064,0.011217885692162618,13.870946210925721,0.0045735204708872
2023-02-08,LYV,0.014259146326419463,0.009609520748571911,0.011626545739559119,0.0087616909712957,14.670436819401488,0.0101733787428099
2023-02-09,LYV,0.022837096586626304,0.01726073958706586,0.004763168802734341,-0.015227724818301558,14.528313786450717,0.0088255531735749
2023-02-10,LYV,-0.04100912344426467,-0.04183682735168918,-0.05197144942485192,-0.04791105743498107,15.125032130227464,0.0160285233986326
2023-02-13,LYV,-0.03330421958716596,-0.021593682770611595,0.003156308384068406,0.0076917962671139775,14.664764076233961,0.0101158311342358
2023-02-14,LYV,0.0002614281963850948,0.003332936578772762,-0.0021030982811969913,0.013928543702160637,14.043841431826987,0.0054367345994984
2023-02-15,LYV,0.017107722802357495,0.012842723789415329,0.021993240100972027,0.011334083411453214,13.880362467490574,0.0046167893495143
2023-02-16,LYV,0.0030792668415991387,0.000884001997458005,-0.00038620892811246457,-0.009670544059791737,14.04971352783674,0.0054687535696824
2023-02-17,LYV,-0.0012818675806391424,-0.012447809179795178,-0.029533076208159707,-0.02354571534417846,14.715021696566959,0.0106372211216927
2023-02-21,LYV,-0.03564573070140544,-0.03128698156332095,-0.0086580829802351,-0.017697190820862057,14.183205260714194,0.0062497568289021
2023-02-22,LYV,-0.0010639956909756986,0.012710663030374086,0.0009360125704047553,0.005183071944960909,14.308193188479308,0.0070818173649017
2023-02-23,LYV,0.007159947072983388,0.002860404911486967,0.0009351372701009793,0.013822314718115854,14.79346104630632,0.0115051948269528
2023-02-24,LYV,-0.005830179947424686,-0.020727414114116046,-0.0934291938668602,-0.10624699814935945,15.809013011183957,0.0317645491777459
2023-02-27,LYV,-0.08294833381107027,-0.04223695882330325,0.01527640157347356,0.04338925432203049,15.017070754290621,0.0143882002098782
2023-02-28,LYV,0.0362954147308464,0.008673521271115843,0.03350683310174315,0.003196829861546739,14.561677516680597,0.0091249738136746
2023-03-01,LYV,-0.0036267600251559014,-0.006463525085207348,-0.0027964863911981532,-0.0006940435132375721,14.372208378484903,0.0075499866316472
2023-03-02,LYV,-0.0022383338072139315,0.007833471922963482,-0.009849480937998405,0.006229644905474456,14.32226852000006,0.0071822011633166
2023-03-03,LYV,0.020927963329752743,0.005596847955588985,0.024444264374983024,0.00701374167436735,14.227951941841084,0.0065357641166274
2023-03-06,LYV,0.00860363427636071,0.005430389759460873,0.000827552579556238,-0.005083513693229703,14.363459119166784,0.007484217936134
2023-03-07,LYV,-0.016175819360480317,-0.011027237715049777,-0.034933732055856995,-0.032904592599279255,14.445132570437636,0.0081211358295253
2023-03-08,LYV,-0.027602470012982733,-0.032557187304481885,-0.00457928232867294,0.0,14.101892535658994,0.0057616838779881
2023-03-09,LYV,-0.0029878244455006967,-0.0007072989103236376,-0.024391457177087503,-0.030349127681307854,14.418514735836785,0.0079078202578935
2023-03-10,LYV,-0.03082060056025069,-0.03660879764394324,-0.02439870152089124,-0.022256111013922806,14.48462167285974,0.0084482485519464
2023-03-13,LYV,-0.022139014110119454,0.0055628491539331075,-0.008165793246864627,0.004789706630945314,14.918513526806713,0.0130377785079256
2023-03-14,LYV,0.02140394534293568,0.0002918791957126529,0.015966562541150375,0.009806854825389228,14.324915773427849,0.0072012394699126
2023-03-15,LYV,-0.020652979587956612,-0.01960116119597711,-0.02527180255397477,-0.00891136881638829,14.888224015185793,0.0126487912890678
2023-03-16,LYV,0.0009003235773711174,0.011689130381247925,0.009153358814445995,0.009354955319165636,14.423045927140125,0.0079437334271541
2023-03-17,LYV,0.013113060418447517,-0.006345484065194403,-0.0004556661385753279,-0.019702239160962646,14.66600373645228,0.0101283791090377
2023-03-20,LYV,-0.012513256586534266,0.017463130760755112,0.009676510272160191,0.02515578809659524,14.448111769864544,0.0081453664015565
2023-03-21,LYV,0.03230134716846127,0.009411515770775163,0.030525375313058718,0.0174855767661434,14.324254616776361,0.0071964798932636
2023-03-22,LYV,0.004344618357180692,-0.0015865094811681566,-0.03399204128100838,-0.04414986535236484,14.622567058801536,0.0096978537666978
2023-03-23,LYV,-0.0358966877307838,-0.026917896739571057,-0.025074039836280544,-0.013680127701200563,14.283700668779074,0.0069104726055383
2023-03-24,LYV,-0.03134297645325677,-0.01886004278999434,-0.00527781957127418,0.00929248276356489,14.463190073735792,0.00826911539443
2023-03-27,LYV,0.030443752829050628,0.021377603025355033,0.03351759771579444,0.017138114100257534,14.12453891859565,0.0058936539578008
2023-03-28,LYV,0.0031435803585069047,0.0038382410538240095,0.005403804736472599,0.011264416802104677,14.476754705720039,0.0083820471676468
2023-03-29,LYV,0.025963908441440756,0.015787408794918804,0.017657477890997007,0.011138941806881682,14.194153136819125,0.0063185543459192
2023-03-30,LYV,0.007832951657485389,0.011679250244430658,0.00323056412584796,0.008562512924320758,14.28025098583328,0.0068866747222934
2023-03-31,LYV,0.01134989442383949,0.008137666131819897,0.018879489600659837,0.011494423526282478,14.160801651050845,0.0061112964172953
2023-04-03,LYV,-0.0024314989698102237,-0.00498894144567264,-0.011575922126630485,-0.009906081343910808,14.067980651540058,0.0055695700568836
2023-04-04,LYV,-0.005888759022380869,-0.0048704287738344345,-0.009945969305101743,0.00115359541005083,14.149623585266973,0.0060433642778507
2023-04-05,LYV,-0.01042582925037631,-0.007639659200707919,0.00249575368886435,-0.008538966819256996,14.092006043212809,0.0057050016469865
2023-04-06,LYV,0.00029114063264137284,0.0002893032915927854,0.00205067299829447,0.004784960930249125,14.19545339274209,0.0063267754328584
2023-04-10,LYV,-0.003060544243331441,0.011076920842728223,0.0001463477449403563,0.008641939148311437,13.89957685245267,0.0047063559282725
2023-04-11,LYV,0.020229001710989042,0.01279337273437775,0.019128241914735035,0.006432685128738731,14.137449843836599,0.0059702398729708
2023-04-12,LYV,0.015611989370427376,0.005352840565830538,0.003295888309016397,-0.003997703434321922,14.254153155678434,0.0067092723199221
2023-04-13,LYV,-0.008201429187162062,-0.0008432545447968269,0.0057061711578941954,0.009114266717526092,13.795614946345186,0.0042416481718171
2023-04-14,LYV,-0.0012787381074916436,-0.00578163715611755,-0.023168178458941438,-0.022653324707516468,14.007040421204449,0.0052402938905312
2023-04-17,LYV,-0.02315474100701775,-0.02448048807125398,-0.011862263864463643,-0.00771528365514437,14.24038671344323,0.0066175422972326
2023-04-18,LYV,0.0018896327981903264,-0.0020310378232226423,-0.003689768928749348,-0.010577463447832409,14.43264079159088,0.0080203193423241
2023-04-19,LYV,-0.026636811531692266,-0.01286187312487358,-0.015347076339710558,0.0005905937835580361,14.021630832008219,0.0053173124944875
2023-04-20,LYV,0.0007453659949202427,-0.007530520917297379,0.0004503307177941334,-0.012924532050679971,14.110938305076962,0.0058140392211269
2023-04-21,LYV,-0.000894551407003038,-0.004903090270706181,-0.0043619070362689505,0.0014941897753741966,13.657336294369388,0.0036938641683977
2023-04-24,LYV,0.0059488800644980884,0.005495784235790011,0.0040617472713763815,0.0032790846315357046,13.865824322769324,0.0045501552764285
2023-04-25,LYV,-0.007292323340220191,-0.008180354188479776,-0.010261147834157032,-0.011976122653548273,14.086454069071625,0.0056734153655887
2023-04-26,LYV,-0.007947838173760617,-0.0020929801469915673,-0.014821895994279763,-0.014869085341473165,14.120861364934566,0.0058720195184873
2023-04-27,LYV,-0.011203718590202602,0.012049198613481025,0.003687740366791444,0.02922338487409116,14.303109109710501,0.0070459041956412
2023-04-28,LYV,0.021985512670583282,0.009418751283797693,0.025889065400088573,0.00621576917401164,14.361201848497595,0.0074673430734694
2023-05-01,LYV,0.010224619491589964,0.015839959013292635,0.012475972233216889,0.009105698767553959,14.12145068311787,0.0058754810287774
2023-05-02,LYV,0.002650182645332041,-0.014961405682133432,-0.020278026222168517,-0.00954838717686542,14.287512813624984,0.0069368666215008
2023-05-03,LYV,-0.005307407425794687,0.0020467753713469534,0.01257319287538023,-0.007110137624684406,14.13141631848822,0.0059343267037103
2023-05-04,LYV,-0.009505483307929294,-0.015305683688956304,-0.012723861497844317,-0.00297747657358859,14.366172666795563,0.0075045543090887
2023-05-05,LYV,0.10178750924456054,0.1592435049509642,0.1046069928722724,0.14014438993723113,15.717767476186754,0.0289944755680373
2023-05-08,LYV,0.0392518323898503,-0.010552533800268592,0.039768595824057874,0.00851722813607932,14.658628695467094,0.010053956637799
2023-05-09,LYV,0.010699350452556024,0.009033703624337603,0.004034068242175938,-0.0024445485976797546,14.633527161876257,0.0098047278969068
2023-05-10,LYV,0.0026890225749042302,-0.0011405658581737342,0.00840614739173855,0.011908717932078447,14.324134359497794,0.007195614515691
2023-05-11,LYV,-0.0003836897179976574,-0.00317521061920185,-0.007238046278590084,-0.010235445344963618,14.320399192636483,0.0071687878109422
2023-05-12,LYV,-0.004487455173383247,-0.004845676961898465,-0.004029349292892974,0.005002888768204529,14.100239022808381,0.0057521647246901
2023-05-15,LYV,0.0015408675998906858,0.02996947025910419,0.011009741363228801,0.028259706355000427,14.736231860349516,0.0108652481120576
2023-05-16,LYV,0.029456579088220615,0.00630685483396207,0.025562556494945404,0.004468179355278268,14.270083874898402,0.0068170118277037
2023-05-17,LYV,0.014470672457227683,0.017837968929912885,0.01705615868024603,0.015970892627212845,14.475411661633169,0.0083707972592038
2023-05-18,LYV,0.010747505038418521,0.028883713859271517,0.012634314151344002,0.029422679633149547,14.84741343748833,0.0121429780979167
2023-05-19,LYV,0.02909165844195427,-0.001177145200354111,0.02098735658484458,0.002718235466429267,14.167223913555182,0.0061506710968459
2023-05-22,LYV,-0.0023626348218513515,0.009495382939142524,0.006187600260421221,0.00023597643100202074,14.59566124048284,0.0094404039388664
2023-05-23,LYV,-0.006407246633664834,-0.01315348120564485,-0.02766265394471632,-0.032255088997997575,14.79912380706011,0.0115705308336798
2023-05-24,LYV,-0.027637079917992118,-0.02623055759008628,-0.009927130319615786,0.00024374646806819093,14.326656730349066,0.0072137874447144
2023-05-25,LYV,0.006464604758430074,-0.0018220657878924925,-0.0014791417093706109,-0.004762778490621356,14.175560500183682,0.0062021610624122
2023-05-26,LYV,-0.0012165265879023825,0.00654390256366215,0.0068838325812739425,0.005615237817570012,14.36305434303426,0.0074811891146301
2023-05-30,LYV,0.007156272157092162,-0.0006041569944724246,-0.018796109970596674,-0.023649311450639116,14.757625359650572,0.0111001981230029
2023-05-31,LYV,-0.031179658394046097,-0.024345173111905167,-0.0050056608918397135,-0.0036211677832792386,14.939563472074301,0.0133151320199255
2023-06-01,LYV,0.0004986402100429837,0.008017329651169545,-0.004274539246532491,0.01477638872922613,14.268114308500131,0.0068035984753293
2023-06-02,LYV,0.02376813262869118,0.018742192500111377,0.028198832757938642,0.020737564163463444,14.072089659058813,0.005592502562556
2023-06-05,LYV,0.004129274347456919,-0.00012060211101429918,-0.001225621846449294,-0.0039920433757147855,14.010749162663462,0.0052597648859134
2023-06-06,LYV,-0.0013340685734421855,0.006250731394915012,0.010491746814312867,0.005921799528903288,13.77874387122354,0.0041706872108686
2023-06-07,LYV,0.013021666988054632,0.005258796044638131,0.004359423256322813,-0.002171295305952333,13.851457649429541,0.0044852519584879
2023-06-08,LYV,-0.010355307209261385,-0.006217844215575225,-0.014238218133280592,0.004938920659595523,14.083322265825757,0.0056556751253516
2023-06-09,LYV,0.011432785149439191,0.010618716536701869,0.019180023308372648,0.01111322054647833,14.269131343283298,0.0068105214959096
2023-06-12,LYV,0.01354904727406952,0.02345873408100281,0.010049180940254763,0.017901745832945033,14.675696861536998,0.0102270321523075
2023-06-13,LYV,0.018132368349038946,0.009001777641384184,0.023527728595345555,0.015750188172583696,14.708574013118861,0.0105688562934618
2023-06-14,LYV,0.010149997700317033,0.00801007776468714,0.005796445485344921,0.0005743846184281878,14.851502839524851,0.0121927373083379
2023-06-15,LYV,0.0017199055505679678,0.03185558695206021,0.006222662385991456,0.036753032295876106,15.023575278968442,0.0144820936764991
2023-06-16,LYV,0.04480534337016949,0.009230794531713382,0.03132496299022922,-0.0017726133124807252,14.949232878912253,0.0134445059670206
2023-06-20,LYV,-0.019020823525786112,-0.014544105195660724,-0.011420979897188896,-0.0117117290498474,14.271225716470166,0.0068248002258566
2023-06-21,LYV,-0.005373385453160626,-0.003335138386805767,-0.004854107754373044,-0.005399897594551784,14.197844184283017,0.0063419195403778
2023-06-22,LYV,-0.00936002558158706,-0.0067040039186617535,-0.006698906256697302,0.0016906346321529809,14.014034314036865,0.0052770724373643
2023-06-23,LYV,-0.006137090579644074,-0.005508393161388607,-0.004567278263022666,-0.0117808440560585,14.791088924167632,0.0114779354334177
2023-06-26,LYV,-0.0038835453749188815,-0.006332686058136608,-0.0027503784056407644,-0.005255342506017189,13.734084644101976,0.0039885252318484
2023-06-27,LYV,0.0062746547709052365,0.007346758210859524,0.0010323332437994623,0.008781451549527702,14.168629888193836,0.0061593248725714
2023-06-28,LYV,0.0035193038743477076,0.003709262962398833,0.0057156074758350495,0.00735340744894588,14.089043755498984,0.005688126784322
2023-06-29,LYV,0.004748519886071736,0.012819991100868431,0.006023073640569358,0.010762425365681979,14.27261953233582,0.0068343193791545
2023-06-30,LYV,0.019546050632855243,0.01276710775806508,0.021853247474466132,0.015819792257983467,14.1539815101079,0.0060697582938132
2023-07-03,LYV,0.007712653169976376,0.005670643753169792,0.007069502526893004,0.0069999125098502285,13.552717501578666,0.0033269440776397
2023-07-05,LYV,0.00525448100634102,0.009200676362610976,0.0002201658860595674,0.010516725262294671,14.551909259353891,0.009036272612489
2023-07-06,LYV,0.0034878217833620396,-0.007788046335238582,-0.0004402962593927026,-0.011716361271997756,14.48886362119183,0.0084841617212069
2023-07-07,LYV,-0.005017535748437866,0.013268123916381205,0.006802693792832686,0.0013086451767671402,14.315740848908042,0.0071354707743993
2023-07-10,LYV,0.002402810533173999,-0.000964849567409311,0.0013113623208414415,0.0029381014848349355,14.514540898749555,0.0087048330022052
2023-07-11,LYV,0.0037021380123739337,0.0027848615377831813,0.0022906918794341285,0.009193710231760441,14.426580170258765,0.0079718581982617
2023-07-12,LYV,0.01627799125681496,0.003736709466787891,-0.0014174047316773215,-0.012240820883659194,14.826602612924404,0.0118928839794519
2023-07-13,LYV,-0.012697903848586293,-0.0028813492938321284,0.007283808519466594,0.014821526543529653,14.354515975323874,0.0074175838630482
2023-07-14,LYV,0.007014560097544044,0.010101600776764866,0.007231138063255946,0.014287441297539085,14.054370753243772,0.0054942822080724
2023-07-17,LYV,0.018538837806885592,0.0031689374523811847,0.010164369070428964,-0.001801305588465443,14.137014903949307,0.0059676437402532
2023-07-18,LYV,-0.006141504014247278,0.029921173557232915,-0.004267144502555011,0.034809645917734486,14.753915361335078,0.0110590926883071
2023-07-19,LYV,0.03403964106760906,-0.0014339794896753484,0.019584582673341545,-0.020593658896653946,14.660047897331275,0.010068235367746
2023-07-20,LYV,-0.025683773539236707,-0.006788013679390305,-0.008527688183050686,0.01226244515119365,14.659231027111028,0.0100600142808068
2023-07-21,LYV,0.028144534110261972,0.019519254855117716,0.02123620527152309,0.00020651289421800347,14.733280595126624,0.0108332291418736
2023-07-24,LYV,-0.008742647139733556,-0.01519427471925782,-0.015648138935486517,0.0032990475717293508,14.523103395784927,0.0087796881622301
2023-07-25,LYV,0.004637956689601249,0.01842757755841082,0.019986073544913805,0.013392803830907138,14.554634902296243,0.0090609358733065
2023-07-26,LYV,0.009008119730627286,-0.008815043856842463,-0.0015471255620456972,-0.00580538053384969,14.089880161405324,0.005692886360971
2023-07-27,LYV,0.008119430190712906,0.008613302095848733,-0.004448363183574716,-0.009957493469631033,15.223003874981229,0.0176783657406849
2023-07-28,LYV,-0.0018211286386647701,0.0261901678207192,-0.17408183647325454,-0.08165167344153756,16.347022526566928,0.0543997976539544
2023-07-31,LYV,-0.0774553471756587,-0.09186615209578214,0.06670327295964795,-0.017845535865417945,15.79760122654088,0.0314041194187819
2023-08-01,LYV,-0.04372582242327972,-0.04811698019871733,-0.007182550796914769,-0.007434996006219808,14.90599019945752,0.0128755202130739
2023-08-02,LYV,-0.008725682414583158,-0.019752834335451927,-0.008875477236762883,-0.01305845395422719,14.481954869221095,0.0084257487350602
2023-08-03,LYV,-0.017448389371804818,0.0025337018744432623,-0.000586718147110399,0.0032516435259408497,14.342072316748716,0.0073258538403587
2023-08-04,LYV,0.018370494428899178,0.021168430722612756,-0.0005869729879254398,0.017013898493197253,15.080484666094252,0.0153301636975908
2023-08-07,LYV,0.017359922248639467,0.008856981368401927,0.028823082734371817,0.016841288977396934,14.621361675144968,0.0096861711694684
2023-08-08,LYV,0.00519480658269195,-0.0058210917156360925,-0.010207088935993631,-0.015133027119432839,14.371635115784763,0.0075456597437845
2023-08-09,LYV,-0.008029436303917632,-0.011290624665313633,-0.009148357703279516,-0.01814258281104967,14.275211925686508,0.0068520596193917
2023-08-10,LYV,-0.01429494299581053,-0.00478032057620203,0.002556074605146802,0.007963511510672126,14.040253629363907,0.0054172636041162
2023-08-11,LYV,-0.010071310033748802,-0.00652437138239912,-0.013669213970401908,-0.004377855572174011,14.601237375605724,0.0094931919707914
2023-08-14,LYV,0.005106224983062428,-0.006104940511343402,0.006215191743243467,-0.005209214038356248,14.09458141005408,0.0057197130657198
2023-08-15,LYV,-0.006037364635977698,0.01091647648129555,0.002685142361866887,-0.0005805195556040869,14.005387666223447,0.0052316401148058
2023-08-16,LYV,0.001047504453945876,-0.010916476481295474,-0.00866513482198962,-0.0059402904741108,13.624835406854597,0.0035757401297457
2023-08-17,LYV,-0.005950687276049026,-0.009402880627656712,-0.006252586678426551,-0.012223952631907271,13.791833454569852,0.0042256386867251
2023-08-18,LYV,-0.017590889799535506,-0.011495677651233062,-0.015143634271908847,-0.002012408752736276,13.649339083685945,0.0036644413309313
2023-08-21,LYV,0.004634306854021827,0.0022390535903920113,0.00048039984266633374,-0.0051084198892599846,13.71502812509078,0.0039132373830372
2023-08-22,LYV,-0.0022549983990706383,-0.0050746591635444215,0.005986608158612269,0.0034480851843665923,13.565767608549109,0.0033706456450531
2023-08-23,LYV,0.0056871683957853605,0.0030714984957800327,0.0030989553206369823,-0.0019009589375450294,13.525159593854116,0.003236512121309
2023-08-24,LYV,-0.011526492475578187,-0.00236179783287846,-0.008965453764240091,-0.004648669260163865,14.252927073006905,0.006701051232983
2023-08-25,LYV,0.003936330420050458,0.01116932362733591,0.007655532620096592,0.012938681078735768,13.889505166549732,0.0046591928505689
2023-08-28,LYV,0.011481468538419873,-0.004805119459958617,0.004043339634720795,0.0005894644180916385,13.964879250866987,0.0050239494973956
2023-08-29,LYV,-0.005901811191006876,-0.0009403130609737624,-0.002971417098668798,-0.0066225120795017425,14.581536848793508,0.0093080011702673
2023-08-30,LYV,-0.002133211319699381,0.0,-0.0020256879120519864,0.00023732675688156377,14.227355935463391,0.0065318699175509
2023-08-31,LYV,0.002014793794995819,0.00035269860090788994,0.0036907618766684777,0.0027245852908028534,14.191959403296405,0.0063047083047585
2023-09-01,LYV,0.002128922232818247,-0.004004673570886403,-0.012556255270217814,-0.005694590336310653,14.301511175376225,0.0070346542871981
2023-09-05,LYV,-0.01403949670508908,-0.009605827560566204,-0.010159694727914687,-0.014259452148147986,14.149265534747949,0.0060412008339193
2023-09-06,LYV,-0.009268758934870874,-0.012349522028948564,-0.020758620770132498,-0.026413906555493177,14.817171687824853,0.0117812502725939
2023-09-07,LYV,-0.030575228438256413,-0.021461647687156173,-0.014250233514282031,0.0024753054659220745,15.48692765673086,0.0230177453632723
2023-09-08,LYV,0.0034852712422047813,0.004672965761680083,0.008399700537526337,0.0004943266851375723,14.634762056081485,0.0098168431829224
2023-09-11,LYV,0.009645168785582463,0.013041804316478237,0.010432334586240814,0.020059373020164997,14.216030793651061,0.0064583128238848
2023-09-12,LYV,0.00991862107472651,-0.003153454812439604,0.006772117506614692,-0.011325704526525657,14.206133395838203,0.0063947075723029
2023-09-13,LYV,-0.00586587736672281,0.00279011951612949,0.00122637343892125,0.010114042304155102,14.147688587662463,0.0060316816806213
2023-09-14,LYV,0.01713394724018208,0.031597190681780934,0.0092717775380419,0.03021304134975953,14.719040617672873,0.0106800573115335
2023-09-15,LYV,0.02357536639269785,0.0008212553691575702,0.016141087122343127,-0.0140972829023554,14.756689395513904,0.0110898135921324
2023-09-18,LYV,-0.017928673702197254,-0.016673904364836307,-0.01832927555744206,-0.008386259021531284,13.88279623969838,0.0046280392579574
2023-09-19,LYV,-0.00588764512764639,-0.0034641486592305697,0.0014593550838834025,-0.0038572815863555515,13.988287543240274,0.0051429389136202
2023-09-20,LYV,0.002767866550274207,-0.0015567604096667987,-0.010383021963055664,-0.01582507800137477,14.022200284478801,0.0053203413159914
2023-09-21,LYV,-0.030133432943075106,-0.027212630367532294,-0.01884047135098361,-0.01895144063850539,14.185211000567211,0.0062623048037039
2023-09-22,LYV,-0.007833391120707463,-0.007292490717237118,-0.0055206515093826364,-0.002754837943357695,14.235339346067745,0.0065842252606898
2023-09-25,LYV,-0.01332009558505176,-0.008346335043509675,-0.010752188846855899,-0.0016313895966514182,13.923917329071005,0.0048223165229932
2023-09-26,LYV,0.0013905647355911311,0.004866789156218089,0.006717895923518731,0.003760759360900529,14.550999058285138,0.0090280515255498
2023-09-27,LYV,0.014173924602865946,0.009046418101775477,0.008302928800804837,0.013669884911946371,14.348606937161408,0.0073738822956348
2023-09-28,LYV,0.006084303424465017,0.036698019213271836,0.01183147209527687,0.03242352887565142,14.68370330605687,0.0103092430216991
2023-09-29,LYV,0.03813454724517711,0.010763646195390409,0.02506400654004857,-0.0077970947740859204,14.1116078727324,0.0058179334202033
2023-10-02,LYV,-0.011505389383487895,0.005397163012628411,0.00048286958270026524,0.016363490937693747,15.20123000385207,0.0172975996087662
2023-10-03,LYV,0.012458245957810086,-0.006692125942979628,-0.004232920008497805,-0.01768903923737623,14.278679005487547,0.0068758575026366
2023-10-04,LYV,-0.010170574853458254,-0.0075677243274941105,-0.0013340685734421855,0.01412859108790062,14.10974685448658,0.0058071162005466
2023-10-05,LYV,0.01136032484542119,0.013089044911349709,0.0191122632698186,0.013228050690032597,14.654099606494562,0.0100085243152405
2023-10-06,LYV,0.008878424861706731,0.03193535180262771,0.0058171409911880285,0.026399573038046173,14.780439442454691,0.0113563498844755
2023-10-09,LYV,0.034290387871637754,-0.003637604377827432,0.012586176316034273,-0.0059599519967589035,14.024231400234864,0.0053311585356482
2023-10-10,LYV,-0.009152282439137231,-0.002280207923660393,0.007801147466577968,-0.0050708280799799926,14.053661729468862,0.005490388008996
2023-10-11,LYV,-0.0018406040114997285,0.0039870016331487726,0.005090275093128487,0.012172836762687558,13.976609329514956,0.0050832278611147
2023-10-12,LYV,0.009055032644977928,-0.003530526502093651,-0.013008345068443833,-0.01576107125503553,14.0359312055385,0.0053938984096575
2023-10-13,LYV,-0.017263635222574254,-0.013091589890281951,-0.020431810521113074,-0.019790970951216992,14.126592456498425,0.0059057692438164
2023-10-16,LYV,-0.01214685489148159,-0.0049829212007137256,0.009381945595219309,0.012108520945787168,13.833351458410394,0.0044047718442414
2023-10-17,LYV,0.0012917694465932577,-0.005124661090483083,-0.006046638280857692,-0.012936772690114924,14.033682571639382,0.0053817831236419
2023-10-18,LYV,-0.021230720276529003,-0.018978593181402253,-0.022124220649444838,-0.02323182427802145,14.22881221330315,0.0065413890708489
2023-10-19,LYV,-0.006614918814759044,-0.013900715408923398,-0.023122383246635205,-0.025025850991841243,14.245994079242573,0.006654753532852
2023-10-20,LYV,-0.029761552749111055,-0.028146780002816747,-0.016433979410730253,-0.006855783315384577,14.13265506879145,0.0059416824130769
2023-10-23,LYV,-0.006860914401049264,-0.008475687147343628,-0.009914900054301883,-0.014234633214081928,14.724978467228846,0.0107436625631154
2023-10-24,LYV,-0.007034290458648765,-0.0036366071730470034,-0.01389270943362591,-0.0027950878731081686,14.454518820239329,0.0081977217446953
2023-10-25,LYV,-0.015242319540750206,-0.01213360560343035,0.0018118213281810903,-0.011516461924504343,14.14459917405418,0.0060130760628117
2023-10-26,LYV,0.020397244308608287,0.017521081048311696,0.007471397006748379,0.005134819210699383,14.611756147546988,0.0095935757692064
2023-10-27,LYV,-0.024115924332137984,-0.020960313014768212,-0.018653323199012518,-0.014184615454454225,14.185556411544075,0.0062644682476353
2023-10-30,LYV,-0.003861446781177421,0.007500147419284375,0.010664682436672845,0.020566258168259126,14.687891616674216,0.0103525119003262
2023-10-31,LYV,0.012941459502834204,0.015083299491149166,0.011319869195532703,0.01790488145596302,14.39683248250083,0.0077382062536752
2023-11-01,LYV,0.021785105169788575,0.009312788059713858,0.016617336442506264,0.004862030625110163,14.724857638391205,0.0107423644967566
2023-11-02,LYV,0.008928645949871066,0.023694254373939558,0.011631677989662421,0.025053419889154917,14.981937557694154,0.0138914734832388
2023-11-03,LYV,0.06915750215236531,0.04772632437516288,0.010267942509367287,0.03468560215164975,15.47432912685958,0.0227295746316156
2023-11-06,LYV,-0.015675282977163956,-0.0004604156968484663,0.0331668974933455,0.00035137662788310996,14.921595192322973,0.0130780185650489
2023-11-07,LYV,-0.005280117357323565,-0.002997836184978031,0.008181731167342757,0.008628760140581514,14.568247001011704,0.0091851175549663
2023-11-08,LYV,0.017839904021048666,0.024523630406984707,0.011506565068374318,0.013607224947926209,15.0824584431417,0.0153604519126298
2023-11-09,LYV,0.015367320253721216,-0.008259405110885432,0.002797831814733139,-0.013491103319823625,14.385360087790426,0.0076499377412759
2023-11-10,LYV,-0.020465262633374528,-0.004440649519823227,-0.010650269378188281,0.01589342777709409,14.443159290137206,0.0081051263444332
2023-11-13,LYV,0.017616095600559458,0.006596951166907193,0.024752932775673805,0.0013702074454801053,13.958485593691464,0.0049919305272115
2023-11-14,LYV,0.015627055999868498,0.021199822787175453,0.01887487550500719,0.015398861969177651,14.490697922208389,0.0084997385175126
2023-11-15,LYV,0.002917113401657664,-0.0014438526819811543,0.0014632776658593956,0.002132583319069686,14.310085450974496,0.0070952307172761
2023-11-16,LYV,-0.006744612511799755,-0.005014268492507074,-0.004283199487618762,-0.0010096356999108654,14.779677131380387,0.0113476961087501
2023-11-17,LYV,0.00965315588241328,0.0066801195365746744,0.0025946582975073704,0.00559598559968742,14.15062544523208,0.0060494219208585
2023-11-20,LYV,0.0012280282213018305,0.011035203240412725,0.0031495951176086913,0.002452361310968492,14.71733759305521,0.0106618843825101
2023-11-21,LYV,-0.0031288301978237075,-0.019616124753509243,-0.023292572287239015,-0.03143987063585556,14.634453475466097,0.0098138143614185
2023-11-22,LYV,-0.022065924407830673,-0.011368259814222754,0.001608079758136348,0.008579815740624504,13.984747719518571,0.0051247659845968
2023-11-24,LYV,0.005818305400511525,-0.003174592110408711,0.0029796279348367886,-0.001824235641907003,12.727247530467041,0.0014572958321616
2023-11-27,LYV,-0.012476599164162494,-0.006493895901937658,-0.017197005901583674,-0.019241312601127412,14.354924221672386,0.0074206126845521
2023-11-28,LYV,-0.011584930349027111,-0.010686689807934621,-0.016195693723411647,-0.016657255155528575,14.300095486478035,0.0070247024451139
2023-11-29,LYV,-0.013963294779366345,-0.018186530403068845,-0.01214152117342118,-0.011181304129644713,14.55358377991142,0.0090514167200085
2023-11-30,LYV,-0.009617142371935311,-0.007557893644660067,-0.003839693873184129,0.007388935389484855,14.528362812042577,0.0088259858623612
2023-12-01,LYV,0.004404539492261286,0.006498552294920709,0.007306741568020607,0.00035613200447048165,14.370028229704074,0.0075335444577689
2023-12-04,LYV,-0.0009507051174066243,0.007392198361100385,0.0007157905198504552,-0.00142538031662964,14.24449751228242,0.0066448016907677
2023-12-05,LYV,-0.006321194303355033,-0.0211479427965016,-0.029899961248039744,-0.03286502834642376,14.31961424001637,0.0071631628567207
2023-12-06,LYV,-0.020305269437554594,-0.006228270613956583,0.005269946859755612,0.013784874846941183,14.443959738003821,0.0081116166762273
2023-12-07,LYV,0.00838955399176821,0.014433351801811751,0.00536393396226883,0.020861539035728793,14.463242398225077,0.0082695480832163
2023-12-08,LYV,0.02156034045557273,0.011890121954609123,0.0009721939052840809,0.01073951026102742,14.841050594345877,0.0120659594939604
2023-12-11,LYV,0.014353201946472034,0.019469850872749606,0.03297389327262971,0.02205793994182044,14.278616074845276,0.0068754248138503
2023-12-12,LYV,0.021150765905377608,0.034073741854936564,0.01897507494431466,0.03353406310982576,14.940440479625028,0.0133268146171548
2023-12-13,LYV,0.025294910377631565,-0.0016652962450610987,0.0084969837491098,-0.02245771516150405,14.524039332930691,0.0087879092491693
2023-12-14,LYV,0.015051198267494624,0.040395227035673636,0.0318451869424214,0.05533352231536972,15.43176538236657,0.0217824188784678
2023-12-15,LYV,0.01968629093056803,-0.000533654510507839,0.017238963082773576,-0.0007524017653712218,15.730387107799402,0.0293626937251541
2023-12-18,LYV,-0.0012931903516141539,-0.002672797765992099,-0.0017433395593973754,0.0028989835939470833,14.226825853639477,0.0065284084072608
2023-12-19,LYV,0.00944514089051237,0.017615014071488858,0.012785961835721678,0.01743063598027111,14.338462954296157,0.0072994598243961
2023-12-20,LYV,0.0025605248700119286,-0.0017897374662373688,-0.025958457112458394,-0.04603350274152252,14.348782957242234,0.0073751803619936
2023-12-21,LYV,-0.025905405307724155,-0.03190510807428031,-0.0030987051953366594,0.008349885168670192,14.453409792695187,0.0081886352801836
2023-12-22,LYV,-0.0019702317175611557,0.006722379751758136,0.01036509903926633,0.00032816035952134,14.437699186352233,0.0080609920882336
2023-12-26,LYV,0.002516862532942293,-0.00010809030374130979,0.0010963543576256848,0.01001203460832388,13.915899636481385,0.004783807221015
2023-12-27,LYV,0.008488447795824942,0.0072147858789356764,0.009705101767038718,0.0067987622437955305,14.533838524621439,0.0088744470064235
2023-12-28,LYV,0.008309595807925868,0.017127174231990772,0.007459841286377765,0.011442135829025228,14.336445509843688,0.0072847484056629
2023-12-29,LYV,0.011858485959204607,-0.00010542172683988549,0.007832274065498997,-0.004796221013866493,14.293420971046544,0.0069779720561966
2024-01-02,LYV,-0.014225618707774059,-0.006349292266776257,-0.021606112239415234,-0.019309169617755334,14.117761733744109,0.0058538465894639
2024-01-03,LYV,-0.019031621837312152,-0.03302337004685795,-0.024766305575542734,-0.02704803597246591,14.15668671378997,0.0060862004676915
2024-01-04,LYV,-0.019177036771455887,-0.006825995458536716,-0.003925735106665271,-0.0035874443417077736,14.152768914083998,0.0060624025844466
2024-01-05,LYV,-0.008655105361639368,-0.008542756311954326,-0.010279713752510036,0.0019074134135908091,14.910182092048688,0.0129296063113578
2024-01-08,LYV,0.017568847409076566,0.012842019048178116,0.0059998910367077005,0.011258014847460614,14.129080382201517,0.0059204806625496
2024-01-09,LYV,-0.010706013524116598,0.006468925864909309,0.00450452934321438,0.01354119595555068,14.385473203500565,0.0076508031188484
2024-01-10,LYV,0.024038799537221184,0.00021851867023013163,-0.0011242100482888777,-0.021553716185284805,14.620914867777188,0.0096818442816057
2024-01-11,LYV,-0.023254269454633394,-0.0019687232880150974,0.0010118201796328863,0.019693066899838668,14.280439457523192,0.0068879727886522
2024-01-12,LYV,0.03023509391524294,0.008937469020319505,0.011730046343054492,-0.006815406274063568,13.831876895817885,0.0043982815124473
2024-01-16,LYV,-0.02264576856164668,-0.01696164771401226,-0.007804751273269266,-0.0006620896995817684,14.104217854694,0.0057750972303625
2024-01-17,LYV,-0.004010707267799016,-0.0011042235287700131,-0.005274616277270525,-0.003206026977916121,14.88118669088103,0.0125600900878822
2024-01-18,LYV,0.013967575703920602,0.0041896119741737705,0.000224984731215544,0.0037577848044140845,14.361491527078064,0.0074695065174008
2024-01-19,LYV,0.003406840941462804,0.0034048862026268873,0.008625136184483517,0.005829624098753989,14.239601784560001,0.0066123500317974
2024-01-22,LYV,0.004487950554837059,0.005794652499344259,-0.008062767039111253,-0.02386220025781899,14.878806846820547,0.0125302345616294
2024-01-23,LYV,-0.019520847690780534,-0.009529649068621065,0.005270561173249979,0.011058452699374721,14.90417385244499,0.0128521550186153
2024-01-24,LYV,0.009311633032215013,0.0038446631057388256,-0.006395615901012914,-0.0074706060459217,14.301388151523591,0.0070337889096256
2024-01-25,LYV,-0.010091530503545238,-0.012799424642933512,0.005500440406569651,0.004800995229292884,13.96969066592995,0.0050481800694268
2024-01-26,LYV,0.001447872989349293,-0.0021121950772934896,-0.004937754824178875,-0.005472709974642631,14.600279761796532,0.0094841055062798
2024-01-29,LYV,-0.00928057036922699,-0.00602748687896324,-0.006999382385362307,-0.002017941308493466,14.619170409009241,0.0096649694189411
2024-01-30,LYV,0.00459517389271736,0.008139681956256776,0.0029412028325241993,-0.0031471170794148753,14.357777288993567,0.0074418144350794
2024-01-31,LYV,-0.007407482506398714,0.00011098225320445503,-0.002374884760932606,0.00022508603237829839,14.78196232346062,0.0113736574359264
2024-02-01,LYV,0.003486145680192904,-0.0031138680075797277,-0.011730659837843452,0.006059274844789841,14.791277393536829,0.0114800988773491
2024-02-02,LYV,-0.0022477485151022264,-0.0051367962018813865,0.005255943110375242,-0.01340188385948249,14.521475735866858,0.0087654094322832
2024-02-05,LYV,-0.014620320063913568,-0.01682227477856091,-0.012268682157099501,-0.008997193924149218,14.30641975995974,0.0070692693900998
2024-02-06,LYV,-0.001028001001753608,0.022849761657524156,-0.00011539816936380522,0.016227223316656648,14.77746313735237,0.0113226001591463
2024-02-07,LYV,0.018569367307729023,-0.007371905060832034,0.010444900260964353,-0.013371221037873743,14.582233890715342,0.0093144915020614
2024-02-08,LYV,-0.005850563907153776,-0.002244635641291786,0.00022829824316052805,0.0038710777112566327,14.471215962124258,0.0083357494675158
2024-02-09,LYV,-0.0038440292032379305,0.016713480973740532,0.0038738109912085576,0.017236936533287325,14.968611347572969,0.0137075807490735
2024-02-12,LYV,0.01584573978950077,-0.0006631763013501177,0.014450451867218281,-0.00033512573068401717,14.320338833536033,0.007168355122156
2024-02-13,LYV,-0.01369578205717955,-0.01728703101731596,-0.020381174892384717,-0.019746762934834447,14.717297009479621,0.0106614516937239
2024-02-14,LYV,-0.003056596880911052,0.00628013245060098,-0.0017173457805256984,0.018628836901489768,14.708205485533881,0.0105649620943854
2024-02-15,LYV,0.019091030038327194,0.05078454151839365,0.024113976538312,0.048363954569090546,15.156886263444814,0.0165473172533718
2024-02-16,LYV,0.0435324440136152,-0.002233914891950035,0.03430410183244382,-0.0062005952926305705,14.437269679435671,0.0080575305779434
2024-02-20,LYV,-0.010922094645919868,-0.009845950097996261,-0.014698925567058074,-0.012952117691576297,14.662537381624341,0.0100933313173497
2024-02-21,LYV,-0.009954617879070862,-0.004311296985057828,-0.0031859507620835455,-0.009277077214320036,14.263524808214179,0.0067724448827178
2024-02-22,LYV,0.004448590399818199,0.01394418634531142,0.0073453797040806575,0.024799592235366735,15.006276838791209,0.0142337303131794
2024-02-23,LYV,0.06405123562457658,0.07804145675532619,0.034884136997665585,0.01938519317555374,15.571245706795152,0.0250427288830218
2024-02-26,LYV,-0.03977330274272387,-0.06881695451930626,-0.02835174077803894,-0.03360497088943557,14.9874665506171,0.0139684920871951
2024-02-27,LYV,-0.019525846919060095,-0.009863794315003404,0.0010845822461618543,0.014754483945775651,14.569000438251415,0.0091920405755467
2024-02-28,LYV,0.004944110445324065,0.014706919034193714,0.010245406026725985,0.007879903035005,14.228613754795873,0.0065400910044901
2024-02-29,LYV,0.020691539838988235,0.020994371665536738,0.013005206778120925,0.028235741171611314,15.056981727669134,0.0149740608264895
2024-03-01,LYV,0.01779905506673954,0.00471988430895072,0.02085707293555085,0.0017513852379654807,15.036576734631998,0.0146716113648859
2024-03-04,LYV,0.004529111545416315,0.023170974905261287,0.005585381549979783,0.015828723990032458,14.914889552638202,0.0129906154302221
2024-03-05,LYV,0.009302352033964706,-0.01227751345397302,-0.0011352559572390863,-0.00507873123644714,15.518839643889285,0.0237641335195902
2024-03-06,LYV,0.004669575963500443,0.007062857974110313,0.005047190997476874,0.010031043087876805,14.264993189447543,0.006782396724802
2024-03-07,LYV,0.009073573072599936,0.014473522685671746,0.01842570118471483,0.013220018919224977,14.335316339147044,0.0072765273187238
2024-03-08,LYV,0.008594043230718506,0.0033636392193647727,-0.00333419693718412,-0.007690467590573525,14.240125138933223,0.0066158115420876
2024-03-11,LYV,-0.00939727452169845,-0.006937559417338543,0.00040474468153664956,0.003203202960651249,14.303968479440286,0.007051961838649
2024-03-12,LYV,0.010292359762517612,0.01969536770780962,0.014960848378783144,0.01822197354232092,14.457575474499775,0.008222817694299
2024-03-13,LYV,0.014704024793977848,0.017495951839928327,0.016408430725168833,0.023087622156330347,14.703978192389425,0.0105203951493994
2024-03-14,LYV,0.022281222368041503,0.002679415758970347,0.007228690962262653,-0.008377872748910322,14.689395124515285,0.0103680886966319
2024-03-15,LYV,-0.015641866871745097,0.002290931391572719,0.00019468878368999565,0.0034751746570595233,15.064581289964444,0.0150882906660651
2024-03-18,LYV,0.015258569466175079,0.0014291987446696335,0.0045633479662476545,0.005861180634532625,14.546339287001807,0.0089860807132815
2024-03-19,LYV,0.0009580047106898482,-0.00486760347746891,-0.004660687620127271,-0.0034549038290443753,14.430534562370704,0.0080034444796595
2024-03-20,LYV,-0.0051838544158732455,0.0025799476888400644,0.005435299853161537,0.0038380543740030573,13.704580114574805,0.0038725646371277
2024-03-21,LYV,0.01081709922104518,0.020963951778182905,0.011452918175360175,0.021225029059949246,14.57570919334748,0.0092539150719834
2024-03-22,LYV,0.01211331932328031,0.0015873589122096686,0.012646979002616143,-0.006301509622732656,14.541077008830138,0.008938917635578
2024-03-25,LYV,0.0009402605331852629,-0.004675964739545498,-0.0012291864031711555,0.0010373013542767137,14.422119522303648,0.0079363777177874
2024-03-26,LYV,0.002721537837689534,0.000655949934255135,-0.013429375092520788,-0.01634397133645197,14.672051710061016,0.0101898209166882
2024-03-27,LYV,-0.015108866341863517,0.0029931712111992267,0.005069101550803159,0.02301347234216633,14.121745212024697,0.0058772117839225
2024-03-28,LYV,0.01735568898571529,0.001586470127734796,0.0062768028478012005,-0.009784638642224522,14.197844184283017,0.0063419195403778
2024-04-01,LYV,-0.010906498252452074,-0.004954427398777937,-0.014803794773705258,-0.01476283240808898,14.52295553612713,0.0087783900958713
2024-04-02,LYV,-0.01995575198238613,-0.016154515891366697,-0.01619898799464965,0.006312752073769212,14.699980743781571,0.0104784243371311
2024-04-03,LYV,0.0030813667883150347,-0.0002857434807504009,0.013501243061204874,-0.0065047132358276236,14.3074597373942,0.0070766250994664
2024-04-04,LYV,0.009473281253778948,0.0016181829093971183,-0.0125238363488627,-0.017327700185122932,14.274769797425478,0.0068490307978878
2024-04-05,LYV,-0.021758845910989668,-0.009172614339812094,0.0037054869921518277,0.010780398478074734,13.904071650191367,0.0047275576787998
2024-04-08,LYV,0.006983551479740607,-0.0010564285289987353,-0.00029202998253258347,-0.006979415617290984,14.157894571261867,0.0060935561770581
2024-04-09,LYV,-0.0034856795033494873,-0.007329593487853618,-0.004195335775930485,-0.0006811628020053285,13.79887393358755,0.0042554942129778
2024-04-10,LYV,-0.01613334003249918,-0.01276133994523451,-0.012593621646811184,-0.012833927592723454,14.464654125519367,0.0082812306804456
2024-04-11,LYV,-0.0009861783479559085,0.00878484438448786,-0.003968274343403133,0.012931211933838265,13.964276193000817,0.0050209206758917
2024-04-12,LYV,0.0002959481097817308,-0.004968612043080255,-0.0005965751273267001,-0.01668501714325935,14.120861364934566,0.0058720195184873
2024-04-15,LYV,0.005606661134344767,0.0032178061997642942,-0.01351843999919641,-0.012648983824582466,14.491308608939486,0.0085049307829479
2024-04-16,LYV,-0.11373288019563729,-0.08573778670514878,-0.09047263840133529,-0.07879892865636273,16.124475357286425,0.0435457994503398
2024-04-17,LYV,0.019158114596585656,0.002648166403604601,0.010320715484850083,-0.004238439124883918,15.315156148779899,0.0193848903137388
2024-04-18,LYV,-0.015099948899113664,-0.02843388359614564,-0.021306764449874914,-0.024028493373638632,15.054638418001339,0.0149390130348016
2024-04-19,LYV,-0.01522029186785252,-0.014912564247410718,-0.0052581785799638014,0.0035634747902592695,14.744441465160694,0.0109548146908158
2024-04-22,LYV,0.0031069573457979728,0.0017660453244000673,-0.011280435271102781,-0.0169277308109042,14.653364392161611,0.0100011686058739
2024-04-23,LYV,-0.016870989710851124,0.015320955294360892,0.0035105359366546904,0.018371743910731615,14.573321720541244,0.0092318479438836
2024-04-24,LYV,0.01398624197473987,-0.016093195329105525,0.009786936120831985,-0.004895912942350857,14.149551985418446,0.0060429315890644
2024-04-25,LYV,-0.01624227163775502,-0.011767426384463589,-0.012050370166157414,-0.013023689933208947,14.470748684769518,0.0083318552684394
2024-04-26,LYV,-0.0019217300668801555,0.004123203196693683,-0.005453357691540267,0.015029488486336014,14.452246633614674,0.0081791161268856
2024-04-29,LYV,0.018275130376620624,0.008636957692138958,0.019963492231839,0.007872736494997987,14.171435921037451,0.0061766324240222
2024-04-30,LYV,0.004434122252602357,-0.0022074727684867194,-0.011116901752974622,-0.01816708879767254,14.683535408208884,0.010307512266554
2024-05-01,LYV,-0.008887993547525667,-0.00011052695020409778,-0.0028269369977133607,0.004152821638255778,14.363459119166784,0.007484217936134
2024-05-02,LYV,-0.0006697651217928944,-0.008991541588830537,-0.007958170189885712,-0.011377223958398684,14.615133082529933,0.0096260274281767
2024-05-03,LYV,0.030247011986736325,0.07887549190348458,0.05214902092731002,0.06989130216322768,15.569187506052696,0.0249912389174555
2024-05-06,LYV,0.0340820729144139,-0.007032089989583745,0.014840547974831869,0.012805817755066487,14.74115778103739,0.0109189015215553
2024-05-07,LYV,0.006263052611529882,0.018711347657489188,0.016410330909650515,0.004786182269582359,14.801327725621299,0.0115960594720698
2024-05-08,LYV,-0.004798163889850753,-0.01374243748446076,0.0003149643412232083,-0.0057252582372775435,14.092536808262413,0.0057080304684904
2024-05-09,LYV,0.0076038421552164755,0.002475305465921853,-0.006846832630386186,0.012861891504079721,14.596943761141178,0.009452519224882
2024-05-10,LYV,0.0032115806282577175,0.0004119558717836217,0.0021116780117633187,-0.00010308823988944212,14.32142474032354,0.0071761435203088
2024-05-13,LYV,0.008445819011963805,0.009020123079091346,0.005259848154755009,-0.014848934451561435,14.53378976675252,0.0088740143176373
2024-05-14,LYV,-0.01342305205519519,-0.010978407017641184,-0.00041978085141958807,0.0025076336979130633,14.152768914083998,0.0060624025844466
2024-05-15,LYV,0.002595381762304022,-0.00030953700926599533,0.005130153075200139,0.006759960309969912,13.97618363492396,0.0050810644171834
2024-05-16,LYV,0.0,0.0020618249391044824,0.0031278872633588427,-0.0010370850582035517,14.219375052440284,0.0064799472631984
2024-05-17,LYV,0.0020715137311057086,-0.0037144142701163755,-0.006160896025057629,0.0021764955624849923,14.24904533421399,0.0066750899058067
2024-05-20,LYV,0.00010348286142428653,0.028934414289159067,0.011766650626434226,0.02897870378399077,14.454782693231403,0.0081998851886266
2024-05-21,LYV,0.026341432994258035,0.02733920799137939,0.02625680531161292,0.025322866483342494,14.734637663524774,0.0108479405606068
2024-05-22,LYV,0.02870534739930922,0.004873779194720807,0.017393536033046532,-0.005703642339379073,14.18161163598311,0.0062398049868178
2024-05-23,LYV,-0.07184338365570204,-0.02910477235409056,-0.08464485457030953,-0.08132556062382706,15.795421915634114,0.0313357545905511
2024-05-24,LYV,-0.008452274713185421,-0.0322493555062843,0.014561291416083411,0.0264964515393551,14.824636044668548,0.0118695187849932
2024-05-28,LYV,0.013803470581076427,-0.0019663907128555204,0.005511956314976716,-0.01152567756726017,14.766319038292542,0.0111971204111277
2024-05-29,LYV,-0.02339844326724884,-0.019139860248180846,-0.017595778592833507,-0.009423537283462145,14.184658094721973,0.0062588432934138
2024-05-30,LYV,0.011820601133800639,0.00010561360487043542,0.002256802990829062,-0.00726033838698242,14.253508036402541,0.0067049454320594
2024-05-31,LYV,-0.015576961622492471,-0.007099348163992802,-0.004410782838485171,0.004490525822649041,14.528754930275166,0.0088294473726513
2024-06-03,LYV,0.011971099887610092,0.00530280164173267,0.006448152154403234,0.0064862859363512175,14.419389817452965,0.0079147432784739
2024-06-04,LYV,0.0023346459970446766,0.0004230215264689734,-0.0013935496024901,-0.00883597437356425,14.332577265586908,0.0072566236345553
2024-06-05,LYV,-0.0062735741873905845,-0.00031722919445849464,0.0024641972055292824,0.0008550859129637947,14.502891646521382,0.008604016515004
2024-06-06,LYV,-0.004382963562935161,-0.0015877380656953983,-0.013683310641974181,-0.014528084260784559,14.447474116746415,0.0081401741361212
2024-06-07,LYV,-0.01663637041759181,-0.02379789871241346,-0.026380970845831093,-0.0188210089172502,14.794889134253154,0.0115216370008311
2024-06-10,LYV,-0.014483461960740771,-0.01431324667035836,-0.00793964573965025,-0.008653246634998175,14.630920060515376,0.0097791992585168
2024-06-11,LYV,-0.008992624365221576,-0.003086152676554217,0.0014584313559000573,0.0003341923887934302,14.556161837971581,0.0090747819144671
2024-06-12,LYV,0.009876342951850423,0.00495518917823993,-0.0008971983755395133,0.0011131970016235726,14.368936370325917,0.0075253233708297
2024-06-13,LYV,-0.009430352130099373,-0.008936977223747006,-0.005626210233748029,-0.009165144278299663,14.622299321302274,0.0096952576339801
2024-06-14,LYV,-0.013127797721518909,-0.009800778682704445,-0.02063580248398784,-0.003486844124980601,14.376896777759919,0.0075854671121215
2024-06-17,LYV,0.002594279619882186,0.014444729505611919,0.01497775882264253,0.01875264577158201,14.94984417484323,0.0134527270539598
2024-06-18,LYV,0.01642404681283632,0.016628724106012616,0.021776534661962874,0.016560142805316806,14.274517064911802,0.0068473000427427
2024-06-20,LYV,0.016267707221739848,0.0030332466838004406,0.016736839458232965,0.0036912031448764924,14.260837840112353,0.0067542719536944
2024-06-21,LYV,0.009980535937539902,0.00807976412404856,-0.0030621061964666903,0.007341863177684537,14.82441729816534,0.0118669226522756
2024-06-24,LYV,0.0048457205526865705,0.00032190536824958685,-0.021701546093258726,-0.03927237047894868,14.79826333481729,0.0115605789915955
2024-06-25,LYV,-0.043134178197824335,-0.03381655222085509,-0.010011888830107606,0.0051333568915796724,14.303109109710501,0.0070459041956412
2024-06-26,LYV,0.0013449353691269053,0.0031018791600959618,0.0072096675236612345,0.005328646794962176,14.468252844505455,0.0083110862066984
2024-06-27,LYV,0.009253668060100756,0.005405096714926514,0.009273312155405278,0.005410468354385381,14.210926003619385,0.0064254284761282
2024-06-28,LYV,0.02596128820273778,0.04000316719781052,0.02025613031951553,0.031755584888706986,15.680133332212042,0.0279235708220159
2024-07-01,LYV,0.01885225601220676,0.00548116317889395,0.02592514397608799,0.010927898354530938,14.840261356919882,0.0120564403406624
2024-07-02,LYV,0.007189715041762495,0.017092645856549397,0.001379581923804473,0.020160502840020765,14.282008675075708,0.006898790008309
2024-07-03,LYV,0.013083027407562148,0.0003100316059208975,-0.0011671772468954192,-0.019949442776791813,14.504951378449638,0.0086217567552411
2024-07-05,LYV,-0.013715312800949373,-0.012788065724083402,0.0010611044325422852,0.005785483242199875,14.298924490794626,0.0070164813581747
2024-07-08,LYV,0.007456833201199921,0.0036555315449936904,-0.000636511343726521,-0.009167074662991864,14.338818551789624,0.0073020559571138
2024-07-09,LYV,-0.012741699077067284,-0.0066945793945657125,-0.003508235379297735,0.006856944554803969,14.238685254817629,0.0066062923887896
2024-07-10,LYV,0.008232223581032596,-0.0003148982284885672,0.002552627025291987,-0.00728045875069728,14.339943777027399,0.0073102770440529
2024-07-11,LYV,-0.003052804295097366,0.008884286091404086,0.003816805010146336,0.015238558413400848,13.95805211189828,0.0049897670832801
2024-07-12,LYV,0.017867871211710885,0.029730550036375585,0.017205621617547028,0.021257690281595368,14.99438122335537,0.0140654143753199
2024-07-15,LYV,0.026670979228787476,0.010050335853501506,0.02170979463212644,0.004482432247358444,14.797139865846734,0.0115475983280074
2024-07-16,LYV,-0.009829346450780953,-0.01005033585350145,-0.021293811726888923,-0.012375500441579342,14.542818073379312,0.0089544944318837
2024-07-17,LYV,-0.013429876185971544,-0.010662736900322406,-0.0042719905409914416,-0.004641784079983229,13.998332822716408,0.0051948615679727
2024-07-18,LYV,0.0009284981944205627,-0.004604735230466019,-0.012820621100368504,-0.020789443603236406,14.130030014509535,0.0059261056167712
2024-07-19,LYV,-0.016321373145284344,-0.02062140159059202,-0.010739665295832533,0.0038981781820498487,14.11960790947346,0.0058646638091206
2024-07-22,LYV,-0.0017834339579309154,0.00010463808730480187,0.0011752830982294567,-0.0003154943454230047,13.87792275758166,0.0046055394410713
2024-07-23,LYV,0.0007347121454179331,0.0037617664196317956,0.011255136387852705,0.005559344935351461,14.052636695690987,0.0054847630547745
2024-07-24,LYV,-0.0005246935361319931,-0.0038664045069365274,-0.023178588199203164,-0.031128028256551223,14.024799374149298,0.0053341873571521
2024-07-25,LYV,-0.02121870351162037,-0.014872946037379455,-0.003789302079333034,-0.004867735824309448,14.248526628709723,0.0066716283955165
2024-07-26,LYV,-0.00429832512176584,0.005405154791760029,0.001842299801856671,0.015280596089227277,14.254797859043746,0.0067135992077849
2024-07-29,LYV,0.01315874293273799,0.011664090625435719,0.01855774100263659,0.019354438691544542,14.430318287817968,0.0080017137245144
2024-07-30,LYV,0.014455569889731321,0.006663908287720797,-0.003193481815021102,-0.00894317556568845,14.935754192959044,0.0132645074319318
2024-07-31,LYV,-0.015518931083123976,0.03176491935564921,0.002130120621628586,0.01645652831510388,15.048391758889096,0.0148459849457532
2024-08-01,LYV,0.03152260759944718,-0.02020884024223863,-0.02042205093729542,-0.033940975179342955,14.738737578074705,0.0108925075055927
2024-08-02,LYV,-0.05607956391538195,-0.05688094322751675,-0.02473605029902434,-0.01921992221177179,14.693559713174526,0.0104113575752591
2024-08-05,LYV,-0.031231771200786684,-0.025070019467907104,-0.028336202274899285,-0.03514615755123314,14.992780287574547,0.0140429145584338
2024-08-06,LYV,0.0012367263449254442,0.010522382950043796,0.008324305210540893,0.021791297727007584,14.434365672503185,0.0080341653834848
2024-08-07,LYV,0.021453613361843222,0.015199017225697725,0.01967792789547573,0.0009994596836280986,14.215829782025882,0.006457014757526
2024-08-08,LYV,-0.0031943731080315073,-0.00032559590672744923,-0.001336993148326261,0.01793134128482852,14.362244298906209,0.0074751314716223
2024-08-09,LYV,0.011626735996665458,0.004224665107366977,0.011198016123960245,0.005002719304291346,13.885224103036956,0.0046392891664004
2024-08-12,LYV,0.005654694032801211,-0.0020559704209548945,0.006045668988233772,-0.006311935580995164,13.787729205123204,0.0042083311352742
2024-08-13,LYV,-0.00412914731904713,0.00927231020961253,0.0029544984891048303,0.0029433091577543567,13.996164892381724,0.0051836116595297
2024-08-14,LYV,0.0009795284989460062,0.0056717877021668864,0.0006554362712888535,0.01747989167362307,14.317013459889353,0.007144557238911
2024-08-15,LYV,0.027254915507321113,0.016824945316859293,0.02427172659356091,0.010004366653349719,14.124245211488544,0.0058919232026557
2024-08-16,LYV,-0.004136833089580786,-0.0008398260966069283,0.00244819674450684,0.007911016392520892,13.928750846507256,0.0048456817174518
2024-08-19,LYV,0.011519243231363791,0.017179885205380017,0.009838749852024422,0.014083989315415707,14.313069162742796,0.0071164324678034
2024-08-20,LYV,0.014189081370260322,0.0006191698613594266,0.007760163611857649,0.0032062660390934487,14.400070355458631,0.0077633022032789
2024-08-21,LYV,0.007739577454828829,0.0036043340165798766,0.004897561923661795,-0.00382800241760586,13.857516810973548,0.0045125113520229
2024-08-22,LYV,-0.0028824271661277443,-0.0026762974528693447,-0.004166609116282482,-0.0053006634053939326,13.682208853245179,0.003786892257446
2024-08-23,LYV,-0.0005156282923686748,0.005447990136515499,0.001043280968214631,0.008508920321221613,13.77093256015338,0.0041382355518983
2024-08-26,LYV,0.0004125081691716846,-0.00544799013651549,-0.008377044294187683,-0.006634892634752689,13.816610952308285,0.0043316474393616
2024-08-27,LYV,-0.011927762223704482,0.0003092328435893395,0.003987883122778026,0.0046697221599998635,13.491304187096674,0.0031287726135274
2024-08-28,LYV,0.0069665558973727145,0.004728617694606115,0.007408590916476668,0.0037201719337701575,13.786288728940876,0.0042022734922665
2024-08-29,LYV,0.01020572594994729,0.022411312141827195,0.005081131446232278,-0.0022717233123970663,14.28087908670934,0.0068910016101561
2024-08-30,LYV,0.0033789191822348585,-0.017602860424819244,0.002169749105647133,0.009670803813408138,13.943552787661769,0.0049179407447591
2024-09-03,LYV,-0.006460617116328699,0.0028536380092483854,-0.021385085513834005,-0.02414501934639497,14.300895904708486,0.0070303273993354
2024-09-04,LYV,-0.013568985269240132,-0.018281280708130506,-0.0003163594042975196,-0.0008393935676538634,14.226560707320242,0.0065266776521157
2024-09-05,LYV,-0.008483033050432295,-0.008953735851077064,-0.011776706504430932,-0.011189868612239133,14.225565782020068,0.0065201873203216
2024-09-06,LYV,-0.006224675563507053,-0.005453078415534695,-0.012133044892505393,-0.015189063019103773,14.436893709495946,0.0080545017564395
2024-09-09,LYV,-0.012459542303506823,0.012020019661542937,0.008069332100604475,0.021538355285880013,14.3960493537385,0.0077321486106674
2024-09-10,LYV,0.02110026745108671,0.00031162706829942794,0.003423192221624026,0.013203529368734092,14.27911940913089,0.0068788863241405
2024-09-11,LYV,0.005545384822373149,0.021170224508333953,0.01673238048154582,0.013134314430004228,14.698617135943827,0.0104641456071842
2024-09-12,LYV,0.014502031322801723,-0.003463346073955117,0.015940315323699977,-0.0006167028814034417,14.33144371604188,0.0072484025476161
2024-09-13,LYV,0.0028753232707054398,0.012472943085403318,0.006798580467771458,0.016112951810470642,14.17227619779001,0.0061818246894575
2024-09-16,LYV,0.019798652686407212,0.031739219671827454,0.01790661835657463,0.026652256159090806,14.675739168967333,0.0102274648410938
2024-09-17,LYV,0.02609660678927887,0.006131677783101576,0.021941685754694792,0.013696179283085263,14.4813898251917,0.0084209891584113
2024-09-18,LYV,0.012071777195881423,0.015978814047569043,0.009327937799092972,-0.0011665869150709691,14.36033230893354,0.0074608527416753
2024-09-19,LYV,0.019073808810874948,0.006662220799447919,0.012142555366197115,0.014677712545537297,14.465385348402036,0.0082872883234534
2024-09-20,LYV,-0.01328446316352438,-0.008382572015470583,-0.008240857828778984,-0.006539745448202826,15.666073540816988,0.0275337182255855
2024-09-23,LYV,-0.0020224312629455385,0.004295305137408865,0.005436882893587568,0.009793686129837323,14.432263076964894,0.0080172905208202
2024-09-24,LYV,0.012168948351562354,0.02789569248969841,0.014610066287737018,0.026122439584549323,14.948556801001041,0.0134354195025089
2024-09-25,LYV,0.0278930719074729,0.001480967141778146,0.013270279065121257,-0.004478068525165796,14.63828194553056,0.0098514582858241
2024-09-26,LYV,-0.0061316028769270725,0.002124967088162417,0.0033841038090953435,0.011157759514000935,14.784773553967133,0.0114056764061104
2024-09-27,LYV,0.010567389945046201,0.008180563150618434,0.005428200875063592,0.005440525564488852,14.447155137646941,0.0081375780034036
2024-09-30,LYV,-0.0011994027865045174,0.005386455421854284,0.007439155052627739,0.006873509302128052,14.467471615217123,0.0083045958749043
2024-10-01,LYV,0.009738226461556063,0.011586974617164876,0.005082443335108615,0.010177305057615943,15.087123599379582,0.0154322782511508
2024-10-02,LYV,0.00973486942773885,0.007978164205958245,0.014549407675103545,0.008283095629166851,15.032172809623459,0.0146071407357315
2024-10-03,LYV,0.004156192399492261,-0.001518993881442589,-0.022322152834071587,-0.02239543494936483,14.920701493140209,0.0130663359678195
2024-10-04,LYV,-0.005424532786337423,-0.005919332638891059,0.013837858990787773,0.016460201445240373,14.367497894539728,0.007514506151173
2024-10-07,LYV,0.0010872769735011916,0.0005396150092861396,0.009664531420729911,-0.00045110787184911565,14.081637733792293,0.0056461559720537
2024-10-08,LYV,0.011166238238123658,0.006452156000709277,0.003351629072095403,0.006924146694661986,14.271796148702125,0.006828694424933
2024-10-09,LYV,0.001342355808643843,0.007829961594036292,0.006310279177104075,0.008654983736244078,14.284013687022455,0.0069126360494696
2024-10-10,LYV,0.0054403756067013835,0.009262960912831216,0.005019709095783857,0.0011543165127444342,14.282322223309206,0.0069009534522403
2024-10-11,LYV,0.0036400452037639937,0.01213193519894407,0.008458445027605075,0.018637859211910718,14.436356364258591,0.0080501748685768
2024-10-14,LYV,0.018265364497995186,0.010184796633188196,0.015134483311731239,0.008931330182924671,14.555255501136738,0.009066560827528
2024-10-15,LYV,0.012452620694583506,0.0010299781900230958,0.0024422059724236757,-0.004238925632382236,14.483955638388842,0.0084426235977248
2024-10-16,LYV,-0.014020158316658878,-0.01486503246451379,-0.01651330642676685,-0.00818245167001062,14.466794055801818,0.0082989709206828
2024-10-17,LYV,0.0015675376220753963,0.008582981174626825,0.011360196872676372,0.006968022381866321,14.467627909907955,0.0083058939412631
2024-10-18,LYV,0.0025203239255759623,0.0009491403580462995,0.003234716742885855,-0.002346267783069225,14.327735801804968,0.0072215758428673
2024-10-21,LYV,-0.002346267783069225,-0.0014672092743790027,-0.0033222381481053925,0.00017395948659524915,14.076875092098655,0.0056193292673048
2024-10-22,LYV,-0.0016544253796422779,0.004309237085152542,0.0013126847138142032,0.006243527241665761,14.146109149886666,0.0060221625273234
2024-10-23,LYV,0.004955021183208211,0.00343408242230188,0.0018350017331958761,-0.008246189978083594,14.597721632658645,0.0094598749342486
2024-10-24,LYV,-0.0001734163808723101,0.0008566647873621529,0.00043635542503755504,0.014880399053282254,14.275211925686508,0.0068520596193917
2024-10-25,LYV,0.014294534430781844,0.00597632250255405,0.011538772348909829,-0.0011169589621352458,13.876606598057414,0.0045994817980635
2024-10-28,LYV,0.0017085650430950236,0.016211078833126613,0.008417876028178381,0.01797706014862784,14.395545589771483,0.007728254411591
2024-10-29,LYV,0.009175885916122166,-0.0031876957261370354,0.00911070768543843,0.0032034866111190162,14.098959433065904,0.0057448090153235
2024-10-30,LYV,0.0016900847134220525,0.0037737860348664083,-0.011422884000774134,-0.013643706817345197,14.522265235172892,0.0087723324528635
2024-10-31,LYV,-0.0144573023698115,-0.013143651399690988,-0.004554240131985733,-0.0005120556528319114,14.3088650463932,0.0070865769415507
2024-11-01,LYV,0.008359712258219349,0.011216598247390403,0.007635911902174652,8.538252761497854e-05,14.26045339747575,0.0067516758209767
2024-11-04,LYV,-0.005024528102042153,-0.009437170766291669,-0.004626076250085235,0.0005120119452827434,14.600462235141103,0.0094858362614248
2024-11-05,LYV,0.005618980110454578,0.0037180608274244944,0.0030008037192725155,0.003491922459039289,14.119312750303045,0.0058629330539756
2024-11-06,LYV,0.03716474261174959,0.07379465567260371,0.04059941950577683,0.06874340938385451,15.790396954033191,0.0311786885611346
2024-11-07,LYV,0.02981685021372243,-0.010237140143811939,0.01921414296823654,-0.011093927659848837,14.79912380706011,0.0115705308336798
2024-11-08,LYV,-0.01762157711990415,-0.019179059252157786,-0.016013357390625024,-0.012924238734716046,14.756494292672627,0.0110876501482011
2024-11-11,LYV,-0.0032375708437534768,0.0014512644763671181,-0.0003278226170751265,0.006483029528787193,15.58801941750639,0.0254663312047814
2024-11-12,LYV,0.05173904608524317,0.05211467813787519,0.0437030621441222,0.04632536253870677,15.745349540584463,0.0298053343535096
2024-11-13,LYV,-0.003470194067542555,-0.0016072213251963972,-0.00922245285422655,-0.020648219493468987,15.312697827794468,0.0193372945472489
2024-11-14,LYV,-0.020999130947467113,-0.009157098534206808,-0.0022197470716742895,0.01693967992356318,14.918911695105102,0.0130429707733609
2024-11-15,LYV,0.01207574373241996,0.011299564531372026,0.01598269497210111,-0.0014718035083334958,15.040843893071381,0.0147343512388953
2024-11-18,LYV,0.0031905684163325483,0.014493584582198593,0.003975485787824869,0.027524719419618524,14.786857874159217,0.0114294742893554
2024-11-19,LYV,0.018703586357242973,0.013394844322953299,0.018270004454855677,0.013780897235434355,14.330667388497785,0.0072427775933946
2024-11-20,LYV,0.027229927594505186,0.014830349395086267,0.024672035383455214,0.015279810758148384,14.415116543143924,0.0078809935531447
2024-11-21,LYV,0.014146995884692716,0.019222360960705093,0.009789512770040778,0.014977834191480733,14.612522586228163,0.009600931478573
2024-11-22,LYV,0.012650154524991818,0.007871737094211063,0.017121925332090396,0.012335994907264104,14.333947740182179,0.0072665754766395
2024-11-25,LYV,0.018325477854824208,0.006323959215120868,0.009027613638129227,0.0017804371185014814,15.131087615189356,0.0161258783755436
2024-11-26,LYV,-0.00462120122903919,-0.0037611285479370645,-0.009898531955993413,-0.011953889441863163,14.664849619396742,0.0101166965118083
2024-11-27,LYV,-0.010962734751818217,0.001846923155206975,0.00716282384340136,0.0061737499655526475,14.254475559316393,0.0067114357638535
2024-11-29,LYV,0.002590306540128327,-0.006979169470407297,-0.004407366565790154,-0.010648318113364684,13.851361175642841,0.0044848192697016
2024-12-02,LYV,-0.008588097532019645,-0.00782008060848826,-0.006829950317330549,-0.003550639597908607,14.491918922959897,0.0085101230483831
2024-12-03,LYV,-0.011737827321807148,-0.00614090604522956,-0.012619398443642753,-0.0029805438255716497,15.339739322962462,0.0198673383104312
2024-12-04,LYV,0.02054147203367395,0.00865866520752345,-0.010763544553282956,-0.0045243099054028905,15.594725168460695,0.0256376759641448
2024-12-05,LYV,-0.020174840428037598,-0.01783177670584609,-0.0018675535980488744,-0.015180819208214878,14.965544782745233,0.0136656099368052
2024-12-06,LYV,-0.011724473600171476,0.0012425406370893677,0.00730090185576715,0.01540019673930094,14.577344363122378,0.0092690591795029
2024-12-09,LYV,0.014506244268589277,0.0002191051447096977,-0.006329416231534296,-0.020462313307310197,14.679075812471527,0.0102616472552092
2024-12-10,LYV,-0.017180047046820152,-0.012049219865838545,-0.005693284679275953,0.0027575579894133055,14.62403833507787,0.0097121324966447
2024-12-11,LYV,0.008147521756099792,0.00824451036184804,0.009198013934465971,0.002378770623743367,14.796989974573835,0.0115458675728623
2024-12-12,LYV,-0.006364267968708927,-7.338268919084579e-05,0.00022327997004549781,0.00857615569355193,14.24729362374025,0.0066634073085774
2024-12-13,LYV,0.005478695090261936,-0.0029368149261267086,-0.004250982046274099,0.0008094530267855062,13.940645171099543,0.0049036620148122
2024-12-16,LYV,0.006696398204567614,0.02059529049984495,0.01726417689064561,0.013733906360394163,15.159549866977212,0.0165914515095715
2024-12-17,LYV,0.003148632690189209,-0.0036080281123142674,0.0015413916813865425,0.00021762689360968737,14.346492275961412,0.007358305499329
2024-12-18,LYV,0.011846534621649705,0.001661279070693471,-0.02826730306983843,-0.03897704937800828,14.303845757542065,0.0070510964610764
2024-12-19,LYV,-0.03208210858645261,-0.029962292280613062,-0.0060541110951202615,-0.003021332446600307,14.127105182740952,0.0059087980653203
2024-12-20,LYV,-0.018599127734980486,0.0018574246413920862,-0.0012912398639625272,0.008211869199369438,15.26414594938137,0.0184208596979264
2024-12-23,LYV,0.009154529051993881,-0.00879755140140965,-0.0012168505222333442,-0.005869523833318657,13.78937292683732,0.0042152541558546
2024-12-24,LYV,-0.0016582593966474192,0.0020198569179318247,0.004555401157580727,0.006169662950394855,13.013666190132906,0.0019406092064266
2024-12-26,LYV,0.0028625622772186442,-0.0008971598148495472,0.003327556996308892,0.0002249880219963576,13.688246342636095,0.0038098247631184
2024-12-27,LYV,-0.004145809638847193,-0.003897211492427983,-0.014295655163110897,-0.011312337308014911,13.573695014944509,0.0033974723498019
2024-12-30,LYV,-0.01714131796243459,-0.00776453178153675,-0.00853753253622262,-0.006391344854424148,13.883637321154362,0.0046319334570338
2024-12-31,LYV,0.0075021078194313934,-0.0027281057602788696,-0.002165281071367086,-0.01159273309663662,14.050820596503447,0.0054748112126902
2025-01-02,LYV,-0.0039736336195555525,-0.008994592645731797,-0.01599656054903324,-0.00208715166339938,14.500626070859086,0.0085845455196218
2025-01-03,LYV,-0.007609317432329297,-0.0006894534873029901,0.011729940693245585,0.002009971026085811,14.011818021084764,0.0052653898401349
2025-01-06,LYV,-0.0013898082783399,0.0009191267879737572,0.0037246548632425933,-0.0017004271557467248,14.27014734475754,0.00681744451649
2025-01-07,LYV,-0.010875535942504075,-0.00398868567099595,-0.011686016385174056,0.002858100218764761,14.610447336036142,0.0095810277944045
2025-01-08,LYV,0.01373022585764153,0.004983288640067562,0.010368456288080894,0.005154834856146139,14.19661534826604,0.006334131142225
2025-01-10,LYV,-0.0016192355930950827,-0.004983288640067637,-0.005131833507883459,-0.013909528847426088,14.549560209806133,0.0090150708619617
2025-01-13,LYV,-0.015945544122645358,0.005900658955561815,-0.009398541499034725,0.016209108688497367,14.067281215490123,0.0055656758578072
2025-01-14,LYV,0.02852142828567016,0.0065494147475666925,0.022717626645590117,0.005116649220851221,14.066503490126397,0.0055613489699445
2025-01-15,LYV,0.017000145523774338,0.02585088952583242,0.021912051595486617,0.01579474653991114,14.355332301423827,0.007423641506056
2025-01-16,LYV,0.0042612655728606124,0.0013305196921834272,0.0030806531944823383,0.0014236127727050411,14.022281608366681,0.0053207740047777
2025-01-17,LYV,0.0064691091742537,0.006259500646862878,0.00844205767437673,0.015232326804657787,14.014608107590217,0.0052801012588682
2025-01-21,LYV,0.022571688535165703,0.024724867149320255,0.020762045096289802,0.024043144171838126,14.66060642431255,0.0100738603219675
2025-01-22,LYV,0.009160840585334933,0.0005011424940801528,0.0012379259784319548,-0.00266722363959932,14.412697897735889,0.0078619552465488
2025-01-23,LYV,-0.007423180950365133,7.164930029775383e-05,-0.0010922865342992633,0.004608962659749163,14.312278432973624,0.0071108075135819
2025-01-24,LYV,0.006489271316720524,0.008126643937692248,0.009210002397604876,0.011146248776356161,14.485696638500372,0.008457335016458
2025-01-27,LYV,-0.008081982961064074,0.0006387475653605595,-0.004340642871512498,-0.004343657541981814,14.69376748802712,0.0104135210191904
2025-01-28,LYV,0.01709681497154547,0.017094381979569157,0.012607782669146621,0.016280001496204715,14.2505998383456,0.0066854744366772
2025-01-29,LYV,0.01659940041674325,0.0009063679989212072,0.01802112338298536,0.00028086027407515305,14.507957993759947,0.0086477180824174
2025-01-30,LYV,0.005936850581594033,0.008949335223964974,0.006448005007858453,0.0110984027167862,14.22410476533105,0.0065106681670236
2025-01-31,LYV,0.006455390897018058,0.003722660813727326,0.004322036218212527,0.004294493946253546,14.507507577342361,0.008643823883341
2025-02-03,LYV,-0.017167144577155687,0.0037773681745427545,-0.01938531388647747,0.007985748799626581,14.241628258842987,0.0066257633841718
2025-02-04,LYV,0.0378471766342446,0.016857357323469185,0.037787558170429475,0.015107475265700845,14.652282211713676,0.0099903513862171
2025-02-05,LYV,0.004597970630760783,0.012991560327991656,0.005040920185657792,0.009745662959072194,14.666644337511705,0.0101348694408317
2025-02-06,LYV,0.011003126374003138,0.001329767125558592,0.0037978856785206277,0.003205418346081715,14.71494033956466,0.0106363557441201
2025-02-07,LYV,-0.00020018538088383887,0.010640863147288222,-0.003729976678006786,-0.011264000538439657,14.74787186363915,0.0109924586152214
2025-02-10,LYV,-0.0071665158079838335,-0.01998668462980813,-0.009969297217360552,-0.006833317105802993,14.658714765060438,0.0100548220153715
2025-02-11,LYV,-0.014761968567763854,-0.010314573598887418,-0.00785398028061077,-0.003468395955324959,14.556543207866383,0.0090782434247573
2025-02-12,LYV,-0.0038959214325908586,0.014998402347811048,0.005449182612575435,0.019563557005657595,14.517617975435707,0.008731659706954
2025-02-13,LYV,0.026891666208893616,0.020679161012074378,0.027813529115226852,0.019122555425811,14.639335500916179,0.0098618428166946
2025-02-14,LYV,0.014560131280358274,0.006582679498229139,0.017113722229524977,0.007703848833705244,14.194837692784688,0.0063228812337819
2025-02-18,LYV,0.016162994011700405,0.007184733263231008,0.006228487198310229,0.005836273362931933,14.393976699198593,0.0077161391255754
2025-02-19,LYV,0.0020666975309319934,0.0003224443057554422,-0.012826993356128013,-0.006421748707598855,14.482519594156027,0.0084305083117092
2025-02-20,LYV,-0.014884374989340515,-0.005495446749126866,-0.005177223566777271,-0.008823815024268813,14.934481201836142,0.0132476325692672
2025-02-21,LYV,0.02623904840358514,0.02243683863582538,-0.01184874622677596,-0.019356387282275442,15.47780672958946,0.0228087566795033
2025-02-24,LYV,-0.03749995351856682,-0.0016495023553871552,0.011183015256222792,0.03434323046769369,15.026588361896241,0.0145257952439125
2025-02-25,LYV,0.023173082246309217,-0.018650225541857388,-0.043622769234331255,-0.0679677632145779,15.19359657259484,0.0171660622177397
2025-02-26,LYV,-0.06592856260091201,-0.048240429337517994,-0.02693142750080227,-0.016049489491441273,15.18960606469559,0.0170976973895089
2025-02-27,LYV,-0.013429507924201927,-0.024604373447621626,-0.0019312925560275116,-0.008476999789412734,14.910717387968027,0.0129365293319382
2025-02-28,LYV,-0.010917545089993772,-0.0022290851362897334,0.003573474404050531,0.016882743666635492,14.881909868513603,0.0125691765523939
2025-03-03,LYV,0.0215092701258955,0.016529298462450617,0.009302375527074334,-0.007702622792279717,14.640694702546366,0.009875256169069
2025-03-04,LYV,-0.02115520354547091,-0.030998874712320334,-0.042154021381293365,-0.02931632350274269,14.768056456255348,0.0112165914065099
2025-03-05,LYV,-0.022553265414957103,-0.023190204741185588,-0.008142810062576358,-0.009527673841649294,14.624439216844946,0.0097160266957212
2025-03-06,LYV,-0.02567064205538269,-0.009604317866216528,-0.029492565817647993,-0.0427756631808497,14.736749427588075,0.0108708730662791
