Date,Stock,Open,High,Low,Close,Volume,Turnover
2020-03-13,STLD,0.026681774679205243,0.0641730590042509,0.06927851003206202,0.15354083682083608,15.190086779076765,0.0263741116299385
2020-03-16,STLD,-0.05304667346349332,-0.06028196611731919,-0.1254297314501001,-0.2005183374250023,14.94994066110318,0.020743578363467
2020-03-17,STLD,-0.052148158204267415,-0.11131116547678123,-0.022910347023069006,-0.02262523817251264,15.1693594619605,0.0258330734215133
2020-03-18,STLD,-0.11077139026396396,-0.10698972122094413,-0.1416758010731832,-0.12021736980216186,15.100768651485621,0.0241205640737607
2020-03-19,STLD,-0.06626604263685386,0.1505211156723962,0.0020008850091035174,0.1774712866713723,15.414271877881038,0.0330019964643453
2020-03-20,STLD,0.2080098939735675,0.0491611549026776,0.20634778694714878,0.0160775119728828,15.281401604227517,0.0288958433535477
2020-03-23,STLD,0.008524478896476917,-0.052282646976672564,-0.06667251811484178,-0.050146556709687096,15.103751254364308,0.0241926135515781
2020-03-24,STLD,0.029790233512416386,0.10853385756202537,0.10807953773166865,0.15407059874957327,15.483840014832806,0.0353796292323197
2020-03-25,STLD,0.0839167601381688,-0.0009356576017705597,-0.00678345241571853,-0.059218396666388944,15.25631701506722,0.0281800184489359
2020-03-26,STLD,-0.053488425711898595,-0.008458435008931672,-0.00788410712553078,0.046196734144018294,15.094804448323654,0.0239771322429205
2020-03-27,STLD,-0.02375649556968029,-0.01139066092181525,0.024499548779088613,-0.015162841577289931,14.823760771408901,0.0182845563705507
2020-03-30,STLD,0.03465452772548602,0.05948153023467724,0.0036052320113189244,0.08555460617645261,14.872189470867832,0.0191918460912144
2020-03-31,STLD,0.09171111478684936,0.047575273903478266,0.10867973901298991,0.03200648736885435,15.072721050119053,0.0234534392791551
2020-04-01,STLD,-0.013786855305527018,-0.02328234186267311,-0.0023325064910576323,-0.026979977465898194,15.440270683455093,0.0338712600717164
2020-04-02,STLD,0.01195979237852422,-0.0022245429593144993,-0.0424579347850495,-0.03007383920187913,14.698286284133882,0.0161284090343854
2020-04-03,STLD,-0.029700859416411922,-0.020703094521044525,0.008733454010500871,-0.01466818126604007,14.545520385161156,0.0138435066128611
2020-04-06,STLD,0.047825293856447376,0.044906467955981376,0.0590888840073982,0.07438038819338123,14.595569568892582,0.0145539945191161
2020-04-07,STLD,0.06938197318301038,0.05867897077223449,0.03270174687645729,0.008371959770708029,14.81651038527726,0.0181524656612188
2020-04-08,STLD,-0.02202538584234182,-0.02322781007914888,0.00658915835461106,0.030678626935150576,14.06627005452127,0.0085725536106821
2020-04-09,STLD,0.035755735134754385,0.03423727453710173,0.031037015544495,0.01938538478410739,14.32647677184701,0.011120303201281
2020-04-13,STLD,-0.00954978379022213,-0.02007043257799678,-0.022752731368962695,-0.012177447188878119,14.369051359048525,0.0116039686773701
2020-04-14,STLD,0.012437879966546625,0.01478454955751722,0.001735176476549035,-0.019194618883682533,14.117761733744109,0.0090255313462194
2020-04-15,STLD,-0.09547488389583166,-0.10522450322097668,-0.0840601684577717,-0.06081284261034127,14.300711249665126,0.0108374422883682
2020-04-16,STLD,-0.0018148353990746213,0.01617288863418773,0.016830722975093783,0.01859041926332031,14.612432447454955,0.0148014978179148
2020-04-17,STLD,0.04788133119220313,0.049977644667747664,0.0457609583234702,0.05293147371071271,14.394481253936947,0.0119028405853534
2020-04-20,STLD,-0.02365423463126159,-0.017964561697602174,-0.021939534549870948,-0.039101406845247155,14.594377072852765,0.0145366492744564
2020-04-21,STLD,-0.04533866978180631,-0.016097827333686806,-0.07080528573561563,-0.01562881209354692,15.412005267367931,0.0329272784873495
2020-04-22,STLD,0.0698586166582865,0.019544887360350115,0.07622312781134077,0.027520895984317287,14.76077778665074,0.0171684565891755
2020-04-23,STLD,0.0012964225998757853,0.04581570044403893,0.031030631769157963,0.052452586296767544,14.682233243196862,0.0158715659884622
2020-04-24,STLD,0.049715442362621175,0.016704447943356984,0.025001351878993015,-0.02226504563470544,14.5100073274193,0.0133605082615667
2020-04-27,STLD,-0.02623499038187451,0.018415298814225926,0.006788392826257328,0.05737085199736911,14.324134359497794,0.0110942853342914
2020-04-28,STLD,0.07594446418940447,0.02545645921591835,0.02298933303476789,-0.008459537810357808,14.371749794618214,0.0116353235427165
2020-04-29,STLD,-0.00039092357198228803,0.010004184773422556,0.045637041493657333,0.04624441055721529,14.735793709514262,0.016744832344601
2020-04-30,STLD,-0.015773297942875852,-0.03150189817712284,-0.0468773782249905,-0.06461584668419265,14.602603806532779,0.0146567317374854
2020-05-01,STLD,-0.054729951018875324,-0.012323804954920926,-0.019637193906069897,0.0057517631872758684,14.601282953397678,0.0146373851184418
2020-05-04,STLD,0.005025316601932334,-0.009646222528446534,0.00840350792310857,-0.003693688324865729,14.628705319272887,0.0150443312431512
2020-05-05,STLD,0.0324664934474723,0.019200724406987755,0.009163116539288784,-0.007014527384280964,14.127031952228107,0.0091095890703397
2020-05-06,STLD,-0.046346765520633,-0.03548764015420473,-0.025615613812174063,-0.011243190368699842,14.549320200319807,0.013896209471635
2020-05-07,STLD,0.030039616936674025,0.017497755307097716,0.020211035249258498,0.010414431702509094,14.322870784170117,0.0110802757136047
2020-05-08,STLD,0.014283025631921454,0.0270608469430203,0.023889074690597773,0.05011152972273584,14.09820596765463,0.0088507446500327
2020-05-11,STLD,-0.006096271816336393,-0.029484145685819915,-0.014760387654847466,-0.043091034417439625,14.326536761612775,0.0111209703260756
2020-05-12,STLD,-0.0069544081397687404,-0.002834561248813408,-0.04132119583175717,-0.04460138658920139,14.354574306435781,0.0114371874787187
2020-05-13,STLD,-0.06837722928555,-0.06361970294480272,-0.07275110151118236,-0.048037349651389935,14.580978865220017,0.0143431830840207
2020-05-14,STLD,-0.05651224003283512,-0.03787327928054954,-0.029600549950601667,0.0045044995737214925,14.474998054148008,0.0129008592780834
2020-05-15,STLD,0.03023581967033244,0.016911702798661297,0.03927564336767041,0.012061714796826007,14.275653858556522,0.0105692581209368
2020-05-18,STLD,0.06549713269025954,0.08620216123866611,0.07845447974375809,0.07853877988126438,14.645110297883669,0.0152931687915391
2020-05-19,STLD,0.0287459926999943,0.013671287878659042,0.018063915427865406,-0.0070031415912873715,14.214891193152063,0.0099461635627751
2020-05-20,STLD,-0.0008216450194537325,0.00835163944249677,0.012823384465810593,0.01761987465983584,14.520636209330242,0.0135032729676123
2020-05-21,STLD,0.011035974616055665,-0.005560288414290963,0.009815690283260394,0.005669972047112349,14.409721542662277,0.0120856327790753
2020-05-22,STLD,0.014127468293662647,-0.006392270737725358,-0.028066164360498934,-0.01341748533630025,14.3139807669801,0.0109822083687976
2020-05-26,STLD,0.021804864749506287,0.04506174152947195,0.06050175879160205,0.05339941002760066,14.615447682063055,0.0148461951791534
2020-05-27,STLD,0.0343066466910133,0.05551803628369846,0.03750683171318088,0.06023648275570817,14.656302011805854,0.0154652869885474
2020-05-28,STLD,0.03792269127770767,0.0050613632770326236,0.016560342183312763,-0.015093387712762057,14.732241592890812,0.0166854582378811
2020-05-29,STLD,-0.02962061184121416,-0.034112799090791505,-0.04231604204509535,-0.014947762604645832,15.296615201233202,0.0293388142171658
2020-06-01,STLD,-0.00037610932858119173,0.01260654133811892,0.025375979871912965,0.01123167778720833,14.105790004318099,0.0089181242542879
2020-06-02,STLD,0.02450924213336227,0.014267749775858938,0.027337427841829885,0.012578825130009989,14.043523036789987,0.0083797545450411
2020-06-03,STLD,0.017094427329913134,0.02510890082841126,0.01539622037327109,0.02505119727870921,15.087431968722154,0.0238010112971446
2020-06-04,STLD,-0.005061529348653473,-0.002127721441870823,-0.005837376691354805,0.0096342661274855,14.802558310964598,0.0179009596136525
2020-06-05,STLD,0.06693686692458811,0.062272890147420934,0.05620255094038835,0.03420925128889117,14.547013173586208,0.0138641874814939
2020-06-08,STLD,-0.006120383827680777,-0.006022096588025935,0.009981197560169726,0.014986687789937232,14.390719003247279,0.0118581432241148
2020-06-09,STLD,-0.014774090860727286,-0.008762777415458695,-0.02286180887699538,-0.007464947770686725,14.612522586228163,0.014802832067504
2020-06-10,STLD,0.01987700398906607,0.0027042529676325183,-0.004565729741579834,-0.01856392066182857,14.592631632028134,0.0145112985322614
2020-06-11,STLD,-0.08273264128398636,-0.05624529056904301,-0.10845494465768928,-0.11886788741911608,14.502941934394322,0.0132664436655273
2020-06-12,STLD,-0.014105586516692135,-0.03377838194421903,0.010536736590927078,0.03191968172577675,14.415281237956576,0.0121530123833305
2020-06-15,STLD,-0.050211608437312504,0.004055433038271862,-0.017228219458146614,0.011665316483400304,14.253056205155113,0.0103330959436464
2020-06-16,STLD,0.09980259193589844,0.056504065629474826,0.08549622914489934,0.051050024411537324,14.431183105522365,0.0123478128233553
2020-06-17,STLD,-0.00821604143690543,-0.023572084859116126,-0.010570691926732888,-0.02702399405487661,14.06914529225197,0.0085972372280826
2020-06-18,STLD,-0.02212221312671413,-0.020500487829125502,-0.02298089819361006,-0.022530785556699604,14.458154132250918,0.0126853779694258
2020-06-19,STLD,0.004390720714584996,0.005797085442787591,-0.007149653905749442,0.014831524981320596,15.267311955434426,0.0284915657280167
2020-06-22,STLD,-0.008064473237221667,-0.005070553722798266,0.016851265881783876,0.001838607259019761,14.504851002088387,0.0132917944077223
2020-06-23,STLD,0.026871673929345835,0.01477775844816516,0.011078429813502268,0.0007345589758802761,14.452986982278661,0.0126199997395544
2020-06-24,STLD,-0.03500180904758493,-0.036433993864183944,-0.05394492014933049,-0.05160253687149009,14.417967420704802,0.0121857014982662
2020-06-25,STLD,-0.04827080022928609,-0.008945298089545533,-0.01759568254135826,0.03157960007197686,14.604740801395646,0.0146880866028318
2020-06-26,STLD,0.02651470937634755,-0.00940370086751682,1.6789139623604e-07,-0.04912715732667557,14.944458369801836,0.0206301671483841
2020-06-29,STLD,-0.022489558305302356,-0.006885417673082338,0.014998283389224496,0.02239314024944568,14.338581500844487,0.0112557295345859
2020-06-30,STLD,0.006636799942092692,0.012982278615228804,0.002352110216424042,0.013505948224828772,14.272682841466095,0.0105379032555903
2020-07-01,STLD,0.01812277356594157,-0.00532520494496591,-0.013401785962343218,-0.022089552887020542,14.144743079548812,0.0092723675202234
2020-07-02,STLD,-0.004212231359027948,0.01589130750842696,0.023530374458556172,0.01747945971570348,14.001741961336778,0.0080368524006138
2020-07-06,STLD,0.02388743973550906,0.0037467478659111114,-0.014051695378784885,-0.0007703527097073185,14.458732455350908,0.0126927163421664
2020-07-07,STLD,-0.04169665295718805,-0.030759987712258574,-0.0007865266198895026,-0.013970018795551301,14.275148776473104,0.0105639211225799
2020-07-08,STLD,0.0015611654215702243,-0.009298855849014265,-0.03035385365367092,-0.027333944423456363,14.388804373714665,0.0118354609810982
2020-07-09,STLD,-0.03169829113618215,-0.027626042318892933,-0.027128607297068515,-0.015786527368751094,14.112425624837034,0.0089774983610078
2020-07-10,STLD,-0.009708731979853755,0.032673710694253455,0.020211104053238043,0.051293328260986724,14.507056957958403,0.0133211478986849
2020-07-13,STLD,0.0614850948028331,0.019939361000927254,0.038843728043595704,-0.00934582124929163,14.298307626063982,0.0108114244213786
2020-07-14,STLD,-0.023203029837709468,0.008317484695853626,-0.0063043092886979546,0.034983263986787735,14.7043893933446,0.016227143503987
2020-07-15,STLD,0.051841066724882215,0.025647384337928195,0.03457348106283409,0.02019535370931594,14.3748411623816,0.0116713482816252
2020-07-16,STLD,-0.0037218725667970977,0.0014666157280434227,0.015157300651151768,0.0007399779819156236,14.57795103154677,0.0142998199723714
2020-07-17,STLD,0.011123727428247606,0.004752408533989326,0.004128482872978807,-0.008172353477930881,13.828329048938691,0.0067573070445603
2020-07-20,STLD,-0.025015343532896844,-0.02511215046673893,-0.021962294106987374,-0.01238525521053591,14.498153259159123,0.0132030668100397
2020-07-21,STLD,0.009781965028141534,0.021458619749654045,0.009525854984106697,0.021667048556676508,14.72763301463708,0.0166087388865014
2020-07-22,STLD,0.009687185974693651,0.021724324222542394,0.017293696531375146,0.024097613672304934,14.66189414338661,0.0155520132118461
2020-07-23,STLD,0.03246674885034574,0.015283633285632035,0.01883004556591084,-0.005788852500569474,14.630433238123791,0.0150703491101409
2020-07-24,STLD,-0.008290062272634567,-0.013852339582555313,-0.0018306491830891,0.009748965454413117,14.197571240079988,0.0097753796153561
2020-07-27,STLD,0.005054297373422576,0.015614335245640562,0.0032925090725769227,0.019217793738047804,14.306236122205505,0.0108974835198827
2020-07-28,STLD,0.018198518041085347,-0.00423429589122646,-0.0029261444292814722,-0.03734731071880733,13.819802335099345,0.0066999343122242
2020-07-29,STLD,-0.02470132656318692,-0.007453340821096205,0.0025610244563930543,0.023862443187387044,13.846428630154469,0.0068807251315623
2020-07-30,STLD,-0.004359017508036103,-0.011465638168669384,-0.010652207347672199,-0.015119180242786965,14.104966805636025,0.0089107858815472
2020-07-31,STLD,-0.0029164185742645995,-0.011598428571838727,-0.010020417353470751,-0.005820213673283353,14.131926577995403,0.0091542864315782
2020-08-03,STLD,0.0058243833344992545,0.0305173856532179,0.02213280883977484,0.026283961668324377,14.102418080529722,0.0088881036385306
2020-08-04,STLD,0.021900194875848353,-0.0021237663051985145,0.01268841604643334,-0.00820681100469957,14.189829624833274,0.0096999945135656
2020-08-05,STLD,0.00495907403862033,0.021038480109212925,0.01074873397764363,0.00891730600980507,13.965826179059874,0.0077533243629064
2020-08-06,STLD,-0.00744796337815255,-0.020684186168666078,-0.005718212723254551,-0.006055062757359506,13.429261140232628,0.0045337801041397
2020-08-07,STLD,-0.01614972958359957,0.010220325694195936,-0.017354058090606965,0.017705785273341483,14.092385189849278,0.0087993760408481
2020-08-10,STLD,0.042152483248395343,0.05789827358802782,0.0442296912210747,0.057957571994283454,14.472823803756992,0.01287284003671
2020-08-11,STLD,0.07386026810515546,0.028382347154597108,0.05300156934610765,0.0039669643402587326,14.567162939483561,0.0141463812696121
2020-08-12,STLD,-0.008411747432414636,-0.00645391514820445,0.0033034432447534854,0.012133139655033022,14.208971233663084,0.0098874565808498
2020-08-13,STLD,-0.01604741746892017,-0.005193047940097851,-0.006286147435105101,-0.0039189616380633525,14.112499932788538,0.0089781654858024
2020-08-14,STLD,0.0032959612786085594,0.012289998981020666,0.006616023594978269,0.012681106657114204,14.16841911797545,0.0094945200768271
2020-08-17,STLD,0.019873486087968042,0.011505227176138437,0.016675102905389677,-0.0022644573544238346,14.074176453426796,0.0086406003397319
2020-08-18,STLD,0.01090815717227471,-0.0035013544515611764,-0.01898571785804847,-0.01599499127383093,14.141355813427555,0.009241012654877
2020-08-19,STLD,-0.028152576637228234,-0.018992916037097796,-0.005966124681827249,-0.007265436448016906,13.906722350842436,0.0073083521249045
2020-08-20,STLD,-0.02290545182358683,-0.014402816700104923,-0.018115120123472495,0.00033147607755087033,14.15176920034729,0.0093377457500948
2020-08-21,STLD,0.0016774033480569238,-0.010940079830715582,-0.004070732637317485,-0.019743134190543684,13.871040813740604,0.0070521762037759
2020-08-24,STLD,0.0016747932835444396,0.010610226121605615,0.012498136766092351,0.023711272841700742,13.750546346233318,0.0062516264502492
2020-08-25,STLD,0.008663895185516348,-0.0019807803694164073,-0.009443546331433135,-0.015297852471168482,13.76073858841726,0.0063156704305313
2020-08-26,STLD,-0.007994694507944183,-0.004969342358283034,-0.0023748739083062293,-0.003693148035055041,13.73430158713684,0.0061508906062638
2020-08-27,STLD,0.0016707402273753412,0.0043080388087216506,0.0016967608952297175,0.00201603367585837,13.817309938108389,0.006683256192359
2020-08-28,STLD,0.003333378073420169,0.005277144637774816,0.013807345089041844,0.013669244702255615,14.111459118659052,0.0089688257386779
2020-08-31,STLD,0.007624892368434037,0.003939702266102481,-0.014146339130393716,-0.022773857689681737,14.363805939779034,0.011543260321061
2020-09-01,STLD,-0.026775604002914195,-0.012529253017592073,-0.010571469848398084,0.01945696463874554,14.402186050187074,0.011994903807009
2020-09-02,STLD,0.021145510415936288,0.02393189219708233,0.0240487451274622,0.02201521922741848,14.795377222836654,0.0177728716530882
2020-09-03,STLD,0.022657214830540888,0.009029279673266664,0.007335764636562795,-0.015062618374892681,14.100690252077353,0.0088727597682547
2020-09-04,STLD,0.0009735370254692403,-0.003537545366300404,0.00464032212508866,0.011481157827874212,13.949692613861531,0.0076292391511098
2020-09-08,STLD,-0.02529294236629713,-0.02644200066277227,-0.038083834519225736,-0.04264479578729288,14.437591826916497,0.0124272006739134
2020-09-09,STLD,-0.013733034343071058,-0.01533338360691647,-0.01453291047917529,-0.0013621446280387194,14.668606292435188,0.0156567518045992
2020-09-10,STLD,-0.0013502042295576234,-0.005389282055943319,0.004520676996207162,-0.009589392529236239,14.192645462128159,0.0097273466301445
2020-09-11,STLD,-0.01360089356499972,0.008072873996459761,0.006571210145535509,0.009248424728568856,14.145318494528786,0.0092777045185803
2020-09-14,STLD,0.00987916215015768,0.012319065365958372,0.011311155753534669,0.025581999185960033,14.234353120922044,0.0101416311275946
2020-09-15,STLD,0.026757326474359685,0.014128618297522448,0.0249086211140884,0.0092623134626161,14.29075107574095,0.0107300351964367
2020-09-16,STLD,0.010832395753086315,0.004882204915813162,-0.002662925239843756,0.0029592003622900234,14.502791063188258,0.0132644422911435
2020-09-17,STLD,-0.0174548610552951,0.023741793315703787,-0.004677721148591226,0.02592486286697876,14.438235810708216,0.0124352061714487
2020-09-18,STLD,0.04482733516665871,0.03152084524029818,0.042615514141258776,0.024333703781728035,15.684138625784172,0.0432256839416764
2020-09-21,STLD,-0.009896489694981456,-0.03820141960075933,-0.08014985220855636,-0.0873805431525618,14.497192766180543,0.0131903914389422
2020-09-22,STLD,-0.052019561441371494,-0.05073898899910557,0.01381242431318131,0.0013619636088240802,14.291186195912465,0.010734705069999
2020-09-23,STLD,-0.009166630060937543,0.011352355379473504,-0.006537138930449056,-0.013358654779111363,13.92463488160197,0.0074404428342364
2020-09-24,STLD,-0.01512056425536043,-0.021816639955555328,-0.019519580194791268,-0.0044927898528946695,14.258785769398708,0.0103924700503663
2020-09-25,STLD,-0.012894517404217822,-0.01573231081834639,-0.0007043849007432767,-0.0003465916414357099,14.227488412026824,0.0100722501489556
2020-09-28,STLD,0.037181646883254586,0.04647306708877482,0.03393691106608525,0.03807398917815876,14.668776715438273,0.0156594203037776
2020-09-29,STLD,-0.0035249413028536907,-0.014592612135768793,-0.020643681280019213,-0.03665415711740742,14.2573725241023,0.0103777933048849
2020-09-30,STLD,-0.012734635757753661,-0.019035323123390808,-0.005976497555517327,-0.0010473587271174294,14.43898660135281,0.0124445459185732
2020-10-01,STLD,-0.006602948188504063,0.0058170048638241335,0.011220351370242397,0.015939436139132776,14.125639552598505,0.0090969136992422
2020-10-02,STLD,-0.009107059756956843,0.023268486422067833,-0.012985104851247355,0.02075243500607747,14.389142515998014,0.0118394637298659
2020-10-05,STLD,0.054104503730810036,0.038258961986887864,0.047932238659795845,0.04251774033926387,14.327795716091606,0.0111349799467623
2020-10-06,STLD,0.04847267305838749,0.016860635599814162,0.030832848824773565,-0.0038796718378636885,14.520389155568605,0.0134999373436392
2020-10-07,STLD,-0.0022254411590230698,0.01409574462398381,0.021638131155268667,0.03407424523724017,14.20991539279435,0.0098967963279743
2020-10-08,STLD,0.02452173316552115,0.024275077091003412,0.018987816838514242,0.027788021900171878,14.665576440982504,0.0156093859441822
2020-10-09,STLD,0.028774569934061474,0.00996847332777129,0.004691214326662111,-0.007948577257785519,14.592631632028134,0.0145112985322614
2020-10-12,STLD,-0.017042240163146292,0.0030012510078002872,0.013327435679956343,0.019152442487338432,14.508558233573766,0.0133411616425231
2020-10-13,STLD,0.01250565729514686,-0.007218231650799046,0.003994287870467895,-0.015170413707450932,14.466116036988465,0.0127867809382058
2020-10-14,STLD,-0.00852366899738274,0.009014514568961584,0.002756146276842804,0.016674663298760415,14.70278475254467,0.0162011256369974
2020-10-15,STLD,-0.001529474358856583,-0.0008975075612469846,-0.01323682465348442,0.0039012687082468364,14.484365558250126,0.0130222759907016
2020-10-16,STLD,0.022404862797343206,0.010424471650887751,0.02599927701790699,0.0,14.175839517848008,0.0095652353050553
2020-10-19,STLD,0.00864490387996024,0.017912530452670102,-0.0012085388676736956,-0.008119305517167363,14.261734298585363,0.0104231577909181
2020-10-20,STLD,-0.04492410021560422,-0.020880031922290314,-0.047038464931234286,-0.03815848814907276,15.167291369831336,0.0257797034379449
2020-10-21,STLD,0.0009311409119831736,-0.04187497505568442,-0.012434276697437893,-0.02188117372348147,14.968611347572969,0.0211345134931059
2020-10-22,STLD,-0.02163456006361127,0.0015480487924134083,0.005758027851239398,0.030003638407666407,14.713026542093019,0.0163679068356488
2020-10-23,STLD,0.029358886675154443,0.011077105257956065,0.022082930453417145,0.013597368195160322,14.19422161350729,0.0097426905004204
2020-10-26,STLD,-0.008655459267001286,-0.014486337255071952,-0.0278410561794714,-0.03848437297304954,14.046384949179883,0.0084037710376469
2020-10-27,STLD,-0.02483221303733348,-0.016591271713706644,-0.0003207934948836271,0.0015936881448696226,14.073944802317039,0.0086385989653481
2020-10-28,STLD,-0.02253074840605043,-0.02428234947072269,-0.029308499259688505,-0.02678875392370674,14.373754548272576,0.0116586729105277
2020-10-29,STLD,-0.009156441671460394,0.034020014338133835,0.0006606290399165526,0.033770626120839434,14.65098204740647,0.0153832306388109
2020-10-30,STLD,0.03105022342072325,-0.005957187818991551,0.023822182440795824,-0.004437556121438878,14.53456960751932,0.0136927364092803
2020-11-02,STLD,0.02360470103667326,0.01094631600783923,0.015360371008569155,0.012940136532193799,14.21964211061582,0.0099935294231921
2020-11-03,STLD,0.009596050882623523,0.01297912691926384,0.013249422809628845,0.013393777473719273,14.35812608544589,0.0114778820911896
2020-11-04,STLD,-0.00866333909677222,-0.012046415133412515,-0.0419193703464152,-0.049471028394989,14.724978467228846,0.0165647086500575
2020-11-05,STLD,-0.032209868927682316,0.019388303795562847,0.01620787604075204,0.04730295717776855,14.239340004625117,0.0101923326119846
2020-11-06,STLD,0.05220751786686929,0.003346878043821117,0.028215462040713343,-0.006532945781936198,14.426525891785214,0.0122904400910193
2020-11-09,STLD,0.032072178274748384,0.059551851378615496,0.03561932201925939,0.04007248199796465,14.486719342096002,0.0130529637312535
2020-11-10,STLD,-0.004138293722477769,-0.0094894444543043,0.006314978790022146,0.016652370694581888,14.619036093741556,0.0148995651627218
2020-11-11,STLD,0.006495405108634212,-0.016606422335021517,0.0017967949381484224,-0.0020664900440888465,14.172696071540145,0.0095352146892981
2020-11-12,STLD,-0.016617715425841492,-0.009741909545436201,-0.023922406070355985,-0.0218082502855861,13.971660095885833,0.0077986888489396
2020-11-13,STLD,0.0020925272781800084,0.03182292150151468,0.026014852316861087,0.044596207633982476,14.475566720346462,0.0129081976508241
2020-11-16,STLD,0.05150240015619681,0.0704479850567494,0.05150240015619681,0.06405120172594815,15.015987559084122,0.0221598843024148
2020-11-17,STLD,0.02520406646476735,-0.00752721975918921,0.020213750960250625,-0.009254624563803129,14.417255462905873,0.0121770288759363
2020-11-18,STLD,0.01727266610235728,-0.0010798349978076204,-0.010055864519907042,-0.026040110815965325,14.292800700973482,0.0107520503146587
2020-11-19,STLD,-0.034004478994335716,-0.02295166536569468,-0.007325827101724276,0.005318544260027348,13.986687746325835,0.0079167699375848
2020-11-20,STLD,0.0014050211410504205,-0.0052653636979516655,-0.0051035510702512185,-0.016040902878426952,14.482314276531508,0.0129955909989174
2020-11-23,STLD,0.007274712368972861,0.013248834595807427,0.00961814805911041,0.02824959481042117,14.249369388577593,0.0102950698303539
2020-11-24,STLD,0.02369255818482094,0.057797927839424654,0.030225485375377566,0.0633140178741138,14.681308096337414,0.0158568892429809
2020-11-25,STLD,0.0439428200996117,-0.006230345159657494,0.017062202735316008,-0.019605758754160794,14.318949567744808,0.0110369126019553
2020-11-27,STLD,-0.014963016046485289,-0.009419389446048943,0.0005366707849284999,-0.006090453601941506,13.270267732356524,0.0038673224343287
2020-11-30,STLD,-0.006101940569083913,-0.012166548090081445,-0.030243658366498585,-0.038998025335070276,15.131838627549037,0.0248817534644057
2020-12-01,STLD,-0.009625574397259366,0.004778438418046528,0.0213474306148426,0.030730028007466232,14.339292485167016,0.0112637350321212
2020-12-02,STLD,0.0013426363878152724,-0.005576744308838557,1.946253568760887e-07,-0.004832037735268133,14.114652464959407,0.0089975121048459
2020-12-03,STLD,-0.0026868359794776733,0.005047181269219162,-0.00515815690960374,0.012037033617805573,14.206809802332872,0.0098661085874224
2020-12-04,STLD,0.020767472439651307,0.035145982835223064,0.023137767883724812,0.03218054218280703,14.492782897366816,0.0131323515818115
2020-12-07,STLD,0.013089093088735666,-0.006416135116464435,0.013734942192376268,-0.010872636430086189,14.092309372021285,0.0087987089160535
2020-12-08,STLD,-0.01150930613452629,0.006416207173520926,-0.0028896411066838654,-0.0005204395344989075,13.99691586179332,0.0079981591625267
2020-12-09,STLD,0.04249365566179353,0.015232323746321056,0.009947529531537878,0.009846894266890584,14.110863880989125,0.008963488740321
2020-12-10,STLD,-0.030984133462111336,0.013265452488717543,-0.0018247779871044879,0.021177278694100528,15.22079864087311,0.0271966765016872
2020-12-11,STLD,0.043761658268191755,-0.0012440406329320395,0.003906774630395599,-0.0121921922502757,14.496383213823817,0.0131797174422285
2020-12-14,STLD,-0.004240842867727936,-0.004240842867727936,-0.014663717185379533,-0.030883429401539764,14.227024667253033,0.0100675802753933
2020-12-15,STLD,-0.04212507526389397,-0.0307170582348967,-0.007679239197558185,0.01776421185785629,14.08767358048838,0.0087580143035825
2020-12-16,STLD,0.016294190139113252,0.005142736817407141,0.003714497173989519,-0.007798308376258476,13.972344206837679,0.0078040258472965
2020-12-17,STLD,-0.011092509629343343,-0.009275949226986862,-0.014403920327218551,-0.01923379101534022,14.845416005663374,0.0186848312473141
2020-12-18,STLD,-0.024952361491100365,-0.022249665652176284,-0.0330499440480499,-0.039891653744498115,15.30551179323021,0.0296009942614458
2020-12-21,STLD,-0.05634509551022194,-0.020591662899421926,-0.014263868751523813,0.022719034881369435,14.2937309618671,0.0107620571865778
2020-12-22,STLD,0.04052955001484057,0.004314131456647901,0.012874785117914591,-0.016646303419708047,14.208026182252832,0.0098781168337253
2020-12-23,STLD,-0.014424097713194793,-0.007019571464303661,0.006651806438959108,0.000825013139320373,14.012885738267455,0.0081269142478856
2020-12-24,STLD,0.004376628048044132,-0.002984430907053998,-0.00832154435161188,0.0002752303770306951,13.188527451614313,0.0035637806527832
2020-12-28,STLD,-0.0019125748245980298,0.0008146802374803794,0.0008349961281760133,-0.011056262143320339,13.786803422951216,0.0064824516291827
2020-12-29,STLD,-0.012381506903742748,0.003252905803817617,0.002224039365687964,0.010781031766289534,14.237046502288555,0.0101689832441734
2020-12-30,STLD,0.009662523332376409,0.0071682901127599905,0.012712591260211226,0.012928489722591833,13.725805738731731,0.0060988548722845
2020-12-31,STLD,0.00989007056962381,0.005127453942964966,-0.0019346316348399335,0.007623063783427783,13.817808914717737,0.0066865918163321
2021-01-04,STLD,0.029096877831328062,0.025512970337000434,0.009361357304857381,-0.00680362152452852,14.132145180963008,0.0091562878059621
2021-01-05,STLD,-0.025276912323431412,0.00888199275075358,0.004920643561582123,0.03567502172463239,13.999498226023698,0.0080188400311595
2021-01-06,STLD,0.059983337590663,0.07512887473687986,0.05800621804914631,0.06823690288636933,15.164051389091094,0.0256963128386192
2021-01-07,STLD,0.05755754639650811,0.0036125415456571774,0.022644692390409824,-0.01938405839702067,14.609227245607144,0.0147541319574978
2021-01-08,STLD,-0.02848906139011178,-0.03448186435515208,-0.02599526745189394,-0.009074757202371116,14.60437737994224,0.014682749604475
2021-01-11,STLD,-0.02958139830925745,0.006695413999067996,-0.003880647589909624,0.013081642294384861,14.15341105984318,0.0093530896203707
2021-01-12,STLD,0.032069283790284175,0.039733762294736255,0.029120681933048117,0.04328821295524789,14.552770791565543,0.0139442424568466
2021-01-13,STLD,0.03563985118871873,-0.009546285752577346,0.018706390732194038,-0.025452544898737377,14.441235597080412,0.0124725651599466
2021-01-14,STLD,-0.012548612149718141,-0.0026415637364574644,-0.004954376879682398,-0.008630445144531422,14.431993193428795,0.0123578196952744
2021-01-15,STLD,-0.03760956583426486,-0.04349044251960686,-0.048070243889270226,-0.02965784914521839,14.681139795822984,0.0158542207438025
2021-01-19,STLD,0.002015296731769115,0.009995260339130093,0.024451251206494457,0.013429928661628503,14.604831636126004,0.0146894208524211
2021-01-20,STLD,0.008519220451961629,0.002483198849345903,0.003299841743397461,0.011262806027592812,14.56432940881961,0.0141063537819357
2021-01-21,STLD,0.0032379159495888386,0.0042071755743195,-0.018931463187606926,-0.03649694540604237,14.412312573307222,0.0121169876444218
2021-01-22,STLD,-0.04918781527632992,-0.041861532430435805,-0.021404793417514726,-0.0010327333871205024,14.383831772053167,0.0117767539991729
2021-01-25,STLD,0.02502369806853706,0.010758041865248235,0.0007909999336094776,-0.006741282837339192,14.678654067461583,0.0158148603809207
2021-01-26,STLD,-0.007672555923406602,0.0002547982678948696,-0.04861869262331883,-0.0487770081720654,15.257310815491211,0.0282080376903093
2021-01-27,STLD,-0.08126299801821173,-0.0880770508090358,-0.04471605669377349,-0.03700525736830853,14.895993159191647,0.0196541635738761
2021-01-28,STLD,-0.003068052722935605,-0.0016705380655671384,-0.018402892018975197,-0.0034072488906160586,14.922322801586583,0.0201785236624361
2021-01-29,STLD,0.005571003333434953,0.00306018727558921,-0.00443197201650287,-0.025638782260259754,15.047662864219712,0.0228730407078482
2021-02-01,STLD,-0.02902819020499086,-0.020202579649265938,0.00531619079301951,0.018789491560301498,14.517518862545549,0.0134612441055521
2021-02-02,STLD,0.005987202219158938,0.004807118179027276,0.0218508726798812,0.01167287488003352,14.415061638844849,0.0121503438841521
2021-02-03,STLD,0.0414811242489277,0.042794578227641315,0.042595529637299574,0.04239439568519251,14.43420409124712,0.0123851718118533
2021-02-04,STLD,0.004896647996068415,0.01208882060970042,0.006331739130153341,0.008374969165694197,14.381392955337352,0.0117480676330049
2021-02-05,STLD,0.021211443555546095,0.024268868367544293,0.029206823914528664,0.012299420223861799,14.365422847438051,0.0115619398153099
2021-02-08,STLD,0.016337783723113657,0.020124747073093252,0.01612742762608563,0.02025602842279027,14.485901262910424,0.0130422897345398
2021-02-09,STLD,0.02478199945758336,0.0017864581876666315,-0.0005246032736765349,0.0010411167533760438,14.356439107754271,0.011458535472146
2021-02-10,STLD,-0.011798175881205913,-0.00819262974959511,-0.011082027765697902,-0.0010411167533759314,14.278364312666051,0.0105979444871048
2021-02-11,STLD,-0.008550543858115546,-0.0010290428518449847,0.0023848462624902304,0.009846906349266186,14.198389849295081,0.0097833851128913
2021-02-12,STLD,0.00337722640024857,0.014307929180311669,0.016277803128921763,0.014083148224386725,13.882609236600128,0.0071342325535124
2021-02-16,STLD,0.02686616607530906,0.04900770680275847,0.031024172101936552,0.04620788649688458,14.737664467768475,0.0167761872099474
2021-02-17,STLD,0.04299113454754235,0.002894709216763744,0.023701143120574954,-0.011721358059466638,14.100088567794524,0.0088674227698978
2021-02-18,STLD,-0.01978337487983034,-0.023886240194445765,-0.03206709465072452,-0.025122687033959423,13.971232288758715,0.0077953532249666
2021-02-19,STLD,-0.011661543914752551,0.012744984090005192,0.01841363116908298,0.028310492782361807,14.052163248568947,0.0084524711476531
2021-02-22,STLD,0.013879176107842412,0.04056895871826236,0.0101956426081663,0.0289599276049414,14.123216556753208,0.0090748985810202
2021-02-23,STLD,0.028628679247345287,0.0025690461123716738,0.01984130626270478,0.018617103914029095,14.355681951573281,0.0114498628498162
2021-02-24,STLD,0.025969355405178054,0.025790155993811303,0.03993879800352107,0.02376396069889281,14.220176013101874,0.009998866421549
2021-02-25,STLD,0.03795603836759219,0.013098560298755044,-0.01977005139533067,-0.0416679128535421,14.398787625455208,0.011954209194538
2021-02-26,STLD,-0.06631986031696066,-0.05345639277280324,-0.035320300085269124,-0.011715330346288053,14.455521167398059,0.0126520217296955
2021-03-01,STLD,0.03022642947988933,0.042628395215025164,0.045724692346391975,0.05679726240545341,14.197093408389154,0.0097707097417938
2021-03-02,STLD,0.023676481387338848,0.00903144415551949,0.026693009181644294,-0.0045547450709575756,14.315983375894906,0.0110042234870196
2021-03-03,STLD,-0.0022744653495127506,0.016717071441726444,-0.006895110781918829,0.020111251152395853,14.439576113098754,0.0124518842913138
2021-03-04,STLD,0.00951774267911583,-0.010666551844611924,-0.02616940151309977,-0.033901299371306606,15.242347114464291,0.027789083319297
2021-03-05,STLD,-0.0027101997633704467,0.028195562626275747,0.012469058638880244,0.05646374170175269,14.904914243964175,0.019830284519652
2021-03-08,STLD,0.03423328786350609,0.05060903948363064,0.06538588532436118,0.05012259043741803,14.793009647130509,0.0177308427910281
2021-03-09,STLD,0.045078527036433294,-0.008918595472017938,0.017153700261595392,-0.01424719612052662,14.57976883166149,0.014325837839361
2021-03-10,STLD,-0.02346095732744678,0.027736647107694183,0.0030093704746447106,0.02911409254785992,14.683157534950634,0.0158862427339435
2021-03-11,STLD,0.06278621193499145,0.00947890235014546,0.02605816014622875,-0.0016409299677792723,14.88118669088103,0.0193652985378118
2021-03-12,STLD,-0.014158725408504673,0.0016046320828129801,0.018850994268190046,0.00980609632124527,14.630433238123791,0.0150703491101409
2021-03-15,STLD,0.00831706906263963,-0.0066354767939010946,-0.02619713851677051,-0.013096393200045,14.36473020711751,0.0115539343177747
2021-03-16,STLD,-0.01301363889311427,-0.014222164090123572,-0.013787550373689804,-0.036070164367247616,15.119808491642454,0.0245842158060116
2021-03-17,STLD,-0.04800234759776138,-0.014427126513576288,-0.006857962668941674,0.024051958948153648,14.751368987580038,0.0170076795136756
2021-03-18,STLD,0.031077535362309453,0.021766871376008398,0.016211993184012386,-0.013008984020483984,14.92496419954938,0.0202318936460045
2021-03-19,STLD,-0.01827602208116535,-0.030733592692198712,-0.036414701953980035,-0.003384875059316953,15.772106410984016,0.0472004134679367
2021-03-22,STLD,0.007602941737974668,-0.004408655853243394,0.012647330706206527,-0.003396371363049717,14.607054513525135,0.0147221099673567
2021-03-23,STLD,-0.029680831576964106,-0.01740281618054596,-0.03775706629422902,-0.04857755376127006,14.962532303421321,0.0210064255325417
2021-03-24,STLD,-0.006959339621847021,0.01677168565729901,0.027739721179657405,0.027954079463085806,14.68055052086245,0.015844880996678
2021-03-25,STLD,-0.00021836184100951686,0.008385695879179906,-0.009676884725139194,0.031198963266872264,14.548936065283936,0.0138908724732781
2021-03-26,STLD,0.05726764365992594,0.05047890973311609,0.05691302000629853,0.0576376777958606,14.715062372586132,0.0164012630753791
2021-03-29,STLD,0.04435306149856251,0.031649303858296014,0.0346735447081613,-0.01259142026256138,15.018513191827001,0.0222159227851616
2021-03-30,STLD,-0.013869639145732086,-0.0055846563465960465,-0.0010279001211130501,0.03613650661610606,14.997268734458062,0.0217489354289377
2021-03-31,STLD,0.03592953412202445,0.015240876032868854,0.0238607256658342,-0.010192283446828092,15.112919332314661,0.0244154332329764
2021-04-01,STLD,-0.022948826295480968,-0.0224597285029209,-0.02183354849433249,0.004128709018917824,14.483596820617771,0.0130122691187825
2021-04-05,STLD,0.029712743069247236,0.02932866711175692,0.035021363673526346,0.016538832236377858,14.458837569081433,0.0126940505917557
2021-04-06,STLD,-0.008510673209707994,-0.010321220016134057,-0.004900539237508582,-0.011060561142874395,14.461304566387007,0.0127254054571021
2021-04-07,STLD,0.00445791005423424,-0.0005763963958942028,0.0009821291721207692,-0.0033224358203802398,14.127105182740952,0.0091102561951343
2021-04-08,STLD,-0.013825452072613542,-0.01686566268502298,-0.02685915510813182,-0.005890430867506066,14.118279006604508,0.0090302012197816
2021-04-09,STLD,0.00644962773225678,0.01801835904188236,0.024697412116047583,0.008041469616841403,14.321846719157314,0.0110689345920964
2021-04-12,STLD,-0.0013646360203941393,-0.0021142925175639984,0.0017690582801320523,0.012425081919826409,14.161509414752437,0.0094291418469558
2021-04-13,STLD,0.005253329844272842,-0.0034696750104198106,-0.019834170963318826,-0.027581402700910144,14.267032574489736,0.0104785291488704
2021-04-14,STLD,-0.02296679158290869,0.006543646928117917,0.00877565968665998,0.0079022122153857,14.551142829332866,0.01392156021383
2021-04-15,STLD,0.01966228522959536,-0.011188588346476309,-0.004577733453583953,0.001376291980223071,14.475101472058325,0.0129021935276726
2021-04-16,STLD,0.007758136001325651,0.004065611603844063,0.006759661458613113,0.01191556856454903,14.394144912399128,0.0118988378365858
2021-04-19,STLD,0.0028937111833526995,0.018377177632396536,-0.0003964805681202875,-0.006037751979073996,14.680087275381654,0.0158375426239373
2021-04-20,STLD,-0.012015733075909087,-0.01529098164715905,-0.014173395229670753,-0.02112417035288707,15.060068816837092,0.0231585701199394
2021-04-21,STLD,-0.03048513391010669,-0.009871112293147419,-0.004230728429168589,0.02092894971421181,14.693144033913304,0.0160456855598543
2021-04-22,STLD,0.02029510519259998,-0.006635537593960965,0.0006054933376715895,-0.016747548703710823,14.53369224388211,0.0136807281629774
2021-04-23,STLD,0.0045200623417912,0.02092704361547728,0.017996908191868232,0.03052479204117795,14.32929240778496,0.0111516580666275
2021-04-26,STLD,0.02898754014767726,0.0477395159438613,0.034858969050059065,0.052006099365528524,15.377248921292072,0.0318025060836444
2021-04-27,STLD,0.04178143818771054,0.008736724454278175,0.03479414031295728,0.0065644596182669055,14.779448324693963,0.0174920121145593
2021-04-28,STLD,0.008368322064515389,0.009918108282959925,0.0064487949782233425,0.0019973773948556896,14.27546448266944,0.0105672567465529
2021-04-29,STLD,0.006860447019347992,0.0035822777873125906,-0.0016543060148980087,0.002717062266074119,14.335435259281017,0.0112203719204718
2021-04-30,STLD,-0.02035688865128075,-0.005737763941883044,-0.0029475798159654732,-0.019361192619864014,14.752153178027928,0.0170210220095677
2021-05-03,STLD,0.013134009229403089,0.026090677856654816,0.0062533770261354454,0.04472426294933976,14.665063445294525,0.0156013804466469
2021-05-04,STLD,0.026820687816221118,0.042865995259708016,0.035660013640926795,0.046688177539078245,15.046670714087886,0.0228503584648316
2021-05-05,STLD,0.04939486284514377,0.019117824416203112,0.03477401812104564,0.009215098228413784,14.794701344422474,0.0177608634067853
2021-05-06,STLD,0.01714864091068308,0.015197705687297147,0.01879032514888158,0.02779568447135269,14.739293552611096,0.0168035393265263
2021-05-07,STLD,0.020585530567039757,0.03286304386070906,0.020745869695535924,0.027359462423120227,14.874099491448153,0.0192285379549177
2021-05-10,STLD,0.04845134063752744,0.039238747166102594,0.046848443214934504,0.009737766147853455,15.08992346603118,0.0238603854038645
2021-05-11,STLD,-0.03543796715431752,-0.014438913402843716,-0.02443396172634109,0.005611016137852349,14.965386457246042,0.0210664667640562
2021-05-12,STLD,0.026462297649042687,-0.006913064405146316,-0.030330118390450123,-0.05576978107497639,15.021302007551942,0.02227796539106
2021-05-13,STLD,-0.05512112724982778,-0.00773732529304591,0.0038009630354326027,0.045301926451468424,14.961102165862139,0.0209764049167844
2021-05-14,STLD,0.040401320343854956,-0.002644624798118669,0.03373101302928885,0.0014124836611047887,15.060443235304788,0.0231672427422693
2021-05-17,STLD,-0.00015774051090187608,0.008839317246876642,0.010311846225022557,0.012159191693366878,14.886135152886617,0.019461364508235
2021-05-18,STLD,0.015499137780717926,0.002159050260201281,-0.0025286637517434856,-0.019558067393571937,14.44922668537123,0.0125726338791374
2021-05-19,STLD,-0.049683874864549865,-0.04039847023297078,-0.05329400013019397,-0.017211604998797692,14.779562734581237,0.0174940134889431
2021-05-20,STLD,0.01378213896490397,-0.002248240754195546,0.00996361185498183,-0.0041880993980206015,14.77294361704669,0.0173786008994763
2021-05-21,STLD,0.003536689042604292,0.013256028892100346,0.01296934443487657,-0.0066399788745743074,14.614233680976028,0.014828182809699
2021-05-24,STLD,-0.012757667530836996,-0.010045596107936244,-0.00474140916185037,0.008414184599326507,14.60746226054279,0.0147281140905082
2021-05-25,STLD,0.012115422101410762,0.000800884608923347,-0.01585766572078268,-0.03076166922662391,14.855540242644338,0.0188749618137767
2021-05-26,STLD,-0.03430029960979952,-0.020219095320974066,-0.009872129692825889,0.012385544478889225,14.713230311750873,0.0163712424596218
2021-05-27,STLD,0.037986706489012846,0.027876066073093047,0.036487995627344214,0.01676359717294657,15.192941000371555,0.0264494967317289
2021-05-28,STLD,-0.00899899533531089,-0.005257847290621303,-0.0127266330647879,0.007556834556054271,14.484724100339893,0.0130269458642639
2021-06-01,STLD,0.05572243451421314,0.047876830852789654,0.036596188416696276,0.03261920210335193,14.806129609142506,0.0179650035939346
2021-06-02,STLD,-0.015384872106314475,-0.017976901785323077,-0.0009501839239181437,-0.011695993030026353,14.52973455369813,0.0136266910546143
2021-06-03,STLD,-0.023213175071000618,0.0029413491320674045,-0.013078426165692013,0.007345428768791685,14.517370174789066,0.0134592427311683
2021-06-04,STLD,0.029549549298165848,0.009844650511896156,0.028331358798179437,0.009916344047391234,14.061355276843218,0.008530524748622
2021-06-07,STLD,-0.0026223932015581436,-0.0033730774964510447,-0.018904023466044275,-0.01038349417066493,14.546291134864155,0.0138541806095748
2021-06-08,STLD,-0.006353057481362533,0.02457656473208554,0.011856953056820328,0.035504915190810095,14.839435578514022,0.018573421406615
2021-06-09,STLD,0.028956331149254503,0.002245144969876219,0.013114838708390798,-0.03053216627392504,14.996685760532088,0.0217362600578402
2021-06-10,STLD,-0.007579332281952587,-0.015065157562538775,-0.008567838917150074,-0.0023280455234528413,14.388071339614365,0.0118267883587684
2021-06-11,STLD,-0.008557179312926553,-0.001366706110148987,0.004215493040561598,0.010049097963622425,14.238423234812213,0.0101829928648601
2021-06-14,STLD,-0.007084678346418731,-0.015007982994206515,-0.020142334951112242,-0.029345020527384816,14.562104188208309,0.0140749989165893
2021-06-15,STLD,-0.029169544301351984,-0.022627323408103972,-0.024784237937888493,0.0007914851274336925,14.604059277791505,0.0146780797309128
2021-06-16,STLD,0.0017488462045563286,-0.006492095119070733,-0.015601063933354174,-0.015472166983944649,14.835260358891896,0.0184960349304407
2021-06-17,STLD,-0.006534244214973179,-0.0023855495583013473,-0.04346655666348392,-0.0507771541872324,14.944102595862017,0.0206228287756434
2021-06-18,STLD,-0.07519100319659368,-0.05566082634034811,-0.004330903124029925,-0.02223074113545386,15.097610667520351,0.0240445118471756
2021-06-21,STLD,0.015904541505114143,0.017191391405999935,0.014991249893371411,0.03750328622030303,14.581536848793508,0.014351188581556
2021-06-22,STLD,0.017991274367965302,0.0036340264713467913,0.012407773058509226,0.0016641867437171306,14.176188180486273,0.0095685709290283
2021-06-23,STLD,0.019472610868942378,0.015055116286924273,0.004718601987602004,-0.007510645368840016,14.45351546737262,0.0126266709875005
2021-06-24,STLD,-0.018306604029805502,-0.002764760893248611,-0.005901572930516161,0.02138156794857945,14.496433830051087,0.0131803845670231
2021-06-25,STLD,0.015852118476453375,-0.004570978187723533,0.01527234855156321,-0.01220956826442931,14.835043924368446,0.0184920321816731
2021-06-28,STLD,-0.002624724436921084,-0.003277682972245579,-0.03112570772750728,-0.02709013572055291,14.604241062839368,0.0146807482300912
2021-06-29,STLD,-0.03150942683375859,-0.012941328349347737,0.007018607260013572,0.0064892663544678575,14.34159969930778,0.0112897528991108
2021-06-30,STLD,-0.0017042080644358863,0.0008347060355529383,0.0034216689126485176,0.01436431992663753,14.314588041786353,0.0109888796167437
2021-07-01,STLD,0.03023921602739333,0.023910860143721728,0.0177745412540201,0.02174188367182242,14.444386381695086,0.0125119255228283
2021-07-02,STLD,0.01004375434455804,0.004552183157621243,0.010349022648089694,-0.003124181358990863,14.180917962740583,0.0096139354150615
2021-07-06,STLD,-4.6401427777527806e-08,-0.009288790434046661,-0.04361431654269621,-0.04204424030805634,14.677936692482985,0.0158035192594124
2021-07-07,STLD,-0.026730231916214868,0.010747551476839439,0.025009867524104595,0.050245009717508365,14.865458024607298,0.0190630910058555
2021-07-08,STLD,-0.00235861547783145,-0.016823766323065925,-0.013112292231905862,-0.020796429616457023,14.392798413848794,0.0118828268415152
2021-07-09,STLD,0.03252324997577604,0.028578120695832987,0.03932626616625676,0.02535959055877288,14.443319430976079,0.0124985830269362
2021-07-12,STLD,-0.005730556397736298,0.011301432413856899,-0.004459414629051368,0.021713829201445115,14.446782866720884,0.0125419461385856
2021-07-13,STLD,0.028170736515985752,-0.006988676340357384,0.009391176777117455,-0.02709417308897459,13.914904207228952,0.007368393356419
2021-07-14,STLD,-0.007853207891903122,-0.002553470476536867,-0.003943455263516302,0.0004903502025804872,13.919871474189012,0.0074050852201223
2021-07-15,STLD,-0.024266366945843672,0.006371416721776285,-0.0016477801648284544,0.006839249667459038,14.271415896704546,0.0105245607596982
2021-07-16,STLD,0.018457035037798813,-0.015199108205564537,-0.014785559564203406,-0.02864391755246487,14.427393994021868,0.0123011140877329
2021-07-19,STLD,-0.06329851711147473,-0.05807867062693338,-0.05433687072906198,-0.03379790360965881,14.821130345601121,0.0182365233853391
2021-07-20,STLD,-0.03117045355972643,0.019122323877211276,-0.030318947746198165,0.020855447409692276,15.023097124777918,0.0223179928787363
2021-07-21,STLD,0.06490544357404884,0.017446758654318772,0.07507039694082283,0.005735631929410557,14.377010854811106,0.0116966990238203
2021-07-22,STLD,-0.010388832212713885,-0.01878838890452365,-0.019968224445286006,-0.0050589726092843445,14.518361009157553,0.0134725852270604
2021-07-23,STLD,0.004537362342088644,0.005523368502279043,0.004643492808876327,-0.0011842145939448998,14.512002638105077,0.0133871932533509
2021-07-26,STLD,-0.00504286596038523,0.02114031775063422,0.0124479285119235,0.03296451740972699,14.702867104483136,0.0162024598865866
2021-07-27,STLD,0.01588270420914687,0.007813858237373824,0.0005083571303409031,0.0004912333183869511,14.43571116860483,0.0124038513061022
2021-07-28,STLD,0.02133327793843864,0.0011345103965525749,0.004899938782356562,0.0027789082948469087,14.294040856623123,0.0107653928105508
2021-07-29,STLD,0.011943299720517065,0.05636615886959777,0.04772202179178097,0.05386099651386106,15.212967633515145,0.0269845308170026
2021-07-30,STLD,0.029560202181879918,0.006257149135462459,0.025072667395362243,-0.0030985275669275364,14.494153559626405,0.0131503639512659
2021-08-02,STLD,0.01146063765522439,-0.00015218505720180088,-0.015477247297492397,-0.024184554331499422,14.52344831665611,0.0135412990809048
2021-08-03,STLD,-0.02810924657143582,-0.013172117219049503,-0.008150214657422663,0.02728308189842701,14.457838542260706,0.0126813752206581
2021-08-04,STLD,0.014465528247151603,-0.003707211748931562,0.010058271585138357,-0.026329791293301822,14.185072802763091,0.0096539629027379
2021-08-05,STLD,-0.018273887270331517,-0.014496429244545713,-0.02444242163219097,-0.021671935217270104,14.549080133215096,0.013892873847662
2021-08-06,STLD,-0.005739785138606597,-0.00424826642501019,0.0043856592907813565,0.019605376138830965,14.181403584529848,0.0096186052886238
2021-08-09,STLD,-0.0012799462464626276,0.015800210873966093,0.005173061001744947,0.024521924213649345,14.307704280866384,0.0109134945149533
2021-08-10,STLD,0.03508030434595382,0.06315032276039309,0.040602596040483434,0.05864967332246803,15.02771965075423,0.0224213972219002
2021-08-11,STLD,0.07416312717660972,0.04208602623039667,0.05423843120134019,0.046213739761193466,15.01983360094949,0.0222452762761243
2021-08-12,STLD,0.019613937868108236,0.022652716578338894,0.025339627339771752,0.019659958056645076,14.810945501677756,0.0180517298172334
2021-08-13,STLD,0.025018669900273627,0.01558410298263234,0.033601295334008435,0.0024648015565073107,14.51801432879189,0.0134679153534982
2021-08-16,STLD,-0.023471691827977214,-0.0326644167515272,-0.042072975811133485,-0.02002983464406128,14.415171444428683,0.0121516781337413
2021-08-17,STLD,-0.0008435453179836964,-0.009351759889712496,-0.028224388516758677,-0.03985146142562325,14.616301096513569,0.0148588705502509
2021-08-18,STLD,-0.04208243297421377,-0.007601077291028287,0.007094698249490405,0.005358313877565734,14.266586814266963,0.0104738592753082
2021-08-19,STLD,-0.01790925837827602,-0.047455839922686816,-0.03919727018825391,-0.030500925090165103,14.666217315738635,0.0156193928161013
2021-08-20,STLD,0.008180293991003302,0.011930343958166502,0.01217843465292156,-0.0026838294504430353,14.044796009137102,0.0083904285417548
2021-08-23,STLD,0.007967116924322618,0.020434064784507388,0.023625638792112127,0.029132605272706058,14.289693566424958,0.0107186940749284
2021-08-24,STLD,0.035369776205897305,0.02744924953649601,0.03413778472944152,0.03182562066174727,14.131926577995403,0.0091542864315782
2021-08-25,STLD,0.006221820531042062,0.006260894145770595,0.0037064249544380198,-0.009739637003085406,13.949342780334991,0.0076265706519314
2021-08-26,STLD,-0.007357355256146188,-0.015796912610950915,-0.01809113613759208,-0.0196241188123096,14.30212606771873,0.0108527861586441
2021-08-27,STLD,-0.009273167297255941,0.0071605181081992935,0.00951711848205767,0.02542281932476042,14.311487077456054,0.0109548562522188
2021-08-30,STLD,0.020990978262041354,0.0005595756239253336,0.007577630015533621,-0.00949337109667586,14.082939666733665,0.008716652566317
2021-08-31,STLD,-0.01456168398648432,-0.017347582677442575,-0.04784348927912908,-0.03993856477278148,14.996163864046698,0.0217249189363319
2021-09-01,STLD,-0.04291889204053563,-0.03813436278647361,-0.0289524644770602,-0.006689963323899458,14.600371002630883,0.0146240426225497
2021-09-02,STLD,0.0013368865535460964,0.0032460121195342106,0.02580974279345184,0.00565204251029013,14.40701308825719,0.0120529436641397
2021-09-03,STLD,0.004739295663053271,0.00014729427064271827,-0.0036036204527219707,-0.009687900202192722,14.02803876535313,0.0082509994596822
2021-09-07,STLD,-0.017438330737084593,-0.011555621403597529,-0.009369870172239383,-0.004503046520771204,14.382754888721214,0.0117640786280754
2021-09-08,STLD,-0.005729717435311097,-0.010937141523306883,-0.018388290455489262,-0.009219283376129287,14.081637733792293,0.0087053114448087
2021-09-09,STLD,-0.006219182749035234,0.005408642060896024,0.004936718629393338,0.0013655123349786652,14.351361031806578,0.0114004956150154
2021-09-10,STLD,0.011648150760352619,0.02134676408876493,0.010410320163246181,-0.0022770139609868656,14.323713345099499,0.0110896154607291
2021-09-13,STLD,0.005848464529820345,-0.01925127837020214,-0.04900338986566329,-0.02977006875388501,14.668521070040907,0.01565541755501
2021-09-14,STLD,-0.04058528618812319,-0.04058528618812319,-0.009966374682398707,-0.030199400326427102,14.320942260658237,0.0110589277201773
2021-09-15,STLD,-0.001870395357021623,0.014070494908560226,0.023312524988515836,0.04835203483415236,14.760116989651124,0.0171571154676672
2021-09-16,STLD,-0.003281513593881853,-0.0003070922976220176,-0.003161588700707377,-0.02066097609077192,14.562151584920219,0.0140756660413839
2021-09-17,STLD,-0.01402808728177938,-0.0310404656195127,-0.026959244359107893,-0.028013869979831674,15.512409929419222,0.0364050000416285
2021-09-20,STLD,-0.0790775133372782,-0.06428500661579173,-0.07776803945266109,-0.06381773256761468,15.274335093598143,0.028692370291193
2021-09-21,STLD,0.007189342714870419,-0.0059307280982390355,-0.0179163008437054,-0.006386511845935003,14.983929031734577,0.0214607375176681
2021-09-22,STLD,0.009337043556423,0.02583596426371293,0.03982626090121708,0.007590066288195013,14.680971466978724,0.015851552244624
2021-09-23,STLD,-0.00542190707193023,0.0011586395952221614,0.0061728614870415225,0.016701122556482415,14.69600870991604,0.0160917171706821
2021-09-24,STLD,0.0023758243935425903,0.004291958042899679,0.006304984321430945,0.011259844135907995,14.413083073746828,0.0121263273915463
2021-09-27,STLD,0.018305939093950133,0.018926920331540198,0.02051177810312526,0.0320671597880014,14.441289082998384,0.0124732322847412
2021-09-28,STLD,0.019446896147070018,0.009010544506319218,-0.001165590422672928,0.0008088556803980891,14.403742123883257,0.0120135833012579
2021-09-29,STLD,0.02024209336462594,0.010281673887530735,-0.004488245568517407,-0.03352083423809405,14.375241196446977,0.0116760181551875
2021-09-30,STLD,-0.035642070002769484,-0.033676485839821316,-0.019859710275855796,-0.0181314452568568,14.41390795167043,0.0121363342634654
2021-10-01,STLD,-0.02921759840117946,-0.03382764094023511,-0.031345016114018874,-0.00325413290041679,14.286514311918523,0.0106846707104035
2021-10-04,STLD,-0.0005144582795620409,0.0175589281645151,0.02962902072935382,0.0037668751843557193,14.4635039796116,0.0127534246984756
2021-10-05,STLD,0.0003429782217692073,0.0023404389078631577,-0.007411821874716264,0.01425453786685253,14.429344473076336,0.0123251305803387
2021-10-06,STLD,0.0006854127786638983,-0.01565030762016605,-0.013586674854182825,-0.030971725199436556,14.375698182370053,0.0116813551535443
2021-10-07,STLD,0.0068282364802609965,0.026114644109544755,0.025624642703849922,0.03248698324982609,14.262949636813225,0.0104358331620156
2021-10-08,STLD,0.01402168937768244,-0.00496937902946527,0.007323523920843529,-0.0059056952355872085,14.29775212227258,0.0108054202982271
2021-10-11,STLD,0.019602016758029958,0.03331465013797857,0.02876941192820523,0.027211500659122576,14.403686591497033,0.0120129161764633
2021-10-12,STLD,-0.0004937457281990912,-0.008387170804517957,-0.003965087934153631,0.015037768348747992,14.384171599684537,0.0117807567479406
2021-10-13,STLD,0.013405510792511705,0.006135923490662427,-0.004313195171569679,-0.009945485330700629,14.062215155059281,0.0085378631213627
2021-10-14,STLD,0.010339384958579546,0.010249966135384684,0.022195753124756034,0.010432078858380425,14.271225716470166,0.0105225593853144
2021-10-15,STLD,0.011664318995996025,0.008725472601455472,0.005189814429481308,0.0033995411282169022,14.448961342023342,0.0125692982551644
2021-10-18,STLD,-0.05754162916210727,-0.011278073582176197,-0.04144899382795093,0.008688653476673443,14.894464548920189,0.0196241429581188
2021-10-19,STLD,0.04828514067795605,0.030674832618090744,0.023659775145707978,0.017154120169441067,15.316472216978005,0.029927218286008
2021-10-20,STLD,0.016379605817203748,0.02554247970217897,0.04018301744358571,0.024270071340201274,14.750741192153233,0.0169970055169619
2021-10-21,STLD,0.005818896396340789,-0.034255788770167994,-0.026770971459786935,-0.031064753281394842,14.681812827997032,0.0158648947405162
2021-10-22,STLD,0.0034439717553997645,0.007162826532327748,0.01595651831316705,0.006794681941193541,14.149838354058456,0.0093197333806404
2021-10-25,STLD,0.006076234533008109,0.04949199196215594,0.0212000721045956,0.05499513979701971,14.747596289468783,0.0169436355333934
2021-10-26,STLD,0.04420875788626031,0.01741987351076681,0.034616210374994974,0.002828140820257255,14.46533313592439,0.0127767740662868
2021-10-27,STLD,-0.013766628609260092,-0.016977065096724926,-0.02480234283868426,-0.04126817771950994,14.433557505011212,0.012377166314318
2021-10-28,STLD,-0.019167030849551375,-0.022087203246844826,0.006027364630642142,0.014302441533400179,14.12417177123106,0.00908357120335
2021-10-29,STLD,0.014636676605845127,0.02075801383896381,0.012859940325615994,0.00896878211756958,14.465124258748109,0.0127741055671083
2021-11-01,STLD,0.013380554274389665,-0.009951971657619567,-0.03136609079402885,-0.028707286186022585,14.674511526196003,0.0157494821510494
2021-11-02,STLD,-0.048342225356295974,-0.04879013547920548,-0.023504321773308773,-0.02315970927262904,14.476031752279283,0.0129142017739755
2021-11-03,STLD,-0.01214241385550822,0.0035985064526516983,0.004329345896162375,0.01361419721793592,14.15959730193028,0.0094111294775014
2021-11-04,STLD,0.015428535860425746,0.0265079320828418,0.022309250023420164,0.01063504101576759,14.078951934445984,0.0086819620769975
2021-11-05,STLD,0.012420578906896487,0.00470377061214227,0.007948332869485783,0.011754016101800156,14.296763797396483,0.0107947463015135
2021-11-08,STLD,0.04066768058586275,0.035832285432819945,0.02801130686377182,0.02759836828161725,14.320881934328971,0.0110582605953827
2021-11-09,STLD,-0.018541085828697592,-0.0187224259073074,-0.021204271638951937,-0.017045313835794152,14.255442147034406,0.0103577795610468
2021-11-10,STLD,-0.014134991812078161,-0.01484164658755779,-0.010695266642118399,-0.01594876513170504,14.05121568133725,0.0084444656501179
2021-11-11,STLD,0.006864291269836286,0.02328792045140368,0.018221479439630206,0.023828643017072094,14.271415896704546,0.0105245607596982
2021-11-12,STLD,-0.0007601823638634665,-0.011874646971593114,0.005798223118789708,-0.001359212305934428,13.825857839724975,0.0067406289246951
2021-11-15,STLD,0.0042507582381906125,-0.0138327254551552,-0.02184041764103118,-0.010331328775941652,14.316165232542662,0.0110062248614034
2021-11-16,STLD,-0.00806167368550959,-0.0019704187398782644,-0.01031595259939396,-0.001834543271516921,14.293296947806912,0.0107573873130155
2021-11-17,STLD,-0.017874056299408435,-0.01098230835377885,-0.011058449022240012,-0.03741074297830635,14.515832438697831,0.0134385618625355
2021-11-18,STLD,-0.027105435170128228,-0.019201617249868175,-0.007014324292632778,0.010271041943136033,13.988960377014324,0.0079347823070392
2021-11-19,STLD,0.006369526497368683,0.002654410517555018,0.0015985562499649067,-0.007891401181718811,14.180917962740583,0.0096139354150615
2021-11-22,STLD,0.016841607654157164,0.07348414185824244,0.02133295730392717,0.0602611200491105,14.71245576605452,0.0163585670885243
2021-11-23,STLD,0.054962287230294476,-0.0055207992150148565,0.03593209309974193,0.006839168474284894,14.356206197675723,0.0114558669729676
2021-11-24,STLD,-0.009649129943026328,-0.014528174300665943,-0.018419177084607902,-0.03528718529621527,14.133383029274961,0.0091676289274704
2021-11-26,STLD,-0.0701230432628582,-0.04659760543514182,-0.06670205390036059,-0.025495109780320834,14.271669414101318,0.0105272292588766
2021-11-29,STLD,0.016817962339195542,-0.0032574144976942987,0.0037703355927355218,-0.03378733157513109,14.388860738702778,0.0118361281058928
2021-11-30,STLD,-0.04111058645322592,-0.045943148181952574,-0.02854496267756891,-0.02640429915795061,15.04836261330076,0.0228890517029187
2021-12-01,STLD,0.009788050643766415,0.016297296475796346,-0.005740283440181818,-0.011943871210156057,14.50369594918159,0.0132764505374464
2021-12-02,STLD,-0.028152288963586434,-0.02512080821587007,-0.0023733183308185654,0.008593861249393887,14.367497894539728,0.0115859563079157
2021-12-03,STLD,0.0010014124432017513,0.00866092686557089,-0.0005092195966742282,-0.0038664638489720776,14.358358548844123,0.011480550590368
2021-12-06,STLD,-0.0025053448734882414,-0.005874799474048736,0.011312845408760399,0.010555433058237673,14.328873559861917,0.0111469881930652
2021-12-07,STLD,0.026729840737257322,0.03695204804159889,0.02356170691525608,0.03584963454652237,14.545905834269542,0.013848843611218
2021-12-08,STLD,0.016470642315518504,-0.01158099662878376,-0.002462761756826019,-0.015230289746070528,14.146827385414031,0.009291714139267
2021-12-09,STLD,-0.033382519446915844,-0.02340884556873357,-0.02042753397091644,-0.0031068036336925437,14.198253460953618,0.0097820508633021
2021-12-10,STLD,0.020325189072244378,0.010076378269727905,-0.005552339966221517,-0.016346541035864606,14.338225819031313,0.0112517267858183
2021-12-13,STLD,-0.020656570985789366,-0.020090564509354213,-0.014958715476742896,-0.004504959379397845,14.399122409335813,0.0119582119433057
2021-12-14,STLD,-0.007314992653484726,0.03198592436655611,0.022354926283309234,0.026078481294607957,14.738022299170884,0.0167821913330989
2021-12-15,STLD,0.006818026556583859,-0.0364505213812769,-0.047852744314102455,-0.04260212879655745,14.731081430802073,0.0166661116188375
2021-12-16,STLD,-0.01233971910159036,0.04488397769648298,0.04483359429570092,0.05908334057983756,14.71863539860793,0.0164599700573044
2021-12-17,STLD,0.03560038714923459,0.011500767343602565,0.01797959645299142,-0.0009619659624358142,15.43695628713547,0.0337591831062227
2021-12-20,STLD,-0.014515469385945754,-0.040110821843070965,-0.02844906889495386,-0.049656780466723595,14.50540294743372,0.013299132780463
2021-12-21,STLD,-0.008745108049199313,0.0008149977490397041,0.01583063421495433,0.029238078852677332,14.008937718620537,0.0080948922577445
2021-12-22,STLD,0.013171119105949262,0.01133988766260226,0.01410235301137177,0.006039386985080816,13.85261460949211,0.0069234211184171
2021-12-23,STLD,0.012515255715859104,-0.002742343174349022,0.0008232187154140587,0.003249253062595094,13.848946301168032,0.006898070376222
2021-12-27,STLD,-0.0004846756140455222,0.013954813389682743,0.005744755469907114,0.017525971640728968,13.430437609226455,0.0045391171024966
2021-12-28,STLD,5.919579695520765e-08,0.0020686583825731807,0.006200129216377856,-0.007037756772284777,13.611435295758493,0.0054397355752142
2021-12-29,STLD,0.006764323745374128,-0.0012724824344635833,0.0016252141703842365,0.0011229130295028894,13.984072044387862,0.007896089068952
2021-12-30,STLD,0.004337930855328804,0.006085472858999896,0.007743575694154735,-0.003709934639897811,13.386266457287837,0.0043429824128825
2021-12-31,STLD,-0.0028930199239342075,-0.011182289860675586,-0.005191493489052019,0.0030656799476163153,13.377007146164305,0.0043029549252062
2022-01-03,STLD,0.0032139761650940746,0.015304043890265866,-0.0026057849630466527,-0.006627278290807917,14.273252443348778,0.0105439073787417
2022-01-04,STLD,-0.00048147649564226166,0.009447427556220713,0.0111895764219756,0.029719394316856704,14.358590958215682,0.0114832190895465
2022-01-05,STLD,0.029730119488343795,0.0660945117115724,0.029084212836430704,0.03769355226469527,14.647027843177263,0.0153225222825018
2022-01-06,STLD,0.04135796490046843,-0.018506574426224876,-0.0026663549297301684,-0.02938427249055883,14.268495817768121,0.0104938730191463
2022-01-07,STLD,-0.03793576474769128,-0.03049604883930025,-0.03548956838892062,-0.027542078939606886,14.480207336779827,0.0129682388823386
2022-01-10,STLD,-0.024521882138849628,-0.025432488445130956,-0.028724394352041674,-0.02799212427090936,14.522511825933597,0.0135286237098073
2022-01-11,STLD,-0.061530211990283246,-0.03685946445471402,-0.025957941028120345,0.0062519903512868544,14.506255355110671,0.0133104739019712
2022-01-12,STLD,0.05145412847567992,0.04567010430834364,0.0635928193380177,0.042231579018526255,14.354282616845106,0.0114338518547456
2022-01-13,STLD,0.017685524952002055,0.005623246198006941,0.005629301177131815,-0.01233991853273338,14.125932850523105,0.0090995821984206
2022-01-14,STLD,-0.014315575085441836,-0.01807516525078398,-0.014051788829005919,-0.009757797842775452,14.06627005452127,0.0085725536106821
2022-01-18,STLD,-0.012899219143861792,-0.021806216820264263,-0.029379865516818825,-0.037839200685298814,14.207688447329655,0.0098747812097523
2022-01-19,STLD,-0.0019493178635752151,0.010481438985046257,-0.019963466045273267,-0.01581731508346472,14.501683978286076,0.0132497655456621
2022-01-20,STLD,-0.032556881539404635,-0.010967930190075845,-0.027721916308085133,-0.034510054709134506,15.00597280434298,0.0219390659954003
2022-01-21,STLD,-0.05525292456412965,-0.09040797788784961,-0.08407672899507049,-0.082488744959204,15.245415262543812,0.0278744752930065
2022-01-24,STLD,-0.10097162111508938,-0.022803834188675078,-0.03480480873207646,0.04200330055492134,15.573282437332711,0.0386899024631528
2022-01-25,STLD,0.010937678063056308,0.006697486238104476,0.017650975114425392,-0.010659897852143255,15.603948015416293,0.0398947298422105
2022-01-26,STLD,0.07049398451206913,0.0036016737720740307,0.015815174164277492,-0.018650299084099625,15.093412311277383,0.0239437760031902
2022-01-27,STLD,-0.016978915378597473,0.015518041079423023,0.03275286480400334,0.022707167960211178,15.083612705976105,0.0237102823250782
2022-01-28,STLD,0.0023906361990435323,-0.02818110426768727,-0.022094264498486525,0.010616821727605802,14.583487343095767,0.0143792078229294
2022-01-31,STLD,0.001101552401720315,0.029242396248333052,0.030392965589398125,0.010865780174215581,14.871354862680077,0.0191758350961438
2022-02-01,STLD,0.03833814535949574,0.023069822390359086,0.0360723887619553,0.03695279793694566,14.610311843921801,0.0147701429525683
2022-02-02,STLD,0.014898210405467668,0.03346954243721656,0.0008853901869417491,0.02671850754963988,14.556400211199392,0.0139949439412366
2022-02-03,STLD,0.017076701804591133,0.01080189051439927,0.023266997666976635,-0.005083088859865476,14.474584275520908,0.0128955222797266
2022-02-04,STLD,-0.00119779818606186,-0.01147036210273831,0.007064837792118004,0.001188458029889272,14.110342757226075,0.0089588188667588
2022-02-07,STLD,0.020675101608131796,0.0008355658393475096,-0.023980368515281708,-0.010403434617050327,14.283324917506963,0.0106506473458786
2022-02-08,STLD,-0.010623062958819669,0.021157834766291496,0.02928900096334753,0.03817833664622501,14.749641600893991,0.0169783260227129
2022-02-09,STLD,0.02956362219274545,0.026470164047935993,0.026461408663327978,0.03167129537800368,14.39800602692368,0.0119448694474135
2022-02-10,STLD,0.01535236995885638,0.00206867597201935,0.013711398111602198,-0.019533986756722216,14.459888099144152,0.0127073930876478
2022-02-11,STLD,-0.01469426090734473,-0.012315331068213208,-0.01654306829942944,-0.010323841166147674,14.721508904491293,0.0165073359177214
2022-02-14,STLD,0.00016456389772379285,-0.0033851056588056557,0.004991746777150292,0.014715859477343187,14.620914867777188,0.0149275844040953
2022-02-15,STLD,0.01355664183820819,0.03490742345819343,0.001658262892444575,0.03461535051295322,14.579675691482192,0.0143245035897718
2022-02-16,STLD,0.03412869490550725,0.024186701721165226,0.047882447000768345,0.007964522964462177,14.376497405567688,0.0116906949006688
2022-02-17,STLD,0.00047029573872848666,-0.017658715691054833,-0.005702544857901386,-0.016467074732148344,14.099185362030282,0.0088594172723626
2022-02-18,STLD,-0.0029820819251311775,0.004019698144014881,0.006334098015212142,0.011164489017285228,14.483904386589252,0.0130162718675502
2022-02-22,STLD,0.009542648753788447,0.009673929584467361,-0.007764766849704364,-0.014332005130679865,14.569188708896672,0.0141750676357801
2022-02-23,STLD,-0.015691541560905405,-0.018040785308390237,-0.01393689514668368,-0.014057719325755735,14.302310461717598,0.010854787533028
2022-02-24,STLD,-0.04943878959778044,-0.012683136463117766,-0.048757914030990765,0.01754148670017364,14.733639998377342,0.0167088076056923
2022-02-25,STLD,0.05574482729350768,0.0855788080336924,0.07187918941580115,0.0869980907786222,14.879014014763017,0.0193232696757517
2022-02-28,STLD,0.06214888684137616,0.03984381687385809,0.06306963226430731,0.022495486498377397,15.390336528524282,0.0322214604546567
2022-03-01,STLD,0.06143220784379551,0.047107423377018225,0.03846904988061505,0.022277532326672157,15.06506868214216,0.0232746498342008
2022-03-02,STLD,0.01939425553537246,0.004498662155311847,0.025310782028368166,0.04152586902466808,14.783938607937735,0.0175707328403227
2022-03-03,STLD,0.031114247757665192,0.02167761044777181,0.035732773064885724,0.024423427085096858,14.928584767120826,0.0203052773734112
2022-03-04,STLD,-0.00013222987870970988,0.0020645871562781117,0.006543216573805015,0.003754645923086404,14.664977920421915,0.0156000461970577
2022-03-07,STLD,0.018579485598515185,-0.0014192051082413768,-0.0456141579169633,-0.06679845039565067,15.10112813981041,0.0241292366960906
2022-03-08,STLD,-0.07396842606998341,-0.06741725016685256,-0.04225687085426561,-0.03386343385996595,14.820654669299383,0.0182278507630093
2022-03-09,STLD,-0.019450642092490436,0.012079973792229982,0.017860517952438138,0.027905044052487584,14.563051695884129,0.0140883414124814
2022-03-10,STLD,0.02321244635626859,0.0076115374438235845,0.015440177150194854,0.006096504513125623,14.651285570312423,0.0153879005123731
2022-03-11,STLD,0.006514727206083245,0.007420109090524928,0.006445429772591381,-0.00373658839712391,14.649506481422037,0.0153605483957943
2022-03-14,STLD,-0.006653609126949904,-0.02890842839996713,-0.030631862032138975,-0.00877380140867579,14.699980743781571,0.0161557611509642
2022-03-15,STLD,-0.014570196862225647,0.012921156564514084,0.001295172080038857,0.022407595792595734,14.531690926249937,0.0136533760463985
2022-03-16,STLD,0.0465970614322115,0.03805395581761421,0.037681816855968726,0.02565641158692904,14.832840843571672,0.0184513375692021
2022-03-17,STLD,0.026058158540170358,0.06576200358762697,0.03991282399247335,0.07756792022100843,15.143460773129894,0.0251726198748537
2022-03-18,STLD,0.04465729676043812,0.03792734463976983,0.050348012775566435,0.038124179385654156,15.767104665535348,0.0469649184154409
2022-03-21,STLD,0.07108240146036154,0.034253037684971475,0.050223353658018936,0.011452982464145103,14.856140917326048,0.018886302935285
2022-03-22,STLD,0.0053624399778738445,-0.0039018476347280036,0.000481183488414236,-0.011571900485758348,14.537440025763779,0.013732096772162
2022-03-23,STLD,-0.0228135822193519,-0.009821311585071683,0.0032429428210674557,0.014853764162670341,14.52885293581354,0.0136146828083114
2022-03-24,STLD,0.022348451100696044,0.029292504033117624,0.030349904957270572,0.036760271351406124,14.540399108686948,0.0137727913846329
2022-03-25,STLD,0.022997374891464993,0.011324845297034793,0.008570720581096054,0.009317918837657995,14.38173361261615,0.0117520703817725
2022-03-28,STLD,0.004763077989113498,-0.011324814198574009,-0.011832940695991296,-0.02626654434327089,14.334602521208113,0.0112110321733474
2022-03-29,STLD,-0.04358809973460152,-0.040737378274929945,-0.052959201029709815,-0.035140364831580014,14.851680260820343,0.0188022452111647
2022-03-30,STLD,0.0146277725205206,0.017696707520563834,0.025473292919499048,-0.002149702433300447,14.412807963164393,0.0121229917675732
2022-03-31,STLD,-0.015080415034622147,-0.0011592983808761089,0.0021655182998490123,-0.0025139367291098754,14.591573699065881,0.0144959546619854
2022-04-01,STLD,0.00886358057556286,0.0009274031949737158,0.005751848974041767,0.018525462470572015,14.523842366314419,0.0135466360792616
2022-04-04,STLD,-0.005427040397672877,-0.012829591938980933,-0.01020848241842773,-0.016490025058929523,14.304520541682761,0.0108788040256338
2022-04-05,STLD,-0.010704206707365415,-0.0011746026486804289,-0.009460329816762491,-0.01276046118111701,14.278679005487547,0.0106012801110778
2022-04-06,STLD,-0.013119133793475178,-0.018623287540704705,-0.029306413875079065,-0.004492680415466917,14.63828194553056,0.0151890973235807
2022-04-07,STLD,-0.012434664370812379,0.007277128285026077,0.014822426017878119,0.017731640914051237,14.114281669130914,0.0089941764808729
2022-04-08,STLD,0.03199006401094432,0.00663424112213623,0.023582127087008332,-0.005274685838779189,14.188797456176125,0.0096899876416466
2022-04-11,STLD,-0.011110401330503733,0.003183151233390724,-0.004356621294602558,0.005394298803494619,14.201997378914546,0.0098187427270054
2022-04-12,STLD,0.02104070835863073,0.029800793542708728,0.019814299305226928,0.011765277686899374,14.496838667663601,0.01318572156538
2022-04-13,STLD,0.005045770464596343,-0.001371554873433405,0.0010699179496979627,0.03140183366585817,14.02455599625768,0.0082223130935142
2022-04-14,STLD,0.02222285843809424,0.01937381575099482,0.036732071020994655,0.011157816186648776,14.320821604360223,0.0110575934705881
2022-04-18,STLD,0.011268696713115704,0.02951959640873118,0.011271349560151748,0.024493820569256742,14.33792932085053,0.0112483911618453
2022-04-19,STLD,0.027573276880500472,0.0039142675351089805,0.009464754191404048,0.016110769232677204,14.56928283092878,0.0141764018853693
2022-04-20,STLD,0.010297050468941587,0.010900860328331678,0.014142111468944046,-0.00534146858923246,14.43581873012609,0.0124051855556914
2022-04-21,STLD,0.017286414170133615,0.07454481662021376,0.021115521690518998,0.01894705367031423,15.250619130583505,0.0280199084982305
2022-04-22,STLD,0.00032130865308781486,-0.04576596768724561,-0.03682886588176201,-0.039709826966246246,14.78837101932663,0.0176487864412916
2022-04-25,STLD,-0.07087621571902337,-0.061733438216288856,-0.04950367583237222,-0.003129597283427817,14.83313004887728,0.018456674567559
2022-04-26,STLD,0.021491849616487008,-0.0029994733754901536,0.03091140770952534,-0.0202412311063987,14.596073658675229,0.0145613328918568
2022-04-27,STLD,0.013631438743495247,0.005880001155675942,-0.00034340456164819253,0.006603639992019027,14.708696825472792,0.0162971916074206
2022-04-28,STLD,-0.016222522089954863,-0.004990597499650439,-0.010008983055562344,0.017213424277142484,14.7605057466483,0.0171637867156133
2022-04-29,STLD,0.01422281212618802,0.020902958007415654,-0.012799695419274676,-0.044477041597212635,14.749248596523833,0.0169716547747669
2022-05-02,STLD,-0.05332615104042139,-0.07058837805460368,-0.057358230251857836,-0.025033805607744885,14.97709795878277,0.0213146371876495
2022-05-03,STLD,-0.02037984690874248,0.012654788537634132,0.018189083976754446,0.03212235761839119,14.739928573812378,0.01681421332324
2022-05-04,STLD,0.03377795689802851,0.03235064551489816,0.020969725609739396,0.03582583672682488,14.648941718527064,0.0153518757734644
2022-05-05,STLD,0.028071174318215167,0.0022314156061122217,-0.040772317750835285,-0.09485224628311606,14.837098163471145,0.0185300582949656
2022-05-06,STLD,-0.09260212939720885,-0.0991513828266202,-0.0374633413281426,-0.021730637797743646,14.715265727867624,0.0164045986993521
2022-05-09,STLD,-0.043005129960103555,-0.028459125759847728,-0.01900840901884852,-0.03110902435456146,14.973617732498191,0.0212405863354482
2022-05-10,STLD,0.010256444279102054,-0.0006334057895875182,-0.0030278516413590707,-0.0022040002848043227,14.706360807663302,0.0162591654941281
2022-05-11,STLD,-0.011159172928527276,0.0018984652747755675,-0.009937315820733527,-0.022045415672307275,14.522906244715804,0.0135339607081641
2022-05-12,STLD,-0.047816436500943055,-0.029645806704232114,-0.023986800002876365,-0.00839363918152357,14.602831363603936,0.0146600673614584
2022-05-13,STLD,0.023929797326831447,0.014996960201132345,0.007608562887810416,-0.008195260315145319,14.672391354990983,0.0157161259113191
2022-05-16,STLD,-0.0063609301779117755,-0.019566553032132068,-0.005837236402652415,0.013133462887299585,14.515435219426085,0.0134332248641787
2022-05-17,STLD,0.02844044095301974,0.02838178169825317,0.03544342857354091,0.043507771282323304,14.570740590723382,0.0141970827540021
2022-05-18,STLD,-0.001292997204332747,-0.0021647394230443168,-0.008710598902038203,-0.03317654967792436,14.613648635881617,0.0148195101873692
2022-05-19,STLD,-0.02184363967830932,-0.014120764484038095,-0.009991305129065525,-0.0018463524815649731,14.54127061020841,0.0137847996309358
2022-05-20,STLD,0.019122779486699153,0.007213551023898884,-0.006851923911819255,0.0021097788508875268,14.672858178490527,0.0157234642840598
2022-05-23,STLD,0.00814011127384626,0.013133780950388276,0.024764994620312605,0.028825635718640927,14.23244365657856,0.010122284508551
2022-05-24,STLD,-0.014909021370084529,-0.004825267378988188,0.0001317299871366134,-0.0003838327326824958,14.321002583348454,0.0110595948449719
2022-05-25,STLD,0.004170868070733659,0.0310800926585813,0.00039423786118826775,0.032004613836248565,14.539866150285302,0.0137654530118923
2022-05-26,STLD,0.04787307242958822,0.046413400197380716,0.05833335906142697,0.045454085058221086,14.217904956265128,0.0099761841785324
2022-05-27,STLD,0.05088407633864607,0.03552591458113948,0.05029466095884915,0.039498758292354254,14.331682464855986,0.0111783430584117
2022-05-31,STLD,0.008916080945439032,-0.008448483751282519,-0.011980392565112808,-0.027835765089296294,15.515429006225189,0.0365150756327385
2022-06-01,STLD,-0.005152373268954585,-0.016298263593767758,-0.027216785967444486,-0.01665235097925122,14.701424965516754,0.0161791105187754
2022-06-02,STLD,0.0009387911955778548,0.013082755155240901,0.027455295247948094,0.011956390337266934,14.165393186266458,0.0094658337106591
2022-06-03,STLD,-0.015484104435337168,-0.027993462888243642,-0.012606017730397098,-0.02429850514950024,14.139549390599129,0.0092243345350118
2022-06-06,STLD,-0.0007147668495394311,-0.0074797957035467105,-0.010078163686823913,-0.007017423944345622,14.119755456395493,0.0090435437156737
2022-06-07,STLD,-0.022665322300820804,0.024020726982411332,-0.00012220385018313248,0.04115205662204579,14.286514311918523,0.0106846707104035
2022-06-08,STLD,0.024927541066359093,-0.00501545904220062,-0.01698707055220529,-0.05349125128242805,14.412477730529016,0.0121189890188056
2022-06-09,STLD,-0.03942043896743208,-0.05504195487282652,-0.0491066909180944,-0.05768627666326743,14.591895797160419,0.0145006245355477
2022-06-10,STLD,-0.074860174100437,-0.0566789382126127,-0.035030852923414145,-0.03525424488502736,14.321002583348454,0.0110595948449719
2022-06-13,STLD,-0.04695186247820874,-0.05953021466184864,-0.06528601840100068,-0.04907340089315562,14.648420115681892,0.0153438702759292
2022-06-14,STLD,-0.014781840735523785,-0.001110912391554889,0.00345351671858888,0.0062144458176978815,14.477992839783422,0.0129395525161705
2022-06-15,STLD,0.026866227874822905,0.03776108246487134,0.016527110186533748,0.014399104036132275,14.834358239174286,0.0184793568105756
2022-06-16,STLD,-0.029564448566816982,-0.03665025601433573,-0.022145393994256465,-0.030724068110692365,14.920668377827056,0.0201451674227058
2022-06-17,STLD,0.012436681882604456,0.008842426485850348,0.0031734050318236334,0.028083533668293227,15.827756852533296,0.0499016017612948
2022-06-21,STLD,0.03884246369946569,0.03367689094702926,0.01614197282703293,-0.015849974020525123,14.782760908562446,0.01755005197169
2022-06-22,STLD,-0.08379847442074667,-0.08794258487676884,-0.0529575948071652,-0.04822459374276879,14.601601939789234,0.0146420549920041
2022-06-23,STLD,-0.003827179498616359,-0.011979923004792467,-0.038844555677693196,-0.021293561093071164,14.427448225397878,0.0123017812125276
2022-06-24,STLD,-0.010674701010747434,0.01560365864311671,0.03239895714478726,0.04315929675842513,14.787576903606444,0.0176347768206049
2022-06-27,STLD,0.04246028999273716,0.021613977390899326,0.027146982861255393,0.005789583040111714,14.085462119802504,0.0087386676845389
2022-06-28,STLD,-0.004725138342291458,-0.002551790158407553,-0.019059144812789863,-0.028248908910294756,14.30996347751699,0.0109381781323537
2022-06-29,STLD,-0.02954939993300206,-0.030193512280335604,-0.01909563939728215,-0.0028391692425022617,14.06914529225197,0.0085972372280826
2022-06-30,STLD,-0.027110362816813366,-0.011090910155912763,-0.015399356868522422,-0.010227418755509464,14.306297338537307,0.0108981506446773
2022-07-01,STLD,-0.0032112369298128375,-0.0007438098755310994,-0.004354569068876556,0.0012086760453443172,14.280125318302904,0.0106166239813538
2022-07-05,STLD,-0.02104997104797037,-0.040542800464305494,-0.021743300045537425,-0.026468170760339513,14.378492673455774,0.01171404426848
2022-07-06,STLD,-0.0007824646728003934,0.004638209211892075,-0.005430523504241834,-0.001396331574740998,14.258528964220618,0.0103898015511878
2022-07-07,STLD,0.04902856530322073,0.04080339646036349,0.04845454196710832,0.03313526061434411,14.500273186199808,0.0132310860514132
2022-07-08,STLD,0.0032736843722927754,-0.0032632941482315402,-0.004281479729814295,-0.006328299970179569,13.953968171811825,0.0076619282660455
2022-07-11,STLD,-0.02817488801294272,-0.00014833561872103817,-0.0023010071398337725,-0.004089270268656642,13.995329819961649,0.0079854837914292
2022-07-12,STLD,0.000611060171144818,0.005482627192986974,0.003679246101674012,-0.002887810618158785,14.220909663894343,0.0100062047942896
2022-07-13,STLD,0.0013736280884830139,-0.003256223539888366,-0.008760359584907217,0.023467021268870524,14.15583322928118,0.0093757718633873
2022-07-14,STLD,-0.01027082778860524,-0.020520585875185703,-0.01493048421962983,-0.019972365707466834,14.090563973547754,0.0087833650457775
2022-07-15,STLD,0.023752910698219977,0.015020116097863316,0.02185322997142049,0.016994435646454063,13.84720397350079,0.0068860621299191
2022-07-18,STLD,0.0251106185354694,0.03299146226727749,0.03198303008313267,0.009645848498222443,13.943288807954996,0.0075805390411036
2022-07-19,STLD,-0.0385928602593315,-0.03582821870761409,-0.047432386014564044,-0.01622894133124343,14.883251526749616,0.0194053260254882
2022-07-20,STLD,0.02485266155012107,0.018221516823306562,0.028244428603526363,0.02197240747056989,14.802632843246613,0.0179022938632417
2022-07-21,STLD,0.025265802958291658,0.03830560846948839,0.03246269955511044,0.03789271467297659,14.9628815817365,0.0210137639052823
2022-07-22,STLD,0.0314130197634507,0.01625587285823961,-0.03519090007759281,-0.06016544554895293,14.680887291929926,0.0158502179950348
2022-07-25,STLD,-0.045289057596277014,-0.024911532808677216,0.02280684975456939,0.049790783639966085,14.489628322223359,0.013090989844546
2022-07-26,STLD,0.029277433174207994,0.009502835839960292,0.02461643809501364,0.006833704998631706,14.348078690944135,0.0113631366265174
2022-07-27,STLD,0.0123500669951395,0.03522753922881955,0.005628959142605453,0.032798873064184775,14.513645777547573,0.0134092083715729
2022-07-28,STLD,0.032753499907179476,0.01916662109725527,0.036737725830648195,0.018231824505371065,14.478405210710724,0.0129448895145274
2022-07-29,STLD,0.02214500230549194,0.042787827898574736,0.03315663198755934,0.048809311630662655,14.37289586021494,0.0116486660386087
2022-08-01,STLD,0.028308116629603454,0.0028140079920741822,0.015448354873910134,-0.006440859858116231,14.040972220381622,0.0083584065516137
2022-08-02,STLD,-0.0046843036379376445,-0.0020456585679183665,-0.01437519244667943,-0.010783988616439448,14.506906706361821,0.0133191465243011
2022-08-03,STLD,-0.003920500798263173,-0.010938908720422469,0.00947376248910314,-0.002485167093452941,14.17723343960011,0.0095785778009474
2022-08-04,STLD,0.00444204174981276,0.01693646649149224,-0.00093008256147334,0.01456083559258467,14.302310461717598,0.010854787533028
2022-08-05,STLD,-0.005097075249950236,0.015402383420288076,0.008339379757056396,0.0166392278273662,13.840691831628178,0.0068413647686806
2022-08-08,STLD,0.03830314299441343,0.011831471106580149,0.03306197165223869,-0.0003808653306247071,14.055472680862609,0.0084804903890266
2022-08-09,STLD,-0.006198276148217985,0.006294430508225922,-0.0002551269437974615,0.029897802139467883,14.318344936614851,0.0110302413540092
2022-08-10,STLD,0.04235854598727729,0.02394797110680509,0.03583427185323614,0.022784869003392348,14.100239022808381,0.008868757019487
2022-08-11,STLD,0.018318448384697737,0.03180158751505911,0.02575805377766272,0.0057660400381854306,14.125419522688219,0.0090949123248583
2022-08-12,STLD,-0.00418838142695744,-0.01029258275768046,-0.007222966152965975,0.01332559440497991,13.910821646859095,0.0073383727406618
2022-08-15,STLD,0.0008389257418144568,-0.013493066526615083,-0.016322024785471307,-0.012607326254871863,14.132800703288442,0.0091622919291135
2022-08-16,STLD,0.010607288841401288,0.01736501063573962,0.029881834566316476,0.013079797170383312,13.980093206528226,0.0078647342036056
2022-08-17,STLD,-0.019271549998493804,-0.01867658210217776,-0.022052988047935932,-0.01920259047320759,14.015509118503438,0.008148262241313
2022-08-18,STLD,0.01665993588065846,0.014686933922719735,0.02431495455127531,0.016600244032723525,13.846719454362011,0.0068827265059461
2022-08-19,STLD,-0.010394770631490191,-0.021270936439444884,-0.03682117360028357,-0.03164536051951921,14.201453679392996,0.0098134057286486
2022-08-22,STLD,-0.03495435484588143,-0.023084790767227917,-0.014415887565635407,-0.019130801491350276,14.004891306597406,0.0080622031428088
2022-08-23,STLD,0.008792310105193253,0.017906817135651024,0.01058364777406852,0.009672919059147649,13.961860318155292,0.0077226366223546
2022-08-24,STLD,-0.011033272844464589,-0.010070972248172022,-0.020394675014194907,0.004433083635972999,13.940645171099543,0.0075605252972654
2022-08-25,STLD,0.0238955376410141,0.05838375634397469,0.03782911645133184,0.06389310574778023,14.974308470142377,0.0212552630809296
2022-08-26,STLD,0.057584451656277985,0.019254585236869126,0.040315692382766964,0.001267258382301261,14.74167280570459,0.0168435668142026
2022-08-29,STLD,-0.012836388798742956,-0.011690927871772607,-0.009750591338952388,-0.007278822972006886,14.228084339476391,0.010078254272107
2022-08-30,STLD,-0.0008149055828614827,-0.020065090498787345,-0.04973488275776439,-0.057513027507267216,14.613378499582705,0.0148155074386015
2022-08-31,STLD,-0.057782360145883255,-0.049792623961041164,-0.01399340264524373,-0.008634761401772344,14.673706390574033,0.0157368067799519
2022-09-01,STLD,-0.027779467913763786,-0.0357692040986058,-0.05615231578999145,-0.04277504023280458,14.632113984381391,0.0150956998523359
2022-09-02,STLD,0.002154975716386889,0.016860175447646217,0.034660006706404456,0.007728231147839163,14.265885932210097,0.0104665209025675
2022-09-06,STLD,-0.009925216488585362,-0.0014984756201876538,-0.00025731709866022356,0.01805501278007991,14.171505971074222,0.0095238735677898
2022-09-07,STLD,0.007643443482432826,0.00012498844495742266,-0.002188285599237128,0.004275093255004799,13.922570528729874,0.0074250989639605
2022-09-08,STLD,0.0106034149092284,0.0377588376494809,0.020408831731137778,0.04045052433277091,14.191753493831325,0.0097186740078146
2022-09-09,STLD,0.05840640427127753,0.04504790937533739,0.060743615722412374,0.04165555292324945,14.325576493240023,0.0111102963293619
2022-09-12,STLD,0.025377043299257995,0.0039027511798238397,-0.011232036633206103,-0.0356486860194333,14.327615962461447,0.0111329785723785
2022-09-13,STLD,-0.061924681211370014,-0.047027684603470295,-0.02963468641614303,-0.01910588539956013,14.59253968227493,0.0145099642826721
2022-09-14,STLD,-0.0238696231609822,-0.04469172944364822,-0.09592904174166009,-0.09415083741685285,14.976816229047994,0.021308633064498
2022-09-15,STLD,-0.021235650562844193,-0.022604238406065694,0.022496934215332158,0.022284930995273657,14.84022546768697,0.0185880981520963
2022-09-16,STLD,-0.03239140688319229,-0.02589093124583505,-0.011252547942410297,-0.01600039690611076,15.238811885630644,0.02769101597449
2022-09-19,STLD,-0.013094917378802463,0.020352837171466246,-0.006758692438548491,0.028515163066399198,14.1985262190373,0.0097847193624806
2022-09-20,STLD,0.013227422559860568,-0.017457582993186206,0.014274302200216716,-0.017512339625827114,14.228746064843493,0.0100849255200531
2022-09-21,STLD,0.020884883380085262,0.019264064107244613,-0.007919973801922636,-0.02199346103452196,14.019431329838039,0.008180284231454
2022-09-22,STLD,-0.023143936904299632,-0.021632480594183077,-0.025940143967208916,-0.022350543181421444,14.04590853220757,0.0083997682888793
2022-09-23,STLD,-0.06655363661789818,-0.06743207331463454,-0.044979929284623986,-0.03320780877748949,14.461881070909406,0.0127327438298428
2022-09-26,STLD,-0.0075642281380571465,0.008978922283409688,0.004763055753597313,-0.007292353873956645,14.243389912799609,0.0102336943492501
2022-09-27,STLD,0.019577896478854148,0.006959036071303277,0.007030806883038083,0.015380628156675524,14.3187682167885,0.0110349112275715
2022-09-28,STLD,-0.014291263803387308,0.012268170464960957,-0.001574246066438204,0.026221603805628577,14.198798902744299,0.009787387861659
2022-09-29,STLD,0.03956198600681778,0.0001604129803628575,0.004691751982784023,-0.022236981239323595,14.28100465955714,0.0106259637284782
2022-09-30,STLD,-0.02649714636840567,-0.0017907933047921832,0.003145604612774511,0.0033883992686283915,14.13541850392694,0.0091863084217193
2022-10-03,STLD,0.01820500164860113,0.0459431640980307,0.028289584781551316,0.060699101224661225,14.106163961635977,0.0089214598782609
2022-10-04,STLD,0.05454928901673312,0.028302669853999117,0.052312911444379495,0.03429064456406786,14.172416175295854,0.0095325461901196
2022-10-05,STLD,0.013314259013441389,0.0039601878620837425,0.008132112639006645,-0.002438358640872636,14.03705362919324,0.0083257174366781
2022-10-06,STLD,0.015440347789015135,0.014430661818464521,0.004171596501333253,-0.008905000249840575,14.546531872369478,0.0138575162335479
2022-10-07,STLD,-0.016478106293120222,-0.02635908853588165,-0.019440978304623553,-0.016336920835636294,13.949954908715673,0.0076312405254936
2022-10-10,STLD,0.0014268692912363142,0.009503112141349284,0.015922474776415146,0.023827774920070488,13.895154109062346,0.0072242944007842
2022-10-11,STLD,-0.007285199821899162,0.03021372498952076,-0.0032691184888219184,0.017726583191178393,14.443639635739085,0.0125025857757038
2022-10-12,STLD,0.032499221479783326,-0.00834324558766391,0.0217653123635608,-0.0030383629562266016,13.983395912411574,0.0078907520705952
2022-10-13,STLD,-0.03132465085922849,0.022870278175150707,-0.02939081183357007,0.02689518311913703,14.396105311850508,0.011922187204397
2022-10-14,STLD,0.053449354729860295,-0.00908528720154566,0.023091629813677045,-0.03721818846194715,14.012228816464328,0.0081215772495287
2022-10-17,STLD,-0.023262917642728115,0.00307840059633642,0.018273874988223367,0.02479860107232994,14.155335026714527,0.0093711019898251
2022-10-18,STLD,0.030530164350945067,0.02008472423055093,0.021174829443398126,0.021266934087441056,13.97831029803107,0.0078507245829189
2022-10-19,STLD,0.0030635286210533475,-0.0014472227664953988,-0.006218163247829462,-0.013052746555474852,14.2958363548639,0.0107847394295944
2022-10-20,STLD,-0.013054390074260345,0.05093727570183672,-0.0019980020712314136,0.05977857199329208,14.787766035984921,0.0176381124445779
2022-10-21,STLD,0.06595536715287084,0.06762329274725559,0.07325051841245889,0.08146968101240679,15.15565652486567,0.0254814986547561
2022-10-24,STLD,0.07347769762890004,0.03362274668886446,0.07247186401118791,0.03531390757331211,15.006398426692876,0.0219484057425248
2022-10-25,STLD,0.02281328085375169,0.014406673221789785,0.018944411480909754,0.014951243000138493,14.623904672101737,0.0149722817653338
2022-10-26,STLD,0.03204826631818895,0.025320234912995905,0.022020227796621963,0.0033715202149354447,14.574867206602063,0.0142557897359274
2022-10-27,STLD,0.0006121842223543102,-0.016572519210236693,-0.003324365671276324,-0.005830952907629835,14.596073658675229,0.0145613328918568
2022-10-28,STLD,-0.021029548160880034,-0.015513650482726559,-0.02135012081880393,-0.03168583182657363,14.68399705947649,0.0158995852298357
2022-10-31,STLD,-0.024466101368780566,-0.020051633126664557,-0.012838539298490046,-0.004032286232619633,14.333054165460686,0.0111936869286876
2022-11-01,STLD,0.02841706400239657,0.017992258560668176,3.331192488547363e-08,0.027890245378780047,14.285139742114193,0.0106699939649222
2022-11-02,STLD,-0.005514929733024347,-0.010152374856743323,-0.007349051595487886,-0.04602285669337707,14.29149688015973,0.010738040693972
2022-11-03,STLD,-0.0421965520381627,-0.028730140812236852,-0.011454715963390824,-0.008808490449278594,13.878110639040285,0.0071022105633714
2022-11-04,STLD,0.0394800738318422,0.031848928758991236,0.018696019477995183,0.04119309944621462,14.149337155108501,0.0093150635070782
2022-11-07,STLD,0.0036551779036711456,0.01073728755993256,0.021836151762776417,0.00585286218188921,13.84662252235683,0.0068820593811515
2022-11-08,STLD,0.0032262652548722334,0.008894405996049732,0.00661588261344939,0.008405543568705948,14.094657055823134,0.0088193897846862
2022-11-09,STLD,-0.008137668949409604,-0.017247041397649644,-0.042441235224494354,-0.05000497483763926,14.146827385414031,0.009291714139267
2022-11-10,STLD,-0.004830415901640102,-0.000725127988856546,0.019787652269772783,0.04555161684225839,14.271162315020407,0.0105218922605198
2022-11-11,STLD,0.051293198372905816,0.0545470024157571,0.03036914264971828,0.004143286108280065,14.478611332423233,0.0129475580137058
2022-11-14,STLD,-0.038013475974305905,0.010347589842154198,-0.009391715068422908,0.037135278236869816,14.280062478615095,0.0106159568565592
2022-11-15,STLD,0.04637849689318474,0.0002914325154304807,0.043795317706706756,0.0007966534826287778,14.427177039102622,0.0122984455885545
2022-11-16,STLD,-0.02175407694350306,-0.027460954547025376,-0.018739394977886577,-0.011813075596566804,13.847785086755774,0.0068900648786868
2022-11-17,STLD,-0.020064341500850104,0.009534065733580808,-0.017119363578872126,0.017073729754684443,14.066503490126397,0.008574554985066
2022-11-18,STLD,0.04261141934838044,0.00029658855993917876,0.023032161313148034,-0.003669642121074506,13.866014490888022,0.0070168185896618
2022-11-21,STLD,-0.005763898874793719,0.02729199663905269,0.014029824024926904,0.023373148860083907,14.440647063096186,0.0124652267872059
2022-11-22,STLD,0.035345733427068454,0.026379863538811228,0.034673202643598286,0.03265848853432398,14.39733559875757,0.0119368639498783
2022-11-23,STLD,0.012143360687832751,-0.007425964026133211,0.0018377526058537671,-0.023671546370513337,14.122995993006082,0.0090728972066364
2022-11-25,STLD,-0.013009539412793238,-0.005866714008181185,-0.0011603196203864839,0.0002886444923583263,13.128744971647793,0.0033569719664554
2022-11-28,STLD,-0.012400886411905,-0.005615131277782816,-0.015502755651243538,-0.010635413377819203,14.127690833866291,0.0091155931934911
2022-11-29,STLD,0.01959621053161877,0.004000424117129128,0.002747642094586381,-0.002335464278962272,13.917074776797284,0.0073844043514895
2022-11-30,STLD,-0.009508741856619578,-0.01118393850518701,-0.01381372647368212,0.012489909616494092,14.8905474513889,0.0195474236067392
2022-12-01,STLD,0.002698558853069177,0.013652452027177577,0.019773459513109846,0.011480088880259897,14.271162315020407,0.0105218922605198
2022-12-02,STLD,0.0037465934571318305,0.03877932654876002,0.010754303799623709,0.04118345777308536,14.641132760886094,0.01523246043523
2022-12-05,STLD,0.032823817315579165,-0.00173454768315569,0.0182387946020522,-0.02598513223860809,14.70167233709197,0.016183113267543
2022-12-06,STLD,-0.03368722465042246,-0.004579211038824781,-0.014103592292541501,0.014232096202703336,14.538653823784383,0.0137487748920271
2022-12-07,STLD,0.029502820375053484,0.012859722202028414,0.025488060237000038,-0.006207545077948428,14.479898631441248,0.0129642361335709
2022-12-08,STLD,0.02029222449982225,0.003528070113976502,0.01679160036112638,0.022423407714446796,14.567351556361276,0.0141490497687905
2022-12-09,STLD,0.0018245593781025784,0.004055412079850823,-0.00405597243893227,-0.014923542411000749,14.103468342404012,0.0088974433856551
2022-12-12,STLD,-0.01719039925135673,-0.011305767776335412,-0.017048346924241467,0.012375733243595671,14.252862500679095,0.0103310945692626
2022-12-13,STLD,0.04212294409069468,0.028514434752654527,0.030717549998313186,0.005632742651440586,14.408451140806974,0.0120702889087994
2022-12-14,STLD,-0.022020322357931964,-0.026787722111039924,-0.02294919540405117,-0.015705115222474666,14.30990248520871,0.0109375110075591
2022-12-15,STLD,-0.0335443844261742,-0.03408002410956221,-0.06549621618118438,-0.06403563288616762,14.785683609804986,0.0176014205808746
2022-12-16,STLD,-0.05893456571555439,-0.02685112884289379,-0.03144696075390789,-0.008869737738141535,15.48553563268968,0.0354396704638342
2022-12-19,STLD,0.020521731125692524,0.007211993716555936,0.029653622434802403,0.005134412187860486,14.50002104946573,0.0132277504274401
2022-12-20,STLD,-0.007351261549084734,0.009535598401751727,0.013569204840338439,0.01621591581251907,14.716809878061014,0.0164299494415471
2022-12-21,STLD,0.02372035757117878,0.02381962694624207,0.012319338659500278,0.015575805297835525,17.479061973272355,0.2601760013970127
2022-12-22,STLD,0.005365678637923216,-0.029625450770805604,-0.03742267358525381,-0.01897289968922676,14.812570256798757,0.018081083308196
2022-12-23,STLD,-0.010084109215419308,-0.00632003990751774,0.021259434460866568,-0.0025311356993838554,14.168629888193836,0.0094965214512109
2022-12-27,STLD,-0.004837940160370772,0.00038417962429934915,0.010413665363299386,0.0030172299792172916,13.95065402549752,0.0076365775238505
2022-12-28,STLD,-0.0008732635963057,-0.00897038217363631,-0.02493691939894272,-0.02968806224200865,13.944432217074327,0.0075892116634335
2022-12-29,STLD,-0.026246334093346556,-0.024193944699434308,-0.01530152910963361,-0.011517540757898676,14.178973113856983,0.0095952559208126
2022-12-30,STLD,-0.01918304711128465,-0.020833247182224204,-0.012740525112313546,-0.007241146451129412,14.145102752710498,0.0092757031441965
2023-01-03,STLD,-0.003062674268273363,-0.0014247168644057507,-0.01783984015771843,-0.026236712464425296,14.540011530748654,0.0137674543862761
2023-01-04,STLD,-0.029679368036128233,0.011643972139788466,-0.0013692278744643785,0.03652160368074025,14.688184142515736,0.0159662977092962
2023-01-05,STLD,0.03508391057946418,0.009517587418410758,0.012048767790526271,0.000810007173213972,14.562909626952992,0.0140863400380976
2023-01-06,STLD,0.018439793764691178,0.04226880323038359,0.037609215480267764,0.038718407924840534,14.264546519017163,0.0104525112818808
2023-01-09,STLD,0.030093729762271242,-0.002392430917775787,0.016118204892933974,-0.012838929902635052,14.174792799945468,0.0095552284331362
2023-01-10,STLD,-0.016803830957152058,0.026100735596658983,0.0017749914681805805,0.052643781396881015,14.236193288475901,0.0101603106218435
2023-01-11,STLD,0.051928588624084344,0.02852609161888623,0.051928588624084344,0.028960787377482877,14.320761270751548,0.0110569263457935
2023-01-12,STLD,0.032575508223532945,0.008761231210659423,0.01623638081346458,0.0033580161447670557,13.777913565862194,0.0064250788968467
2023-01-13,STLD,-0.005993440869346838,0.010733599443431802,0.006512882415074431,0.01036553702159217,14.068058336467125,0.0085878974809581
2023-01-17,STLD,0.01410883993738396,0.011587307073174203,-0.0012809543487391922,-0.011997827731575353,14.25872157428663,0.0103918029255717
2023-01-18,STLD,-0.005402847959035569,-0.0022008726403029686,-0.010306425522177188,-0.01803984404595126,14.25092338943811,0.0103110808254244
2023-01-19,STLD,-0.026070573672796034,-0.04147962132012323,-0.020182028193022686,-0.008258037094182203,14.173744985276457,0.0095452215612171
2023-01-20,STLD,-0.005483212080707619,-0.005989580317866522,0.0005660486625848124,0.0064080016712172805,14.069843426168443,0.008603241351234
2023-01-23,STLD,0.005205090709987134,0.01831561686707169,0.008454029892073263,-0.003059526027550243,13.984747719518571,0.0079014260673089
2023-01-24,STLD,-0.005391321733148542,-0.016192017793030564,-0.017836572100241324,0.003152247952044458,14.181056735889035,0.0096152696646507
2023-01-25,STLD,-0.002052746450152273,0.02531537871151717,0.019331934486700418,0.02179167500186829,14.485747798528438,0.013040288360156
2023-01-26,STLD,0.054966470142688725,0.09063168109375216,0.043765338564005114,0.09521965816591287,15.132455108902176,0.0248970973346816
2023-01-27,STLD,0.060291708018590136,0.01572650303189145,0.04978576299896875,-0.02088528688111702,14.79308489447798,0.0177321770406173
2023-01-30,STLD,-0.01958277464221575,-0.02017120179504791,0.0005953769502291788,0.0013445584606567355,14.419990992166424,0.0122103851156666
2023-01-31,STLD,0.0029661116349913234,-0.004464774791112099,-0.005711711416331854,0.012931315153744367,14.51449119080855,0.0134205494930812
2023-02-01,STLD,0.02068674713923161,0.04353635911966004,0.02190091299186094,0.038059662543153946,14.365538240863406,0.0115632740648991
2023-02-02,STLD,0.03797965440242361,-0.0010320018084128439,0.02478227498490697,0.004220151716449903,14.348548256915334,0.0113684736248743
2023-02-03,STLD,0.0059673458581928265,0.050935904133104414,0.02656952571055258,0.018344788313740357,14.61468348286837,0.0148348540576451
2023-02-06,STLD,0.012377485158631251,-0.03322513356882869,-0.027304052545818618,-0.03711330878818185,14.37043019335934,0.0116199796724406
2023-02-07,STLD,-0.03208485402194192,-0.023764500621000394,-0.009929048965546017,-0.0025130706427901072,14.190929431721829,0.0097106685102793
2023-02-08,STLD,-0.010001395079077144,0.0027923787893926254,0.005181848556562739,0.006714308813323128,14.08133115013586,0.0087026429456302
2023-02-09,STLD,0.018460497926902342,0.0016717081048106771,-0.009976636682184643,-0.021844602228324773,14.156402299883341,0.0093811088617442
2023-02-10,STLD,-0.033196310034499445,-0.021628939559260218,-0.007903117123657044,0.007961703457219464,14.003317873763525,0.0080495277717113
2023-02-13,STLD,0.013181922075167123,0.01211842338293589,0.0111296530351531,0.01162284292533259,14.054843156628351,0.0084751533906697
2023-02-14,STLD,0.007907729800168706,0.02113537229036163,0.013617922325196747,0.021978869281364118,14.050267215370216,0.0084364601525826
2023-02-15,STLD,0.015870147289408366,-0.011386256180717527,-0.009496636406406014,-0.006503326294231331,14.15412407184272,0.0093597608683168
2023-02-16,STLD,0.003032595373010694,0.02101045467747948,0.028143602927438508,0.003970600535431082,13.855501166979357,0.0069434348622552
2023-02-17,STLD,0.0007167341902383847,-0.018231008345959754,-0.00940115380460216,-0.009635854204291236,14.07533390472508,0.008650607211651
2023-02-21,STLD,-0.01185419278188056,0.005378197386831677,-0.021707942780367855,-0.025857453079419036,14.080410834801567,0.008694637448095
2023-02-22,STLD,-0.01928072908996922,-0.033934216900247706,-0.009366428904366227,-0.011064464821337964,14.165040738761627,0.009462498086686
2023-02-23,STLD,-0.00477552284189611,-0.0058103900541033844,-0.026069693482295493,-0.01194411644793744,14.133455796185842,0.009168296052265
2023-02-24,STLD,-0.035109004263503454,-0.027626980739199346,-0.014204182953454396,-0.004294577159763779,14.262374134399735,0.0104298290388642
2023-02-27,STLD,0.03246421281916212,0.03759022240925547,0.03484606711655269,0.02368342707605982,14.386095111296209,0.0118034389909572
2023-02-28,STLD,0.008159358697328258,0.03716839544549659,0.010246314642115706,0.03855809398848379,15.02336611464191,0.0223239970018878
2023-03-01,STLD,0.04037861154273293,0.02206914303225484,0.04702841510308398,0.0235876028202862,14.441984139729627,0.0124819049070711
2023-03-02,STLD,0.012067185966213687,0.020767645431092455,0.010617844423988654,0.02877950517834925,14.303109109710501,0.0108634601553578
2023-03-03,STLD,0.03557735749931549,0.023281074905897894,0.03422237343319783,0.023574308151583085,14.389818457737297,0.0118474692274011
2023-03-06,STLD,0.018322122189605744,7.362208807358393e-05,-0.013778336218538493,-0.030445317100578354,14.505553425125434,0.0133011341548468
2023-03-07,STLD,-0.030497453732319664,-0.023279420390196044,0.0013785779798839058,-0.007529485417267515,14.054528245836039,0.0084724848914913
2023-03-08,STLD,-0.005569926149150539,-0.004435539590898074,-0.0086875768329075,0.012291279283581508,14.093748928704667,0.008811384287151
2023-03-09,STLD,0.0076219760360312725,0.00690742720770387,-0.013526321750856501,-0.0338989491831741,14.103843168770087,0.0089007790096281
2023-03-10,STLD,-0.027871458246221663,-0.04256926958604876,-0.06708268053953907,-0.0630262561900312,14.595111084843692,0.0145473232711701
2023-03-13,STLD,-0.08137740958607872,-0.07496116020943304,-0.037521459785368715,-0.027629772305619027,14.668521070040907,0.01565541755501
2023-03-14,STLD,0.005574309973506891,0.016607856830207945,-0.0027846045101176816,-0.006770457928838331,14.577017542999863,0.0142864774764793
2023-03-15,STLD,-0.052743866672949793,-0.06726798293996704,-0.1381728957096594,-0.1335681712503369,15.637912546207785,0.0412730096678657
2023-03-16,STLD,-0.11883788413939601,-0.05616946869770875,-0.004210937234534934,0.043464168658908314,15.136332895702255,0.0249938304298994
2023-03-17,STLD,0.053061462051866515,-0.008558007358815782,0.03524022120903968,-0.02245787970882488,15.637314310274478,0.0412483260504653
2023-03-20,STLD,-0.004466602585132905,0.024536038556734637,0.0021316247070752347,0.0355458373698637,15.004390333404853,0.0219043755060808
2023-03-21,STLD,0.047705529346614754,0.03611077863576318,0.05434214207645439,0.030909512310268946,14.907031428524224,0.0198723133817121
2023-03-22,STLD,-0.0010902754405310447,-0.012612507032915112,-0.01859689630484451,-0.034631524523100796,14.14279860588474,0.0092543551507691
2023-03-23,STLD,-0.021595125630960808,-0.00036007063037210335,-0.010608977664834538,0.0021418604292641535,14.1622873766871,0.0094364802196964
2023-03-24,STLD,-0.02521057981676354,-0.011502174327888321,-0.024845933055684957,0.008245032120151697,14.246838975243898,0.0102690519633642
2023-03-27,STLD,0.046078215635303024,0.01464899968438103,0.04844459426978396,0.020997705753295508,14.47163113654759,0.012857496166434
2023-03-28,STLD,0.005986421092842617,0.00251027599655858,0.003956007015808524,-0.01327776642523743,13.971574549100671,0.007798021724145
2023-03-29,STLD,0.002889673221850764,-0.00430726479913086,-0.005616681952098682,0.011197697171473854,14.167012846759496,0.009481177580935
2023-03-30,STLD,0.01283171660281429,0.020177900794423068,0.02802943545142706,0.011879919579417805,13.756822622060419,0.0062909868131309
2023-03-31,STLD,0.002142396362416788,0.0038851762216382626,0.0015310413540773123,0.015240189716944007,14.175630261898622,0.0095632339306715
2023-04-03,STLD,0.00825899341265262,0.0051860941802385485,0.0006297339261354682,0.0009724525621818415,14.226825853639477,0.0100655789010095
2023-04-04,STLD,-0.006566118732147941,-0.00818703810168815,-0.08695417493607333,-0.0913505313541106,14.852247797524162,0.0188129192078784
2023-04-05,STLD,-0.10899722183546673,-0.07791605334943923,-0.012935174976502158,-0.0006778714973532904,14.701136287983635,0.0161744406452132
2023-04-06,STLD,0.02393429182788636,-0.003925651405402439,0.0056487892530506815,0.002032313537642524,14.327975437416205,0.0111369813211461
2023-04-10,STLD,0.00801281650488436,0.035342710867578946,0.02739095000061157,0.02755836592223089,14.229076763394277,0.0100882611440261
2023-04-11,STLD,0.03699932461767018,0.004435066669353385,0.027128701926266506,0.01577045250014505,14.295279476191512,0.0107787353064429
2023-04-12,STLD,0.004068817278812159,0.008080074224748907,-0.00393811383289355,-0.013421802477204006,14.549176166972957,0.0138942080972512
2023-04-13,STLD,-0.014594644257995542,-0.022472778188524337,-0.01963908406371713,-0.012938691239825661,14.51165374600838,0.0133825233797887
2023-04-14,STLD,-0.0162375685909265,-0.010246886368271972,-0.00856397702004223,-0.0070591196812345505,13.927499953966459,0.0074617908276638
2023-04-17,STLD,0.0016166142571449832,0.004337135931385921,0.010095680288253625,0.015012145990738985,14.038574906141998,0.0083383928077756
2023-04-18,STLD,0.010304121383447681,0.01827222509702371,0.017073457390285905,0.013581484429994701,14.215494672834119,0.0099521676859266
2023-04-19,STLD,0.006655049048007645,-0.007417845197294025,-0.02052339346624855,-0.011885446626302256,14.155477395633923,0.0093724362394143
2023-04-20,STLD,-0.03827954462912117,0.0689494405024266,-0.011101102114864873,0.04815329619271992,15.109497999974359,0.0243320426336507
2023-04-21,STLD,0.06945876565678916,-0.040054972759272604,0.033503550998560186,-0.012730899837913002,14.414622295897118,0.0121450068857952
2023-04-24,STLD,-0.006450153327247199,0.0008134564622121477,0.018415738455020005,-0.009220031618297585,14.18583265444898,0.0096613012754785
2023-04-25,STLD,-0.02444873981250277,-0.028498635525697688,-0.04273983252567875,-0.04732378258056948,14.39711202278189,0.0119341954506999
2023-04-26,STLD,-0.02966904356282997,-0.026944693918826767,-0.02178018323848019,-0.017850704882090184,14.299047818091244,0.0108194299189139
2023-04-27,STLD,-0.01141774266912378,-0.0005731999543183277,-0.0034465744823080507,0.021401953946252585,14.13411046021747,0.0091743001754164
2023-04-28,STLD,0.0060152700076669995,-0.005845483927403163,0.009913209511252755,-0.0040323493638717975,14.036171830973288,0.0083183790639374
2023-05-01,STLD,0.005017549888275918,0.012796297282242722,0.010782697376870778,0.004607138764800974,14.147258079246908,0.0092957168880346
2023-05-02,STLD,-0.0012520171721558068,-0.012123626297490994,-0.031007213794697654,-0.01242969435702057,14.190654593376578,0.0097080000111009
2023-05-03,STLD,0.000963179564140872,0.01647879180938287,0.015819961451597454,-0.010526515841210412,14.0515316368565,0.0084471341492963
2023-05-04,STLD,-0.02377117945017757,-0.037050114045719104,-0.06118267822547013,-0.057365817515560705,14.464445106450318,0.0127654329447785
2023-05-05,STLD,-0.03440144489110539,-0.008467138832194554,0.02105123088345928,0.018811190754835994,14.410990332644216,0.0121009766493513
2023-05-08,STLD,0.0246926245444364,0.001185840356064408,-0.005221388931111269,-0.003263931434763219,14.221842623489565,0.0100155445414141
2023-05-09,STLD,-0.0350522858579034,-0.028244320672450172,-0.01156324244674568,-0.003684843121785523,14.085843755206414,0.008742003308512
2023-05-10,STLD,0.025750694470930185,0.01931643484752469,-0.016543208879511797,-0.010721725385532297,14.420591805685978,0.0122177234884072
2023-05-11,STLD,-0.05387734368782363,-0.03075918323015568,-0.010293489602503272,0.005272120177386357,14.289942492775783,0.0107213625741068
2023-05-12,STLD,0.040015850493440766,0.012052169624727861,0.028911479720629858,0.0021629579157309673,14.087445035352388,0.0087560129291987
2023-05-15,STLD,-0.002857004784052468,-0.0004063471629456255,0.0057861464620648645,0.008400661147771066,13.750012643422659,0.0062482908262762
2023-05-16,STLD,-0.005532729055221816,-0.004580747759621894,-0.018509325393364768,-0.026254587410008433,14.150124640714944,0.0093224018798189
2023-05-17,STLD,-7.308331851413298e-08,-0.002758739174700362,0.011789983342416932,0.012179311729568428,14.411376166803153,0.0121056465229135
2023-05-18,STLD,-0.018352890727851918,0.002962769449743475,-0.01599696474537119,0.0119306725138871,14.306297338537307,0.0108981506446773
2023-05-19,STLD,0.03364678353367095,0.011965124139801414,0.015374332249540991,-0.007697617990748813,14.074330857692985,0.0086419345893211
2023-05-22,STLD,-0.011397193815351241,-0.009112951374906812,0.0022808803087819673,0.0013386603254678304,14.22037615306709,0.0100008677959328
2023-05-23,STLD,-0.028442845543894802,-0.02315276778974466,-0.04913192595216365,-0.013987766544742408,14.666217315738635,0.0156193928161013
2023-05-24,STLD,-0.00021069781436853108,-0.01120140823171403,0.008663601172718726,-0.027396075456110208,14.1173920892418,0.0090221957222463
2023-05-25,STLD,-0.020320827869419914,0.0009471205345835868,0.0009700864055956538,0.01574677599801116,14.118426749717917,0.0090315354693708
2023-05-26,STLD,0.03173525080244162,0.013891294878173834,0.01475642817315193,0.009664924481868708,14.066581289886967,0.0085752221098606
2023-05-30,STLD,-0.009835923716555964,-0.00906504745364179,-0.02232582637090384,-0.02777379951721788,14.190104689973872,0.0097026630127441
2023-05-31,STLD,-0.03640665468598669,-0.030500288867001096,-0.017298422439183895,-0.012221009855783865,15.054928012776292,0.0230398219064996
2023-06-01,STLD,0.0038097668813703864,0.00688265327337605,0.0036378787505234557,0.0029338042058229424,14.301880156150979,0.0108501176594657
2023-06-02,STLD,0.033122744262858016,0.05056975450388839,0.042124078689149365,0.05836929576338176,14.386547165068922,0.011808775989314
2023-06-05,STLD,0.029920904749186752,0.009531501374225265,0.007881035950736371,-0.00030711913002813633,14.219308276751152,0.0099901937992191
2023-06-06,STLD,-0.013762026948247796,0.00412932320089212,0.012068523505492566,0.016448939006889922,13.875194502188123,0.0070815296947386
2023-06-07,STLD,0.02653208588430693,0.023637833988413095,0.02653208588430693,0.020631469705793968,13.973369496550454,0.0078120313448317
2023-06-08,STLD,0.02682698672853159,0.008892233007434386,-0.00040313487488072476,-0.01001371368099456,13.801919618129038,0.0065811860987844
2023-06-09,STLD,-0.015611239403229346,-0.01331897102652099,-0.006468381526279824,-0.011423906895499079,14.256472145174907,0.0103684535577605
2023-06-12,STLD,-0.020218923519532743,0.008540781121789806,-0.007940667967396224,0.01827584160359739,14.266204575861492,0.0104698565265405
2023-06-13,STLD,0.0491723699357173,0.047346131590716364,0.049062759989476415,0.05814751006496138,14.468825358340796,0.0128214714275253
2023-06-14,STLD,0.054133302258829945,0.02130769230511351,0.012090770017699915,-0.022759443410686125,14.524334710131985,0.0135533073272077
2023-06-15,STLD,-0.050271340018414185,-0.03284155022759968,-0.0024065083277759825,0.012058030091547324,14.014853918361409,0.0081429252429561
2023-06-16,STLD,-0.0034751152009779487,-0.01808190980348441,-0.02874375551274797,-0.03290616953129111,15.817328474047372,0.0493839129206808
2023-06-20,STLD,-0.022591507984862067,-0.024202854026544245,-0.011371601834992251,-0.015232830410009477,14.294722287232467,0.0107727311832915
2023-06-21,STLD,-0.01044005612083412,0.017941200592061265,0.0037049967121252415,0.011128122151274651,14.089043755498984,0.0087700225498854
2023-06-22,STLD,0.02038039161968335,-0.002806603364371773,0.0052831710236208775,0.003031132218576418,13.973540276013956,0.007813365594421
2023-06-23,STLD,-0.010039408746313329,0.007626720311820724,-0.001492390646049532,0.0025354586773304187,14.797102395134775,0.0178035593936401
2023-06-26,STLD,0.023174000147113964,0.021031477527270144,0.02866041828022661,0.01007773082521239,13.916170945303932,0.0073777331035435
2023-06-27,STLD,0.012677832517191106,0.013097693075047372,0.008382775743778737,0.028607325852316172,14.186936863598987,0.0096719752721922
2023-06-28,STLD,0.012990252048054172,-0.004191335958165926,0.003639427703214872,0.002246072205195355,14.065024143478551,0.0085618796139685
2023-06-29,STLD,0.009336437755161341,0.02567786329203241,0.02094909142176126,0.024064070109516403,13.90635715442205,0.0073056836257261
2023-06-30,STLD,0.02735843415944896,0.0030094474259130155,0.01093721663988475,-0.0019259895411253161,13.862395098061143,0.0069914678474668
2023-07-03,STLD,-0.006861699343990634,0.017063422111887633,0.00796361003763989,0.016840626486418413,13.548416425285128,0.0051075074275006
2023-07-05,STLD,-0.024534157390200866,-0.025292465045876605,-0.03529541766230877,-0.05120766567654675,14.387676406265518,0.0118221184852061
2023-07-06,STLD,-0.02428350131564235,-0.030103380361370783,-0.027608762283278757,-0.011755349977329693,14.321002583348454,0.0110595948449719
2023-07-07,STLD,0.012834316818429291,0.011757731136168717,0.022915938186561405,0.010899961519769038,14.281067440068332,0.0106266308532728
2023-07-10,STLD,-0.015150364560080393,-0.006002633316274931,-0.011198065807930103,0.0004753144096200456,13.729299951181677,0.0061202028657119
2023-07-11,STLD,0.017811438128000262,0.008897231356696024,0.022556959199733842,0.014999598587701241,13.844098986633012,0.0068647141364918
2023-07-12,STLD,0.03396474946107736,0.018659225513039723,0.01441712980769776,0.001496899593521755,13.866394718668053,0.0070194870888403
2023-07-13,STLD,-0.015067047428277637,-0.0066109326487643815,-0.0029982234322300325,0.008657255446213359,13.724054043245165,0.0060881808755708
2023-07-14,STLD,0.004275169524782392,-0.006654915886783739,-0.015603827146045485,-0.014282533116279342,13.61815779651079,0.0054764274389175
2023-07-17,STLD,-0.01843857766462313,-0.0030652022923956493,0.00891921466353695,0.005438260251711424,13.735277248794093,0.0061568947294152
2023-07-18,STLD,0.007153690544951819,0.012663713138810486,0.004335964924498947,0.01650785430592481,13.798568854320507,0.0065591709805624
2023-07-19,STLD,0.016464596698783623,-0.004418801267302467,-0.015354417148501406,-0.031962427292071625,14.323171780288938,0.0110836113375777
2023-07-20,STLD,-0.0289223530735359,-0.02806805204053687,-0.044729567730809196,-0.030175346438231367,14.56678559896559,0.0141410442712552
2023-07-21,STLD,-0.02402796409742635,-0.018289258079612163,0.0004993316643615366,-0.018472247970861888,14.069765879797613,0.0086025742264394
2023-07-24,STLD,-0.016972025716198335,-0.0009668826340680559,0.0035874678545569946,0.016611037074493202,14.099938090140547,0.0088660885203086
2023-07-25,STLD,0.01852716579720376,0.022477167762949776,0.017257914681939174,0.030325786788308474,13.952399682093688,0.0076499200197426
2023-07-26,STLD,0.010627073607534173,-0.00360058512549013,0.0005864247078254373,-0.013022024665281913,13.836783672191855,0.0068146797768963
2023-07-27,STLD,-0.0009614101952475618,-0.009920893245082496,-0.002837627194172769,-0.012315327357582003,13.98085633815204,0.007870738326757
2023-07-28,STLD,-0.00337243639911536,-0.002976403728089158,-0.0021582365822052957,0.012796978100086566,13.71248176616867,0.0060181327721372
2023-07-31,STLD,0.005966262641044295,0.02666072394011207,0.023295344630500894,0.026333703198954072,14.059868288885395,0.0085178493775245
2023-08-01,STLD,-0.0023053598155049967,0.010060599675166133,-0.004037798257865215,0.00393288842639136,14.14070587706233,0.0092350085317255
2023-08-02,STLD,0.017822831884884725,-0.007722701926058928,0.011874254473290234,-0.01544569141498765,14.076644065360904,0.0086619483331593
2023-08-03,STLD,-0.008157156318312273,0.007815449964204618,-0.012645088815919591,0.0007589964002756918,14.112351311363446,0.0089768312362132
2023-08-04,STLD,0.0049401460244244515,-0.009030449197015022,-0.0007715286165827017,-0.015772438524365925,14.027796174677611,0.0082489980852984
2023-08-07,STLD,-0.01604928118700267,-0.01242137036498364,0.0018313418055667643,0.006434556165492721,13.52596141027845,0.0049940962124176
2023-08-08,STLD,-0.011233907898315004,-0.013824905103349166,-0.026741155939703016,-0.004894278482116346,13.709484265170472,0.0060001204026829
2023-08-09,STLD,0.02415095100570012,0.00984009636198653,0.02230143028648101,0.0059467637661008805,14.040093872322075,0.0083510681788731
2023-08-10,STLD,0.0011399793592888473,0.006821332582963243,-0.019733068055061496,-0.024002076272070027,13.922929852880953,0.0074277674631389
2023-08-11,STLD,-0.0326218856022713,-0.029317943737239376,0.001380422880232318,0.0020551279123892704,13.678316465837847,0.0058159939593717
2023-08-14,STLD,0.02432637609970757,0.06027559085402946,0.009218401748945027,0.050975450262695385,14.802707369973982,0.0179036281128309
2023-08-15,STLD,0.019532298495609543,-0.02071836203499228,0.014055436596807106,-0.03247707221266931,13.983987552887234,0.0078954219441574
2023-08-16,STLD,-0.028283738967779186,0.0023335555407143767,-0.005405041066247606,0.015709219171056034,14.067203470166659,0.0085805591082174
2023-08-17,STLD,0.041714252321789866,0.01929982866618631,0.018885806675086377,-0.003975251786512842,14.277419639575472,0.0105879376151857
2023-08-18,STLD,-0.03689618386898488,-0.030740149958062176,-0.013384486739237448,-0.0018986094441880604,13.799178919809622,0.00656317372933
2023-08-21,STLD,0.00947134298499459,-0.0012269203202119941,-0.004340664010849809,-0.013199717491939593,13.57445885869413,0.0052422666360109
2023-08-22,STLD,-0.006208409078954708,0.003205461622766092,0.007319773545482081,0.009486961520381311,13.686427542337958,0.0058633598197887
2023-08-23,STLD,0.0045885109830452915,-0.012693063336382295,-0.014206508636529183,-0.01887022000345315,14.355681951573281,0.0114498628498162
2023-08-24,STLD,-0.025599267264318087,-0.02451168507222211,-0.027831829132737636,-0.018045148783856525,14.31537694810581,0.0109975522390736
2023-08-25,STLD,-0.0018607804842347346,0.001659408310718668,0.0020994655863496837,0.007001645323454692,13.813910278199362,0.0066605739493424
2023-08-28,STLD,0.0006859998926919432,0.005737989484134603,0.011913252235463754,0.003531529678847598,13.47104788264593,0.0047272462945754
2023-08-29,STLD,-0.003336288664603703,0.04215545390849378,0.0031530500266850445,0.04265345457199394,14.122407585066487,0.0090675602082795
2023-08-30,STLD,0.04769440248632793,-0.004472518115450242,0.03812285657218787,-0.0014084765718509278,13.45869417545215,0.0046692064374447
2023-08-31,STLD,-0.0027213632260704628,0.0023319726619743224,0.0013248646426055576,0.0015961432423017032,14.011982359487485,0.0081195758751449
2023-09-01,STLD,0.014367340727129044,0.008627616567628614,0.0036815743095534484,0.006639086753803554,13.454829026935638,0.0046511940679903
2023-09-05,STLD,-0.007344544934905846,-0.00937331019785143,-0.011276057275708797,-0.016159808244461515,13.477378344343276,0.0047572669103326
2023-09-06,STLD,-0.017412923890321286,-0.005422532317770752,-0.018659707275146466,-0.015174170590233948,13.804854988488799,0.0066005327178279
2023-09-07,STLD,-0.020431406146163456,-0.013021530110442013,-0.00721042489020889,0.010236824955505132,13.848462625689365,0.006894734752249
2023-09-08,STLD,0.005797731570443853,-0.005619299275869349,-0.0021536397369495914,-0.020385205786969403,13.804652825546802,0.0065991984682387
2023-09-11,STLD,0.0052850245207949125,0.0008591653173330348,-0.018596060508916303,-0.02558203755974199,14.132436577270601,0.0091589563051405
2023-09-12,STLD,-0.04288466979891373,-0.03535378163489921,-0.01793144457561083,-0.0015958156936867235,13.669097697183455,0.0057626239758033
2023-09-13,STLD,0.005686165595832085,-0.004061575457949851,-0.006935891507376657,-0.015390238910526328,13.936046246038856,0.0075258348079459
2023-09-14,STLD,-0.0004974573109129377,0.019658569969293996,0.023368659370742288,0.038577163674839446,14.428423887583973,0.0123137894588305
2023-09-15,STLD,0.01393498503682201,-0.008111470301403814,-0.016127813055134544,-0.037969250451520685,15.252308138945017,0.0280672743586475
2023-09-18,STLD,-0.05549141779121251,-0.02112243583548601,-0.029702219879060566,-0.006097024017572682,14.324855686337603,0.0111022908318266
2023-09-19,STLD,0.01687111600584512,0.005995236314321275,0.025833249965917713,0.011955595518174272,14.139983229771632,0.0092283372837795
2023-09-20,STLD,0.022991934097301558,0.01826236210286274,0.02019669633423971,0.009622305282248566,14.102418080529722,0.0088881036385306
2023-09-21,STLD,-0.009515661393919912,-0.017565067891050327,-0.008937061522889655,-0.0071074027238257585,14.203287481765281,0.0098314180981029
2023-09-22,STLD,0.005720269929494422,0.02370873573039923,0.007536538327753962,0.015550478635565964,14.303661646451369,0.0108694642785093
2023-09-25,STLD,0.01785223168168434,0.02106750786611562,0.015397838127743348,0.032023666444869446,14.209173628534819,0.0098894579552336
2023-09-26,STLD,0.025811661719310017,0.002566935339028978,0.008735448185944445,-0.015153935964006533,14.293668971390057,0.0107613900617832
2023-09-27,STLD,-0.004127707402547635,0.010953845086841189,0.013684816542871897,0.0346015565911782,14.490035923794396,0.0130963268429028
2023-09-28,STLD,0.02954717327149132,0.010833228728834911,0.01968600539998126,-0.0006132981223233028,14.074639594721727,0.0086446030884996
2023-09-29,STLD,0.0032764193743797005,0.0042815016300572495,0.005300124581201447,0.011915598011053774,14.20267658787959,0.0098254139749515
2023-10-02,STLD,0.004196724535581353,0.0026897671587295673,-0.006249498868753342,-0.00852351413825925,14.030461440831338,0.0082710132035204
2023-10-03,STLD,-0.01869379372823794,-0.010241131890661089,-0.004283372513226942,-0.0009409980844874254,14.014853918361409,0.0081429252429561
2023-10-04,STLD,0.005673106708594095,0.011537021728168563,0.006465630909097634,0.0032898096072720997,14.013131972728226,0.0081289156222694
2023-10-05,STLD,-0.0032108026656365333,-0.004914870181220656,-9.475774300374699e-05,0.0038402935902817938,13.89265769289499,0.0072062820313298
2023-10-06,STLD,0.019668942443301123,0.016228929120291884,0.010184817665464545,0.01189481068577318,13.921221912071093,0.0074150920920414
2023-10-09,STLD,0.0005563415597656379,-0.0005489593922150073,-0.0032892717152498787,0.004424444942035086,13.601204094315538,0.0053843642172619
2023-10-10,STLD,0.012161552506037546,0.01957473089014651,0.02757443892542427,0.009428397510284322,13.869241828072434,0.0070395008326784
2023-10-11,STLD,0.005206196112493103,-0.0026959369560721836,-0.00045794402960631225,0.006628810709709134,13.723944460328594,0.0060875137507762
2023-10-12,STLD,-0.004107865999089538,-0.014684760837349209,-0.04181500354800917,-0.04318545234853048,14.057515901971692,0.0084978356336863
2023-10-13,STLD,-0.03556838394725247,-0.022533044069995668,0.0019087540952363864,0.0008501982459765028,13.712592612357502,0.0060187998969318
2023-10-16,STLD,0.017104142096797094,0.00762943288525102,-0.0034383324336981743,-0.011299505875562806,13.813108675753234,0.0066552369509856
2023-10-17,STLD,-0.035277730023426435,-0.006042912864845978,-0.00971018390765003,0.01948047597519054,13.863730083159776,0.0070008075945913
2023-10-18,STLD,0.015896179228295778,-0.016642735480522045,-0.005619104425531328,-0.03206893292503175,14.059006389409433,0.0085105110047838
2023-10-19,STLD,-0.0042843137853555615,0.025554796891763452,-0.04653387520735613,-0.04156369853660964,15.096083504976994,0.0240078199834723
2023-10-20,STLD,-0.059355475263309546,-0.05989142373977007,0.003251509524429165,-0.0025235346274945216,14.512451034869985,0.0133931973765023
2023-10-23,STLD,-0.0016211152867806034,-0.007880984523437851,-0.0025394073153546214,-0.0020231543138440116,14.127398051177027,0.0091129246943127
2023-10-24,STLD,0.00958786669529752,0.014531483514903373,0.0042627452935899285,0.028649085663975116,14.649376179830131,0.0153585470214105
2023-10-25,STLD,0.018016748600447944,-0.008713168267057559,0.002730750603464859,-0.017671540163269103,13.961601127915982,0.0077206352479708
2023-10-26,STLD,-0.011609148839282374,0.021016480701336823,0.011947190939320208,0.02492705876859639,14.310877916014922,0.0109481850042728
2023-10-27,STLD,0.026006271258053985,0.006717284338025851,0.014465872512007705,0.016952103759085378,14.213481655991844,0.0099321539420884
2023-10-30,STLD,0.018306607849837977,0.006862296197512608,0.011832019982579616,0.004599757584960729,14.096017702067792,0.0088313980309891
2023-10-31,STLD,0.00104982000975289,0.01676609184953935,0.011693915625110608,0.018191133430050382,14.334840517140696,0.0112137006725258
2023-11-01,STLD,0.02076530636137719,0.021164336620417997,0.014782549649010913,0.023292428945400383,14.25582852067153,0.0103617823098144
2023-11-02,STLD,0.027184238488102405,0.022783690480852957,0.03908224852531614,0.02285187456439966,13.957705191120231,0.0076906146322135
2023-11-03,STLD,0.03405007579129148,0.020438717539989878,0.018044589363506697,0.0029542999824256097,13.951701785090657,0.0076445830213857
2023-11-06,STLD,-0.008559530146814555,-0.005885209606278156,-0.0038521367839378226,-0.0005365410708335804,13.765375539884076,0.006345023921494
2023-11-07,STLD,-0.012664083575939141,-0.01858418748314789,-0.0176580036450583,-0.014050524052016152,14.00140987360611,0.0080341839014354
2023-11-08,STLD,-0.008743879870607641,-0.006302279212017143,-0.006047768828299859,-0.009844184754935401,13.971061114649409,0.0077940189753774
2023-11-09,STLD,-0.004082521519159091,-0.0027132276969033535,-0.004975586445516925,-0.004314502543225283,13.70211899068024,0.0059560901662389
2023-11-10,STLD,-0.00574368825045543,-0.00481137728656274,-0.0012939912078318771,0.002939577874185276,13.872364314289724,0.0070615159509004
2023-11-13,STLD,-0.006512966819100349,-0.00794862624544778,-0.006867914580113776,-0.014598833090855934,14.137812149291593,0.0092083235399413
2023-11-14,STLD,0.001930755276614346,0.019709145809270273,0.0073301222796371066,0.03034282896809872,14.099486521269752,0.008862085771541
2023-11-15,STLD,0.02090605092622136,0.006633248228077397,0.024383681513180402,0.004594456194885358,13.64068205797126,0.0056011797755087
2023-11-16,STLD,-0.004869290067974737,-0.007173036658441186,-0.02419874420307537,-0.012481008129911274,13.642823638633216,0.0056131880218116
2023-11-17,STLD,-0.003440671999202742,0.008601513773256684,0.018861639955482554,0.009510627164680974,13.86058047726295,0.0069787924763693
2023-11-20,STLD,0.010556305022793115,0.0048947908201620455,0.009299013509463303,0.008348711539081092,13.671641342278317,0.0057773007212846
2023-11-21,STLD,0.002420288153227417,0.008134341015402892,0.0020646733896199044,0.007126289023173252,13.747660961261007,0.0062336140807948
2023-11-22,STLD,0.007936812857005274,-0.004412765484546428,0.0019708994378838797,0.000354842962870141,13.359332513344134,0.0042275698234158
2023-11-24,STLD,8.8862173532844e-05,-0.0007962329239437135,-0.005294525059345369,-0.010704713882047622,12.926107588550702,0.0027412157810344
2023-11-27,STLD,-0.005432445371531971,0.02180194417773189,0.006636291443085813,0.03307920099530742,14.009020128211082,0.0080955593825391
2023-11-28,STLD,0.027046383106163717,0.009739187829670816,0.01771824850524102,-0.008889838745388557,14.035369520919268,0.0083117078159913
2023-11-29,STLD,-0.006452747795256398,-0.008873560532067575,-0.0034304692699597453,0.010969999028231085,13.74990586867137,0.0062476237014816
2023-11-30,STLD,0.0133821989680125,0.0339448609007903,0.01642966619665732,0.031031379066750173,15.004329419099383,0.0219030412564916
2023-12-01,STLD,0.03519552211988011,0.008744569254373795,0.029970196164764408,0.005190942580149014,13.995079162192578,0.0079834824170454
2023-12-04,STLD,-0.01663769431657279,-0.002490648011941446,-0.011676249001196176,-0.008217439488810504,14.015509118503438,0.008148262241313
2023-12-05,STLD,0.0019469086078891414,-0.015497789086735651,-0.017774090892476155,-0.01835382833452578,14.134255882928827,0.0091756344250056
2023-12-06,STLD,-0.018952289034585755,-0.004145358156369876,-0.015892781817899715,-0.02544758179442281,14.106014395489696,0.0089201256286717
2023-12-07,STLD,-0.020461216921728854,-0.030120102759666246,-0.011241517004530738,0.006401097691920379,14.113984933443822,0.0089915079816945
2023-12-08,STLD,0.00324954359626428,0.009651049945605065,0.006565649093268282,-0.010985686344749364,13.78670050533976,0.0064817845043881
2023-12-11,STLD,-0.017513350217164287,-0.005379227755665336,-0.01138400906992221,0.014127269578207563,14.139766333712434,0.0092263359093957
2023-12-12,STLD,0.025808430473184985,0.0004348791534166697,0.0011620660608737316,-0.008575468577881811,14.011900193662013,0.0081189087503503
2023-12-13,STLD,-0.008821453214148503,0.012443980122169877,-0.0026839035644372557,0.013702995053723268,14.305439968687107,0.0108888108975529
2023-12-14,STLD,0.01739332327617393,0.02443288495236158,0.03745172136528565,0.03215769963638975,14.633394761290148,0.0151150464713794
2023-12-15,STLD,0.03565309898333563,0.06834462788613155,0.02807748324592328,0.04425107220612702,15.609484406976053,0.0401162152740196
2023-12-18,STLD,0.06677179809339612,0.00631992990575432,0.022153861321274726,-0.019380399450194468,14.590099928004568,0.014474606668558
2023-12-19,STLD,-0.0488795745359869,-0.0376445990797072,-0.00584332461467283,0.009696637206105082,14.19620540046715,0.009762037119464
2023-12-20,STLD,-0.0016357478528513554,0.0008880110742687233,-0.00803882425097205,-0.025043398970990303,13.674293707723761,0.0057926445915605
2023-12-21,STLD,-0.010367041566319757,-0.020296595400303454,-0.0013322904656845884,-0.0006653797454537489,13.522482219667573,0.0049767509677579
2023-12-22,STLD,-0.0024843508281192426,0.007301934266096479,0.0009160412685278556,0.01363477624285045,13.428966806594497,0.0045324458545505
2023-12-26,STLD,0.011868671552428905,0.0011438403385676515,0.008950158424308838,-0.004854094347615233,12.758235011311193,0.0023175915364599
2023-12-27,STLD,-0.005751864395673515,-0.0019615308982731307,-0.00421643026048486,-0.002890721726802066,13.530359945329325,0.0050161113306396
2023-12-28,STLD,-0.004171873822354621,-0.009323582396475686,-0.012934637922956849,-0.011646789772168781,13.26090892810109,0.00383129769542
2023-12-29,STLD,-0.013123446863005806,-0.013515944344099248,-0.008797977317206477,-0.008263852240945488,13.553627477709089,0.0051341924192848
2024-01-02,STLD,-0.008619310248110806,0.012355023359680474,0.0005096107169226524,0.006835172418066188,13.780920148390807,0.0064444255158902
2024-01-03,STLD,0.0002546589541031529,0.007274700877357705,-0.011273398595722494,0.0016806034010407487,14.025934355110227,0.0082336542150225
2024-01-04,STLD,0.007354525236977082,-0.012932355696240553,-0.0007733557910829129,-0.022499608595423982,14.08117782305286,0.008701308696041
2024-01-05,STLD,-0.023865418918760394,-0.0158105292296058,-0.00837247454115223,-0.002062847679436897,14.210858661329949,0.0099061360750988
2024-01-08,STLD,-0.004842227716112115,-0.005780900009549487,-0.015901126465775045,0.00703076423656008,13.952312471599768,0.007649252894948
2024-01-09,STLD,0.009660997531885313,-0.006844132061276403,-0.006981648032177909,-0.03503947305469305,14.096923772119156,0.0088394035285244
2024-01-10,STLD,-0.029621415069659936,-0.023890221473684393,-0.003820631733960882,-0.0015054060925553945,13.961601127915982,0.0077206352479708
2024-01-11,STLD,-0.0030110255846967004,-0.0005277110900986883,-0.01128042798922743,0.002478298282213226,13.924365859736941,0.0074384414598526
2024-01-12,STLD,0.004778052555835486,0.011979476505458537,0.012170298016554622,0.0008837329336451955,13.5702504793509,0.0052202515177889
2024-01-16,STLD,-0.003182775016386797,-0.01462188282292201,-0.008306242063498096,-0.014411827603385665,13.95047929211837,0.0076352432742613
2024-01-17,STLD,-0.022114764786965797,-0.001853948407185646,-0.01663994806291485,0.00669788824163269,14.051136676856865,0.0084437985253233
2024-01-18,STLD,0.02105143821188408,0.006341896550495248,0.017088173286806486,0.0030216510007307668,13.822884304947552,0.0067206151808569
2024-01-19,STLD,-0.0031073730791816648,-0.0059002273641689746,-0.00197416987583805,0.0015074084927314856,13.771141655596802,0.0063817157851973
2024-01-22,STLD,-0.0023144929042983814,0.02037065967040987,0.007784321631134743,0.02251630625111589,14.492223940345712,0.0131250132090709
2024-01-23,STLD,0.03657767109805105,0.018690493831813013,0.028900923099540638,0.0061320277769335695,14.4940520934914,0.0131490297016767
2024-01-24,STLD,-0.055653284436806616,0.007025245724388841,-0.04870356146476784,0.003438215254948088,14.762602426858571,0.017199811454522
2024-01-25,STLD,0.06420910739657891,-0.003464137923600066,0.042362630419854906,-0.005506819575308929,14.05295220262253,0.0084591423955992
2024-01-26,STLD,-0.008641734964648679,-0.001863802813685118,0.00504122975312115,0.0008624106395232418,13.811603937048023,0.0066452300790665
2024-01-29,STLD,-0.006898318945068829,-0.008515692497191658,-0.021913332326583775,0.007386521673184923,14.367094750239133,0.0115812864343535
2024-01-30,STLD,0.001901733880513205,0.04963270398176785,0.02554817179367013,0.04672604082275085,14.298122492418562,0.0108094230469948
2024-01-31,STLD,0.05771960727458881,1.2687571579465587e-08,0.039383528228174654,-0.014477450929580657,14.32051989990882,0.011054257846615
2024-02-01,STLD,-0.0060506805053859,-0.00024414496354491016,-0.015399099884061577,-0.0074850619349801605,14.200841663877661,0.0098074016054971
2024-02-02,STLD,-0.021135485738191573,-0.012862208114215616,0.0031996768003947065,0.003083967710165646,14.006131744018864,0.0080722100147279
2024-02-05,STLD,-0.004786020292719101,0.004606848220663525,-0.007086730782389928,0.01100780030965656,14.060259815931994,0.0085211850014975
2024-02-06,STLD,0.02378681777596635,0.003931809543041223,0.01612523152318902,-0.010924616649725629,13.987108993712958,0.0079201055615579
2024-02-07,STLD,-0.01198904765073812,0.02550584228364614,0.0009992648493317123,0.03588010757383548,14.198389849295081,0.0097833851128913
2024-02-08,STLD,0.03618647046655671,0.0021494549252428154,0.027824078816878556,0.0022454361632648287,13.649339083685945,0.0056498798855149
2024-02-09,STLD,0.002803892023767491,-0.0007159559297080291,0.005408653439110443,0.0012008058751041808,13.95822552716498,0.0076946173809812
2024-02-12,STLD,0.001998024186130493,0.0038918325884739753,-0.004923119983550748,-0.009485582773836643,13.788243158453165,0.0064917913763072
2024-02-13,STLD,-0.02949254521727539,-0.0322218902513573,-0.051208131966648335,-0.044932790808595836,14.035208981635362,0.0083103735664021
2024-02-14,STLD,-0.021779771997446917,-0.009707221132530204,0.006281834180406588,0.011507370487816344,13.717347412320395,0.0060474862630999
2024-02-15,STLD,0.008785621618017004,0.02755759834889474,0.015700809476218755,0.03584559783566182,14.092536808262413,0.0088007102904373
2024-02-16,STLD,0.036239610988486284,0.01318165534031523,0.026146263661513534,-0.006223627819673507,13.705585194781051,0.0059767710348717
2024-02-20,STLD,-0.022177049574077616,-0.0189886174210679,-0.01859409594093026,-0.005936070922165193,13.829611668341386,0.0067659796668901
2024-02-21,STLD,0.00041060143174646667,-0.009508823895254185,-0.002400559127444707,-0.004577820045396648,13.654638506911558,0.0056799005012722
2024-02-22,STLD,0.0010668062017598,0.020929230052452143,0.01038836045477626,0.02212134195486611,13.589363751390264,0.0053209873617744
2024-02-23,STLD,0.029100130663001617,0.021909466008944257,0.021342315192897428,0.017713789338098786,13.531423349572291,0.0050214483289964
2024-02-26,STLD,0.01643510178437775,0.026252115897411398,0.01963708624853339,0.0314655716885946,13.81381011302691,0.0066599068245478
2024-02-27,STLD,0.025227886182209433,0.018349274726418806,0.02909575067238659,0.014392151566095086,14.016491114505431,0.0081562677388482
2024-02-28,STLD,0.005714814390956004,-0.0036730966957291985,0.00038216094297811523,-0.003616475695006389,13.976439073423846,0.0078360478374375
2024-02-29,STLD,0.011483197773958778,0.009045787477277257,0.009434032896183012,0.009988530882453559,14.573883991869772,0.0142417801152407
2024-03-01,STLD,0.008601036168015861,0.024480235291248802,0.002269145653146284,-0.0008223379800488777,14.2264281077925,0.0100615761522419
2024-03-04,STLD,-0.0060504042442194395,-0.020840159595064463,-0.02936314089516162,-0.026294365262329162,14.115097238543632,0.0090015148536136
2024-03-05,STLD,-0.032902358688286275,-0.03324730798264893,-0.010873582256039,-0.013450128435250773,13.929286464681445,0.0074751333235559
2024-03-06,STLD,0.014680717606665006,0.014006418440696949,0.019858144371149085,0.011297833032849057,13.707480927831945,0.00598811215638
2024-03-07,STLD,-0.0010687265416020858,0.007755929448185751,0.009439482269003286,0.018676487341756236,13.463966713106611,0.0046938900548451
2024-03-08,STLD,0.014935260373437445,0.014298692350758575,0.0022888598423821643,-0.007048498438282635,13.67992104887028,0.0058253337064962
2024-03-11,STLD,-0.020065931845766275,-0.036290919260934335,-0.030878713408813995,-0.011935752709954383,13.604914210233325,0.0054043779611001
2024-03-12,STLD,0.006123262898648728,0.008550929383062665,0.006033755855980653,0.010870481036238309,13.90315598390238,0.0072823342579149
2024-03-13,STLD,0.004643781461701526,0.022550430525828256,0.027736666014358598,0.01967708499110636,13.959958027830053,0.0077079598768733
2024-03-14,STLD,0.01724386015371984,0.004893795142162272,-0.004187955413582503,-0.013453078924928464,13.782575091202386,0.0064550995126039
2024-03-15,STLD,-0.012394682427095538,0.027358789781676114,0.004339789466630441,0.042515199649322176,15.167239612689292,0.0257783691883556
2024-03-18,STLD,0.04550955639728445,0.01002533891588038,0.04537639682420293,0.014899508960612077,13.920231769310641,0.0074077537193007
2024-03-19,STLD,0.011061005753353505,0.006462885681666901,0.014416849490629898,0.00648048307709865,14.02211895397681,0.008202299349676
2024-03-20,STLD,0.00839320688536417,0.015105570589120189,0.004071059750195002,0.012976187943438185,13.80647082239335,0.0066112067145416
2024-03-21,STLD,0.018387734887436398,0.006948703687514708,0.006819004700788446,0.00795581976404693,13.776458870525342,0.0064157391497222
2024-03-22,STLD,-0.004530552587294242,0.007382014268142685,0.013290788828018285,0.001042019798048943,13.550504105991601,0.0051181814242143
2024-03-25,STLD,0.016420491101669342,0.019468237309151003,0.006336790045913713,0.0009715947167898424,13.800702457229365,0.0065731806012491
2024-03-26,STLD,-0.006342107778399088,-0.0171337731579446,0.0007633874661901402,0.004706375569669251,13.877264894354008,0.0070962064402199
2024-03-27,STLD,0.014322225310778739,0.012192707781451513,0.007610607389509726,0.01798517320087343,13.807680986709896,0.0066192122120769
2024-03-28,STLD,0.007969857520167233,0.010815413876588834,0.012489990834216957,0.008400570103816734,13.77135070732846,0.0063830500347865
2024-04-01,STLD,0.01086426836450906,0.017329177988662105,0.009637727998057148,0.006924715324657343,13.68060793992546,0.0058293364552638
2024-04-02,STLD,6.695557500585247e-05,-0.013303495385388893,-0.014080597807080365,-0.009153505854192445,13.729190941653044,0.0061195357409173
2024-04-03,STLD,-0.008424044639812224,0.007737560671766981,0.009476838904542699,-0.0011500364676903482,13.713257431589946,0.0060228026456995
2024-04-04,STLD,0.005668785008533189,-0.004795631151540082,-0.0088604787214528,-0.006928449132234765,13.551546314212295,0.0051235184225711
2024-04-05,STLD,-0.01662460573296269,-0.01425506641037719,-0.0030166991522863,0.0038098886636397265,13.366878520624217,0.0042595918135568
2024-04-08,STLD,0.012038040583206261,0.00822820237726355,0.0034957858414843166,0.003930537509428656,13.336992382632937,0.004134172352171
2024-04-09,STLD,0.006469043763629442,0.004958042011392448,-0.011216417555839407,-0.0076041801459081305,13.620712694725297,0.0054904370596042
2024-04-10,STLD,-0.026131005374402477,-0.024286522516654988,-0.006943870792546702,-0.014277025274723514,13.941174457871528,0.0075645280460331
2024-04-11,STLD,-0.0035226005885765532,-0.0028117867042234865,-0.00706285164338938,-0.0029079417006935165,13.83961860948821,0.0068340263959399
2024-04-12,STLD,-0.0016619340201075214,-0.002131041688298841,-0.017699537883569427,-0.025276816153889825,14.060964178548192,0.008527189124649
2024-04-15,STLD,-0.013957904083327794,-0.015745078720770005,0.005342875732753703,0.0024147791612601863,13.791013951163512,0.0065098037457616
2024-04-16,STLD,-0.01901441615539339,-0.019840423371753468,-0.0236523126385844,-0.008548925532110292,13.835412199966179,0.0068053400297719
2024-04-17,STLD,0.018240961659001294,0.013809885760356131,0.008980268826175463,-0.006028110578851508,13.812807909096767,0.0066532355766018
2024-04-18,STLD,-0.015451367498718973,-0.015451367498718973,-0.025114474903695398,-0.020800624532782374,14.102793300694554,0.0088914392625036
2024-04-19,STLD,-0.025464355005654925,-0.014533691290743531,0.002879197740397092,0.006081189845988291,13.798568854320507,0.0065591709805624
2024-04-22,STLD,0.0032917997425115837,0.004771984177170688,-0.0017706947451675034,0.002917706616060045,13.620226550435392,0.0054877685604258
2024-04-23,STLD,-0.025143733276680746,-0.020844824097134944,-0.03494380316824212,-0.023135293164726962,14.5687179658059,0.0141683963878341
2024-04-24,STLD,0.05485931987330079,0.06507713340116945,-0.015490832347725565,-0.0321141145369519,14.754345645356548,0.0170583809980656
2024-04-25,STLD,-0.08813342571946034,-0.08426123562460337,-0.013291891247892465,0.023655709709654242,14.185556411544075,0.0096586327763001
2024-04-26,STLD,0.02929724889289291,0.022859943554746107,0.045768489349939476,0.007563650175399597,13.868103956849598,0.0070314953351432
2024-04-29,STLD,0.008236582536409553,-0.00803049444418737,0.002177901979671003,0.007654878973326605,13.790501420285121,0.0065064681217885
2024-04-30,STLD,-0.00463418720187705,-0.01257970986959603,-0.030159836934906443,-0.037336125992846206,14.136579774806993,0.009196982418433
2024-05-01,STLD,-0.016314447409801324,-0.0054078376848096235,-0.0033304029328892616,-0.0036185731139784243,13.754486919051105,0.0062763100676496
2024-05-02,STLD,-0.008027976852126542,-0.01204702234630069,-7.762086446743221e-05,0.008754386308718356,13.954925483614353,0.0076692666387861
2024-05-03,STLD,0.01160041533524528,0.03461013156627459,0.022250345160442064,0.03515726256520915,14.014935841859653,0.0081435923677507
2024-05-06,STLD,0.03262100951558813,0.009161949712660593,-0.01129347378366531,-0.021413085315217222,14.413413106571587,0.0121303301403139
2024-05-07,STLD,-0.026493519145131615,-0.02646709767579627,0.011065884551534606,0.000829272052654712,13.868578227217254,0.0070348309591162
2024-05-08,STLD,-0.004156481212503902,-0.006463782037251657,-0.007541975873702497,-0.014343977804587944,13.953445615209233,0.0076579255172778
2024-05-09,STLD,-0.005239099941530725,0.019267193475751992,0.0025202612975700153,0.030266386248586578,13.691987203155847,0.0058960489347244
2024-05-10,STLD,0.02814776321146334,0.0026593352650517528,0.018440718400484217,0.0025184538567159204,13.582822855794632,0.0052862968724549
2024-05-13,STLD,0.0030300841858274166,0.0030200411612359224,0.007014536921450621,-0.002443986898751019,13.792345303368611,0.0065184763680914
2024-05-14,STLD,-0.0027341687260349964,0.0029373280615125987,0.002376629929957444,0.001629988093496134,13.305852585561356,0.0040074186411959
2024-05-15,STLD,0.003102942602285572,0.010358998263362137,0.0048103289302644575,0.013676580104364918,13.952399682093688,0.0076499200197426
2024-05-16,STLD,0.009178138101699733,-0.004218033062317047,-0.00473612705387194,-0.014565418651609213,13.842445532629366,0.0068533730149835
2024-05-17,STLD,-0.010432916032916668,-0.013279317032690002,-0.009165783156744588,-0.007587080706703617,13.631468722338813,0.0055498111663241
2024-05-20,STLD,-0.008753085863431223,-0.005257479951480661,-0.01813021726060971,-0.00636678009059184,13.932138259812836,0.0074964813169833
2024-05-21,STLD,-0.007178324705868502,-0.0014861088509447388,0.0075940678051513435,0.009497778788164666,13.557259124201634,0.0051528719135337
2024-05-22,STLD,-0.005417531833120337,-0.0055921319053825625,-0.005613984252854078,-0.012131324967273628,13.799382192294036,0.0065645079789192
2024-05-23,STLD,0.0069923292470039896,0.002016747961866635,0.008032175742683575,0.006308804994045606,13.97601330633415,0.0078327122134645
2024-05-24,STLD,0.006273813787982726,0.003575518314783983,-0.0009060201743251082,-0.0017234964215003415,13.351729130608245,0.0041955478332747
2024-05-28,STLD,-0.004626772567813553,0.007408054640469757,0.002791113465496695,0.007024998214683236,14.15419534508941,0.0093604279931114
2024-05-29,STLD,-0.004723763400810494,0.0031683923811638803,-0.00991736192839713,-0.019173016322502553,13.740895842053003,0.0061915852187347
2024-05-30,STLD,-0.014381956111883821,-0.01035334530294176,-0.0033529691458445807,0.013347336988356825,13.577000798875842,0.005255609131903
2024-05-31,STLD,0.019554220059844394,-0.004395883739634938,0.0013728610121942209,0.0027674796643236328,14.73232155447731,0.0166867924874703
2024-06-03,STLD,0.0018675572184626778,0.004693100412567071,0.002360617886542957,-0.009456505987740196,13.51899088201522,0.0049594057230981
2024-06-04,STLD,-0.023941055751555508,-0.027194670751155576,-0.03387802708588589,-0.04133748451926324,13.847591419856425,0.0068887306290976
2024-06-05,STLD,-0.032550349055115065,-0.018497565487044274,-0.0054431508379126255,-0.0006288605399607184,14.04184979762285,0.0083657449243544
2024-06-06,STLD,0.0006314675973545403,-0.0007003927064988617,-0.00031652229632814737,0.00931473068035065,13.87979998558063,0.0071142188096743
2024-06-07,STLD,0.0006311609339515547,-0.005777214127150752,-0.013703126292572898,-0.022295840627745173,14.084392765185902,0.0087293279374145
2024-06-10,STLD,-0.014217315727175238,-0.01992794396080401,-0.018622537334126235,-0.01484836958007913,14.232970769638724,0.0101276215069078
2024-06-11,STLD,-0.019385109780888914,-0.02090379288087596,-0.019059125995108363,-0.01745552692197089,14.177511990939967,0.0095812463001258
2024-06-12,STLD,0.004394438114547569,0.007394360256809825,0.0025788011247882803,-0.006190544685447582,13.919961560140079,0.0074057523449169
2024-06-13,STLD,-0.01934957435587627,-0.013448079322428462,-0.010859655208933512,0.005284950253423042,13.800600960250335,0.0065725134764545
2024-06-14,STLD,-0.015098101776355548,-0.0021357509142588427,-0.005896748084516405,-0.006030333317105756,14.007122987292458,0.0080802155122632
2024-06-17,STLD,0.011864131780507391,0.041712999955240665,0.016590232878503246,0.04741224245402661,14.620736088916775,0.0149249159049168
2024-06-18,STLD,0.049264627281808714,0.012384452686644405,0.02511003786325073,-0.012323820416362362,14.308559712389018,0.0109228342620777
2024-06-20,STLD,-0.011610512065853978,-0.010335937549417867,0.008713973285230037,0.005425268797350933,14.034405898395189,0.0083037023184561
2024-06-21,STLD,0.005901704928384949,0.013835461102078535,-0.0014470074161024634,0.01969652947382754,15.278048341682581,0.0287991102583299
2024-06-24,STLD,0.012956352328627569,0.000853369521017204,0.011359141451802803,-0.01445886957060821,14.373182171502542,0.0116520016625817
2024-06-25,STLD,-0.0011780277533864506,-0.013115837253281444,-0.0195178384016836,-0.02200697858276526,14.222974334070885,0.0100268856629224
2024-06-26,STLD,-0.03486407511717496,-0.017280138326255703,-0.006591593565221538,0.0095825099128689,14.221842623489565,0.0100155445414141
2024-06-27,STLD,0.015262600971276264,0.010103143764969957,0.01515244462246658,0.002161570229466109,13.856845380965522,0.0069527746093797
2024-06-28,STLD,0.01824465493256822,0.03684793857182445,0.021459707313660096,0.038652530891146016,14.702908277909318,0.0162031270113812
2024-07-01,STLD,0.026576824640674658,7.357207260774924e-09,0.006457228659590041,-0.0027064014996588726,14.061120636221625,0.0085285233742382
2024-07-02,STLD,-0.007953536143257684,-0.002606995699183519,-0.0013353996456802065,-0.006603319944945491,14.00827819729368,0.0080895552593877
2024-07-03,STLD,-0.0020953734225396137,-0.0032294769729925197,-0.0012583462516194167,-0.009161093077238247,13.510751500276836,0.0049187111106272
2024-07-05,STLD,-0.01573851966213464,-0.02235205838579218,-0.026232337945518717,-0.021547250067414377,14.17101551773838,0.0095192036942275
2024-07-08,STLD,-0.01944439178196503,-0.010609769543150403,-0.0014552327722473434,-0.0012063125666741804,13.812306430225096,0.0066498999526288
2024-07-09,STLD,-0.010434799130652983,-0.003029293336763531,-0.00543541866440623,-0.0001609019758194517,13.751506294085875,0.0062576305734006
2024-07-10,STLD,0.015171353064125781,0.020702410701734678,0.012530003600113745,0.02409371582624741,14.33353083800938,0.0111990239270445
2024-07-11,STLD,0.021315195855838957,0.018825205113178485,0.020356759171628828,0.019374153097562734,14.122628278618938,0.0090695615826633
2024-07-12,STLD,0.021177616174548212,0.003447709043372574,0.016085454074739793,-0.0042471844455969875,13.897091466615258,0.0072383040214709
2024-07-15,STLD,0.009929107540728725,0.04866275044820394,0.015830667772520082,0.02060354505144867,14.532814109801938,0.0136687199166745
2024-07-16,STLD,-0.010543406022765996,-0.03152561510622827,-0.019400245995848858,0.006046380632183286,13.869904988853538,0.0070441707062407
2024-07-17,STLD,0.01977255263653971,0.0017277814363148086,0.00990106058322139,-0.020093524704628912,14.218506620486465,0.0099821883016838
2024-07-18,STLD,-0.041041570159282635,0.001350086164178461,-0.021551251291042683,-0.0072530295538919196,14.649245861257508,0.0153565456470267
2024-07-19,STLD,0.013326683361890636,-0.027815571526743705,-0.0018893871939249995,-0.005357884445458288,14.019268211138646,0.0081789499818648
2024-07-22,STLD,-0.006446377554352239,-0.010068913213835736,-0.011172433380093239,-0.005230131173384273,13.94794222110794,0.0076158966552177
2024-07-23,STLD,-0.013571445991086948,-0.007579693255976357,-0.0011959286965197095,-0.009041232078500102,14.124245211488544,0.0090842383281447
2024-07-24,STLD,0.0026030253774734532,-0.0003922560156000845,-0.017625487021212857,-0.026651212881973804,13.881299234831427,0.007124892806388
2024-07-25,STLD,-0.01532080880310421,0.009605281324208863,0.004859863852045979,0.03436104076315439,14.281883228249631,0.0106353034756027
2024-07-26,STLD,0.025041796138376215,0.024186516613923487,0.032122420690070326,0.02277936121653695,13.878204566533965,0.007102877688166
2024-07-29,STLD,0.020845405485272625,-0.0034957965770658693,0.009810792027515872,-0.00015317305705231528,13.889690884643201,0.0071849340379025
2024-07-30,STLD,-0.0006879700820663463,0.0009130738624042073,-0.0018612477038479915,-0.012877512079691664,13.672218542205222,0.0057806363452576
2024-07-31,STLD,-0.006366185834638748,0.028787665608113754,0.0066536668445928634,0.03335290555187798,14.148262310732042,0.0093050566351591
2024-08-01,STLD,0.019808629144968885,-0.010101063087276804,-0.039640206816771405,-0.05294604748454078,14.2034231852967,0.0098327523476922
2024-08-02,STLD,-0.07460716560947349,-0.07895473816353632,-0.03893838674677057,-0.040953938987317716,14.10974685448658,0.008953481868402
2024-08-05,STLD,-0.043779542147140714,-0.0019406289224895889,-0.04155908829228639,0.0010713687719784714,14.200637575441352,0.0098054002311133
2024-08-06,STLD,0.0322527866218095,0.005166720951018131,0.05391163285249368,0.007957665339934214,13.757140704745513,0.0062929881875147
2024-08-07,STLD,0.02091120252892122,0.015976040578920412,-0.019216222342917894,-0.026999539972693335,13.971488994996632,0.0077973545993504
2024-08-08,STLD,-0.0349878416635304,-0.038862638802463344,0.005026861776286569,0.009108784696747694,13.465812646401902,0.004702562677175
2024-08-09,STLD,0.002415417155732477,-0.008355692589265256,-0.006539810719536571,-0.006509727483482425,13.596858156322341,0.0053610148494507
2024-08-12,STLD,-0.01154638662989965,-0.005832512565678452,-0.026681961540051043,-0.02939897738173267,14.095942159159762,0.0088307309061945
2024-08-13,STLD,-0.021004985874206794,-0.018895434344397968,-0.006326604902005408,0.01114748331703646,14.014608107590217,0.0081409238685723
2024-08-14,STLD,-0.0004298152039814386,-0.00289957108321271,-0.014625629300121156,-0.01911209253247043,14.153197057070313,0.0093510882459869
2024-08-15,STLD,0.007366782290167229,0.02454884979530906,0.030239484507862985,0.02574139197392948,14.28769992175095,0.010697346081501
2024-08-16,STLD,-0.014182206295514853,-0.012410044728427156,-0.012142265311296857,-0.011501772568836482,13.92481418931331,0.0074417770838256
2024-08-19,STLD,0.013413839417646907,-0.001604339471183028,0.0005197584853862642,-0.005499227375517455,13.75342342970647,0.0062696388197036
2024-08-20,STLD,-0.007544620540936727,-0.011303373305588662,-0.0012997449823646612,-0.0009482015775380265,13.531423349572291,0.0050214483289964
2024-08-21,STLD,0.011465844429254246,0.019551146237753926,0.014803573505188653,0.02638451479569962,13.984916566991453,0.0079027603168981
2024-08-22,STLD,0.007965527104953714,0.0030964271367522234,0.01003072604474101,-0.000924375976658801,13.68049349084316,0.0058286693304692
2024-08-23,STLD,0.006394068176615175,0.010886378696039605,0.0032932368717794223,0.01617912601311733,13.463255830459033,0.0046905544308721
2024-08-26,STLD,0.02443894559084992,0.025621467680564353,0.02760397711249845,0.015188518895171478,13.830892644738675,0.00677465228922
2024-08-27,STLD,7.984946037390254e-11,-0.012320790099061651,-0.011464510478727107,-0.010813570162707009,13.519394351318699,0.0049614070974819
2024-08-28,STLD,-0.027378538935769414,-0.025273871154544585,-0.02469055825353058,-0.028234457984011526,14.000828454578492,0.0080295140278732
2024-08-29,STLD,-0.003538921490571692,0.008495770142298594,-0.0028098483471149798,0.006502608493639046,13.832860179099386,0.0067879947851121
2024-08-30,STLD,0.0055555398184318145,-0.002990285564948764,0.005102910172855382,0.0059586384700235605,13.976098474255533,0.0078333793382591
2024-09-03,STLD,-0.009107047684399818,-0.017285215463806528,-0.04015771950199651,-0.04755259246913933,14.354749279359169,0.0114391888531025
2024-09-04,STLD,-0.035173028794128904,-0.023984051145758176,-0.00824656413181968,-0.007398281157024805,13.948642745917214,0.0076212336535745
2024-09-05,STLD,-0.005895996746838111,-0.009844472605106822,-0.01200290286168272,-0.016040217649862583,14.172696071540145,0.0095352146892981
2024-09-06,STLD,-0.019698609505858874,-0.011269763227565337,-0.00796179086023062,-0.0028787977690119884,14.208903759601775,0.0098867894560552
2024-09-09,STLD,0.01509842108232354,0.005034295880895411,0.005435407791582788,-0.0023450450525923745,14.445345664992224,0.0125239337691312
2024-09-10,STLD,-0.0199710804204473,-0.02290142872721681,-0.02395436873642722,-0.018225407805695117,14.401295776864458,0.0119842298102953
2024-09-11,STLD,-0.018349148894327472,-0.01920247915659192,-0.032635616503967686,-0.005902972598580594,14.402241665962169,0.0119955709318036
2024-09-12,STLD,0.004962712282731563,0.016675336619615195,0.03050499075138345,0.02232065874689676,14.1011412778303,0.0088767625170223
2024-09-13,STLD,0.0231082620347416,0.03096331957403313,0.03158070287161094,0.020593429368532257,13.846525580954923,0.0068813922563569
2024-09-16,STLD,0.013171007054479584,-0.0065925496227773024,-0.004412273247430591,-0.016350535554247505,14.186453922117277,0.00966730539863
2024-09-17,STLD,-0.011380918924153228,0.0245656983571554,0.0008119128010762787,0.030867163290487866,14.54927219150922,0.0138955423468404
2024-09-18,STLD,0.02289596692249632,0.010528665796869872,0.02238066650144214,0.005487593659172931,14.20518565744323,0.0098500975923519
2024-09-19,STLD,0.037397183533883736,0.022896656898656283,0.033128266661696264,0.04226636880098194,14.33078686273958,0.0111683361864926
2024-09-20,STLD,-0.018352227294989525,-0.0014158346497195084,-0.00521704070346907,-0.0021673485328693714,15.737391592123075,0.0455899742137587
2024-09-23,STLD,0.028570875637030008,0.013164051408721648,0.025399207432287775,0.009385760088063714,14.148979001999951,0.0093117278831052
2024-09-24,STLD,0.02672314824496521,0.034200393680679925,0.02892068902532856,0.030210404911504524,14.3139807669801,0.0109822083687976
2024-09-25,STLD,0.010893761784387501,-0.00862140430626401,-0.0015442535609856843,-0.010725511197445886,13.838251022450393,0.0068246866488154
2024-09-26,STLD,0.013630590418914084,0.018665396827621968,0.014855726631264967,0.015287140597787529,14.041131837173966,0.008359740801203
2024-09-27,STLD,-0.0013467874832356781,0.00721343968676591,0.007823168344805509,0.005891311016372795,13.771977600435509,0.0063870527835541
2024-09-30,STLD,0.0011974890653484798,-0.006392244913947509,-0.006009998150521763,0.004451531098665765,13.690175200182146,0.0058853749380107
2024-10-01,STLD,0.0016675441528298516,0.021700967596064626,0.011892082098059751,0.024677112999326713,13.929197214906072,0.0074744661987613
2024-10-02,STLD,0.027621960045767887,0.008994117879435383,0.009318508723803453,-0.012693418493012814,13.963931425151141,0.0077386476174251
2024-10-03,STLD,-0.02374193034272821,-0.02111364661234066,-0.015207017316765579,-0.00047033361543549437,13.707703719163165,0.0059894464059692
2024-10-04,STLD,0.02836186803183623,0.021955107868429125,0.018659640430449067,0.005317518187752949,13.592868131066247,0.0053396668560233
2024-10-07,STLD,-0.021509507008756125,-0.004521559849327054,-0.0027454583298093652,0.014325287593817385,13.71745772051056,0.0060481533878945
2024-10-08,STLD,-0.0018070095486479342,-0.018684929108600177,-0.015435449047825402,-0.02364956802735672,13.867249702945676,0.0070254912119917
2024-10-09,STLD,-0.007339894749701911,0.02075671691883343,0.0069952619679177885,0.02449480716508053,14.112128337801984,0.0089748298618293
2024-10-10,STLD,0.018910659543158174,-0.005457187351194908,0.014157830924161374,-0.013300419354301306,13.764007767949836,0.0063363512991641
2024-10-11,STLD,-0.0016336123589085379,0.007218593940431149,0.0031192162600880515,0.01083931838309572,13.488257097546652,0.0048093026443119
2024-10-14,STLD,-0.0008568018351371967,-0.0032188719137774624,-0.005856416803454327,0.0024611009712056436,13.37685209562527,0.0043022878004116
2024-10-15,STLD,0.0040439073766172255,0.008789043464223486,0.004999623402104959,-0.013300419354301306,14.07355859784478,0.0086352633413751
2024-10-16,STLD,-0.0017088897201778441,-0.010709979203935061,-0.002340492904530189,0.01083931838309572,13.901780910463062,0.0072723273859958
2024-10-17,STLD,0.05564130788883276,0.06476922212048833,0.04438044531798818,0.039188168980298595,14.839363739459335,0.0185720871570258
2024-10-18,STLD,0.005719298192131612,-0.006218861872028784,0.012031392108631366,0.011192232559372323,14.235010712411782,0.0101483023755406
2024-10-21,STLD,0.0016071562720106623,-0.00618490627153229,-0.021113210187220125,-0.023110604496302877,14.03207330319526,0.0082843556994125
2024-10-22,STLD,-0.03151542332904381,-0.03166132853858618,-0.03451774355919606,-0.012441029626886417,14.090488017508035,0.0087826979209829
2024-10-23,STLD,-0.005893528757802776,0.003759628556837824,0.0026499550200512444,-0.02426790143242626,13.864206431974242,0.0070041432185643
2024-10-24,STLD,-0.024859459381092557,-0.018712041273281577,-0.008363742740429498,0.013128517811445244,13.954229347749255,0.0076639296404293
2024-10-25,STLD,0.0169468757145091,0.006630784083754447,0.011084335094946532,-0.005847975420030908,13.727991051898929,0.0061121973681766
2024-10-28,STLD,0.004496411349771477,0.032510468988885315,0.01364647262730264,0.046295478170560234,13.939939019341145,0.0075551882989086
2024-10-29,STLD,0.031363717608899964,0.00029407249782958174,0.024134060217060598,-0.00413463412857371,13.679691980296456,0.005823999456907
2024-10-30,STLD,-0.010593735414265679,-0.001618529499198662,-0.010519959956944408,-0.017840869820472158,13.94276063939357,0.007576536292336
2024-10-31,STLD,-0.01304369582794106,-0.014985467441170835,-0.014916605255438994,-0.017245104929698676,13.822487164748866,0.0067179466816785
2024-11-01,STLD,-0.014057414005041813,0.001493935984825153,-0.00046005828308725194,0.023851251145157674,13.848269089975132,0.0068934005026598
2024-11-04,STLD,0.021349835830915948,0.007879780215035475,0.017414064596665068,-0.0005239452354758672,13.884197649371929,0.0071455736750207
2024-11-05,STLD,-0.0031509797052951707,0.005169889203857193,-0.006352528143675588,0.015377464330993271,13.739170404037784,0.006180911222021
2024-11-06,STLD,0.10963447020232016,0.13621651164808965,0.10893499769909232,0.12895039881725426,15.282924200889907,0.0289398735899917
2024-11-07,STLD,0.04200112805295991,-0.0028968845255304887,0.0029214133658864248,-0.0421539953433581,14.39156252876136,0.0118681500960339
2024-11-08,STLD,-0.04869020504889596,-0.03563502764026439,-0.008721289103439982,0.004047150131028252,13.88671524824229,0.0071635860444751
2024-11-11,STLD,0.017072646446226167,0.008780190855874557,0.009670439245360323,-0.005061606215999243,13.557776855875467,0.0051555404127122
2024-11-12,STLD,-0.02736198890662008,-0.028958322062256767,-0.03034397241569521,-0.023619099160598924,13.668518692568826,0.0057592883518303
2024-11-13,STLD,-0.014765906477835378,-0.01248467174558944,-0.01032266503134807,-0.017118300689883407,13.963414050402491,0.0077346448686575
2024-11-14,STLD,-0.0195843552468195,-0.016986174895946022,-0.03556536830102651,-0.029246653552268527,14.306725747963725,0.0109028205182396
2024-11-15,STLD,-0.014278809966324676,-0.013856641107347838,0.010766848398466372,0.011543357745217685,14.076181851703659,0.0086579455843917
2024-11-18,STLD,-0.004901669287610725,0.0071643876471293505,-0.000941028235043998,0.00913965274972875,13.915175786218011,0.0073703947308028
2024-11-19,STLD,0.005979678776893591,-0.006950809269460897,0.005057097291471078,-0.0032035898638160336,14.269258399933584,0.0105018785166816
2024-11-20,STLD,0.01723309132984097,0.031181238443991028,0.017784100826872082,0.026735605290819562,14.599549535270645,0.0146120343762468
2024-11-21,STLD,0.014578445393995245,0.015267541010555472,0.013500501309827212,0.006366994030018547,14.32989045780096,0.0111583293145735
2024-11-22,STLD,0.0025017276937583576,-0.005723636447151461,-0.004620173242105705,-0.009635131599010386,14.354340961570264,0.0114345189795402
2024-11-25,STLD,0.001040472577741385,0.001979752039171381,0.007758179905066598,0.009772968430025588,14.472149862299068,0.0128641674143801
2024-11-26,STLD,0.012197402175291555,0.014757866186364887,-0.0029284526277981804,-0.009355191524097951,13.784020922864116,0.0064644392597284
2024-11-27,STLD,-0.010327046679126008,-0.02297541973192249,-0.004899929755854698,0.0013915443837071192,13.8682936919894,0.0070328295847324
2024-11-29,STLD,-0.0009693712909220023,0.0044595608131399195,0.011303522092535993,0.009962002207784865,13.221667389414618,0.0036838631158122
2024-12-02,STLD,0.006077404851674602,-0.00020537516539471286,0.002425360611352741,-0.003171583327319047,13.855020652319698,0.0069400992382822
2024-12-03,STLD,0.003573774976565065,-0.0013703480487160709,-0.014009636781393553,-0.011180324747044798,14.305868745497587,0.0108934807711151
2024-12-04,STLD,-0.016532756177274014,-0.014990212136389812,-0.012572581607812503,-0.012790925488524302,13.910639812311667,0.0073370384910725
2024-12-05,STLD,-0.015392990211787454,-0.017552876589011106,-0.02111840080895971,-0.01913797306117127,14.183758970201135,0.0096412875316403
2024-12-06,STLD,-0.015561652386959663,-0.015058129361434401,-0.007505365726111428,-0.013062583036468222,14.057594404088542,0.0084985027584809
2024-12-09,STLD,-0.008670550376457151,0.002728638061430358,0.0037232734405317227,0.009812954720187375,14.078490786533076,0.0086779593282298
2024-12-10,STLD,-0.00021776197391488246,-0.012120473437327688,-0.020837976788106644,-0.02164310772905141,14.252087307342597,0.0103230890717273
2024-12-11,STLD,-0.015139114289154366,-0.015139114289154366,-0.007093529266545295,-0.012944610155420052,14.213548821880195,0.009932821066883
2024-12-12,STLD,-0.036318489462126444,-0.029160898345009505,-0.05245742542571956,-0.05099775894504825,14.389874765597156,0.0118481363521957
2024-12-13,STLD,-0.03483487905429344,-0.0415968920463939,-0.03782235925877172,-0.036428982796681275,14.316952896076575,0.0110148974837333
2024-12-16,STLD,-0.04548804533436374,-0.020213945037399424,-0.01387415133948378,-0.005408054328515226,14.657164377820678,0.0154786294844395
2024-12-17,STLD,0.004379238773436904,-0.018820120327765574,-0.01871885436769778,-0.026053323210607795,14.261798300592488,0.0104238249157127
2024-12-18,STLD,-0.02259649392724622,-0.006435623645931106,-0.01159028824740106,-0.015467257217852508,14.480670216175609,0.01297424300549
2024-12-19,STLD,-0.011620716675499135,-0.01391982912411748,-0.01615942554256932,-0.012669915974732241,14.429452721556498,0.012326464829928
2024-12-20,STLD,-0.023741745531982713,-0.019408183741322353,-0.0066427836790991365,0.0034635553676707295,15.299498846412597,0.0294235390660807
2024-12-23,STLD,0.009045146016955094,-0.004030347260625364,0.003064678547622671,0.0005184968599413417,14.060964178548192,0.008527189124649
2024-12-24,STLD,-0.0032955239356753977,0.009407378865161527,0.006101259708739779,0.011253829629340763,13.147448108228248,0.003420348821943
2024-12-26,STLD,0.007959925938924677,4.5233503474553296e-08,0.003643020600858501,0.000256280811064759,13.536987744474878,0.0050494675703699
2024-12-27,STLD,0.002581916764698757,0.006955638778869763,-0.0019066119569193744,-0.011337426460860266,13.5702504793509,0.0052202515177889
2024-12-30,STLD,-0.011584708207846945,-0.028291597983988604,-0.013536622955320656,-0.01716281627810682,13.703126546312575,0.0059620942893904
2024-12-31,STLD,-0.008022200706067956,0.004658864174827628,0.0011445133911259708,0.006420100210184852,13.665270056748104,0.0057406088575813
2025-01-02,STLD,0.011811644237816893,0.006841914910180266,-0.014746699679266716,-0.018938633579832928,13.992569122814203,0.0079634686732072
2025-01-03,STLD,-0.014543835261625174,-0.017764324167339546,-0.007455634002353267,0.0108407032127184,14.617243497488738,0.0148728801709376
2025-01-06,STLD,0.010796727323093318,0.05245672956054506,0.032205036533914405,0.04737932333063172,14.593320985813858,0.0145213054041804
2025-01-07,STLD,0.03903938115500161,0.011521561054086124,0.03592795355687019,0.009813474153666799,14.489118586515378,0.0130843185965999
2025-01-08,STLD,0.001258642661362447,-0.011188127718275757,-0.028187771238319094,-0.02818754456386735,14.239863495984086,0.0101976696103414
2025-01-10,STLD,-0.03568151313072043,-0.022417914676886728,-0.00538574097521884,-0.0012886372449015335,14.37186446030194,0.0116366577923057
2025-01-13,STLD,0.010030365510201044,0.05375760582811673,0.004865798061003897,0.05794603491825885,14.81031704770186,0.0180403886957251
2025-01-14,STLD,0.059535909217015445,0.003547562254815406,0.053496789610040514,0.0020260247598580666,14.139260059884148,0.0092216660358334
2025-01-15,STLD,0.021175016879515896,0.021576428721051012,0.01831779186040117,0.013030071284432832,14.12380448901977,0.009080235579377
2025-01-16,STLD,-0.011895856397958536,-0.010053492214131429,0.0028999580627960754,-0.001119368958467583,13.682208853245179,0.0058386762023883
2025-01-17,STLD,0.011657728063239335,0.015943470108617554,0.009924814495056389,0.006618052983410088,14.122848923476491,0.0090715629570471
2025-01-21,STLD,0.015048531078918624,0.006166864415627565,-0.009683533131313806,-0.009101106147662897,14.470904468149927,0.0128481564193096
2025-01-22,STLD,-0.019902734195916604,-0.02044098556384355,-0.014254768143134226,-0.014541069657085615,14.443906394741516,0.0125059213996769
2025-01-23,STLD,-0.03539905061215923,-0.006614368341639607,-0.040876338639973704,-0.004240370179727463,14.673282374465245,0.0157301355320058
2025-01-24,STLD,0.046031544246003635,0.012948511721969213,0.03736263860403892,-0.00016346042308044967,14.305807502922464,0.0108928136463205
2025-01-27,STLD,-0.03853894901000043,-0.0296376912540874,-0.00813717114227072,-0.002782734707259921,14.182374121194913,0.0096279450357482
2025-01-28,STLD,0.006866628715864591,0.03404785887631425,-0.0042178401109744,0.0404776673481509,14.573462318015128,0.0142357759920892
2025-01-29,STLD,0.03592532605671291,0.016830703529353536,0.04884540251672675,0.01654866092146226,14.190654593376578,0.0097080000111009
2025-01-30,STLD,0.020227851064103405,0.01060655302813013,0.01200343606619709,0.011851834248190831,14.426851518443021,0.0122944428397869
2025-01-31,STLD,0.0019235428053648333,0.004957012949229614,-0.008851379618194917,-0.019389712136124695,14.540447545368833,0.0137734585094275
2025-02-03,STLD,-0.011830789181397895,-0.012554705019779627,-0.013385768310381296,-0.0021864676276364863,14.5860358223156,0.0144158996866328
2025-02-04,STLD,-0.025924328081998568,-0.023460764728410095,-0.011306840133675456,-0.012111841300714675,14.4729274467567,0.0128741742862992
2025-02-05,STLD,0.00969191949417829,0.02153307317045974,0.015921019943720048,0.02376975965015376,14.29682559632627,0.0107954134263081
2025-02-06,STLD,0.035949591057861364,0.02002042980453004,0.008692876944380689,-0.0035606540285480206,14.29880114828651,0.0108167614197354
2025-02-07,STLD,-0.010580374074413423,-0.008738246333878676,-0.0075030386848720775,-0.01760129423730242,14.180987351722058,0.0096146025398561
2025-02-10,STLD,0.030215604860620412,0.029848507442765484,0.04419666629203698,0.0474701905735977,14.84395106621959,0.0186574791307353
2025-02-11,STLD,0.005369949802070927,0.01689355602847179,0.01026269627699804,0.014866037443875706,14.777310267273677,0.0174546531260613
2025-02-12,STLD,-0.004921446283548257,-0.019118350072878848,-0.007687236396213225,-0.019165189476769286,14.610176333446859,0.0147681415781845
2025-02-13,STLD,-0.006599695247489791,-0.007451563953380913,-0.021410690750940466,0.004374443387700283,14.456680526107515,0.0126666984751768
2025-02-14,STLD,0.0030802764458529863,0.018746112560962692,0.02624100632817721,0.02195758669141074,14.29068890025809,0.0107293680716421
2025-02-18,STLD,0.024233396113515455,0.024794730255469456,0.01724251491361196,0.023501443785432202,14.402464098136566,0.011998239430982
2025-02-19,STLD,0.006204114039724896,-0.007907947643443127,0.008033928296803857,-0.016677944803180064,14.212002863949008,0.0099174771966071
2025-02-20,STLD,-0.0024771040801722347,0.004680354099161492,-0.00914472565394459,-0.012434386348842605,14.109448769901382,0.0089508133692235
2025-02-21,STLD,-0.009012604416059219,-0.024286712658198824,-0.03666945852010604,-0.03281197157305196,14.151054506716736,0.0093310745021487
2025-02-24,STLD,-0.008723416124417804,-0.006794702743100654,0.008646829612788393,0.018495078479230313,14.460255524092556,0.01271206296121
2025-02-25,STLD,-0.01262753528955306,-0.004084211383704099,-0.0014486605977612375,0.0024753813451593725,14.072785741150353,0.008628592093429
2025-02-26,STLD,0.009131808704639909,0.02156800590902954,0.01356550316553802,0.0,13.916713342223398,0.0073817358523111
2025-02-27,STLD,0.003644240273877056,-0.0068689120825355015,0.0021053799204408916,-0.001199346549931909,13.996331823216824,0.0079934892889645
2025-02-28,STLD,-0.0070777251070026324,-0.008172380332470683,-0.017198127137862503,0.013040858298594365,14.343665753544046,0.011313102266922
2025-03-03,STLD,0.02240140632975686,0.0187482476659297,-0.00998397328595234,-0.03441998467478256,14.471008310256021,0.0128494906688988
2025-03-04,STLD,-0.06174472432386517,-0.06380840894559993,-0.043862467236140505,-0.03215905063958838,14.509407957039922,0.0133525027640314
2025-03-05,STLD,-0.013072087868613996,-0.0001547324431636554,0.010668687274881654,0.01062622354581631,14.741237032868446,0.0168362284414619
2025-03-06,STLD,-0.00505528256836565,-0.012530739549422017,-0.009620876135464182,-0.019528621742621974,14.504449395858895,0.0132864574093654
