Date,Stock,Open,High,Low,Close,Volume,Turnover
2020-03-13,UBER,0.031735262835266856,0.004848451190196717,-0.04533623056424067,-0.0004423901272081888,17.801608982159145,0.0257473480944908
2020-03-16,UBER,-0.1752661503047411,-0.14365907617400944,-0.10100543688551943,-0.10782172419761238,17.85705193209685,0.0272151712982195
2020-03-17,UBER,0.0014877605869556383,-0.05647435070680915,-0.058761183128359144,-0.07043732435861703,17.90992013473955,0.0286927015683528
2020-03-18,UBER,-0.12774327959663304,-0.13191493486071776,-0.27280167553981927,-0.24371327532541934,18.175881912990935,0.0374349429540477
2020-03-19,UBER,-0.10686315603969078,0.17762896924337407,0.1355352038489023,0.323959351804609,18.24619283585529,0.0401617678886525
2020-03-20,UBER,0.34476219050927087,0.11663255210966043,0.2721157243111628,0.04017757782602981,18.15318947181388,0.03659501871071
2020-03-23,UBER,-0.0669975715888977,-0.04977431806403919,-0.043636127683586635,0.048946412924674366,17.682266307488177,0.0228508646790797
2020-03-24,UBER,0.1471426648216314,0.16620770006330704,0.17868260305479183,0.16392418555599877,17.88462279572775,0.0279759566504257
2020-03-25,UBER,0.0700028939847542,0.05825486960061821,0.07037665356846282,-0.007607448475812623,17.77582648014532,0.0250920015670246
2020-03-26,UBER,0.015915457990037674,-0.0003515636757548366,0.018399470689479065,0.07110341787589727,17.537254049889135,0.0197662650112752
2020-03-27,UBER,-0.029761856529480435,-0.014521234039933283,-0.027927124148600102,-0.0303272386416282,17.51166848461561,0.0192669488171999
2020-03-30,UBER,0.01955959701147267,0.012761559312553515,0.009527653459121026,0.01996071465082032,17.445852144287826,0.0180396982788986
2020-03-31,UBER,0.05252686958183076,-0.0049434913936076096,0.06166995415425011,0.0032287078303916625,17.579645919744628,0.0206222083050836
2020-04-01,UBER,-0.046091107200266976,-0.053923664674484464,-0.08162273143281824,-0.09380701186411956,17.467165730728084,0.0184283156615121
2020-04-02,UBER,-0.05786897895103592,-0.06032576812521312,-0.07575256024865819,-0.07090544585934777,17.394524949498678,0.0171371323755113
2020-04-03,UBER,-0.05253570288397309,-0.0575786619941816,-0.05956539686016464,-0.036993491842537925,17.518588756125563,0.0194007437521762
2020-04-06,UBER,0.016715793700103756,0.09228674219858658,0.0992040956041502,0.1300745087861066,17.36203699451513,0.0165893286674739
2020-04-07,UBER,0.14696138204041795,0.07457330163425213,0.06354553749124524,-0.009665646570951836,17.41100750062683,0.0174219367474623
2020-04-08,UBER,-0.07232068887620727,-0.008287550018907684,0.011308403228187696,0.0455659975302703,17.40365492151836,0.0172943103423687
2020-04-09,UBER,0.06981301776921235,0.035657636738900565,0.025647268693812175,0.0062904952182811285,17.40429894954495,0.0173054519506065
2020-04-13,UBER,-0.030592270757671812,-0.028437916910812874,0.00037786621211134236,0.03194460932562639,17.021163383035432,0.0117974807639799
2020-04-14,UBER,0.034887225142181455,0.024275617034013118,0.020306259388090872,-0.008611455157646839,17.300598649618212,0.0156007858902168
2020-04-15,UBER,-0.043056643700336,-0.03465691677570181,-0.021440214504246262,-0.012327935444618531,16.745151158197373,0.0089519714017085
2020-04-16,UBER,0.014436652673562969,0.009312328070536783,0.0007560889040442148,-0.013960519056379654,16.99725345034763,0.0115187492857894
2020-04-17,UBER,0.05296412945960752,0.026039531654832058,0.029786310578258552,0.035257124483758465,17.345681490218368,0.0163202086195658
2020-04-20,UBER,-0.05812255625540768,-0.0010425956130843583,-0.013294162237876023,0.006762813895748419,17.288222105533197,0.0154088920109959
2020-04-21,UBER,0.015759912319894858,-0.02143819977680813,-0.011215042298142401,-0.036118045784880905,16.85856053119136,0.0100270170515074
2020-04-22,UBER,0.016946477991985634,0.014459777737510015,0.03363835312781321,0.03789012623408894,16.86948348452609,0.0101371420462359
2020-04-23,UBER,0.027505284578848172,0.023872454905978394,0.026225211950914425,0.0031819066292202956,17.11106593991124,0.0129072423261422
2020-04-24,UBER,-0.008382856290654002,0.011556897890991262,-0.0035827652109261324,0.040129903916466765,16.842494423483455,0.0098672090912891
2020-04-27,UBER,0.042238022383209575,0.029962281924522834,0.044176700166180985,0.019809281479423606,17.272010218951056,0.0151610988183414
2020-04-28,UBER,0.041494271149231175,0.04301048540370225,-0.0017355056277475183,0.001328934249415945,17.125440281144513,0.0130941153089469
2020-04-29,UBER,0.0,0.005326663902644645,0.03250409465017272,0.04066261816063749,17.157951814831684,0.0135268209439006
2020-04-30,UBER,-0.01626052087178029,-0.030137118991558017,-0.019308187193389406,-0.035694910799012596,16.816001540879075,0.0096092306516189
2020-05-01,UBER,-0.04595814145195784,-0.04377858706242971,-0.04908429814237221,-0.06412018917025461,16.77510780473431,0.0092241996235884
2020-05-04,UBER,-0.055403115393948224,-0.05711881724390292,-0.06358578343451901,-0.03476427206946953,16.969455293983614,0.0112029588102413
2020-05-05,UBER,0.02472803082499001,0.02945159954429447,0.03184277190567784,0.023428702585247974,17.240600264592395,0.0146922905472522
2020-05-06,UBER,-0.02690745291992438,-0.02980792340451764,-0.02322688999264791,-0.008946203976193416,17.25196249668849,0.0148601797597975
2020-05-07,UBER,0.07358836954497969,0.12039308089581656,0.09832352237563524,0.10597142103799526,17.946339737872723,0.0297569403363416
2020-05-08,UBER,0.09623112331401112,0.05081923753787379,0.06732366890553579,0.05839702221385013,18.056234265430515,0.0332135167014945
2020-05-11,UBER,-0.01889480443976948,-0.027862073268949586,-0.007295814916333229,-0.0357014951685395,17.090358353126547,0.0126427128121004
2020-05-12,UBER,-0.017666057836075125,0.061813718799596906,-0.032354812021029994,0.023736346284361994,18.310709626899314,0.0428382882229731
2020-05-13,UBER,0.027622571352522027,-0.04118488567372,0.01371674275180782,0.01895498246189573,17.671587376860906,0.0226081402009025
2020-05-14,UBER,0.007095496351608015,-0.0006051575697881114,0.013211078221528809,-0.00698983357771837,17.309366151524873,0.0157381671797761
2020-05-15,UBER,-0.008334682292089654,-0.004550334718836641,0.011141301999331193,-0.009806995067935049,17.071682206111817,0.0124087868571668
2020-05-18,UBER,0.04366983932975624,0.0903502968125043,0.043363916474283414,0.03480447250068307,17.676968445924956,0.0227301240747855
2020-05-19,UBER,-0.0005936615623041712,-0.05715841383994864,-0.0039484049351127815,-0.006565150542585131,16.82236084669929,0.0096705334059576
2020-05-20,UBER,0.012979492883646391,0.02239443456908657,0.02879620326348051,0.03182348685163269,16.87827983821473,0.0102267052746886
2020-05-21,UBER,0.009625328287139504,0.0068787278388288235,-0.010402782752109391,-0.006400988615336594,16.996697018166362,0.0115123416656011
2020-05-22,UBER,-0.008746388907485974,-0.002287619468554629,0.002983250206419293,0.016500693045155466,16.74273382509259,0.0089303576380883
2020-05-26,UBER,0.05192266094576819,0.030172870900587793,0.027326522136099873,-0.007782153276818508,16.971795872422703,0.0112292109257888
2020-05-27,UBER,-0.04404755405824594,-0.028170876966696335,-0.041426087753358536,0.009216645991064322,17.13022736718968,0.013156948241241
2020-05-28,UBER,0.013849135343852377,0.002853025510072047,0.0215190981629488,-0.02115099896488378,16.904364299657928,0.0104969729560632
2020-05-29,UBER,-0.020846186313904523,0.0377403923863049,0.005308190169257026,0.06160591463221125,18.09763123214325,0.0346173115214014
2020-06-01,UBER,0.04182789886120902,-0.0016474845342301014,0.033548543861,-0.01386215721781345,16.901714095357136,0.0104691906625603
2020-06-02,UBER,0.01448494582703422,0.0008240291718242653,0.0028400608899866206,-0.00027916575314946136,16.77708612660411,0.0092424661229311
2020-06-03,UBER,0.0011056086032227264,0.025696699993099013,0.024651138908401895,0.02591100329913292,16.953254458844828,0.0110229238101749
2020-06-04,UBER,0.006058884115983974,-0.001821417820854895,0.003866323324662273,-0.008745606261327412,16.673336224443645,0.0083316276949723
2020-06-05,UBER,0.030022556597481934,0.03898872448371756,0.017486768439240654,0.021184898356676574,17.229736070444414,0.0145335345843782
2020-06-08,UBER,0.009018633088050829,-0.02303087833030931,-0.022737537156773003,-0.0034997276753472805,17.2200191515086,0.0143929973027859
2020-06-09,UBER,-0.03138243785985206,-0.015153810372058537,0.004423558418004043,-0.013302806877524711,16.53201168254165,0.0072335815577811
2020-06-10,UBER,-0.0002725749114480404,-0.014299517534143812,-0.05631497407557934,-0.04929584625222045,17.587666738517285,0.0207882804313069
2020-06-11,UBER,-0.11727205759824096,-0.10159347671701469,-0.10369192005348643,-0.11327130549800647,17.628788914545424,0.0216609600465027
2020-06-12,UBER,0.003059931187655077,-0.015306724516283914,0.00484423763848154,0.03600013824895548,17.13640856846208,0.0132385258534888
2020-06-15,UBER,-0.049156858421399365,-0.0018343438794297389,-0.000644552304657445,0.013249199865950374,16.876576395900184,0.0102092995004458
2020-06-16,UBER,0.08722530851052955,0.04458473321047619,0.04445175722407689,0.02478976735855736,16.87783086035438,0.0102221147408224
2020-06-17,UBER,-0.014815085785140587,-0.016970729832612573,0.017756957599361467,-0.005989857836053659,16.512007678495905,0.0070903186467057
2020-06-18,UBER,-0.015037877364540559,-0.004624535558784921,-0.0064123951991317246,0.0032988665791453486,16.55607964196276,0.007409791112959
2020-06-19,UBER,0.02926454130574377,0.01719585327425295,-0.01629047188045306,-0.03348873905945679,17.197399424236853,0.0140710861154161
2020-06-22,UBER,-0.04668817304270505,-0.03499690194271009,-0.026375159730122274,0.011696072721912169,16.694163979116645,0.0085069765250503
2020-06-23,UBER,0.013780672943716285,0.010899309340105712,0.03624263701234312,0.01125826388318774,16.427204105232494,0.0065138241020043
2020-06-24,UBER,-0.003961640591974219,-0.008466902165151662,-0.06775531574820559,-0.08160722580298733,17.199127675051862,0.0140954255085194
2020-06-25,UBER,-0.08770558041910557,-0.06508530871861593,-0.029828103770211858,0.003931880595712581,16.767437276019752,0.0091537158015173
2020-06-26,UBER,0.014560168875929305,-0.013541246398981228,-0.011910992956392174,-0.03223403527949831,17.6545821744461,0.0222269346177606
2020-06-29,UBER,-0.031028353827159443,-0.022928418546445947,-0.028474136070649282,0.0006751705351794618,16.850242414454833,0.0099439570793652
2020-06-30,UBER,0.04375904271246782,0.04919024419077178,0.05948437630240494,0.0477771897829861,16.873409839715634,0.0101770223091988
2020-07-01,UBER,0.004207779726836095,0.0004798653149711309,0.0010615504034927302,-0.021135549107026533,16.426425655100537,0.006508755387527
2020-07-02,UBER,0.0019361533552127088,0.009708051405880049,0.01147163053848593,0.008182012508454935,16.522300031349832,0.0071636715524432
2020-07-06,UBER,0.06490106377851347,0.05034260599928496,0.04015313735510065,0.058244312309868665,17.562474964604146,0.0202711281004389
2020-07-07,UBER,-0.01952470240229644,0.010785023616929226,0.019642070753868528,0.009182777607491557,17.367272224592348,0.016676405356749
2020-07-08,UBER,0.022842473939174532,0.012142895587756322,0.008913564990695743,0.033261511426939824,17.018354597765878,0.0117643906656941
2020-07-09,UBER,0.030543592473349063,0.014321386424723323,-0.012935258662393792,-0.02325682512901455,17.036855372367807,0.0119840668384179
2020-07-10,UBER,-0.032653606713133485,-0.026762363854636154,0.012016881789149253,-0.00030176908035099167,16.424572563647686,0.0064967052361281
2020-07-13,UBER,0.0021100142397845693,0.0014891808787753993,-0.030790852823575323,-0.04379361846148635,16.791285043185233,0.0093746352438298
2020-07-14,UBER,-0.05763672857381057,-0.0683553009954215,-0.03798333383333419,-0.025220778555925017,16.896585362592194,0.0104156344341209
2020-07-15,UBER,0.023641703353777695,0.049427373547628314,0.038614860779346824,0.05900679226523926,16.85891336913975,0.0100305555880293
2020-07-16,UBER,-0.0015588230387849383,-0.011592596576785082,-0.00411201177399322,-0.01411941504978635,16.22162658395003,0.0053034055212125
2020-07-17,UBER,0.01640149981368316,0.006910761456047014,0.009463829189938027,0.0061633714364872465,16.42988731241671,0.0065313255123693
2020-07-20,UBER,-0.0030741581759308758,0.033235924244365306,0.015576579783846932,0.033532839013870754,16.601361015863855,0.0077530291555823
2020-07-21,UBER,0.05043086325374253,0.008950255936993182,0.005548729180711455,-0.033532839013870774,16.632421202824307,0.0079976185381426
2020-07-22,UBER,-0.05166317753956105,-0.04023783649568688,-0.0061670545860658685,0.0033737376547297907,16.311060450301856,0.0057995657232548
2020-07-23,UBER,-0.0033965385402131188,0.004248849681971196,-0.010791142939466394,-0.015116798537456011,16.36102622160377,0.0060967071549713
2020-07-24,UBER,-0.018417940486621216,-0.03764718656088212,-0.048461934971785754,-0.03125741091567211,16.64259344321647,0.0080793874226349
2020-07-27,UBER,-0.016839180938850416,-0.006309133129630992,0.009147423790042793,-0.006112309003190173,16.136161574979578,0.0048689784360589
2020-07-28,UBER,-0.013548535277288155,-0.011457815019771226,-0.01309346417800069,-0.005825269139318067,16.378696900689775,0.0062053976078666
2020-07-29,UBER,0.004213234515707442,0.0006400146702843664,0.01374367413637158,0.0067928772307707,15.921581980858733,0.0039286840824584
2020-07-30,UBER,-0.008770576250457698,-0.01872834586909167,-0.026343345793420934,-0.025466628762953608,16.385286785782707,0.0062464255042961
2020-07-31,UBER,-0.00819005407239634,-0.008510697106948727,-0.006191952459803702,0.000661172181562796,16.609542778671756,0.0078167228129763
2020-08-03,UBER,-0.0052770521213414455,0.028358053475394523,0.009190460600767463,0.030270831818379827,16.65335439999222,0.0081667988383378
2020-08-04,UBER,0.030290552484429557,0.04834122069544454,0.036260729668477466,0.04666573158767515,16.904646695456552,0.0104999376758518
2020-08-05,UBER,0.06007714005703744,0.014358244629699918,0.041783993108773745,0.01578661957244023,16.648006056195523,0.0081232365846697
2020-08-06,UBER,0.005122867505482032,0.043315837533032225,0.021610918485141833,0.044477904594675835,17.46880171968938,0.0184584888580704
2020-08-07,UBER,-0.0054249772446176075,-0.03197578567526836,-0.023150541159503595,-0.05355509934659934,17.480896206256777,0.0186830902910882
2020-08-10,UBER,-0.0015121501823776899,-0.01555056603758804,-0.029395503628362584,-0.019334683901327664,16.87644992598587,0.0102080084127959
2020-08-11,UBER,-0.04266492672915578,-0.029670359040472567,-0.02767231309674115,-0.033399493301031,17.267714724640754,0.0150961140732976
2020-08-12,UBER,-0.006337181104469301,0.0003104807159225125,0.0013042360971003055,-0.011925973305409183,16.967216177850712,0.0111779021462214
2020-08-13,UBER,-0.030334647113751344,-0.02801131310640251,-0.012129335324319975,-0.012398236232548676,16.9054979549463,0.0105088796532788
2020-08-14,UBER,-0.003939625551235895,-0.02717734903554836,-0.01679591022155722,-0.015550332281327529,16.685203361368387,0.0084310892620741
2020-08-17,UBER,-0.011579960271613782,-0.012209322698692612,-0.022899860665880123,-0.017151933335783454,16.73569464583166,0.0088677159780386
2020-08-18,UBER,-0.01847237224644205,0.01122488661561969,0.00922296755603474,0.02014844475207528,17.196444039960507,0.0140576492402452
2020-08-19,UBER,0.02179464717502479,-0.0036507187073707504,-0.0006802877140991118,-0.022185778778711602,16.458154377002092,0.0067185810396628
2020-08-20,UBER,-0.03441636835939089,0.043553106247789394,-0.03145238919289275,0.06545159092605585,17.85263731046488,0.0270952914190252
2020-08-21,UBER,0.07472080924831367,0.0037783083682247924,0.07551652908579937,-0.018638069269222252,16.822034442059785,0.0096673774139245
2020-08-24,UBER,-0.013470379595922018,-0.01647694014790518,-0.011263292865122673,0.0067884853867064355,16.67233708000708,0.0083233073523398
2020-08-25,UBER,0.0022577529962997255,-0.0035205254286136806,0.00754471473337717,0.0048208229323315,16.12375968001796,0.0048089667693701
2020-08-26,UBER,-0.0009669843168377138,0.04758326581864238,0.01137300235664813,0.03496965886576293,16.840791973518975,0.0098504249518407
2020-08-27,UBER,0.04384872940004884,0.01094570420445185,0.0417649964679815,0.015361285521554425,16.874522795379775,0.0101883551896811
2020-08-28,UBER,0.018349091573169593,0.025967701578237756,0.016900056114179267,0.030032287787051054,16.69614624038628,0.0085238563006209
2020-08-31,UBER,0.018613534743755794,-0.0005894624016273214,0.009702917217574217,-0.005042222403835942,16.522266655408767,0.0071634324621377
2020-09-01,UBER,-0.0050692868276444114,0.01724433153066126,0.00015089592324762794,0.019726774415797482,16.588967715504936,0.0076575364875524
2020-09-02,UBER,0.022466162844941115,-0.0001448164448568387,0.004365189584208816,0.0020387278560172507,16.6220598488882,0.0079151802007948
2020-09-03,UBER,-0.0038072165382886667,0.006787537100123946,-0.010265794985529762,-0.028328807983245725,16.665569508811867,0.0082671689486006
2020-09-04,UBER,-0.022252808432462887,-0.03187870769174422,-0.04341771929767011,-0.0051012313188956515,16.67660230975164,0.0083588839898031
2020-09-08,UBER,-0.02953483620519363,0.04218798556316585,0.019149874760811595,0.031974245245056106,17.3325186908672,0.016106796612847
2020-09-09,UBER,0.05266750327259218,0.0113316094818844,0.05886717475806228,0.019905421296383573,16.94242463476825,0.0109041915644472
2020-09-10,UBER,0.03145548995428795,0.03542148950548635,0.03117129798427755,0.027329528775584387,17.384149925969087,0.0169602533674779
2020-09-11,UBER,0.030771615974721587,0.009874998940608599,0.029787852346150317,0.02741399778063516,17.116183894551774,0.0129734703407749
2020-09-14,UBER,0.021799208231387944,0.022756974798920672,0.022528025424240244,0.025892310365148635,17.14828636920166,0.0133967079996295
2020-09-15,UBER,0.02265259546086823,0.012552454174974593,0.005110935694682549,-0.012728878561703854,16.973897294330985,0.0112528330479755
2020-09-16,UBER,-0.014866251280348054,0.0010389849123563983,0.0032145468915670676,0.005057873793541974,16.89682865538971,0.0104181687913595
2020-09-17,UBER,-0.019171616956882603,-0.028304417262360642,-0.034003004389547134,-0.016060261264187522,16.97399077728981,0.0112538850453198
2020-09-18,UBER,0.012732156529009228,0.0031995477120397822,0.006893726576010502,0.0016176212302474837,18.041301438470096,0.0327212297624019
2020-09-21,UBER,-0.035341327039836605,-0.02657103624450798,-0.0355232564979489,-0.01711758269699418,16.765240829310294,0.0091336322158525
2020-09-22,UBER,0.018511322193347987,-0.0008205276969572613,-0.029473398811323402,-0.05898168771005242,17.15634915122316,0.0135051593622193
2020-09-23,UBER,-0.05862478778478471,-0.04892010193314185,-0.02074139387463718,-0.025019768058977314,16.575324339518872,0.007553771294951
2020-09-24,UBER,-0.023198835376501803,-0.023400538772627582,-0.015387304024045223,-0.005979114069178154,16.613041922510003,0.0078441225619904
2020-09-25,UBER,-0.013760285326902042,0.014598799421152631,0.009381257258941037,0.0327414779238143,16.189141174313253,0.0051338904945896
2020-09-28,UBER,0.07539797319294995,0.05977174329991735,0.06019923046460127,0.031422244732730066,16.94570383567007,0.010940007292216
2020-09-29,UBER,-0.006726422830810928,-0.02698187767527502,-0.01903993113083798,-0.0036625217738197584,16.618185916417705,0.0078845766416866
2020-09-30,UBER,-0.00790525272652432,0.023563070926489415,0.019606998301851353,0.029205225166918574,16.878261134827955,0.0102265140024442
2020-10-01,UBER,0.04381077226215825,0.035737285169193195,0.03618549648072675,0.01793038683296914,16.769769635428954,0.0091750904748319
2020-10-02,UBER,-0.023608030344209576,0.00427346562369994,-0.017650849874132915,0.015495950636727708,16.817393924696162,0.0096226197087287
2020-10-05,UBER,0.04614117623497555,0.0002631483450469961,0.025818584505547255,-0.015495950636727785,16.38759600822581,0.0062608665587503
2020-10-06,UBER,-0.014158179643553424,-0.016717944811151405,-0.02303996950707621,-0.02397938045381223,16.38618969958495,0.0062520680355067
2020-10-07,UBER,-0.015726951846209397,-0.006981723395636856,0.00897736161938278,0.014239026949915171,16.4388812792718,0.0065903329997749
2020-10-08,UBER,0.01114292944290166,0.0192159955275249,0.016229402240112586,0.015110956213166079,16.317962468852006,0.0058397328945843
2020-10-09,UBER,0.024297012859015293,0.013652000977904205,0.0062036490079045185,-0.001876416426492416,16.393603998397005,0.0062985950089634
2020-10-12,UBER,-0.009275234600584647,-0.02081479712237162,-0.027671619583319415,-0.02747356673658888,16.623068239081256,0.0079231658169996
2020-10-13,UBER,-0.03632820474492767,-0.03605219863060364,-0.03244891149810837,-0.019493709772255688,16.553967163157118,0.0073941546069771
2020-10-14,UBER,-0.014740987133972875,-0.003871669389371644,0.0015693078109855112,-0.012735441700364126,16.54969629761798,0.0073626425047078
2020-10-15,UBER,-0.028707338311650486,-0.03611108160828399,-0.030540047316745863,-0.024507563660374373,16.552718251020362,0.0073849257211835
2020-10-16,UBER,0.002879313116185063,-0.00028737641751481015,-0.012124940526603373,-0.015887274569132664,16.516851703600246,0.0071247476507024
2020-10-19,UBER,-0.017987109374778668,-0.006052737496473926,0.011536864719326965,0.014719134801445228,16.774506282273244,0.0092186527285
2020-10-20,UBER,0.010773111596431397,0.06084562446693704,0.01546795143378042,0.059282919111273334,17.21071337473751,0.0142596805484206
2020-10-21,UBER,0.04861090525074187,-0.013970870526660137,0.009941764091587806,-0.031047118969065587,16.763034300667375,0.0091135008121266
2020-10-22,UBER,-0.02316280064149977,0.017501113762723727,0.001146322378073769,0.04173067157059781,16.47181831119303,0.0068110133517819
2020-10-23,UBER,0.030035679929261847,0.0027071561571853607,0.02848902734257263,0.0013614498097803168,16.585633805918548,0.0076320494609825
2020-10-26,UBER,0.0,-0.006781525748617198,-0.022634851508564494,-0.034887211706364614,16.342174844422868,0.0059828523514764
2020-10-27,UBER,-0.027497960900890468,-0.028715415315529545,-0.031822137930173626,-0.038195649498970655,16.432329655175266,0.0065472967447789
2020-10-28,UBER,-0.054693203477319326,-0.058840525926997525,-0.03347589627281472,-0.015042263017190532,16.57475444515996,0.0075494676694514
2020-10-29,UBER,0.002673405876808472,0.03717904708485489,0.012985243106157935,0.012110614117981146,16.43547979208755,0.006567954147177
2020-10-30,UBER,0.005915449550712417,-0.015723424618066112,-0.005264449254021343,-0.019268463752768288,16.41865947128073,0.0064584029691817
2020-11-02,UBER,0.007052679060707501,0.01900978501718735,0.02693021755154124,0.041049489472862986,16.725167434544463,0.0087748533033695
2020-11-03,UBER,0.03227012652833558,0.030901399100999635,0.031500946112867044,0.027204824793949423,16.60106492428896,0.0077507338886491
2020-11-04,UBER,0.14221204722062394,0.15355772983459967,0.10393698446247819,0.13621860939610225,18.438699437847884,0.0486874890936566
2020-11-05,UBER,-0.0081491501603461,-0.0023753523736927728,0.025567734788314127,0.023388586244598858,17.347081045944478,0.0163430656527748
2020-11-06,UBER,0.04271453212067776,0.07621213461350008,0.03945141438401865,0.06705263447418251,17.87025982088446,0.0275770105666132
2020-11-09,UBER,0.13159910117431775,0.08932245384892179,0.12792948406610974,0.07117460733757279,17.93669665795459,0.0294713708754129
2020-11-10,UBER,-0.026808922560647843,-0.005253564775313664,-0.026891139961393987,-0.024796401810742746,17.3144334123822,0.0158181189779464
2020-11-11,UBER,-0.0004280003733910439,-0.03798970727497608,-0.0029361844691951702,-0.01651867361179937,16.77113417626105,0.0091876188068419
2020-11-12,UBER,-0.028880561626489425,-0.0010527264089825903,-0.01890998781854608,0.0036705640192709974,16.603701984963863,0.0077712000188028
2020-11-13,UBER,0.03719350264628551,0.006718473468885385,0.019345537863115315,0.0257433439087156,16.559725589814963,0.0074368561355453
2020-11-16,UBER,0.03401477696638085,0.04700495866843372,0.0540328273366698,0.033054000247142876,17.193156126909702,0.0140115048112773
2020-11-17,UBER,-0.00041043417708761,-0.009427433678046736,0.00041246562469843853,-0.006523972167014691,16.62721788477905,0.0079561124611021
2020-11-18,UBER,0.0010257306510102833,0.006628563630872351,-0.003511274199942613,0.0044898283730331785,16.693781675303136,0.008503724896895
2020-11-19,UBER,0.006743624615376223,-0.0008011399443685416,0.006599316252935951,0.003049666139358358,16.416739992575994,0.0064460180913551
2020-11-20,UBER,0.01776391252435845,0.01669023749763963,-0.007841580840630412,-0.016992895902248957,16.667972800489288,0.008287061262021
2020-11-23,UBER,-0.026765582028289856,0.0025583221028005936,0.004959668500895415,0.03270324117810364,16.657339679386833,0.0081994107560125
2020-11-24,UBER,0.039489399796741806,0.024654270681506555,0.03988654971068804,0.02408798429712156,16.601521362202423,0.007754272425171
2020-11-25,UBER,0.012759060707777634,-0.013513733597390318,-0.01123478998599382,-0.009014348625799005,16.270095533764728,0.0055667874017878
2020-11-27,UBER,-0.00665364783552245,-0.005066303466652144,0.0055933545142904245,-0.0015760053694821121,15.93647796638818,0.0039876437518029
2020-11-30,UBER,-0.014038768852026665,-0.003620485566296626,-0.033832903632133496,-0.021120557189092077,16.661669219251063,0.0082349873934758
2020-12-01,UBER,-0.004390372608403853,0.007909015023489936,0.011065705619072422,-0.0006042658864552669,16.841068636946236,0.0098531505813237
2020-12-02,UBER,-0.014910646809380345,0.03891394864559009,-0.011065705619072426,0.06739307834880277,17.22934446141633,0.0145278442351065
2020-12-03,UBER,0.078823958238972,0.0007481001772897951,0.07136659349971206,-0.010794531319133223,16.38983132778598,0.0062748772506545
2020-12-04,UBER,-0.011131143359761864,0.025289744712843468,0.011256441734716871,0.04359043848449493,16.915958684425707,0.0106193871924962
2020-12-07,UBER,0.03504554509085226,0.00018223496951749824,0.017676324020090037,-0.019511043648370106,16.437596179447805,0.006581869202959
2020-12-08,UBER,-0.040944098142005635,-0.011916865020186261,-0.024529589349159817,-0.014792909650204349,17.08002113582891,0.0125126955039515
2020-12-09,UBER,0.029706978662790116,0.032658911418985914,0.013471466422538145,0.014607049969048023,17.660921448511242,0.0223682848063917
2020-12-10,UBER,-0.03104374373496206,-0.02530868151322352,-0.033732637286834656,0.010356992186617574,16.821574327342596,0.0096629303342416
2020-12-11,UBER,0.040080258431490774,0.007387558653001113,0.019879118070040985,-0.03215826583168337,16.63795441280753,0.0080419936988495
2020-12-14,UBER,-0.022276784283960287,-0.029228151612594115,-0.021049345589154497,-0.02248153059793596,16.762498968776907,0.0091086233698937
2020-12-15,UBER,-0.021824597758922117,-0.011574925585686142,-0.007247171947780415,-0.008979156338223892,16.677980031390977,0.0083704081425298
2020-12-16,UBER,-0.01819989506882255,-0.021913712565442167,-0.011467069448884516,-0.010050302609952787,16.78990688028153,0.009361724367331
2020-12-17,UBER,-0.011594905374424619,-0.007380128074840898,-0.002389066389674395,0.002768976963933678,16.79553515943677,0.0094145633248539
2020-12-18,UBER,0.004339281313595559,-0.006845962661598179,-0.013040564378800431,-0.00019757306198525172,17.008255978114203,0.0116461844186385
2020-12-21,UBER,-0.03627291452298075,0.027107133525894667,-0.014851245027959578,0.02304340052055517,16.97518404159533,0.0112673219204908
2020-12-22,UBER,0.06153658252324963,0.03767669234199037,0.06217864453658999,0.03751149360575495,16.988208445824874,0.0114150319112491
2020-12-23,UBER,0.031916572352831685,-0.004979271806560967,0.02039921105084447,-0.0013024412710155942,16.354834446706583,0.0060590743408804
2020-12-24,UBER,-0.0037244133778421683,-0.008633951456154572,-0.013298082471141745,-0.015573971129334193,15.658723467089237,0.0030205712839827
2020-12-28,UBER,-0.01087983011419388,-0.009273616681522977,-0.014058961002889421,-0.017358563233320037,16.30532191001134,0.0057663799888468
2020-12-29,UBER,-0.013099354120021186,-0.0026385123868265877,-0.0017470673243486618,0.005755948973543976,16.132057824587864,0.0048490383045775
2020-12-30,UBER,0.007425057974060705,0.0160991270868383,0.014466449265691756,0.016695532014367534,16.06875844218727,0.0045516099644943
2020-12-31,UBER,0.010566089972327435,-0.010641371945631077,-0.02363995392281769,-0.041292500772547105,16.401980598447043,0.0063515774206696
2021-01-04,UBER,-0.020095416673895368,-0.018182302004966105,-0.027129436498835355,0.0027413252037994384,16.66574301649155,0.0082686034904338
2021-01-05,UBER,-0.02363995392281769,0.03511766291980129,0.02241241355397424,0.054602225599710404,16.879051048245444,0.0102345952547712
2021-01-06,UBER,0.04429832387082023,-0.0022168664860475356,0.024135108801962724,-0.02873704761463317,16.691225482892627,0.0084820154971526
2021-01-07,UBER,0.001124813737305853,0.03952654333470302,0.02281469210713834,0.06723831207021627,16.982566676230114,0.011350812255183
2021-01-08,UBER,0.01902347595614106,-0.02629832882445271,-0.011722556562664523,-0.05210944466238007,17.453080954408524,0.0181705763121474
2021-01-11,UBER,-0.023907000362069684,0.003825472972394149,0.007767394053930207,0.024289715267789252,16.960257530460762,0.0111003890691676
2021-01-12,UBER,0.04401777482586557,0.07679266651828892,0.03722993705263941,0.06985957831425789,17.769216646269662,0.024926694529779
2021-01-13,UBER,0.05332727615069739,0.008216725638263322,0.04497334442418206,0.014583955153709794,17.00097440784629,0.0115616899046631
2021-01-14,UBER,0.02463426531901451,0.0025018395398438502,-0.014532305467224366,-0.042823182122977525,17.094954570115334,0.0127009552105283
2021-01-15,UBER,-0.042733513391097155,-0.03612700599622333,-0.030441038956957656,-0.02472774549024651,16.981356887382905,0.0113370884716454
2021-01-19,UBER,-0.0193192218356682,-0.018441938477799107,0.0,0.013951197150750223,16.645996716038855,0.0081069306258323
2021-01-20,UBER,0.010759440839214672,0.01982264314346523,0.008509170841218314,0.0014199830365755593,16.643078644555843,0.0080833085036457
2021-01-21,UBER,-0.007572463874143473,-0.017046847763759646,-0.002816329925489217,-0.010519846363219967,16.413150552188586,0.0064229219678406
2021-01-22,UBER,-0.023610463562544468,-0.027208911760860863,-0.023856842620364287,-0.026886260934770343,16.789533939453364,0.0093582336488703
2021-01-25,UBER,-0.013667638728663757,-0.01727474084910516,-0.08417076230394764,-0.00036833255190182743,17.52639856237935,0.0195528530045564
2021-01-26,UBER,0.0021993948209734775,0.018175709218987857,0.03716571742707068,-0.04463602765201849,17.061106246477216,0.0122782435503458
2021-01-27,UBER,-0.08897724670533871,-0.0876665524489779,-0.08883009720926804,-0.07621396873104067,17.320569362205497,0.0159154765503594
2021-01-28,UBER,0.0029972589318762763,0.032117286155988925,0.056286100783842066,0.06964396755456703,17.15180316475948,0.0134439044259418
2021-01-29,UBER,0.01012419836159708,-0.019806411494615594,-0.004923946000042544,-0.012681889063937007,16.746341631287248,0.0089626348293352
2021-02-01,UBER,0.029004424684952543,0.027015721052877556,0.03396871043381018,0.03530114914729206,16.560914409830193,0.00744570247685
2021-02-02,UBER,0.05578246720703569,0.09255672945794663,0.06666626478295683,0.06777911057397085,17.226222565012698,0.0144825605312386
2021-02-03,UBER,0.048867898158303176,0.001721802921062697,0.03314828752016731,0.011621892721993068,16.419606735316506,0.0064645236810034
2021-02-04,UBER,-0.024843793017613334,-0.004828472824641396,-0.011165398321776356,0.012699127931380819,16.443189180654226,0.0066187847461333
2021-02-05,UBER,0.02984252649069115,0.014722579604657655,0.022207439355120952,0.012539945393708896,16.571029479084483,0.0075213984675818
2021-02-08,UBER,0.02613420257643586,0.023600220337110362,0.022747831175410158,0.012047300503867764,16.728062343657363,0.0088002925118783
2021-02-09,UBER,-0.013321180234702263,0.015680782592595782,-0.0011934141094370183,0.005382682310125352,16.972966237170837,0.0112423608925931
2021-02-10,UBER,0.05112353210168219,0.03918289610106904,0.036513859362032365,0.05816444473328318,17.425695796863224,0.017679723914888
2021-02-11,UBER,0.01996074256253815,0.008624170090588091,-0.00668344878703712,-0.039879386142194204,17.537907013990775,0.019779175887774
2021-02-12,UBER,-0.050752580489243845,-0.04993840672020184,-0.018044125676179655,-0.0013185763614223063,16.49706625905159,0.0069851667303322
2021-02-16,UBER,0.014859139672000598,0.006217314904699848,0.008812134255594881,-0.0018159412165854234,16.55072842001727,0.0073702455764238
2021-02-17,UBER,-0.011372163987067007,-0.005889115728987281,-0.014984696290628208,0.0047803752313306845,16.354747631223916,0.0060585483422082
2021-02-18,UBER,-0.005484960581218738,-0.010887600758037783,-0.012288961937799362,-0.03021682780960759,16.532560208932683,0.0072375504568529
2021-02-19,UBER,-0.02771382810912716,0.0027661129650743757,-0.0020113048620051823,-0.010392812063288497,17.151173402629706,0.0134354406291259
2021-02-22,UBER,-0.01033426858773137,-0.03976674305689242,-0.058407216466902764,-0.05419088300686214,17.05675047188075,0.0122248785941508
2021-02-23,UBER,-0.07661481162328136,-0.030228554449697825,-0.05485607504158154,0.012397941899580484,16.991374533997195,0.0114512301835068
2021-02-24,UBER,0.026742040831917967,-0.02188030977788487,0.033541760536635996,-0.03803570410199093,17.019354000604352,0.0117761539087263
2021-02-25,UBER,-0.006756145905598122,-0.0100229185629476,-0.05359107015927811,-0.04670550952434468,17.113164327954017,0.0129343551667897
2021-02-26,UBER,-0.047078587514348305,-0.03447008244818282,-0.004927574708707022,0.005813955036664801,16.609726283979644,0.0078181573548095
2021-03-01,UBER,0.030265190757892226,0.03739619741274232,0.05178711957185074,0.04993974976566266,16.732259200325196,0.0088373036911748
2021-03-02,UBER,0.03424934629093664,0.015582859833102534,0.016541603755222747,0.004585060632337449,16.536773156330256,0.0072681061979001
2021-03-03,UBER,0.006997415927123472,0.03844593287666635,0.008471321930518166,0.026364818097169927,17.16490226838224,0.013621165978464
2021-03-04,UBER,-0.003223503949656473,-0.011134412086507775,-0.057233778556616204,-0.05570226955128365,17.126403911441898,0.013106739277079
2021-03-05,UBER,-0.02672159786256366,-0.02354295827294356,-0.015622251353255089,0.0454917072733962,17.26791426189868,0.0150991266111473
2021-03-08,UBER,0.022227208274724238,0.011043911991748636,0.04012106090426279,-0.04304508767419535,16.8068381953349,0.0095215801456105
2021-03-09,UBER,0.008968669982760316,-0.005328595751485422,0.034015022084595524,0.0378099297092965,16.660007124028017,0.0082213114279994
2021-03-10,UBER,0.02137700154236298,0.047814408204304805,0.02793224595785007,0.043042157869673685,17.14760795526024,0.0133876225680193
2021-03-11,UBER,0.027413149651908185,0.009798997332056428,0.034067417704236325,0.021779141657989082,16.66585867155531,0.0082695598516559
2021-03-12,UBER,0.0028870187834012357,0.018489751579405064,-0.010359248165400693,0.023471282334189023,16.51278969216828,0.007095865541794
2021-03-15,UBER,0.023132061546892284,-0.000990775738580487,0.02569954745389285,-0.002654719515967995,16.522560325466298,0.0071655364568264
2021-03-16,UBER,-0.005983012615602765,0.008062597053701593,-0.012595874851165739,-0.022514394965734326,16.37162880493488,0.0061616919000152
2021-03-17,UBER,-0.04989933044288854,-0.05820009340361976,-0.04986988535911758,-0.04323210991801549,17.05457720927942,0.0121983395702366
2021-03-18,UBER,-0.007739680214212423,-0.0015645401398198756,-0.005959418649444161,-0.011959124917981479,16.57152524912751,0.0075251282763481
2021-03-19,UBER,-0.020516311791346803,-0.005232861015673935,-0.01588347290709375,0.02465325174536418,16.67176815537821,0.0083185733642902
2021-03-22,UBER,0.03140505523868572,0.007491982107560949,0.02058174926746613,-0.02465325174536417,16.465182849002012,0.0067659687382195
2021-03-23,UBER,-0.028704999146801583,-0.03497353105128624,-0.04347711014716612,-0.04030582101977997,16.490589877631148,0.0069400742987087
2021-03-24,UBER,-0.021256172852939282,-0.012117012031520272,-0.010790444243789946,-0.017349142896009858,16.4329648562425,0.0065514569160952
2021-03-25,UBER,-0.04622275185318081,-0.012449818778362588,-0.014184667145856896,0.02479931159330244,16.396537740949764,0.0063171005986117
2021-03-26,UBER,0.045304239111997636,0.017712527920197795,0.03266528983622942,0.015101570722020584,16.42028702752232,0.0064689229426252
2021-03-29,UBER,0.007142222338291992,-0.008178160366145274,-0.012597740928740638,-0.0251725421950777,16.090189984534483,0.0046502108064962
2021-03-30,UBER,-0.03358693185188549,-0.012486396465183756,-0.003981408022128035,0.0020597444388379136,16.06650768157941,0.0045413768994175
2021-03-31,UBER,0.01813976619294551,0.019396790753157384,0.01769962286844444,0.019450446698974857,16.507465319649977,0.007058184909642
2021-04-01,UBER,0.030120037802267685,0.04344270966289837,0.022696785822825857,0.05513840092660892,16.744215936945924,0.0089436032410148
2021-04-05,UBER,0.04380258541984445,0.013614981634063305,0.0328427544959758,-0.003478211302115212,16.41747412799881,0.0064507520794047
2021-04-06,UBER,-0.013167174478558079,0.009709700851743658,0.009138911782696232,0.011260365092325284,16.424049841839587,0.0064933101537896
2021-04-07,UBER,0.011789323466683349,-0.014686066380541369,-0.02139590199815136,-0.020185126967172472,16.37443418171817,0.0061790020381358
2021-04-08,UBER,-0.02389577217380257,-0.0032739314486011145,0.010489920063976116,0.016388135798909763,16.066644554647016,0.0045419985342119
2021-04-09,UBER,0.011757583226687558,-0.001036048422009914,-0.0024791828994008094,-0.002597205565303388,16.140688597376997,0.0048910703802902
2021-04-12,UBER,0.02973493208724379,0.048724333462745004,0.040821967465665014,0.030056879038148302,17.400176088832,0.0172342508576188
2021-04-13,UBER,0.010109644401316254,0.003941503972433177,-0.0037517305771635626,0.01998735396326786,16.86032347730335,0.0100447097341168
2021-04-14,UBER,0.007682053080521438,0.00799941716005056,0.011044229681697357,-0.023526568708656045,16.757831558955477,0.0090662087496922
2021-04-15,UBER,-0.0038336498159579195,-0.006688985653040962,0.006232630860761292,0.02517432469093843,16.677722924542067,0.00836825632978
2021-04-16,UBER,0.014259909862210964,-0.003936394801966204,-0.00016791202525621833,-0.00644156499152017,16.28835314537511,0.0056693571428615
2021-04-19,UBER,-0.012257925029133514,-0.010407251033151333,-0.03451564959317672,-0.04230749499650083,16.646185447575352,0.0081084608037877
2021-04-20,UBER,-0.03390155167568134,-0.03549472299998859,-0.0403729935464922,-0.04183084006754974,16.764208926722095,0.0091242120578145
2021-04-21,UBER,-0.05310982531394841,-0.03359304984924464,-0.011542700484022927,0.0052135114138618585,16.25993378438256,0.0055105055438653
2021-04-22,UBER,0.01533631296171948,0.017969271521440514,0.010564725227825884,0.009103111946841947,16.644963959936142,0.0080985624651387
2021-04-23,UBER,0.012632547674378046,0.012694540954717778,0.02151007442689402,0.028896179820174825,15.98556958139861,0.0041882883362062
2021-04-26,UBER,0.026002649132533567,0.007050151161734813,0.016532251863812842,-0.005539216037708483,15.93916047390276,0.0039983549974908
2021-04-27,UBER,0.0046403874665198125,0.0006851818492709002,-0.0048960159242353776,-0.007841823946654265,16.37481331101129,0.00618134512313
2021-04-28,UBER,-0.025001278194239335,0.0013688916515824606,-0.006859571225586488,0.02214621299115709,16.042261682437164,0.0044325908103999
2021-04-29,UBER,0.03659363963233687,0.012574535672639461,-0.06470324578280305,-0.06194091047308604,17.586154336918078,0.0207568639651599
2021-04-30,UBER,-0.08301323101628016,-0.06217723814570528,0.018653777007949925,-0.002917045756693366,16.63310855581387,0.0080031176151699
2021-05-03,UBER,0.014988394437965822,0.008588342842657809,0.013400834542060152,0.0014595517485583701,16.44763685192092,0.0066482884898361
2021-05-04,UBER,-0.010944992102821129,-0.025441152360953023,-0.05298388196355416,-0.03449891072228408,16.777510282802158,0.0092463872039419
2021-05-05,UBER,-0.01199389835978684,-0.011949797872639377,-0.026891668434672607,-0.03475441148539506,17.599029535224442,0.0210258405588846
2021-05-06,UBER,-0.10728054867274568,-0.08206370309404638,-0.10200844145215351,-0.09267587669199721,18.188022079688935,0.0378921792543491
2021-05-07,UBER,-0.024475610683284722,-0.02459229514601804,0.017668848732528802,0.008112709998677888,17.145351598773413,0.013357449371461
2021-05-10,UBER,0.01032344282982619,-0.015552413499595836,-0.02029703130059893,-0.026719923338067664,17.158718627745113,0.0135371974631608
2021-05-11,UBER,-0.06965181116639846,-0.022401561565310552,-0.03159023469692005,0.009130458406804653,17.186485851792956,0.0139183552282416
2021-05-12,UBER,0.030975961137853444,-0.014748130382471953,-0.023171681208757674,-0.05333407189752798,17.284908528451457,0.0153579179578563
2021-05-13,UBER,-0.02002487014941508,-0.00010847715910709942,0.008993562438777629,0.015177506478551322,17.404710578471104,0.0173125768417114
2021-05-14,UBER,0.0008886270441834296,0.03432808343531647,0.029184224891795205,0.0640044023728282,17.047235517990682,0.0121091110682117
2021-05-17,UBER,0.04791211965497113,0.004809200021607672,0.03634375266472771,0.0018961378464183705,16.676299070542388,0.0083563496325644
2021-05-18,UBER,0.05016006539507217,0.047856068028630544,0.042411853352579576,0.03434346431445794,17.156405801223297,0.013505924451197
2021-05-19,UBER,-0.04404002731173423,-0.009189019349488549,-0.024090066112972965,0.006082805730659389,16.619931043428025,0.0078983482432853
2021-05-20,UBER,0.04202474093289583,0.0024052713292828567,0.028921175802730834,-0.002833997551113461,16.750552948197345,0.0090004589156706
2021-05-21,UBER,0.0,0.0,0.0,-0.0103923936503538,16.81190266378107,0.0095699242053893
2021-05-24,UBER,-0.004853353511893672,0.008968684984072004,0.001844077062741671,0.024482742386916913,16.635006780416195,0.0080183237586018
2021-05-25,UBER,0.028182134886763188,0.02333665286156377,0.032030136617703917,0.008558123968595354,16.644650971830856,0.0080960281079
2021-05-26,UBER,-0.00831198092340727,-0.0044681869487636135,-0.013573069170811282,0.012994864105720079,16.612407733648897,0.0078391494836353
2021-05-27,UBER,0.022013446904931653,0.006404641374621845,-0.021121766242553387,-0.008052677422256228,17.754097613993686,0.0245526616558031
2021-05-28,UBER,-0.014983375949890887,0.0009668965581724076,0.03528947608175404,0.002363655729170568,16.4706381380469,0.006802979917516
2021-06-01,UBER,0.018476496316055687,-0.0015474244842929657,-0.01256124699812569,0.0029466224867692524,16.62393693350815,0.007930051617799
2021-06-02,UBER,-0.008364999956418493,-0.004851081614644588,0.01414505283295929,-0.0037338871297961725,16.417029261780904,0.0064478829957383
2021-06-03,UBER,-0.01495793150205467,-0.01785936681804058,-0.04078079211016469,-0.04202045708424176,16.50423528591416,0.0070354235125553
2021-06-04,UBER,-0.01740215766950019,-0.005559958244764257,0.011065705619072422,0.0299375012652462,16.158258324174046,0.0049777645250765
2021-06-07,UBER,0.01859124564376631,0.01971672656737744,0.013762619721982283,0.011492062759566645,16.616820413737948,0.0078738175779376
2021-06-08,UBER,0.004150595530879812,0.003508097543551895,-0.022153129385022372,-0.017488467553931554,16.794742496647505,0.0094071037073212
2021-06-09,UBER,-0.013902920217106792,-0.024221000148321983,0.009205358259828001,-0.014946787553166726,16.350413073342963,0.0060323440447218
2021-06-10,UBER,-0.006219327451088182,-0.005496395488341234,-0.014046498941421773,0.00830889070626529,16.518648781700403,0.007137562891079
2021-06-11,UBER,0.0068191231236328425,0.009276414785099546,0.022663293806602435,0.009240706489556745,16.310953258127377,0.0057989440884604
2021-06-14,UBER,0.0005995123358380404,0.02219042536005213,0.0005045971260188074,0.015082686107535144,16.552297281581126,0.0073818175472116
2021-06-15,UBER,-0.010240068057897126,-0.030265009816903787,-0.009528733292316155,-0.029381572402524474,16.829014034122675,0.0097350877884515
2021-06-16,UBER,-0.004044510418673633,-0.0059228598316949654,-0.016430832333897413,-0.008351201466824965,16.75867509379374,0.0090738596394692
2021-06-17,UBER,-0.007934115455383849,0.003517753040878831,0.0004140881485625697,0.01643208434710322,16.755275525674517,0.0090430648081166
2021-06-18,UBER,0.007123308581612792,0.011075200531705784,0.00957931080025589,0.0,16.84242657496339,0.0098665396384336
2021-06-21,UBER,0.008280363107874411,-0.010573640243234692,-0.01810238152083285,-0.03230707954390797,17.241472126891047,0.0147051057876288
2021-06-22,UBER,-0.028975746331382272,-0.010483976142928182,-0.003136469345639319,0.01914230154748131,16.784513823130712,0.0093113719489858
2021-06-23,UBER,0.015612521959735053,0.028570523781933078,0.026045257747281034,0.029331132792523886,16.803377027029597,0.0094886813195691
2021-06-24,UBER,0.0446466704821955,0.015246557687255857,0.024389053362529448,0.006118668637410331,16.333473204825175,0.0059310175732369
2021-06-25,UBER,-0.0023419006101731716,0.005416971866720849,0.006153817109279312,0.017747903279344057,17.063082716167234,0.0123025351253879
2021-06-28,UBER,0.01107559545104194,0.010173785168827611,-0.0032706724251295987,-0.012057690444220198,16.929825591754128,0.0107676709999878
2021-06-29,UBER,-0.014598799421152636,-0.02045221539391843,-0.0024849671517840452,-0.006871574942644187,16.46198325423453,0.0067443549745993
2021-06-30,UBER,0.0003920889615792233,-0.003319307322515554,-0.010605453879702053,-0.012688501062755169,16.709730513153453,0.0086404367335988
2021-07-01,UBER,-0.0027477816612076814,0.009150212934125641,0.006216832911872268,0.009333822603302393,16.69063336150691,0.0084769946007364
2021-07-02,UBER,-0.006111430967525577,0.004351030127079335,0.007369795978867571,0.021897237383083513,16.43220548828926,0.0065464838377401
2021-07-06,UBER,0.0005930370805378352,0.003947778797388325,0.0001984747727443446,-0.017754829137152386,16.876927617318408,0.0102128858550288
2021-07-07,UBER,0.003944793428233377,-0.01940678068609146,-0.03760298619294568,-0.04262806517759884,17.016609343447236,0.0117438767174793
2021-07-08,UBER,-0.07435026713230906,-0.05684722172746847,-0.04143166871852127,-0.023486501441938618,17.03159051804245,0.0119211382700016
2021-07-09,UBER,0.014316040398288495,0.021342918190970554,0.024184449897362438,0.03146607093621389,16.54994306527145,0.0073644595910299
2021-07-12,UBER,0.021301576593884694,0.0008118716734903893,0.007933258123943224,-0.013541443083007507,16.46468093503805,0.0067625736558809
2021-07-13,UBER,-0.007806063693846922,-0.014303487733461899,-0.007095191535797087,-0.0068400724891602305,16.238860990677363,0.0053955987430261
2021-07-14,UBER,-0.0043402547864557234,0.0,-0.013493761258908358,-0.019532286868760653,16.577859595617134,0.0075729463374547
2021-07-15,UBER,-0.029852924840853584,-0.023530519841013512,-0.020588311655505356,-0.015603680040783873,16.66188984931219,0.0082368044797979
2021-07-16,UBER,-0.009864953987120511,-0.007826564221303683,-0.0030382663254270924,-0.004967066689742706,16.718277455511593,0.0087146025463752
2021-07-19,UBER,-0.030637002347210552,-0.028934415671714894,-0.03483124959084517,-0.013733125989711588,16.8548099028652,0.0099894798735387
2021-07-20,UBER,0.010170308514892234,0.019761011498981806,0.014189351835352363,0.01654365795486339,16.44389694071643,0.0066234709161218
2021-07-21,UBER,0.0232644413365905,0.027062937037124455,0.028004429159661552,0.025576858011147133,16.52046938569184,0.0071505694037
2021-07-22,UBER,0.02483417426703062,0.004786182269582359,0.019019767768720258,0.0010516193414275396,16.263130709465457,0.0055281504084136
2021-07-23,UBER,-0.0018885778625873453,-0.010014679115855709,-0.00978529179830628,-0.0023150723117781337,16.071077520808796,0.0045621777559989
2021-07-26,UBER,-0.012044512973133402,-0.0018889743328333077,-0.008803059692729862,-0.01379034706757765,16.341079269483963,0.0059763012771048
2021-07-27,UBER,-0.010686145507128882,-0.01994546585801793,-0.03522610491720278,-0.021376214284503942,16.64129644545376,0.0080689152672526
2021-07-28,UBER,-0.014282862004185453,0.006472820955678746,0.023075867425076512,0.0069595691523239075,16.786453140465934,0.0093294471760841
2021-07-29,UBER,-0.03911614536581752,-0.03804180322279105,-0.040312803958363716,-0.031930507301264295,17.74799677637539,0.0244033258509671
2021-07-30,UBER,0.0058757713959575,-0.010673873845136959,-0.015113634289330801,-0.027908778453784124,16.915373135776257,0.0106131708445523
2021-08-02,UBER,-0.0063291937195673244,-0.00988546860452281,0.00241976363782226,0.0006901114415554011,17.09566588663747,0.0127099928240774
2021-08-03,UBER,-0.012320418261187967,-0.013868600183029609,-0.0429149679647734,-0.016226613379312096,17.44310488623951,0.0179902065856533
2021-08-04,UBER,-0.019940391489169748,-0.01988506238868277,-0.006024840647253452,-0.02316887361008277,17.57599183395913,0.0205469904949629
2021-08-05,UBER,-0.052896963989519694,0.04184906546213523,-0.029933476257499828,0.029691113765975427,17.924275659275654,0.0291075710665138
2021-08-06,UBER,0.07696107950985408,0.006362690175331943,0.0835808388455188,0.027706388292171986,17.054773192402134,0.012200730473292
2021-08-09,UBER,0.010235434443337004,-0.014909774587741334,-0.010131388486761227,-0.023535846894726306,16.772418891640058,0.0091994298679352
2021-08-10,UBER,-0.011150368505571395,-0.0006778619302120874,0.0009253046219046855,0.005763704716750134,17.09924489026897,0.012755563436312
2021-08-11,UBER,-0.006658293763651007,-0.016868457059467334,-0.029327615094520063,-0.009702043302860747,16.895864317492013,0.0104081269985271
2021-08-12,UBER,-0.012750821510444111,-0.012375103778005783,0.004276564002342822,-0.00815765584877811,16.621842338070255,0.007913458750595
2021-08-13,UBER,-0.0014009195239551447,0.0015116841652227787,0.00047405683538881047,-0.012007167609913792,15.967133332899408,0.0041117794384357
2021-08-16,UBER,-0.0245991813808507,-0.029240420114222444,-0.032268634793994055,-0.01720064409643304,16.771644098924636,0.0091923049768303
2021-08-17,UBER,-0.018366836676904256,-0.007445726042074736,-0.006876224807341509,-0.01212136053234485,16.829298885423135,0.0097378612359957
2021-08-18,UBER,-0.000731945350480307,0.00120465592381871,0.0054066831908550295,-0.002931094680795666,16.431613657768736,0.0065426105747905
2021-08-19,UBER,-0.016985083808906218,-0.02264799922491512,-0.032128300769396316,-0.025267641926481225,16.92775399201758,0.0107453877835121
2021-08-20,UBER,-0.014755805350376674,-0.012890526562856252,-0.00685708446967853,0.002255361212610518,16.71035568430058,0.0086458401745039
2021-08-23,UBER,-0.017537586064898084,0.02464392717164986,-0.010246030119793019,0.025943375394666256,17.3389639491954,0.0162109443499372
2021-08-24,UBER,0.05244643824653428,0.003159493501325228,0.028678555911963503,-0.020451663915758922,17.619342400786525,0.0214573029242496
2021-08-25,UBER,-0.016188724182640092,0.02160433353347477,0.0017497740486227225,0.033777100150947925,17.092594949513302,0.0126710211042755
2021-08-26,UBER,0.02563311460596631,-0.004045263938464642,0.01241018629482488,-0.02263697308256203,16.67619033975165,0.0083554410894034
2021-08-27,UBER,-0.023410064277797845,-0.015135358077368852,-0.0009871894946692156,0.0017217984065767645,16.426499119685243,0.0065092335681381
2021-08-30,UBER,0.0012329689980555352,-0.013894182654083308,-0.0349237697390478,-0.02740576329126938,17.200453244967186,0.0141141223704121
2021-08-31,UBER,-0.019157208011407138,-0.011479485048598142,0.00038344448687158887,-0.011431618598373368,17.088723079369977,0.0126220554097023
2021-09-01,UBER,0.0042611461140799126,0.033930502858164645,0.018862485742997717,0.03711558348306598,17.14013645860191,0.0132879697286731
2021-09-02,UBER,0.019076522064434463,0.004669261790931286,0.016590971829510855,0.019020387831311908,16.84300314070294,0.0098722299877053
2021-09-03,UBER,0.011467765389781621,-0.006831688168726185,-0.00760213184979363,-0.026433301493977105,16.552789474472902,0.0073854517198557
2021-09-07,UBER,-0.017868533578724182,-0.011977613796654686,0.0019866366142880162,0.015504212735808955,16.56971895470696,0.0075115479469939
2021-09-08,UBER,0.008851712454865098,0.006309128311413986,-0.01197916803202145,-0.02172391189809162,16.601749503057082,0.007756041693432
2021-09-09,UBER,-0.018530487692114614,-0.009478729014591025,0.00025099338111580897,0.006963439867888178,16.47299008072204,0.0068189989679867
2021-09-10,UBER,0.012884233596255129,-0.002934678752778405,0.0006273515118132942,-0.011465706283426228,16.470905203889565,0.0068047970038381
2021-09-13,UBER,-0.008902151335970577,0.008778324930290154,-0.015292641962506836,0.004502266415538084,17.178272019775644,0.0138045004247467
2021-09-14,UBER,-0.0089820163825679,-0.026819178846910503,-0.01825006587728959,-0.02680993654000027,17.418758618836495,0.0175575009506995
2021-09-15,UBER,-0.022814716008749677,-0.02781465013103315,-0.012266822210848924,-0.013679366590626131,17.22892635649283,0.014521771341346
2021-09-16,UBER,-0.018111769863136472,0.017033542239427518,0.00026252648891282403,0.026668270561395594,17.0492356250931,0.0121333548251927
2021-09-17,UBER,0.04092648587188625,0.013893466575775852,0.03101827237566288,0.005802956637585042,17.286389493916932,0.015380679354943
2021-09-20,UBER,-0.02589635507405851,-0.00012424024969472333,-0.014355575164854141,0.001005806347476873,17.382719457929184,0.0169360096104968
2021-09-21,UBER,0.08525226224625239,0.11229807507516469,0.08533170057840656,0.1087225287934007,18.48489140822575,0.0509892114650235
2021-09-22,UBER,0.0587055594215582,0.03536712092619636,0.05601188053640715,0.011431219942010129,17.848956207630675,0.0269957342158012
2021-09-23,UBER,0.009972314182273411,-0.016872534961325784,0.0022391069467557452,0.013503262633942447,17.082521132264585,0.0125440163339763
2021-09-24,UBER,0.0024226553707905984,0.025947475802192574,0.012911175570567772,0.02497147490923957,17.198486295916826,0.0140863878949702
2021-09-27,UBER,0.02840918324013172,0.008150394786342755,0.01965494937172267,0.013208520213341237,16.95251671728727,0.0110147947397868
2021-09-28,UBER,-0.0014978005134591772,-0.009107344613667091,-0.009352984319403887,-0.027246144560429064,16.981318926075513,0.0113366581090954
2021-09-29,UBER,-0.015102784522789731,-0.010050362088256118,-0.032425650562780094,-0.0322679726897758,17.01823671614401,0.011763003941922
2021-09-30,UBER,-0.028444226720221046,-0.025356320001053118,-0.009981902923333966,0.006269585701493845,16.627956869835376,0.0079619940826182
2021-10-01,UBER,0.026594711236224644,0.04071173431900231,0.043062989757403046,0.04900272742484383,17.051373324313037,0.0121593200323736
2021-10-04,UBER,0.012015088360415704,-0.008928591644266095,-0.012968642945672628,-0.028674984189731727,16.887657473405508,0.0103230586678185
2021-10-05,UBER,-0.012124014428014362,-0.016145006171420808,0.0032028401025007125,-0.0024088615205759105,16.335937251740155,0.0059456498999355
2021-10-06,UBER,-0.012713849590860405,0.023591024323793418,-0.0076374540495576775,0.03023330522599874,17.029120582811128,0.011891730162421
2021-10-07,UBER,0.04970362632871421,0.022176990231825983,0.0411419303145072,0.018963938378569085,17.07212911970131,0.0124143337522552
2021-10-08,UBER,0.009193596635097941,0.013221266035439919,0.015133368036953981,-0.002926410725614158,16.70479288931745,0.008597878659214
2021-10-11,UBER,-0.007934914421618354,-0.02087935562353825,-0.02822791217277722,-0.031471862163271046,16.608930850995485,0.0078119410068656
2021-10-12,UBER,-0.02914167493826778,-0.017278131275701363,-0.002704604954795485,0.009246389826775413,16.333545763521364,0.0059314479357868
2021-10-13,UBER,-0.0015121184306018816,-0.0010632481058260926,-0.004669103626400102,-0.006657414682773849,16.43686940359178,0.0065770873968484
2021-10-14,UBER,0.015444348967004282,0.019802598650142143,0.019401374619349265,0.018572397313987736,16.73403781462247,0.0088530358332789
2021-10-15,UBER,0.019602278223176912,0.018599452006543327,0.010618065321914342,0.02258569108834342,16.839912938015825,0.0098417698827804
2021-10-18,UBER,-0.004812218552551687,-0.018390835126150952,-0.012541351574375689,-0.027037189437986536,16.801530872752213,0.0094711799092041
2021-10-19,UBER,-0.010118120402112067,-0.0054371137266656655,-0.00021389071327024278,-0.0004249991137206682,16.618883120614793,0.0078900757187138
2021-10-20,UBER,-0.0010598673137900796,-0.0031502223238372264,-0.01748186003935666,-0.022569453326789713,16.560914409830193,0.00744570247685
2021-10-21,UBER,-0.025345005069212157,0.0,-0.008966705107674033,0.010165572876419247,16.57177939486532,0.0075270409987924
2021-10-22,UBER,0.0006523601166163149,-0.022119168596779672,-0.006391226505440848,-0.02087492421823868,16.773499478530844,0.0092093760246454
2021-10-25,UBER,-0.007199809385349697,-0.00929034026966087,-0.004720415124004512,0.00460382047887737,16.377031043557878,0.0061950689066676
2021-10-26,UBER,0.013268288845258462,0.03455973119027762,0.018553132493826473,0.006540228928126132,16.785504473576776,0.0093206008347794
2021-10-27,UBER,0.004097093416510696,-0.024194716180528292,-0.03766064981197769,-0.028431687343452045,17.111340053571073,0.0129107808626641
2021-10-28,UBER,-0.03214447959519451,-0.024750627583757106,0.004923859245804969,-0.00246224214447844,16.508027473148804,0.0070621538087139
2021-10-29,UBER,-0.011398007225537127,-0.013568237358601222,-0.018487667047516827,-0.018091837863331756,16.721493218069604,0.0087426717482448
2021-11-01,UBER,-0.00948521061568357,0.005009802560570971,0.0018344841176579044,0.012247849038201683,16.85926608263743,0.0100340941245512
2021-11-02,UBER,0.006107935700380874,-0.0151052506014109,-0.030683608802607554,-0.03369949194305581,17.147807956682346,0.0133903003794412
2021-11-03,UBER,0.022081897717159446,0.04216494616976263,0.0546774613287368,0.06389718132799029,17.466158435567944,0.0184097622538027
2021-11-04,UBER,0.004621975392760371,0.005819619101839072,0.006243110391759044,-0.00989129406643094,17.278210638565387,0.0152553960348437
2021-11-05,UBER,0.04213863030119578,0.04640284301240917,0.035374843318879405,0.041537405077259296,17.63632797023506,0.0218248803599762
2021-11-08,UBER,-0.008881389756109795,-0.022722380226259328,-0.01709445311448128,-0.027934761530556747,17.04464957563033,0.0120778380562479
2021-11-09,UBER,-0.025165366346985848,-0.03557119302862965,-0.04783033194175657,-0.008315169959149174,17.329706242982372,0.0160615607270401
2021-11-10,UBER,-0.022245126205351823,-0.016003839233387513,-0.025036120966704288,-0.04793351512625073,17.33337037727696,0.0161205203963846
2021-11-11,UBER,-0.03582341364404383,-0.03439697891666626,-0.0037629360692008375,-0.0023079236875846944,17.122682970251923,0.0130580604908725
2021-11-12,UBER,0.005754418036982645,0.031741546277161914,0.026277551737717276,0.041634977183596246,17.210173335530957,0.0142519818405825
2021-11-15,UBER,0.03473513182551178,0.0028763656139665196,-0.0002295035339038756,-0.03403908766668242,16.795621501402508,0.0094153762318927
2021-11-16,UBER,0.00948711578880132,0.030463660202679,0.029429492186750488,0.048123814541406296,17.648916693728573,0.0221013643892946
2021-11-17,UBER,-0.003960407864180931,-0.022102751702373222,-0.021654466938746692,-0.03672378243787827,17.035841363834074,0.0119719210508968
2021-11-18,UBER,-0.018467580954658176,-0.006925738147147403,-0.007430745924451525,0.01997596181643761,17.14198083738969,0.0133125003940208
2021-11-19,UBER,-0.013565626986007431,-0.01343791733013074,-0.0017226708200966743,-0.017259208239703918,16.88195759968987,0.0102643859068406
2021-11-22,UBER,0.0006826437744944428,-0.007181352338604389,-0.039744981192634456,-0.037549064074045596,17.26089071239956,0.0149934486961017
2021-11-23,UBER,-0.03660353066560962,-0.028788876991968883,-0.004915826314568642,0.0018762161273052258,16.711389401765786,0.0086547821519308
2021-11-24,UBER,-0.009006959760069789,-0.018010087383617843,-0.00869143073870619,-0.014157821640764984,16.655652841380693,0.0081855913363527
2021-11-26,UBER,-0.05858799124051611,-0.04218000957229912,-0.06176193635872949,-0.037776921265400075,17.383735385473248,0.0169532241124952
2021-11-29,UBER,0.0359528179938923,0.015390582923755348,0.00025785484685943687,-0.020444483766947352,17.137823485917718,0.0132572705334426
2021-11-30,UBER,-0.045083000808326994,-0.03202242147104844,-0.046041210991706265,-0.04376504718437726,17.827713702037638,0.0264283251027101
2021-12-01,UBER,0.0050826224028688105,-0.011328019402565368,-0.0339155352496564,-0.05351180726997863,17.672367537546336,0.0226257850654509
2021-12-02,UBER,-0.07635290130935532,-0.028373417202088025,0.017993607290294037,0.056664698309781894,17.289555625095264,0.0154294537772718
2021-12-03,UBER,0.023524106591497257,-0.014560506488861107,-0.033192350018642465,-0.06139552628343096,17.673978787466265,0.0226622702460752
2021-12-06,UBER,-0.04007616652413467,0.022214385001566018,0.005091957619984885,0.07105498642076273,17.417993019043372,0.0175440640755286
2021-12-07,UBER,0.0916367496424851,0.038783281477461996,0.06340920983924439,-0.010709252895938009,17.515411575887114,0.019339201907532
2021-12-08,UBER,-0.028315978765268493,-0.020344827360049177,0.006598942016220794,0.01898872275820998,17.206273725387245,0.0141965128896988
2021-12-09,UBER,0.0036486721100082785,-0.018179967585172235,-0.0141752355711868,-0.033270925219381804,16.950778704863485,0.0109956675153441
2021-12-10,UBER,-0.027160504095262952,-0.021680406041016294,-0.02335255946754957,-0.023448123396493423,17.06435678967361,0.0123182194494309
2021-12-13,UBER,-0.0334315558791758,-0.04212114802739056,-0.04840781414051361,-0.025968272926345026,17.463430013244132,0.0183596011077019
2021-12-14,UBER,-0.026040959143801744,0.05732065011250441,0.009416477501699926,0.041929660902450594,17.633040471680683,0.0217532489044384
2021-12-15,UBER,0.046016983649576626,-0.0019525098866700354,0.028833420325038377,0.0151821669210992,17.442849685194332,0.0179856160517871
2021-12-16,UBER,0.035661047364690494,0.005250029347146081,0.02412706963277727,-0.0034423723560368276,17.26481218606839,0.015052360547385
2021-12-17,UBER,-0.02783477848431908,0.03622321885942888,-0.01042447165088792,0.0511871754165082,17.748278903058374,0.0244102116517665
2021-12-20,UBER,0.033049934005805574,0.003718036042250879,0.03582313253560696,0.000503916803169061,17.153189378153108,0.0134625534697733
2021-12-21,UBER,0.035010575178136924,0.046975121786923285,0.04468003296458543,0.05560389951987134,17.161378475766753,0.0135732522812352
2021-12-22,UBER,0.05210916012792288,0.026962076147402137,0.04011860901539502,0.024710028049667206,17.136065365958146,0.0132339831376837
2021-12-23,UBER,0.02541906738176431,0.02557798625968833,0.03111514691608124,0.02047694661830988,16.895740263694957,0.0104068359108772
2021-12-27,UBER,0.009483125530310662,-0.002483279196095228,0.001402229130947316,-0.021872652209160334,17.15784222211382,0.0135253385840063
2021-12-28,UBER,-0.01952642655559584,-0.011366341531758117,-0.012218208018753344,-0.009824597595795998,16.88267942800888,0.0102717977063122
2021-12-29,UBER,0.0028130057698800533,-0.018692164277194848,-0.011531974024416662,-0.0018823965806589978,16.58237046432955,0.0076071840692071
2021-12-30,UBER,-0.010116550093262984,0.00950511028377772,0.00916514512967818,0.004699274753370754,16.419406996470684,0.0064632325933535
2021-12-31,UBER,0.005659007430188565,-0.005089097798950408,-0.0064186706602083,-0.017260141005475255,16.436323974856375,0.0065735010422654
2022-01-03,UBER,-0.0011763144056733937,0.029365146390269426,-0.0009544480722887159,0.047051073029553574,17.077024365847038,0.012475253962105
2022-01-04,UBER,0.040369915372913366,0.008856074170791544,0.016337582079423096,0.010637135754432887,17.24449497904803,0.014749624402519
2022-01-05,UBER,0.0013556570756885571,0.02425702791900731,0.0065543018179920675,-0.026923745656415483,17.165369065252758,0.0136275257805912
2022-01-06,UBER,-0.027003935689256846,-0.040458943926036744,-0.045098882932190526,-0.028382411615052377,17.294727093603175,0.0155094533935031
2022-01-07,UBER,-0.02608538463367913,-0.0329788966695617,0.00559815351960085,-0.012449298343703398,17.029406041495516,0.0118951252447596
2022-01-10,UBER,-0.012458245957810149,0.003744442521148265,-0.025566803289453894,0.02591989582686336,17.20947521307267,0.0142420356838723
2022-01-11,UBER,0.020993162816324535,0.03127403191812313,0.04931172200211776,0.023661518830089042,16.913844590303302,0.0105969605218372
2022-01-12,UBER,0.0377578383743894,-0.0015860363013500266,0.008144069254406439,-0.01338579916158446,16.759628485599187,0.0090825147085295
2022-01-13,UBER,-0.014886373887341696,-0.0040899923417769745,0.004456930447196058,-0.003957681430403667,16.65984425285079,0.0082199725222884
2022-01-14,UBER,-0.021927601403308867,-0.027702532284143426,-0.05706890185477801,-0.0322379340649642,17.066574773218328,0.0123455713803839
2022-01-18,UBER,-0.034552439846111185,-0.042071264846940015,-0.05043941501130478,-0.07761648324450195,17.423009144885125,0.0176322883982703
2022-01-19,UBER,-0.069498720881114,-0.051858825906160595,-0.03325463062869439,-0.014422676482750947,17.386521063356405,0.0170005161749297
2022-01-20,UBER,0.0020915519011576425,0.019101561591072007,0.01696422990211619,-0.0010571067413066414,16.893748703111278,0.0103861306904181
2022-01-21,UBER,-0.02325074511829868,-0.0528346842504598,-0.05178135433515271,-0.050987212016392267,17.549286916862894,0.0200055465890527
2022-01-24,UBER,-0.06916472753520399,-0.03188598579057734,-0.0673602696991979,0.009415748455456995,17.71265545114354,0.0235559419900968
2022-01-25,UBER,0.015913986454565376,-0.00910220114070484,0.029550142811094502,-0.04107466602455119,17.20250762403534,0.0141431479335038
2022-01-26,UBER,0.01677418325417729,0.016215832825534755,-0.00188497486582725,-0.0005745607187800835,17.199761862503177,0.0141043674859463
2022-01-27,UBER,-0.019597513435743626,-0.024563105349745474,-0.014914800262187285,-0.020613274231038415,17.0769362022033,0.0124741541466996
2022-01-28,UBER,-0.03451596047846776,-0.01605441263103624,-0.033860830514886184,0.03232601653920565,17.14796864312948,0.013392452192191
2022-01-31,UBER,0.033667458668678305,0.06379291781897843,0.07314955349735823,0.06034063805433843,16.946616944041132,0.0109500012669873
2022-02-01,UBER,0.0627861617807573,0.0305617824182271,0.052425839461990524,0.03184058086487948,16.79460015730733,0.0094057648016102
2022-02-02,UBER,0.023635493966160284,-0.0021985886213191012,-0.004580419827952582,-0.03800939103673389,16.790585990485393,0.0093680841694582
2022-02-03,UBER,-0.06569838101190398,-0.04990412387134315,-0.07658303003151193,-0.07338383582270748,17.287231669862074,0.0153936380495029
2022-02-04,UBER,-0.030390684454860668,0.01660063370137384,0.0017477829507263742,0.07015023192511294,17.31450293879941,0.0158192187933518
2022-02-07,UBER,0.05516438005309565,0.04437609757484335,0.07361932666302175,0.013138724396473237,17.226763908464065,0.01449040269326
2022-02-08,UBER,0.007139503283059193,-0.012368092440314109,-0.000946773500410939,0.021086686050948846,17.068115158249864,0.0123646029687043
2022-02-09,UBER,0.04102603594022432,0.04635505842850496,0.03222217453935303,0.04712443269378099,17.778494721628864,0.0251590424886961
2022-02-10,UBER,0.05489408593851507,0.052085054564181006,-0.021454971856144263,-0.06263269859610725,18.550963122993764,0.0544719443096017
2022-02-11,UBER,-0.07703911708079338,-0.09636806278773183,-0.07995343820602338,-0.06738581206488724,18.100040137113265,0.0347008018560936
2022-02-14,UBER,-0.07548684534504689,-0.07130564578486195,-0.004651166791590379,-0.02003503626973948,17.6122731158336,0.0213061500330916
2022-02-15,UBER,0.006794982708665556,0.03333634902622411,0.022757741836628095,0.06978276825508249,17.45791406928162,0.0182586093626447
2022-02-16,UBER,0.03302651896316467,0.004825754910902236,0.03250495835148948,-0.013845702596601344,17.317032827767104,0.0158592903285592
2022-02-17,UBER,-0.01374403122763733,0.0010692574044807775,-0.0239967041011737,-0.024070957050373543,17.163029381705655,0.0135956789518942
2022-02-18,UBER,-0.017027643711200316,-0.029966299610080536,-0.021119554931513514,-0.02926757525641051,17.154829025263883,0.0134846454140046
2022-02-22,UBER,-0.037577958783927244,-0.034305143460011525,-0.04091812760989791,-0.029258962276939453,17.173497713605798,0.0137387505907251
2022-02-23,UBER,-0.009398004618356444,-0.025683114771952925,-0.029889372665031708,-0.03905448409575405,17.12074024704128,0.013032716918486
2022-02-24,UBER,-0.1229231091916996,0.021400518281741276,-0.08358354794913918,0.0737771157167971,17.57620126486144,0.0205512941204625
2022-02-25,UBER,0.1505692979465006,0.009170939377017122,0.13517089100789273,0.0031496264478083486,16.980626934195342,0.0113288159470739
2022-02-28,UBER,0.011982973003170609,0.029003793361241842,0.028264865977005112,0.029575434375798848,17.619173018811246,0.0214536687516055
2022-03-01,UBER,0.005374145132552615,-0.019747628251316228,-0.038906314207632894,-0.061231923270638505,17.26347068489101,0.015032181325598
2022-03-02,UBER,-0.04176274988353916,-0.03953529085995721,-0.020415007328018365,0.004416362991629525,17.077924723142793,0.0124864912064651
2022-03-03,UBER,0.0064497795200982935,0.002072635614131507,-0.04831257911039172,-0.0705889554812431,17.461941721897425,0.01833229699481
2022-03-04,UBER,-0.08282275830467234,-0.07762034858212831,-0.07072239865476905,-0.06143277915053047,17.76865057359127,0.0249125882017526
2022-03-07,UBER,-0.000635136823797684,0.006533923650681624,-0.024906206964045042,-0.04315739040803705,17.914275353213025,0.028817937070391
2022-03-08,UBER,-0.09909749805508421,-0.011589221915682995,-0.009572796526241474,0.07320752510372142,17.823110998389986,0.0263069628636215
2022-03-09,UBER,0.10763781438599518,0.03608478162376964,0.09833400641576968,0.024422815166870802,17.334031640174963,0.0161311838240114
2022-03-10,UBER,-0.028431858625605707,-0.04963834112310028,-0.04456833881952862,-0.03521604916000212,17.242567383399567,0.0147212204742217
2022-03-11,UBER,0.014157206457949906,0.007835618005790943,0.019250508890070652,0.01144365540674991,17.198364081808485,0.0140846664447704
2022-03-14,UBER,-0.025563566940603608,-0.027124690765585976,-0.05472492868821933,-0.04965203573519444,17.550734354328892,0.0200345243340833
2022-03-15,UBER,-0.03298649099127016,-0.004593163972550528,0.008987279113433146,0.01794525156622243,17.3138498045073,0.0158088900921528
2022-03-16,UBER,0.03364181399846041,0.0706137839841004,0.04079449839193229,0.09011064060856343,17.36192745507389,0.0165875115811518
2022-03-17,UBER,0.057595029629569604,0.00869503953183653,0.042050154746949606,0.007332689962800986,17.121613106633315,0.0130440976170293
2022-03-18,UBER,0.005550439888782404,0.015074148190535142,0.023788355470474684,0.015405897305728064,17.394234714246736,0.0171321592971562
2022-03-21,UBER,0.009182777607491557,-0.01811639201458244,-0.03397627219132574,-0.042246902694708946,17.376573714286206,0.0168322444178955
2022-03-22,UBER,-0.027492060079133844,0.02348794519261987,0.018703989586105103,0.04194703351639419,16.89983966350963,0.0104495852575066
2022-03-23,UBER,0.024134797276732383,0.002378176879069833,0.02266824414978378,-0.00873359267591076,16.76124874542558,0.0090972426713503
2022-03-24,UBER,0.060210995566990576,0.037014292074109445,0.026361137230885803,0.04841557500731062,17.776963541884626,0.0251205489495052
2022-03-25,UBER,-0.005484280996569401,-0.0008588119735752258,0.003284093528134476,-0.018615993385239924,17.15052543678004,0.0134267377420045
2022-03-28,UBER,-0.011937828643102085,-0.00028636178964764936,0.005350794824829045,0.02063124363094699,16.914485150380393,0.0106037506865143
2022-03-29,UBER,0.041032877892387604,0.07023341358939213,0.053114941878632055,0.06728491182537824,17.452280621616936,0.018156039621571
2022-03-30,UBER,0.030183660868533878,-0.009686281717679417,0.017694704034638162,-0.016538177991738123,16.920388718608965,0.0106665358007473
2022-03-31,UBER,-0.0043739776608684505,-0.009726601249124936,-0.023333308396368314,-0.024911376753946633,16.84122392322384,0.0098546807592791
2022-04-01,UBER,-0.022721944323504387,-0.006829694710854694,0.0008478902246014992,0.008372899534719709,16.636490614851567,0.0080302304558173
2022-04-04,UBER,0.019978500297502783,0.012260084470315452,0.022761538617026893,0.014622933895086867,16.82207401193329,0.0096677599584134
2022-04-05,UBER,-0.0013746545603284285,-0.00870279332423795,-0.0421574769100297,-0.043381625095266746,16.85928037920962,0.0100342375787345
2022-04-06,UBER,-0.071107476585809,-0.07396091918770037,-0.06453857973507106,-0.04534927279794839,17.1777869495517,0.0137978058961918
2022-04-07,UBER,-0.015328803516937493,-0.019602642716792035,-0.048145172710135825,-0.034717231552237306,17.358814985168873,0.0165359637112789
2022-04-08,UBER,-0.04352510692760004,-0.023949832064337644,0.0178918339061595,-0.00684086068727991,16.705382246402102,0.0086029473736913
2022-04-11,UBER,-0.017699560026821232,0.0042611288915724846,-0.0149946758829124,-0.0003120087873462019,16.795128744186865,0.0094107378799653
2022-04-12,UBER,0.032625254948362596,0.012313071729101357,0.019102729149685593,-0.0015618039680361016,17.300430054586723,0.0155981558968559
2022-04-13,UBER,-0.012422567093584021,0.0004531195375041636,0.006913956605966396,0.019808796532742826,16.820519717836778,0.0096527450872259
2022-04-14,UBER,0.026520228383697265,0.010664751119022039,0.0219924951120686,0.0015311359907299658,16.747397456765892,0.0089721028054343
2022-04-18,UBER,-0.009478785967845883,-0.026034484306743325,-0.03809387614073774,-0.027611475608171,17.010659145117796,0.011674205802447
2022-04-19,UBER,-0.012053905649460617,0.041600776283729414,0.017353306338270275,0.06130897619486435,16.964804809523176,0.0111509805778184
2022-04-20,UBER,0.055342973523100435,0.00966185263847556,0.037149352365938526,-0.017609772095966137,16.8756485782167,0.0101998315243467
2022-04-21,UBER,0.007620151619016456,0.0026189496472903318,-0.05609524500455602,-0.04716543124153463,17.31011027034049,0.0157498826047472
2022-04-22,UBER,-0.07989670638568802,-0.06560471390051431,-0.018337383746557627,-0.027197337155905842,16.94002739450207,0.0108780829030829
2022-04-25,UBER,-0.0331166951715717,0.008497587861222502,-0.011100347798460355,0.050903947490556205,17.197059534437408,0.0140663043093055
2022-04-26,UBER,0.04631198762369484,-0.009273613091557636,0.017572887074839536,-0.03481608438502138,17.110676865861425,0.012902221429726
2022-04-27,UBER,-0.029777319323573456,-0.006855783152387196,-0.0274706664046711,-0.02096511608281331,17.24181025689426,0.0147100788659838
2022-04-28,UBER,-0.003220626965949747,0.027449662089240996,0.026825282132144215,0.06742708991736016,17.22505966666045,0.014465728573729
2022-04-29,UBER,0.04786809427083712,0.008482407480412056,0.013784488479995834,-0.0416856673556852,17.03232830644541,0.0119299367932452
2022-05-02,UBER,-0.040155981111061514,-0.05582848341437709,-0.06239711198169011,-0.035238822163048654,17.636536092475687,0.0218294230757813
2022-05-03,UBER,-0.03551440712412288,-0.024541116096048383,-0.022619190534295886,-0.030740813394951664,17.881810538101288,0.0278973915760275
2022-05-04,UBER,-0.095277005772974,-0.07428403141584669,-0.10786705219969797,-0.04760318353465426,18.565662093665967,0.0552785393643481
2022-05-05,UBER,0.016642966858460506,0.015027377268844181,0.011516485909945936,-0.04624892832120832,17.78210130990535,0.0252499446228597
2022-05-06,UBER,-0.037657553817711596,-0.07152319121539816,-0.05693395087217789,-0.028735445354530362,17.851079534723112,0.0270531158891291
2022-05-09,UBER,-0.054750526461534166,-0.029299879079050854,-0.08206498651656151,-0.12311947989606495,17.87760566855879,0.0277803329624386
2022-05-10,UBER,-0.0633585579981517,-0.05988161554595731,0.0,0.026542690405795058,17.686346939903103,0.022944301170482
2022-05-11,UBER,-0.02418958097056928,-0.016427458860831683,-0.01324519328776332,-0.04758684944098398,17.750032571791387,0.024453056634518
2022-05-12,UBER,-0.0497571730892833,-0.0037336759531098403,-0.03666395974929495,0.03140254589799657,17.9743827193893,0.0306032243818065
2022-05-13,UBER,0.07520377411158824,0.033151789401407984,0.08777947344221605,0.046149063997025265,17.796641646908878,0.0256197695074583
2022-05-16,UBER,0.017846512978768984,-0.0166633849215791,-0.011894816841764813,-0.03335028731525136,17.121855025260327,0.0130472536090624
2022-05-17,UBER,0.00041127819022728336,0.017828695321139617,0.008086893826382282,0.02552976480115088,17.33772724402253,0.0161909085823335
2022-05-18,UBER,-0.014078914039646026,-0.029011157094769438,-0.054444099416603664,-0.07461675614133857,17.39198532775079,0.0170936657579653
2022-05-19,UBER,-0.07308194203874077,-0.015750992987023534,-0.00628647722643414,0.03413901358736913,17.411759266880722,0.0174350388962055
2022-05-20,UBER,0.06596744959756677,0.01210621825642872,0.009414957759040629,0.004722078316845053,17.284513025975826,0.0153518450640957
2022-05-23,UBER,-0.02079428967294835,-0.011266568416170299,0.013298034799708756,0.018247919685612096,17.37669302331323,0.0168342527764619
2022-05-24,UBER,0.015741692318431134,-0.0037839083687257365,-0.058947220328978145,-0.09846913899101827,17.522379747077736,0.0194744313843415
2022-05-25,UBER,-0.08728009899484958,-0.060111390331403905,-0.006325438945630403,0.02248324467753266,17.25819534471196,0.0149530902525277
2022-05-26,UBER,0.02006453754960232,0.04054466314938984,0.030094846931535402,0.04697360821752273,17.223332647711306,0.0144407675458314
2022-05-27,UBER,0.05873730965798716,0.035861192498952865,0.06211257930257916,0.024375792707537668,17.20700101281476,0.0142068415908978
2022-05-31,UBER,0.0004256322230908377,-0.009577401880882663,-0.012768680292810235,-0.02005611519154138,17.31790382523868,0.015873109748219
2022-06-01,UBER,0.0012758107708619936,-0.0012559674671504609,-0.020571345523835143,-0.011270176575732175,17.08825320086547,0.0126161259701251
2022-06-02,UBER,-0.019743172963565307,0.03943012093818495,0.016482078035367376,0.07553922273100012,17.23948330083024,0.0146758889522926
2022-06-03,UBER,0.04657913891453728,-0.013583547095469176,0.033647225592946944,-0.02413699341011895,17.005311824525908,0.0116119466868862
2022-06-06,UBER,0.028147912762168648,0.037657107925816356,0.02312363389679015,0.023732698720130885,17.21118273710161,0.0142663750769756
2022-06-07,UBER,-0.026907445945051886,0.010364864309763182,-0.008686755355287467,0.022787302554899625,17.128011543789583,0.013127827042027
2022-06-08,UBER,0.06013835689846975,0.032538697364464526,0.04983812646146196,0.02073223857628942,17.25673925364122,0.0149313330347242
2022-06-09,UBER,0.009295177888952625,0.005259264474086691,0.0021715656150402456,-0.015213844689301847,17.554693340360977,0.0201139979516425
2022-06-10,UBER,-0.044942577069238016,-0.06657380499197885,-0.06961283238466068,-0.0700042142831835,17.212298264618376,0.0142822984913241
2022-06-13,UBER,-0.10985086909790319,-0.10042924986450376,-0.10263926244355495,-0.09501509892866218,17.315958859655876,0.0158422670988052
2022-06-14,UBER,-0.022759289857124443,-0.028427692318281305,-0.021261843036693727,-0.022504444527140573,17.57685719780637,0.0205647788136946
2022-06-15,UBER,-0.0176502104282906,0.019756167099335115,0.016424192269861894,0.04360619025714233,17.401074653659887,0.0172497439094173
2022-06-16,UBER,-0.014157821640764984,-0.045223499148538154,-0.05243375496038209,-0.07344482585370217,17.828507690900313,0.0264493172315359
2022-06-17,UBER,-0.032362159944972074,0.02583167074853062,0.01061084080081807,0.06340818959750819,17.65986269624396,0.022344614866144
2022-06-21,UBER,0.07697918192012261,0.02251333359707676,0.06278807802288634,-0.002295123220505352,17.37819453144698,0.0168595485307873
2022-06-22,UBER,-0.027184357883669335,-0.011193311862792344,-0.01814431256445435,-0.012020497372591562,17.291023540223875,0.0154521195382363
2022-06-23,UBER,0.010223105690810363,0.01030250776892134,0.004216457663254069,0.039667877884441885,17.111736274282446,0.0129158973952025
2022-06-24,UBER,0.03854480349688069,0.0328760698432372,0.04166314969366177,0.029076930629797444,17.456776806271478,0.0182378563241245
2022-06-27,UBER,0.04224452276468176,0.019218992422211756,0.002015907402604502,-0.007409058581648896,17.11701286353395,0.0129842294045239
2022-06-28,UBER,-0.020681540619156585,-0.007643362519010589,-0.013743525832079469,-0.03471646711265484,17.008046555328214,0.0116437456975221
2022-06-29,UBER,-0.03815896433328159,-0.057459324931257445,-0.044534305770162055,-0.028015638044489536,17.239929584695485,0.0146824400266642
2022-06-30,UBER,-0.04628313170144094,-0.04733299586997749,-0.05785625316603157,-0.04818486413276565,17.245700270773902,0.0147674127212507
2022-07-01,UBER,-0.019613153644839017,0.011483625203565263,0.026535956879288128,0.04211153724763274,16.845320582669906,0.0098951348389753
2022-07-05,UBER,0.022451351622343498,0.053746923512828594,0.01938982784302436,0.053820570574542814,17.01419596115377,0.0117155684253042
2022-07-06,UBER,0.015467846382972496,-0.021062814161898938,0.023251333373397704,-0.04635088846485602,17.30256145488614,0.0156314372673861
2022-07-07,UBER,0.006490490639877671,0.030288487801212353,0.01351061377915221,0.05607254312360853,16.956290821571702,0.0110564442710106
2022-07-08,UBER,0.0358559363643188,0.008792825821715587,0.010220618191390647,-0.017746677785916314,16.822741517506156,0.0096742153966628
2022-07-11,UBER,-0.021632187858572367,-0.03141152296423131,-0.03220986538391518,-0.05284940298781656,16.680387911087273,0.0083905873643168
2022-07-12,UBER,-0.030999477538622172,-0.02134985958101166,-0.007835681030064604,0.017774048769413624,16.670456672312074,0.0083076708463579
2022-07-13,UBER,-0.016584145701928336,-0.007835950268502723,-0.012231886288126149,-0.003250511119289135,16.759681132692414,0.0090829928891406
2022-07-14,UBER,0.015173344331734808,-0.006732489977527516,-0.0062453163930937606,-0.040337634199685404,17.26745494982794,0.0150921929922868
2022-07-15,UBER,-0.011834457647002796,0.01456844024603014,0.008414779830505663,0.048213518135053264,17.01433064430635,0.0117171464213207
2022-07-18,UBER,0.054217589346111796,0.06316016252634732,0.06276117478514949,0.0411357362737024,17.24742791210899,0.0147929475658816
2022-07-19,UBER,0.02582511832742463,-0.005185873223316506,0.0036117385374117837,0.003977912542164582,16.95745786436748,0.0110693551475094
2022-07-20,UBER,0.006134961902965138,0.04821227144032595,0.027338062533638813,0.0619989387682198,17.1421496455802,0.0133147478428928
2022-07-21,UBER,0.04818672840951777,0.0012379076088978535,0.03426690464990402,0.004550109282928323,16.729240759710578,0.0088106690311384
2022-07-22,UBER,0.012823317950191718,0.022830158794315655,-0.02206371189555517,-0.03913818810852853,16.82165845014789,0.0096637432412804
2022-07-25,UBER,-0.04454515667359573,-0.05254563545326742,-0.019906593739528543,0.0021436726244676144,16.37451930488874,0.006179528036808
2022-07-26,UBER,-0.005170232931968924,-0.016706376670471108,-0.00798577438824925,-0.03486196833648785,17.010208478756947,0.0116689458157253
2022-07-27,UBER,-0.006500548124919639,0.007316584341782102,0.0017801076219724225,0.02366459785934961,17.161346768601167,0.0135728219186852
2022-07-28,UBER,-0.004794108629225179,0.004279013031360455,-0.015684856081505705,0.009482800161769738,16.94604034102842,0.0109436892829212
2022-07-29,UBER,0.012589743777158975,0.002771584040741596,0.011228503637986723,0.005988097290448513,17.196729730916736,0.0140616659573781
2022-08-01,UBER,0.010727414467621876,0.04719720937581882,0.021867280756340635,0.04787593101819723,17.664821660970656,0.0224556962220946
2022-08-02,UBER,0.19553587493135094,0.17845541777115653,0.1690520578550322,0.17313311523264907,18.496959154000752,0.0516082640841098
2022-08-03,UBER,0.04226705626968236,0.0657482879042446,0.08009948257282658,0.031631187730766494,17.943631569037024,0.0296764625394992
2022-08-04,UBER,0.0020168535673941875,0.025134821105142625,0.008141149682649923,0.05352663258661179,17.833218844308302,0.0265742180071464
2022-08-05,UBER,0.046581068955491134,0.012334461715060332,0.047502350592594174,0.005010907550825261,17.50347962279962,0.0191098186684036
2022-08-08,UBER,0.03557752910511233,0.0099109067275779,0.019777324823186955,-0.0050109075508252676,17.150030278826826,0.0134200910315107
2022-08-09,UBER,-0.030143599418411608,-0.04356948526164834,-0.030140163705557152,-0.025116593469088518,17.11293508888732,0.012931390447001
2022-08-10,UBER,0.03354013795862483,0.05067501954992655,0.04798379569658671,0.05450769160359327,17.259706795064762,0.0149757081954311
2022-08-11,UBER,0.02195213875157999,0.005109011431223577,-0.005850145114338975,-0.017220522429697172,17.019256541845472,0.0117750062752597
2022-08-12,UBER,-0.01733882813401286,-0.018149388036838784,-0.010730831559251674,0.007108654009501626,16.904309633194185,0.0104963991393299
2022-08-15,UBER,-0.015149514930715828,0.0045683505691108345,0.0072293113336159565,0.0006157776324825347,16.465168714028135,0.0067658731020973
2022-08-16,UBER,-0.0006231425247239889,-0.0056372931500811695,-0.01896991375541311,-0.0033914201056651733,17.150293918615745,0.0134236295680326
2022-08-17,UBER,-0.013494703538647323,-0.03150720549027216,-0.028818551990843377,-0.05262709530864106,17.003490007638938,0.0115908111038771
2022-08-18,UBER,-0.035046189714817155,-0.03497864204082293,-0.019237737986599862,-0.018728975406930273,16.8519816705812,0.0099612672174858
2022-08-19,UBER,-0.03530168347683812,-0.03489309409361834,-0.04206472275453869,-0.038544304497729845,17.001073664656868,0.0115628375381297
2022-08-22,UBER,-0.0401160236990517,-0.02621132976504491,-0.026904218190660693,-0.035436095847865355,16.82283048459388,0.0096750761217627
2022-08-23,UBER,-0.009929184005109727,-0.00452335736988691,-0.004315031413841966,-0.006808861133128461,17.00591698817095,0.0116189759418689
2022-08-24,UBER,-0.0046436647580761735,0.01882774641438967,0.0035971398781466752,0.03184981320210018,16.812367249123785,0.0095743712850722
2022-08-25,UBER,0.03379410246786567,0.01427139701233685,0.033889550488616194,0.03120437492881218,16.554471462611506,0.0073978844157434
2022-08-26,UBER,0.0212337033595231,0.0023588788233269015,-0.015742807373715532,-0.03574266734075386,16.618313268249935,0.0078855808209698
2022-08-29,UBER,-0.048959606795790124,-0.01765745549712154,-0.010634667543877901,0.0055827028547674774,16.663038661106008,0.008246272455897
2022-08-30,UBER,0.037713963637893165,0.0034199889350432274,0.0021360411455663654,-0.0010444104428257355,17.010474806154132,0.0116720539896972
2022-08-31,UBER,-0.002401774828421384,0.019943140080845783,0.02215667045618031,0.0017400785670094812,16.847608559615875,0.0099178005999399
2022-09-01,UBER,-0.03282419412798536,-0.031619101805124075,-0.037566410773468,0.005547859117482014,16.696286478278218,0.0085250517521486
2022-09-02,UBER,0.04613267874915267,0.023385872590465377,0.034082073376032626,0.004485057106276758,16.496833479611315,0.0069835409162546
2022-09-06,UBER,-0.005438485430260559,-0.008982329178124068,-0.01299856453730102,-0.00552296368354159,16.83216253073565,0.0097657869836819
2022-09-07,UBER,-0.01476422716529044,0.026211136735759297,0.01891471467372511,0.038701411509154654,16.842363568643982,0.0098659180036392
2022-09-08,UBER,0.017487167016336312,0.024571261037602335,0.016176612114628574,0.021414081585557906,17.19628415345101,0.0140554017913732
2022-09-09,UBER,0.052312486718586855,0.03654098800361439,0.05318629507464147,0.03522619626866984,17.149709542138954,0.0134157874060111
2022-09-12,UBER,0.030185000217566343,0.017628404886669072,0.030604906823625606,0.0224029066209072,17.194799731149214,0.0140345531167307
2022-09-13,UBER,-0.04023531866938605,-0.026088381733900174,-0.05253345987220949,-0.036983227956888395,17.195303864697237,0.0140416301897745
2022-09-14,UBER,0.018082490149084043,0.04190381086626452,0.028703897328061757,0.05376468183449056,17.356278588343805,0.0164940750897495
2022-09-15,UBER,0.052971907920565386,0.035132980299917835,0.05138979175844008,0.002417705338631714,17.549580873187548,0.0200114282105688
2022-09-16,UBER,-0.06229526495274659,-0.06561704204672981,-0.05848892523020834,-0.03689323226758462,17.7467615354098,0.0243732004724699
2022-09-19,UBER,0.015384965397341861,-0.00514623874249002,0.005812102546827514,-0.013875988439805345,16.945231663251562,0.0109348429416165
2022-09-20,UBER,0.0015890432969647874,0.017973890219834105,0.0041767472162759604,0.0,16.978975189947917,0.0113101190851812
2022-09-21,UBER,-0.001271020439280413,-0.02755688119086503,-0.027301017667904916,-0.032927457382051634,16.921370013549744,0.0106770079561296
2022-09-22,UBER,-0.040888245996623405,-0.048016940712084205,-0.06184034078162722,-0.06403540063025011,17.184119353220698,0.0138854564022002
2022-09-23,UBER,-0.07494916396518174,-0.06323652176190951,-0.041874074230378484,-0.026951994306591474,17.091620831559474,0.01265868404451
2022-09-26,UBER,-0.010768271608164641,-0.006371713775484856,-0.0199342485876525,-0.03400072794295653,17.032536713247907,0.0119324233324227
2022-09-27,UBER,-0.0014445292791706948,0.011650614604818945,0.01259743059751659,0.02497376638389409,16.924250081241816,0.0107078027874823
2022-09-28,UBER,-0.00871148048098209,-0.011650614604818879,0.0011039812136871328,0.01690388085056995,16.87376687182615,0.010180656481843
2022-09-29,UBER,0.00835000464492515,-0.015748376320297016,-0.04475274026458959,-0.05951079283523619,17.079768880830333,0.0125095395119185
2022-09-30,UBER,-0.0557557999639304,-0.01490123362071409,0.00613498273464547,0.0030234310102628206,16.989175646859636,0.0114260778833648
2022-10-03,UBER,0.022676723057033193,-0.015126643503463613,-0.007674664187085683,0.00826758997845708,16.80827849220269,0.0095353039291481
2022-10-04,UBER,0.03181291602475628,0.08375330125110263,0.06125892997542926,0.08841388019129974,17.052705596689293,0.0121755303550888
2022-10-05,UBER,0.03048091063269544,0.013582538900111095,0.025399293714709077,-0.0003426496089051484,16.881631441841773,0.0102610386425632
2022-10-06,UBER,0.024966664931686866,0.01970343116451186,0.022700455644821694,0.018673068059612705,17.050240086126497,0.0121455484307749
2022-10-07,UBER,-0.012752226398327229,-0.046708969248061186,-0.03657225527723895,-0.05745524211080499,16.795631658790732,0.0094154718680149
2022-10-10,UBER,-0.020677104483811572,-0.014308387105235215,-0.025023990752100003,-0.019425035405601886,16.411772295009524,0.0064140756265359
2022-10-11,UBER,-0.10029779875075023,-0.08813044847731952,-0.17143715489280997,-0.11009385254770367,18.342381859102286,0.0442167872885546
2022-10-12,UBER,-0.019567808695201555,0.0024921142120075046,0.0682369465520717,0.0521445020740743,17.24775110890559,0.0147977293719923
2022-10-13,UBER,-0.023425947680336054,-0.0034522532806658124,-0.015179734834369329,-0.03845116875440382,17.30711219595251,0.0157027339964961
2022-10-14,UBER,0.04709570735079221,0.001727616396182096,0.019243144848975154,-0.011667841918566754,16.930802110941475,0.0107781909734312
2022-10-17,UBER,-0.015321430761280792,0.0074520149283192234,0.016888221174166117,0.04857821652685238,17.037377943648945,0.0119903310044228
2022-10-18,UBER,0.06920396636924706,0.053556094667569956,0.0548853548971898,0.0623918485717539,17.05979292587969,0.0122621288637528
2022-10-19,UBER,-0.00036948934604292644,0.0007215172845153441,0.013309767542426099,-0.0029017039520062055,16.551727071207946,0.0073776095578342
2022-10-20,UBER,0.009562420525584779,0.03368518325233644,0.014420637716582394,0.012274527510051507,16.85215926957859,0.0099630364857467
2022-10-21,UBER,0.006566981140352841,-0.008579264395073557,-0.0029411758065101623,0.005367685639608619,16.843303404632344,0.0098751947074939
2022-10-24,UBER,0.00760732116275987,-0.016130809100117174,-0.0242232681376579,-0.013292843073923602,16.770118760127385,0.0091782942849261
2022-10-25,UBER,0.010411184339918413,0.019991839212036427,0.030462968213667455,0.025354009013520126,16.670047920433678,0.0083042757640193
2022-10-26,UBER,0.006053074421417476,0.015124129007705512,0.019386415659151217,-0.005657718186832567,16.667135770271948,0.0082801276431605
2022-10-27,UBER,0.008131547138506327,-0.007620380285503031,-0.007384092087487458,-0.013566829473015561,16.635018707540745,0.008018419394724
2022-10-28,UBER,-0.02099348269305241,-0.031075985020490957,-0.043220026076390444,-0.011569170853116944,17.1156603690944,0.0129666801760977
2022-10-31,UBER,-0.00721760099383525,-0.005394712670893514,-0.007198384469053602,-0.03440325638653108,17.435227510133398,0.0178490476692666
2022-11-01,UBER,0.08534993880335201,0.1114723613653455,0.10185634197369924,0.11304638370564421,18.292779199664224,0.0420770246901558
2022-11-02,UBER,-0.016767663307659005,-0.0274706664046711,-0.016970162351366922,-0.03210660143243257,17.428682711680608,0.0177326106904719
2022-11-03,UBER,-0.05348493387042933,-0.02144852284130404,-0.03266176396166059,-0.002780673501306816,17.148900115693177,0.0134049327061399
2022-11-04,UBER,0.049078922327715484,0.006920440170970401,0.01183876898186439,-0.011904908071841795,16.920285604338222,0.0106654359853418
2022-11-07,UBER,-0.02528299103948198,-0.030745362787041656,-0.015272999752314826,-0.02496559251616599,16.77063440794011,0.0091830282729756
2022-11-08,UBER,-0.04034310699515731,-0.01732178147371919,-0.029211228589967313,-0.009069534149466011,17.112602228964015,0.0129270868215014
2022-11-09,UBER,-0.009475298036353668,-0.011538275454855603,-0.014269831292531659,-0.032972103368427236,16.86886535153317,0.010130877880231
2022-11-10,UBER,0.03843172623037304,0.04588683091547465,0.060891554732798905,0.08308028722463118,17.37646859691987,0.0168304751496345
2022-11-11,UBER,0.019885588212098883,0.03732337778840567,0.021127559433696104,0.010344893533432254,17.395163728402792,0.0171480827115047
2022-11-14,UBER,-0.003460224196069027,-0.024446172901554892,0.0031309870754383995,-0.002748195637239906,17.011166925615694,0.0116801352420242
2022-11-15,UBER,0.047386178300221043,0.06879082197425125,0.04116924523788581,0.08250058883044009,17.57825601388804,0.0205935652864808
2022-11-16,UBER,0.02287683930446362,-0.02080267736547001,-0.005682785693123073,-0.04967743553038592,17.094171160313657,0.0126910090538181
2022-11-17,UBER,-0.06163483649494204,-0.05474495275985772,-0.04912546423390448,-0.03938057240757883,16.937174840583662,0.0108470967994859
2022-11-18,UBER,0.0037728977703348782,-0.0032255120825370417,0.010508017613703497,0.0027662509387050963,16.567660639444185,0.0074961027132564
2022-11-21,UBER,-0.02390547345999211,-0.023919289019061422,-0.024335551905381125,-0.024822078311551882,16.598012543538548,0.0077271117664625
2022-11-22,UBER,-0.008804423698655769,-0.013324151094794985,-0.025235421335045687,-0.006035881151860587,16.82950510641391,0.0097398695945622
2022-11-23,UBER,0.003178535287431727,0.02130342850791731,0.02986585388801757,0.024970559983680127,16.377756340982824,0.0061995638044116
2022-11-25,UBER,0.012265739058685115,-0.002075454692001255,0.0035473745237384357,-0.010124049149664778,15.464246295963033,0.0024867304497884
2022-11-28,UBER,-0.021120055612766444,-0.007821312999093938,-0.01822456140035961,-0.02630794339097813,16.224255936714766,0.0053173683950557
2022-11-29,UBER,-0.002136801861971863,-0.014942745916308904,-0.005423973520923065,0.0,16.52408069054535,0.0071764389747587
2022-11-30,UBER,-0.008952611516711707,0.03172655377167517,0.0021731072184073604,0.04851563593794242,16.715667671609815,0.0086918889673496
2022-12-01,UBER,0.049817389570665456,0.01566259439593624,0.023597800872915138,-0.027837540174846766,16.709575543048814,0.0086390978278879
2022-12-02,UBER,-0.06504059361441825,-0.028093648899857594,-0.04001249940412871,0.014363527596636949,16.586879849500562,0.0076415652551427
2022-12-05,UBER,0.03692840128620161,0.002775849176779464,0.016776435885898867,-0.03720532650712644,16.676928332345835,0.0083616096192862
2022-12-06,UBER,-0.025308749758941724,-0.03526458423495889,-0.0349621201912557,-0.02856293312560697,16.79982292186294,0.0094550174045501
2022-12-07,UBER,-0.04014533280971102,-0.03618153639896894,-0.025798103303593577,-0.019505511907966285,16.86922400957267,0.0101345120528751
2022-12-08,UBER,-0.0033879253477867312,0.005936931830945881,0.009790448929671453,0.0018921914462399496,16.51751592581947,0.007129481638752
2022-12-09,UBER,-0.0045351868760754345,-0.002593133606069004,-0.0013709842535352458,0.0037735318030983228,16.472513118714037,0.0068157473398315
2022-12-12,UBER,0.0007573062792539745,0.009965037789286611,-0.004966549266059293,0.017917666739447228,16.617876565857912,0.0078821379205701
2022-12-13,UBER,0.05915408769159003,0.04400459949921015,0.030179552981312096,-0.0018515518786137565,17.134608153728628,0.0132147124590577
2022-12-14,UBER,-0.034849297320873,-0.022568713848230507,-0.005216084436373333,0.017998641298154306,16.78218990280113,0.0092897581853656
2022-12-15,UBER,-0.0033302585397991936,-0.025852489501178588,-0.03381143742731211,-0.045809519757728644,16.77963869049671,0.0092660882451178
2022-12-16,UBER,-0.03469428260951795,-0.024646498875564117,-0.00853708396386145,-0.010342956118550961,16.937179248947896,0.010847144617547
2022-12-19,UBER,-0.001536060526192454,-0.01639069647177848,-0.03853502825335197,-0.04006814645844358,17.38830836885752,0.0170309284617935
2022-12-20,UBER,-0.05125288586455355,-0.02885189423685462,-0.003245435783689582,0.0004006540451820205,17.16669456263714,0.0136456010076895
2022-12-21,UBER,0.017245276565398284,0.015309401414887899,0.010549588547110675,0.015898646815070604,16.83322450453756,0.0097761635029421
2022-12-22,UBER,-0.008785971601192691,-0.022455136519419296,-0.033900184485036115,-0.028802039741958024,16.983206808294366,0.0113580806004712
2022-12-23,UBER,-0.01903281694732027,-0.015052968398456866,0.004978884986740758,0.0,16.267377439806715,0.0055516768944781
2022-12-27,UBER,-0.006974312123839334,-0.001011618415110258,-0.010902735276348033,-0.009787997229406273,16.540653902029472,0.0072963666720141
2022-12-28,UBER,-0.003299047571729272,0.0008093302903997476,0.00500839273305348,0.007756745768232331,16.567207623880968,0.0074927076309178
2022-12-29,UBER,0.022059755880814793,0.02615183254938368,0.011177944996171477,0.012929460715137994,16.696297696460018,0.0085251473882708
2022-12-30,UBER,-0.013423017207900498,-0.020906669468419393,-0.0020606289468200084,-0.0072522601256564964,16.834671279535552,0.0097903176490296
2023-01-03,UBER,0.03816493488414674,0.03557685921621304,0.03167137157588127,0.025156090613650622,16.913587348621384,0.0105942348923541
2023-01-04,UBER,0.014090201811658909,0.008507372124961152,0.011919061888544418,0.021455835048352696,16.511218303362696,0.0070847239335562
2023-01-05,UBER,0.0,0.001539089025616883,0.009042701565849734,-0.013991701895798967,16.112278866220134,0.0047540716352197
2023-01-06,UBER,0.005039788443255269,0.020171975139869673,-0.005888127783071135,0.03272670891359069,16.783038862575463,0.0092976481654482
2023-01-09,UBER,0.05418927729855385,0.05533554136924459,0.0666278733234963,0.03717900376911208,17.0328692726025,0.0119363922314946
2023-01-10,UBER,0.003656325227358402,0.007104852823012409,0.0,0.023089095345378164,16.550767347182017,0.0073705324847904
2023-01-11,UBER,0.030196405048388476,0.009512154004264766,0.02796624829726857,0.010994948812333328,16.551286231299663,0.007374357929679
2023-01-12,UBER,0.021370601656468945,0.023049248759994784,0.009978724371895266,0.02370275806001766,16.678476917268974,0.0083745683138461
2023-01-13,UBER,-0.005909979804492118,0.010735402989064474,0.01618041207729607,0.014024510311718412,16.645229627677924,0.0081007142778885
2023-01-17,UBER,0.02615428562908215,0.009446786967358735,0.010240480966884442,-0.008185576598920169,16.85125654746939,0.0099540466902587
2023-01-18,UBER,0.017175038034010055,0.010355845399870778,-0.0024204608857102215,-0.0082531994982973,17.04462186114605,0.0120775033298202
2023-01-19,UBER,-0.05067847286349604,-0.0271174613817034,-0.019048197510406,0.0024142657854991237,16.566077380894445,0.007484243834102
2023-01-20,UBER,0.028736612812398688,0.03703815251344064,0.027151012501590698,0.044796170941734395,16.9513830067022,0.0110023142258379
2023-01-23,UBER,0.04439240346148522,0.023415743683948186,0.03856665702842638,0.005583856606396349,16.908419495629246,0.0105396266665703
2023-01-24,UBER,-0.07172498249291188,0.002888788739934854,-0.05973699822403395,-0.019848497176706576,16.487201085234215,0.0069165956307053
2023-01-25,UBER,0.02459847187068581,-0.025975523404794042,0.010120449698241139,0.011956323203619765,16.488838249807667,0.0069279285111876
2023-01-26,UBER,0.04385644641424035,0.008092161534364895,0.01755337585085055,-0.008953813810605688,17.049613893558757,0.012137945359059
2023-01-27,UBER,-0.027562757740780857,-0.0016327884720869791,0.006461526843976895,0.011262131177296117,16.718250019541795,0.0087143634560697
2023-01-30,UBER,0.01669487814686883,-0.0018646391576472474,0.0030462082230826642,-0.02433863936953493,16.7041976197788,0.0085927621266756
2023-01-31,UBER,-0.01501281765208062,0.013658689381768766,0.005056461767058361,0.042939263301937404,16.56351844417895,0.0074651166096593
2023-02-01,UBER,0.037279565987688876,0.028341374845014502,0.02981339161638525,0.01794343128089795,16.86981362803162,0.0101404893105134
2023-02-02,UBER,0.04866676184903098,0.049612157699551115,0.05646913487605833,0.048351515368758216,17.282667357062568,0.0153235367719206
2023-02-03,UBER,-0.00774117549550694,0.014239324782353367,-0.008362961683490064,0.001209583331526068,17.066074993091803,0.0123394028505011
2023-02-06,UBER,0.04140623973898831,0.007629095750384359,0.0230602060057546,0.024183932852760815,17.32988485746495,0.0160644298107065
2023-02-07,UBER,0.003869660157608887,0.02454294643529292,0.015382547650909583,0.029071813532258434,17.899366994914374,0.0283914956014422
2023-02-08,UBER,0.10616234584012914,0.06941112404667252,0.032104072235781295,0.05382590724352479,18.512327868408295,0.0524075429755069
2023-02-09,UBER,-0.014532035006170164,-0.005871413011823111,0.03278986562464239,-0.025854092020021556,17.60125582217115,0.0210727022587691
2023-02-10,UBER,-0.069883886327111,-0.05391710768437835,-0.04591917947288026,-0.045313356224581124,17.551664766689612,0.0200531733779149
2023-02-13,UBER,0.002902715301017388,-0.025144642537244837,-0.02077228358093484,-0.025392584779576264,17.37210644060096,0.0167572178800192
2023-02-14,UBER,-0.0411239540441043,0.02404237555446421,-0.018949002799083816,0.0521452322103856,17.475385956686175,0.0185804249138922
2023-02-15,UBER,0.055798317030867094,0.024582272459570367,0.059063150791624754,0.02798951291248084,17.2637124151644,0.0150358154982421
2023-02-16,UBER,0.016711907972140054,0.013430319878552456,0.02100778480651532,-0.0002760061143240458,17.15492831146356,0.0134859843197156
2023-02-17,UBER,0.010061589147598913,-0.013706355096587573,-0.02519341430142767,-0.04085652697247945,17.145809718398677,0.0133635700832826
2023-02-21,UBER,-0.0625383089010221,-0.052121685575813974,-0.031739308181210575,-0.016529292808517584,17.02218427904048,0.0118095309153787
2023-02-22,UBER,0.016733099004052673,0.02242758772668137,0.021563367211700445,0.009892432848094372,16.963706417574244,0.0111387391541751
2023-02-23,UBER,0.012728041232823091,-0.010576029566037922,-0.015312444138790987,-0.0020286832825577713,16.979368307421424,0.0113145661648641
2023-02-24,UBER,-0.03183215548220066,-0.02561260791474509,-0.020384407642262372,-0.03153347027461608,16.76525130002055,0.0091337278519747
2023-02-27,UBER,-0.0007421603570012484,-0.002065802661516177,0.0012106815770240912,0.004480895009668551,16.764104105473937,0.0091232556965923
2023-02-28,UBER,0.002224717678071332,0.004421570335541847,0.0031709966505151857,-0.008681417377566008,16.657158874464994,0.0081979283961182
2023-03-01,UBER,-0.009526707757731739,-0.012429818438635684,-0.008326488939140014,-0.008150887181216813,16.483065169603634,0.0068880482482247
2023-03-02,UBER,-0.026983579634471858,0.006530073739273984,-0.0202709600192897,0.020996480537353243,16.704069618361036,0.0085916623112701
2023-03-03,UBER,0.043890394689826244,0.023103847443607328,0.047563098292483806,0.02578522844987995,16.52292062088842,0.0071681186321261
2023-03-06,UBER,0.01705951096458231,0.014921380203914461,0.0014781743638197962,-0.020161343795492902,16.754831250493957,0.0090390480909836
2023-03-07,UBER,-0.021481081300124057,-0.0031379460749077995,-0.007412932724524756,0.007644798178115936,17.055693798934488,0.012211967717652
2023-03-08,UBER,0.0047155953863280715,-0.010627672231444093,-0.002383732285778536,-0.0038151498214450785,16.598934182579736,0.0077342366575674
2023-03-09,UBER,0.011692665708035782,-0.003181509781917659,-0.037694483684650976,-0.050968325456373136,17.13440187527029,0.0132119868295747
2023-03-10,UBER,-0.07261131257525709,-0.07470982914822889,-0.04790760137476759,-0.03815689368188554,17.298398550300135,0.0155665003404033
2023-03-13,UBER,-0.04522624003906651,-0.030103692058906208,-0.026343345793420934,-0.009365510538594208,17.00609393961976,0.0116210321184964
2023-03-14,UBER,0.07417802029815283,0.07242911010914058,0.07052658114864045,0.048759291061492675,17.348957707153588,0.0163737648480052
2023-03-15,UBER,-0.03427844416173096,-0.036101630681037535,-0.024393360503907887,-0.012125169457645298,17.163127857092217,0.0135970178576051
2023-03-16,UBER,-0.0075686192528288615,0.020419866453603445,0.0052434857430963076,0.023494132933089083,16.813475387509477,0.0095849868946378
2023-03-17,UBER,0.024700361592117248,-0.013156080441070254,-0.0012686017723383721,-0.02945489181224674,17.11513656941455,0.0129598900114206
2023-03-20,UBER,-0.024383848571677275,-0.003393512657965388,-0.0015880945041502727,0.004708833569556603,16.465776337559912,0.0067699854553524
2023-03-21,UBER,0.022838515709043206,0.023817882529461525,0.024180813095498768,0.028710114899082647,16.800192045886785,0.0094585081230108
2023-03-22,UBER,0.007703011001962618,-0.012754444538950756,-0.02291013579272857,-0.04163385167078644,17.01973562264962,0.0117806488064703
2023-03-23,UBER,-0.021719831778446438,-0.016020072797964195,-0.02409755157906053,-0.010845406095457826,16.637300133838547,0.0080367337121278
2023-03-24,UBER,-0.029928965191258886,-0.03315224325689102,-0.015072338987982157,-0.013886879164652671,16.508467493299346,0.0070652619826858
2023-03-27,UBER,0.0029046381827354632,-0.0035375081771436053,-0.004964482316744915,-0.004236576614975216,16.70131640794946,0.0085680401890834
2023-03-28,UBER,-0.016244671351097546,-0.005815858097004559,-0.005322695542316619,-0.01812543078595935,16.9547932840697,0.0110398992218677
2023-03-29,UBER,0.0029435883999201044,0.001295304845306341,0.0073114722382361785,0.026256878848526417,16.75559803041192,0.0090459817098441
2023-03-30,UBER,0.028334128194035798,0.030281222436842354,0.022266748335608214,0.010312682042312473,16.604298671183248,0.0077758383707301
2023-03-31,UBER,-0.0025429105759153816,-0.00015703173402859238,0.010629828968936952,0.01621915720829425,16.51179858848925,0.0070888362868114
2023-04-03,UBER,0.002542910575915516,-0.0028301954346633957,-0.0013786900667392256,-0.0075998364219081495,16.97374855342882,0.0112511594158368
2023-04-04,UBER,0.013871613675930579,0.011740039544763988,0.0037789076914516518,-0.002227517119095322,16.53330651454009,0.007242953897758
2023-04-05,UBER,-0.03148613572620392,-0.028250925885153214,-0.026396174110492797,-0.008638625131877202,16.66293427818901,0.0082454117307971
2023-04-06,UBER,-0.0006464272176763714,0.008130747358373278,0.000984113150881778,0.0019261471393349256,16.488755419787456,0.0069273546944543
2023-04-10,UBER,0.0009694225865914454,0.009324447743210399,0.0036000892835680765,0.01780083446993556,16.616632131580666,0.0078723352180433
2023-04-11,UBER,0.025196706188471328,0.0004717902065778714,0.008781925082393682,-0.019726981609270413,16.643208780481228,0.00808436050099
2023-04-12,UBER,-0.017795177596269578,-0.011067258389068756,-0.015666102115497776,-0.017177563126870087,16.585903183046963,0.0076341056376101
2023-04-13,UBER,-0.01144716899014926,0.004441612238997656,0.00949429016949671,0.027407821396596522,16.5288534613081,0.0072107723426332
2023-04-14,UBER,0.015287139528938206,0.0009492386782931476,0.007789710530311286,0.0012714244602186238,16.28799883462012,0.005667348784295
2023-04-17,UBER,0.02771828436745743,0.017865944326131183,0.022379414221089786,0.018880431068287098,17.042600593639616,0.0120531161186558
2023-04-18,UBER,0.005576232292402505,0.022728303007004548,-0.0006324652483890861,-0.010970248907813776,16.743959266191972,0.0089413079740817
2023-04-19,UBER,-0.032017755694057085,-0.017152070714601893,-0.014338329430706655,0.009722559606406445,16.441772155981905,0.0066094124061564
2023-04-20,UBER,0.005408000265614462,-0.010246884166410638,0.0076726646598586,-0.016997604943082077,16.360814431166634,0.0060954160673214
2023-04-21,UBER,-0.005089064567689407,-0.018268282245852255,-0.055324222106435506,-0.02149930640819422,17.51787618841597,0.0193869243325164
2023-04-24,UBER,-0.02192222849883322,-0.012796068002661925,0.017351134989616636,-0.00487725297727837,16.496271847339795,0.0069796198352439
2023-04-25,UBER,-0.011144007496463847,-0.019178230063671142,-0.02261566625431821,-0.03617451487725807,16.831006291380746,0.0097545019212608
2023-04-26,UBER,-0.021319907452800158,-0.01155313966779711,-0.0030160039258616206,0.0030369570125257195,16.474167483061667,0.0068270324022526
2023-04-27,UBER,0.012380915354741465,0.0016586249050842363,-0.008349740645100438,0.0006736429154682674,17.122166500931595,0.0130513181442564
2023-04-28,UBER,-0.015078149678604437,0.03581113040904686,0.006651396617533559,0.04445171231131792,17.165979433084615,0.0136358461232237
2023-05-01,UBER,0.0772860656267386,0.05384837535766203,0.07670286414461726,0.05299883940136741,17.724872044691658,0.0238454803500973
2023-05-02,UBER,0.09018343712947179,0.10422350587075116,0.07489479558337998,0.10926244505183381,18.450176447115826,0.0492494947658426
2023-05-03,UBER,0.048218885729647255,0.04602342068779535,0.06009172283319384,0.03550667995475733,18.043523184720865,0.0327940088514061
2023-05-04,UBER,0.01966921949783049,-0.01444540558306843,0.009173827598515084,-0.009292472697253872,17.61815166167836,0.0214317680796187
2023-05-05,UBER,0.0,0.003960441503486823,0.005030193675656776,0.0069112001761604935,17.021349814845035,0.0117996803947908
2023-05-08,UBER,0.009030610004471194,0.025495645516009354,0.01640926188038837,0.02820771520421163,17.249242923529128,0.0148198213162235
2023-05-09,UBER,0.01756045574237323,-0.009031114522631329,0.011275552147313652,-0.01661952562126146,16.7801133479023,0.0092704875067396
2023-05-10,UBER,0.0028537260367219484,0.009544736965596478,0.006966821482105077,0.015588839776040152,16.787539156018372,0.0093395846050387
2023-05-11,UBER,0.0010357566082266109,0.00588762840104563,0.004443922811265216,-0.009584395372508114,16.619816007304436,0.0078974397001242
2023-05-12,UBER,0.0,0.001275328247281533,-0.003658206012593684,0.0007806061125152884,16.88888424300184,0.0103357304540117
2023-05-15,UBER,-0.00779425195110932,-0.01930313465138619,-0.005512524203427443,-0.008095131624683533,16.696202337903078,0.008524334481232
2023-05-16,UBER,-0.010751377850789657,-0.008612816174069301,-0.014583396451729878,-0.01852396923973872,16.898754545818306,0.0104382523770243
2023-05-17,UBER,-0.005286841902969164,-0.005124502015781389,-0.0021389852319340288,0.010627133286517935,16.78768762308847,0.0093409713288108
2023-05-18,UBER,0.00660417148778253,0.03964622209063822,0.010649667128702422,0.036584696012290384,17.141556895457057,0.0133068578628102
2023-05-19,UBER,0.03289175089703375,0.0,0.030129507111309253,-0.0017850239229523157,16.798704605451018,0.0094444496130455
2023-05-22,UBER,-0.0030619807095151564,0.025254456310345563,0.004128669319870119,-0.00025531937408029305,17.13265947795573,0.0131889863421824
2023-05-23,UBER,-0.0035842174757488663,-0.02121098754793214,-0.01459056901595951,-0.013105631098119026,16.742931923869676,0.0089321269063492
2023-05-24,UBER,-0.024404181786429866,-0.025285516731295504,-0.01940275539746288,-0.018272520209751376,16.909942759628706,0.0105556935351021
2023-05-25,UBER,0.011237549644636809,-0.0019418936512452343,-0.006507730661613949,-0.0002634256780692121,16.740509213668258,0.008910513142729
2023-05-26,UBER,-0.006256481825200586,0.004525167536446987,0.01835155256846348,0.013089191848586073,16.48467445932414,0.0068991420384014
2023-05-30,UBER,0.012732349631144646,0.007710216888564699,-0.017419279848328608,-0.023419024891376136,16.713806447943856,0.0086757264626955
2023-05-31,UBER,-0.03896253688173589,-0.02619789635030894,-0.013131681972433452,0.009802672843915153,17.356652503006515,0.0165002436196322
2023-06-01,UBER,0.00668898815079671,0.011757177037015036,0.005246523024753887,0.014396250154790052,16.65548341670384,0.0081842046125806
2023-06-02,UBER,0.03922071315328133,0.03546740932271023,0.04550711417467076,0.031967944403282884,16.870077664382283,0.0101431671219354
2023-06-05,UBER,0.012739025777429712,0.022311325157914976,0.012739025777429712,0.017218108370121162,17.002631532240905,0.0115808649471669
2023-06-06,UBER,0.01878450057631569,-0.001472065353022978,0.010827256810823053,-0.004214662810191813,16.494482110199524,0.006967139321295
2023-06-07,UBER,-0.00022360498050741367,-0.011854906556768328,-0.03361660263363315,-0.03180475782141906,16.97903860644581,0.0113108363560978
2023-06-08,UBER,-0.026695147197419278,0.009396732423894457,0.011075458911633064,0.03205313247781077,16.82622015928852,0.0097079271297429
2023-06-09,UBER,0.021962234159228593,0.009065330415840967,0.02479255559806062,0.017969796943483135,16.903489277424615,0.0104877918883307
2023-06-12,UBER,0.02976481249816874,0.018007591354993063,0.02565510444278466,0.018131766397035762,16.58733029711233,0.0076450081555424
2023-06-13,UBER,0.011805984334001797,0.0020341711685248655,-0.004148925586864317,-0.007937547988815062,16.628497244836343,0.0079662977081178
2023-06-14,UBER,-0.010836969802987888,-0.005754071804145197,-0.007856649753727466,-0.0033865390162544167,16.528720823008104,0.0072098159814111
2023-06-15,UBER,-0.0068027176901182505,0.05063185537994309,0.009078676992998393,0.04940151635135081,17.540668926419855,0.01983387974968
2023-06-16,UBER,0.048766928176684154,-0.001944725970852048,0.03810213387422455,0.00368324185838948,17.147036302115648,0.0133799716782422
2023-06-20,UBER,-0.00698975903871048,-0.004475813750563651,-0.01206397425257404,-0.031511588728475676,16.80780196853309,0.0095307612133429
2023-06-21,UBER,-0.006332857011360985,-0.005814032547356098,-0.005967316842568358,0.011552685128688686,16.90275038139011,0.0104800453624315
2023-06-22,UBER,-0.004717007914532715,0.014973650295989486,0.010478748636352854,0.003510042769230918,16.78808172182841,0.009344653319516
2023-06-23,UBER,0.006832419502000149,-0.002624774431774181,0.0028389596849114932,0.012304247393332367,16.957639282009485,0.0110713635060759
2023-06-26,UBER,0.026872125285784886,0.028945087759351566,0.03139424063377681,0.024613777615947942,17.332800688293037,0.0161113393286521
2023-06-27,UBER,0.02125811941246735,-0.004673405146665883,0.001601274380348884,-0.013371221037873743,17.205043540931282,0.0141790592973949
2023-06-28,UBER,-0.0269887941214525,0.009104089337554648,-0.009877197715519218,0.009310838947101044,17.15438566302588,0.0134786681563663
2023-06-29,UBER,0.01347206473603546,-0.021448608076692396,-0.028329158420048853,-0.03824469268607977,17.16875296159194,0.0136737180276202
2023-06-30,UBER,-0.022477999913626468,-0.019382626699041432,0.01905261843240305,0.013761064684379203,16.672687468433462,0.0083262242540673
2023-07-03,UBER,0.001390764235357738,-0.0006909773087145244,-0.00795317263243245,-0.001854811983514739,15.840773198526762,0.0036237004887204
2023-07-05,UBER,-0.006507082854242541,0.010999183483903361,0.0072539818301368105,0.013141392457994493,16.571105767398656,0.0075219722843151
2023-07-06,UBER,0.002328885253218098,-0.020258544055199588,-0.024069129777386514,-0.03614709095882978,16.704970845041533,0.0085994088371694
2023-07-07,UBER,-0.02163267920295129,0.002786786136417581,0.0016943593679495093,0.018819638779379727,16.51897030570551,0.0071398581580121
2023-07-10,UBER,0.0120498121195964,0.001853611080720024,0.011827367498643854,-0.003034220327610476,16.57689935706054,0.0075656779921665
2023-07-11,UBER,-0.011336998023845584,0.03346158146262384,-0.016487681808245218,0.03626750112139417,17.286389493916932,0.015380679354943
2023-07-12,UBER,0.0666147853261394,0.012237399471261227,0.051904011375775785,0.003600360448328357,16.898800355175982,0.0104387305576354
2023-07-13,UBER,0.004655791285644227,0.015687889775241534,0.014719436925634228,0.024845974931155992,16.869190980657407,0.0101341773264473
2023-07-14,UBER,0.01525573594775653,0.010072108497703583,-0.0013904214425875217,-0.019693066899838633,16.90764337120959,0.0105314497781211
2023-07-17,UBER,-0.02704803597246591,-0.0162958516509476,-0.001347437265752274,0.01684060042641124,16.903726338225574,0.0104902784275083
2023-07-18,UBER,0.014663667413542652,0.0449754264601565,0.01870045927260291,0.04090112854827659,17.567838900719355,0.020380153279762
2023-07-19,UBER,0.03808332018099437,0.003136469345639213,0.026337338888601767,-0.0061356570202014925,16.90613933486119,0.0105156219998948
2023-07-20,UBER,-0.02211099630214193,-0.008385825231783038,-0.014933696594622962,-0.011740966234120045,16.954706652607985,0.0110389428606456
2023-07-21,UBER,0.010365015009749514,-0.003374103731523857,0.009116585210227417,0.014072723774572424,16.820048993207983,0.0096482023714208
2023-07-24,UBER,0.010896425147521248,0.004426165637333649,0.012027666038153684,0.0019037584451905797,16.629109317043245,0.0079711751503506
2023-07-25,UBER,0.0029704962745605895,0.003778348480708956,0.0019195943219556405,-0.00317497418302826,16.467921261676906,0.0067845221459289
2023-07-26,UBER,-0.003183058939596356,-0.0036731790754428494,-0.006627525612596837,0.002963660192590666,16.62889333433398,0.0079694537001508
2023-07-27,UBER,0.01999016109200628,0.01118731611086476,-0.0057004595127440804,-0.014906595191043625,16.705437828201546,0.0086034255543023
2023-07-28,UBER,-0.01807912634754199,0.007045204253980421,0.007629103730001448,0.032298296196735306,16.657776975478992,0.0082029971105955
2023-07-31,UBER,0.03563246269243584,0.021651200162549213,0.030362915020472645,0.027050823906562424,17.472300636384844,0.0185231866947476
2023-08-01,UBER,-0.0036915610292571955,-0.009338332112989681,-0.04546244224734785,-0.05849128358037083,18.22341813546975,0.0392574327170041
2023-08-02,UBER,-0.05522644515699544,-0.02739607817940032,-0.007417140583153262,0.006623196021504112,17.407433004497094,0.0173597732680237
2023-08-03,UBER,0.0035762901904144006,0.00303483342349035,0.0026241595593041976,-0.022613201086443557,17.044289227409674,0.0120734866126872
2023-08-04,UBER,-0.004771234767851675,-0.031202731153129465,-0.01695890101645632,-0.015585851220123013,17.059648628273195,0.0122603595954919
2023-08-07,UBER,-0.021756746475229616,-0.018496932321308772,-0.014317904074654858,-0.005546325826678593,16.91210579332649,0.0105785505683111
2023-08-08,UBER,-0.011395460841670856,-0.00638973418642085,-0.006669373800269047,0.004660958011934752,16.506224755152058,0.0070494342044595
2023-08-09,UBER,0.016713480973740532,0.004851109935904985,-0.005572921651345881,-0.023525207948750716,16.816876979854445,0.0096176466303737
2023-08-10,UBER,-0.02506282266064463,-0.0061782804906895,0.005686356710350561,0.011047296859604086,16.64330932846189,0.0080851734080288
2023-08-11,UBER,-0.00295021356702931,-0.01966985796554225,-0.017849415895734206,-0.020156936883752582,16.59884143856817,0.0077335193866508
2023-08-14,UBER,-0.011428695823622744,0.013118965984844059,-0.00834692074124231,0.025746666553244573,16.577341686727078,0.007569025256444
2023-08-15,UBER,0.027212580592881296,-0.00011134080002468885,0.024380176490997205,-0.01731734809896687,16.4111160242934,0.0064098676371585
2023-08-16,UBER,-0.016238543969355562,-0.01233059495174722,-0.013957366419835774,-0.009802889141266594,16.52228000591887,0.0071635280982599
2023-08-17,UBER,0.004537230181361876,0.011884852635706674,0.01168260483375283,0.007304293712155104,16.875465724725583,0.0101979666199635
2023-08-18,UBER,-0.020812640083493768,-0.00044594109085849455,-0.016533125922506633,0.016242121261190914,16.656464513100442,0.0081922380468465
2023-08-21,UBER,0.03875837153808804,0.010206414040157171,0.018807887508589503,-0.0013434296422387831,16.547414060183907,0.0073458583652594
2023-08-22,UBER,-0.0008897001552604853,-0.0026524978525350666,0.0002272438126140939,-0.0062936282236512224,16.425565718246286,0.0065031606743775
2023-08-23,UBER,-0.02113860228059876,0.009582128799292829,-0.00045445257904737975,0.017656083517886816,16.498297718813184,0.0069937739813314
2023-08-24,UBER,0.02779205443104588,0.002299219032337664,0.014440670482044187,-0.0102427768368331,16.713056574766853,0.008669223206385
2023-08-25,UBER,-0.011784518580433159,-0.0194352640192525,-0.035571409608527685,-0.016245872322206957,16.766899069933295,0.0091487905412233
2023-08-28,UBER,-0.013510641814991889,-0.007162064917353566,0.01451799313795582,0.004312852902164463,16.159631086918697,0.0049846025078147
2023-08-29,UBER,0.0022644591756663334,0.02364015826335849,0.009336282246247109,0.026817181303209335,16.243441218448428,0.0054203684986793
2023-08-30,UBER,0.025459155784872883,0.025235560781790692,0.026393845471076968,0.025257164233284276,16.804691468124936,0.0095011618335179
2023-08-31,UBER,0.029119836655465352,0.017388048294194873,0.026575321843553636,0.015361967068097263,16.773738296887828,0.0092115756554563
2023-09-01,UBER,0.01741020030023689,0.0027291098599423773,0.006641724804874391,-0.004030951162690657,16.49701149229327,0.0069847841858434
2023-09-05,UBER,-0.013562390724398531,-0.011809529328484308,-0.011382117681471331,-0.01047133571971324,16.61654708930762,0.0078716657651878
2023-09-06,UBER,-0.011372266848705183,-0.006170908445372169,-0.015014940508437297,-0.014061837023351054,16.473158365954127,0.0068201466014533
2023-09-07,UBER,-0.018293196340115427,-0.0036351621590084205,-0.007924333959641842,0.008028662502174815,16.521705772976453,0.0071594157450047
2023-09-08,UBER,0.018293196340115368,0.012136839983783303,0.022291142666287695,0.020747214047564633,16.5854019581996,0.0076302801927216
2023-09-11,UBER,0.029764133772163286,0.03575523670204446,0.02938884931063009,0.03535400309403028,16.76033372647843,0.0090889223287178
2023-09-12,UBER,0.012489722362708747,0.004441795084558903,0.005232874149525562,-0.021062114357281708,16.749846089818977,0.0089940991135434
2023-09-13,UBER,-0.017319198561768542,-0.016976647358763135,-0.013028188993130041,0.004995882235676358,16.356466752394326,0.0060689726795295
2023-09-14,UBER,0.02330046650969195,0.006903310778484013,0.011042895641923569,0.003316749478623086,16.385692432668375,0.0062489598615348
2023-09-15,UBER,-0.009089144225002186,-0.004218723414115794,-0.01125438843200625,-0.016694862623372227,16.59592489256941,0.0077109970798695
2023-09-18,UBER,-0.01864122278672469,-0.023833054663842754,-0.01685375179412623,-0.02148337753975756,16.52525938225559,0.0071849027715746
2023-09-19,UBER,-0.019210787250558706,0.008559224785146672,-0.005825897625185657,0.022955351191614827,16.769389107030975,0.0091715997563711
2023-09-20,UBER,0.009971671895850319,-0.004512314663173824,0.004103287047676328,-0.022095671005921448,16.93266373100566,0.010798274559096
2023-09-21,UBER,-0.023205417350331256,-0.03750573452704081,-0.05470202718297704,-0.04279316251991308,17.14290713567634,0.0133248374537863
2023-09-22,UBER,-0.013854010760416589,-0.00976580284317186,0.002273727108759077,-0.004269158945365521,16.597969224162917,0.0077267770400347
2023-09-25,UBER,-0.02284534890167205,-0.005195978869278993,0.0018153359105696671,0.011195817833888837,16.032036656671913,0.0043874983787764
2023-09-26,UBER,0.008122802171233769,0.006165818645947189,-0.0014747309644860666,-0.014353226617691632,16.238860990677363,0.0053955987430261
2023-09-27,UBER,0.0002246561456869039,0.0018489502359772827,0.008928136879894466,0.019461500783770073,16.638976609965315,0.0080502184053599
2023-09-28,UBER,0.009169243789789184,0.02405256993356149,0.010743155238380007,0.02191148164926735,16.915566855203824,0.0106152270211799
2023-09-29,UBER,0.03993116662702543,0.007272680994153627,0.020492076315000742,-0.003256221469180768,16.47136888563909,0.0068079529958711
2023-10-02,UBER,-0.025564657155762015,-0.013518009938978587,-0.016448547610531748,-0.006763446019688896,16.522006284830535,0.0071615675577545
2023-10-03,UBER,-0.004618925703715142,-0.014908625226714073,-0.017377748639472234,-0.025946726710604186,16.21643768459089,0.0052759579541373
2023-10-04,UBER,-0.01264575221556955,-0.0026347349017763907,-0.003276664273141378,0.009614390880978542,16.339325452220507,0.0059658291217225
2023-10-05,UBER,0.0011156809472511867,-0.012276884818450557,-0.012068887656781326,-0.007370173376741682,16.49095498819378,0.0069426086559473
2023-10-06,UBER,-0.017548229064047183,0.022339292436331978,0.009349055300108638,0.025889225037751696,16.507079079314654,0.0070554592801589
2023-10-09,UBER,0.024437941115908097,-0.007537339252567407,0.01173299648832517,-0.00723445045003552,16.251078230512494,0.005461922393781
2023-10-10,UBER,0.013201478062768985,0.03607396376309347,0.02152523792529486,0.025631296316576135,16.492317808108965,0.0069520766320464
2023-10-11,UBER,0.024825916265434393,-0.0013759316556385328,0.01557511555200839,0.00021439522938632564,16.379343985315042,0.0062094143249996
2023-10-12,UBER,-0.0077055304409810845,-0.003607392112425601,-0.01447803945039861,-0.014904663550413135,16.587073817096442,0.007643047615037
2023-10-13,UBER,-0.015591507180952332,-0.01607234823185307,-0.06570874495606976,-0.05525281368051836,17.154658797412427,0.0134823501470715
2023-10-16,UBER,-0.04588627312674137,-0.028263485050939688,0.017757081939606602,0.027896118044008742,16.833351670012934,0.0097774067725309
2023-10-17,UBER,0.014630268629830672,0.005761113350077481,0.013369315020717044,-0.007408228196935778,16.668399704665767,0.0082905997985428
2023-10-18,UBER,-0.011550311028933887,-0.02369879677567145,-0.026220439614902034,-0.03158882587837582,16.549098607840023,0.007358243243086
2023-10-19,UBER,-0.02024922035888521,-0.021265241528693482,-0.017040155275832965,-0.006532892467112077,16.593708581118968,0.0076939260320545
2023-10-20,UBER,-0.006997911253851238,0.0018471032114656732,0.0017762322986837019,0.005602205663000764,16.450366287492745,0.0066664593530566
2023-10-23,UBER,-0.004457542663074563,0.014200942927401872,-0.00023661866710279286,0.0018605082356237372,16.238284767457017,0.0053924905690542
2023-10-24,UBER,0.0225512575312625,0.008041258217767485,0.02650936675454795,0.026368550940609654,16.681504294058975,0.0083999597042937
2023-10-25,UBER,-0.004608320706043221,-0.019017803968805338,-0.03089771220183477,-0.0425301029978204,16.61862248376597,0.0078880195420862
2023-10-26,UBER,-0.027155223496452784,-0.027743997188023773,-0.04808907789534694,-0.04170785521092945,16.97104185793095,0.011220747128973
2023-10-27,UBER,-0.02231647075756197,-0.0036710037047565053,0.017555132250070406,0.014905605759189653,16.654507205260536,0.0081762189963758
2023-10-30,UBER,0.019226722092727078,0.020084051382480476,0.02922558251668822,0.0357351033268751,16.87387489589646,0.0101817562972484
2023-10-31,UBER,0.019097630807284133,0.01225021182784253,0.00451259389379232,0.012789367390440698,16.72862185713643,0.0088052177721722
2023-11-01,UBER,0.009991957343296585,0.010739306396856182,0.01668465632633502,0.012627949873564361,16.759386273264244,0.0090803150777186
2023-11-02,UBER,0.04741290953653309,0.06297481218638973,0.05309777469850008,0.05870354648803516,17.066539912941604,0.0123451410178339
2023-11-03,UBER,0.03403384184581655,0.027156723829595407,0.030041463580475315,0.026956964231699482,16.904131946545395,0.0104945342349468
2023-11-06,UBER,0.021506215599962613,0.0031103749284325946,0.017010812597315014,0.008134352749508479,17.14209577372173,0.0133140305719762
2023-11-07,UBER,-0.019802598650142077,0.03539115903194132,-0.0159391323677573,0.03630826770514233,18.21446069147373,0.0389073566916426
2023-11-08,UBER,0.06267510218456179,0.00518235804329072,0.04646161372892509,-0.008449017806745519,17.44587865106491,0.0180401764595097
2023-11-09,UBER,-0.014898638321421315,0.007526299536648923,0.0024509597533772898,0.011049820943039272,17.215450516067342,0.0143273909229476
2023-11-10,UBER,0.014298886294989339,0.02763355799725772,0.017792645897937397,0.030111545434829492,17.119778486172542,0.013020188586476
2023-11-13,UBER,0.02293043516505747,0.00612324349298246,0.016299300860252646,0.01271448114557725,16.861313175907213,0.010054655890827
2023-11-14,UBER,0.03324998067559916,0.03542023436810722,0.03239538757351359,0.030910854268037212,17.23722602987219,0.0146427988540068
2023-11-15,UBER,0.01909806493647665,-0.0009211210359002491,0.014590509204718615,-0.0022297063727150543,16.92545063921249,0.01072066584592
2023-11-16,UBER,-0.007819778743360782,0.0045968639872758215,-0.00018809747782004742,0.012202034714963332,16.850982688739098,0.0099513210607756
2023-11-17,UBER,0.01170692663933318,0.0,0.016051050030962882,0.0003674528491168371,16.59554033922864,0.0077080323600809
2023-11-20,UBER,-0.005557613952922761,0.015382840757547665,-0.004639518534422766,0.005678216139117125,17.16582161504701,0.0136336943104739
2023-11-21,UBER,0.007403285823445976,-0.004980273937828001,0.002415255626114285,0.0018247902055053321,17.34526241374599,0.0163133706368276
2023-11-22,UBER,0.015915436054148982,0.013345515537032993,0.019660710636499854,0.009435752642255634,16.731100589724704,0.008827070626098
2023-11-24,UBER,0.0009070849013401395,0.002075972122701801,0.0019994664767654636,-0.0009034102643678966,16.18545528276849,0.0051150023604525
2023-11-27,UBER,0.005785582706383048,0.009235698302627417,0.0039869791756914855,0.013288068953446091,16.76529841686001,0.0091341582145247
2023-11-28,UBER,0.009152119836346449,-8.858895538030597e-05,0.007208496033530782,0.002672090492910415,16.8338601702655,0.0097823798508859
2023-11-29,UBER,0.009069185139770319,0.011974087321609718,0.008137065235727445,0.003374524832243893,16.972349306471603,0.0112354272737327
2023-11-30,UBER,0.0021219977804540543,-0.006321366186481015,-0.011014244906994791,-0.00035468092770562734,17.305017948029157,0.0156698829885158
2023-12-01,UBER,0.0010592790404382177,0.019104715060525402,0.012882647813782068,0.017058312338048838,17.15349834840354,0.0134667136410896
2023-12-04,UBER,0.05726624916093779,0.05144875766361334,0.040416573806716,0.022073712225072723,18.26305922606267,0.0408448967096216
2023-12-05,UBER,-0.03389580648775759,-0.03780343702217259,-0.014948106802600152,-0.011320872784880694,17.483437048899336,0.0187306214438281
2023-12-06,UBER,0.006186660372776502,0.022253104740844996,0.0113562260243281,0.030243534402481377,17.337006357203656,0.0161792409754235
2023-12-07,UBER,0.02202730993098206,0.01678071040025516,0.0197656838942055,0.020376743241704815,17.3538636190818,0.0164542904629088
2023-12-08,UBER,0.013979262047924823,0.020366659255637336,0.016412194888382685,0.011738009223324176,17.177440326706705,0.0137930240900812
2023-12-11,UBER,0.016716228017683347,0.011817474935579903,0.007081138126867749,0.012242393920464612,17.229614326081823,0.0145317653161173
2023-12-12,UBER,0.008657359928007894,0.000555487004278827,0.014498962162388298,0.004154058307779394,17.1166776743915,0.0129798779609632
2023-12-13,UBER,0.01033870911429267,-0.002303332177159512,-0.006164864757160341,-0.012029978832585938,17.545092823496443,0.019921817164055
2023-12-14,UBER,-0.011225274661438973,-0.001113846777017436,-0.013763942394317474,0.008516140070048302,17.618122655961532,0.0214311464448243
2023-12-15,UBER,0.0024160683105249785,0.011397897733349333,0.013112779823227998,-0.010292779618772762,19.713301038853857,0.1741685846937278
2023-12-18,UBER,-0.0024160683105250097,-0.016505645263092096,-0.0013035363629006903,-0.0021037481333573116,17.169406701456342,0.0136826600050471
2023-12-19,UBER,-0.00209859232816805,0.0033548890062120853,0.005852671466719092,0.006297952095874654,17.10442727561987,0.0128218392690058
2023-12-20,UBER,-0.006322455703979381,-0.006721132441413695,-0.017496966950577876,-0.023453821576504344,17.157881111227212,0.0135258645826785
2023-12-21,UBER,-0.004073989064462483,-0.008384448826281692,0.003376047202966771,0.012772382296430114,16.81122288131926,0.0095634209490788
2023-12-22,UBER,0.0074833450791523485,0.007661673720875351,0.007452604299470757,0.0040594356909850315,16.50399737115028,0.0070337498804165
2023-12-26,UBER,0.00016203422036211828,-0.0005625402491071669,0.0005546829072765865,0.004365767476923246,16.59291273939947,0.0076878053202328
2023-12-27,UBER,0.004688407548080166,0.019581928445985955,0.01112619662556932,0.02075755919495922,16.850752012676036,0.0099490257938425
2023-12-28,UBER,0.023117821139567576,0.001575275606821109,0.013377843451675807,-0.0022148307056869144,16.439860331194136,0.0065967884380243
2023-12-29,UBER,-0.017328152207534264,-0.006157742600641357,-0.024732398000595953,-0.025179739496654332,16.888319652988628,0.0103298966505567
2024-01-02,UBER,-0.02648625160532694,-0.035957111119950556,-0.056544440119629204,-0.05320135024467385,17.552670546408415,0.0200733525997019
2024-01-03,UBER,-0.05500074912485114,-0.033641157159969716,-0.010411311517393933,-0.0022292912760687135,17.274995746942885,0.0152064303402705
2024-01-04,UBER,0.013307039198863073,0.0015269794580915546,0.00695288228430421,-0.007755329967122809,16.829608200963833,0.0097408737738454
2024-01-05,UBER,-0.002406315855413236,-0.008085533528070324,-0.00887345218798397,-0.0038134454944723176,16.69892489123637,0.0085475740589298
2024-01-08,UBER,-0.0003442419592059152,0.011047984150050125,0.010949918307744614,0.024531575641093314,16.870124806395392,0.0101436453025464
2024-01-09,UBER,0.007033219606619865,0.023058683452899218,0.010318273707720628,0.021625198455435906,16.920989259983678,0.0106729434209356
2024-01-10,UBER,0.029973599269934374,0.03362070078942929,0.030828652536811364,0.03439342542028063,17.242664825856707,0.0147226550160549
2024-01-11,UBER,0.043975656772651875,0.015845680780240137,0.025873423615837988,0.01684185605011158,17.178968030874262,0.0138141118550292
2024-01-12,UBER,0.003328302944241445,0.020385014155677506,0.018260949267949498,-0.004263059326497668,17.087627616753313,0.0126082359900425
2024-01-16,UBER,-0.0031695868331057756,-0.014272631081932548,-0.0012706773027701557,0.007095035751736858,16.786530019973895,0.0093301644470007
2024-01-17,UBER,-0.0007939537814077274,-0.00910384312135192,-0.019904314885961734,-0.008361689360734292,16.80982187243392,0.0095500318919689
2024-01-18,UBER,0.016542310749546908,0.024608029657317128,0.027267479707384128,0.027501707858253822,16.999790838675573,0.0115480139391866
2024-01-19,UBER,0.013964563861603399,0.0059056371343959605,0.016041743504836625,0.0035387891490361407,16.827750870948346,0.0097227985467471
2024-01-22,UBER,0.008286082380768316,0.0034352256294747706,-0.004044842567267119,-0.008637992052854888,16.697609355767373,0.0085363368145697
2024-01-23,UBER,-0.014468505800316792,-0.012268257890092879,-0.007196572026593907,-0.003569544444013274,16.427020563102342,0.0065126286504766
2024-01-24,UBER,-0.007782140442054963,-0.006392777309759759,-0.0074068167248765296,-0.008744611968864934,16.66263266632071,0.0082429251916195
2024-01-25,UBER,0.004365438519236486,0.025042068259726,0.0077207956618828176,0.034528733869227876,16.904869822828008,0.0105022807608461
2024-01-26,UBER,0.021089102112530258,0.00022713443209532993,0.0244973774628495,-0.007299353716863029,16.38809232969226,0.0062639747327222
2024-01-29,UBER,-0.0007619513017448087,0.015847721085788125,0.004126817415346484,0.022038729174942002,16.581955508328736,0.007604028077174
2024-01-30,UBER,0.01962331725284288,0.008754473350709105,0.010016833916792478,-0.0020924685465017624,16.681253785938953,0.008397855709605
2024-01-31,UBER,-0.018100110901863708,-0.02150302972164234,-0.020982724940512197,-0.023769187722371746,16.65027569736305,0.0081416943562568
2024-02-01,UBER,0.006372435451502565,0.009015815856206593,0.011423363859650522,0.02212221600609579,16.341575225810296,0.0059792659968934
2024-02-02,UBER,0.012922802992328685,0.02072615334253095,0.013929154942972394,0.019881905754869155,16.740965260157708,0.0089145776779231
2024-02-05,UBER,0.018636754394251914,0.02517491011444035,0.020020780590229516,0.0134249526170713,17.076660161404096,0.0124707112462999
2024-02-06,UBER,0.011944784731130826,0.00981030758969678,0.008584359690709581,0.02122556906757276,17.355425887954038,0.0164800165797841
2024-02-07,UBER,-0.02144162273444441,0.017113634180032547,-0.017689207926023704,0.002551026067015896,17.585209364239173,0.0207372585601062
2024-02-08,UBER,0.06215939424649943,0.015867894023756553,0.05715431017629895,0.013496606813865051,16.889046156722443,0.0103374040861504
2024-02-09,UBER,-0.006975474682685626,-0.01392264695664279,-0.02136571646367785,-0.009823218581747041,16.853281733306435,0.0099742259120457
2024-02-12,UBER,-0.006038076397941193,-0.009203853432652658,-0.013798330679640716,-0.0255673547281448,16.78873650351511,0.0093507740313376
2024-02-13,UBER,-0.044717532333574915,-0.025971717335631892,-0.02990368680572728,-0.0018826286385618936,16.94477239289111,0.0109298220452003
2024-02-14,UBER,0.09417814204783356,0.1299302980400159,0.10789064631759972,0.13738327001167203,18.061813412773787,0.0333993376869548
2024-02-15,UBER,0.05730736571144747,0.033095262708819816,0.05204662761877996,0.027907602234513,17.512611150720097,0.0192851196804204
2024-02-16,UBER,0.019430295042464046,-0.012104982243417649,-0.002174029497607792,-0.03730089089240128,17.011838110500303,0.0116879774040457
2024-02-20,UBER,-0.029224898901419754,-0.030887567238633677,-0.029755991373021182,-0.023354460120995825,17.001991323413492,0.0115734531476954
2024-02-21,UBER,-0.024718225466669224,-0.011930105306815238,0.0007251433164771911,-0.0020909055155262017,16.530344431179056,0.0072215314063822
2024-02-22,UBER,0.041953387664180664,0.028371642448939128,0.021319738474465316,0.020587201173717457,16.634887501345908,0.0080173673973796
2024-02-23,UBER,-0.013789786017214515,-0.00945246168967839,0.002705652361533742,0.0021762560415820448,16.565904858596948,0.0074829527464521
2024-02-26,UBER,-0.002806497854548735,-0.005969424178935031,-0.005418645142883298,0.002043992339181776,16.625954939498953,0.0079460706682697
2024-02-27,UBER,0.004588341143759738,0.01579811687659131,0.006614562762599829,0.004964676840331903,16.433439168555104,0.0065545650900671
2024-02-28,UBER,-0.00050878805563074,-0.013761928105108331,-0.00506343633680195,-0.013036951276511118,16.288100079074855,0.0056679226010283
2024-02-29,UBER,-0.003185730695074949,0.01288380354651446,0.006565870272918198,0.022515695231054903,16.781067140539985,0.0092793338480443
2024-03-01,UBER,0.014571072333418011,0.022216252199657928,0.017679308032701138,0.019062419747518267,16.73440503678699,0.0088562874614341
2024-03-04,UBER,0.030230280253486598,0.008190231791768995,0.018362907019608538,0.003326612682956173,16.5874241148312,0.007645725426459
2024-03-05,UBER,-0.013639095514862962,-0.015829533947632684,-0.04247890048385953,-0.02755965586250044,16.799251269269075,0.009449613963645
2024-03-06,UBER,-0.008198849183699139,0.0017300967342714906,0.014106395502421243,-0.005705930150686414,16.43543610807179,0.0065676672388104
2024-03-07,UBER,-0.009650969744502334,-0.011362006500448423,-0.0034440577635178617,0.009743882946020964,16.445476759648653,0.0066339430715041
2024-03-08,UBER,0.006777996352952242,0.02351169864041485,-0.000639139171341417,-0.008981234377338464,16.6133466778971,0.0078465134650457
2024-03-11,UBER,-0.015633267177404243,-0.03842088665413622,-0.02171470003632492,-0.01575233624533758,16.438830487467467,0.0065899982733471
2024-03-12,UBER,-0.008806065661975558,-0.005210611338766495,0.012337076994066247,0.01091221392481203,16.240649598803714,0.0054052579913696
2024-03-13,UBER,-0.00012822429468898453,0.015312821668188321,0.005791109906246485,-0.0008941649054680516,16.305827628328235,0.0057692968905743
2024-03-14,UBER,0.004349454801738457,-0.015312821668188448,-0.013305095417517386,-0.007697260174840277,16.360037482243488,0.0060906820792719
2024-03-15,UBER,-0.017252859637646247,-0.008188467200367559,-0.01480350471495312,-0.020557604247988203,17.016303916011587,0.0117402903628963
2024-03-18,UBER,0.0,-0.010849968977438566,-0.028242430905714305,-0.0048758448678734335,16.75661244892464,0.0090551627775765
2024-03-19,UBER,-0.021263470451177394,0.0023349382098673994,0.007169442375609026,0.01806574717185485,16.383164025253866,0.0062331799013696
2024-03-20,UBER,0.022431571564325712,0.022674341983788603,0.033923983358388324,0.02003660077615824,16.25702254912892,0.0054944864933946
2024-03-21,UBER,0.03204055071417195,0.028469976341800145,0.03003301176095372,0.020266293932551534,16.59997232828291,0.0077422700918333
2024-03-22,UBER,0.0025094690173373,-0.009648842884344668,0.00138986205982346,-0.00024921040318552125,15.997452391258218,0.0042383538461849
2024-03-25,UBER,0.0023780574561695464,0.007307035732860385,0.002396147760922532,-0.010273200583344938,16.143207785293235,0.0049034074400557
2024-03-26,UBER,-0.0023780574561695616,-0.010668760217161375,-0.02048809501571124,-0.019069989676473068,16.336291060385314,0.0059477538946242
2024-03-27,UBER,-0.010582159167939842,-0.014826258553472834,-0.012028862903978671,0.002563736089084569,16.39246457035314,0.0062914222997974
2024-03-28,UBER,-0.013515411066036718,-0.01209816640554518,0.0005853611064983284,-0.014442581893104685,16.412398333723186,0.0064180923436689
2024-04-01,UBER,-0.01162055061068097,-0.003465373028181246,-0.01170747094948366,-0.00769279939838992,16.31709412175911,0.005834664180107
2024-04-02,UBER,-0.017555754246616047,-0.005802310733899277,-0.013645290488805776,0.007562975318754401,16.57797324704114,0.0075738070625547
2024-04-03,UBER,0.015475622634393425,0.019465291757984927,0.020725442161454163,-0.002210883237881107,16.805380732943657,0.0095077129078895
2024-04-04,UBER,0.005192139661803019,-0.015078235200624587,-0.02728281391855782,-0.02491395508982939,16.65991405803212,0.0082205463390216
2024-04-05,UBER,-0.02490627624714017,0.009291048134895424,0.00589017509533372,0.029460382363012905,16.88548262712575,0.0103006319971595
2024-04-08,UBER,0.017890514928848203,-0.019774513913871607,-0.013031705246801617,-0.02799321821066506,16.945231663251562,0.0109348429416165
2024-04-09,UBER,-0.02548497846994721,-0.017852936822800838,-0.00841932081318348,0.0014650147348611994,16.437770527084794,0.0065830168364256
2024-04-10,UBER,-0.00496072776685396,-0.0025861185386369784,0.0027917060774079565,-0.0105693796397181,16.343947611219527,0.0059934679610421
2024-04-11,UBER,0.0053619634311609515,0.016528177539559853,0.0157855156603397,0.024315312673194398,16.42951385432744,0.0065288867912529
2024-04-12,UBER,0.0033366729631336663,-0.009712609192716876,-0.002882189303417592,-0.011884485994820665,16.265014616286724,0.0055385747457349
2024-04-15,UBER,0.0175662470954638,0.01127881609412021,-0.021850644244760065,-0.025290522652609632,16.59391987015626,0.0076955518461321
2024-04-16,UBER,-0.03993316759750743,-0.026160870872052756,-0.0024728727032792544,0.009896315208733011,16.490562316706175,0.0069398830264643
2024-04-17,UBER,0.021700435295888477,0.012174596666039601,-0.023098230990656003,-0.029987799413565726,16.54747915332799,0.0073463365458705
2024-04-18,UBER,-0.037217358253704765,-0.03718343740856101,-0.005646563916011659,-0.00893610198227636,16.83231920607739,0.0097673171616374
2024-04-19,UBER,-0.015480409300800638,-0.023680864560926124,-0.03251620361069183,-0.029895551698825164,16.954806278141678,0.0110400426760511
2024-04-22,UBER,-0.00946131672429078,-0.003660974724718952,0.0014614368094260654,-0.003184162349065421,17.10409530189616,0.0128175834615673
2024-04-23,UBER,-0.0065481616734921295,0.0035203866836395876,0.016510140980213195,0.02604238762958609,16.637734384929704,0.0080402244305886
2024-04-24,UBER,0.001854960716107046,-0.013016569816458998,-0.032926358337811906,-0.020548702531547718,17.130263710868743,0.013157426421852
2024-04-25,UBER,-0.03318905994976915,0.000996366088548602,0.00022263371930571286,-0.0007211805666011504,16.83813794365408,0.0098243162904764
2024-04-26,UBER,0.030691245245099138,-0.0019937259126860895,0.019400957590956527,-0.003758236653800274,16.599756136786805,0.0077405964596945
2024-04-29,UBER,-0.021304268327279417,-0.021468986933716273,-0.022075952690751383,-0.02418588349423394,16.816359767642535,0.0096126735520186
2024-04-30,UBER,-0.018788565811338573,-0.0008888982361103702,-0.016958420693222405,-0.01690778511268331,16.938197060695753,0.0108581905896626
2024-05-01,UBER,-0.017784546541689365,0.011753058981732602,-0.003183495207190436,0.022677449503488604,16.872653074065667,0.0101693236013607
2024-05-02,UBER,0.03511221402152412,-0.005402849353462828,0.026446450951018302,0.01144041189748091,16.718540802529702,0.0087168978133083
2024-05-03,UBER,0.020905671720154145,0.018698213270123196,0.0205634378650774,0.009579226333812302,16.560066315155645,0.007439390492784
2024-05-06,UBER,0.016401358384485504,0.048303327439104135,0.025769711298330368,0.03240298675396285,17.03446241994158,0.011955423819815
2024-05-07,UBER,0.022835848849305604,-0.0161139675771787,-0.014676832840268831,-0.015218016843119504,17.011211958211316,0.0116806612406964
2024-05-08,UBER,-0.1188505020888942,-0.0778425237745808,-0.08933243855956086,-0.05892223362786388,18.24894299257172,0.0402723710639921
2024-05-09,UBER,0.0351875095931312,0.020181914729659998,0.04465268235013538,0.022780688233222456,17.146482201328556,0.0133725598787707
2024-05-10,UBER,0.01500439880284415,-0.00981905980860658,-0.00525721781786702,-0.013934445064335015,16.75596270553192,0.0090492811560604
2024-05-13,UBER,-0.012164512806736189,-0.012388625106484983,-0.02562678785095915,-0.014585647053555573,16.75905972030849,0.00907735035793
2024-05-14,UBER,-0.017313214373717373,-0.014478708157369256,0.0004634089681143708,-0.010659412147570744,16.783989870280852,0.0093064945067529
2024-05-15,UBER,0.0022753370091768174,0.008436404043487144,0.007232488498225083,0.019706610562869587,16.60720932703547,0.0077985041316947
2024-05-16,UBER,0.014590034123144436,0.010000801935690464,0.011888552948553295,-0.008592796821037326,16.807410547690022,0.0095270314045766
2024-05-17,UBER,-0.007042828487761447,-0.010300941052766788,-0.007299353716863029,-0.0057699048518705005,16.569381502995167,0.0075090135897552
2024-05-20,UBER,-0.013016690738388218,-0.011621844350039746,-0.018717994845757233,-0.01565404350019993,16.57958822621984,0.007586048486198
2024-05-21,UBER,-0.023273026590998783,-0.01869501552959567,-0.007727454061985684,-0.010573886275537483,16.62446140427041,0.0079342117891152
2024-05-22,UBER,0.010701962672930105,0.02202926525139976,0.011065261825838163,0.023330561225003973,16.93178210969048,0.0107887587649358
2024-05-23,UBER,0.011351523631011084,-0.004397509360846109,-0.019880073620028176,-0.02913135741521198,16.81697641308017,0.0096186029915958
2024-05-24,UBER,-0.027526074193728826,-0.015931722914252818,0.005832741924383263,0.010323940576991543,16.15543970043321,0.0049637538331722
2024-05-28,UBER,0.012929564574144315,-0.0023189547795374123,-0.008207124166761816,-0.011582562785773846,16.46968877429188,0.0067965244792666
2024-05-29,UBER,-0.025075789700916392,0.011617707315480001,-0.003015614208807732,0.02195494707498183,16.648011942755275,0.0081232844027308
2024-05-30,UBER,0.02785786727669301,0.0006882936278570979,0.012793373042703846,-0.012553400644089139,16.35652190459037,0.0060693074059572
2024-05-31,UBER,-0.009148121431808844,-0.011996551182326412,-0.009144030735940134,0.006838615569230842,16.667511077356938,0.0082832358171324
2024-06-03,UBER,0.008993731738609834,0.005093024981924428,-0.003252003898955279,-0.011998533539538895,16.518360661967108,0.0071355067144514
2024-06-04,UBER,-0.01117678882958783,0.0035344386273590584,0.012082104990937464,0.011843711964004033,16.356261874745357,0.0060677294099407
2024-06-05,UBER,0.013643698199730247,0.016582053753921952,0.007974372992438136,0.019483574308597436,16.786617142938432,0.0093309773540395
2024-06-06,UBER,0.03792273313952424,0.050168696341807914,0.04744698220478962,0.0457324612872225,17.068652573352665,0.0123712496791981
2024-06-07,UBER,0.021269662756873323,0.00028689588213325296,0.01151812446207216,0.005932960539552395,16.44974204763695,0.0066622991817403
2024-06-10,UBER,0.005500046468434961,-0.000272554606743548,-0.023020294381317943,-0.0102966482167416,16.768799784218302,0.0091661963154661
2024-06-11,UBER,-0.009863734145624173,-0.0013066663413656822,0.01786832203705095,0.014328313743975815,16.36035147368085,0.0060925948017161
2024-06-12,UBER,0.03874402331498509,0.05588045958595369,0.046707795171093365,0.04989132209303934,17.011547591852505,0.0116845823217071
2024-06-13,UBER,0.02561233777514177,-0.005996131423946627,-0.010761958127758597,-0.03180604027491056,16.65513863648875,0.0081813833469753
2024-06-14,UBER,-0.031237354618459286,-0.02996899653751798,-0.013184458468571901,-0.011354125128833941,16.266610565365667,0.0055474210870396
2024-06-17,UBER,-0.014202766053283584,-0.002397211424384191,0.007330282634563809,0.006118842558366566,16.507465319649977,0.007058184909642
2024-06-18,UBER,0.009821369979089927,0.005350579520377557,0.0008588256764575224,-0.002272349125230418,16.068022769458658,0.0045482627002169
2024-06-20,UBER,-0.0012755488583878097,-0.0012646153126780692,-0.0022918793812037354,-0.000426634127999922,16.18223418586206,0.0050985529474318
2024-06-21,UBER,-0.006688053538649098,-0.012308321610775684,-0.007196346195290059,-0.0012811042377986381,16.855895925994385,0.0100003345734099
2024-06-24,UBER,-0.003002777409594955,0.013853816904492685,0.0074830775219626375,0.004689199797430481,16.339581909721574,0.0059673592996779
2024-06-25,UBER,0.028656047099444387,0.023723093733617917,0.006715767422791778,0.011837741796954446,16.755286101249666,0.0090431604442388
2024-06-26,UBER,-0.012885306418431136,-0.01854216619652386,0.004688533431221732,-0.007452734983763012,16.14108935781061,0.0048930309207956
2024-06-27,UBER,0.0005637107518645556,-0.003918263939467107,-0.006826983528344644,-0.007224369617072746,16.08252038906597,0.0046146819870939
2024-06-28,UBER,-0.0023979953270137798,0.026837997794268247,0.009940396626132799,0.03272567274400262,16.87777472394551,0.0102215409240891
2024-07-01,UBER,0.019439804445253315,-0.009325359497230134,-0.019548245153790243,-0.02197893237869712,16.413649236602478,0.0064261257779348
2024-07-02,UBER,-0.013245184481906046,-0.018354236857348626,-0.007521069254896057,-0.006066186555336013,16.47709795449342,0.0068470681698563
2024-07-03,UBER,-0.008315125390570216,0.012273476859075053,0.0232468895736328,0.00887524142906809,15.878543334178085,0.0037631857729684
2024-07-05,UBER,0.004659298201113019,-0.010058738856365502,-0.0016325071876452152,-0.0033718139859907526,15.702459139062167,0.0031556094885478
2024-07-08,UBER,0.004497543844388904,0.005055940554914117,0.005172333892769163,0.0026702629128489736,15.793901864698872,0.0034577718166805
2024-07-09,UBER,0.0012613549126999674,0.006941580122207446,0.005356613608523022,0.0009819695672146928,15.985466822328917,0.0041878579736563
2024-07-10,UBER,0.0013995589835703896,-0.010849999135533138,-0.039428806087168124,-0.029164925143041392,16.499186164236438,0.0069999903292753
2024-07-11,UBER,-0.028226791854860867,0.029558756658902383,0.00684985896759568,0.05968160603376775,17.100267789395662,0.0127686177669941
2024-07-12,UBER,0.03672208154774073,0.002102566599293481,0.046262536380544346,-0.015072887186077136,16.502248661092448,0.0070214606387121
2024-07-15,UBER,0.013088248557838378,-0.007480525060981121,-0.018884715496600014,-0.0019347627437709956,16.41616862551433,0.0064423361006499
2024-07-16,UBER,0.000684176702944823,0.028929047353854282,0.0326571407573832,0.027425173120316265,16.679367267253003,0.0083820279313787
2024-07-17,UBER,0.003686216843937745,-0.02674707924264033,-0.06432881739346007,-0.07952691534089668,17.14357798649205,0.0133337794312132
2024-07-18,UBER,-0.0615448769003034,-0.05702380487310828,-0.04086458188993839,-0.034997648344401396,16.90604838401965,0.0105146656386727
2024-07-19,UBER,-0.03270288836122284,-0.027798061240522687,0.004396958403012782,0.015722348639672167,16.36570552584684,0.0061253023555131
2024-07-22,UBER,0.011168309274257092,0.019674637361423095,0.014791734621921957,0.006220485038734517,16.41136217628634,0.006411445633175
2024-07-23,UBER,0.007670848432996924,0.00464172143525746,0.0029025391259056444,-0.003105462220195631,16.070983183668123,0.0045617473934489
2024-07-24,UBER,-0.011528451808164648,-0.01914000374322086,-0.022547175317515936,-0.020650102244611366,16.535957007114998,0.0072621767583228
2024-07-25,UBER,-0.019059580108700288,0.023039832042215127,-0.021202165399471475,-0.006066162584537251,16.93332333094637,0.0108053994502009
2024-07-26,UBER,0.0015139817468138085,-0.045868107878563276,-0.0034220163673705077,-0.02059387893685386,16.670796212305405,0.0083104921119632
2024-07-29,UBER,-0.01932315689327321,-0.015283799582366826,-0.007193136237561789,-0.009987648646881741,16.6432383544662,0.0080845995912955
2024-07-30,UBER,-0.010621452032211778,-0.007460148163205328,-0.01757348469346041,-0.010563727355904667,16.619246686450662,0.0078929448023802
2024-07-31,UBER,-0.004217774780291081,0.006340863658392328,0.016631399951340664,0.021637737455672084,16.71746503201929,0.0087075254733314
2024-08-01,UBER,0.015224770222000998,-0.0027960751290542507,-0.0466247693539914,-0.0549983314665788,16.758258687397014,0.0090700820126418
2024-08-02,UBER,-0.08827362296605618,-0.08706729187779423,-0.06633953314589511,-0.033833720321990474,17.13530267353609,0.0132238935267902
2024-08-05,UBER,-0.06703409405266064,-0.015732376901667997,-0.03617225948060745,-0.008683158854568973,17.283235138283395,0.015332239659042
2024-08-06,UBER,0.11904283144489926,0.1153361377624985,0.09822350756026249,0.10370050195092405,17.792138976042704,0.0255046714343747
2024-08-07,UBER,0.04699949192071597,0.038449108058002314,0.0792540615739802,0.010275347674903498,17.265294940302415,0.0150596288926732
2024-08-08,UBER,0.014612123164314551,0.011122120626961784,0.006999406278735868,0.051590795348231196,16.89646139821683,0.010414343346471
2024-08-09,UBER,0.0385555858650379,0.0031036343904471482,0.02692762687029834,-0.006833922783860197,16.36263279860016,0.0061065098574982
2024-08-12,UBER,-0.007695120066959296,-0.00100944124863618,0.003977270467082807,0.010450040013889519,16.197470535687746,0.0051768311134633
2024-08-13,UBER,0.016765764238104358,0.02676323270456335,0.019796871727191405,0.025656986417996117,16.554574877226447,0.0073986495047211
2024-08-14,UBER,0.02589098281858168,0.011313725606043887,0.01757318421815301,0.012168871886031241,16.32811351611058,0.0058993141987232
2024-08-15,UBER,0.012629460189243292,0.01953023411317898,0.023514033504615554,0.011060572200612235,16.433730941274106,0.0065564778125114
2024-08-16,UBER,-0.000137950984056079,-0.0009538693429554832,-0.00742831933117999,-0.00953246730620181,16.262048884544775,0.0055221731507753
2024-08-19,UBER,-0.006920442844573795,0.011791188293264008,0.0005573098967366176,0.029273043159082204,16.441721510802097,0.0066090776797287
2024-08-20,UBER,0.031040937466096742,0.0034970059608788458,0.020472893465398705,-0.011797584242439804,16.142446839416447,0.0048996776312894
2024-08-21,UBER,-0.007432907121887112,-0.002554312553011304,-0.0030067157571278024,0.0023163140989260794,16.044470746723885,0.0044423935129268
2024-08-22,UBER,-0.0023086608205308604,-0.002290927014369278,-0.005352368518980524,-0.0023163140989260617,16.074342385290805,0.0045770969910641
2024-08-23,UBER,-0.009562976844009908,0.004509502161896871,-0.004413187444447697,0.01341400086417405,16.38549345664425,0.006247716591946
2024-08-26,UBER,0.019708481101444807,-0.0020839478377690608,-0.003322692594410266,-0.023008330999125186,16.213396830722143,0.0052599389036666
2024-08-27,UBER,-0.02466240095369572,-0.016419484408979602,-0.004308220835073475,-0.0006888896378866556,15.802576497252426,0.0034878971951776
2024-08-28,UBER,0.00013797001715579757,-0.00741548699379207,-0.010923038310267603,-0.00983318087212985,16.069892419510175,0.0045567743150938
2024-08-29,UBER,0.0,0.010011682313410647,0.015508528189859476,0.0054132882494056615,16.04561108344685,0.0044474622274041
2024-08-30,UBER,0.005364885159894461,0.001895036543310891,-0.0009709369976002391,0.0122447621878981,16.355292076471738,0.0060618477884246
2024-09-03,UBER,-0.004399837935738837,0.0025981541111893404,-0.011865826302451006,-0.017101477219626852,16.384551609938043,0.0062418349704299
2024-09-04,UBER,-0.014574525156518083,-0.012577037279215563,0.0012631250845927284,-0.004600939982098742,15.894427086849008,0.0038234365299628
2024-09-05,UBER,-0.006171054881339658,-0.0009634532756141599,-0.005343914834488925,-0.004341405374845583,16.00053895218581,0.0042514559949281
2024-09-06,UBER,0.0007031210849429618,-0.00829659219788037,-0.03138127421830634,-0.02371762310914524,16.25348290790083,0.0054750723605853
2024-09-09,UBER,-0.0025337895386143825,-0.01159141819958645,0.013067458190323433,0.0031568574501698423,15.990784983723842,0.0042101890081931
2024-09-10,UBER,-0.013480118543896663,-0.010307233490495733,-0.029039124352580277,-0.011672517896117094,16.822538840698495,0.0096722548561574
2024-09-11,UBER,-0.01685551903651953,-0.0034119717952490656,-0.007717411927428388,0.01610391033083664,16.50144472590927,0.0070158181075016
2024-09-12,UBER,0.017712259909137777,0.003837637356076929,0.010817260712452979,-0.029235140212995933,16.611675477151405,0.0078334113163025
2024-09-13,UBER,0.03285433754536877,0.03162676898078714,0.044535119968687774,0.062480402338523755,17.229179874041936,0.0145254533320512
2024-09-16,UBER,-0.0005526515053212609,-0.003511032600501811,0.0014086278108433254,-0.013333624121765123,16.301807990165898,0.0057461529489987
2024-09-17,UBER,-0.0054042864810347,0.016823255671019888,0.003793424232286148,0.01746409148323907,16.49925447350888,0.0070004685098863
2024-09-18,UBER,0.011054353747268885,0.01360557794353082,0.01229271923187838,0.009844230807285265,16.27688421629135,0.0056047071242453
2024-09-19,UBER,0.029917719850559625,0.022752320819148276,0.032274882597582925,0.023929072842829288,16.688984854480196,0.0084630317268933
2024-09-20,UBER,-0.0021362312376179806,-0.018613117551862457,-0.014985669428958308,-0.017960492534386658,16.676150278058927,0.0083551063629757
2024-09-23,UBER,0.00386848898282235,0.002927005705414267,0.00446920741915856,0.010359953206061165,15.929993538901021,0.0039618698168664
2024-09-24,UBER,0.011779626462308233,0.029325383406247775,0.029250865960003244,0.03588953476145002,16.59428020139402,0.0076983252936763
2024-09-25,UBER,0.01967364756779638,0.009885139079686401,0.014505325718059478,-0.0038815296269207942,16.345438453064563,0.006002409938469
2024-09-26,UBER,0.010906613011282882,0.002169313344553671,-0.025623957478074038,-0.005850591256316123,16.509367239273153,0.007071621784813
2024-09-27,UBER,-0.01711866034764927,-0.01761757297695208,0.0075582103062191595,-0.012332909222029351,15.841037082068041,0.0036246568499426
2024-09-30,UBER,-0.022449240780532547,-0.01780152483901621,-0.019273041635165796,-0.007819221120035101,16.37977514256084,0.0062120921364216
2024-10-01,UBER,0.005956691901794841,0.0006600491766242037,-0.005604537894996748,-0.012316163566154826,16.01056622936802,0.0042943009776796
2024-10-02,UBER,-0.022421870638308704,-0.019456892323989484,-0.014321944891578852,-0.018625990329565176,16.242382027311855,0.0054146303313465
2024-10-03,UBER,-0.0208667488405575,-0.01491348816197856,-0.012302309758580538,0.0009601494782421436,16.222122367501452,0.0053060355145734
2024-10-04,UBER,0.021136712038862006,0.015048079246287325,0.018192338414568434,0.018204501198733007,16.190444312145953,0.0051405850231445
2024-10-07,UBER,0.00195459429537559,0.01892630386951984,0.006941193167841813,0.0041646808198527695,16.545244035134303,0.0073299349509109
2024-10-08,UBER,0.013310825134590348,0.016758690532679782,0.01787794364916279,0.02096125947509179,16.694725925231698,0.0085117583311609
2024-10-09,UBER,0.009917436657345924,0.012130778094265132,0.011853322585912646,0.022073144514626764,16.663386525491802,0.0082491415395634
2024-10-10,UBER,0.021478228959091232,0.0035851355271948084,0.012364812587252222,0.000641830974847669,16.52579832052434,0.0071887760345242
2024-10-11,UBER,0.05450767801883091,0.10612712023158132,0.06250458216632196,0.10261031187723295,17.863645391328195,0.0273952062982859
2024-10-14,UBER,0.04343320933028402,-0.009469982925747876,0.02794688844740258,-0.01634779408451045,16.50691640716395,0.0070543116466924
2024-10-15,UBER,-0.010210789574714363,-0.016496468709013116,-0.018342524238733428,-0.02069784248045929,16.514082717333917,0.0071050466095265
2024-10-16,UBER,-0.021944784876790226,-0.015334544598394256,-0.012540479100462982,-0.015748301657357217,16.333086136171058,0.0059287223063038
2024-10-17,UBER,-0.03697077071382945,-0.03164058166794242,-0.027450012604910142,-0.024723137620436802,17.125075027046513,0.0130893335028362
2024-10-18,UBER,0.007603659219885425,-0.004088393244000467,-0.00771131543187099,-0.009304704873103467,16.467815534439406,0.0067838048750123
2024-10-21,UBER,-0.0073533868254280375,0.0002482204919091585,0.009472757554834722,0.01628898814649424,16.234873826356143,0.0053741284335892
2024-10-22,UBER,0.006608075504048166,0.008404453208452034,0.005390852244275938,-0.0006215630399614659,16.19078842934041,0.0051423542914054
2024-10-23,UBER,-0.005170557061614319,-0.011512169065927114,-0.007782174723295126,-0.0072391955083844035,15.977672104771617,0.0041553416921038
2024-10-24,UBER,-0.025941010277215227,-0.02164697212197671,-0.028372525799715248,-0.018330638865020395,16.538180107068783,0.0072783392629769
2024-10-25,UBER,0.0032637520899685742,0.003048755812684676,-0.0023361504065182513,-0.009743596403873291,16.277438627452252,0.0056078152982173
2024-10-28,UBER,-0.0007670355526188903,-0.005851678105016353,0.006604985939612981,0.0009014190615650673,16.046803817453544,0.0044527700321869
2024-10-29,UBER,-0.004485729846464421,0.020332842424899564,0.003864929141041148,0.019375961530655832,16.48756052393585,0.0069190821698829
2024-10-30,UBER,0.017571178666861437,0.0010620572294667674,0.013411058353091535,0.002773592569153745,16.523407480653283,0.0071716093505869
2024-10-31,UBER,-0.061555931961111976,-0.06560891455755131,-0.12053035602080246,-0.0975157696854713,17.975129323768243,0.0306260814150155
2024-11-01,UBER,-0.0075451388582802315,-0.011264653664213095,0.03349591511829281,0.016517883095535243,17.328314935342785,0.0160392296925033
2024-11-04,UBER,-0.016225080475631776,0.0009435829173293844,0.005658750201137497,0.0,16.520161722213597,0.0071483697728891
2024-11-05,UBER,0.010936582488132212,0.0016154435279346706,0.007950613445092744,0.01221184126503669,16.323042726024905,0.0058694757285927
2024-11-06,UBER,-0.001292489789773498,0.0037594889931190823,-0.03471640865076471,0.0028280818990927045,17.0892798268972,0.012629084664685
2024-11-07,UBER,0.035375246066708346,0.02357411154411487,0.027866128202806095,-0.016679529335975232,17.00622971833621,0.011622610114513
2024-11-08,UBER,-0.03557946526088513,-0.03788134959791009,-0.016425021163061822,-0.015017108708978528,16.81884391991247,0.0096365825825719
2024-11-11,UBER,-0.010815368536341156,-0.007641925398410396,-0.003009260430191431,-0.005428357445885603,16.93709107797056,0.0108461882563248
2024-11-12,UBER,-0.00940402853845243,-0.004393193421524476,-0.001964353041397628,-0.0039155241037865315,16.78282797621985,0.0092956876249428
2024-11-13,UBER,-0.006132457426308346,-0.00828960902369515,-0.009171054000673726,-0.002946737206015036,16.52396074572782,0.0071755782496588
2024-11-14,UBER,-0.0051860107940163895,0.00925226734843028,0.002972177925898839,0.0039270564817974,16.670381842912995,0.0083070492115635
2024-11-15,UBER,0.01312310886686872,0.01202360802653695,0.01403334803825108,0.025020277154714048,16.99276827983528,0.0114672014159165
2024-11-18,UBER,-0.0008324901111817228,-0.021830981061786513,-0.05676500756211217,-0.055000508532065645,17.627454653246147,0.0216320779375943
2024-11-19,UBER,-0.05024178182025104,-0.03445698759952628,0.00588228014470747,-0.0028889891386200003,16.919608372561257,0.0106582154581147
2024-11-20,UBER,0.011320857656167777,0.010433930938287156,0.010937039876629438,0.006775795190335091,16.628317152279088,0.0079648631662846
2024-11-21,UBER,0.01375969936158584,0.007648775222264689,-0.0021777706826210065,0.0005745607187800834,17.060354318437998,0.0122690146645522
2024-11-22,UBER,-0.003565066164496146,0.009409495050912339,0.007962335462018544,0.026498223797868977,16.51513207059479,0.0071125062270591
2024-11-25,UBER,0.03646965876377542,0.027708741911443603,0.035136116819952753,0.02635902319575908,16.674655402539344,0.0083426258490268
2024-11-26,UBER,0.012184412659330153,-0.0006800823209430685,-0.006845112980653504,-0.02566012860562877,16.433264064051926,0.0065534174566006
2024-11-27,UBER,-0.019650242032704508,-0.010944063656729603,-0.004636386320041964,0.0008381783960525206,16.377979996814144,0.0062009505281837
2024-11-29,UBER,-0.005008366397056655,-0.003582675844388621,0.007156341650748971,0.004735993439948508,15.810034120875725,0.0035140058565418
2024-12-02,UBER,0.0032027230792389346,0.013710112838110803,-0.0006992856164418691,0.015307485267034491,16.264323686500106,0.0055347493008463
2024-12-03,UBER,0.0155875598287381,-0.002590531658606985,-0.0030829791630648394,-0.02494244721449888,16.361865098433018,0.0061018236875097
2024-12-04,UBER,-0.022983097234288683,-0.011671927429830769,-0.008456688420503887,0.012410492092077497,16.664081891444837,0.0082548797068962
2024-12-05,UBER,0.007395537405550716,-0.005123638513223283,-0.09448960884934768,-0.1009663892331841,18.16346839852996,0.03697311611988
2024-12-06,UBER,-0.07924368888831437,-0.070898660716858,0.014210900247596352,0.013097856800379046,17.41044193169514,0.0174120862268743
2024-12-09,UBER,-0.014399596592421602,-0.013956860885273521,-0.002149538606757278,-0.005309858330481263,17.1334314338595,0.0131991715891981
2024-12-10,UBER,0.0025920296790083613,-0.006215377118810741,-0.006476478749227508,-0.011935853981220046,16.979841534183066,0.0113199217877081
2024-12-11,UBER,-0.017976948518487936,-0.016327869182410637,-0.07066284531515049,-0.05995133804879337,18.079450218609683,0.0339936205503878
2024-12-12,UBER,-0.020914859025507087,-0.018014270800722744,0.01679328996946683,0.0037523421456479157,17.637022272479477,0.0218400386853469
2024-12-13,UBER,-0.020876587652636606,-0.020350505195576643,-0.024962008540676265,-0.024395466294269894,17.67255561531413,0.0226300408728894
2024-12-16,UBER,-0.025375826890152116,-0.015539307558299154,0.0063407062342255615,0.005325352808466488,17.46908405226914,0.018463701026731
2024-12-17,UBER,-0.014867111014430745,-0.004250428521160169,-0.013227435985628321,0.01286295418394936,17.371586954153564,0.0167485149928978
2024-12-18,UBER,0.03261610627820633,0.046415720178876296,0.02529668322470744,0.0032717314590156375,17.660040302641303,0.0223485837652158
2024-12-19,UBER,0.007465128670652949,-0.025823173558100262,-0.014400628668540518,-0.01679882174294253,17.14095660250327,0.0132988722466054
2024-12-20,UBER,-0.02895186304179948,-0.014875003098580749,-0.0038419748773043955,0.00859936610101119,17.088029552100146,0.0126133047045198
2024-12-23,UBER,0.01314451997197005,0.01342956559142796,0.016762459291415874,0.018597589907235926,16.593932297532998,0.0076956474822543
2024-12-24,UBER,0.01774568557427733,-0.00386476611469993,0.0019730809949941417,-0.002589414782022497,15.88015579726465,0.003769258666729
2024-12-26,UBER,-0.005988570903595257,-0.00016132830162716777,0.0045886474679346775,-0.002433646218161964,16.353879061614144,0.0060532883554865
2024-12-27,UBER,-0.006743427122789672,-0.011523342666744851,-0.01881553092689148,-0.007009569765366846,16.41698476427235,0.0064475960873716
2024-12-30,UBER,-0.011109805750360762,0.0017940249909254116,0.0016646994793124658,-0.005906507833494069,16.689594892987458,0.0084681960774928
2024-12-31,UBER,0.00806525127774944,-0.004409257792407008,0.000831311682518286,-0.007432535039567958,16.48878303055651,0.0069275459666987
2025-01-02,UBER,0.019320328860302365,0.03679426946347904,0.018769125372828155,0.0461657572840447,17.069718815642634,0.0123844474640636
2025-01-03,UBER,0.023833349787546705,0.02846007841031204,0.03415157150577603,0.022230067422138254,17.167300620055773,0.0136538735322609
2025-01-06,UBER,0.05021723332840953,0.03213669112254049,0.04016607723564356,0.026281135216101693,17.31143313017608,0.0157707312793897
2025-01-07,UBER,0.022442941869843924,0.021882037945519406,-0.0013638000256397387,-0.0024157649347882754,17.380746741865586,0.0169026326038444
2025-01-08,UBER,-0.030990638556921878,-0.03187985568661747,-0.02814046231313199,-0.018923162164279406,17.015134284767264,0.0117265665793587
2025-01-10,UBER,-0.02903185566076511,-0.0012005078240661245,-0.002498496924687467,0.01619836027505456,17.240710916098486,0.0146939163613298
2025-01-13,UBER,0.01010380405977091,0.00889428082213476,0.016436989594819297,-0.004101232698018934,16.99190054656157,0.0114572552592063
2025-01-14,UBER,0.015307078206254793,-0.005746102062525308,-0.0061708603465696335,-0.013176238652369266,17.063393615511764,0.0123063605702765
2025-01-15,UBER,-0.0022698280048487067,0.006489973725058904,0.02128227516296177,0.03306839183232453,16.938086957886483,0.0108569951381349
2025-01-16,UBER,0.026018181696906364,0.03413448891969771,0.024393236943945806,0.023009941513688983,17.183258044559235,0.0138735018869236
2025-01-17,UBER,0.015379329536431686,-0.008080927006872235,-0.0060798885938277095,-0.01824661438376902,17.116489771996587,0.0129774392398467
2025-01-21,UBER,-0.011696084120135277,-0.012244997846954497,-0.005668345690483652,0.005922456503345024,16.88000372276655,0.010244350139237
2025-01-22,UBER,0.005718901009324744,0.0036600582382967585,0.009676317155945852,0.0011803163438088022,16.71307863788823,0.0086694144786295
2025-01-23,UBER,-0.011618645708686438,-0.0008771573260552752,-0.003859321108302827,0.007052679060707501,16.54697782678796,0.0073426545551653
2025-01-24,UBER,0.015995703291427032,0.013654988607418966,0.017104570166494387,0.0037994274213377565,16.47997808236746,0.0068668170290933
2025-01-27,UBER,-0.015404148761322485,0.0014418414065870229,-0.015172991195486546,0.003058315838071442,16.855479836247675,0.0099961744020936
2025-01-28,UBER,0.01014942058306631,0.0038106150558725143,-0.0030922061759655695,-0.010230971541222968,17.033926317018427,0.0119490161996267
2025-01-29,UBER,-0.007786695632389981,-0.02345198396653064,-0.02018391068655029,-0.019582285696237114,17.20303492183131,0.0141506075510364
2025-01-30,UBER,-0.06678299971920615,-0.012389056481415178,-0.037144498640353366,-0.0023999361527141487,17.319460086446043,0.0158978316858111
2025-01-31,UBER,0.05625570675144961,0.009593574463982214,0.044908273440206536,0.0038969195948934166,16.801475334449982,0.0094706539105319
2025-02-03,UBER,-0.027042863972962364,0.01433605182835321,-0.017565503460783703,0.006560370083385317,17.04591965818747,0.0120931876538632
2025-02-04,UBER,0.035946411571166695,0.019275682512853578,0.03781648437023114,0.03590576989555165,17.335563022656846,0.0161559057616035
2025-02-05,UBER,-0.017736546926165376,-0.05025158824479226,-0.0638985886893279,-0.07856227044147836,18.184653313260977,0.0377647441215
2025-02-06,UBER,-0.01255977534159376,0.04825501906807827,0.031620751341008536,0.08199719391951267,17.64285113048775,0.0219677129085016
2025-02-07,UBER,0.06898275622383794,0.09166976985313337,0.06768996614501116,0.06378814257606477,18.219949169970487,0.039121485969278
2025-02-10,UBER,0.09147833223432411,0.02844214893044167,0.09085405650538991,0.05261278431739045,17.566230388682857,0.0203473979079039
2025-02-11,UBER,0.023204748163251094,0.0026550251560718894,-0.002607623063600233,-0.021597450447048035,17.123480958456295,0.0130684848281937
2025-02-12,UBER,-0.05121995914410278,0.011299574736555374,-0.032506967664241854,0.030712607116773517,17.316324017549526,0.0158480530841991
2025-02-13,UBER,0.05387767223106156,0.005353935624449311,0.05713594325761125,0.011776663856659268,16.895340430075564,0.010402675739561
2025-02-14,UBER,0.01542635116453125,-0.0022376974559703915,0.004574929814241013,-0.010894888951578991,16.550248193683863,0.0073667070399019
2025-02-18,UBER,-0.006242217641413138,0.014333665121448612,0.01109577943088836,0.025730084469724492,16.75695563883383,0.0090582709515485
2025-02-19,UBER,0.011703351272098714,0.004773271175456911,-0.00616312695047671,-0.004057727037784986,16.521785918301344,0.007159989561738
2025-02-20,UBER,0.005431471565336394,-0.0007329325938355613,0.010042708355242807,0.0012313567687024212,16.50812903344683,0.0070628710796305
2025-02-21,UBER,0.00036923845927212953,0.003171920976580311,-0.021462722204309528,-0.029599447478155662,16.896240979154296,0.0104120480795379
2025-02-24,UBER,-0.0326462679432494,-0.040010322398140966,-0.045827510385597035,-0.031810051311914785,17.00879780998956,0.0116524964027046
2025-02-25,UBER,-0.029548642054536296,-0.03233769061018669,-0.01779262087311236,-0.019423234226984703,16.788956373065858,0.0093528302079652
2025-02-26,UBER,-0.013580520705912208,0.0015700005411015431,0.023919426088470207,0.012200201719786152,16.1504564462783,0.0049390797136412
2025-02-27,UBER,0.008196702715923754,0.015566594981761045,-0.02147443291464062,-0.0221224859060818,16.93062019555745,0.0107762304329259
2025-02-28,UBER,-0.02223346880993933,-0.020546910088668383,-0.001765188218679882,0.023966039037484944,16.692008799926246,0.0084886622076464
2025-03-03,UBER,0.03674258746542483,0.021190227646274526,0.0013581215271085947,-0.020871474111529488,16.648694548648507,0.0081288312978192
2025-03-04,UBER,-0.05508422633547917,-0.013728975787604162,-0.028636343433517543,0.010955348978946776,17.003564264142636,0.011591671828977
2025-03-05,UBER,0.03661737922396356,0.0033850068981436114,0.04545929579358925,0.0160804990861415,16.38982370720031,0.0062748294325934
2025-03-06,UBER,-0.0044381098338936425,0.0036325775887626017,-0.002739660698954795,-0.020074686919483505,16.61916792506907,0.0078923231675858
