Date,Stock,Open,High,Low,Close,Volume,Turnover
2020-03-13,WST,0.045085891484716124,0.011898448344474656,-0.024109826052531865,0.023194825101283442,13.743800784754347,0.012875434843328
2020-03-16,WST,-0.0697268526377999,-0.061460773430046016,-0.046488450883630586,-0.11321631797501246,13.786906329971726,0.0134425736793577
2020-03-17,WST,-0.0314928899946123,0.03648703970036991,-0.0024676231602880354,0.09232981149103535,13.700325270237112,0.0123276617236505
2020-03-18,WST,0.019605140034298328,0.04381373525982797,0.007383165896231982,0.0027918936887802765,13.620834193879205,0.0113856579496597
2020-03-19,WST,0.057515268887651086,-0.03503233794861133,0.03463956274815914,-0.029778991099020696,13.435568449287194,0.0094601524380662
2020-03-20,WST,-0.04220528426568567,-0.04841804417254688,-0.03824728962179527,-0.06396440888441117,13.472458119221159,0.009815651659675
2020-03-23,WST,-0.053069909367979146,-0.05050482410234329,-0.04329513261638999,-0.013019344170648465,13.227445654357357,0.0076826563300219
2020-03-24,WST,0.027670329631330537,0.060207633079186584,0.05825523620180822,0.049321620139908436,13.3429452504206,0.0086232768385589
2020-03-25,WST,0.01377385091449338,-0.006124574886267647,0.00015146807961354328,-0.0012556401382093027,13.087981020505167,0.0066825554069744
2020-03-26,WST,0.0033771192013312954,0.04497621027886976,0.032857942723815314,0.07897881677279756,13.417121852952045,0.0092872442563498
2020-03-27,WST,0.045563634879689285,-0.00027288818800404565,0.01621358238171211,-0.03722005885528079,13.211474381965832,0.0075609289700935
2020-03-30,WST,0.0065612411683599525,0.04075882662596864,0.035424205966958854,0.07330230826980388,13.00605650168756,0.0061569145345566
2020-03-31,WST,0.0626323136031502,0.047077513666796675,0.05425783756857416,0.002894347443418613,13.227805689716718,0.0076854228609293
2020-04-01,WST,-0.024811736349096843,-0.041583325445651236,-0.03960832030219035,-0.016222667026648954,13.083624628087817,0.006653506832446
2020-04-02,WST,-0.001810896532390196,0.020911592000275214,0.016126178030556215,0.038501052725400914,13.112719019736591,0.0068499305268758
2020-04-03,WST,0.03482292587885247,-0.0008945156297656482,0.010608517190376733,-0.02820738919963889,13.312324015312234,0.0083632229332575
2020-04-06,WST,0.011087119925241442,0.035051887868406385,0.02805429540081527,0.06367116635951342,12.769967835179024,0.0048621780698644
2020-04-07,WST,0.06116732436718877,0.03535512356926462,0.01954904678202059,-0.019785405696324122,13.191518102458952,0.0074115363010906
2020-04-08,WST,-0.0495682718096473,-0.018218952502824275,-0.016890279328915812,0.041191167231583496,12.902467048153223,0.0055510442658224
2020-04-09,WST,0.04321672001442584,0.009601805001217049,0.029986389881689043,-0.011351265283661158,12.848981238461693,0.0052619417859926
2020-04-13,WST,-0.024759459441563023,-0.023902667382046276,-0.013796963605780744,-0.018897150950008757,12.724869415131389,0.0046477719245361
2020-04-14,WST,0.01995402037040035,0.03240064147258472,0.028954894653133646,0.04410913106269274,12.781564594766413,0.0049188919534673
2020-04-15,WST,0.0008532766451288324,0.006000715462161064,0.01371101742674791,-0.012526536667994295,12.872364939970355,0.0053864356768284
2020-04-16,WST,0.012412051665775546,-0.0009481827619138869,0.008936552315174146,0.015454858595740004,12.803262186729084,0.0050267866588584
2020-04-17,WST,0.024195180640344614,0.013720490804385442,0.017161370931167246,0.014220157101511827,12.920249641259614,0.005650639378491
2020-04-20,WST,-0.008849556164329413,0.008907626480726386,-0.0014292313475313396,0.002291293284214438,12.67106687365095,0.0044043172046794
2020-04-21,WST,-0.005241781544268789,-0.01896485971368208,-0.02354583770444359,-0.029875827702702626,12.792472237780538,0.0049728393061629
2020-04-22,WST,-0.0012529954951498985,0.010645495771989432,0.0002441534082294246,0.029347114972588132,13.52982781884627,0.0103952398847883
2020-04-23,WST,0.06662208816969262,0.10719005825171847,0.07805463068567367,0.09684802910624664,13.829019894571058,0.0140207786390172
2020-04-24,WST,0.05935891472478685,0.03094517420838933,0.0627973965212681,0.04241280586954154,13.69334405393293,0.0122418992655192
2020-04-27,WST,0.03037616177206372,0.011953861744935387,0.028949742965068633,0.011693789483819881,13.030250281476574,0.0063076904690133
2020-04-28,WST,0.020867291121635004,0.0158844332877801,-0.008275128865114232,-0.024664752323542188,12.72278391485369,0.00463808906636
2020-04-29,WST,-0.034645052938091454,-0.031718283094838214,-0.018556000470138653,-0.01787722961143245,13.155413166433178,0.0071487158648817
2020-04-30,WST,-0.026808208672043962,-0.013130105658326854,-0.010156751481272878,-0.0017950426897557297,13.433372740574711,0.0094394034562602
2020-05-01,WST,-0.0022890020678791173,-0.006030356412962496,-0.010801051795915903,0.012496947397120496,12.77280873810987,0.0048760107244017
2020-05-04,WST,0.01832379351838117,-0.003499851634554033,0.009303294197570446,-0.017476084394408457,12.892197728773349,0.0054943303822194
2020-05-05,WST,-0.004930717887994753,0.029796076830114218,0.01656268448993168,0.03383078894111001,12.963604429132907,0.0059010104256163
2020-05-06,WST,0.026618641459949962,0.013119130529563903,0.021922966359175865,0.011332048525394193,12.800230637022887,0.0050115707388673
2020-05-07,WST,0.013679586669305898,-0.0030625969177260426,0.006468797436613157,0.004810130181269564,12.932173345191563,0.0057184193857239
2020-05-08,WST,0.008849954881603233,0.022718529482188495,0.012611305912497919,0.010251749952569217,12.868505431408751,0.0053656866950225
2020-05-11,WST,-0.004767086141876819,0.03634325148659191,0.0012627197191030044,0.04993014995056557,13.57445885869413,0.0108696999354181
2020-05-12,WST,0.06428677147027696,0.013230677776807639,0.037104418986204174,-0.02202455882293337,13.134096276953306,0.006997939930425
2020-05-13,WST,-0.031383354595282596,-0.019077608459643968,-0.02232567065104097,-0.008790182198733516,13.071282691992835,0.0065718941706759
2020-05-14,WST,-0.015253343121263502,0.004091644179278687,0.004564527782338498,0.03129023186928487,13.011657489555034,0.0061914961708999
2020-05-15,WST,0.04157682391968437,0.020536862262662832,0.03940920255176351,0.017997211023326392,13.649693253627467,0.0117190249240089
2020-05-18,WST,0.028923951983481067,0.0319523035762866,0.030141292531432558,0.019558200832957538,12.965711906537503,0.0059134598146999
2020-05-19,WST,-0.013306786591804572,-0.025507503545553107,-0.02619923063426586,-0.031772438782744425,14.000329826211665,0.0166406834083837
2020-05-20,WST,0.0006999459270545951,-0.009146379227437312,-0.008616802488425189,-0.00701985203306632,13.895800312042411,0.0149890644566289
2020-05-21,WST,-0.022165454577776522,0.002748163036164073,-0.007197705226174517,0.004416965852342173,16.6186103594684,0.2281793194511025
2020-05-22,WST,0.01443973872210432,-0.006205662687686458,0.008917398640866431,0.0019882405054694988,13.192450849597284,0.0074184526283592
2020-05-26,WST,0.004642830074154858,0.006159245744195916,-0.02273728790363223,-0.026307627047793946,13.499704693151585,0.0100867716886063
2020-05-27,WST,-0.045415892151309686,-0.047584033507587394,-0.04790705116118926,-0.02288706219985231,13.727663559212735,0.0126693282907221
2020-05-28,WST,-0.0061386978108964214,0.019803596398222333,0.038931113771387645,0.023275219258177347,13.535533392998,0.0104547202992988
2020-05-29,WST,0.02279252544930168,0.038100000898560735,0.022940313607349168,0.047441867560450164,14.278867773656257,0.0219856211216003
2020-06-01,WST,0.03254438458411283,-0.0038748186213246713,0.013819733115846618,-0.018217156276055444,13.001778670730355,0.0061306324909357
2020-06-02,WST,-0.017870290425063235,-0.022056006148726947,-0.01603719912430014,-0.0038728858902203353,13.173818558687488,0.0072815093484399
2020-06-03,WST,0.0020856302727643773,0.003207752056384005,0.005150283853772829,-0.009270595211560283,13.048072927064014,0.0064211182362192
2020-06-04,WST,-0.01257950409983412,-0.0025938081685237483,-0.02022340051502609,-0.01919251611931974,13.107454794711176,0.0068139656250788
2020-06-05,WST,-0.028796967835890114,-0.0247632205442247,-0.011430721766432362,0.0016541883387930203,13.211474381965832,0.0075609289700935
2020-06-08,WST,-0.005344283627261416,0.005261900527428531,-0.00397232334057424,0.009337427434154564,13.400905305713037,0.0091378515873469
2020-06-09,WST,0.036440485408383995,0.018367692667919863,0.025590405130653207,-0.0066190176321280995,13.060702844216937,0.0065027308979893
2020-06-10,WST,-0.0059017544495025024,0.010159002575857768,0.006236168793362593,0.031398643240621534,13.301682096858299,0.0082746939442187
2020-06-11,WST,0.020481768600706645,-0.001967325732973667,-0.02706167683185254,-0.04368972842202731,13.320723952045457,0.0084337694713978
2020-06-12,WST,-0.02506390853191644,-0.023002572992358854,-0.01899482817166238,-0.015031168200771857,13.432052997469079,0.0094269540671766
2020-06-15,WST,-0.03778514751957064,0.006884922992985031,-0.0022230358858356535,0.04214217136067802,13.469776967090997,0.0097893696160542
2020-06-16,WST,0.058265156265530076,0.005985789853725597,0.03562132953765837,0.005287595427795036,13.055370647157746,0.006468149261646
2020-06-17,WST,0.00463087150290922,0.01937243491167208,0.02463422515857882,0.0036515910251959816,13.566922267533435,0.0107880872736479
2020-06-18,WST,-0.0010377031079031173,-0.0043762763145227855,0.005034949550435127,0.00660536535250891,13.448209354784241,0.0095804965325408
2020-06-19,WST,0.018840773529649923,0.012381117942588898,0.008022384888510786,0.018358638052478306,13.986856266575204,0.016417977670333
2020-06-22,WST,0.0014346771290238746,0.01022450364298083,0.006091595227060343,0.005571077100821332,13.540285243608048,0.0105045178556331
2020-06-23,WST,0.012729061864916154,0.012241119234930622,0.011565111877619966,-0.0011945454322322246,13.735060517341935,0.0127633903415758
2020-06-24,WST,-0.01129637536207045,-0.00959879488490057,-0.016388389044457694,-0.004745902845260105,13.38672717992407,0.0090092079001499
2020-06-25,WST,0.005480460074064987,0.0170065145388225,0.009948932803655795,0.0311480854358502,13.247939964290378,0.0078417318572009
2020-06-26,WST,0.03204429892983771,0.013770538075262014,0.02578469839523633,-0.004082551013875896,14.315801486169294,0.0228128138629314
2020-06-29,WST,-0.007769493576225309,-0.003402649436750633,-0.019529853374122014,-0.010483879120312511,13.330191849300695,0.0085139988677142
2020-06-30,WST,-0.012177305984150878,0.00907761049275745,0.010841016095224474,0.0314801272374128,13.565639230769072,0.0107742546191106
2020-07-01,WST,0.03201666687607545,-0.0007021297910002057,0.018559325008232312,-0.009642636409391106,13.195243882242469,0.0074392016101652
2020-07-02,WST,-0.00900547920219792,0.015506926371954333,0.010218076669833858,0.020848755692078037,13.141383345561556,0.0070491207522131
2020-07-06,WST,0.027553678636746324,0.022142454884533744,0.025422238308801873,0.01905731991024007,12.941802669405789,0.0057737500038731
2020-07-07,WST,0.00657847245007277,-0.007425898595019344,-0.0019061624879925044,-0.014323761008959046,13.004482586970102,0.0061472316763805
2020-07-08,WST,-0.005242104968811543,-0.004097067132042806,-0.006787307413312698,0.0063914736358569365,12.992484733932777,0.0060739186073327
2020-07-09,WST,0.00738264766141696,0.0118188560274231,0.00921262967888969,0.01550546770694068,12.83681502694785,0.005198311575121
2020-07-10,WST,0.008474112858654867,-0.002793309656274965,-0.0054217095016252355,-0.015806874564574618,12.975720112947148,0.0059729402292104
2020-07-13,WST,-0.008901885052812133,0.00456672419335708,-0.006282493999096007,-0.013831690831329735,13.282952145338172,0.0081211514788546
2020-07-14,WST,-0.02917119818897535,-0.013891712079271219,-0.020560901514569047,0.01834288578098916,13.035281452471706,0.0063395055744491
2020-07-15,WST,0.043865390632440014,0.03340222510156488,0.04233612480656387,0.033469816149699606,13.149591309938627,0.0071072179012698
2020-07-16,WST,0.010568030132250685,0.0002483044275291806,0.021395157880213532,-0.0035714795027115384,12.791080452981857,0.0049659229788942
2020-07-17,WST,0.009466086483565892,0.026007287256566994,0.014233567683768626,0.02700754103025329,13.225823889197443,0.0076702069409383
2020-07-20,WST,0.020572045974045824,0.017893968110233492,0.019236062188519185,0.019648538991148486,13.0089729301901,0.0061748969854551
2020-07-21,WST,0.03308622489647741,0.010749206866606482,0.011727194048226832,0.004042058257255956,13.33295001969018,0.0085375143804276
2020-07-22,WST,-0.005734229696127229,0.010053548012733612,0.012739026079029808,0.009877489160573438,13.062827787377453,0.0065165635525266
2020-07-23,WST,0.041206297662392546,0.05967532021683589,0.03092500232466295,0.02585999297312879,13.754486919051105,0.0130137613887011
2020-07-24,WST,-0.0173866666181329,-0.04070358257024983,-0.02717441261343671,0.0022867200508808094,13.730607139486345,0.0127066764579728
2020-07-27,WST,0.02051903363559006,0.027319049273380434,0.040924642656352615,0.016500740210256798,13.203576476825239,0.0075014485555831
2020-07-28,WST,0.005523523049593042,-0.0011418148113737595,-0.0018244801518249826,-0.00967668814359556,12.976414636196449,0.0059770900255715
2020-07-29,WST,-0.003832063927075627,0.007977645988777633,0.007442430913110438,0.01992863025983497,12.943717457174193,0.0057848161275029
2020-07-30,WST,0.004881293180533887,-0.006865922965702277,0.0024061235709114063,-0.0024508519596278286,13.008524802125525,0.0061721304545476
2020-07-31,WST,0.01254383778999359,0.012149620749632979,0.003037018566909258,-0.000334474873844611,13.334730672883214,0.0085527303004186
2020-08-03,WST,0.007553918027662313,0.022684952966039715,0.014420111593546428,0.03569250993941925,13.416823924002916,0.0092844777254423
2020-08-04,WST,0.014902934444354287,-0.008550587962226705,0.004895383337681495,-0.015188144220122091,13.15289452230148,0.0071307334139832
2020-08-05,WST,-0.005403318119541042,-3.591329178959207e-05,0.003226266514563998,0.0007650736840808768,13.044620190471909,0.0063989859889595
2020-08-06,WST,0.0029045699861799143,-0.0037235711377751747,-0.010375267776546928,-0.002771171601350824,12.644330802262578,0.004288122906566
2020-08-07,WST,-0.00676676884314825,0.006065889263568618,0.002032064504931201,-0.001242204488321222,12.588272538498009,0.0040543510448855
2020-08-10,WST,-0.007106657770112107,-0.015928483765765257,-0.019791894095615194,-0.026560107629441426,13.334083529432613,0.0085471972386037
2020-08-11,WST,-0.018553645462743375,-0.019202527125747357,-0.015325658468926775,-0.006893893462616462,13.43600701308552,0.0094643022344274
2020-08-12,WST,-0.009634449374483062,0.022597793128318503,0.010797566111241563,0.02938800945488985,13.007627943089757,0.0061665973927327
2020-08-13,WST,0.029840781703717414,0.008204259163098658,0.02906962019121315,0.009934362200137815,12.575914030220655,0.0040045534885512
2020-08-14,WST,0.009897939115605974,-0.0005420893740066843,-0.0054139478774521315,-0.00982390420450756,12.574531387009179,0.0039990204267362
2020-08-17,WST,-0.0034950956741830676,0.003466405164129349,0.011967726175496097,0.009206029722324129,12.742276500454938,0.0047293845863062
2020-08-18,WST,0.004838576430460221,-0.0009378386940989806,0.001130491631662503,0.001162905696051416,12.668865967876197,0.0043946343465033
2020-08-19,WST,0.0033695471559211806,0.00446415123413056,-0.0022259962806086514,-0.0014175873512482903,12.581425564973435,0.0040266857358109
2020-08-20,WST,-0.0066777576631070375,-0.0006108385229434759,0.0032460972281037745,0.0019985894287554793,12.591678524740319,0.0040681836994228
2020-08-21,WST,0.004215320528972267,-0.008011121646723377,-0.015559726462923843,-0.014590037214158932,13.773960173232265,0.0132696654976413
2020-08-24,WST,-0.011891510406113238,-0.003011762440618517,-0.009027987507860347,-0.006689507267719204,13.39361266824666,0.0090714548455678
2020-08-25,WST,-0.009771587634712664,-0.0006180051378191509,0.0023483641424084135,0.018116510996828237,13.079666710115957,0.0066272247888251
2020-08-26,WST,0.011421422136628227,0.00254212674192996,0.008563979439041379,-0.0017862212199119328,12.714999467712902,0.0046021241645629
2020-08-27,WST,0.0019398246365693707,-0.0010886918908886631,-0.004921791190346396,-0.0006931839814481888,12.708062347258762,0.0045703090591271
2020-08-28,WST,0.00010983306440275085,-0.0009080284802167012,0.0017422227241786063,-0.00854242497381574,12.474957909680214,0.0036200056924139
2020-08-31,WST,-0.005609247072924621,0.03517278617419557,0.007268994108323963,0.044539777636507134,13.49116588426581,0.010001009230475
2020-09-01,WST,0.0482648413661683,0.008559776755005364,0.024513238966063312,-0.007813217671575577,13.035063231452227,0.0063381223089953
2020-09-02,WST,-0.006149743255167916,0.004165682902483473,0.0013979748597003005,0.022009528181530763,13.244405773536606,0.0078140665481263
2020-09-03,WST,0.0021125364086608,-0.015184939110480859,-0.054742288808456316,-0.07465836101632846,13.412942748629595,0.0092485128236453
2020-09-04,WST,-0.0675117836813746,-0.05717922014682077,-0.03959780989686959,-0.013711327633563423,12.976414636196449,0.0059770900255715
2020-09-08,WST,-0.020183760524475507,-0.006276105806598756,0.015004936412874694,-0.003951799439546219,12.879784681263985,0.0054265503749866
2020-09-09,WST,0.025026347092356273,0.036467463060907084,0.03228241338611574,0.0371868098549137,12.925864191308163,0.0056824544839268
2020-09-10,WST,0.020534875191259353,0.006196606125175169,0.019043611217437882,0.010256884566205434,12.974561501205006,0.0059660239019417
2020-09-11,WST,0.017204484513643644,0.0002872798695314295,-0.0009214076010340608,-0.010843617350025791,12.773375951490893,0.0048787772553091
2020-09-14,WST,-0.008656235339414047,0.00014352003119141797,0.010965509468972946,0.019844951649813328,12.889676937221191,0.0054804977276821
2020-09-15,WST,0.01666573077973635,0.0236964866463603,0.017463279373782403,0.023157926770858196,12.776489887159451,0.0048939931753002
2020-09-16,WST,0.020712104641894217,0.008934622000147132,0.005041128124848495,-0.01096069995748512,13.389333939650964,0.0090327234128633
2020-09-17,WST,-0.02386526295362652,-0.030766346844591095,-0.03313834901960955,-0.02272512114538504,13.687337355991286,0.0121685861964715
2020-09-18,WST,-0.010933069615192895,0.012816936961358329,0.013584148111660012,0.01002419158456244,14.293110884101884,0.0223010056450509
2020-09-21,WST,-0.0012345636775191163,-0.018818480786864097,-0.01946259693647718,-0.003209982539631398,13.4144372915852,0.0092623454781826
2020-09-22,WST,0.006878157632544166,0.0018364318035901947,0.0030728849845946425,0.0007220486631550185,13.300176452919565,0.0082622445551351
2020-09-23,WST,-0.002745481569965666,-0.005447650423520799,-0.01268584942028049,-0.032056109110452424,13.01567086392003,0.006216394949067
2020-09-24,WST,-0.03467275387517947,-0.02691272902041248,-0.019545793960904497,-0.01752103570935371,13.110899922355921,0.0068374811377922
2020-09-25,WST,-0.021694314861461485,0.0037095086506986697,-0.0033653212172949603,0.022020970115734447,12.934106642233319,0.0057294855093537
2020-09-28,WST,0.04013735386484303,0.022768922663052776,0.033709942507098585,0.01062928161663875,12.844238159063961,0.0052370430078255
2020-09-29,WST,0.007363250607390847,0.003035528846295838,0.012842933485501501,0.004614848695433119,12.42199418075339,0.0034332648561603
2020-09-30,WST,-0.0007300124179312124,0.0023788188478067614,-0.0033692546991998203,0.004557756678353122,13.076530934860683,0.0066064758070191
2020-10-01,WST,0.01802649441636685,0.00967246110664492,0.007237983065258125,0.003232487081024076,12.894461020916928,0.005506779771303
2020-10-02,WST,-0.017807602494100537,-0.014616478844790538,-0.014787708908235941,-0.007059555749838357,12.54682499510009,0.0038897424558915
2020-10-05,WST,0.007132029078864205,0.04128066370023119,0.017333872336808304,0.04912930447191291,13.680379028660766,0.0120842070037939
2020-10-06,WST,0.041024874715227436,0.025058183600952723,0.0406865995940458,0.009308201271272774,13.490612481586222,0.0099954761686601
2020-10-07,WST,0.01588196105098104,-0.00098189337532038,0.017119677370783463,0.008164538487020947,12.992484733932777,0.0060739186073327
2020-10-08,WST,0.005567542301726151,-0.0007457820994575322,-0.007088792913274598,-0.004965945960040328,12.816655817607314,0.0050945666660912
2020-10-09,WST,-0.0026266162575932068,0.012904250343885914,0.00979366799181633,0.023815852361812887,12.628398148313286,0.0042203428993332
2020-10-12,WST,0.0242586215502426,0.011086385829507718,0.018902388662380726,0.011268001962453953,12.690660037852133,0.0044914629282645
2020-10-13,WST,9.537996337507885e-08,0.003635401479903517,0.0034170329192252996,-0.007252798052835921,12.618516677531483,0.0041788449357213
2020-10-14,WST,-0.0032386126700130456,-0.013650931339672752,-0.040575368900446114,-0.03856655408350499,13.250934236903083,0.0078652473699143
2020-10-15,WST,-0.04441202258902111,-0.024166644492000892,-0.016220924042977956,0.011112948813551073,12.740813018453595,0.0047224682590375
2020-10-16,WST,0.025950206524365776,0.012765336531943675,0.02974661958974646,0.00236519003707243,12.606863513043441,0.0041304306448407
2020-10-19,WST,-0.0019090126941081875,-0.00020264745777472728,-0.02332483828108726,-0.02075726411176684,12.829336379587506,0.0051595801424165
2020-10-20,WST,-0.021213457043107675,-0.012871188454515068,0.003230200190994804,0.0032106943590114252,12.729027412930751,0.0046671376408883
2020-10-21,WST,0.0012195152089843056,-0.004430473675335756,-0.01836204367506312,-0.008960411190400403,12.724869415131389,0.0046477719245361
2020-10-22,WST,-0.007514349887846868,-0.013166841443629486,-0.006699545817509935,-0.017771846749455446,13.198585256538632,0.0074641003883324
2020-10-23,WST,-0.01260337665445161,-0.013802268425902153,-0.0032406736256227705,0.008978284795896182,12.729027412930751,0.0046671376408883
2020-10-26,WST,-0.008956928134988568,-0.0002473443509162068,0.004605734275751397,-0.00647620186688051,12.868505431408751,0.0053656866950225
2020-10-27,WST,0.008779427335800755,0.013526280845497026,0.008578463925495706,0.021054188939988037,12.938923595629799,0.0057571508184283
2020-10-28,WST,0.0025196445418219035,-0.008058669369893917,-0.016398922844373595,-0.020590303920564584,13.113526446491344,0.0068554635886907
2020-10-29,WST,-0.009222250758048072,-0.014100168516971889,-0.010547368947883943,-0.018039113377798975,12.666344701243613,0.0043835682228735
2020-10-30,WST,-0.016409969572327713,-0.014301854830981436,-0.0323644740251312,-0.011547682047690315,12.992484733932777,0.0060739186073327
2020-11-02,WST,-0.004848151716140163,0.0014827036413699146,0.007487148774240184,-0.00246579222926381,12.926350926565435,0.0056852210148343
2020-11-03,WST,-0.00245110425685143,0.009101747248276074,0.018016670578900273,0.020532224855620868,12.599805870095512,0.0041013820703123
2020-11-04,WST,0.03915018521317353,0.051950209366897725,0.041535845307686774,0.04503069147393213,13.010316110729669,0.0061831965781775
2020-11-05,WST,0.0367248808500451,0.007181877002548252,0.022523958215308736,0.0178866088231843,12.6410997921206,0.0042742902520287
2020-11-06,WST,0.004573277004702741,0.010342906448899255,0.015827109426692663,0.0026403956391243726,12.435202244657168,0.0034789126161334
2020-11-09,WST,0.024387530796991207,0.0193400551995259,-0.025874741237305272,-0.031230459275137238,13.152506474931549,0.0071279668830757
2020-11-10,WST,-0.05725176698911254,-0.04516907855878861,-0.04921278147376991,-0.02516231221937489,12.940124217215681,0.005764067145697
2020-11-11,WST,-0.012519632026162826,-0.01632297326502594,0.029795787719576253,0.02001868744613656,12.989291307846242,0.0060545528909805
2020-11-12,WST,0.01705279982075188,0.02053352432249207,0.020881679930515585,0.015731624385722124,12.633628610612188,0.0042424751465929
2020-11-13,WST,0.015396742635940673,0.005551911539361629,0.0052132320705473405,0.0047536933704253465,12.394628892852941,0.0033405860707603
2020-11-16,WST,-0.0013024393334433225,-0.00306169355002436,0.0008665372036356665,0.0035681496629320067,12.545401512381012,0.0038842093940766
2020-11-17,WST,-0.002472952842172095,-0.0092079103202555,-0.008766840201902317,-0.01803789142975099,12.603844906084555,0.0041179812557571
2020-11-18,WST,-0.01653889239414067,-0.011377912342627153,-0.01812327329531865,-0.01936395927137085,12.788291058675025,0.0049520903243569
2020-11-19,WST,-0.014650884154090575,0.0011469388564022706,-0.010228346173821493,-0.0002490529181294071,12.877487888871865,0.005414100985903
2020-11-20,WST,0.00017733511782908314,-0.0026787443485982447,0.0116148465655752,0.012404015050088266,12.76939868481975,0.0048594115389569
2020-11-23,WST,0.010514823919242137,-0.004538866724750399,-0.026353346542857228,-0.03215554473465808,12.611541086966115,0.0041497963611929
2020-11-24,WST,-0.03911931798149722,-0.036599338138335186,-0.025530828470570956,-0.029481302985543315,13.041372386919402,0.0063782370071535
2020-11-25,WST,-0.018865262503006797,-0.01938849841525298,-0.011858765990962212,0.005550097294921216,12.843445454022332,0.0052328932114643
2020-11-27,WST,0.010360980309432999,0.028421866588342913,0.028338265462022845,0.03202270032662161,12.157937516778192,0.0026365039548112
2020-11-30,WST,0.028595066311012125,0.008952511118180113,0.0008094422259789244,-0.010124527891676414,13.561135593875086,0.01072584032823
2020-12-01,WST,-0.017102234329740503,-0.014001101681801211,-0.0022829060703930446,-0.011513711754969179,12.999519808823099,0.0061167998363984
2020-12-02,WST,-0.01020517455194927,-0.0009767263893246509,-0.00978048607846334,0.01234942161090628,12.750432653574146,0.0047681160190107
2020-12-03,WST,0.008639062116208743,0.0008682940581919496,0.00941176100592192,-0.011504264512628521,12.549311224453131,0.0038994253140676
2020-12-04,WST,-0.00970585900168927,-0.008059383576928666,-0.0015871592185283348,-0.002537844161731288,12.652042897966872,0.0043213212774556
2020-12-07,WST,0.001654889080077908,-0.001970222888613217,-0.012937949829121652,-0.012935376001939536,12.815569159219098,0.0050890336042763
2020-12-08,WST,-0.01884212120542801,-0.019211287283640452,-0.006645417784853808,-0.002914201277041014,13.43410517929135,0.0094463197835289
2020-12-09,WST,0.0006364255311519274,-0.0028708417269817195,-0.020820149190523857,-0.023163468800873558,13.548938754204904,0.0105958133755793
2020-12-10,WST,-0.02558155704372382,0.008625068619016628,-0.0006539800153790351,0.02087886060216874,13.440091026807503,0.0095030336671318
2020-12-11,WST,0.01822063874658237,-0.016082826951777277,0.011289556710705344,-0.010138704481715402,13.2927827163191,0.008201380875171
2020-12-14,WST,-0.0010938404679933936,0.021914289408402822,0.004518222392923599,0.0035544929952116998,12.883347016933683,0.0054459160913388
2020-12-15,WST,0.002224259681412768,-0.01214391116185202,0.004121074456933334,0.008494950010989965,12.915341667991576,0.0056229740694164
2020-12-16,WST,0.009331312951197506,0.008493864459832337,-0.00400743098228383,0.001645156596071562,12.880803787035994,0.0054320834368015
2020-12-17,WST,0.005839572598035856,0.02242546906496788,0.021027479650396634,0.022026155738484113,13.268368399832392,0.0080035739152874
2020-12-18,WST,0.0145788395154861,0.004684100301058786,-0.0010391149103819745,0.014803279629458174,13.788551403707858,0.0134647059266174
2020-12-21,WST,0.0008402884524458901,-0.007541484741126692,-0.011388972680383167,-0.005670481687048149,13.078831464369436,0.0066216917270102
2020-12-22,WST,0.009630463809650281,0.025849966517445477,0.03389384035572385,0.024401778587414196,13.043322334563697,0.0063906863962371
2020-12-23,WST,0.027433256926582803,0.008225339630397026,0.012841089109550556,-0.005245054912914228,13.078204571917377,0.006617541930649
2020-12-24,WST,-0.008445740928272437,-0.0038934325943607794,0.004826648051696075,0.005421722428160736,11.898874704662955,0.0020347834824382
2020-12-28,WST,0.016855576254599023,0.007108777103147819,-0.01108228362235278,-0.01937644682650524,12.269521510708264,0.0029477386819007
2020-12-29,WST,-0.02971311703253287,-0.022014320117004216,-0.008911233865740246,0.0029145669264012877,12.313585343581135,0.0030805321654589
2020-12-30,WST,0.0075202112256021565,0.014026578070901553,0.015238548311497771,0.00573166990184178,12.361797799507952,0.0032326913653693
2020-12-31,WST,-0.00017819846086422446,-0.002888093566291266,-0.01066427173430648,0.01196666210901699,13.029372705460569,0.0063021574071983
2021-01-04,WST,0.011318904508574403,0.021462745760540494,0.01409906830904372,0.007945608005019276,13.08839492693925,0.0066853219378818
2021-01-05,WST,0.004365081913785657,0.005886267634087966,0.014043323258494236,0.018904320350531145,13.079457964073546,0.0066258415233714
2021-01-06,WST,0.006931366157510675,0.01180625137536225,0.003726051538998676,0.010664028610988656,13.297326258769763,0.0082387290424217
2021-01-07,WST,0.03721966711735778,0.03424435606085238,0.033534456441565594,0.033169340538979596,13.144126826131089,0.0070684864685653
2021-01-08,WST,0.026108214264101436,0.022846361807228033,0.032610311433234423,0.011347527852875823,12.989291307846242,0.0060545528909805
2021-01-11,WST,0.00581200395848303,-0.014912310096262125,-0.00996682741133957,-0.016788598580902054,12.770536661790418,0.0048649446007718
2021-01-12,WST,-0.019959198747804302,-0.012105807803086488,-0.013222030132183895,-0.013047596471266713,13.120764099240477,0.006905261145025
2021-01-13,WST,-0.002427535456209952,-0.011188121214631423,-0.006575685277534742,-0.0016430237123573833,13.022987142390022,0.0062620427090401
2021-01-14,WST,-0.007854331361443204,0.0023606801042641646,0.0038158586084957595,0.0024133363328498495,12.981262839509812,0.0060061386000999
2021-01-15,WST,0.0017434754644380646,-0.00415958937500828,-0.0063562473868775116,0.0023072810324748063,12.770536661790418,0.0048649446007718
2021-01-19,WST,0.015792484925568433,0.014212980640003927,0.009314143057786484,0.002936184766749832,12.897220328426329,0.0055219956912941
2021-01-20,WST,-0.011513592871107611,0.008646818632220714,0.004629137192570506,0.01629333036871929,12.943717457174193,0.0057848161275029
2021-01-21,WST,0.015826194679113254,-0.00434667335920374,-0.003553673146976904,-0.017760293717295244,13.094994236104542,0.0067295864324012
2021-01-22,WST,-0.017429231478749963,-0.014350407164472868,-0.004106055361613861,0.0013671047566744894,13.155606645792435,0.0071500991303354
2021-01-25,WST,0.010871107495484048,0.026493616157286518,0.005918213155359377,0.0005665883560987053,12.94323910384853,0.0057820495965955
2021-01-26,WST,-0.007001202233232559,-0.025430794011160947,-0.007673293119425259,-0.0019336931127732976,13.16235494721741,0.007198513421216
2021-01-27,WST,-0.018109831240892715,-0.010275577542520538,-0.019961404674925035,-0.02175785272655726,13.590115724414828,0.0110412248516807
2021-01-28,WST,-0.001051961784232432,0.012761546787242763,0.0092962634133646,0.01921834640778598,13.382110373657655,0.0089677099365379
2021-01-29,WST,0.010332547624314695,0.015474316477302737,0.013397777353352725,0.0019051826653793955,14.152840283979208,0.0193823155376786
2021-02-01,WST,0.009727683435417198,-0.010948533980914452,-0.008628561158132838,-0.008281685187111842,13.584714047316895,0.0109817444371703
2021-02-02,WST,-0.001997839745120392,-0.0003294891282254916,0.0011549445116381674,-0.008180731645784298,12.948964296669068,0.005815247967485
2021-02-03,WST,-0.018130103368659244,-0.02196719921378693,-0.02390880236065919,-0.008590860146655313,13.410396888094457,0.0092249973109319
2021-02-04,WST,-0.005855361113054119,-0.0035790253555662067,0.005961662889776234,-0.006285195766493437,13.292614039872173,0.0081999976097172
2021-02-05,WST,-0.004482679367756203,-0.005630463758889978,0.001968070177540033,0.003782811886497176,13.019668195475587,0.0062412937272342
2021-02-08,WST,0.004175512285591531,0.010691457849424742,0.0086544008722947,0.010617963394299594,12.861520554956735,0.0053283385277717
2021-02-09,WST,0.005279770378576068,-0.00047124555794511954,-0.013182871974258359,-0.015641595642750628,13.163315283485712,0.0072054297484847
2021-02-10,WST,-0.014716252153696787,-0.00821524944054837,-0.0012480183273217535,0.008244922359438129,12.720992874945178,0.0046297894736376
2021-02-11,WST,0.01671845010873335,0.0030841706327332926,0.0005892881004871999,-0.0041142283806967295,12.995667994503354,0.006093284323685
2021-02-12,WST,-0.014893042718661872,-0.004137254418222403,0.002493198645582043,0.009981360405005404,12.498372788261829,0.0037057681505453
2021-02-16,WST,0.009692201774288993,0.007785747484634285,0.013193002350321361,0.005427275302140544,12.942281710183714,0.0057765165347806
2021-02-17,WST,0.0024851265306895577,-0.00026965181105153137,-0.007571289075834235,-0.005495055480885197,12.936036208848487,0.0057405516329835
2021-02-18,WST,0.026337692469915047,0.022609718325804638,0.00017160938580670882,0.009310296512430965,13.368599823417886,0.0088473658420633
2021-02-19,WST,-0.014374652383031263,-0.016691240540607218,-0.04034486726780924,-0.052546133179634594,13.869904988853538,0.0146058999259455
2021-02-22,WST,-0.058305008957715815,-0.059719651236301546,-0.027842402914215997,-0.03212097964964889,13.12496199806309,0.0069343097195534
2021-02-23,WST,-0.03888489875838995,-0.01911676759796565,-0.0232003802301988,0.005996865814257938,13.433372740574711,0.0094394034562602
2021-02-24,WST,0.014517652037884552,0.01615790856908248,0.026324051306653263,0.016738908132033735,12.91484954320833,0.005620207538509
2021-02-25,WST,0.017578205731563223,0.004665697943781674,0.011456783226542245,-0.004455498471000872,12.79802008682886,0.0050005046152375
2021-02-26,WST,3.569952265763968e-05,0.008949235404789969,0.004271549966064989,0.010638896454648081,13.41234430546159,0.0092429797618304
2021-03-01,WST,0.009846163753335765,0.007018119021991041,0.01740344091119521,0.008303014798438512,12.916079401363943,0.0056271238657776
2021-03-02,WST,0.006969220474944138,-0.003467819702895043,-0.015851400969591374,-0.017430689774066584,12.6881931925273,0.0044803968046346
2021-03-03,WST,-0.02379453228797045,-0.02822064037397162,-0.036284394223170584,-0.038412288263304395,13.032440858057756,0.0063215231235506
2021-03-04,WST,-0.03396539514913256,-0.0330620461045478,-0.04658447368973455,-0.03936450886200756,13.247057586896812,0.0078348155299323
2021-03-05,WST,-0.03129801783342289,-0.01898204534047704,-0.005303648132806742,0.019666324669885875,13.250054498797146,0.0078583310426457
2021-03-08,WST,0.011113626775520127,0.01700270608772872,0.020585329308418204,-0.004009752351902347,12.95843404198686,0.0058705785856343
2021-03-09,WST,0.01163232323996632,0.025320744957401237,0.023945202517463446,0.022960165531570674,12.817470037182167,0.0050987164624524
2021-03-10,WST,0.0211712120501292,0.008926011618359476,0.004660928203414382,0.001158548011542003,12.8079293066156,0.0050503021715718
2021-03-11,WST,-0.0018460499995342913,-0.0110424124011263,0.008253238911510573,0.01908950431436595,12.53897064502647,0.0038593106159094
2021-03-12,WST,0.004939347077683401,0.005427687767798484,0.0070420893092535955,0.004497462742886236,12.445093483000798,0.0035134942524767
2021-03-15,WST,0.0073994401343252525,0.00460274356640346,0.0035023256752859796,0.006907246473249991,12.689427375855256,0.0044859298664495
2021-03-16,WST,0.012764837177255153,0.010467527266831424,0.005907658943164349,-0.006724905637728305,12.590998254919084,0.0040654171685153
2021-03-17,WST,-0.02182033299906536,-0.009238766704768924,-0.009927210825002437,0.0015306658633582643,12.757082940769225,0.0047999311244465
2021-03-18,WST,0.004812954905119526,-0.007685972656007927,-0.00819957283197152,-0.020753477068837553,13.02033286667615,0.0062454435235954
2021-03-19,WST,-0.014508788275628117,0.017354061256552887,0.001823773093956276,0.030033296077489415,13.630867508590425,0.0115004689823194
2021-03-22,WST,0.02830407369701684,0.01261769193101297,0.02446488920903135,0.019084210891093887,12.788570348498682,0.0049534735898106
2021-03-23,WST,0.023013577868550978,0.01008586343241187,0.022249615927539327,0.0026870087319522543,12.806284573911311,0.0050420025788494
2021-03-24,WST,-0.0004241597906265014,-0.007475604902596986,-0.022213341251772774,-0.018421269884697195,12.833883653579926,0.00518309565513
2021-03-25,WST,-0.015241940175065654,-0.01848806312808144,-0.022012804037242817,-0.009502653251444646,13.07757728622464,0.0066133921342878
2021-03-26,WST,-0.00796216827116482,0.007329453224404282,0.016044022572161178,0.01749000850423746,13.074015215537486,0.0065898766215744
2021-03-29,WST,0.006238011048387857,0.009324951452716274,0.00636772461925715,0.0007130677988921286,12.807655372286902,0.0050489189061181
2021-03-30,WST,0.0001798692935613532,-0.011214754928738234,0.0029701631146819675,-0.007765838888526632,12.82745794586311,0.0051498972842404
2021-03-31,WST,0.0030499904626129556,0.014315563668152462,-0.0015928300684248248,0.012282954102041914,13.465386964133229,0.0097464883869885
2021-04-01,WST,0.017299306177916016,0.0027757569148359456,0.010199039895963876,0.010555428463850167,12.884616210480898,0.0054528324186075
2021-04-05,WST,0.009742332322403359,0.019147359923719322,0.022652801624867346,0.01668056030322816,12.837613003322215,0.0052024613714822
2021-04-06,WST,0.01745867159829025,0.016285035051097282,0.015063589928933635,0.005922603303871676,12.71560042746368,0.0046048906954704
2021-04-07,WST,-0.006256943638212957,-0.012060189903809589,-0.003354864142695599,-0.007235715867435102,12.583484584029573,0.0040349853285332
2021-04-08,WST,0.0016539363419917326,0.008532106923734645,0.0020418226205241754,0.009293392792545383,12.535020214140818,0.0038440946959184
2021-04-09,WST,0.006007207536327312,0.007752186574365066,0.007165737857481837,0.01577201002135695,12.214541681788218,0.0027900464201754
2021-04-12,WST,0.014676303770726467,0.007056713746023749,0.013095462232140826,0.0014156858020772213,12.720992874945178,0.0046297894736376
2021-04-13,WST,0.006822434549648894,0.027216811363868203,0.011017465511353174,0.031524228533697164,12.6881931925273,0.0044803968046346
2021-04-14,WST,0.02432078230558886,0.0018554779759739775,0.0017074508044900808,-0.021072270036292626,12.951814648122985,0.0058318471529298
2021-04-15,WST,-0.015085371112840154,0.013214842942906568,0.007398817444150722,0.03564973311140195,12.806284573911311,0.0050420025788494
2021-04-16,WST,0.03444608772655663,0.010505182727679963,0.024890611693954224,0.009219649323715976,12.80271167900945,0.0050240201279509
2021-04-19,WST,-0.00035327266412656024,0.007435949666938721,0.009733353491147111,0.00938726572183619,12.724571752672464,0.0046463886590823
2021-04-20,WST,0.014361563890561735,0.008794446506860098,0.014140170842702521,0.008084480837935372,12.666344701243613,0.0043835682228735
2021-04-21,WST,0.012230744970079276,0.01502008884633462,0.005301637831169232,0.014432057973546377,12.920983764052593,0.0056547891748522
2021-04-22,WST,0.017072265354352113,0.005682161869617446,0.004177344450999441,-0.006164081003169056,12.91435717611903,0.0056174410076015
2021-04-23,WST,-0.009972474759091169,-0.001563215397690321,0.0014094910273341921,0.005700843792145927,12.643362594887305,0.0042839731102048
2021-04-26,WST,0.006309882835715387,-0.0026415708379203275,0.007856254152292387,-0.003931405241751352,12.675766851909591,0.0044250661864854
2021-04-27,WST,-0.008982108258205229,-0.004964186155766397,-0.010583174842342434,-0.006409995610458777,12.908182045159215,0.0055828593712582
2021-04-28,WST,-0.0007779492712380623,0.0030246926898428853,0.002069389014890375,0.005820530571100599,12.663500657121004,0.0043711188337899
2021-04-29,WST,0.011854619789605395,0.027566351220172525,0.011397800021994394,0.007205081244364321,13.151147122084792,0.0071182840248996
2021-04-30,WST,-0.0004925180452159491,-0.008126967614661557,0.0018251521791517527,0.012158037706693929,13.728972886940074,0.0126859274761668
2021-05-03,WST,0.009894320415435707,0.01189704820017355,0.012073711223745027,0.004131321319102839,13.405285639912268,0.0091779662855051
2021-05-04,WST,0.0023441635182905314,-0.01644079364004429,-0.010066793409800406,-0.002063573938525137,13.15270051743911,0.0071293501485295
2021-05-05,WST,0.0036122001816341637,0.0019713850588038385,-0.00027769861120247367,-0.0018243380979119299,12.66001358269538,0.0043559029137988
2021-05-06,WST,-0.003216823490933726,-0.0018498152827363806,0.0014184497179669973,0.0024925162604839805,12.3225259085418,0.0031081974745335
2021-05-07,WST,0.0032471486700251513,0.01572162624278264,0.015742871380230446,0.012848683273982272,12.536099153001324,0.0038482444922796
2021-05-10,WST,0.011777353145729785,0.005691239825304241,0.0018785803866531912,0.00014980835351644962,12.973169392841225,0.0059577243092193
2021-05-11,WST,-0.011686250528039312,0.009169259310707924,-0.00342631643128713,0.004455012424611161,13.03549962588116,0.0063408888399028
2021-05-12,WST,0.002148690243910875,-0.02172704134232188,-0.015922022618821224,-0.031577498163652656,13.112920937552689,0.0068513137923295
2021-05-13,WST,-0.012503127425308723,-0.006248030416057652,0.003143011886518771,0.010718059203690615,13.065583480153231,0.0065345460034251
2021-05-14,WST,0.012654110362967414,0.013024885713014158,0.007082141023480512,0.014424943570845245,12.476103599529843,0.0036241554887751
2021-05-17,WST,0.006387796227621364,0.000388489847122124,-0.0037646551056936327,-0.019310305422497082,12.573839347853667,0.0039962538958288
2021-05-18,WST,-0.020022105229390116,-0.014898151535747335,-0.0017804153617154935,0.0005199836322322415,12.597442209915732,0.0040916992121362
2021-05-19,WST,-0.007288404469252697,-0.006326849377120474,-0.007523721019061926,-0.0030637896396208918,12.666660207428574,0.0043849514883272
2021-05-20,WST,0.0076563418523239385,0.018862369479883817,0.005679207131467085,0.021013268884642437,12.631016799175821,0.004231409022963
2021-05-21,WST,0.02283276412416179,0.007784981161462666,0.025103689848083192,0.001981146449610928,13.429996595534654,0.0094075883508244
2021-05-24,WST,0.005404160449873168,0.009845445315211131,0.0024579288722812466,0.018039655774992967,12.471129435740856,0.0036061730378766
2021-05-25,WST,0.012370632998364146,0.018308283044448332,0.01780496396294061,0.017054825094469754,13.168103179660996,0.0072400113848279
2021-05-26,WST,0.020638289877409892,0.006019138355277931,0.010619699451532256,-0.0028127244434610907,12.867731738974781,0.0053615368986613
2021-05-27,WST,-0.011154163336804475,-0.0011779294401393842,-0.006774307331855637,0.0008997862107275326,13.936577971918341,0.0156129171762616
2021-05-28,WST,0.008153204136956903,0.004045137168592853,0.010811055068367917,0.008118809346653351,12.873135057399978,0.0053905854731896
2021-06-01,WST,0.005590601313697547,8.601236788416817e-05,-0.016128283864500142,-0.02137724009173396,12.601827427315111,0.0041096816630347
2021-06-02,WST,-0.02478806469044716,-0.024225321516370656,-0.018580918411130385,-0.018963936293833774,12.887402779005837,0.0054680483385985
2021-06-03,WST,-0.02387862252743209,-0.018382945048073543,-0.011225719920156875,-0.0030007264544867646,12.496878583628968,0.0037002350887303
2021-06-04,WST,0.013187301918742733,0.007767326800527626,0.010084667546778106,0.001981450649944991,12.362225605170924,0.003234074630823
2021-06-07,WST,-0.0085519734758662,-0.004307772653051616,-0.0009619212801480705,-0.0003300154224901369,13.102570790057749,0.0067807672541893
2021-06-08,WST,0.008671112154306332,0.0011902984714779901,-0.012923165292907792,-0.009101592361067494,12.866440919874208,0.0053546205713926
2021-06-09,WST,-0.012522196864418533,-0.00011894266355768043,0.0037094932198045286,0.016901526003589684,13.002004276539308,0.0061320157563894
2021-06-10,WST,0.015346585549106067,0.02243858640495587,0.022061474869467516,0.023099214512502884,12.78184576929048,0.0049202752189211
2021-06-11,WST,0.017567547611118253,0.004497185710832809,0.010248371141079172,0.004498272055763282,12.295917919903431,0.0030265848127634
2021-06-14,WST,0.009030987811040371,0.0014754304651533514,0.00246532918768639,-0.0005501524738733395,12.253914741377207,0.0029020909219276
2021-06-15,WST,0.0009823819187827925,0.0009823819187827925,0.001727906777614659,-0.0008696261807075801,12.441148720271016,0.0034996615979393
2021-06-16,WST,-0.000866539720890123,0.006763880435063601,0.005166003037867196,0.003676247055329907,12.613871694544752,0.004159479219369
2021-06-17,WST,-0.006146941813714071,0.012456804768660996,0.00011605393755042107,0.01695938878190937,12.71439814659232,0.0045993576336555
2021-06-18,WST,0.018013442790853443,0.003026814059943144,0.018857214515393062,0.0007384594418484314,13.257769761133897,0.0079191947226099
2021-06-21,WST,0.011642927357306893,0.01201587568958934,-0.00034279107019029504,0.01493235710015104,12.56689248749841,0.0039685885867542
2021-06-22,WST,0.008434266576757467,0.007506676246759972,0.018570561317642814,0.006967064786522237,12.40779233605911,0.0033848505652797
2021-06-23,WST,0.0068355305247589275,0.0011073746467582597,0.005984240532636394,-0.0038674771071657275,12.520887034998584,0.0037901473432229
2021-06-24,WST,0.002527003925719317,0.0009401810821051299,0.000501645458366101,0.0023389934721177786,12.368620824600177,0.003254823612629
2021-06-25,WST,-0.0045311811282706844,-0.0014939310652792275,-0.0023436519043884634,0.0014450445494646553,13.105626087158386,0.0068015162359952
2021-06-28,WST,0.004031815318314244,0.009066453359425797,0.004459219218576795,0.008683137356359893,12.524166311833152,0.0038025967323064
2021-06-29,WST,0.007078448730621632,-0.001097934592111812,0.0005281572423357478,-0.008849694381920072,12.672635988772473,0.0044112335319481
2021-06-30,WST,-0.008133626487755638,-0.01054631476542056,-0.006944468096398685,-0.002503233085701549,12.956074999512895,0.005856745931097
2021-07-01,WST,-0.002057708126416129,0.0077960808794944455,0.004996883918779764,0.01082942656827902,12.844502254499021,0.0052384262732792
2021-07-02,WST,0.010576829294858004,0.007817864940052767,0.0030030274732948475,0.007492320891490077,12.582798715298532,0.0040322187976258
2021-07-06,WST,0.0069439660628368045,0.008786820890720717,0.01493544795807582,0.00884681849163212,13.291601383266912,0.0081916980169949
2021-07-07,WST,0.014068852579624406,0.011659668412895901,0.008524727081172344,0.009897085050202833,12.77280873810987,0.0048760107244017
2021-07-08,WST,-0.00280885245263612,0.0048603432924745615,-0.005247832376663986,0.001206691060556361,13.068542681299782,0.0065539117197774
2021-07-09,WST,0.012684700602564292,-0.00045284961390877984,0.012839521574889469,0.0028905592510352646,13.14666762190665,0.0070864689194638
2021-07-12,WST,0.004290220011342496,0.005316540113055084,0.0010761229064466654,0.004798890187425523,12.60216395655763,0.0041110649284884
2021-07-13,WST,-0.00023925519840869937,-0.0007955647002077782,-0.002314784041422556,-0.008922821874860848,12.396697137361691,0.0033475023980289
2021-07-14,WST,-0.005306808322851517,-0.007697693555456788,-0.0023472685105430124,-0.003252359083481479,12.165255859329688,0.0026558696711634
2021-07-15,WST,-0.007703380157487227,0.0005078974732903409,-0.0059601736054928495,0.0013989469104104429,12.487488878546145,0.0036656534523871
2021-07-16,WST,0.007328899481967765,0.0045062217538310865,0.007174922046470714,0.004559965773886127,12.42440865913169,0.0034415644488826
2021-07-19,WST,-0.005390950087007559,-0.0023707806470552096,-0.0047054678857467456,-0.007144397272564943,12.978033317047784,0.0059867728837477
2021-07-20,WST,0.000781096229645255,0.00514095525207186,0.007454215294287726,0.005003369488317281,13.160431503507352,0.0071846807666787
2021-07-21,WST,0.00016134647267565178,-0.00697843114206208,-0.024550519165518838,-0.012799826183403527,12.736997911302637,0.004704485808139
2021-07-22,WST,-0.008123706745065488,0.0023226551329607516,0.015058024003455187,0.016255229691625243,12.417147664184915,0.0034166656707155
2021-07-23,WST,0.021394415635541463,0.017237260752985803,0.01758853242736613,0.018780796609256602,12.379609899729042,0.003290788514426
2021-07-26,WST,0.006503957560263661,-0.005018895782680951,-0.003610971183731125,-0.00938604214132447,12.535739636044429,0.0038468612268258
2021-07-27,WST,-0.004410661765954044,-0.0004742671818560565,0.004304834770014627,0.002301907137178358,12.309986615445005,0.003069466041829
2021-07-28,WST,0.000793629471802532,0.015351997603424239,0.007707629187131532,0.014769509727323807,13.109887881002546,0.0068305648105236
2021-07-29,WST,0.019409032528585897,0.05479105784926896,0.017531489628448492,0.05302102290293072,13.483390238001846,0.0099235463650661
2021-07-30,WST,0.05358346465493919,0.01516662295208987,0.048519687399097525,0.01667793816193759,13.429702478318,0.0094048218199169
2021-08-02,WST,0.013723418324848347,0.008482527436028942,0.0022529584671404784,0.008464955103233274,12.612873527761383,0.0041553294230078
2021-08-03,WST,0.005080101341155609,0.01424764844090203,0.02408947447537564,0.016622972352054528,12.709876675502672,0.0045786086518495
2021-08-04,WST,0.017579310045892204,0.0172611296679491,0.013665575915107746,0.013994770870295414,12.867989702969597,0.005362920164115
2021-08-05,WST,0.015479782415053723,0.0002093697439870734,0.0003571643876331561,-0.005809299167950077,12.227839029667624,0.0028273945874261
2021-08-06,WST,-0.013490263615710561,-0.0034231787662758724,-0.001929992051050221,0.004289889073497521,12.562000810699038,0.0039492228704019
2021-08-09,WST,0.014283650013232134,0.003423182139921565,0.01423175760189423,0.003549451604939719,12.285350445351659,0.0029947697073275
2021-08-10,WST,0.005164960053653615,0.0022987416623164976,-0.0011998750002981677,-0.009367537540773185,12.520522006212012,0.0037887640777691
2021-08-11,WST,-0.010825768900172957,-0.011359381383238398,-0.012745612531949923,-0.005189829107933711,12.456835254920371,0.0035549922160886
2021-08-12,WST,-0.011774794053317805,0.009153507639970268,0.0023575496007138797,0.016210888670397883,12.132969552931216,0.0025714904784859
2021-08-13,WST,0.021718367956300003,0.010083686774505217,0.01796292460765374,0.01055572309034968,12.138869243416009,0.0025867063984769
2021-08-16,WST,0.010374622196388726,0.017065971396261856,0.013321185109732183,0.01673767637124386,12.559194785729225,0.0039381567467721
2021-08-17,WST,0.010609121641411,0.0036129285180266295,0.006754874528896556,0.0005433145454615658,12.519791548657462,0.0037859975468617
2021-08-18,WST,0.003836347176764387,0.0047223124461295285,0.008414056538124983,0.0008370320135723993,12.60283667547732,0.0041138314593959
2021-08-19,WST,-0.0012015772792769819,0.009933646934468271,0.0009985466171282343,0.010661535559019605,12.832815565542704,0.005177562593315
2021-08-20,WST,0.01251131503707957,0.0005331950170311278,0.0077282714505060085,0.005689298652755355,12.448630513463613,0.0035259436415602
2021-08-23,WST,0.01005223783053309,0.0010203917794889953,0.0038189522649978275,-0.006562234846969381,12.4016435409078,0.0033641015834737
2021-08-24,WST,-0.007725264227294887,-0.006920957156277918,-0.005238126913815092,-0.0015460877386646664,12.437585079848033,0.0034872122088558
2021-08-25,WST,-0.005446021824562221,-0.003602169432706139,-0.007375840602899398,-0.00305506433199932,12.457613159362927,0.0035577587469961
2021-08-26,WST,-0.0011692144868985215,0.003758192636047294,0.005209313640736462,0.004892215478901385,12.389647583180738,0.0033239868853155
2021-08-27,WST,0.005899574743231704,0.0036997139329104523,0.002684605036449783,0.0005818727859767017,12.449022745701502,0.003527326907014
2021-08-30,WST,0.00013415234051766234,0.007689609650868481,0.007429604536630836,0.01052692658859761,12.762830066509972,0.0048275964335211
2021-08-31,WST,0.013019770015039804,0.008025627535129797,0.0013858158535534283,-0.00015471197630637003,13.149007255768522,0.0071030681049086
2021-09-01,WST,-0.0074444947905956994,-0.004367646921180132,-0.01242658439059355,0.00331571352535545,12.81692729780043,0.0050959499315449
2021-09-02,WST,0.012266644447870845,0.011372317334458534,0.024788346500283446,0.01289306323141258,12.42681732184313,0.003449864041605
2021-09-03,WST,0.005738992405613031,0.011996918695124176,0.005806373526890329,0.011653026591404674,12.595072949607092,0.0040820163539601
2021-09-07,WST,0.012200372317584996,-0.003680927523780106,0.0021906608470867762,-0.005441330482080721,12.234178937077944,0.0028453770383246
2021-09-08,WST,-0.005430327647167178,0.014409842047347675,0.006564990290631545,0.014210416521211145,12.552145080994137,0.0039104914376975
2021-09-09,WST,0.021823158356126728,0.010425380224559692,0.002301575377164547,-0.015553640540997341,12.80271167900945,0.0050240201279509
2021-09-10,WST,-0.013742224499382285,-0.017615013543505628,-0.00449959919287228,-0.004802847068671082,12.739054008205294,0.0047141686663152
2021-09-13,WST,-0.007582178944658205,-0.01069834850719362,-0.04769933084556299,-0.0373307652262452,13.228525371792253,0.0076909559227442
2021-09-14,WST,-0.03593897981322297,-0.016122231236776783,0.01330168946462622,0.022029948471003823,12.85474794968064,0.0052923736259747
2021-09-15,WST,0.019652953240082507,0.009085829643084284,0.015838664081093752,0.0009508785287045933,12.481812442022767,0.0036449044705811
2021-09-16,WST,-0.0021622897046358297,-0.0017450770134384123,-0.004738725716689413,0.004366210875883867,12.404517684236607,0.0033737844416498
2021-09-17,WST,0.0010154459374977383,-0.0056486893733939565,-0.0019866715567619735,-0.012955746837028766,13.263691049905828,0.0079662257480367
2021-09-20,WST,-0.020260656288627978,-0.012282422325724577,-0.015242631877919828,-0.008888617347536987,12.681377821708454,0.0044499649646525
2021-09-21,WST,0.008006122725233924,0.003505650992829327,0.005475278841340945,0.007773474527335903,12.233692676364548,0.0028439937728709
2021-09-22,WST,0.005146606244110627,-0.002528196977246078,-0.006951114058329887,0.0023626967200886155,12.448630513463613,0.0035259436415602
2021-09-23,WST,0.005363422334616375,0.020397229095031336,0.018660618214768044,0.01335716277927825,12.237576157539047,0.0028550598965007
2021-09-24,WST,0.004982882763081476,-0.002243488137110547,0.007265953319537711,0.004143214506578715,12.439566447718878,0.0034941285361244
2021-09-27,WST,-0.002091583451875971,-0.00884872142071305,-0.024655032865965737,-0.03454224504555982,12.701076766795813,0.0045384939536913
2021-09-28,WST,-0.03674583084992987,-0.03855139087658734,-0.04445189227197019,-0.0325914465997672,12.93096313376517,0.0057115030584552
2021-09-29,WST,-0.017343545243501658,-0.004353659142939772,0.010431335123244446,0.011583743506747748,12.492006941510096,0.0036822526378318
2021-09-30,WST,0.014756658294415645,0.009848957803697971,-0.003904841433945225,-0.018367926940365722,13.243343076062697,0.0078057669554039
2021-10-01,WST,-0.02608055638086289,-0.03416274199070718,-0.04197370593116872,-0.011394649282787831,13.166190771184487,0.0072261787302906
2021-10-04,WST,-0.019722426268996063,-0.01837944188603481,-0.001771133413619609,-0.023893441875092142,13.293962655470008,0.0082110637333471
2021-10-05,WST,-0.009016072443144051,0.006806774775632039,0.014568582263503618,0.008890895491579877,12.876465396508989,0.0054085679240881
2021-10-06,WST,-0.005463283253207768,-0.015182034723315337,-0.01673792909359901,-0.0004595423786155487,12.733168193349542,0.0046865033572405
2021-10-07,WST,0.014647227631017817,0.021493932936269094,0.024208738805772442,0.010661899777137836,12.81584093453868,0.00509041686973
2021-10-08,WST,0.0057658420162363935,-0.0066926622534723154,-0.020366551017110386,-0.025654289851255077,12.253437985595856,0.0029007076564738
2021-10-11,WST,-0.035648664881002184,-0.016954433409349812,-0.011397011226594289,-0.008807166680510282,12.540761149388421,0.0038662269431781
2021-10-12,WST,0.003110209929733058,-0.011032076155956035,0.000497254690049986,-0.0009171552600083339,12.215037342290755,0.0027914296856291
2021-10-13,WST,-0.0011097051242762062,0.003959272752556967,-0.00805948543102036,-0.0023589907960227304,12.769967835179024,0.0048621780698644
2021-10-14,WST,0.006467915361073447,0.0004633408246711356,0.012225805212228347,0.012795339932896145,12.463428233647901,0.003578507728802
2021-10-15,WST,0.0032060625133988534,-0.0022455673801675094,-0.0007675251729358752,-0.0064513485997114775,12.364361892519216,0.0032409909580917
2021-10-18,WST,-0.015513625810404889,-0.000977785338601099,-0.0032745673521933577,0.009612588190905052,12.28765724080691,0.0030016860345962
2021-10-19,WST,0.017685922542017417,0.033834549141272804,0.01895241411633601,0.02142172150169755,12.845821686490329,0.0052453426005479
2021-10-20,WST,0.024755769128576133,0.0005437702002771451,0.007215391443772252,-0.0071378716018363824,12.472662584630097,0.0036117060996916
2021-10-21,WST,-0.008671643962114301,-0.0018922618106715014,-0.0004598824915722773,0.01823608181447626,12.637533581715047,0.0042590743320377
2021-10-22,WST,0.010501344272842066,0.005783891086395777,0.01502251399763007,-0.0024663526775291675,12.86255843507616,0.0053338715895866
2021-10-25,WST,0.003152798065433134,-0.005381599042323793,-0.00982931404688226,-0.00896711087063684,12.978033317047784,0.0059867728837477
2021-10-26,WST,-0.0016580926475552164,0.005734750902042214,0.002694658460220125,0.006851829135127404,12.629708330910852,0.0042258759611481
2021-10-27,WST,0.0012319307185430298,0.0016928487241190747,0.0028551595608660636,0.00247134970157998,12.644653329849545,0.0042895061720197
2021-10-28,WST,-0.005198909192948927,0.0005871201378123107,-0.03297835554391838,-0.0004985306597155291,13.449652146200602,0.0095943291870781
2021-10-29,WST,0.002021133005415469,0.015377051113695042,0.03362507091366079,0.02056460029165123,13.22528271581213,0.0076660571445771
2021-11-01,WST,0.023335982383117255,-0.0036597266110973367,0.0038712721319300912,-0.007331264614906215,13.17628511440807,0.0072994917993384
2021-11-02,WST,-0.005094792130812036,0.018553423492703967,0.007792760836168179,0.026112577132722754,13.044620190471909,0.0063989859889595
2021-11-03,WST,0.02282775982098676,0.004840048127707393,0.016313930963843443,0.0004107732775055827,13.052372150583638,0.0064487835452938
2021-11-04,WST,-0.00759750712446701,-0.011559546663984507,-0.008135499479011538,-0.011798859155434242,12.892197728773349,0.0054943303822194
2021-11-05,WST,-0.015253542665793464,-0.008382212247480344,-0.05985163883106383,-0.07002908366257636,13.90416317072269,0.0151149416129185
2021-11-08,WST,-0.05528613580851754,-0.044351997068361695,-0.003995387280276655,0.023230796215845784,13.12755189374345,0.0069522921704519
2021-11-09,WST,0.02054392462486807,0.013023348653438415,0.022826914983270337,0.0024663250219607554,12.51723073716405,0.0037763146886855
2021-11-10,WST,-0.006739166722246242,-0.01420875606532889,-0.006628176166066496,-0.011243755331938065,12.8079293066156,0.0050503021715718
2021-11-11,WST,0.0024536512602688467,0.00956681676765623,0.005158974465701524,0.01791046346854836,12.607867693866968,0.0041345804412019
2021-11-12,WST,0.016173245321633577,0.009285915990263441,0.011595762501835192,0.005573538665116764,12.336666603113574,0.0031524619690529
2021-11-15,WST,-0.002079147491413125,0.004693663812854876,0.011893747211458887,0.007722797809418989,12.440357896943219,0.0034968950670319
2021-11-16,WST,0.014252016989092736,0.045311013594277735,0.013880514381677455,0.045735380319691765,12.94132339903781,0.0057709834729656
2021-11-17,WST,0.04834084603775839,0.01545270604646854,0.03697946999621784,0.0054798389602354405,12.741691364642852,0.0047266180553987
2021-11-18,WST,0.007700614548641652,0.002067658871857356,0.010904359901261504,0.010514360183925443,12.630035608520458,0.0042272592266018
2021-11-19,WST,0.007907159030852151,0.012250713208400075,0.0035262049081053776,-0.002027217912989592,12.731691310720683,0.0046795870299719
2021-11-22,WST,-0.005969003458609528,-0.010143097405939897,-0.01919601396867099,-0.024309077628236846,12.620500798605278,0.0041871445284437
2021-11-23,WST,-0.037668516552003796,-0.035874553527951436,-0.032898907166991245,-0.016099578334861316,12.637858308703688,0.0042604575974914
2021-11-24,WST,-0.008098211472195638,-0.002737258786198378,0.0054885860676245225,0.007010762208625063,12.544689010436022,0.0038814428631691
2021-11-26,WST,0.016292102730764462,0.047877112011038475,0.024503490959326298,0.011826845090172532,12.540045332306379,0.0038634604122706
2021-11-29,WST,0.008354552393577673,-0.0009445861139855582,0.00025212580588482536,0.01918236587507685,13.028933628481127,0.0062993908762909
2021-11-30,WST,0.019360184703644385,0.006593700732429196,0.0060315762969457435,-0.010606508629070721,13.836587862709939,0.0141272900789545
2021-12-01,WST,-0.013942310722588395,-0.02884051139760542,-0.027925590417736658,-0.01651391476554649,12.843181079306648,0.0052315099460105
2021-12-02,WST,-0.021480903133593302,-0.005453219684439244,0.013933411555946375,0.004537377160382484,13.209276582908629,0.0075443297846488
2021-12-03,WST,0.016244668188241596,0.00852736433451522,-0.012833079124484201,-0.007481435498525064,12.910162238924604,0.0055939254948881
2021-12-06,WST,-0.014859742052000701,-0.014056224514471327,-0.019324913970684636,-0.024601574778343842,13.155219649632413,0.007147332599428
2021-12-07,WST,-0.007083786292186303,-0.010024925590869843,0.017498144064848505,0.014972973869300438,12.818283594342818,0.0051028662588136
2021-12-08,WST,0.004196011776013137,0.0007340954319378138,-0.0021119377901976525,0.012802270504895609,12.699246387487896,0.0045301943609689
2021-12-09,WST,0.00948630592666367,0.005443536792524414,0.00776865349107668,-0.014617910561992797,12.60552303476121,0.0041248975830258
2021-12-10,WST,-0.016916628279075942,-0.007877264674881753,-0.0031748994542959218,0.005530064829052515,12.354496960983985,0.0032091758526558
2021-12-13,WST,0.00925617474898498,0.016801131208691648,0.005386591740617536,0.021410813916382387,12.596089034314039,0.0040861661503213
2021-12-14,WST,0.00924034319056218,-0.010864600302343574,-0.014453358010165888,-0.028106600913469493,12.757082940769225,0.0047999311244465
2021-12-15,WST,-0.014194115092589579,0.01735432442128344,0.007334819284311581,0.034008826006497926,12.853963535427878,0.0052882238296135
2021-12-16,WST,0.02882102167400697,0.01626293967293628,0.03271948978467329,0.0029267609661748645,12.80271167900945,0.0050240201279509
2021-12-17,WST,0.004162645351329229,0.011075943691318627,0.002377500573414851,0.011155649329735532,13.331328487993112,0.0085236817258903
2021-12-20,WST,0.007226414204971444,-0.012734558416810399,-0.025608929240707536,-0.02425751777518912,12.961962203877555,0.0058913275674402
2021-12-21,WST,-0.018675817074306218,-0.013616650108300926,0.008754970353869119,0.01242716341482331,12.430419472617638,0.0034623134306886
2021-12-22,WST,0.01335621539516111,0.019399217455210508,0.015315005935541673,0.020242903577532174,12.456835254920371,0.0035549922160886
2021-12-23,WST,0.016448025207726244,0.018209031025503714,0.025493250588440052,0.013640762740695575,12.835750066956251,0.0051927785133061
2021-12-27,WST,0.03084581496098846,0.02612781106929103,0.023889858660270512,0.013070949762269593,12.765691290604371,0.0048414290880584
2021-12-28,WST,0.0011109181652715278,-0.011327060273628769,-0.008095657447311742,-0.0021917797800991862,12.27886296424548,0.0029754039909753
2021-12-29,WST,-0.007157096227906744,0.0017657682976394014,0.006153542007264034,0.00668913943576133,12.29865638469802,0.0030348844054857
2021-12-30,WST,0.010014165112339901,0.00939289810607602,0.011404609340325974,0.007132761427381462,11.999669439469741,0.0022505728932203
2021-12-31,WST,-0.010014119757616896,-0.005002790645559855,-0.010735174618580472,-0.004955512371108751,12.322970845390355,0.0031095807399872
2022-01-03,WST,0.002898969117251571,-0.009568497427779743,-0.04526065161143923,-0.050484580712414975,12.893204268851937,0.0054998634440344
2022-01-04,WST,-0.05272187058527916,-0.049781829165856786,-0.05006239855678138,-0.038682543654364784,13.172678093139936,0.0072732097557175
2022-01-05,WST,-0.03789265823013724,-0.04193909475987279,-0.04278908600880409,-0.060116517093663516,13.18082283341064,0.0073326901702279
2022-01-06,WST,-0.05206581229404359,-0.03289826216078754,-0.01737429623976114,0.009289157342415961,13.161008925181713,0.0071888305630399
2022-01-07,WST,-0.0002968063329512144,-0.020315804088855173,-0.01724530679044134,-0.04327854197171676,13.1497859188823,0.0071086011667235
2022-01-10,WST,-0.04074777144286911,-0.030161305608929215,-0.0264123756188228,0.005363785497383991,13.230681315573902,0.007707555108189
2022-01-11,WST,0.009846302266119806,0.019085192745073667,0.019409480802838306,0.017473825242397364,12.865407063576011,0.0053490875095777
2022-01-12,WST,0.022903688785684093,0.017869587061586555,0.030507864864138808,0.004445813972061003,12.767118838519758,0.0048483454153271
2022-01-13,WST,0.001768864447508273,-0.01470321088475107,-0.05007549783403072,-0.05241283496576156,12.892449458789203,0.0054957136476732
2022-01-14,WST,-0.059910592652349354,-0.05261602856962002,-0.01985044558872149,-0.0026295307818475404,12.958198388010642,0.0058691953201805
2022-01-18,WST,-0.029874814824596196,-0.015714210158548746,-0.017094561989345485,-0.019794218086356244,12.902467048153223,0.0055510442658224
2022-01-19,WST,0.020681568019654973,0.017053841152261634,0.020627784177327028,0.008801514473292457,12.975488497964328,0.0059715569637566
2022-01-20,WST,0.008847658377619604,0.01965091170366832,-0.0008309292907658176,-0.004966413156223307,13.518856356064289,0.0102818121175824
2022-01-21,WST,0.0043550917301916035,-0.01080308623953373,-0.01769290823017039,-0.015619662896944123,13.392086651661824,0.0090576221910305
2022-01-24,WST,-0.04165198236685686,0.0006753562545788839,-0.016456597124022348,0.04185241662081692,13.688473460253336,0.0121824188510088
2022-01-25,WST,0.03324142486535846,0.001764191388644296,0.034926724630524986,-0.013545664983845492,13.435275966530623,0.0094573859071587
2022-01-26,WST,0.005588419586695085,0.006485251647846328,0.0035840339509057052,0.0005549332013250572,13.537384018971478,0.010474086015651
2022-01-27,WST,0.011449670700890308,0.001466763072332109,0.011810856483592418,0.013876773140715977,13.540548574401761,0.0105072843865405
2022-01-28,WST,0.00715505298593322,0.01071763402360125,-0.006485218114651874,0.02360825594946844,13.23836883410295,0.0077670355226994
2022-01-31,WST,0.023596131414834676,0.020323764988303614,0.029645159829370694,0.00048325498974610974,13.415482144214248,0.0092720283363588
2022-02-01,WST,0.0034881652685655844,-0.008512337198084665,-0.0017029740534821364,0.01017139452557167,12.854486546624395,0.005290990360521
2022-02-02,WST,0.0069901069603384705,0.027918102607363073,0.02600074348550352,0.028514274612542637,12.738466983201718,0.0047114021354077
2022-02-03,WST,0.0034518809788937586,-0.004951349226451687,0.006645913550093982,-0.016229626846658785,12.400409231902334,0.0033599517871125
2022-02-04,WST,-0.0008245058713160666,-0.003174937519820129,-0.00664597265461518,-0.003487458998141339,12.123782831670258,0.0025479749657724
2022-02-07,WST,0.0021468395667727912,-0.003580854969452245,-0.0031251426948019473,-7.494727133107517e-05,12.421188057397055,0.0034304983252528
2022-02-08,WST,-0.015201927858570398,-0.003817114718191447,-0.007651983104665059,-7.487616858456121e-05,12.568981617474362,0.0039768881794765
2022-02-09,WST,0.02963558237154449,0.015475223113504471,0.02925060564853062,0.019989119861362332,12.830675960927596,0.0051664964696852
2022-02-10,WST,-0.01673035335744536,-0.0020314550342447526,-0.02109372056305841,-0.02283811500636345,12.698940998282254,0.0045288110955152
2022-02-11,WST,-0.0014760526987357015,-0.009552569869846626,-0.0136917054396404,-0.021120219162793757,12.828263420989288,0.0051540470806016
2022-02-14,WST,-0.0219665120575515,-0.023375459869070525,-0.02404682902586136,-0.019409978138638293,13.112920937552689,0.0068513137923295
2022-02-15,WST,-0.007628387993748083,-0.005917552200905387,-0.0026758397625477187,0.004395090331349068,13.126357390703754,0.0069439925777295
2022-02-16,WST,-0.018239358837475985,-0.025044816649214034,-0.024544815468727086,-0.01582370971716412,13.329379172803593,0.0085070825404455
2022-02-17,WST,0.004427731801814771,0.031190254910034514,0.006306547134876905,0.02081934290908508,13.301514914992461,0.008273310678765
2022-02-18,WST,0.01664373236442888,-0.013713893580807593,-0.016752706998397485,-0.047075926310363364,13.12735290896314,0.0069509089049982
2022-02-22,WST,-0.051976889558940365,-0.04099628799622962,-0.01684440238135307,-0.0009747301784878494,13.24369743404947,0.0078085334863114
2022-02-23,WST,0.0020290329962277774,-0.00829706147134362,-0.011855944524470315,-0.0320415875800272,12.962900948516443,0.0058968606292552
2022-02-24,WST,-0.05800131775914112,0.02389795676874655,-0.022766172045651636,0.05679170823328101,13.195801553866417,0.0074433514065264
2022-02-25,WST,0.07822787753212958,0.01753652845895001,0.0682995002451846,0.021155253299703768,12.965009907449353,0.0059093100183387
2022-02-28,WST,0.020214812706900627,0.006471904385197004,0.01484263763026445,0.0015770508322910917,13.19542980734122,0.0074405848756189
2022-03-01,WST,0.008426018690399103,-0.0014145661212001412,-0.0023484859582690552,-0.01431086960680374,12.923914877701906,0.005671388360297
2022-03-02,WST,-0.011389301286821437,-0.0026029189458932644,0.0027437584022856564,0.008091341496659936,12.454107814022272,0.0035453093579125
2022-03-03,WST,0.011363693249019726,0.010473616893795619,0.007349783762441783,0.0169094793227986,12.570371950022508,0.0039824212412915
2022-03-04,WST,0.006644139258958501,0.0016839305131165893,-0.0030908219285496648,-0.010405675907101845,13.039635902299171,0.0063671708835237
2022-03-07,WST,-0.01512244876764605,-0.018058546007508107,-0.033043613530510656,-0.03765899699028485,12.605187634239536,0.004123514317572
2022-03-08,WST,-0.04572919808938176,-0.03177877288292808,-0.02813050056996241,-0.03890966101680675,12.690043896785632,0.004488696397357
2022-03-09,WST,0.000543350394614326,0.008405316629598808,0.013655393664655114,0.0376215795749249,12.57245383112879,0.0039907208340139
2022-03-10,WST,-0.0015490016760222047,-0.003460065425641101,-0.0018998172184216647,-0.002500213303863214,12.446667041257989,0.0035190273142916
2022-03-11,WST,0.022803167938988112,0.002901840247168755,0.0004682007507673806,-0.022487245937101785,12.600817159541924,0.0041055318666735
2022-03-14,WST,-0.02907893249072328,-0.0006914214990153404,0.002641352860724377,0.018575966541293776,12.924646315668351,0.0056755381566582
2022-03-15,WST,0.027162844364947782,0.02781081007799697,0.01961713902832682,0.040802434114746246,13.169821225863783,0.0072524607739115
2022-03-16,WST,0.02968236506514902,0.02783898226112094,0.037494014800249484,0.028972230097731838,12.816112636016506,0.0050918001351837
2022-03-17,WST,0.02128604080500124,0.01966038421791512,0.023797736793640806,0.02114778528521579,12.601154028883599,0.0041069151321273
2022-03-18,WST,0.029777093814062034,0.03272066845889069,0.030251773245551308,0.023051868805227547,13.426904041847699,0.009378539776296
2022-03-21,WST,0.013762846921704595,-0.0017688467171368164,0.00881193700904807,-0.004931640407621675,12.565846283553652,0.003964438790393
2022-03-22,WST,-0.003739152247634985,-2.3848134852320014e-05,-0.001585233619731277,0.0019853005320086803,12.670752754955478,0.0044029339392257
2022-03-23,WST,-0.007349028674349513,-0.019007202853064016,-0.021514663725689828,-0.025300995743408067,12.399173397495133,0.0033558019907513
2022-03-24,WST,-0.00821870638668095,-0.003028152864792583,-0.006028885537733034,0.013085439791626482,12.16369214550422,0.0026517198748023
2022-03-25,WST,0.012937059043859576,0.0027110572682728707,0.004331473536481205,-0.007889972977832763,12.79608183878539,0.0049908217570614
2022-03-28,WST,-0.006705344533055631,-0.0018309543830263876,0.004387297301898954,0.003473378580504131,12.347142427961746,0.0031856603399424
2022-03-29,WST,0.01769354280098559,0.025523642733079107,0.02495711419387528,0.01820294903719757,12.537176929007302,0.0038523942886408
2022-03-30,WST,-0.0015209187719669602,-0.00410527209778501,-0.007304591573497751,0.009349646526930154,12.896217824589245,0.0055164626294791
2022-03-31,WST,0.012675959668678695,0.008976343422439859,0.0036832238296435984,-0.017618091307182147,13.590366256483616,0.0110439913825882
2022-04-01,WST,-0.016476408441737186,-0.010316627639285808,-0.002828353399468266,0.015270839174857827,12.935071890944245,0.0057350185711686
2022-04-04,WST,0.01090245102346662,0.009368043009730653,-0.004036976218728909,-0.019369700151587548,12.812847335877953,0.0050752009497389
2022-04-05,WST,-0.017691851916379866,-0.014073156174192183,-0.001570197161891595,-0.0009538832135972648,12.604516495526891,0.0041207477866646
2022-04-06,WST,-0.010703059292581392,-0.01149520768800748,-0.021493257555972645,0.0019803622926262638,12.5984558913214,0.0040958490084974
2022-04-07,WST,0.006984631696936341,0.03152948039872337,0.023357603344208295,0.026510630333379647,12.736997911302637,0.004704485808139
2022-04-08,WST,0.023902079117220323,-0.007837259071340256,0.011937706182344828,-0.01647469170301262,12.359227115018937,0.0032243917726469
2022-04-11,WST,-0.01438924014221734,-0.02106719130098686,-0.03717899037835314,-0.03714358885504998,12.647551406590285,0.0043019555611033
2022-04-12,WST,-0.03264476211203591,-0.02291027554203952,-0.036344154907832604,-0.035633462928527204,12.570719231334277,0.0039838045067452
2022-04-13,WST,-0.037125168826696045,-0.03830620179729504,-0.003969917238739777,0.0064024229836376415,13.140205260167273,0.0070408211594907
2022-04-14,WST,0.013136828700893657,0.008122488145248729,-0.006563894751552069,-0.015099827549224506,12.460718739865236,0.0035688248706259
2022-04-18,WST,-0.01660486961475976,-0.02014398265851231,-0.026559126372839272,-0.023354119883049144,12.638831857462883,0.0042646073938526
2022-04-19,WST,-0.03303725101841455,-0.02066170986325235,-0.00864710720515304,-0.003336871899881365,13.633869969258912,0.0115350506186627
2022-04-20,WST,0.00799062110900739,0.007919145367825873,0.00057323457764208,0.0020196756182383905,13.268886757479665,0.0080077237116486
2022-04-21,WST,0.003691100656475415,-0.002013656703395604,-0.006954041358066233,-0.01794074276304504,12.764261701882237,0.0048345127607898
2022-04-22,WST,-0.03132169856269049,-0.03275543717012149,-0.04139571585027033,-0.04300522793425551,12.740813018453595,0.0047224682590375
2022-04-25,WST,-0.04499028597154928,-0.039550746720860556,-0.02922921486265238,-0.0023470324336516035,13.101346052661828,0.0067724676614669
2022-04-26,WST,-0.00014413987096565208,-0.004371745541873307,-0.020403115146774817,-0.048619659196493935,13.021660885180273,0.0062537431163177
2022-04-27,WST,-0.034717728809798225,-0.02305805992975981,-0.001716679413638392,-9.031809864820141e-05,13.276458627123938,0.0080685873916128
2022-04-28,WST,-0.012218200291232913,-0.018514718176289382,-0.07311381228397887,-0.021286481304432548,13.687791952595777,0.0121741192582864
2022-04-29,WST,-0.024490993855631853,-0.017799847059791304,0.020383631546538782,-0.03216916452331483,13.401208014504952,0.0091406181182543
2022-05-02,WST,-0.028890082956561227,-0.03330645972217296,-0.026335840985004355,-0.008958854285755996,13.278171539990662,0.0080824200461501
2022-05-03,WST,-0.0030313906323071625,-0.010802795041146515,-0.002319036831442391,-0.0187496277148659,13.129340977236101,0.0069647415595355
2022-05-04,WST,-0.027736603192025734,0.018220812813436536,-0.018614603844437916,0.038379275477992414,13.539231226453836,0.0104934517320032
2022-05-05,WST,0.045505720046265644,-0.005189893000789901,0.027987925681709755,-0.011623382235747385,13.292614039872173,0.0081999976097172
2022-05-06,WST,-0.02485659984515927,-0.01713600767930867,-0.018406060300595016,-0.02711480575623463,13.293794177950407,0.0082096804678934
2022-05-09,WST,-0.0274403023738643,-0.030927278743407477,-0.024855327168802115,-0.031569855149852936,12.993395271417636,0.0060794516691476
2022-05-10,WST,-0.007304045229112133,-0.004086775161800445,-0.021609876407622512,-0.0018883956351827523,13.033971411476577,0.0063312059817267
2022-05-11,WST,-0.022783299271473104,-0.00908989454828603,0.003829568376618547,-0.018601636256284467,12.871337193291367,0.0053809026150135
2022-05-12,WST,-0.01404090712757488,-0.008232062921343347,-0.007951094131079162,0.01768999342761669,13.008300662763698,0.0061707471890939
2022-05-13,WST,0.03639097619800461,0.030934452720741936,0.03706639886317877,0.02988764668665164,12.644975753446007,0.0042908894374735
2022-05-16,WST,0.010050337398808847,0.0018877374664672297,0.009320938110366234,-0.0052602429387873795,12.69680065849663,0.0045191282373391
2022-05-17,WST,0.017405405153704857,0.011734603855516489,-0.0008950139881659652,0.005096306835614722,12.838144634032156,0.0052052279023897
2022-05-18,WST,-0.02299850662395001,-0.023476844767418056,-0.028014403207709666,-0.03643558277364022,12.93868329823659,0.0057557675529746
2022-05-19,WST,-0.02650052339975037,-0.00042780497623553013,-0.0076348197920381704,0.02750831668926012,12.95725521638489,0.0058636622583656
2022-05-20,WST,0.03850874642468578,0.008782561239896174,0.011379403154801298,-0.005075597071970881,12.832281093414728,0.0051747960624076
2022-05-23,WST,-0.004766283508394474,-0.009638820427481567,0.010848231693565837,0.008807699364342067,13.104201443434462,0.0067918333778191
2022-05-24,WST,-0.003465580527153453,-0.0014175357013908373,0.0006719739870027896,-0.008674658176453777,12.633302506993136,0.0042410918811392
2022-05-25,WST,-0.004108589192405488,0.002207708937288221,-0.005557943195823617,-0.006438831036448319,12.851868750935193,0.0052771577059837
2022-05-26,WST,0.0009624366731773322,0.008554804634173267,0.007001183779113374,0.022077883116557142,12.704727505104454,0.0045550931391361
2022-05-27,WST,0.023113740677879746,0.04770156581697287,0.034288189944074884,0.05027617070826072,13.211291416423222,0.0075595457046398
2022-05-31,WST,0.03252339351716242,-0.0062426399044418265,0.004430584534014789,-0.034297557011763666,13.964190012181339,0.0160500290596406
2022-06-01,WST,-0.01807593622747661,-0.016575071960553488,-0.014757649374519061,-0.005816128428499795,12.775641593169077,0.004889843378939
2022-06-02,WST,-0.012569247623144679,0.013062015858129699,0.004052235156733388,0.03003866091695278,12.631670391834408,0.0042341755538705
2022-06-03,WST,0.015312508678322075,-0.013762812566470039,0.006404532051162406,-0.0258347830462771,12.799954585333216,0.0050101874734136
2022-06-06,WST,-0.003926189378187803,0.0018141323795798933,-0.0016866334109746394,-0.0027468950891140704,12.438774371606481,0.003491362005217
2022-06-07,WST,-0.017876974922337828,0.008202599411536459,-0.0030231719860653594,0.02344266639639764,12.540045332306379,0.0038634604122706
2022-06-08,WST,0.02030463345349307,0.0031802184444715913,0.011781660552994991,-0.013845755681038513,12.924402562452649,0.0056741548912045
2022-06-09,WST,-0.01290853973187798,-0.020518931988554926,-0.02080878634953689,-0.02423258392416033,12.692813546903102,0.0045011457864406
2022-06-10,WST,-0.021231711677998113,-0.027854776161333247,-0.03755983334416991,-0.036890911340286575,13.173438548004615,0.0072787428175324
2022-06-13,WST,-0.05151728016112959,-0.05013880684754927,-0.04361149058366649,-0.03339522320054641,12.898472046572692,0.0055289120185627
2022-06-14,WST,-0.019373090154542694,-0.014714107504566984,-0.017070389131576994,-0.011550533330079316,13.065160021378025,0.0065317794725177
2022-06-15,WST,0.00969841903334388,0.036641802180547536,0.020059195386004047,0.03253588636272596,13.362798169828567,0.0087961850202753
2022-06-16,WST,-0.005666778873383601,-0.037416947350427526,-0.007023626310149045,-0.02515098693727088,12.82638296880441,0.0051443642224255
2022-06-17,WST,0.011301354377716429,0.02766206708697897,0.01078226748619827,0.0004599880818903405,13.659909994229809,0.0118393690184835
2022-06-21,WST,-0.0007333059595178528,-0.008260121533671828,0.010421786787236079,0.019988305087570327,12.822611422769967,0.0051249985060733
2022-06-22,WST,0.0002796033364864089,0.010040890507285797,0.001714966711816014,0.0010393555845945826,13.338765858674591,0.0085873119367619
2022-06-23,WST,0.01558919636199513,0.025336231737190053,0.01599056736574183,0.034270421873275725,12.370319331596598,0.0032603566744439
2022-06-24,WST,0.03529178940067166,0.007709468563482541,0.02346668104403428,0.007599247667979238,13.094788665553034,0.0067282031669475
2022-06-27,WST,0.00245267201901009,0.009979900910533947,0.004360265618230443,0.012013472344224545,12.46110626016646,0.0035702081360796
2022-06-28,WST,0.004656400643053439,-0.0008854063462703818,-0.00836829887859294,-0.027809271045419463,12.812574745642083,0.0050738176842852
2022-06-29,WST,-0.026881182489420594,-0.014438190132256975,-0.016709348933771014,0.01026885694631304,12.807107278406626,0.0050461523752106
2022-06-30,WST,0.012645660873005471,0.013716359615118648,0.01010658845912313,0.00947026325700555,13.2245606954234,0.0076605240827622
2022-07-01,WST,0.014004676828339599,0.012979795401838043,0.019312178757516094,0.017603686277078694,12.673262946075276,0.0044140000628555
2022-07-05,WST,-0.0035323628916282502,-0.005881949644625877,-0.0066195735014317695,-0.005473960061515878,12.975951674296887,0.0059743234946641
2022-07-06,WST,0.017636270466541905,0.03371346631143425,0.021798722953059083,0.030535878447716394,13.199511438088248,0.007471016715601
2022-07-07,WST,0.01873495880208282,0.011499003452542258,0.02872784956718143,0.014816166916017781,13.181388603221546,0.0073368399665891
2022-07-08,WST,0.01043753970108032,0.000778707056045698,0.010406045016816924,-0.005573289222307883,13.046348048940967,0.0064100521125893
2022-07-11,WST,0.005099621375222276,-0.006809200901585967,-0.0066817269835840526,-0.008007485415880141,12.794139826639498,0.0049811388988852
2022-07-12,WST,-0.008514116298980334,-0.0020708332293199504,-0.0665359116056596,-0.06259510670954692,13.402115591473047,0.0091489177109767
2022-07-13,WST,-0.07750440226958825,-0.04581872990148362,-0.012300137190151047,0.010825245071213052,12.989062815279254,0.0060531696255268
2022-07-14,WST,0.016695895584051292,-0.01584067508788647,0.0013398619133318211,-0.018944956397765195,13.060490101343552,0.0065013476325356
2022-07-15,WST,0.007376267038678992,0.008216643819974645,0.007388281228929482,0.020410442593390456,12.620170385023595,0.0041857612629899
2022-07-18,WST,0.0013353088530010234,0.0012250408673338943,-0.010001059580978992,-0.028562737839124882,12.443517444755098,0.0035079611906617
2022-07-19,WST,-0.013494053338689648,-0.0038935351295546787,0.013136599044527145,0.028347025853984215,12.516497870633875,0.0037735481577781
2022-07-20,WST,0.019135694467292637,0.016057801157935012,0.016419463859995213,0.010669391322980441,12.787173118698167,0.004946557262542
2022-07-21,WST,0.0235861337859928,0.0349695626032209,0.029457559436269112,0.04255417874061902,13.378711117293086,0.0089372780965559
2022-07-22,WST,0.029484859945800336,0.006579775804741232,0.005246371366474338,-0.009393197248704707,12.6881931925273,0.0044803968046346
2022-07-25,WST,-0.01516106100943613,-0.012249705046815442,0.000645598739726688,-0.0004147178374641936,12.739933900094027,0.0047183184626764
2022-07-26,WST,-0.0035217492963043446,-0.0008580288565439659,-0.014337227908659315,-0.00047868163021522685,12.775924437795926,0.0048912266443927
2022-07-27,WST,0.0036176892799321164,0.02607666355131792,0.015885522218792678,0.022592106824788585,13.00493252972248,0.0061499982072879
2022-07-28,WST,0.010964566073055779,0.05416669001158743,0.01848864734678583,0.058765720495831494,13.612415927142996,0.0112902126333523
2022-07-29,WST,0.06861348290309485,0.012479719133287877,0.06758500762570652,0.010651397994981649,13.225823889197443,0.0076702069409383
2022-08-01,WST,0.004152439170950906,0.0018527002699281936,0.0006502812389956354,-0.01324371325750604,12.93168943636022,0.0057156528548164
2022-08-02,WST,-0.009330497227687471,-0.005452541676551369,-0.008934965497807331,0.00017686978829840256,12.893204268851937,0.0054998634440344
2022-08-03,WST,0.015337100995134374,0.008629001982956365,0.014915946170618982,0.013328601900201598,12.888919458981409,0.0054763479313209
2022-08-04,WST,0.0011387503446254818,-0.01192053276260723,-0.0079038110742664,-0.009267222865560452,12.55072915656616,0.0039049583758825
2022-08-05,WST,-0.01763338172048581,-0.0025708526106374466,-0.006922582378076898,0.003576858267498036,12.273735966890268,0.0029601880709843
2022-08-08,WST,0.019906954196073124,0.015644129970317153,0.01091190984632789,-0.006871710409735446,12.467286248240269,0.0035923403833393
2022-08-09,WST,-0.016083074241757287,-0.021835616888431837,-0.02953937599927303,-0.029515524756866786,12.567240979056246,0.0039699718522079
2022-08-10,WST,-0.009781314833337693,-0.0007065225421931979,0.014863872590292884,0.02798215483162387,12.497625965026309,0.0037030016196378
2022-08-11,WST,0.01823673536109066,0.021332023994689135,0.009264236011354374,-0.0032219954104346195,12.278397958261774,0.0029740207255216
2022-08-12,WST,-0.006534077918795512,-0.014463180822275322,0.0035222048677659313,0.009517852960143012,12.202069644200355,0.0027554647838321
2022-08-15,WST,0.006035128322162827,0.009172497638019509,0.00023617955356044902,-0.00046948112389859467,12.357509646659748,0.003218858710832
2022-08-16,WST,-0.007394527734967899,-0.01990757003582589,-0.021165948158988503,-0.020423174111756516,12.787732244910313,0.0049493237934494
2022-08-17,WST,-0.01925633478012912,-0.016577059113274385,-0.013394859036373805,-0.01715581503379482,12.57002454806453,0.0039810379758377
2022-08-18,WST,-0.009419028230745655,-0.012098303897600329,-0.01876656107726987,-0.019876368548546505,12.852916691696693,0.0052826907677986
2022-08-19,WST,-0.024332871954271855,-0.02227716938096101,-0.015131890151865689,-0.007079391343064319,12.779030460041641,0.0049064425643838
2022-08-22,WST,-0.018026968770095932,-0.012555500649591838,-0.020678529272065944,-0.025516731609183038,12.669809806411457,0.0043987841428645
2022-08-23,WST,-0.016484429296089717,-0.021787184026956632,-0.011105976415989573,-0.005666800719381377,12.377084656489986,0.0032824889217036
2022-08-24,WST,0.007171299899535567,0.004946883936587684,0.0006856802237485845,0.0028052325607495253,12.981953525180908,0.0060102883964611
2022-08-25,WST,0.00832859058063023,0.009535415158375872,0.009838933138869984,0.013114830002970214,12.48937388613538,0.0036725697796557
2022-08-26,WST,-0.0006357907966369451,-0.0002856838288329867,-0.021292753640052314,-0.03528543009218542,12.432415074973783,0.0034692297579573
2022-08-29,WST,-0.04238107009405538,-0.03426495057190116,-0.014797111066018423,-0.007268435465506202,12.752461339884503,0.0047777988771868
2022-08-30,WST,0.004501247616015151,-0.004445511025566532,-0.010337921161959371,-0.017225007295155893,12.688501881189456,0.0044817800700884
2022-08-31,WST,-0.011759724845067496,-0.009849723906842271,-0.00247402280476785,0.0009103810674745629,13.139025785250656,0.0070325215667683
2022-09-01,WST,-0.011527812494245492,-0.01166572252129831,-0.010711592411918913,-0.001990513887538725,12.406565597924235,0.0033807007689185
2022-09-02,WST,0.012028928168016857,0.018209865009761565,-0.005502701742264018,-0.016171977184514744,12.65778818748478,0.0043462200556227
2022-09-06,WST,-0.027975183785407046,-0.023483794111039454,-0.007963314364630582,-0.0012019246792935986,12.698940998282254,0.0045288110955152
2022-09-07,WST,-0.00288951485484285,0.015071461549369015,0.004439421812199739,0.02645089854715379,12.442333783869854,0.0035038113943005
2022-09-08,WST,0.021435373265204293,0.028733054393206003,0.02234771696627913,0.030747607421686834,12.6494788022162,0.0043102551538257
2022-09-09,WST,0.04098910596742747,0.02420013382865938,0.04234231036952804,0.01730938676073667,12.627086246885055,0.0042148098375183
2022-09-12,WST,0.0160513372806323,0.0032882957915882174,0.013693029597646476,-0.0020433913629128286,12.659695972140415,0.0043545196483451
2022-09-13,WST,-0.028457678701602134,-0.033443523798644265,-0.0656251162101005,-0.0657518559101482,12.77874849269723,0.00490505929893
2022-09-14,WST,-0.03973718358474549,-0.03200245249461809,-0.01369266138447584,-0.007331413528278311,12.631343648903034,0.0042327922884168
2022-09-15,WST,-0.02209656005404079,-0.02073672837041355,-0.053761425351527725,-0.06056248493869264,13.764954886203096,0.0131507046686205
2022-09-16,WST,-0.04819752140997557,-0.061183592844495996,-0.026896244467654776,-0.020931153956020007,13.585595380856684,0.0109914272953464
2022-09-19,WST,-0.028267183219434278,-0.012625231294295823,-0.018953777506475884,0.006951636484658882,13.261257116913471,0.0079468600316845
2022-09-20,WST,0.003792980442709703,-0.0049385877333687255,0.0017587916552656113,-0.023388448329105235,12.6748286217805,0.0044209163901242
2022-09-21,WST,-0.006731813889293926,-0.002086630284057151,-0.015243119373975938,-0.021039430095133774,12.742861294083317,0.0047321511172137
2022-09-22,WST,-0.03205558084111119,-0.040965054945056756,-0.024024825438335836,-0.01991048304371482,13.055156766746023,0.0064667659961923
2022-09-23,WST,-0.021345424561316512,-0.010784016931088972,-0.010946217308900406,0.004454448213956207,12.825575976983862,0.0051402144260643
2022-09-26,WST,0.007929642596519883,0.013578105581871013,0.008917739402960263,-0.005561375232539962,13.501485879097348,0.0101047541395048
2022-09-27,WST,0.009707178438536536,-0.007234274365152378,-0.026095844413379907,-0.02580161281640472,13.031346169595265,0.0063146067962819
2022-09-28,WST,-0.030375881453726716,-0.010990031485348188,0.0076125333324946485,0.02223550301367957,13.074854492046514,0.0065954096833893
2022-09-29,WST,0.00895040770681363,-0.0034394753396728636,0.004168490283365911,-0.00262311490749172,12.888161406533364,0.0054721981349597
2022-09-30,WST,0.006412401747220471,0.007889227123263648,-0.007336769740009628,-0.02087143054613492,13.198770561486247,0.0074654836537861
2022-10-03,WST,-0.011298987125080628,0.01381333503168392,-0.0017508299243049583,0.03924737132053204,12.992484733932777,0.0060739186073327
2022-10-04,WST,0.040871656426382734,0.01690719371023042,0.05313365019058829,0.020190867329879392,13.070229730019086,0.0065649778434072
2022-10-05,WST,-0.0071562567307683666,-0.0028999724730330552,-0.014480604344292772,-0.005683230414647832,12.780157535035352,0.0049119756261987
2022-10-06,WST,0.004454542191992358,-0.006786620591410566,0.0016063573824610113,-0.013219010782447966,13.516431789176881,0.0102569133394152
2022-10-07,WST,-0.02306684084588459,-0.02761712512100547,-0.030525815315150865,-0.025451949553283167,13.167147432585944,0.0072330950575593
2022-10-10,WST,-0.006945380999178129,-0.006945380999178129,-0.00822676883504358,-0.01614104116750156,12.70533466782146,0.0045578596700436
2022-10-11,WST,-0.024553299041739647,-0.024512505968335714,-0.036678276571279124,-0.02529500438316057,13.568715757902101,0.0108074529900002
2022-10-12,WST,-0.015175785785718312,-0.011452573569698877,0.0085328853225879,-0.002339151298893612,12.782688818818986,0.0049244250152823
2022-10-13,WST,-0.035516158329750476,0.033133383249022805,-0.02973627443357262,0.04213265484884076,13.849719695663858,0.0143140309152082
2022-10-14,WST,0.07929926743538818,0.011713211799068392,0.05780020581867368,-0.0075663602300369125,13.664572545324233,0.0118946996366327
2022-10-17,WST,0.006917506026348481,0.021169423009735046,0.029157374993102777,0.03098597951052166,12.941802669405789,0.0057737500038731
2022-10-18,WST,0.03369656414719169,0.022696877014383852,0.01871757033505084,0.02433698255262636,13.427788604953344,0.0093868393690184
2022-10-19,WST,-0.020236937203803245,-0.023547593479540267,-0.059212014549224395,-0.07116305670096133,13.87217534999302,0.014639098296835
2022-10-20,WST,-0.059405959121010564,-0.05993590345912845,-0.05117419478742876,-0.05197620431697957,13.6986407302066,0.0123069127418446
2022-10-21,WST,-0.04031341896310812,-0.023603834585183087,-0.01580675063480193,0.006807774614615663,13.667127712155585,0.0119251314766148
2022-10-24,WST,0.009615374415884649,-0.005016445686747984,0.016802798351051595,0.015932259159777706,13.700998292502536,0.0123359613163729
2022-10-25,WST,0.020041852040982362,0.05256241866328483,0.0244539714287011,0.05184042635924661,13.630386277206295,0.0114949359205045
2022-10-26,WST,0.041760347701684644,0.04346980925865623,0.05436950718443227,0.020611912936469745,13.817908680169245,0.0138658529081994
2022-10-27,WST,-0.18680946344112825,-0.12162966535124044,-0.19270282938296462,-0.13970496239923247,14.681896925178101,0.032898202286084
2022-10-28,WST,0.050738899010513754,-0.015027416123127198,0.05707215303907728,0.0191615756347638,14.073094955508711,0.0178966884403715
2022-10-31,WST,0.02461453893885767,0.01827405106536449,0.017212539602335417,0.0201496725722453,13.967545572778345,0.0161039764123361
2022-11-01,WST,0.028289922551560664,4.306777430507703e-05,0.01199486289852604,-0.002611118698754009,13.768419998647904,0.0131963524285936
2022-11-02,WST,-0.010350515745503832,-0.014714328250694384,-0.025412395885233686,-0.044414040635682696,13.777394274703713,0.0133153132576144
2022-11-03,WST,-0.06778956428578492,-0.05833041584061215,-0.04833637065157391,-0.04752930228890882,13.882422198525177,0.0147898742312917
2022-11-04,WST,-0.004237005234595989,0.0032026777314413443,-0.008658359581237172,0.029418792796286012,13.559328444560693,0.0107064746118778
2022-11-07,WST,0.025157385982133212,0.046892814856393565,0.03889733200433544,0.046891076676613234,13.53936303936932,0.010494834997457
2022-11-08,WST,0.042119557553532916,0.026595675276166023,0.03608640575352819,-0.005285301549916981,13.445751821863304,0.0095569810198273
2022-11-09,WST,-0.016110072393407816,-0.025533353943898062,-0.009374538950199263,-0.013675236083445648,13.120563759062184,0.0069038778795713
2022-11-10,WST,0.05137177753152343,0.07180643534408264,0.049557481877372196,0.09152319822555238,13.321707557069667,0.0084420690641202
2022-11-11,WST,0.03739146248937005,0.0422561528492927,0.04503616843516242,0.03318306194033846,13.777705881757278,0.0133194630539756
2022-11-14,WST,0.02152451990846581,-0.014221309131318588,-0.0018142594964196254,-0.03495613891081961,13.699651794707645,0.0123193621309281
2022-11-15,WST,0.0008433425421195895,0.010467076925358176,0.014747667286390482,0.0219600111813003,13.245820949051092,0.0078251326717561
2022-11-16,WST,-0.003337517261604877,-0.013592601710319504,-0.030260890024461026,-0.031122396800044225,13.212571472774188,0.0075692285628159
2022-11-17,WST,-0.045149713864728,-0.04876822011303719,-0.07261321481572601,-0.07869367085975049,14.390212546190483,0.0245750940509847
2022-11-18,WST,-0.0488321974257629,-0.048080275902250565,-0.011924461205512141,0.013738514690207598,14.384511311872318,0.0244353842401579
2022-11-21,WST,-0.005946733205690021,0.0002653427538914485,0.012510438191380308,0.0011105958365262114,13.84487613765605,0.0142448676425217
2022-11-22,WST,0.002001000508515417,0.010115316091250383,-0.0054200629627802095,0.014456581599993646,14.063464568583194,0.0177251635241088
2022-11-23,WST,0.017001721985748786,0.016017616438561477,0.02923327927933658,-0.002058845492858022,13.210192919605504,0.0075512461119174
2022-11-25,WST,-0.005122826739667216,-0.01785712724210745,-0.017168696856797026,-0.006201686279021918,12.801058335158986,0.0050157205352285
2022-11-28,WST,-0.012990102535175447,-0.008054833507055293,-0.006104178243858674,-0.010957709697221528,13.228345499824634,0.0076895726572905
2022-11-29,WST,-0.007588967599211768,-0.0026107759733408195,-0.0013514771460986974,-0.0030378518189777947,12.660648501336015,0.0043586694447063
2022-11-30,WST,0.004247956788259136,0.04008260650706705,0.0029708862314529664,0.048726230252761515,13.843807399219358,0.0142296517225306
2022-12-01,WST,0.05313440736314785,0.03393984674602758,0.046029585224547934,0.030882693540054698,13.334568926278328,0.0085513470349649
2022-12-02,WST,-0.003220775640497543,0.015555539901347497,0.0111838612471336,0.009581352443602724,13.70658926581529,0.0124051245890594
2022-12-05,WST,0.018338253293484756,-0.02062947048039966,0.002882221301502442,-0.02029885761917085,13.308180484304838,0.0083286412969142
2022-12-06,WST,-0.0069842909703099944,-0.011772815739410896,-0.007477173469725625,-0.018759781403533553,13.319410971901114,0.0084227033477679
2022-12-07,WST,-0.015053897060625446,-0.008784454563405285,-0.015904172851159935,0.003822475839384389,13.064948224727432,0.0065303962070639
2022-12-08,WST,0.00029822676561445737,0.0030349734233139094,0.010816547707265083,0.000593382987865856,13.470906749544481,0.009800435739684
2022-12-09,WST,-0.009113755989173272,0.018803549886973747,-0.007788165178505495,0.01254645086437277,13.446330608482288,0.0095625140816423
2022-12-12,WST,0.03018670528252278,0.0018569476809812612,0.025124508341678165,0.009452736832763002,13.044187758967723,0.006396219458052
2022-12-13,WST,0.04281843315643903,0.05119015600401002,0.049112968703297476,0.04307399156013781,13.258293640437104,0.007923344518971
2022-12-14,WST,-0.00911158709625844,-0.016986378177292323,-0.03609730379182489,-0.03358670206044634,13.666083205642131,0.0119126820875312
2022-12-15,WST,-0.034958842406808695,-0.04335670385593492,-0.020160277009769176,-0.027047777991629576,13.364997350420879,0.0088155507366275
2022-12-16,WST,-0.02310603381885064,-0.01860343460410596,-0.045393243835521076,-0.04742020997985174,14.279622490198548,0.022002220307045
2022-12-19,WST,-0.03434225634278821,-0.025848391077485232,-0.004851120954991489,0.009376427864750653,13.251461708515363,0.0078693971662755
2022-12-20,WST,0.004016462624121458,-0.0010445012267208805,0.001025555206344948,-0.0019298175764701714,13.161778302466487,0.0071943636248548
2022-12-21,WST,0.014822356987706245,0.030024705719852506,0.024694937306439266,0.02979887901208638,12.839207048308943,0.0052107609642046
2022-12-22,WST,0.005626205411598434,-0.0035982085355880248,-0.0037027525764990314,0.0024683425578520563,12.762256837985328,0.0048248299026136
2022-12-23,WST,0.014098993830783023,-0.0002543657316499622,0.013093735534718499,-0.0005525903104270517,12.727841176689147,0.0046616045790734
2022-12-27,WST,-0.0007237926846848565,0.00798486496197409,-0.002587930686060565,0.006781525263666199,12.7387605387783,0.0047127854008614
2022-12-28,WST,0.012652240034930656,0.008046956417162611,-0.00389424786179258,-0.023464097052441003,12.609539090975447,0.0041414967684705
2022-12-29,WST,-0.01640660056670636,0.011661677780874279,0.014162734565598176,0.03292380354648918,12.851082074053602,0.0052730079096225
2022-12-30,WST,0.004435491518032685,-0.025448014378571186,-0.011564896957765186,-0.015306142400419824,12.420381283681547,0.0034277317943453
2023-01-03,WST,0.014029421077531079,0.019322925562718175,0.0022029917112447524,-0.004001991639028185,12.977108677417966,0.0059812398219327
2023-01-04,WST,0.000964660473939326,0.009502659999283737,0.021554885141343322,0.028305954986182442,13.401813157329556,0.0091461511800692
2023-01-05,WST,-0.004579966308147228,-0.01583263472117197,-0.01506099168887291,-0.03133949211789461,13.155413166433178,0.0071487158648817
2023-01-06,WST,-0.008755874811246851,-0.010541262581732021,-0.033210048510999825,-0.005148066321184909,13.535665694205706,0.0104561035647525
2023-01-09,WST,0.0031390843981367205,0.02245994595433939,0.04229943732396996,0.03478593562305358,13.37685209562527,0.0089206789111111
2023-01-10,WST,0.021783613913313005,0.03105168892360197,0.023758547449440056,0.02137081674394163,13.203576476825239,0.0075014485555831
2023-01-11,WST,0.037295125086684526,0.015408082145213022,0.03216467021147581,0.021799489121061714,13.233011688000085,0.0077255375590875
2023-01-12,WST,0.0007183735075779394,-0.012251521793738918,-0.028355565896217554,-0.013054776380744414,12.956783296772356,0.0058608957274581
2023-01-13,WST,-0.018114955175940577,0.006402275045942621,0.014929956690546049,0.010465448045362367,13.560490558240303,0.0107189240009614
2023-01-17,WST,0.012393956679117293,0.0041928623417278625,0.008149711355513992,0.009290553171585515,13.383805678532665,0.008982925856529
2023-01-18,WST,0.01899667721694501,0.021091179183640955,0.020859868148247362,0.005792519938687849,13.727663559212735,0.0126693282907221
2023-01-19,WST,-0.0030753140028591318,-0.006397425322024229,-0.01719190395337494,0.001060346049489481,13.073595312990696,0.0065871100906669
2023-01-20,WST,0.012049920541926622,0.009715762490171875,0.022713257147024307,0.01854885039976957,13.152312394764186,0.007126583617622
2023-01-23,WST,0.008198685802846967,0.022510638604359666,0.010524322436970983,0.01741641773519481,13.300845907891086,0.0082677776169501
2023-01-24,WST,0.01046207851447886,-0.016604242767303497,-0.0041572566826013025,-0.021408408270120968,13.031346169595265,0.0063146067962819
2023-01-25,WST,-0.02192882513729464,-0.0016876670550869178,-0.008917336331281757,0.00824982285760273,13.05172844418593,0.0064446337489326
2023-01-26,WST,0.032488111349829756,0.03814859299136554,0.03463022876850872,0.03626782718212781,13.410396888094457,0.0092249973109319
2023-01-27,WST,0.02212552070103264,0.006041282920836782,0.017942870565773383,-0.005457582504137908,12.95654725342426,0.0058595124620044
2023-01-30,WST,-0.018945400877452563,-0.017636573437340618,-0.022833599570333336,-0.025640368747201315,12.984940996120589,0.0060282708473596
2023-01-31,WST,-0.0076647236240690655,-0.007052373113656849,-0.00819193042621916,0.014334019755085334,13.525694209565037,0.0103523586557227
2023-02-01,WST,0.016807750308981146,0.028245129532961454,0.018139206300260925,0.02230218838188328,12.920739116331857,0.0056534059093985
2023-02-02,WST,0.029559939759022887,0.03686031333415582,0.041996927679732926,0.0371879131406822,13.7559739065933,0.0130331271050533
2023-02-03,WST,0.003448452930986801,-0.025072995260999254,-0.02001742457993847,-0.03244949330145443,13.052586627336252,0.0064501668107475
2023-02-06,WST,-0.02391099195343455,-0.019170463809467193,-0.009280360495323652,-0.01741084516280142,13.270267732356524,0.0080187898352785
2023-02-07,WST,-0.012774551306192877,0.009357517664757044,-0.007215200406262052,0.015577109316818582,12.840798556359703,0.005219060556927
2023-02-08,WST,0.01585037592106787,-0.00619193221882422,-0.004233407429287935,-0.027204378439657444,13.159853748224561,0.0071805309703175
2023-02-09,WST,-0.013072423269120961,-0.009675270066128281,0.006305589866616515,0.008864034074852655,13.554536626535723,0.0106552937900897
2023-02-10,WST,-0.008395395144548777,0.011657754271925013,-0.004413729777047147,0.013777197979657839,13.840496785982003,0.0141826206971038
2023-02-13,WST,0.03082214999767582,0.008146033538862089,0.020282989900942974,0.007971416532255865,13.592493248681205,0.0110675068953016
2023-02-14,WST,0.0017215794797040926,0.006274383918072751,0.005357417068555636,0.00993932402805337,13.302517587197668,0.0082816102714874
2023-02-15,WST,0.003506576525441582,0.00928391090375793,0.005144988367134102,0.011310538492856223,13.412942748629595,0.0092485128236453
2023-02-16,WST,0.13089351248013367,0.16441413691895743,0.13426913440272245,0.1357455735824626,14.264418862240106,0.0216702365981496
2023-02-17,WST,0.014608856819534223,-0.03017087156830551,-0.01478889402311996,-0.019101243479607663,13.855116773724953,0.0143914937806171
2023-02-21,WST,-0.024802013478090943,-0.03143240798263707,-0.011022944162403726,-0.022695907999434495,13.585469523611357,0.0109900440298926
2023-02-22,WST,-0.010134797741013533,-0.0031723017379946326,-0.0008225195881078548,-0.0036913645594458,13.233727634485032,0.0077310706209024
2023-02-23,WST,-0.0011762167029559355,0.016655122635413407,0.0021043333482984685,0.02098582482861557,13.63578682390496,0.0115571828659224
2023-02-24,WST,0.02552702611417875,0.0007331907727904455,0.007950447728512382,-0.005720879482232176,13.345988412786479,0.0086495588821798
2023-02-27,WST,-0.002680138048781298,0.007143642988200925,0.016259000371399546,0.00869689710182427,13.057293515130054,0.0064805986507296
2023-02-28,WST,-0.0032320202174876164,0.00935225925381554,0.0003205618144046588,0.012921108840080374,13.86544387800579,0.0145408864496201
2023-03-01,WST,0.010870492141457196,0.00677818811877138,0.009474456469486515,0.003935033577900187,13.189462991142667,0.0073963203810995
2023-03-02,WST,-0.0008881796071708385,0.010682620074374127,0.0005078560648000605,0.013791614614233281,13.215308945534927,0.0075899775446219
2023-03-03,WST,0.03133308870250634,0.018945975121853,0.030871675488467573,0.020124601319762486,13.07443494184013,0.0065926431524818
2023-03-06,WST,0.011801588952363896,-0.0015728050431685506,-0.005120783108090278,-0.017957804235076973,12.698329939940777,0.0045260445646077
2023-03-07,WST,-0.0184358609447157,-0.0178352547259081,-0.01013347629508254,-0.005301580825864805,13.07107218827772,0.0065705109052221
2023-03-08,WST,-0.004685865861962529,-0.0031170274170741964,-0.005827902540078918,-0.006142691171649137,12.600817159541924,0.0041055318666735
2023-03-09,WST,9.338608270894224e-05,0.0037640089439103497,-0.010011574943558001,-0.01388926371400211,13.037896397054075,0.0063561047598938
2023-03-10,WST,-0.02207565468609165,-0.027409250690540482,-0.017999460867242512,-0.0024132817788922703,13.77583478128529,0.0132945642758085
2023-03-13,WST,-0.002483336937757902,0.0260841116711781,0.007726119794067577,0.020983110194054393,13.219310398670633,0.007620409384604
2023-03-14,WST,0.03532446565368859,0.014236451454787972,0.0342651679882356,0.02262383244210226,13.155606645792435,0.0071500991303354
2023-03-15,WST,-0.0036066796056088432,-0.009560547648101518,-0.012692709105876686,-0.00911115998527831,13.078622543881725,0.0066203084615565
2023-03-16,WST,0.0014195978557600883,0.033558895455587,0.014983102139347558,0.032691794764985585,13.140401704139137,0.0070422044249444
2023-03-17,WST,0.035026478667549314,0.003791614623156965,0.016040648167725637,-0.020086819588798512,13.93204926420827,0.0155423706381213
2023-03-20,WST,-0.017481150010986747,-0.012824742224742388,-0.00036530838153234636,0.006770584996695534,12.960082066731788,0.0058802614438104
2023-03-21,WST,0.010069611761520443,0.009567341450659373,0.014234197088745792,0.009205820285883135,13.03112708802813,0.0063132235308282
2023-03-22,WST,0.0035929252637042675,0.0010374024755269394,-0.013686469102318037,-0.018344957924080574,13.188152990599754,0.0073866375229234
2023-03-23,WST,-0.011090367528159971,-0.005794921332884414,-0.0012480207448297969,0.008807700213790943,12.990432988203883,0.0060614692182491
2023-03-24,WST,-0.00012090253446185158,-0.001073441347461887,-0.004028573605250716,0.007355699274542472,12.51503052432271,0.0037680150959632
2023-03-27,WST,0.016190281904010267,0.011362185527348375,0.022646767667714028,0.004566266655923284,12.620500798605278,0.0041871445284437
2023-03-28,WST,-0.005128431088432525,0.0029161642028005,8.97760051907489e-05,0.011781686028234739,12.60283667547732,0.0041138314593959
2023-03-29,WST,0.024129685713889897,0.014628306188605656,0.009135560757896729,-0.005399810208639405,13.247057586896812,0.0078348155299323
2023-03-30,WST,-0.0034201463916202187,-0.002437842005425976,0.0008882103639778731,0.008514302825401636,12.856836717832325,0.0053034397496046
2023-03-31,WST,0.0067703449386843,0.01287594659635962,0.01483520276525271,0.016295212694123266,12.974793330968813,0.0059674071673954
2023-04-03,WST,-0.0029126230823535116,-0.002038709805625235,-0.00581969328786587,0.0016437771947277616,12.740227025427723,0.0047197017281301
2023-04-04,WST,0.015628067247774033,0.00978213173521677,0.0188561738792815,0.003049794045860838,12.731986861792581,0.0046809702954256
2023-04-05,WST,-0.0005744314373896639,-0.004593079184751945,-0.005252106240777915,-0.0038568886737869656,12.747818280594485,0.0047556666299271
2023-04-06,WST,-0.006254658327271642,-0.009625469916683638,-0.016659189910714602,-0.005900615187592457,13.043538760889776,0.0063920696616908
2023-04-10,WST,-0.006119181699344514,0.010682718285796875,0.0073572237512088195,0.014600520212564557,12.618185607609803,0.0041774616702675
2023-04-11,WST,0.03234315504179102,0.03060474245794965,0.0340778584464691,0.014249569724286815,12.770252288930184,0.0048635613353181
2023-04-12,WST,0.01234403069702394,0.00494671499120497,0.011366520488744383,0.011099141236193872,12.908182045159215,0.0055828593712582
2023-04-13,WST,0.0033602694115737086,0.014613050392772236,0.003287410652969953,0.021971518392575617,13.075902598110167,0.006602326010658
2023-04-14,WST,0.009492372140292258,0.0038501996630049915,0.006487598569415489,-0.007691581929119471,12.627086246885055,0.0042148098375183
2023-04-17,WST,0.00024694363591623954,-0.01321215156242827,-0.00407072419542919,-0.004019992741391172,12.6881931925273,0.0044803968046346
2023-04-18,WST,0.00038451880082640566,-0.0008777521646410075,-0.005453297698067689,-0.0011316195836490604,12.535739636044429,0.0038468612268258
2023-04-19,WST,-0.007936035009265343,0.009424189991289642,0.0016445759998617777,0.015294173008194873,12.646264409266557,0.0042964224992884
2023-04-20,WST,0.0004979942750302597,-0.007340469221841854,0.0016421753477868645,-0.017091008417767332,13.285163967232108,0.0081391339297531
2023-04-21,WST,0.004221621524341675,0.005135874172795939,0.009024498769455058,0.012292305031880736,12.40779233605911,0.0033848505652797
2023-04-24,WST,0.01397203146355049,0.013720447833818955,0.009762753167801216,0.016507680930744076,12.512457475937662,0.003758332237787
2023-04-25,WST,0.0012710721650827526,-0.008750586903897241,-0.027551363309907286,-0.040566333447123244,13.128744971647793,0.0069605917631743
2023-04-26,WST,-0.03453150804066638,-0.022273805934403014,-0.009588679219098702,0.0006439966075736877,13.05000986528513,0.0064335676253028
2023-04-27,WST,-0.002981463715447072,0.0002496009446650051,-0.03280876021041243,-0.0056425475872562015,13.760949826048762,0.0130981405813787
2023-04-28,WST,0.005029589935573046,0.02096552734832216,0.04270598151462682,0.016805193127607997,13.847591419856425,0.0142835990752261
2023-05-01,WST,0.013612543859099468,-0.0004887927853769182,0.012436470895836523,0.013446063060024983,12.849244084401318,0.0052633250514464
2023-05-02,WST,0.011818696207245264,0.0069851207311018805,0.00998148133884296,0.00948676454283015,12.951102821569798,0.0058276973565686
2023-05-03,WST,0.020339414358882577,0.016271055449725253,0.010073240996358491,-0.0032245963319079032,12.960552432520409,0.0058830279747178
2023-05-04,WST,-0.013477227349495928,-0.015165352064133577,-0.008455622819857593,0.002006630111677402,12.463428233647901,0.003578507728802
2023-05-05,WST,0.008431040207062786,0.00247635579516607,-0.005466039232643114,-0.001925206378993075,12.505810504075185,0.0037334334596199
2023-05-08,WST,-0.017454048449536748,-0.009698189354912158,0.00176117797919229,-0.0037523705666103265,12.749271553766196,0.0047625829571957
2023-05-09,WST,-0.0042534019602432265,-0.006918994727903037,-0.007949744296062586,-0.014681700538164385,12.77422616877261,0.0048829270516703
2023-05-10,WST,0.005539584568442294,0.0022389709724452826,0.0004987335788401264,0.0027331247595362923,12.639804459346648,0.0042687571902138
2023-05-11,WST,-0.010059678573989593,-0.007638291037180563,-0.010021670076140443,-0.00724934300463708,13.142364024309018,0.0070560370794817
2023-05-12,WST,-0.004762690421768469,-0.007032617140750244,-0.0031946454230642354,-0.0002222147809888246,12.923426954998698,0.0056686218293895
2023-05-15,WST,-0.0010276355749717768,0.0006638412077654418,-0.004275545519410611,-0.013535014759025278,12.987461903790193,0.0060434867673506
2023-05-16,WST,-0.013229293738531434,-0.01566577797072624,-0.009317135434418446,-0.0017470713459912506,12.739347391533249,0.0047155519317689
2023-05-17,WST,-0.0003379457535152047,0.0031975789751820007,-0.01669772339269626,-0.018502751092252686,12.859701668704687,0.0053186556695956
2023-05-18,WST,-0.01942344772133729,-0.015351719937776637,-0.003361528496402203,0.007670430835175227,12.45293662970407,0.0035411595615513
2023-05-19,WST,0.012442655648478842,0.013838462624035335,0.01951855844484963,0.0018515488133290681,12.447060044238079,0.0035204105797453
2023-05-22,WST,-0.006144980535083429,-0.0055125399326998396,-0.004793994582073251,-0.0013384769560310886,12.91657092142417,0.0056298903966851
2023-05-23,WST,-0.0028289477074538343,-0.00718899969813934,-0.023031944160692847,-0.023381841695083953,12.995894982980124,0.0060946675891387
2023-05-24,WST,-0.031217197974574593,-0.02829113484338716,-0.02058287814763951,-0.006320925138596267,13.139025785250656,0.0070325215667683
2023-05-25,WST,0.008818337804520491,-0.001345104941125139,0.012382658874834921,-0.001321884635301461,12.600817159541924,0.0041055318666735
2023-05-26,WST,0.0007898229644973698,0.012734595233703272,0.0034762961510069624,0.009653396142453474,12.739640688812674,0.0047169351972226
2023-05-30,WST,0.0031532310293608053,-0.004023768180137685,-0.011654800116604172,-0.02103473408176235,13.069175658147635,0.0065580615161386
2023-05-31,WST,-0.02127112832153191,-0.023389616445768018,-0.017801568136164674,-0.00512683852790115,13.955360322569904,0.01590893598336
2023-06-01,WST,-0.003310724138546444,0.01429835014694244,0.01069488054194809,0.020410011228357967,13.10481225357091,0.0067959831741803
2023-06-02,WST,0.023532039298796954,0.0067099814780704585,0.018643998794972264,0.006421126967249817,12.863336138867261,0.0053380213859478
2023-06-05,WST,0.0021568955262508452,0.014289776597338535,0.009542734024604425,-0.0009607006762428416,12.986316824414137,0.006036570440082
2023-06-06,WST,0.00020393542298370726,-0.0025828903410791515,-0.0034143473057818207,0.008091942408814385,12.765405536311112,0.0048400458226047
2023-06-07,WST,0.005023584180520735,0.002554109991879723,0.004782589858179105,-0.00425546504567487,12.539329002463175,0.0038606938813631
2023-06-08,WST,-0.004034357012843801,0.002976757189613057,-0.006274604368569664,0.014486230838174347,12.817470037182167,0.0050987164624524
2023-06-09,WST,0.019241292685130796,0.003110214524585339,0.01813244823460845,-0.004211883006119963,12.49275797139508,0.0036850191687393
2023-06-12,WST,-0.0029998841398213606,0.019663090082979114,-0.0016111924671843017,0.025821039143250953,12.704727505104454,0.0045550931391361
2023-06-13,WST,0.0208695943933723,0.00534910967196959,0.02286040159734344,0.0012022508472458084,12.647872897281076,0.0043033388265571
2023-06-14,WST,0.005003817581758075,0.003827180305215091,-0.006381266346863873,-0.008785832299242732,12.536099153001324,0.0038482444922796
2023-06-15,WST,-0.01596487091952765,8.295417443480456e-05,-0.003120843713044792,0.014304032775726224,12.954893388082992,0.0058498296038283
2023-06-16,WST,0.03857214072708834,0.03574980120878872,0.027244695324968496,0.006206529252651721,13.937463553905387,0.0156267498307989
2023-06-20,WST,-0.026686690792670224,-0.020123840605392893,-0.013950064134415133,0.011178969695272404,12.969447601436,0.0059355920619596
2023-06-21,WST,0.019189285692866164,0.009491956780005093,0.020481972727656946,0.007591895811037115,12.733168193349542,0.0046865033572405
2023-06-22,WST,0.02020150504575832,0.012099514381847021,0.009051724908097884,-0.0006237007993957444,12.39504288410708,0.003341969336214
2023-06-23,WST,-0.015515983104013519,-0.013098778533862418,-0.006692061004806866,-0.004540140083910181,13.315626522768065,0.0083908882423321
2023-06-26,WST,0.003520399169679118,-0.007729959581256394,-0.006792305939554081,-0.005272649841373789,12.740520064864135,0.0047210849935838
2023-06-27,WST,-0.001526686185213458,0.006432339577040032,0.0017919088272329788,0.011628466424582993,12.686957484108422,0.0044748637428197
2023-06-28,WST,0.005360297523756169,0.008109982229735578,0.009648594705672784,-0.0003520984644079599,12.501354516219285,0.0037168342741751
2023-06-29,WST,-0.0013576900301742686,0.012719119759910878,-0.0007093701407778374,0.021834118879531444,12.46110626016646,0.0035702081360796
2023-06-30,WST,0.032377633471478574,0.025401830931613894,0.033368994143249016,0.013450547514525754,12.775358668518512,0.0048884601134853
2023-07-03,WST,-0.0023177585205684833,-0.018510395475536665,-0.012914703827098535,-0.010883449554383447,11.949895700065218,0.0021412949223755
2023-07-05,WST,-0.006799920091730771,0.005693926549229063,0.0026443686643735664,-0.0034419819378446216,12.471512943383113,0.0036075563033304
2023-07-06,WST,-0.00834464888445963,-0.014654235540391775,-0.010484822449408427,-0.01012991037053948,12.614536585975857,0.0041622457502765
2023-07-07,WST,-0.005449521661664072,-0.00909504838906651,-0.005893867032312915,-0.004376924120742051,12.708667489167874,0.0045730755900346
2023-07-10,WST,0.005262069858874829,0.017581626093310942,0.009606942137192116,0.01522262435814725,12.537176929007302,0.0038523942886408
2023-07-11,WST,0.01477812095496891,0.0017097799972461648,0.002441022082476267,-0.005208265797306976,12.300932724054114,0.0030418007327544
2023-07-12,WST,4.711670598125473e-09,0.009546912835208378,0.006036453640030883,0.021559474645359785,12.516131235860326,0.0037721648923244
2023-07-13,WST,0.018118824473601098,0.013548274869579106,0.018129276270603664,0.0003649218150778834,12.3225259085418,0.0031081974745335
2023-07-14,WST,-0.006655054555297687,-0.004813999268267918,0.0015417470776518667,0.0038242174657970316,12.178192583415596,0.0026904513075067
2023-07-17,WST,0.004683969227792897,-0.0045779108699003975,-0.0067856865643209415,-0.00392845584220423,11.905649752427557,0.0020486161369755
2023-07-18,WST,-0.003771446820546713,-0.0011672072098022704,-0.003396978011374524,0.0025254197724474104,12.657151449598695,0.0043434535247153
2023-07-19,WST,-0.00031283590393954704,0.003937179546975021,0.006677667656386731,0.0026745057066976446,12.445487104758993,0.0035148775179304
2023-07-20,WST,0.0059777091405258205,-0.00015506980688038887,-0.008499473886082012,-0.017976012312470827,12.379189468444443,0.0032894052489722
2023-07-21,WST,-0.01561676337610885,-0.0032631642877210504,-0.003892229928003869,-0.0037826900566936736,13.647093089770562,0.0116885930840268
2023-07-24,WST,-0.012074485397875433,-0.017612053989663222,-0.007616380368003797,-0.003344947248509574,12.713495486391599,0.0045952078372943
2023-07-25,WST,-0.004488753492798238,0.013072225836908792,-0.0023859211233006393,0.003346571528111134,12.717101248694453,0.0046118070227391
2023-07-26,WST,0.0024600485485648175,-0.01040434006581386,-0.010673354606989316,0.006053840405217909,12.785493861878301,0.0049382576698196
2023-07-27,WST,0.002347490245345848,-0.011046282564690358,-0.0512876276505344,-0.06680776820846018,13.837175176169154,0.0141355896716769
2023-07-28,WST,-0.04484778478222119,-0.02268351798649231,0.014835680835418003,0.02932083720506178,13.121765198531014,0.0069121774722937
2023-07-31,WST,0.019455593648287254,0.003563149366195629,0.019949812480512225,0.007034869624942804,13.26090892810109,0.007944093500777
2023-08-01,WST,0.0026475287336824795,0.012599895644662275,0.005549317757149688,0.009787852085363615,13.00222983146176,0.0061333990218432
2023-08-02,WST,0.007034758009364589,-0.005053394278179798,0.0026810664643910865,-0.002910308511977621,12.948726400243292,0.0058138647020313
2023-08-03,WST,0.0012713396778901384,0.0025566544480627,0.006183019493023781,-0.002323325992994581,12.619509230160354,0.0041829947320825
2023-08-04,WST,0.002403026750213055,0.012500574706953496,0.0011940851337290735,0.01436674512706513,12.856053940969854,0.0052992899532434
2023-08-07,WST,0.015121627180418682,0.008826736462172843,0.015501342749220682,0.009631722965875666,12.466901115884776,0.0035909571178856
2023-08-08,WST,0.04067852169766863,0.05100901805641124,0.034462162430251395,0.054395077797232266,13.58383193634307,0.0109720615789941
2023-08-09,WST,0.011260026020609572,0.0024722515811002564,0.02262649411088461,0.0006999901129492489,12.786613679689001,0.0049437907316345
2023-08-10,WST,0.013675135812809465,0.01882650193004584,0.007287901469791668,0.00024987776974402787,12.762830066509972,0.0048275964335211
2023-08-11,WST,-0.010527849311606434,-0.021223763811684556,-0.013334402983764797,-0.013862066307288756,12.549311224453131,0.0038994253140676
2023-08-14,WST,-0.007595641063693734,0.00019999136183702158,-0.0018287507961540473,0.012962213971168755,12.774509413971375,0.0048843103171241
2023-08-15,WST,0.015133959549742294,0.009948683158819575,0.01280670469163627,0.005585970507700564,12.479913113434042,0.0036379881433124
2023-08-16,WST,0.0014210745783318803,-0.0027012773145647967,-0.0024124321741964944,-0.011605768687877363,12.4882433080258,0.0036684199832945
2023-08-17,WST,-0.005621556105576568,-0.0037790638843078904,-0.013806616183252948,-0.01169098049920995,12.60920503496451,0.0041401135030168
2023-08-18,WST,-0.02385915064027111,-0.02545437929570004,-0.014491367245668012,-0.013066294068693118,12.63558300226232,0.0042507747393153
2023-08-21,WST,0.00048735961604257094,0.00489381347538749,0.003745640990936951,0.012582590287312104,12.820720302095918,0.0051153156478971
2023-08-22,WST,0.008784024020519456,0.007750335589529414,0.005784683077308136,0.0012724273436584565,12.739054008205294,0.0047141686663152
2023-08-23,WST,0.005046533261924402,-0.0006308780783541,0.004961095569552327,-0.0002796953940638126,13.20523469616749,0.0075138979446667
2023-08-24,WST,-0.004944729531948587,0.004735077752617334,-0.0010208440465017965,-0.0034404123023916624,12.544332569000922,0.0038800595977154
2023-08-25,WST,-0.0037438558947147996,-0.005846523113361453,-0.007870147766834815,0.005118112535093549,12.70594146211558,0.004560626200951
2023-08-28,WST,0.008385086335827057,0.01974516936310907,0.01699548703521097,0.024188889371836803,12.295003429279529,0.0030238182818559
2023-08-29,WST,0.018724853558366998,0.02205693290178561,0.01676112566890171,0.022163683716571573,12.498372788261829,0.0037057681505453
2023-08-30,WST,0.02929248899172719,0.00767855303527583,0.017047449732511093,-0.008009612936520166,12.643039650666653,0.0042825898447511
2023-08-31,WST,-0.013792800225369226,-0.010153949758449477,-0.005174609315358345,-0.005440890352350088,12.967581498412784,0.0059245259383298
2023-09-01,WST,0.003514899682724263,-0.0027252121163399926,-0.0050039756322018784,0.0019396850984742897,12.460718739865236,0.0035688248706259
2023-09-05,WST,-0.009769586276970327,-0.00917926248029579,-0.0048802341838310535,-0.009909399933683886,12.483708170000067,0.0036518207978498
2023-09-06,WST,-0.00592281236970669,-0.0012795268441319434,-0.005403391993588252,0.002918871282144264,12.886137119466321,0.0054611320113299
2023-09-07,WST,0.0031384380000542516,-0.0002217779883378148,0.0034893330014598403,-0.0024484850663689236,12.346708119309138,0.0031842770744887
2023-09-08,WST,-0.004872447029498993,-0.006745840363356169,-0.02501666828335439,-0.026851459349266135,12.625772622110356,0.0042092767757033
2023-09-11,WST,-0.02398875835182862,-0.007890908235545493,0.000968895266020183,0.010097304587175397,12.25629511679123,0.0029090072491962
2023-09-12,WST,0.002283101420881364,-0.009440780666987943,-0.004290777983926285,-0.008419988151790368,12.385895249206726,0.0033115374962319
2023-09-13,WST,-0.010775919910902362,-0.002197237976465804,-0.003050500565849984,0.0036751242055456258,12.54254845357358,0.0038731432704467
2023-09-14,WST,0.019203194237995828,0.008584483533270315,0.006244773812192509,0.006631520236194527,12.299567542341206,0.0030376509363932
2023-09-15,WST,0.0002762077425841295,0.004177394739521485,0.003311215399462782,-0.009393162095682183,13.380875616956182,0.0089566438129081
2023-09-18,WST,-0.012231808421321044,-0.01071614194018441,-0.004408871983389547,0.001065102721950589,12.34148164933907,0.0031676778890439
2023-09-19,WST,0.004996738763459212,0.006363236807900032,0.0019647436667784434,-0.00505593454424914,12.582455604446345,0.004030835532172
2023-09-20,WST,-0.0013164777770357892,-0.010433768557675418,-0.022662331061389075,-0.021289130481109628,12.563750586299374,0.0039561391976706
2023-09-21,WST,-0.03267754165523233,-0.03267754165523233,-0.030231513224481175,-0.026470007819204548,12.799402253235032,0.0050074209425061
2023-09-22,WST,-0.021243326737472923,-0.014846732656284143,-0.0018831590283118777,-0.004793660777781356,12.851606594064263,0.0052757744405299
2023-09-25,WST,-0.005227518238887521,-0.0015686433253299552,-0.002696306133409953,0.008260912414114892,12.21255657932543,0.0027845133583604
2023-09-26,WST,0.009496487736998904,0.006339443659115862,0.00841545697105464,-0.0005327105045107391,12.369470438714096,0.0032575901435364
2023-09-27,WST,0.008853202598994784,0.0023241192152822533,-0.013612875692894337,-0.0005861380721247702,12.596427499917318,0.004087549415775
2023-09-28,WST,-0.006327114346203351,0.003134233832415207,0.019166376855755285,0.010341303066176666,12.179733803647622,0.0026946011038679
2023-09-29,WST,0.010119874258622147,0.00028918454685271773,-0.0019189616766059662,-0.010261466227163698,12.339295865674435,0.0031607615617753
2023-10-02,WST,-0.018681241813114542,-0.018681241813114542,-0.024876007547358272,-0.012416535553659975,12.753329518587048,0.004781948673548
2023-10-03,WST,-0.008446099752871307,0.0035027076526525057,0.004692916188003303,-0.004733522820699208,12.477247978276214,0.0036283052851363
2023-10-04,WST,0.0008100001833860884,-0.001175137632746461,-0.0012256354856871312,0.013331577466906507,12.61686023076031,0.0041719286084526
2023-10-05,WST,0.006108193078943905,0.0017089077229366619,-0.0030297511684762675,-0.002812999543751608,12.79608183878539,0.0049908217570614
2023-10-06,WST,-0.006783153478565215,0.010350365963721757,0.008465759884757276,0.01287513494651036,12.644653329849545,0.0042895061720197
2023-10-09,WST,0.010424906370702834,0.011445775018702498,0.013782927513988111,0.014070510061872387,12.150036542839864,0.0026157549730052
2023-10-10,WST,0.02238674569306809,0.01818358702391601,0.016360959154438852,0.011347974679899137,12.258669839471109,0.0029159235764649
2023-10-11,WST,0.012545055046579733,0.00636197799460404,0.008042039805696104,0.01264940596274091,12.762830066509972,0.0048275964335211
2023-10-12,WST,0.013001442527532242,0.0045740348778184675,-0.0016449983704459712,-0.018657904542248888,12.576604635598223,0.0040073200194586
2023-10-13,WST,-0.016077637643639283,-0.00822270985707879,0.003964467555424527,0.00025973632494065836,12.214541681788218,0.0027900464201754
2023-10-16,WST,0.003618180353130484,-0.001611758711318534,-0.0020585394376314574,0.0019458353360874636,12.881567435377423,0.0054362332331627
2023-10-17,WST,-0.013583839468039278,0.00030711471436736126,-0.005518989251492888,0.00199371481806752,12.682930853382516,0.0044568812919212
2023-10-18,WST,0.0026116920453364283,-0.01454113777248035,-0.018690531580068066,-0.030279368934619324,12.749852272189257,0.0047653494881032
2023-10-19,WST,-0.020207531309926315,-0.021472874759354228,-0.016082239251705353,-0.015368798812707212,12.814209173588527,0.0050821172770076
2023-10-20,WST,-0.017261084540378953,-0.019316702106595526,-0.016842172222243813,-0.015471230538178254,12.76110939422043,0.0048192968407987
2023-10-23,WST,-0.018143070496652265,0.008646101903105698,-0.009350690575206171,0.01876893592698595,12.880549107943006,0.0054307001713478
2023-10-24,WST,0.023867097906349038,0.0014472645891740134,0.01721831149069378,-0.0022423263248009828,12.54895642705646,0.0038980420486139
2023-10-25,WST,-0.025329493298171874,-0.02480910606690193,-0.03329234417143336,-0.03221298905615889,13.257070828201256,0.0079136616607949
2023-10-26,WST,-0.0990172273779696,-0.09125808801536478,-0.10892356555078657,-0.08959459628515848,13.852518247262559,0.0143541456133664
2023-10-27,WST,-0.006944705061346419,-0.01225552255951446,0.007678123816744484,-0.019746343057631253,13.095405250473226,0.0067323529633087
2023-10-30,WST,-0.00501686138759554,-0.013302190589770675,-0.027296357684013138,-0.0033086977560523563,13.503673761567416,0.0101268863867645
2023-10-31,WST,-0.004886995373333895,0.013423875590446884,0.023684743557977544,-0.004920392674180727,13.421580168468209,0.0093287422199617
2023-11-01,WST,-0.012982322947729335,-0.014504352823230617,-0.010881252834783663,0.010594316961399201,13.245467342883344,0.0078223661408487
2023-11-02,WST,0.01867115488126927,0.024108526445762855,0.026736802435113595,0.01872438510472329,13.123165055974175,0.0069218603304698
2023-11-03,WST,0.023853309450157376,0.025659382895417485,0.02824071935205238,0.02184904142931417,12.719797063728873,0.0046242564118226
2023-11-06,WST,0.019259900314647305,-0.004772385783385741,-0.0004216840990943534,-0.005898065073478543,12.574531387009179,0.0039990204267362
2023-11-07,WST,-0.013734587990775147,-0.013734587990775147,-0.007685295765575858,-0.007327870668624319,12.985399815906522,0.0060310373782671
2023-11-08,WST,0.00038937180007206563,0.03557574532923403,0.004695745154522433,0.044109559073385256,13.188340238634666,0.0073880207883772
2023-11-09,WST,0.03139207517946401,-0.0037942983496979197,0.015505131754462526,-0.02718336851858346,13.609594015966547,0.0112583975279165
2023-11-10,WST,-0.023161580885135938,-0.003604740223215836,-0.0025625408551878805,0.01655656878243649,12.932173345191563,0.0057184193857239
2023-11-13,WST,0.0032615437589407132,-0.004319437091248551,-0.002628959656468401,-0.01035631108573244,13.107860720420167,0.0068167321559863
2023-11-14,WST,0.027243817354022037,0.02581274930624101,0.025167548086060705,0.02727679231569058,12.548246454396082,0.0038952755177064
2023-11-15,WST,-0.0014414348278276113,0.005599455159071598,0.006367969334690272,-0.004326236327496749,12.916079401363943,0.0056271238657776
2023-11-16,WST,0.0038868911516096024,0.004496772589052557,-0.0045319668478781385,-0.005070911990855434,12.787173118698167,0.004946557262542
2023-11-17,WST,-0.007325653543256529,-0.023179268423157037,-0.006367763608503017,-0.004308763380298206,12.776772491986527,0.0048953764407539
2023-11-20,WST,-0.006796607346052083,0.008569216504628708,0.004852548458282435,0.01815656065981252,12.525983496352161,0.0038095130595751
2023-11-21,WST,0.02005280937809845,0.012349921274408305,0.015250971786670856,0.009864230402666336,13.247234124673707,0.007836198795386
2023-11-22,WST,0.018257211327613394,0.013762757232019024,0.006498296380638682,-0.003751692124892134,13.126357390703754,0.0069439925777295
2023-11-24,WST,-0.012333073640934744,-0.01161556497919045,-0.00045662659532933646,0.005933913381266531,11.650955473631058,0.0015879887408831
2023-11-27,WST,-2.8235657018981335e-05,0.0025649035852264006,0.0024236726730678506,0.0018101155390018988,12.736409677721657,0.0047017192772316
2023-11-28,WST,0.0005961412439683052,0.004297443641556323,-0.001168295280036194,-0.004190696317622348,13.056652969876051,0.0064764488543684
2023-11-29,WST,0.008703237199235384,-0.002300985476320603,-0.006263572675211691,-0.009981025380438237,12.843445454022332,0.0052328932114643
2023-11-30,WST,-0.020465119833452946,-0.013063594962072173,-0.005696846252428848,0.0052595197993244806,13.370005961597958,0.0088598152311469
2023-12-01,WST,0.005955317800789402,0.010813751455292044,0.006872498971360175,0.002932234762147426,12.512825459868276,0.0037597155032408
2023-12-04,WST,-0.0030019724113920713,-0.003243369315749534,-0.006180366549535527,-0.0025902934597275547,12.984711507260117,0.0060268875819059
2023-12-05,WST,-0.0024078505588167906,-0.014252653849107285,-0.018655572982856188,-0.02134440266477927,12.810937641967044,0.0050655180915628
2023-12-06,WST,-0.009835374276757926,-0.005487780165621344,0.002991933963201892,-0.0015735693595183315,12.528522019787818,0.0038191959177512
2023-12-07,WST,-0.005493096970289182,-0.007228491170755723,-0.011636701716036764,-0.005086701852420326,12.87262171168374,0.0053878189422821
2023-12-08,WST,-0.007400769021135923,-0.006784414763190363,0.002456478477710456,0.0030727626441977773,13.06197835188241,0.0065110304907117
2023-12-11,WST,0.007196652352196639,0.012080765590581466,0.005923795925277326,0.005507166241908997,13.351411064953632,0.0086965899076067
2023-12-12,WST,0.00471133790432447,0.010252432572121804,0.0031686369142104862,0.010521837955492311,12.734642898012305,0.0046934196845092
2023-12-13,WST,0.009586318475338435,0.031913959436887344,0.01914823328146003,0.033673496062750274,12.960552432520409,0.0058830279747178
2023-12-14,WST,0.0387519037326511,0.020841103967357295,0.02390797283894421,-0.004653855987119612,13.4761154539248,0.009851616561472
2023-12-15,WST,-0.005905559649473686,-0.013671619885783281,-0.0003647637712292564,0.0005306423871856647,13.89413780280432,0.0149641656784618
2023-12-18,WST,0.002360858474319001,-0.007086520541266986,-0.001854245071893604,-0.0055711443485600715,12.444305774364985,0.0035107277215692
2023-12-19,WST,-0.006848039688728471,0.0019074775010210227,-0.0013788541536970545,0.005878049861665905,12.825575976983862,0.0051402144260643
2023-12-20,WST,0.00041899035015988313,-0.0009670475474689164,-0.017698501942738403,-0.024923504929837987,13.00605650168756,0.0061569145345566
2023-12-21,WST,-0.01726395058562306,-0.014985149791568739,0.005088739612105239,0.012143788172244466,12.677016457665433,0.0044305992483003
2023-12-22,WST,0.009246378808660818,0.011245905210736252,0.006310565864318032,0.003301779896676273,13.080709787204215,0.0066341411160938
2023-12-26,WST,-0.0001688876575840535,-0.005035268776680541,0.0021229886935975914,0.006767128814906314,12.372861695074635,0.0032686562671663
2023-12-27,WST,0.00564228643275793,0.002228614435537144,0.0006784524435313443,-0.004094103268087138,12.314931534737134,0.0030846819618201
2023-12-28,WST,8.398746999951269e-05,-0.0015316198632487593,-0.000565324355966283,-0.00267302554681918,12.19147156669466,0.0027264162093037
2023-12-29,WST,-0.004854021853576608,-0.006346572866696309,-0.008090600206530157,-0.00794859225672135,12.447060044238079,0.0035204105797453
2024-01-02,WST,-0.016762288657221368,-0.0009540249156145565,-0.013284736515278797,-0.009788700951811979,13.501075117690547,0.0101006043431436
2024-01-03,WST,-0.010581159156678338,-0.025303464488757903,-0.026962556293494165,-0.03033890560113226,13.140205260167273,0.0070408211594907
2024-01-04,WST,-0.02736930787945792,-0.013771291088719216,-0.0011579470014640707,0.00604204898434616,13.129539566853296,0.0069661248249892
2024-01-05,WST,0.0064848055504900075,-0.002806594598780082,0.0022551152541528895,-0.0024714800558922226,12.966647139396802,0.0059189928765148
2024-01-08,WST,0.0057687282237229255,0.03064501621063279,0.009998418520060176,0.035790107434199685,12.953473608904076,0.0058415300111059
2024-01-09,WST,0.024666712988101927,0.004532274317882888,0.011815015985405337,-0.007159388032487638,13.416227799687384,0.0092789446636274
2024-01-10,WST,0.008041507149458012,0.009423489993733684,0.020268165142733757,0.02213814481180725,12.463428233647901,0.003578507728802
2024-01-11,WST,0.008062143098898189,0.0018742418310487062,-0.007101416823729831,-0.007108675254973641,12.729620003784861,0.0046699041717958
2024-01-12,WST,0.003094161111177552,0.0010053958200982576,-0.008277529417438905,-0.02241348090141322,12.769683300490902,0.0048607948044106
2024-01-16,WST,-0.03146964744414431,-0.028716621791117093,-0.011406750645475075,-0.0007788554398336588,12.852392858588416,0.0052799242368911
2024-01-17,WST,-0.004240638874422339,-0.0072084236616872304,-0.009414424505993444,-0.020379222615714846,12.34104487465108,0.0031662946235902
2024-01-18,WST,-0.010857831210081685,-0.00397255795582909,-0.0036311093913190184,0.009847808824201353,12.659695972140415,0.0043545196483451
2024-01-19,WST,0.010566593708541782,-0.0021523360262747887,0.004897278857589919,-0.00037931325291142026,12.863076971466995,0.0053366381204941
2024-01-22,WST,0.004038996733591085,0.018577327248505648,0.010830208063888541,0.012669618866745308,12.62741438362914,0.004216193102972
2024-01-23,WST,0.010528914430511778,0.006069037510423159,0.01028203876522038,0.012937747687545296,12.686957484108422,0.0044748637428197
2024-01-24,WST,0.015630998231540863,0.01017483053490964,0.004685943144908698,-0.008338833382773799,12.951814648122985,0.0058318471529298
2024-01-25,WST,-0.011793158757154296,-0.003041529785029781,0.0009746512414667038,0.015677588587257422,12.853440250547505,0.0052854572987061
2024-01-26,WST,0.02581950542351533,0.02759566593138888,0.025432465338692194,0.019956540340706652,13.128744971647793,0.0069605917631743
2024-01-29,WST,0.004114049234716602,0.019266415746603226,0.006181759506928819,0.024978580536704743,13.23139893182713,0.0077130881700039
2024-01-30,WST,0.0280125893843026,0.023895964366265073,0.02867859994567547,0.01551513648333329,13.31414174395001,0.0083784388532485
2024-01-31,WST,0.01276577136328426,-0.0032128287919273753,0.0016990449798917789,-0.008169553604079872,13.44256249354277,0.0095265491798453
2024-02-01,WST,-0.004915332852714897,0.006651417200979643,-0.0071931334632741924,0.022451993367056673,13.090461893225035,0.0066991545924191
2024-02-02,WST,0.015649984949620645,0.009051181640747516,0.02362831979077148,-0.001259006191879351,13.337637646979791,0.0085776290785858
2024-02-05,WST,0.005337477042816363,0.03425373219047414,0.002990586730053005,0.04264485197085183,13.732456069428553,0.0127301919706862
2024-02-06,WST,0.04777324545999319,0.018915243558730997,0.04636988696045103,0.0016334309922522033,13.556870649465088,0.0106801925682569
2024-02-07,WST,0.019998685469817864,0.018443171026092345,0.019066803686065916,0.0363174851735231,13.396353643404217,0.0090963536237349
2024-02-08,WST,0.0065944921302779225,-0.00033859772477283745,0.007742169091075678,-0.005097827491230464,12.774509413971375,0.0048843103171241
2024-02-09,WST,0.004590473369294601,-0.002154339039975772,0.002845012958766149,-0.003071112920597877,12.72873098576518,0.0046657543754346
2024-02-12,WST,-0.013417384067783027,-0.007174203150216927,-0.014257341728057588,-0.007374998969780188,12.760535178224796,0.0048165303098912
2024-02-13,WST,-0.011709744201035687,-0.011587008502593235,-0.0155228466110851,-0.01997045566018785,13.0933484872158,0.0067185203087714
2024-02-14,WST,0.0025315544311877384,0.009534769665993885,0.007516177617189622,0.023799558163107644,13.207808695430172,0.0075332636610189
2024-02-15,WST,-0.17682926871122667,-0.1392497408438592,-0.20363862576293423,-0.15180162776808984,14.97195172084872,0.0439684757122931
2024-02-16,WST,0.037049850995250544,0.037030947955211016,0.07271892862326884,0.031851044167065044,14.171646056428456,0.019750264148371
2024-02-20,WST,0.029961098711961853,0.0028133842936761944,-0.0013996730494047066,-0.03333496371478656,13.762110836088922,0.0131133565013697
2024-02-21,WST,-0.036969218459707145,-0.03429380167792799,-0.004153624191739811,0.017045131934666974,13.168103179660996,0.0072400113848279
2024-02-22,WST,0.02447066489715432,0.006436979022554461,0.0103660587156123,0.010333795450608436,13.195057922569148,0.0074378183447115
2024-02-23,WST,0.012719933355422347,0.021841895881298763,0.024609464525988792,0.020733882939693728,13.09930148446762,0.0067586350069296
2024-02-26,WST,0.016838836683697064,0.008335331725336787,0.005473242675995892,-0.01135865312176249,12.970146493255033,0.0059397418583208
2024-02-27,WST,-0.014601115118394105,-0.019622543838189104,-0.013180858181266254,-0.013858651528257677,12.938202530152253,0.0057530010220671
2024-02-28,WST,-0.013278378106431019,-0.010749073660102611,-0.015056980045622698,-0.002739032698765255,12.955129822091815,0.005851212869282
2024-02-29,WST,-0.0008113026926211841,0.0011106436640907495,0.008161750365907763,0.0029342935470030676,13.164658206770657,0.0072151126066608
2024-03-01,WST,-0.0026903179313797613,0.0032692405059933866,-0.0056128845216956574,0.0010041329169461948,12.700161995927848,0.0045343441573301
2024-03-04,WST,0.010135066234202844,-0.0005534188568647895,0.0017803267174084352,0.00019511208475126357,13.078413579737122,0.0066189251961027
2024-03-05,WST,-0.00599049868264863,-5.529176139150718e-05,-0.010159217475592867,-0.019248097764226025,13.159468392507568,0.00717776443941
2024-03-06,WST,-0.012316049606623471,-0.01006975353411326,0.00225062853889574,0.00668293351054031,12.957726913394351,0.0058664287892731
2024-03-07,WST,0.006233210386182944,0.02200992764086496,-0.04416077119262692,0.02191393291644461,13.752891260604631,0.0129930124068951
2024-03-08,WST,0.014348585220428754,-0.005292171333482966,0.058458131970514964,-0.008902916732089058,12.676079399771027,0.0044264494519391
2024-03-11,WST,-0.011092277421729975,-0.007090973156663903,-0.005542050465149932,-0.003991859673596089,12.820720302095918,0.0051153156478971
2024-03-12,WST,0.0034410444887578774,0.05284953478046497,0.0014657421932073103,0.0556763511134211,13.849429742817824,0.014309881118847
2024-03-13,WST,0.057417612601571195,0.018553135403280012,0.06018051897718607,0.020321877989492775,13.455115847119993,0.0096468932743199
2024-03-14,WST,0.022348050550148463,0.030643547794317237,0.024497243639071593,0.03474893254859147,13.595986697657116,0.0111062383280061
2024-03-15,WST,0.010338824064289572,-0.00815924428504252,0.0013191003518535729,-0.029912986873810533,13.535930244121866,0.01045887009566
2024-03-18,WST,-0.007403334064718779,-0.0009079521445829103,0.003921127303126597,0.02068141451198511,13.166956173507728,0.0072317117921056
2024-03-19,WST,0.01297732901588023,-0.001161150951586446,0.007208878846289376,-7.568978310221925e-05,13.10846930019637,0.0068208819523475
2024-03-20,WST,0.005845668257327699,0.0010854301926988196,0.004946574977567284,-0.004026532454860424,12.619839862232693,0.0041843779975362
2024-03-21,WST,-0.0010602060776524476,0.011465504863460122,0.0021597955435349687,0.004531821360885024,12.670752754955478,0.0044029339392257
2024-03-22,WST,0.0006060405421235408,-0.009851764011838392,-0.004757459483658306,-0.004988534910356909,12.90867746133131,0.0055856259021657
2024-03-25,WST,-0.007322397476056407,-0.006444784275142214,-0.01819430256172488,-0.014137882539968026,12.801058335158986,0.0050157205352285
2024-03-26,WST,-0.011766567867320344,-0.010552381710545901,0.002593648367217826,-0.0004378179090186591,12.765976963265441,0.0048428123535121
2024-03-27,WST,0.011384987720577331,0.011413993593921127,0.011665522322260192,0.015032413998458739,12.443911687242986,0.0035093444561155
2024-03-28,WST,0.005631642713336652,0.0075209132269369585,0.007295584538495693,0.004076864092816789,12.373284794623576,0.00327003953262
2024-04-01,WST,-0.0016708527069270195,-0.0038037633703061407,-0.008807159229276738,0.0005812202945192967,12.791915756287272,0.0049700727752554
2024-04-02,WST,-0.005284392704510578,-0.009229464172914852,-0.022586472205197158,-0.02051512802129096,12.95394709264047,0.0058442965420134
2024-04-03,WST,-0.012715227696195555,-0.0018612855239800424,0.011784765657451218,-0.0019353450983594757,12.627086246885055,0.0042148098375183
2024-04-04,WST,0.008145135011767377,0.008867279361868824,7.779033073215989e-05,-0.0026639716980381882,12.86592412533246,0.0053518540404851
2024-04-05,WST,-0.00793872836064453,-0.0015188576785693415,0.004783244032507907,0.02027880889811573,12.397936033911247,0.0033516521943901
2024-04-08,WST,0.016982063504587995,0.0051043775695649145,0.010775200912971588,-0.003686708657404286,12.54040330489666,0.0038648436777243
2024-04-09,WST,-9.479780454759213e-08,-0.006118366067173579,-0.011059075890300113,-0.0005096282669157477,12.807381362897626,0.0050475356406643
2024-04-10,WST,-0.02243940097019456,-0.003174940982831759,-0.01712284150593478,-0.0066739492362707575,12.666344701243613,0.0043835682228735
2024-04-11,WST,0.017660545106091535,0.002616934422354984,0.013038027113273796,-0.005634516151920318,12.638507446509221,0.0042632241283989
2024-04-12,WST,-0.021766670959095624,-0.02557093084473438,-0.016376918541019594,-0.019751043601927434,12.461493630353871,0.0035715914015334
2024-04-15,WST,0.0023150245370249746,0.0062279068729792246,-0.003984502778488994,-0.003136539158646999,12.558492047480835,0.0039353902158646
2024-04-16,WST,-0.019307557981337507,-0.014277770629472102,-0.00793681279735754,0.0017671965605403242,13.105829442109052,0.0068028995014489
2024-04-17,WST,0.009175621714065142,0.0002099595637356433,0.003909953611057507,-0.005602316239354417,12.781002008429736,0.0049161254225599
2024-04-18,WST,-0.009281548725671362,-0.0012863047323624448,-0.011453693376306301,-7.945360570322889e-05,12.660648501336015,0.0043586694447063
2024-04-19,WST,0.004229503344546973,-0.004159337604239489,-0.001424251507752157,-0.014118780708698106,13.005157425203253,0.0061513814727417
2024-04-22,WST,-0.010127863200739917,-5.2696900120455214e-05,-0.0025847591544477973,0.008857575367959593,13.143539570730548,0.0070643366722041
2024-04-23,WST,0.013058535245426647,0.034252530182325464,0.017189548127155143,0.03933353933712923,12.964775798198861,0.005907926752885
2024-04-24,WST,0.02451289411449818,0.005975985537678735,0.02176857852789963,-0.011521754073715938,13.537516075581697,0.0104754692811047
2024-04-25,WST,-0.012792333265376786,-0.01042388570623133,-0.05481555719414106,-0.04656576326707062,13.51764480743598,0.0102693627284988
2024-04-26,WST,-0.054133663854941665,-0.05348944245574402,-0.016579950087882503,-0.021274133644294684,13.309839957537521,0.0083424739514515
2024-04-29,WST,-0.011626354424428442,-0.02141699877203302,-0.014764899438908505,-0.01684340379579873,13.14588652595031,0.0070809358576489
2024-04-30,WST,-0.017569645285143154,0.01558918801423624,-0.002463177614708614,0.008625040158910063,13.455115847119993,0.0096468932743199
2024-05-01,WST,0.007491592497517963,0.0016569378339664107,0.00815918374067188,0.016507305241835864,13.269232180029865,0.0080104902425561
2024-05-02,WST,0.0256502059159311,0.0006511384416408989,0.012684527234083219,0.013745382788604115,13.007179211757864,0.0061638308618252
2024-05-03,WST,0.018613534665855306,0.011031859359101162,0.003851519705888566,-0.00938010150583116,13.0194465401974,0.0062399104617804
2024-05-06,WST,-0.016073373029856963,-0.009757854584572474,0.006863044666058033,0.004155710523866868,12.71439814659232,0.0045993576336555
2024-05-07,WST,0.004517943632158622,-0.00040652993998441505,0.001043160011176605,0.004925846143055679,13.005607064487718,0.0061541480036491
2024-05-08,WST,-0.003018817893713706,0.0016787361544100437,-0.002665145422324363,-0.004598640728327449,12.95654725342426,0.0058595124620044
2024-05-09,WST,0.0007624313576196221,-0.0011368494680747067,-0.024677451660740073,-0.002922447699192353,13.586727383830214,0.01100387668443
2024-05-10,WST,-0.00564984003579366,0.008898011960787953,0.026216984769770107,-0.0038367712642601915,13.098687297969015,0.0067544852105684
2024-05-13,WST,-0.0027134860559725367,-0.012996158164781741,-0.018268269604670876,-0.016667965450212152,13.14510481940612,0.007075402795834
2024-05-14,WST,-0.013010936722482712,-0.014159630570332857,-0.030477891446141114,-0.010355720022935668,13.655577693480726,0.0117881881966954
2024-05-15,WST,-0.00792793666096629,-0.011987548094499973,-0.0027437966414009664,-0.008385418196446856,13.562553209400056,0.0107410562482211
2024-05-16,WST,-0.006720742225619786,-0.001033415246822622,0.009068915403725349,0.0073409702969637015,13.454255139651432,0.0096385936815975
2024-05-17,WST,0.0015223432539046072,-0.004790019446523598,0.00022916284357177627,0.004311415169569288,12.98241371741132,0.0060130549273686
2024-05-20,WST,0.001970236985165093,-0.001348633121384737,-0.02131423687692783,-0.03688841077909086,13.412194638694368,0.0092415964963767
2024-05-21,WST,-0.0384631064699755,-0.03566192008755638,-0.016646528649026684,-0.01691798446965698,13.059851601031342,0.0064971978361744
2024-05-22,WST,-0.016735799670400873,-0.008133229256648201,-0.020111625908577607,-0.008103742090398963,13.416972899572688,0.0092858609908961
2024-05-23,WST,-0.003780566526817757,-0.015184323322989458,-0.0039554124299981085,-0.01719813240261435,13.039201309581754,0.0063644043526162
2024-05-24,WST,-0.023660404445766402,-0.009559666627649418,-0.006146703044376837,0.009299638054398356,12.863336138867261,0.0053380213859478
2024-05-28,WST,0.01355863160997647,0.004056842999112389,0.0005214017148255286,-0.012713883200210715,13.183648486933077,0.0073534391520339
2024-05-29,WST,-0.021499751939512993,-0.022258273500029162,-0.01274298170213983,-0.014208624236025667,13.05172844418593,0.0064446337489326
2024-05-30,WST,-0.011984321257712214,0.009643361050462462,-0.004325607036791906,0.019234587459760442,13.10501577406918,0.006797366439634
2024-05-31,WST,0.024526177301224788,0.009009628088488012,0.016639211391768636,0.006933859557073022,13.5511556134073,0.0106193288882927
2024-06-03,WST,0.006303046043611293,0.007406610575290973,-0.0011048148753077369,-0.0081195689571968,12.98264373413455,0.0060144381928223
2024-06-04,WST,-0.0056648036220562905,-0.010843702114280323,-0.02698280533399517,-0.03186540956558236,13.23104018807215,0.0077103216390965
2024-06-05,WST,-0.03175945296748462,-0.026533471538920852,0.001513135636705746,-0.0022951853217068126,12.853701927216076,0.0052868405641598
2024-06-06,WST,-0.006197087959408195,-0.011980712986838468,-0.007874047173485017,-0.0078687251509216,12.738466983201718,0.0047114021354077
2024-06-07,WST,-0.011424735712311923,-0.003332605281606391,-0.009377479233255949,-0.0016511807331793123,13.021439671201302,0.006252359850864
2024-06-10,WST,-0.0008302471080451113,0.007717151874810044,-0.0006731906053691951,0.016327105720564533,13.00919691893784,0.0061762802509088
2024-06-11,WST,0.016128796744604507,0.025363219604711922,0.017483615178068117,0.02564854987833643,13.34694749061083,0.0086578584749022
2024-06-12,WST,0.03517576494438123,0.04235392934421708,0.03191115033922254,0.03075591492535072,13.604914210233325,0.0112058334406747
2024-06-13,WST,0.020276695197278496,-0.008799829152124294,0.017487982765531235,-0.006313913265205902,13.441254830890266,0.0095140997907617
2024-06-14,WST,-0.004828997868493995,-0.004458676710097519,-0.01200906604777905,-0.009080906539969355,12.83361673850271,0.0051817123896762
2024-06-17,WST,-0.005633480175319812,0.00428186349173618,0.0028493721830285938,0.008456242363046646,13.151341428518306,0.0071196672903533
2024-06-18,WST,0.011175953971502908,-0.008344398257737527,-0.06364091497890889,-0.04258023968844273,13.90681362911252,0.0151550563110767
2024-06-20,WST,-0.04622008598257096,-0.01605509608660185,0.029934525740226012,0.02019396530271582,13.886622116780647,0.0148521211767096
2024-06-21,WST,0.024744124622818803,0.00701080172871363,0.013804319781066974,0.012458502082488158,13.806975235514349,0.0137150769737427
2024-06-24,WST,0.007260288296489413,0.006425962340668905,0.013098695536650039,-0.005303075640526729,13.179690332595941,0.0073243905775055
2024-06-25,WST,-0.005349279221743213,-0.017006108370863974,-0.025088899453162842,-0.02261018037261147,13.174008509889596,0.0072828926138936
2024-06-26,WST,-0.022958471973101965,-0.009224218457495669,6.247241714677171e-05,0.00024715544616052144,12.792194035742861,0.0049714560407091
2024-06-27,WST,0.0020751914974361453,0.017342649903281368,0.009825905773941216,0.015572624596653678,13.155993492244365,0.0071528656612429
2024-06-28,WST,0.020974144892132722,0.0045883396776218496,0.008749284651260205,0.0019144825949040107,14.014198288650682,0.0168730720046105
2024-07-01,WST,0.004323639041244062,0.0033455510076284612,-0.010762462253161614,-0.014802851813562567,12.835217161355857,0.0051900119823986
2024-07-02,WST,-0.01474037216342621,-0.007633258452716894,-0.00027908435234924556,-0.0060263982153683044,12.720395148082574,0.0046270229427301
2024-07-03,WST,-0.01393587213964421,-0.0309126541623833,-0.013457077019798298,-0.005283772169885257,12.333590367227897,0.0031427791108768
2024-07-05,WST,0.00021748928292436587,0.0005268382976535363,0.002981852936989255,0.005159788377100091,12.463814705589053,0.0035798909942557
2024-07-08,WST,-0.005072574544212934,0.010016763018930145,-0.0024161884829114627,-0.008030748248698844,12.876209609976803,0.0054071846586344
2024-07-09,WST,0.00018717002447692752,-0.016979666914690505,-0.012964212854594157,-0.004227952658675984,13.312654757285246,0.008365989464165
2024-07-10,WST,-0.003624791447357762,0.0073346242770768524,0.008398575485035094,0.008500431234825672,13.438925866706503,0.009491967543502
2024-07-11,WST,0.01624024115289795,0.03433174487583213,0.02243768102955219,0.036511941421217706,13.000649877583731,0.006123716163667
2024-07-12,WST,0.029080870674871095,2.9951227502200165e-05,-0.004050677702251604,-0.031452418625963145,13.356013144642928,0.0087367046057649
2024-07-15,WST,-0.03374264774901821,-0.018053233516906582,-0.010121043377288412,-0.008925766831296277,13.002906191139534,0.0061375488182043
2024-07-16,WST,-0.0035651462863011524,0.005347119331951456,0.002094839407492104,0.02772725690534222,12.812302081080515,0.0050724344188315
2024-07-17,WST,0.018065648477496216,0.0066743283771149515,0.01558877268492528,-0.006309462618261597,12.582798715298532,0.0040322187976258
2024-07-18,WST,-0.009592359113149491,-0.00479733644320679,-0.027876612095069243,-0.033264958480320454,13.187778389311616,0.007383870992016
2024-07-19,WST,-0.016330067109881146,-0.034335449529806814,-0.007458539098354407,0.0049823046204748,13.226004215263524,0.007671590206392
2024-07-22,WST,0.005680458590989494,0.00940836669763223,-0.007386296202160572,0.0003143571976589492,13.800093320773104,0.013621014922889
2024-07-23,WST,0.0024557566481185067,0.001549173537682834,0.0020198486866690965,-0.0058026042840388726,13.554666437492209,0.0106566770555435
2024-07-24,WST,-0.013503162999876674,0.006203677057746919,0.0014722276359558663,0.023721723877731627,13.854924521674233,0.0143887272497097
2024-07-25,WST,-0.11800336596496205,-0.09623678994045563,-0.16545048783246763,-0.15543841715336124,15.02369478180095,0.046303427798191
2024-07-26,WST,-0.00985707521372935,-0.01963652179672477,0.038821559448592405,0.027051875147218452,13.989800783114376,0.0164663919612136
2024-07-29,WST,0.024201435093047483,0.01256529176553806,0.028942917369656016,0.011730277800475732,13.56126455108855,0.0107272235936838
2024-07-30,WST,0.004214766123573221,0.02276774516084017,0.011256057602898054,0.03877080566345294,13.738954514805393,0.0128131878979101
2024-07-31,WST,0.04056493186691066,0.025502161311314442,0.03709660842581674,0.022660708794062047,13.992066358016253,0.0165037401284644
2024-08-01,WST,0.015674768122630293,0.005353187447983515,0.0001008169716195531,-0.012687612126142592,13.584965936169754,0.0109845109680777
2024-08-02,WST,-0.01597552876190009,-0.0256622263372676,-0.01879998387876057,-0.0067376928117813895,13.032440858057756,0.0063215231235506
2024-08-05,WST,-0.009432579668558398,0.008462871685666893,0.005295604756881565,0.004386307061741726,13.796532610526164,0.0135726006320084
2024-08-06,WST,0.025473719804986864,0.021590222434632614,0.028022206212616526,0.009437988737863614,13.475553656946257,0.0098460834996571
2024-08-07,WST,0.00016454664664537638,-0.01964985813536687,-0.02849935550304091,-0.03574246932352662,13.231219576036775,0.0077117049045502
2024-08-08,WST,-0.020961117076558573,-0.01646363609647696,-0.007425289639948204,-0.0025563194109547173,13.503263898059886,0.0101227365904033
2024-08-09,WST,-0.018499059626723,-0.016977009659273175,-0.027790261189350067,-0.01780131260838417,13.694924723133365,0.0122612649818714
2024-08-12,WST,-0.015716292327860676,-0.011892598479837474,0.007528703126800728,0.009370586724303761,12.922450394805269,0.0056630887675746
2024-08-13,WST,0.01126096706494281,0.01724593141002983,0.020158556363473776,0.016588050916407998,12.987461903790193,0.0060434867673506
2024-08-14,WST,0.013273172344585865,-0.001724863450506321,-0.003027320490049978,-0.010925446928030044,12.289498853474674,0.0030072190964111
2024-08-15,WST,0.0016256509700068717,0.001522013399302334,-0.0004135778147886253,0.00133374435866415,12.95015293061709,0.0058221642947537
2024-08-16,WST,-0.012326005631211563,0.015926361346622144,0.004916748502379516,0.026341766617429586,13.042239499769934,0.0063837700689685
2024-08-19,WST,0.02743970891963515,0.004314899079795879,0.020538057073962036,0.004218618087329695,12.594055831421823,0.0040778665575989
2024-08-20,WST,0.006611394036575015,0.0033726343009900972,0.003823244707532753,-0.008522017540563663,12.66286754735978,0.0043683523028824
2024-08-21,WST,-0.003084200133571618,0.006120907428493723,0.005374702666074895,0.017202195751926844,12.184343263233146,0.0027070504929515
2024-08-22,WST,0.019016707876614143,0.006637656535946925,-0.01017282892743655,-0.012532786660488914,12.74578014344445,0.004745983771751
2024-08-23,WST,-0.014344274371905049,-0.005457335026309826,0.010605468310441202,0.007492243958187887,12.612540583969206,0.0041539461575541
2024-08-26,WST,0.0034654358432510478,0.0018660621392826281,0.0011641756208066241,0.0023422325856082195,12.37243841643669,0.0032672730017125
2024-08-27,WST,0.0005599870337554748,-0.004195343360500829,0.0013951666115097363,-0.0028376707890201717,12.495007682693725,0.0036933187614617
2024-08-28,WST,-0.0048523087301200534,-0.007384543977490581,-0.020049746539860375,-0.016727187466893827,12.72843447070449,0.0046643711099808
2024-08-29,WST,-0.007739415032271737,0.04446039162272144,0.015491763404772908,0.056121950053627995,13.2757726395923,0.0080630543297979
2024-08-30,WST,0.053243800547494,0.011955197562985574,0.039491292527565225,-0.0036917653766003907,13.288726608098221,0.0081681825042814
2024-09-03,WST,-0.013816617034552996,-0.005362213649247057,-0.031123342051353975,-0.03069301548521452,12.856575860287759,0.0053020564841508
2024-09-04,WST,-0.025979720274198315,-0.032401037312241275,-0.0037769054175941473,0.001872328534992921,12.777337462157007,0.0048981429716614
2024-09-05,WST,-0.002635521192114839,-0.015579811209862604,-0.011786225746339984,-0.014611371056663847,12.573493148598692,0.003994870630375
2024-09-06,WST,-0.015424239669744703,0.0012527428869751357,-0.01090759122756608,-0.010242067014160606,12.588272538498009,0.0040543510448855
2024-09-09,WST,-0.000335148532354309,0.006502020071565381,-0.004253445495526612,0.015986410899702604,12.975025107000038,0.0059687904328492
2024-09-10,WST,0.010434430810503891,0.001962040588118754,0.019216872537402264,0.011587162468659165,12.62741438362914,0.004216193102972
2024-09-11,WST,0.011441810425275622,-0.0020275326009526282,-0.011573744751060815,-0.010528163342687795,12.553912171868914,0.0039174077649661
2024-09-12,WST,-0.01157453878726257,-0.011026438268666085,0.0022309888754973523,-0.016238234121658188,12.806010188601277,0.0050406193133957
2024-09-13,WST,-0.011341059324224991,-0.0013249118660404128,0.005555578313875552,0.010666265384783295,12.881058401284054,0.0054334667022553
2024-09-16,WST,0.014222432655337033,0.0021188705800924525,-0.008870039742759687,-0.013022206074452102,12.960787532474237,0.0058844112401716
2024-09-17,WST,-0.009870909991277786,-0.009904013804840137,-0.0077195897551334105,-0.003104744216670215,12.784092323881643,0.0049313413425509
2024-09-18,WST,-0.0059967080807913865,0.04534874302888705,0.010459762484456387,0.04403717612053296,13.448931010698283,0.0095874128598094
2024-09-19,WST,0.05707449034826814,0.021160453345167824,0.048725853099243946,0.006512268643485931,12.824498973856072,0.0051346813642494
2024-09-20,WST,-0.0167377176498108,-0.025607063005224338,-0.014814101515844369,-0.009849126191836748,13.503673761567416,0.0101268863867645
2024-09-23,WST,-0.007417844327592687,-0.006400695944883501,-0.003271113365103633,-0.004618776455698131,12.777055016970678,0.0048967597062076
2024-09-24,WST,0.003148754325943634,-0.0001936559800127634,-0.0012130400146522307,0.009668390048072172,12.694962428316714,0.0045108286446167
2024-09-25,WST,0.005397962997917808,0.0036081446558347153,-0.008036387330000594,-0.020815045343454155,12.928781055513184,0.0056990536693716
2024-09-26,WST,-0.010271370562450513,-0.008655492993487142,0.00678909273515426,0.012482469178571374,12.913125196739307,0.0056105246803328
2024-09-27,WST,0.008141469465711431,0.0201338420779016,0.011300304042696796,0.012489133813277842,12.729027412930751,0.0046671376408883
2024-09-30,WST,0.005669680972696534,-0.0060904156457973774,-0.030400207433858357,-0.0354771551006103,13.27953976088442,0.00809348616978
2024-10-01,WST,-0.035108603301600705,-0.03541934024908025,-0.012261156039820734,-0.0012002402328490922,13.181765605342877,0.0073396064974966
2024-10-02,WST,-0.004635279186202626,0.005057315694596954,0.007192998557335682,3.34302436719362e-05,12.54895642705646,0.0038980420486139
2024-10-03,WST,-0.00328098510880531,-0.0024428315159918117,0.00026905275470593857,-0.008373629164663767,12.681999323836905,0.00445273149556
2024-10-04,WST,0.0062513755918018835,-0.004571514822475499,-0.005532077164224675,-0.0027281251685496682,12.139938184891703,0.0025894729293844
2024-10-07,WST,-0.015380759899510228,-0.01559335259929549,-0.019745037092469008,-0.02071893809628601,12.617523138763014,0.0041746951393601
2024-10-08,WST,-0.020237843692936523,-0.017966967437022086,-0.011869386904563094,-0.013659403993315342,13.06896471037963,0.0065566782506848
2024-10-09,WST,-0.007696118130845753,-0.013446664847325191,-0.019139518346095296,0.00013950431622090445,13.91372651191477,0.0152601844855602
2024-10-10,WST,-0.00038299791187595413,0.012622200015637876,0.01858065275070472,0.012313934049763392,13.102570790057749,0.0067807672541893
2024-10-11,WST,0.0036141942032354487,0.019701617248295764,-0.0011883454182254382,0.0165479766759692,14.18541826147005,0.0200241507082097
2024-10-14,WST,0.026427269494991256,0.009990671499513987,0.023742781386992463,0.001490917947387648,13.77135070732846,0.013235083861298
2024-10-15,WST,-0.00338411819282098,-0.006156962510050934,-0.00960883762453595,-0.014700390497421178,13.73787436896711,0.0127993552433728
2024-10-16,WST,-0.010838126590918457,-0.020721305250785332,-0.01518360810531065,-0.00706866166977384,13.572165574841936,0.0108448011572509
2024-10-17,WST,0.003113436804294917,0.0034549068067739348,0.0018537394287151743,-0.0011425982782503421,13.753210596049001,0.0129971622032563
2024-10-18,WST,-0.0025312153399432652,0.004225652139115287,0.00355804661018417,0.016014633565724523,13.369381255384772,0.008854282169332
2024-10-21,WST,-0.003086908142610616,-0.0054898547824595535,-0.00038292899512199765,-0.02091114307260188,12.616528611893463,0.0041705453429989
2024-10-22,WST,-0.019530658046463673,-0.018671559068063077,-0.015693679314415083,-0.0029635601431103925,13.286013367012389,0.0081460502570217
2024-10-23,WST,0.0006654512976220069,0.005038783622328075,0.002685702252890515,0.00013975664869653447,13.416674926236116,0.0092830944599886
2024-10-24,WST,0.13672072257897,0.1998730436670613,0.13710699129773998,0.14353122830653878,14.596440109887954,0.0302036011822161
2024-10-25,WST,0.0015255227696641881,-0.0635380143406072,-0.061253688329584687,-0.0712203736173444,14.245994079242573,0.0212746226783825
2024-10-28,WST,-0.05734483211003613,-0.05521035963920426,-0.002849953239336826,0.008054072313537792,13.594241498691602,0.0110868726116538
2024-10-29,WST,0.0021930482110419764,0.01792828362082527,0.013231352303587384,0.025445802956031306,13.857900282952677,0.0144316084787753
2024-10-30,WST,0.017500607832783434,0.0004393252715412304,0.008189625158211089,-0.017072854457672735,13.41816390583078,0.0092969271145259
2024-10-31,WST,-0.009350904240064972,0.0027262955381179513,-0.011399883456760641,-0.016394571362207025,13.781334140930364,0.0133678773448562
2024-11-01,WST,-0.012929070870816106,-0.008737765454572187,0.0033397919020252014,0.027450809590469933,13.343426365847865,0.0086274266349201
2024-11-04,WST,0.027363872100301924,0.014261578548756815,0.014589314051316912,-0.005481094834018245,13.115340776564027,0.0068679129777743
2024-11-05,WST,-0.012646956185594145,0.03215511594463662,0.0001276018633907836,0.027264173970550247,13.359648069806902,0.0087685197112007
2024-11-06,WST,0.05253496708948981,0.00018080576689527873,0.021895707439161846,0.018105745105354343,13.515217297717287,0.0102444639503316
2024-11-07,WST,0.0027804813883735486,-0.0009948985562427432,0.006190959686674704,-0.01826030164695108,13.036589779504542,0.0063478051671715
2024-11-08,WST,-0.027632025552579688,-0.014093635588014203,-0.0050057541288186765,0.002100339861649037,13.30601904387808,0.0083106588460157
2024-11-11,WST,0.015394306893977732,0.026175336818581134,0.015556844120712142,0.010649579703272804,13.3568044704873,0.0087436209330335
2024-11-12,WST,-0.00582191236396763,-0.017495135472511924,-0.003812699063460015,0.00033576082505205456,12.935071890944245,0.0057350185711686
2024-11-13,WST,0.011461261749536017,0.05312690898714382,0.008190888075234996,0.04924522435639858,13.785464667114331,0.0134232079630055
2024-11-14,WST,0.03694515519994661,-0.015075793002905643,0.029730693352254603,-0.017240758945518637,13.25742035573098,0.0079164281917024
2024-11-15,WST,-0.010100033103008695,-0.01305470286627877,-0.07322259077967429,-0.07244859959584143,13.89920903669479,0.015040245278417
2024-11-18,WST,-0.0767728897013697,-0.07316832939864339,-0.02519098636371265,-0.02342078041681511,13.291432507422343,0.0081903147515411
2024-11-19,WST,-0.027375021377596072,-0.00786393651597294,-0.016509629791598486,-0.010174886046124865,13.521677607587973,0.0103108606921107
2024-11-20,WST,-0.007814414878773636,0.003172224816917957,-0.0033348522057342666,0.024556287676814982,12.989291307846242,0.0060545528909805
2024-11-21,WST,0.03582837636337512,0.027110223218079262,0.029945330906247326,0.029154371816859793,12.974793330968813,0.0059674071673954
2024-11-22,WST,0.02026464321943238,0.011854531531548983,0.024181710935393213,-0.01345971792472644,13.230681315573902,0.007707555108189
2024-11-25,WST,0.007514002753904,-0.005151785666137951,0.009009556037293583,0.010056971999427023,13.51291922613893,0.0102209484376182
2024-11-26,WST,-0.005232019483184242,-0.008791171116412255,-0.011671278015748696,-0.001376873476810289,12.66255084210521,0.0043669690374287
2024-11-27,WST,0.0023079899767571768,0.01243416927690543,0.011263537633342886,0.012354931632768492,12.877998743261381,0.0054168675168105
2024-11-29,WST,0.008128862728572174,0.006358531129220197,0.012595293007593796,0.007272727161949895,12.630689842582935,0.0042300257575093
2024-12-02,WST,-0.0008037728350876358,-0.00098026942388697,-0.004657967868154317,-0.009347164546833117,12.900471542366335,0.0055399781421926
2024-12-03,WST,-0.008571932423194376,-0.006118154505992022,-0.015938033164864557,-0.0023581909653559883,12.720694056173551,0.0046284062081838
2024-12-04,WST,-0.0017171460731927345,-0.003212372412342687,0.0009481958964996305,-0.0025197286455971805,12.766262554340948,0.0048441956189659
2024-12-05,WST,-0.00250269775747743,-0.005615454436556656,-0.008185019655977965,-0.009010114399528164,12.567240979056246,0.0039699718522079
2024-12-06,WST,0.005217449237073827,0.011076492855419099,0.016804952689089565,0.013391974877635006,12.318959268856462,0.0030971313509036
2024-12-09,WST,0.009181191385615942,0.007571281442537466,-3.124766220171678e-05,-0.0010237575920909153,12.66286754735978,0.0043683523028824
2024-12-10,WST,-0.0002471051590282116,-0.011270464818857146,-0.0055600981186346415,-0.009011239351776756,12.888919458981409,0.0054763479313209
2024-12-11,WST,-0.00812429960400581,0.002344420942731628,1.3110983768198714e-08,-0.003294120941417366,12.896969796671371,0.0055206124258403
2024-12-12,WST,-0.0008721602925817998,0.026512563914828837,0.010777731309105202,0.04124675047421234,12.989748136413281,0.0060573194218879
2024-12-13,WST,0.0269929643327305,-0.009133001833399264,0.010323673895043958,-0.0047455705855954326,13.15367016559101,0.0071362664757981
2024-12-16,WST,0.003814616679717771,0.02319593613383335,0.01660864108847585,0.0015743222279974494,13.151924121391561,0.0071238170867145
2024-12-17,WST,-0.00800932548265252,-0.002340054511362939,-0.004134059453723701,0.01110068778554337,13.298668538598344,0.0082497951660516
2024-12-18,WST,0.014304770965636213,-0.0012462543073690818,-0.009979523413281557,-0.027109840720557964,13.207992299243038,0.0075346469264726
2024-12-19,WST,-0.02406901303961949,-0.02127641122383734,-0.01644012521249724,0.005181463281790643,13.1791236008659,0.0073202407811443
2024-12-20,WST,0.005980128908711655,0.01752821806689662,0.020401000778885372,0.013335342857612216,14.709310661101162,0.0338125407510002
2024-12-23,WST,0.00919136637876305,-0.01456025874280828,-0.003069097065657576,-0.005537299300608049,12.832548365186273,0.0051761793278613
2024-12-24,WST,0.0004845904141688356,0.006300375177777765,0.008539335511735156,0.009662696714407885,12.223917475237798,0.0028163284637962
2024-12-26,WST,0.004139878603665362,0.002850770490801594,0.008043832768365056,0.0019813751049306367,12.509139512775626,0.0037458828487035
2024-12-27,WST,-0.003867363811806769,0.0018262247917574584,-0.0013310649480303741,-0.0006299326493710492,12.893707159224892,0.0055026299749418
2024-12-30,WST,-0.00033306833694556184,-0.010100805367705969,-0.009979143954710614,-0.013292482200411453,13.093142578033378,0.0067171370433176
2024-12-31,WST,0.002359250571967655,0.002082596206252257,-0.0023571444962252734,-0.0038392960130757326,12.615533094955484,0.0041663955466377
2025-01-02,WST,-0.003935161865680544,0.0026498468894797637,0.001561910628445409,0.0025307605119158686,13.002680788738946,0.0061361655527506
2025-01-03,WST,-0.002916024808549522,0.0207432783233305,0.0011010009702505598,0.021598826872563537,12.872108102308323,0.0053850524113747
2025-01-06,WST,0.017309972510111262,0.0017362672375082634,0.009007112905072131,-0.008499483910999604,13.217857176713197,0.0076093432609741
2025-01-07,WST,-0.00011961729850282096,-0.0012062617642098737,0.001906654833186268,-0.0005712171707749418,12.910162238924604,0.0055939254948881
2025-01-08,WST,-0.002724667667740681,-0.006942112965597557,-0.012075994568416073,0.013085783562839126,12.885883795217529,0.0054597487458762
2025-01-10,WST,-0.0009298632205979808,-0.0045457831258289665,0.014552268762115109,-0.01549441179930342,13.070229730019086,0.0065649778434072
2025-01-13,WST,-0.004481530389516847,0.013663973972217715,0.0005126244148273111,0.02344704187842742,13.309342404658118,0.0083383241550903
2025-01-14,WST,0.024947583194640275,0.00413322743154052,-0.020342489337112097,-0.03183238583885001,13.006281144562495,0.0061582978000103
2025-01-15,WST,-0.02359207915035534,-0.027552588744113406,-0.011105882681117741,0.00015204212654357186,13.010763436956484,0.0061859631090849
2025-01-16,WST,-0.01150543037249682,0.01705422166199237,0.009813043729568498,0.024588136202916385,12.860741437345885,0.0053241887314105
2025-01-17,WST,0.03477413681921744,0.007950148227208874,0.03189209576213079,-0.002553711660084604,13.321707557069667,0.0084420690641202
2025-01-21,WST,0.0016162915712320714,0.01259015528462659,0.004762628036963025,0.024522914583607107,12.869536091044797,0.0053712197568374
2025-01-22,WST,0.004190384762903983,0.0075017302191505,0.012395078138274127,0.009183381935806792,12.95442035229611,0.0058470630729208
2025-01-23,WST,0.01710524907419228,-2.8842939096071417e-05,-0.019158824612544544,-0.011216343670687757,12.893204268851937,0.0054998634440344
2025-01-24,WST,-0.0115067042598697,0.0017232673208658431,0.021707187060499334,0.0029318610445294244,12.511352710974496,0.0037541824414259
2025-01-27,WST,0.004207554028996099,-0.00581348357286306,0.0016953628052955555,0.00020293970578795202,12.78184576929048,0.0049202752189211
2025-01-28,WST,0.010226911896547711,0.007017977917671298,0.00081741368641389,-0.0051717259314565936,12.59031752201578,0.0040626506376079
2025-01-29,WST,-0.02132054441138375,-0.019974634826673873,-0.020817533888260457,-0.010895504197606444,12.926107588550702,0.0056838377493806
2025-01-30,WST,0.003915751648170868,0.01696066601365836,0.018509570880592737,0.012699906162998376,12.89997204310395,0.0055372116112851
2025-01-31,WST,0.0006704941979013461,-0.002043183530179779,-0.002342742006617256,-0.006885973050921106,13.251285915556824,0.0078680139008218
2025-02-03,WST,-0.007694644521708498,-0.0133106129110826,-0.01628603402845972,-0.013322112631935988,13.320067677462877,0.0084282364095829
2025-02-04,WST,-0.019215401097311516,-0.011598084181978942,-0.025655564901238704,-0.017932678823843636,13.292107839753712,0.0081958478133561
2025-02-05,WST,-0.0010184377346175214,-0.008780253240623,0.0020158669197831982,0.01230919271038634,12.937240300013613,0.0057474679602522
2025-02-06,WST,0.004604861902917121,-0.0013118173391519535,-0.0016489610041354858,-0.01403253309271017,12.910903801827052,0.0055980752912493
2025-02-07,WST,-0.010584657406334273,-0.007542136189037712,-0.01921168617303605,-0.026727237986565185,12.740227025427723,0.0047197017281301
2025-02-10,WST,-0.028986654083177896,-0.02367874563869076,-0.00996308995985587,0.00799167033374835,13.276458627123938,0.0080685873916128
2025-02-11,WST,-0.0017406910412092796,0.0015695267162953014,0.00849678730361676,-0.005351693250557933,12.83681502694785,0.005198311575121
2025-02-12,WST,-0.008843351158115695,-0.00267894063931889,-0.014275556221911413,-0.000372262579687562,13.577254637874743,0.0109001317754001
2025-02-13,WST,-0.26742415915345924,-0.26266333121518526,-0.4717280012936323,-0.48156329022994315,15.467912361419705,0.0721995403574889
2025-02-14,WST,-0.1849332259832272,-0.10995521079277466,0.024319929846026937,0.07552396619080017,15.43039381754818,0.0695409041554179
2025-02-18,WST,0.06369937618760385,-0.029337768859643037,0.020884108936497992,-0.017523271606075877,14.545664945988026,0.0287082912267329
2025-02-19,WST,-0.023420274208098498,-0.02321888903171691,-0.022917303282452447,-0.041167603736813004,14.873648361168305,0.0398518777219897
2025-02-20,WST,-0.04359043607486173,-0.0180871331489626,-0.0009932801897243244,0.00571227438455324,14.404019739566106,0.0249167606180562
2025-02-21,WST,0.014107910406190905,0.022699103003801818,0.015384136329749843,0.03502871543709053,14.447846130476949,0.0260330558392171
2025-02-24,WST,0.022300423940262933,0.03904377205949761,0.024743979119235898,0.04704790701688709,14.375012625148022,0.0242043789093848
2025-02-25,WST,0.04571899238490013,0.01046606553996658,0.04348205274787238,-0.004170322100371785,13.88727385494278,0.0148618040348857
2025-02-26,WST,0.005457343165448312,-0.014311642651989958,-0.014408631321716986,-0.0019096040123777953,13.691194855830842,0.0122156172218983
2025-02-27,WST,0.0003173883484087797,0.012119733038413148,0.004995162486837402,0.012797216740443186,13.866204622849683,0.0145519525732499
2025-02-28,WST,0.014046670654846567,0.04303714898866583,0.03008495182506333,0.043005083117995675,14.434957913836218,0.025699688864868
2025-03-03,WST,0.03583103647526209,0.005091693006379636,0.0013421756500526555,-0.018636883783796424,13.95065402549752,0.0158342396488586
2025-03-04,WST,-0.022728709520380325,-0.022792020496938598,-0.008350594579815143,-0.010978728424451646,13.617182782387252,0.0113441599860478
2025-03-05,WST,-0.004732565140918329,0.016584423219133552,0.016765039559273692,0.02188158377434768,13.499430382731967,0.0100840051576989
2025-03-06,WST,0.016226923021348535,0.013902712463140203,0.0135625233968442,0.009540084298775297,13.782058215723753,0.0133775602030323
