code,dt,score,label
000001SZ,2025-02-06,-0.008882121182978153,-0.0008799129
000002SZ,2025-02-06,0.005199317820370197,0.007147928
000157SZ,2025-02-06,-0.009466897696256638,-0.0014337433
000166SZ,2025-02-06,0.000757989939302206,0.0059463745
000333SZ,2025-02-06,-0.0036238408647477627,0.0008305436
000338SZ,2025-02-06,-0.012791570276021957,0.0035727348
000538SZ,2025-02-06,0.0015004825545474887,0.002435334
000568SZ,2025-02-06,-0.0007685298915021122,0.0038586033
000596SZ,2025-02-06,-0.01984226517379284,-0.015630048
000617SZ,2025-02-06,0.010738201439380646,0.019800022
000625SZ,2025-02-06,0.03921986743807793,0.036351595
000651SZ,2025-02-06,-0.019502367824316025,-0.004344382
000661SZ,2025-02-06,0.014502485282719135,0.021233574
000708SZ,2025-02-06,-0.021266963332891464,-0.0017452543
000725SZ,2025-02-06,-0.006479871459305286,0.006629755
000768SZ,2025-02-06,0.014248712919652462,0.02551106
000776SZ,2025-02-06,0.007787367329001427,0.009642982
000786SZ,2025-02-06,-0.024307576939463615,-0.023930548
000800SZ,2025-02-06,0.006011785939335823,0.017564531
000807SZ,2025-02-06,-0.016473358497023582,-0.007948445
000858SZ,2025-02-06,0.00024989002849906683,0.0070940745
000876SZ,2025-02-06,-0.0026037569623440504,0.002331037
000895SZ,2025-02-06,-0.02195820026099682,-0.027478114
000938SZ,2025-02-06,0.05198439583182335,0.045134585
000963SZ,2025-02-06,-0.012847266159951687,-0.0028603335
000999SZ,2025-02-06,-0.017125669866800308,-0.006794911
001965SZ,2025-02-06,-0.0061755129136145115,0.0008067212
002001SZ,2025-02-06,-0.013084487058222294,0.0022426674
002007SZ,2025-02-06,-0.023100757971405983,-0.004895931
002027SZ,2025-02-06,-0.020343506708741188,-0.016652824
002028SZ,2025-02-06,0.008506500162184238,0.017435247
002050SZ,2025-02-06,0.05992358922958374,0.07836852
002129SZ,2025-02-06,0.02260301634669304,0.03012066
002179SZ,2025-02-06,0.007811083924025297,0.013843882
002230SZ,2025-02-06,-0.020761694759130478,0.003118406
002236SZ,2025-02-06,0.027218688279390335,0.02328922
002241SZ,2025-02-06,0.07564990222454071,0.058311373
002271SZ,2025-02-06,-0.015378015115857124,0.0
002304SZ,2025-02-06,-0.0022574798204004765,0.0036240474
002311SZ,2025-02-06,-0.010283434763550758,-0.004089996
002371SZ,2025-02-06,0.04203851893544197,0.08414984
002415SZ,2025-02-06,0.008025850169360638,0.012257342
002422SZ,2025-02-06,-0.0006235147011466324,0.007596151
002459SZ,2025-02-06,0.023167269304394722,0.039169908
002460SZ,2025-02-06,0.03712957352399826,0.04903931
002463SZ,2025-02-06,-0.013200433924794197,0.015371507
002466SZ,2025-02-06,0.01967492140829563,0.026996018
002475SZ,2025-02-06,0.011854409240186214,0.028287157
002493SZ,2025-02-06,-0.01662842556834221,-0.0045146467
002555SZ,2025-02-06,0.044497471302747726,0.027603164
002594SZ,2025-02-06,0.06039435416460037,0.09502265
002601SZ,2025-02-06,-0.008051321841776371,-0.0028065974
002648SZ,2025-02-06,-0.004206208512187004,0.0015072175
002709SZ,2025-02-06,0.03292125463485718,0.04294482
002714SZ,2025-02-06,-0.01184112299233675,-0.0005433246
002916SZ,2025-02-06,0.004826327785849571,0.017078806
002920SZ,2025-02-06,0.06702155619859695,0.09503844
002938SZ,2025-02-06,-0.0035785334184765816,0.0030104963
003816SZ,2025-02-06,0.007317480631172657,0.01086927
300014SZ,2025-02-06,0.034568700939416885,0.04585479
300033SZ,2025-02-06,0.0381959043443203,0.06294369
300059SZ,2025-02-06,0.02220492623746395,0.029984744
300122SZ,2025-02-06,0.004069275222718716,0.014710997
300124SZ,2025-02-06,0.04634400084614754,0.09502275
300274SZ,2025-02-06,0.0007665017037652433,0.009838106
300308SZ,2025-02-06,-0.0023855373729020357,0.0275983
300316SZ,2025-02-06,0.03139577433466911,0.043541107
300347SZ,2025-02-06,0.01209681574255228,0.015229488
300394SZ,2025-02-06,0.0016597500070929527,0.025911508
300408SZ,2025-02-06,0.01176508516073227,0.026125656
300413SZ,2025-02-06,-0.008736543357372284,0.010905585
300418SZ,2025-02-06,-0.007219434715807438,-0.016451204
300433SZ,2025-02-06,0.025067711248993874,0.054484293
300450SZ,2025-02-06,0.03739505261182785,0.049547896
300498SZ,2025-02-06,-0.004799446556717157,0.0018571028
300502SZ,2025-02-06,0.035305704921483994,0.03957143
300628SZ,2025-02-06,0.0014868851285427809,0.00904958
300661SZ,2025-02-06,0.07440957427024841,0.047924813
300750SZ,2025-02-06,-0.0019304065499454737,0.0038795026
300759SZ,2025-02-06,0.023843806236982346,0.03046175
300760SZ,2025-02-06,0.008624617010354996,0.013422147
300782SZ,2025-02-06,0.02931121736764908,0.047825273
600000SS,2025-02-06,-0.0016620871610939503,0.0019194505
600010SS,2025-02-06,0.02252718061208725,0.032600097
600011SS,2025-02-06,-0.01774393767118454,-0.009216369
600015SS,2025-02-06,-0.010735766030848026,-0.0040567215
600016SS,2025-02-06,-0.0037735842633992434,0.0
600018SS,2025-02-06,0.002730673411861062,0.007017493
600019SS,2025-02-06,-0.013997094705700874,-0.0029806078
600023SS,2025-02-06,0.0013247441966086626,0.007547055
600025SS,2025-02-06,-0.002421193290501833,0.004454304
600026SS,2025-02-06,-0.017069892957806587,-0.011768897
600028SS,2025-02-06,-0.011415364220738411,0.0115603125
600029SS,2025-02-06,-0.01477354858070612,0.0017080001
600031SS,2025-02-06,-0.00994117371737957,-0.0031675638
600036SS,2025-02-06,-0.012843646109104156,0.0049874955
600048SS,2025-02-06,0.0011115664383396506,0.0072639077
600050SS,2025-02-06,0.032295189797878265,0.027662722
600061SS,2025-02-06,0.010985501110553741,0.01680556
600085SS,2025-02-06,0.013526498340070248,0.024883633
600089SS,2025-02-06,0.0014604893513023853,0.004991647
600104SS,2025-02-06,-0.011207872070372105,-0.0041139955
600111SS,2025-02-06,0.059746500104665756,0.079342015
600115SS,2025-02-06,-0.0033833340276032686,-0.005304982
600161SS,2025-02-06,-0.013903326354920864,-0.009926524
600183SS,2025-02-06,0.008359327912330627,0.03188924
600188SS,2025-02-06,-0.010704283602535725,-0.003009782
600196SS,2025-02-06,0.006670832633972168,0.014899828
600219SS,2025-02-06,-0.015653546899557114,-0.004987516
600233SS,2025-02-06,0.005724908784031868,0.0059214896
600276SS,2025-02-06,0.0044028921984136105,0.007921186
600309SS,2025-02-06,-0.017825279384851456,-0.009046936
600332SS,2025-02-06,0.0021478887647390366,0.0036968547
600346SS,2025-02-06,-0.01509037520736456,-0.0060220594
600362SS,2025-02-06,0.012441873550415039,0.013707635
600377SS,2025-02-06,-0.010014122352004051,-0.0007010173
600406SS,2025-02-06,-0.0007028996478766203,0.006962449
600415SS,2025-02-06,-0.0111446063965559,-0.0054665394
600426SS,2025-02-06,-0.018921630457043648,-0.01017166
600436SS,2025-02-06,0.011503437533974648,0.011761771
600438SS,2025-02-06,0.004203295800834894,0.024000399
600489SS,2025-02-06,0.00823900755494833,-0.0058138906
600519SS,2025-02-06,0.0002988820197060704,0.006418833
600570SS,2025-02-06,0.036003343760967255,0.044135757
600585SS,2025-02-06,-0.016713282093405724,0.0025253515
600588SS,2025-02-06,0.057498134672641754,0.036797374
600600SS,2025-02-06,-0.002817207481712103,0.009876584
600660SS,2025-02-06,-0.02922809310257435,-0.012716679
600674SS,2025-02-06,0.0021737872157245874,0.010886602
600741SS,2025-02-06,0.007686296943575144,0.025236372
600760SS,2025-02-06,0.013247380033135414,0.028764905
600795SS,2025-02-06,-0.002004810143262148,0.0072375177
600809SS,2025-02-06,-0.0001295605907216668,0.009847903
600875SS,2025-02-06,0.005327847320586443,0.009465648
600886SS,2025-02-06,-0.006840022746473551,0.002108968
600887SS,2025-02-06,-0.0015520192682743073,0.0074210507
600926SS,2025-02-06,0.019655341282486916,0.012946698
600989SS,2025-02-06,-0.026192383840680122,-0.022806244
601006SS,2025-02-06,-0.0011403082171455026,0.0076744626
601009SS,2025-02-06,-0.010412357747554779,-0.0018904163
601012SS,2025-02-06,0.014841717667877674,0.0229403
601021SS,2025-02-06,-0.008103671483695507,0.0048275916
601058SS,2025-02-06,-0.0032427164260298014,0.0027027463
601066SS,2025-02-06,0.009183106012642384,0.017844588
601088SS,2025-02-06,-0.002048708964139223,0.00334322
601100SS,2025-02-06,0.007379008457064629,0.057567947
601117SS,2025-02-06,0.0019999316427856684,0.0067887753
601138SS,2025-02-06,0.017039235681295395,0.023712011
601166SS,2025-02-06,0.0023701211903244257,0.0054496233
601169SS,2025-02-06,-0.008643528446555138,-0.001690682
601186SS,2025-02-06,-7.761758752167225e-06,0.00355658
601225SS,2025-02-06,-0.011876222677528858,-0.00047927655
601229SS,2025-02-06,-0.008266097865998745,-0.0010933887
601238SS,2025-02-06,0.013132372871041298,0.029141769
601288SS,2025-02-06,-0.01403738558292389,-0.0019822058
601318SS,2025-02-06,0.008050664328038692,0.010602883
601319SS,2025-02-06,0.005685967858880758,0.0057719294
601328SS,2025-02-06,-0.009260718710720539,-0.0013956616
601336SS,2025-02-06,0.0060168602503836155,0.016279707
601360SS,2025-02-06,0.05819883197546005,0.076296695
601390SS,2025-02-06,0.004418051801621914,0.010256082
601398SS,2025-02-06,-0.0036477872636169195,0.0
601600SS,2025-02-06,-0.01809249445796013,-0.024528284
601601SS,2025-02-06,0.0042852964252233505,0.008545527
601607SS,2025-02-06,-0.0196671299636364,-0.01612402
601618SS,2025-02-06,0.004588778130710125,0.009692799
601628SS,2025-02-06,0.007269216235727072,0.015074533
601633SS,2025-02-06,0.023849153891205788,0.020541696
601658SS,2025-02-06,-0.00792887806892395,-0.0018958504
601668SS,2025-02-06,-0.009834553115069866,0.003623216
601669SS,2025-02-06,0.006542991381138563,0.009930166
601688SS,2025-02-06,0.0086713507771492,0.009961677
601689SS,2025-02-06,0.04511241614818573,0.09496959
601698SS,2025-02-06,0.02792549692094326,0.060698453
601699SS,2025-02-06,-0.0018907964695245028,0.014410768
601766SS,2025-02-06,0.002362587722018361,0.0054421546
601788SS,2025-02-06,0.010251096449792385,0.016757043
601799SS,2025-02-06,0.0243020448833704,0.031212935
601800SS,2025-02-06,-0.00210821651853621,0.007514757
601808SS,2025-02-06,-0.001443634508177638,0.011735854
601816SS,2025-02-06,-0.010567871853709221,0.0
601818SS,2025-02-06,-0.010417887941002846,-0.0026489918
601838SS,2025-02-06,-0.02040415070950985,-0.0107652405
601857SS,2025-02-06,-0.004836543463170528,0.006116168
601865SS,2025-02-06,0.008596645668148994,0.032208472
601872SS,2025-02-06,-0.023952124640345573,-0.031465717
601877SS,2025-02-06,-0.012694526463747025,-0.002779103
601878SS,2025-02-06,0.007347996346652508,0.014736952
601881SS,2025-02-06,0.007931677624583244,0.01200947
601888SS,2025-02-06,0.0020961209665983915,0.012048686
601899SS,2025-02-06,-0.021604100242257118,-0.009761788
601901SS,2025-02-06,0.010274478234350681,0.016506799
601919SS,2025-02-06,-0.00173198152333498,0.0042492086
601939SS,2025-02-06,-0.014310519210994244,-0.004784651
601985SS,2025-02-06,-3.7120538763701916e-05,0.008230273
601988SS,2025-02-06,-0.017301196232438087,-0.0037665106
601998SS,2025-02-06,0.0016326779732480645,-0.0015279385
603019SS,2025-02-06,0.015977177768945694,0.012404741
603195SS,2025-02-06,0.0019101399229839444,0.0024016795
603259SS,2025-02-06,0.035213589668273926,0.036115885
603260SS,2025-02-06,0.005073089152574539,0.014756565
603288SS,2025-02-06,0.000926587323192507,0.011778851
603369SS,2025-02-06,-0.0005759390187449753,0.0029664019
603501SS,2025-02-06,0.024115094915032387,0.026407512
603659SS,2025-02-06,0.010372988879680634,0.025585033
603799SS,2025-02-06,0.01637738198041916,0.020355016
603806SS,2025-02-06,0.011269452050328255,0.015682587
603833SS,2025-02-06,-0.021330246701836586,-0.0345764
603986SS,2025-02-06,0.046182915568351746,0.038249597
603993SS,2025-02-06,-0.0041153086349368095,0.0013841335
688008SS,2025-02-06,0.04216944798827171,0.027423311
688009SS,2025-02-06,0.00432577496394515,0.010471019
688012SS,2025-02-06,0.05370466038584709,0.05672186
688036SS,2025-02-06,0.0055811433121562,0.008243986
688111SS,2025-02-06,-0.018722284585237503,-0.012499293
688169SS,2025-02-06,0.034815821796655655,0.04888961
688396SS,2025-02-06,0.027273600921034813,0.029811934
000001SZ,2025-02-07,0.002737807808443904,0.001759052
000002SZ,2025-02-07,0.04079168289899826,0.055359144
000157SZ,2025-02-07,0.005318857729434967,0.011411962
000166SZ,2025-02-07,0.017447728663682938,0.017628463
000333SZ,2025-02-07,0.0022492955904453993,0.016058307
000338SZ,2025-02-07,-0.005505609791725874,0.0063986974
000538SZ,2025-02-07,-0.011031662113964558,-0.001042969
000568SZ,2025-02-07,0.009261274710297585,0.010881062
000596SZ,2025-02-07,-0.008399547077715397,0.009062338
000617SZ,2025-02-07,0.010909385979175568,0.017935775
000625SZ,2025-02-07,0.029726332053542137,0.028458627
000651SZ,2025-02-07,-0.0011393907479941845,0.010938598
000661SZ,2025-02-07,0.011954016983509064,0.0138759725
000708SZ,2025-02-07,0.010884562507271767,0.023302838
000725SZ,2025-02-07,-0.000535492436029017,0.0
000768SZ,2025-02-07,0.0015251163858920336,0.0019361075
000776SZ,2025-02-07,0.019754089415073395,0.017753858
000786SZ,2025-02-07,-0.009476386941969395,0.00510456
000800SZ,2025-02-07,-0.00023314199643209577,0.006199573
000807SZ,2025-02-07,0.009319051168859005,0.04028434
000858SZ,2025-02-07,0.009948206134140491,0.0136466175
000876SZ,2025-02-07,0.011338845826685429,0.011573627
000895SZ,2025-02-07,0.005407439544796944,0.007930057
000938SZ,2025-02-07,0.022805428132414818,0.030187225
000963SZ,2025-02-07,8.678081212565303e-05,-0.000573084
000999SZ,2025-02-07,0.017661362886428833,0.017570153
001965SZ,2025-02-07,-0.011640774086117744,-0.0048503513
002001SZ,2025-02-07,-0.0031934059225022793,0.0022376718
002007SZ,2025-02-07,0.003115093568339944,-0.0006135795
002027SZ,2025-02-07,0.0034168425481766462,0.003048765
002028SZ,2025-02-07,-0.010045742616057396,0.007325916
002050SZ,2025-02-07,-0.0037551005370914936,0.0028351771
002129SZ,2025-02-07,0.02896980382502079,0.038060088
002179SZ,2025-02-07,0.0108968336135149,0.017818248
002230SZ,2025-02-07,-0.014252620749175549,-0.00550957
002236SZ,2025-02-07,0.02026820369064808,0.014209975
002241SZ,2025-02-07,-0.013404850848019123,-0.00067936594
002271SZ,2025-02-07,0.019872818142175674,0.025478775
002304SZ,2025-02-07,0.007631308399140835,0.0061822766
002311SZ,2025-02-07,-0.013086579740047455,-0.015486966
002371SZ,2025-02-07,-0.008609753102064133,-0.009085368
002415SZ,2025-02-07,0.020876187831163406,0.016651796
002422SZ,2025-02-07,0.00486706243827939,0.003956091
002459SZ,2025-02-07,0.03417859598994255,0.05526413
002460SZ,2025-02-07,0.00910207536071539,0.012614145
002463SZ,2025-02-07,-0.0008392267627641559,0.028002732
002466SZ,2025-02-07,0.010493102483451366,0.01791459
002475SZ,2025-02-07,0.010444588027894497,0.024230093
002493SZ,2025-02-07,0.01432916522026062,0.02126227
002555SZ,2025-02-07,0.02366999350488186,0.009454549
002594SZ,2025-02-07,0.017896054312586784,0.049563628
002601SZ,2025-02-07,0.007145973388105631,0.013399686
002648SZ,2025-02-07,-0.007292306516319513,0.010983162
002709SZ,2025-02-07,0.03163633868098259,0.046701115
002714SZ,2025-02-07,-0.01141570508480072,0.0005433275
002916SZ,2025-02-07,-0.01990015059709549,-0.0094799865
002920SZ,2025-02-07,0.03481648862361908,0.064140886
002938SZ,2025-02-07,-0.010153798386454582,0.0022519447
003816SZ,2025-02-07,-0.01106086652725935,0.0026990608
300014SZ,2025-02-07,0.012807099148631096,0.026241006
300033SZ,2025-02-07,0.014388437382876873,0.033281855
300059SZ,2025-02-07,0.025101980194449425,0.024595048
300122SZ,2025-02-07,0.02279427833855152,0.029963246
300124SZ,2025-02-07,-0.007715362589806318,-0.005924445
300274SZ,2025-02-07,0.02647099457681179,0.039737526
300308SZ,2025-02-07,0.021520255133509636,0.064880274
300316SZ,2025-02-07,-0.0077165598049759865,0.011221512
300347SZ,2025-02-07,0.03281237185001373,0.028422853
300394SZ,2025-02-07,0.01165773719549179,0.048757106
300408SZ,2025-02-07,-0.016052044928073883,-0.024011211
300413SZ,2025-02-07,-0.009759383276104927,-0.0042076046
300418SZ,2025-02-07,0.005793711170554161,0.0030328396
300433SZ,2025-02-07,0.00021788099547848105,0.01281762
300450SZ,2025-02-07,0.001957689179107547,0.019262237
300498SZ,2025-02-07,0.004620373714715242,0.0018536522
300502SZ,2025-02-07,0.017280299216508865,0.061204165
300628SZ,2025-02-07,0.008395357988774776,0.021573437
300661SZ,2025-02-07,-0.016047513112425804,-0.00086159835
300750SZ,2025-02-07,0.015151826664805412,0.03179719
300759SZ,2025-02-07,0.007604710292071104,0.010334654
300760SZ,2025-02-07,0.036133091896772385,0.0455392
300782SZ,2025-02-07,0.008030084893107414,0.010845335
600000SS,2025-02-07,-0.014895819127559662,-0.008666192
600010SS,2025-02-07,0.00526671065017581,0.010638028
600011SS,2025-02-07,0.002943567931652069,0.0015419737
600015SS,2025-02-07,-0.012705603614449501,-0.005434717
600016SS,2025-02-07,-0.011652994900941849,0.004878009
600018SS,2025-02-07,0.002944082487374544,0.003490415
600019SS,2025-02-07,0.01905776374042034,0.036617782
600023SS,2025-02-07,-0.004023346118628979,0.0018779255
600025SS,2025-02-07,-0.012350630946457386,-0.005571002
600026SS,2025-02-07,-0.0022524893283843994,0.0015772044
600028SS,2025-02-07,-0.009072396904230118,0.0032787041
600029SS,2025-02-07,0.004942580591887236,0.0051063388
600031SS,2025-02-07,0.04519958049058914,0.06084787
600036SS,2025-02-07,-0.010256900452077389,0.0
600048SS,2025-02-07,0.013342280872166157,0.019114124
600050SS,2025-02-07,0.016850119456648827,0.019303149
600061SS,2025-02-07,0.021836690604686737,0.017892582
600085SS,2025-02-07,-0.010542312636971474,-0.0036678575
600089SS,2025-02-07,0.027664776891469955,0.029429436
600104SS,2025-02-07,0.021751748397946358,0.061033577
600111SS,2025-02-07,-0.009956560097634792,-0.013324117
600115SS,2025-02-07,0.0023738492745906115,0.007946849
600161SS,2025-02-07,0.001676528831012547,-0.008108621
600183SS,2025-02-07,-0.0012738825753331184,0.040294856
600188SS,2025-02-07,0.009182564914226532,0.01198462
600196SS,2025-02-07,0.008210429921746254,0.009811667
600219SS,2025-02-07,0.022329820320010185,0.029550169
600233SS,2025-02-07,0.0065332455560564995,0.0095480615
600276SS,2025-02-07,0.019747307524085045,0.020745145
600309SS,2025-02-07,0.025294862687587738,0.024861787
600332SS,2025-02-07,0.0006312188925221562,0.0011063648
600346SS,2025-02-07,0.0030637390445917845,0.0060220924
600362SS,2025-02-07,0.02235812321305275,0.01768127
600377SS,2025-02-07,-0.01915244199335575,-0.0035124498
600406SS,2025-02-07,0.00455165421590209,0.003030938
600415SS,2025-02-07,0.014476322568953037,0.027793875
600426SS,2025-02-07,0.022108441218733788,0.028311936
600436SS,2025-02-07,-0.009686915203928947,-0.00048535914
600438SS,2025-02-07,0.03629394248127937,0.07565593
600489SS,2025-02-07,-0.004619923420250416,-0.0021890467
600519SS,2025-02-07,0.013850190676748753,0.016258249
600570SS,2025-02-07,0.029691487550735474,0.05727135
600585SS,2025-02-07,0.0034660440869629383,0.007120232
600588SS,2025-02-07,-0.024543609470129013,0.095384374
600600SS,2025-02-07,-0.003659238340333104,0.009925327
600660SS,2025-02-07,-0.01813928596675396,-0.0015370123
600674SS,2025-02-07,-0.012488061562180519,-0.004468546
600741SS,2025-02-07,0.04048451781272888,0.062600255
600760SS,2025-02-07,-0.010673750191926956,-0.00020863803
600795SS,2025-02-07,0.005101446527987719,0.004796154
600809SS,2025-02-07,0.01022510789334774,0.01482174
600875SS,2025-02-07,0.0031876820139586926,0.0060382066
600886SS,2025-02-07,-0.00010478199692443013,0.00070201536
600887SS,2025-02-07,0.0018968984950333834,0.009565653
600926SS,2025-02-07,-0.01762167178094387,-0.0047506345
600989SS,2025-02-07,-0.013696271926164627,0.0006069486
601006SS,2025-02-07,0.002101563150063157,0.009132264
601009SS,2025-02-07,-0.01217103935778141,-0.0018938798
601012SS,2025-02-07,0.048488419502973557,0.050504643
601021SS,2025-02-07,-0.013776634819805622,-0.0023143187
601058SS,2025-02-07,0.004665753338485956,0.020038083
601066SS,2025-02-07,0.01511768251657486,0.019550098
601088SS,2025-02-07,-0.010766054503619671,-0.0015416687
601100SS,2025-02-07,-0.012079942971467972,-0.015156335
601117SS,2025-02-07,0.00903345737606287,0.009427391
601138SS,2025-02-07,0.021610816940665245,0.050883036
601166SS,2025-02-07,-0.014386353082954884,-0.0059463894
601169SS,2025-02-07,-0.020814398303627968,-0.0067910706
601186SS,2025-02-07,0.013114816509187222,0.0117643615
601225SS,2025-02-07,0.002653874922543764,0.019461751
601229SS,2025-02-07,-0.011058004572987556,0.003276803
601238SS,2025-02-07,0.008321980945765972,0.009895349
601288SS,2025-02-07,-0.018280766904354095,-0.003976112
601318SS,2025-02-07,0.009348218329250813,0.012458774
601319SS,2025-02-07,0.008534007705748081,0.008595873
601328SS,2025-02-07,-0.013992417603731155,-0.005602229
601336SS,2025-02-07,0.007587086874991655,0.013125872
601360SS,2025-02-07,-0.010765120387077332,0.0015162638
601390SS,2025-02-07,0.011836654506623745,0.008467166
601398SS,2025-02-07,-0.01203045342117548,0.0
601600SS,2025-02-07,0.009581657126545906,0.021975424
601601SS,2025-02-07,0.013266554102301598,0.021509534
601607SS,2025-02-07,0.0025202357210218906,0.0004924515
601618SS,2025-02-07,0.008783500641584396,0.009599891
601628SS,2025-02-07,0.006579636130481958,0.010172194
601633SS,2025-02-07,0.020926112309098244,0.030230673
601658SS,2025-02-07,-0.011503131128847599,-0.0038022886
601668SS,2025-02-07,-0.010807749815285206,0.0018066508
601669SS,2025-02-07,0.009263994172215462,0.01178745
601688SS,2025-02-07,0.01564350351691246,0.019056836
601689SS,2025-02-07,-0.0034691377077251673,-0.020546779
601698SS,2025-02-07,-0.008785070851445198,-0.003334221
601699SS,2025-02-07,0.0032648295164108276,0.009493396
601766SS,2025-02-07,0.009103293530642986,0.012137123
601788SS,2025-02-07,0.009993273764848709,0.01873234
601799SS,2025-02-07,-0.010430097579956055,0.0061293193
601800SS,2025-02-07,0.024697236716747284,0.019065956
601808SS,2025-02-07,-0.004606305621564388,0.00615799
601816SS,2025-02-07,0.007009753491729498,0.008888798
601818SS,2025-02-07,-0.011913016438484192,-0.005319123
601838SS,2025-02-07,-0.018324172124266624,-0.0048221424
601857SS,2025-02-07,-0.010210096836090088,0.007290297
601865SS,2025-02-07,0.031267762184143066,0.081447765
601872SS,2025-02-07,0.0012866018805652857,0.015860552
601877SS,2025-02-07,0.011672868393361568,0.02110828
601878SS,2025-02-07,0.01839624159038067,0.01621756
601881SS,2025-02-07,0.01753934659063816,0.016021246
601888SS,2025-02-07,0.00916397012770176,0.011256634
601899SS,2025-02-07,0.010074007324874401,0.01882625
601901SS,2025-02-07,0.018862422555685043,0.019948144
601919SS,2025-02-07,0.026385337114334106,0.031296734
601939SS,2025-02-07,-0.01865086331963539,-0.0048076487
601985SS,2025-02-07,-0.0030225850641727448,0.0030689687
601988SS,2025-02-07,-0.018326113000512123,-0.00378069
601998SS,2025-02-07,-0.012778387404978275,-0.0045976345
603019SS,2025-02-07,0.03192529454827309,0.027288513
603195SS,2025-02-07,0.008338934741914272,0.007590591
603259SS,2025-02-07,-0.010880807414650917,0.0020650716
603260SS,2025-02-07,0.01189031545072794,0.021355234
603288SS,2025-02-07,0.014757675118744373,0.020760551
603369SS,2025-02-07,0.017047211527824402,0.0142511
603501SS,2025-02-07,0.011601340025663376,0.03077523
603659SS,2025-02-07,0.03570004925131798,0.053037014
603799SS,2025-02-07,0.013672517612576485,0.011822199
603806SS,2025-02-07,0.030653156340122223,0.043658882
603833SS,2025-02-07,0.008718728087842464,0.021241972
603986SS,2025-02-07,-0.01524230558425188,-0.014827866
603993SS,2025-02-07,0.0061159031465649605,0.008264321
688008SS,2025-02-07,-0.00020400300854817033,0.014197402
688009SS,2025-02-07,0.004601341672241688,0.006920306
688012SS,2025-02-07,-0.009378558024764061,-0.0017151616
688036SS,2025-02-07,-0.012568123638629913,-0.013091992
688111SS,2025-02-07,-0.008611436001956463,0.01988016
688169SS,2025-02-07,-0.008902046829462051,0.009622676
688396SS,2025-02-07,-0.0072646066546440125,0.008901912
000001SZ,2025-02-10,0.010713489726185799,0.0043840446
000002SZ,2025-02-10,-0.014049442484974861,0.0
000157SZ,2025-02-10,0.007094741798937321,0.0056576706
000166SZ,2025-02-10,0.011972685344517231,0.005808196
000333SZ,2025-02-10,-0.013700303621590137,-0.005872284
000338SZ,2025-02-10,-0.01133845653384924,-0.001418403
000538SZ,2025-02-10,-0.01688152737915516,-0.003833401
000568SZ,2025-02-10,0.005393132101744413,0.0018165272
000596SZ,2025-02-10,-0.004013278055936098,0.0064415736
000617SZ,2025-02-10,0.015175960958003998,0.013244439
000625SZ,2025-02-10,0.028272930532693863,0.046151523
000651SZ,2025-02-10,-0.001480152946896851,-0.0054544336
000661SZ,2025-02-10,0.013609749265015125,0.004032911
000708SZ,2025-02-10,0.006430887617170811,0.0008528169
000725SZ,2025-02-10,-0.016933944076299667,-0.0066297217
000768SZ,2025-02-10,0.0044912719167768955,-0.0011612355
000776SZ,2025-02-10,0.0049189915880560875,-0.0012578521
000786SZ,2025-02-10,-0.012562301941215992,-0.0020387052
000800SZ,2025-02-10,0.051458168774843216,0.026824513
000807SZ,2025-02-10,-0.00682144844904542,-0.008883425
000858SZ,2025-02-10,0.005244488827884197,-0.00078381
000876SZ,2025-02-10,0.014403692446649075,0.008022886
000895SZ,2025-02-10,-0.01743048056960106,-0.010720361
000938SZ,2025-02-10,0.014758294448256493,0.009164392
000963SZ,2025-02-10,-0.01720309443771839,-0.005172388
000999SZ,2025-02-10,-0.02872755564749241,-0.021667864
001965SZ,2025-02-10,-0.011601418256759644,-0.009771719
002001SZ,2025-02-10,-0.014140555635094643,-0.008529612
002007SZ,2025-02-10,0.019745130091905594,0.018849054
002027SZ,2025-02-10,0.013120071031153202,0.010597694
002028SZ,2025-02-10,-0.015495200641453266,-0.011591504
002050SZ,2025-02-10,-0.014688623137772083,-0.03396657
002129SZ,2025-02-10,-0.014041826128959656,-0.002200277
002179SZ,2025-02-10,0.005278892815113068,-0.0007795151
002230SZ,2025-02-10,0.010351906530559063,0.013535153
002236SZ,2025-02-10,-0.01583566516637802,0.006116168
002241SZ,2025-02-10,-0.020339583978056908,-0.0054513775
002271SZ,2025-02-10,0.009300035424530506,0.0048583173
002304SZ,2025-02-10,-0.01555833499878645,-0.0038594287
002311SZ,2025-02-10,-0.014777304604649544,-0.004380001
002371SZ,2025-02-10,-0.009707641787827015,-0.0039332667
002415SZ,2025-02-10,0.010100183077156544,0.005490051
002422SZ,2025-02-10,0.01654881238937378,0.019194787
002459SZ,2025-02-10,-0.019450727850198746,-0.024287904
002460SZ,2025-02-10,0.01665673218667507,0.021975424
002463SZ,2025-02-10,-0.014456485398113728,0.002299163
002466SZ,2025-02-10,0.011718321591615677,0.014841585
002475SZ,2025-02-10,-0.014725674875080585,0.0014074659
002493SZ,2025-02-10,0.002658962504938245,-0.0011079481
002555SZ,2025-02-10,0.021757494658231735,0.011228702
002594SZ,2025-02-10,0.011860618367791176,0.009831969
002601SZ,2025-02-10,-0.0151374451816082,-0.002221065
002648SZ,2025-02-10,-0.012664781883358955,-0.0024856746
002709SZ,2025-02-10,-0.027445737272500992,-0.013639178
002714SZ,2025-02-10,-0.016124302521348,-0.006539368
002916SZ,2025-02-10,0.03809966519474983,0.05051719
002920SZ,2025-02-10,-0.03414623811841011,-0.027159391
002938SZ,2025-02-10,0.027279485017061234,0.05677788
003816SZ,2025-02-10,-0.01445180643349886,-0.008118956
300014SZ,2025-02-10,-0.024636758491396904,-0.03551554
300033SZ,2025-02-10,0.014764189720153809,0.014140057
300059SZ,2025-02-10,0.005884354468435049,0.002468155
300122SZ,2025-02-10,0.01422865130007267,0.01601151
300124SZ,2025-02-10,0.005345948506146669,-0.010489246
300274SZ,2025-02-10,-0.025803077965974808,-0.030976014
300308SZ,2025-02-10,0.012292016297578812,0.026002977
300316SZ,2025-02-10,-0.0101985028013587,-0.005595097
300347SZ,2025-02-10,0.057161469012498856,0.05540333
300394SZ,2025-02-10,0.006231732200831175,0.015821489
300408SZ,2025-02-10,0.013324487954378128,0.012862099
300413SZ,2025-02-10,0.0068194991908967495,0.0010536121
300418SZ,2025-02-10,0.025984736159443855,0.008119491
300433SZ,2025-02-10,0.009403797797858715,0.0065287407
300450SZ,2025-02-10,0.011925418861210346,0.0043934206
300498SZ,2025-02-10,-0.012997894547879696,-0.0030912706
300502SZ,2025-02-10,-0.0015444107120856643,0.010265167
300628SZ,2025-02-10,-0.015651818364858627,-0.019916
300661SZ,2025-02-10,-0.015994995832443237,-0.018594455
300750SZ,2025-02-10,-0.01431194692850113,-0.010889892
300759SZ,2025-02-10,0.02741532400250435,0.019232664
300760SZ,2025-02-10,0.007948167622089386,0.011320985
300782SZ,2025-02-10,0.011965211480855942,0.0063805757
600000SS,2025-02-10,-0.012555223889648914,-0.006792691
600010SS,2025-02-10,0.006418878678232431,0.0
600011SS,2025-02-10,-0.015340588055551052,-0.007733815
600015SS,2025-02-10,-0.013748759403824806,-0.0013633711
600016SS,2025-02-10,0.01327866967767477,0.009685009
600018SS,2025-02-10,0.011378904804587364,0.003478298
600019SS,2025-02-10,-0.012573027983307838,-0.0072200987
600023SS,2025-02-10,-0.015095127746462822,-0.005644306
600025SS,2025-02-10,-0.01305956020951271,-0.0022370748
600026SS,2025-02-10,-0.010612894780933857,-0.0015772483
600028SS,2025-02-10,0.0007237113895826042,0.0
600029SS,2025-02-10,0.01074527483433485,0.010134908
600031SS,2025-02-10,-0.015106636099517345,0.01422572
600036SS,2025-02-10,0.01563401147723198,0.009900661
600048SS,2025-02-10,0.0072190468199551105,0.0023640993
600050SS,2025-02-10,0.04541745036840439,0.043010928
600061SS,2025-02-10,0.00929673295468092,0.004084437
600085SS,2025-02-10,-0.010832568630576134,-0.006318977
600089SS,2025-02-10,-0.014725334011018276,-0.005656474
600104SS,2025-02-10,0.003110157325863838,0.0071763317
600111SS,2025-02-10,0.006713977083563805,0.006469643
600115SS,2025-02-10,0.011779775843024254,0.015705816
600161SS,2025-02-10,0.005682244896888733,-0.0019174685
600183SS,2025-02-10,-0.01052109431475401,-0.00034666108
600188SS,2025-02-10,-0.01699044182896614,-0.0067238635
600196SS,2025-02-10,0.048512160778045654,0.033983372
600219SS,2025-02-10,-0.015535091049969196,-0.00975583
600233SS,2025-02-10,0.005410598590970039,-0.00073125854
600276SS,2025-02-10,-0.017620163038372993,-0.009093728
600309SS,2025-02-10,0.03629620373249054,0.03553237
600332SS,2025-02-10,0.012738491408526897,0.0036791582
600346SS,2025-02-10,0.03628307953476906,0.028274534
600362SS,2025-02-10,0.008259694091975689,0.0041427277
600377SS,2025-02-10,-0.013397332280874252,-0.009900762
600406SS,2025-02-10,0.010824893601238728,0.0038835402
600415SS,2025-02-10,0.01388944685459137,0.01885911
600426SS,2025-02-10,0.0024789876770228148,-0.0014207308
600436SS,2025-02-10,0.011862179264426231,0.004600978
600438SS,2025-02-10,-0.022626955062150955,-0.027636254
600489SS,2025-02-10,0.04309844225645065,0.01952801
600519SS,2025-02-10,-0.014898471534252167,-0.0031316287
600570SS,2025-02-10,0.015563027933239937,0.02002757
600585SS,2025-02-10,0.006107938941568136,0.0041649267
600588SS,2025-02-10,0.054631225764751434,0.064903304
600600SS,2025-02-10,0.004361583385616541,0.0073799924
600660SS,2025-02-10,-0.009728755801916122,-0.0027383405
600674SS,2025-02-10,-0.016247419640421867,-0.007062463
600741SS,2025-02-10,0.010132484138011932,0.010534713
600760SS,2025-02-10,0.01203791331499815,0.004993782
600795SS,2025-02-10,-0.013199236243963242,-0.0047961497
600809SS,2025-02-10,0.01320586632937193,0.013698701
600875SS,2025-02-10,0.006849352270364761,0.0040053655
600886SS,2025-02-10,-0.012190074659883976,-0.0063357716
600887SS,2025-02-10,-0.01375015638768673,-0.0066127423
600926SS,2025-02-10,-0.0006795996450819075,-0.0027247733
600989SS,2025-02-10,-0.009722325950860977,0.0024242748
601006SS,2025-02-10,0.004819666501134634,-0.0030348916
601009SS,2025-02-10,-0.0178533885627985,-0.0047505745
601012SS,2025-02-10,-0.02429705113172531,-0.012398703
601021SS,2025-02-10,0.005227086134254932,0.0046232855
601058SS,2025-02-10,0.029836764559149742,0.028034931
601066SS,2025-02-10,0.007052872329950333,0.0032219077
601088SS,2025-02-10,-0.013904978521168232,-0.0077437856
601100SS,2025-02-10,0.011404355987906456,-0.014928997
601117SS,2025-02-10,0.008285188116133213,0.00133961
601138SS,2025-02-10,-0.011892762966454029,0.00785756
601166SS,2025-02-10,0.020809298381209373,0.011366002
601169SS,2025-02-10,-0.009952951222658157,0.0
601186SS,2025-02-10,0.011251810938119888,0.002336389
601225SS,2025-02-10,-0.008014592342078686,-0.0032964263
601229SS,2025-02-10,-0.014071062207221985,-0.007662702
601238SS,2025-02-10,-0.017810476943850517,0.014122078
601288SS,2025-02-10,-0.009546724148094654,0.0
601318SS,2025-02-10,0.005963572300970554,0.0003929558
601319SS,2025-02-10,0.0053516230545938015,0.0
601328SS,2025-02-10,0.007051912602037191,0.0
601336SS,2025-02-10,-0.012299067340791225,-0.0026945916
601360SS,2025-02-10,0.054969336837530136,0.062324736
601390SS,2025-02-10,0.012687246315181255,0.0050462075
601398SS,2025-02-10,-0.01055521797388792,-0.0029939993
601600SS,2025-02-10,0.017425907775759697,0.007643233
601601SS,2025-02-10,-0.008212137036025524,-0.0015433998
601607SS,2025-02-10,-0.015473023988306522,-0.0074127642
601618SS,2025-02-10,0.012514853850007057,0.0031796051
601628SS,2025-02-10,-0.012049000710248947,-0.005445444
601633SS,2025-02-10,-0.012434056960046291,-0.0015485934
601658SS,2025-02-10,0.009118001908063889,0.0
601668SS,2025-02-10,-0.013431297615170479,-0.0018066365
601669SS,2025-02-10,0.011151508428156376,0.0038986206
601688SS,2025-02-10,0.007395653054118156,-0.0011448254
601689SS,2025-02-10,-0.004588411655277014,-0.04637616
601698SS,2025-02-10,0.021855203434824944,0.025896303
601699SS,2025-02-10,0.0014432171592488885,0.0015736339
601766SS,2025-02-10,0.009973319247364998,0.0026774232
601788SS,2025-02-10,0.009560329839587212,0.002247187
601799SS,2025-02-10,-0.017113106325268745,-0.011476474
601800SS,2025-02-10,0.012147153727710247,0.0052328757
601808SS,2025-02-10,0.013209766708314419,-0.0006823482
601816SS,2025-02-10,0.00635809451341629,0.0017683341
601818SS,2025-02-10,-0.01453465223312378,0.0
601838SS,2025-02-10,-0.014478430151939392,-0.0054528755
601857SS,2025-02-10,-0.0016407944494858384,-0.0036386645
601865SS,2025-02-10,0.005152282305061817,-0.006981494
601872SS,2025-02-10,-0.009996176697313786,-0.0014315944
601877SS,2025-02-10,-0.016201021149754524,-0.0095822755
601878SS,2025-02-10,0.0050344993360340595,0.0
601881SS,2025-02-10,-0.014086412265896797,0.0
601888SS,2025-02-10,0.011864234693348408,0.0066293995
601899SS,2025-02-10,0.021529214456677437,0.014928947
601901SS,2025-02-10,0.007262511644512415,0.0024660148
601919SS,2025-02-10,-0.019939253106713295,-0.015877519
601939SS,2025-02-10,-0.011400767602026463,0.0
601985SS,2025-02-10,0.00471383286640048,-0.0010219665
601988SS,2025-02-10,-0.011648735962808132,-0.0018957311
601998SS,2025-02-10,-0.010042399168014526,-0.0061633405
603019SS,2025-02-10,-0.012065481394529343,0.01966426
603195SS,2025-02-10,0.007997354492545128,0.009476983
603259SS,2025-02-10,0.007853535003960133,0.0073648468
603260SS,2025-02-10,0.012805299833416939,0.011256634
603288SS,2025-02-10,0.0030183056369423866,-0.002152848
603369SS,2025-02-10,-0.023816164582967758,-0.016531533
603501SS,2025-02-10,0.009187902323901653,0.010533179
603659SS,2025-02-10,-0.0159932691603899,-0.0107762655
603799SS,2025-02-10,0.003950484097003937,-0.010501833
603806SS,2025-02-10,-0.02005670964717865,-0.023587769
603833SS,2025-02-10,0.005210892762988806,0.0034711703
603986SS,2025-02-10,-0.016833677887916565,-0.028765175
603993SS,2025-02-10,0.04475288838148117,0.02705863
688008SS,2025-02-10,0.006312242709100246,0.003587226
688009SS,2025-02-10,0.010711572133004665,0.0051589953
688012SS,2025-02-10,0.007127499673515558,-0.005633757
688036SS,2025-02-10,-0.013770797289907932,0.0007475203
688111SS,2025-02-10,-0.01856648549437523,0.00958289
688169SS,2025-02-10,0.01321095135062933,0.008695021
688396SS,2025-02-10,-0.016252711415290833,-0.007200228
000001SZ,2025-02-11,0.0012495146365836263,-0.00087531935
000002SZ,2025-02-11,-0.02877974323928356,-0.024552949
000157SZ,2025-02-11,-0.007646229118108749,0.0
000166SZ,2025-02-11,-0.016323013231158257,-0.009699018
000333SZ,2025-02-11,0.008763638325035572,0.009406018
000338SZ,2025-02-11,0.026421893388032913,0.021759413
000538SZ,2025-02-11,-0.04558178037405014,-0.015835682
000568SZ,2025-02-11,-0.0273948572576046,-0.012434847
000596SZ,2025-02-11,-0.025678403675556183,-0.023863617
000617SZ,2025-02-11,-0.015468394383788109,-0.010286302
000625SZ,2025-02-11,-0.018502136692404747,-0.035882182
000651SZ,2025-02-11,-0.015498139895498753,-0.0050262725
000661SZ,2025-02-11,-0.016145704314112663,-0.01266954
000708SZ,2025-02-11,0.0013977769995108247,0.005949811
000725SZ,2025-02-11,-0.010749665088951588,-0.0022198106
000768SZ,2025-02-11,-0.021436870098114014,-0.017186264
000776SZ,2025-02-11,-0.004413106013089418,-0.0044150227
000786SZ,2025-02-11,-0.0073324632830917835,0.0010199109
000800SZ,2025-02-11,-0.011893931776285172,-0.009673382
000807SZ,2025-02-11,-0.0055006141774356365,-0.0041728294
000858SZ,2025-02-11,-0.023584740236401558,-0.010007968
000876SZ,2025-02-11,-0.03422211855649948,-0.013792455
000895SZ,2025-02-11,-0.025191163644194603,-0.010433056
000938SZ,2025-02-11,0.0029245037585496902,0.0
000963SZ,2025-02-11,-0.006960438098758459,0.0
000999SZ,2025-02-11,0.033599723130464554,0.024120081
001965SZ,2025-02-11,0.012642953544855118,-0.0024580695
002001SZ,2025-02-11,0.01274271309375763,0.007635189
002007SZ,2025-02-11,-0.007079026661813259,-0.008469382
002027SZ,2025-02-11,0.010499932803213596,0.0060059777
002028SZ,2025-02-11,-0.008882049471139908,0.005426267
002050SZ,2025-02-11,0.0008880781242623925,-0.0070545403
002129SZ,2025-02-11,-0.01918664388358593,-0.020020302
002179SZ,2025-02-11,-0.014784514904022217,-0.009139439
002230SZ,2025-02-11,-0.004260536283254623,-0.020741228
002236SZ,2025-02-11,0.015525138936936855,0.022902457
002241SZ,2025-02-11,-0.02315753698348999,-0.005824862
002271SZ,2025-02-11,-0.02525760978460312,-0.01382617
002304SZ,2025-02-11,-0.019638007506728172,-0.0054284246
002311SZ,2025-02-11,0.012542789801955223,0.009776139
002371SZ,2025-02-11,-0.012082242406904697,-0.010647775
002415SZ,2025-02-11,0.009977180510759354,0.005460056
002422SZ,2025-02-11,-0.04089466109871864,-0.023149133
002459SZ,2025-02-11,-0.03027680516242981,-0.03949827
002460SZ,2025-02-11,-0.05153796821832657,-0.039200645
002463SZ,2025-02-11,0.0021263575181365013,0.010154613
002466SZ,2025-02-11,-0.03773961588740349,-0.03560264
002475SZ,2025-02-11,-0.015353563241660595,-0.010130479
002493SZ,2025-02-11,-0.007454743608832359,-0.0022198106
002555SZ,2025-02-11,0.014378150925040245,-0.0068471194
002594SZ,2025-02-11,0.018980057910084724,-0.0006969614
002601SZ,2025-02-11,-0.001940220594406128,0.00609579
002648SZ,2025-02-11,0.03841666877269745,0.046170376
002709SZ,2025-02-11,-0.02602309174835682,-0.034133874
002714SZ,2025-02-11,-0.026167424395680428,-0.0093378825
002916SZ,2025-02-11,0.03076179139316082,0.049927365
002920SZ,2025-02-11,-0.009997504763305187,-0.026653627
002938SZ,2025-02-11,-0.009944619610905647,0.0025940777
003816SZ,2025-02-11,-0.008985651656985283,-0.0027210678
300014SZ,2025-02-11,-0.015077769756317139,-0.018595487
300033SZ,2025-02-11,-0.007183882407844067,-0.0059956764
300059SZ,2025-02-11,-0.01847471483051777,-0.016568912
300122SZ,2025-02-11,-0.01898922026157379,-0.023913404
300124SZ,2025-02-11,0.005142142530530691,0.0027788307
300274SZ,2025-02-11,-0.019438592717051506,-0.018467717
300308SZ,2025-02-11,0.006773306056857109,0.007923552
300316SZ,2025-02-11,-0.011853950098156929,-0.01729163
300347SZ,2025-02-11,-0.011382042430341244,-0.031195987
300394SZ,2025-02-11,0.011798068881034851,0.01985773
300408SZ,2025-02-11,-0.006671695038676262,0.0010427755
300413SZ,2025-02-11,0.018509481102228165,0.018085474
300418SZ,2025-02-11,0.021975761279463768,-0.04438052
300433SZ,2025-02-11,0.015599383972585201,0.022517283
300450SZ,2025-02-11,-0.0135982446372509,-0.018184796
300498SZ,2025-02-11,-0.02724546194076538,-0.014971097
300502SZ,2025-02-11,0.012750521302223206,0.0086044995
300628SZ,2025-02-11,-0.004923457745462656,0.002836128
300661SZ,2025-02-11,0.008219263516366482,-0.0057242694
300750SZ,2025-02-11,-0.02068581059575081,-0.026061224
300759SZ,2025-02-11,-0.036359403282403946,-0.03379856
300760SZ,2025-02-11,-0.0034649670124053955,-0.005446763
300782SZ,2025-02-11,-0.029601531103253365,-0.02323187
600000SS,2025-02-11,0.008199252188205719,0.0029168378
600010SS,2025-02-11,-0.026966208592057228,-0.015998974
600011SS,2025-02-11,-0.01919717900454998,-0.007794121
600015SS,2025-02-11,0.006653907243162394,0.00272474
600016SS,2025-02-11,-0.003117883810773492,0.0
600018SS,2025-02-11,0.008141917176544666,0.0
600019SS,2025-02-11,-0.005925820674747229,-0.0014503371
600023SS,2025-02-11,-0.01203932799398899,-0.0056764344
600025SS,2025-02-11,-0.03505977243185043,-0.013528087
600026SS,2025-02-11,0.00939338468015194,0.010207826
600028SS,2025-02-11,0.007351376116275787,0.0
600029SS,2025-02-11,-0.033031340688467026,-0.028979357
600031SS,2025-02-11,-0.006276322994381189,-0.0064953943
600036SS,2025-02-11,0.013389243744313717,0.009315799
600048SS,2025-02-11,-0.02948368340730667,-0.021477262
600050SS,2025-02-11,0.02901977114379406,0.0036562353
600061SS,2025-02-11,-0.01914769783616066,-0.009556102
600085SS,2025-02-11,-0.016151534393429756,-0.00822159
600089SS,2025-02-11,-0.008828271180391312,-0.010590372
600104SS,2025-02-11,0.02576558291912079,0.044613402
600111SS,2025-02-11,-0.0047148182056844234,-0.0069023916
600115SS,2025-02-11,-0.020109137520194054,-0.026311183
600161SS,2025-02-11,-0.022085869684815407,-0.010612296
600183SS,2025-02-11,0.00426120962947607,0.007255032
600188SS,2025-02-11,-0.018707584589719772,-0.0060149836
600196SS,2025-02-11,-0.0038508623838424683,-0.0074994126
600219SS,2025-02-11,-0.005103512667119503,-0.00737992
600233SS,2025-02-11,0.01035974733531475,0.0029218302
600276SS,2025-02-11,-0.022691046819090843,-0.015492534
600309SS,2025-02-11,0.00039403451955877244,-0.0019654238
600332SS,2025-02-11,-0.017877113074064255,-0.0051545943
600346SS,2025-02-11,0.001655603526160121,0.0038834214
600362SS,2025-02-11,0.02519192360341549,0.009144667
600377SS,2025-02-11,0.009868048131465912,0.0070821205
600406SS,2025-02-11,-0.01989653892815113,-0.0069143344
600415SS,2025-02-11,0.015800567343831062,0.011886629
600426SS,2025-02-11,0.020666779950261116,0.01130967
600436SS,2025-02-11,-0.04540974274277687,-0.017055273
600438SS,2025-02-11,-0.01747896708548069,-0.033546157
600489SS,2025-02-11,0.017528438940644264,0.004288736
600519SS,2025-02-11,-0.02509780041873455,-0.009482153
600570SS,2025-02-11,0.024226225912570953,0.014201985
600585SS,2025-02-11,-0.009551497176289558,-0.0016638747
600588SS,2025-02-11,0.01619550958275795,0.017625771
600600SS,2025-02-11,0.00917497556656599,-0.011163162
600660SS,2025-02-11,-0.023905590176582336,-0.01990281
600674SS,2025-02-11,0.01178651861846447,0.0057821227
600741SS,2025-02-11,-0.009246766567230225,-0.026825778
600760SS,2025-02-11,-0.02839643321931362,-0.020547204
600795SS,2025-02-11,-0.02152455598115921,-0.007237449
600809SS,2025-02-11,-0.01743096485733986,-0.007911319
600875SS,2025-02-11,-0.015117024071514606,-0.0066844416
600886SS,2025-02-11,0.005870865657925606,-0.002828833
600887SS,2025-02-11,0.005272496957331896,-0.0066566616
600926SS,2025-02-11,0.020045854151248932,0.006120315
600989SS,2025-02-11,0.01978582702577114,0.017400347
601006SS,2025-02-11,0.016290592029690742,0.012084132
601009SS,2025-02-11,0.02171337604522705,0.009478519
601012SS,2025-02-11,-0.031574271619319916,-0.02207238
601021SS,2025-02-11,-0.037789616733789444,-0.022543285
601058SS,2025-02-11,0.019032923504710197,0.009599773
601066SS,2025-02-11,-0.008900675922632217,-0.008885169
601088SS,2025-02-11,0.0065543558448553085,-0.0010371216
601100SS,2025-02-11,0.015003866516053677,0.01402148
601117SS,2025-02-11,-0.013078827410936356,-0.002680965
601138SS,2025-02-11,-0.00837099552154541,0.002299401
601166SS,2025-02-11,0.0026204679161310196,0.0
601169SS,2025-02-11,0.024133505299687386,0.013535741
601186SS,2025-02-11,-0.025231897830963135,-0.0070256093
601225SS,2025-02-11,0.00529102236032486,0.0
601229SS,2025-02-11,0.01508712861686945,0.009841175
601238SS,2025-02-11,-0.011965096928179264,-0.020706313
601288SS,2025-02-11,0.01769828423857689,0.017767673
601318SS,2025-02-11,-0.020347392186522484,-0.007493528
601319SS,2025-02-11,-0.011348680593073368,-0.008595916
601328SS,2025-02-11,0.011429310776293278,0.009783102
601336SS,2025-02-11,-0.020945370197296143,-0.018642958
601360SS,2025-02-11,0.0013723205775022507,-0.06686147
601390SS,2025-02-11,-0.02912793681025505,-0.008424483
601398SS,2025-02-11,0.02285430207848549,0.022235904
601600SS,2025-02-11,-0.0043676430359482765,-0.0038143746
601601SS,2025-02-11,-0.013555810786783695,-0.0071305926
601607SS,2025-02-11,0.007278202101588249,-0.00049615285
601618SS,2025-02-11,-0.012792940251529217,-0.003179642
601628SS,2025-02-11,-0.01588168554008007,-0.0134926895
601633SS,2025-02-11,-0.026772422716021538,-0.027488887
601658SS,2025-02-11,0.011338548734784126,0.0038023149
601668SS,2025-02-11,-0.023386282846331596,-0.0072595417
601669SS,2025-02-11,-0.016617441549897194,-0.009774908
601688SS,2025-02-11,0.020696256309747696,0.0034305416
601689SS,2025-02-11,0.004845451097935438,-0.0028657133
601698SS,2025-02-11,-0.0037136052269488573,-0.0027932685
601699SS,2025-02-11,0.0008412778261117637,-0.015846824
601766SS,2025-02-11,-0.02788652665913105,-0.010752349
601788SS,2025-02-11,-0.011263515800237656,-0.008452913
601799SS,2025-02-11,0.011575620621442795,0.008896595
601800SS,2025-02-11,-0.01670593023300171,-0.010492919
601808SS,2025-02-11,-0.0060196248814463615,0.0027266422
601816SS,2025-02-11,-0.04676985368132591,-0.019623386
601818SS,2025-02-11,-0.002974987495690584,0.0
601838SS,2025-02-11,0.013787588104605675,0.012676875
601857SS,2025-02-11,0.007946273311972618,0.0072639077
601865SS,2025-02-11,-0.0271067563444376,-0.041946184
601872SS,2025-02-11,0.02124549262225628,0.019856213
601877SS,2025-02-11,0.0007356433197855949,-0.0032146818
601878SS,2025-02-11,-0.017351171001791954,-0.0102125425
601881SS,2025-02-11,-0.016683168709278107,-0.013216865
601888SS,2025-02-11,-0.034505560994148254,-0.01755672
601899SS,2025-02-11,0.03128737211227417,0.024008194
601901SS,2025-02-11,-0.006024712696671486,-0.007416367
601919SS,2025-02-11,0.020063702017068863,0.01792957
601939SS,2025-02-11,0.04177350550889969,0.03432973
601985SS,2025-02-11,0.010971099138259888,0.006116168
601988SS,2025-02-11,0.02005835250020027,0.020655042
601998SS,2025-02-11,0.006322464440017939,0.0015444731
603019SS,2025-02-11,0.0006260651280172169,-0.02046401
603195SS,2025-02-11,-0.0011847661808133125,0.0015247148
603259SS,2025-02-11,-0.01626795157790184,-0.018773727
603260SS,2025-02-11,0.03250766918063164,0.032116566
603288SS,2025-02-11,-0.03413591906428337,-0.02276285
603369SS,2025-02-11,-0.022154051810503006,-0.0048071095
603501SS,2025-02-11,0.031905397772789,0.03860331
603659SS,2025-02-11,-0.028706155717372894,-0.031060409
603799SS,2025-02-11,-0.0191287100315094,-0.013284017
603806SS,2025-02-11,-0.02420230209827423,-0.026876865
603833SS,2025-02-11,-0.033484745770692825,-0.030373579
603986SS,2025-02-11,-0.004017718136310577,-0.0046904497
603993SS,2025-02-11,-0.008083962835371494,-0.00804277
688008SS,2025-02-11,-0.00613066041842103,-0.011496308
688009SS,2025-02-11,-0.026063410565257072,-0.012078895
688012SS,2025-02-11,-0.02426917478442192,-0.019809458
688036SS,2025-02-11,-0.018188927322626114,-0.038637497
688111SS,2025-02-11,0.0246964693069458,0.0013502054
688169SS,2025-02-11,-0.0033389173913747072,0.00033444533
688396SS,2025-02-11,-0.027678586542606354,-0.018445443
000001SZ,2025-02-12,-0.008428213186562061,0.0
000002SZ,2025-02-12,0.06373535841703415,0.09452484
000157SZ,2025-02-12,-0.017192602157592773,-0.0042402856
000166SZ,2025-02-12,0.015726972371339798,0.011627469
000333SZ,2025-02-12,-0.018881702795624733,-0.005714978
000338SZ,2025-02-12,0.024420231580734253,0.026040817
000538SZ,2025-02-12,0.032748255878686905,0.015835684
000568SZ,2025-02-12,0.0070655690506100655,0.014765138
000596SZ,2025-02-12,0.0005054163630120456,0.014285526
000617SZ,2025-02-12,0.01680469699203968,0.01756816
000625SZ,2025-02-12,0.008670410141348839,0.001460914
000651SZ,2025-02-12,-0.007882293313741684,0.0022877452
000661SZ,2025-02-12,0.007137211039662361,0.0032347406
000708SZ,2025-02-12,-0.012445700354874134,0.0
000725SZ,2025-02-12,0.008105389773845673,0.011049415
000768SZ,2025-02-12,-0.008477953262627125,0.007849163
000776SZ,2025-02-12,0.010746695101261139,0.010062574
000786SZ,2025-02-12,-0.013566951267421246,0.0030534
000800SZ,2025-02-12,-0.01609015464782715,0.0012143621
000807SZ,2025-02-12,-0.029216080904006958,-0.023568738
000858SZ,2025-02-12,0.007837731391191483,0.011339959
000876SZ,2025-02-12,0.01842481456696987,0.009216359
000895SZ,2025-02-12,0.0010292016668245196,0.008835158
000938SZ,2025-02-12,0.005799220874905586,0.024602022
000963SZ,2025-02-12,-0.02506178617477417,-0.008970981
000999SZ,2025-02-12,-0.01987100951373577,-0.00962488
001965SZ,2025-02-12,-0.014133712276816368,-0.019045876
002001SZ,2025-02-12,-0.012633693404495716,-0.0031368902
002007SZ,2025-02-12,-0.016240673139691353,-0.012224399
002027SZ,2025-02-12,-0.016726259142160416,-0.010533875
002028SZ,2025-02-12,-0.004810734651982784,0.0075732004
002050SZ,2025-02-12,-0.04224143549799919,-0.019959336
002129SZ,2025-02-12,-0.0057544466108083725,0.011172833
002179SZ,2025-02-12,-0.010120583698153496,0.0015728007
002230SZ,2025-02-12,0.003408004529774189,0.0033333588
002236SZ,2025-02-12,0.0007295134710147977,0.017718501
002241SZ,2025-02-12,-0.007087665144354105,0.016696684
002271SZ,2025-02-12,0.010366670787334442,0.015440044
002304SZ,2025-02-12,-0.004874239210039377,0.0031055715
002311SZ,2025-02-12,0.0027922415174543858,0.012342582
002371SZ,2025-02-12,0.04912295565009117,0.03179246
002415SZ,2025-02-12,-0.016227884218096733,-0.009978833
002422SZ,2025-02-12,-0.02216757833957672,-0.012692174
002459SZ,2025-02-12,-0.006898064631968737,0.009259112
002460SZ,2025-02-12,0.047451142221689224,0.048613816
002463SZ,2025-02-12,-0.00845326203852892,0.0025226166
002466SZ,2025-02-12,0.05378081649541855,0.07401779
002475SZ,2025-02-12,0.046965938061475754,0.048942722
002493SZ,2025-02-12,0.004469375126063824,0.011049415
002555SZ,2025-02-12,-0.01522400975227356,0.014262849
002594SZ,2025-02-12,0.06869882345199585,0.044869594
002601SZ,2025-02-12,-0.011468875221908092,0.0011043404
002648SZ,2025-02-12,-0.004942834377288818,0.0014247268
002709SZ,2025-02-12,0.042619477957487106,0.03159021
002714SZ,2025-02-12,-0.008450941182672977,0.0019296827
002916SZ,2025-02-12,0.015807945281267166,0.051398832
002920SZ,2025-02-12,0.03245026618242264,0.028956885
002938SZ,2025-02-12,-0.006760022137314081,-0.002830148
003816SZ,2025-02-12,-0.0036166475620120764,0.0027210545
300014SZ,2025-02-12,0.014154024422168732,0.023585415
300033SZ,2025-02-12,0.01047771330922842,0.019261535
300059SZ,2025-02-12,0.027978798374533653,0.024748707
300122SZ,2025-02-12,0.0067742313258349895,0.005540079
300124SZ,2025-02-12,-0.006582292728126049,-0.005124759
300274SZ,2025-02-12,-0.01445099152624607,0.00028248611
300308SZ,2025-02-12,-0.008536259643733501,0.0035810494
300316SZ,2025-02-12,-0.0007359752198681235,0.014170258
300347SZ,2025-02-12,0.007573092821985483,0.0056443946
300394SZ,2025-02-12,-0.017125682905316353,0.0033074575
300408SZ,2025-02-12,0.03069067746400833,0.023937937
300413SZ,2025-02-12,0.015263555571436882,0.013693293
300418SZ,2025-02-12,-0.006964734755456448,0.017002651
300433SZ,2025-02-12,-0.002245581243187189,0.029937586
300450SZ,2025-02-12,0.04009345918893814,0.035076905
300498SZ,2025-02-12,-0.00373008637689054,0.003764075
300502SZ,2025-02-12,-0.017335476353764534,-0.009128312
300628SZ,2025-02-12,0.000712938723154366,0.016384643
300661SZ,2025-02-12,0.06170956790447235,0.091654226
300750SZ,2025-02-12,-0.0012918461579829454,0.013803328
300759SZ,2025-02-12,-0.0033025327138602734,0.005779278
300760SZ,2025-02-12,-0.001228263950906694,-0.0013465398
300782SZ,2025-02-12,0.10355699807405472,0.14894444
600000SS,2025-02-12,0.0010853959247469902,0.010622579
600010SS,2025-02-12,-0.011986007913947105,-0.005390791
600011SS,2025-02-12,-0.010726595297455788,0.0
600015SS,2025-02-12,-0.009280752390623093,0.0013596101
600016SS,2025-02-12,-0.008140197023749352,0.0024066744
600018SS,2025-02-12,-0.016371510922908783,-0.0034783566
600019SS,2025-02-12,-0.017307156696915627,-0.005822344
600023SS,2025-02-12,-0.004822560586035252,0.001895773
600025SS,2025-02-12,-0.02453385852277279,-0.0079771625
600026SS,2025-02-12,-0.029993435367941856,-0.018130185
600028SS,2025-02-12,-0.006632754113525152,-0.0016380233
600029SS,2025-02-12,-0.004136205185204744,-0.0017316407
600031SS,2025-02-12,-0.0025816939305514097,0.0064953435
600036SS,2025-02-12,0.013436438515782356,0.015495434
600048SS,2025-02-12,0.04124610871076584,0.035533864
600050SS,2025-02-12,0.0011275720316916704,0.0036429327
600061SS,2025-02-12,0.003119963686913252,0.01226947
600085SS,2025-02-12,-0.006093908101320267,0.0018624574
600089SS,2025-02-12,0.0035123059060424566,0.0057165795
600104SS,2025-02-12,-0.018373917788267136,-0.03260296
600111SS,2025-02-12,-0.011253566481173038,-0.0034692055
600115SS,2025-02-12,-0.0077107129618525505,0.0026631563
600161SS,2025-02-12,-0.02497943490743637,-0.0058365525
600183SS,2025-02-12,-0.003104038769379258,0.034495845
600188SS,2025-02-12,-0.018642248585820198,-0.0075699138
600196SS,2025-02-12,-0.0023361453786492348,-0.0059605995
600219SS,2025-02-12,-0.03562401607632637,-0.019948153
600233SS,2025-02-12,-0.02151694893836975,-0.008791007
600276SS,2025-02-12,-0.004218865651637316,0.005641431
600309SS,2025-02-12,0.014619916677474976,0.0040668664
600332SS,2025-02-12,-0.002997305477038026,0.0014754363
600346SS,2025-02-12,0.004964561201632023,-0.0012927653
600362SS,2025-02-12,-0.04317355528473854,-0.015595363
600377SS,2025-02-12,-0.008643489331007004,-0.0028268604
600406SS,2025-02-12,-0.002699491335079074,0.003463211
600415SS,2025-02-12,-0.029219558462500572,-0.023157181
600426SS,2025-02-12,-0.007112126797437668,-0.0023457438
600436SS,2025-02-12,0.006620403379201889,0.009344023
600438SS,2025-02-12,0.001810056739486754,0.017607622
600489SS,2025-02-12,-0.03037191741168499,-0.028937547
600519SS,2025-02-12,0.01978403702378273,0.017475065
600570SS,2025-02-12,0.048350777477025986,0.0527017
600585SS,2025-02-12,-0.024165969341993332,-0.009621148
600588SS,2025-02-12,-0.00017352704890072346,0.06118037
600600SS,2025-02-12,0.007909306325018406,0.010297846
600660SS,2025-02-12,-0.004349858965724707,0.004012964
600674SS,2025-02-12,-0.007146250922232866,0.0012804406
600741SS,2025-02-12,0.0014181560836732388,0.0
600760SS,2025-02-12,-0.014549454674124718,0.0004236992
600795SS,2025-02-12,-0.0013835947029292583,0.0024183288
600809SS,2025-02-12,0.022090760990977287,0.029605556
600875SS,2025-02-12,0.06690535694360733,0.05031143
600886SS,2025-02-12,-0.01943948119878769,-0.007107182
600887SS,2025-02-12,0.0011168788187205791,0.0070251864
600926SS,2025-02-12,-0.007585108280181885,0.0020317615
600989SS,2025-02-12,-0.0014531201450154185,0.011238956
601006SS,2025-02-12,-0.005435262341052294,0.0
601009SS,2025-02-12,-0.01438108365982771,-0.0009438673
601012SS,2025-02-12,-0.0012913041282445192,0.010783077
601021SS,2025-02-12,0.002555808750912547,0.008417169
601058SS,2025-02-12,-0.01728331297636032,-0.011530671
601066SS,2025-02-12,0.016606217250227928,0.012897517
601088SS,2025-02-12,-0.01991315931081772,-0.0085968785
601100SS,2025-02-12,-0.00993682537227869,-0.005615835
601117SS,2025-02-12,-0.01589910127222538,-0.004034938
601138SS,2025-02-12,0.004022855777293444,0.0173029
601166SS,2025-02-12,0.020518090575933456,0.021868533
601169SS,2025-02-12,-0.002010166412219405,0.0033556952
601186SS,2025-02-12,-0.005566745530813932,0.0011744746
601225SS,2025-02-12,-0.0023411796428263187,-0.0033074296
601229SS,2025-02-12,-0.01243196427822113,0.0010875503
601238SS,2025-02-12,-0.004620200488716364,0.008771708
601288SS,2025-02-12,0.001356966677121818,0.005853586
601318SS,2025-02-12,0.00872739590704441,0.011023363
601319SS,2025-02-12,-0.012228165753185749,0.001437821
601328SS,2025-02-12,0.010341349989175797,0.009688314
601336SS,2025-02-12,-0.004411420319229364,0.010098565
601360SS,2025-02-12,0.020277878269553185,0.0037979211
601390SS,2025-02-12,0.0012357319938018918,0.0033783873
601398SS,2025-02-12,0.005538352765142918,0.0116614
601600SS,2025-02-12,-0.02897428162395954,-0.02058984
601601SS,2025-02-12,-0.022284764796495438,-0.0018685003
601607SS,2025-02-12,-0.006808857433497906,0.000992044
601618SS,2025-02-12,-0.00012120208702981472,0.0031796051
601628SS,2025-02-12,-0.00429154047742486,0.011007919
601633SS,2025-02-12,0.0009136900771409273,0.0083281575
601658SS,2025-02-12,-0.01042156107723713,0.0
601668SS,2025-02-12,-0.00043781750719062984,0.0036364
601669SS,2025-02-12,-0.005248428322374821,0.0019626394
601688SS,2025-02-12,0.0025798389688134193,0.007392535
601689SS,2025-02-12,-0.023323673754930496,-0.0027300927
601698SS,2025-02-12,0.008988034911453724,0.0009319012
601699SS,2025-02-12,-0.008537893183529377,-0.006410271
601766SS,2025-02-12,-0.00039807052235119045,0.0067338375
601788SS,2025-02-12,0.01013200357556343,0.011254632
601799SS,2025-02-12,-0.038593605160713196,-0.03178555
601800SS,2025-02-12,0.0026754187420010567,0.00421063
601808SS,2025-02-12,-0.017294742166996002,-0.008202179
601816SS,2025-02-12,0.00032771099358797073,0.008968424
601818SS,2025-02-12,-0.0022499156184494495,0.0026631563
601838SS,2025-02-12,0.0015435769455507398,0.011925733
601857SS,2025-02-12,-0.010879059322178364,-0.0012070064
601865SS,2025-02-12,-0.024312101304531097,0.00243248
601872SS,2025-02-12,-0.020749365910887718,-0.019856194
601877SS,2025-02-12,0.0006908666109666228,0.0068759117
601878SS,2025-02-12,0.029991015791893005,0.018642513
601881SS,2025-02-12,-0.003864897880703211,0.01044908
601888SS,2025-02-12,0.003609982319176197,0.008329812
601899SS,2025-02-12,-0.013473034836351871,-0.017511846
601901SS,2025-02-12,0.01658298820257187,0.012329867
601919SS,2025-02-12,0.000665615894831717,0.0006833124
601939SS,2025-02-12,0.02800731174647808,0.0150193535
601985SS,2025-02-12,-0.007680815644562244,-0.0010167756
601988SS,2025-02-12,-0.005532274954020977,0.003710513
601998SS,2025-02-12,-0.024247949942946434,-0.009302089
603019SS,2025-02-12,0.012899280525743961,-0.001869396
603195SS,2025-02-12,0.020530957728624344,0.008824998
603259SS,2025-02-12,-0.014936983585357666,0.0020844624
603260SS,2025-02-12,0.029189856722950935,0.026029905
603288SS,2025-02-12,0.003730605123564601,0.009265844
603369SS,2025-02-12,-0.008578091859817505,0.0
603501SS,2025-02-12,0.044090721756219864,0.09502265
603659SS,2025-02-12,0.022523820400238037,0.036140572
603799SS,2025-02-12,0.03150846064090729,0.02149577
603806SS,2025-02-12,-0.011944027617573738,0.008816373
603833SS,2025-02-12,-0.018168693408370018,0.0011358955
603986SS,2025-02-12,-0.01007329486310482,0.0072866287
603993SS,2025-02-12,-0.02757694013416767,-0.019020006
688008SS,2025-02-12,-0.01705787144601345,0.009014496
688009SS,2025-02-12,-0.014986982569098473,-0.0017376712
688012SS,2025-02-12,0.05691343545913696,0.049509082
688036SS,2025-02-12,-0.002644042484462261,0.017130587
688111SS,2025-02-12,0.012016231194138527,0.03920367
688169SS,2025-02-12,-0.02851230651140213,-0.012028952
688396SS,2025-02-12,0.0420246422290802,0.032994326
000001SZ,2025-02-13,0.02136634662747383,0.0069806785
000002SZ,2025-02-13,0.025714349001646042,0.0012554384
000157SZ,2025-02-13,-0.014134576544165611,-0.012829131
000166SZ,2025-02-13,-0.001047310302965343,-0.0057971054
000333SZ,2025-02-13,-0.02586239017546177,-0.015677743
000338SZ,2025-02-13,-0.02219206839799881,-0.01020032
000538SZ,2025-02-13,-0.006568872835487127,-0.003672883
000568SZ,2025-02-13,0.030851121991872787,0.037798904
000596SZ,2025-02-13,0.03519154340028763,0.029525308
000617SZ,2025-02-13,-0.01217692531645298,-0.013147662
000625SZ,2025-02-13,-0.005063167307525873,-0.01841467
000651SZ,2025-02-13,-0.003206832567229867,0.0013702053
000661SZ,2025-02-13,0.013946234248578548,0.006438139
000708SZ,2025-02-13,0.0038120488170534372,0.011793929
000725SZ,2025-02-13,-0.01455487497150898,-0.00882985
000768SZ,2025-02-13,0.00460762158036232,0.0062353495
000776SZ,2025-02-13,0.0002227413933724165,-0.0031337813
000786SZ,2025-02-13,0.03993706777691841,0.02210783
000800SZ,2025-02-13,-0.01333733182400465,-0.007307992
000807SZ,2025-02-13,-0.005778586957603693,0.0012225775
000858SZ,2025-02-13,0.03267591446638107,0.029390693
000876SZ,2025-02-13,0.018890302628278732,0.015926123
000895SZ,2025-02-13,0.02743002586066723,0.017830892
000938SZ,2025-02-13,-0.007293666712939739,-0.021800473
000963SZ,2025-02-13,0.01338046696037054,0.006374772
000999SZ,2025-02-13,-0.0067406632006168365,0.0008992678
001965SZ,2025-02-13,-0.008505209349095821,0.0041719307
002001SZ,2025-02-13,-0.01845724694430828,-0.0044984217
002007SZ,2025-02-13,0.0011064355494454503,-0.0055503845
002027SZ,2025-02-13,0.014216044917702675,0.006033112
002028SZ,2025-02-13,-0.01459669042378664,-0.017152198
002050SZ,2025-02-13,-0.014594387263059616,-0.025289223
002129SZ,2025-02-13,-0.028031280264258385,-0.0033388857
002179SZ,2025-02-13,-0.03003634698688984,-0.017435929
002230SZ,2025-02-13,-0.0020745338406413794,-0.024512107
002236SZ,2025-02-13,0.008265343494713306,-0.018910764
002241SZ,2025-02-13,-0.01588321477174759,-0.053752508
002271SZ,2025-02-13,0.03523222729563713,0.021537172
002304SZ,2025-02-13,0.029482651501893997,0.01779741
002311SZ,2025-02-13,-0.01805580034852028,-0.008417872
002371SZ,2025-02-13,-0.0019077507313340902,-0.012155203
002415SZ,2025-02-13,-0.0008601854788139462,-0.013680139
002422SZ,2025-02-13,0.008434842340648174,0.0014587714
002459SZ,2025-02-13,-0.012907613068819046,-0.010810545
002460SZ,2025-02-13,-0.0020586703903973103,-0.013619968
002463SZ,2025-02-13,-0.02732098661363125,-0.03955281
002466SZ,2025-02-13,-0.0020976813975721598,-0.022999223
002475SZ,2025-02-13,-0.0033755910117179155,-0.021419557
002493SZ,2025-02-13,-0.0004817396111320704,-0.0044052647
002555SZ,2025-02-13,0.01332137081772089,-0.01239104
002594SZ,2025-02-13,0.016137434169650078,-0.010927066
002601SZ,2025-02-13,-0.0115580465644598,-0.009425898
002648SZ,2025-02-13,-0.016794316470623016,-0.009058244
002709SZ,2025-02-13,-0.002060163300484419,-0.012829856
002714SZ,2025-02-13,0.05304870754480362,0.05095987
002916SZ,2025-02-13,-0.032476428896188736,-0.043496616
002920SZ,2025-02-13,-0.0008906833827495575,-0.022896267
002938SZ,2025-02-13,-0.01630217768251896,-0.040710907
003816SZ,2025-02-13,0.0086665665730834,0.0027136835
300014SZ,2025-02-13,0.0017917054938152432,-0.0063577853
300033SZ,2025-02-13,-0.023172760382294655,-0.041664947
300059SZ,2025-02-13,-0.020105738192796707,-0.015604806
300122SZ,2025-02-13,-0.013816998340189457,-0.01230844
300124SZ,2025-02-13,-0.016717271879315376,-0.045468677
300274SZ,2025-02-13,-0.008785047568380833,-0.01221547
300308SZ,2025-02-13,-0.020075814798474312,-0.034350373
300316SZ,2025-02-13,-0.016028521582484245,-0.02276742
300347SZ,2025-02-13,-0.01710118167102337,-0.010561701
300394SZ,2025-02-13,-0.02183130569756031,-0.033015683
300408SZ,2025-02-13,-0.01527724601328373,-0.015896529
300413SZ,2025-02-13,0.01829678937792778,0.016522272
300418SZ,2025-02-13,-0.017851252108812332,-0.023057198
300433SZ,2025-02-13,-0.018079441040754318,-0.030997572
300450SZ,2025-02-13,0.028164131566882133,0.003346903
300498SZ,2025-02-13,0.03581218048930168,0.028997267
300502SZ,2025-02-13,-0.026593508198857307,-0.03545392
300628SZ,2025-02-13,-0.03385470435023308,-0.05678324
300661SZ,2025-02-13,-0.00429471954703331,-0.022606352
300750SZ,2025-02-13,0.01943330280482769,0.023569822
300759SZ,2025-02-13,-0.016813945025205612,-0.015875096
300760SZ,2025-02-13,0.005410968326032162,-0.005284789
300782SZ,2025-02-13,0.009754303842782974,-0.04701912
600000SS,2025-02-13,-0.02238248474895954,-0.00965226
600010SS,2025-02-13,-0.012176460586488247,-0.005420035
600011SS,2025-02-13,0.012540511786937714,0.006240207
600015SS,2025-02-13,0.003952511586248875,-0.0013596707
600016SS,2025-02-13,-0.011720535345375538,0.0024009661
600018SS,2025-02-13,0.011806263588368893,0.003478298
600019SS,2025-02-13,-0.005867738742381334,0.0
600023SS,2025-02-13,0.00866160448640585,0.0037807012
600025SS,2025-02-13,0.01854672282934189,0.0045662103
600026SS,2025-02-13,-0.025343742221593857,-0.018464863
600028SS,2025-02-13,-0.0030042806174606085,-0.0049300725
600029SS,2025-02-13,-0.004380914848297834,0.0069083497
600031SS,2025-02-13,-0.016161397099494934,-0.0017673466
600036SS,2025-02-13,-0.002418190473690629,0.0021601184
600048SS,2025-02-13,0.007721699774265289,0.0
600050SS,2025-02-13,0.015299377962946892,0.0
600061SS,2025-02-13,0.0028676711954176426,-0.0067980313
600085SS,2025-02-13,0.0007776598795317113,-0.004262074
600089SS,2025-02-13,-0.013550610281527042,-0.007355843
600104SS,2025-02-13,0.0030918619595468044,0.0070403377
600111SS,2025-02-13,-0.01721334643661976,-0.014878854
600115SS,2025-02-13,0.00801682099699974,0.005304972
600161SS,2025-02-13,-0.009946899488568306,-0.009311292
600183SS,2025-02-13,-0.01668032445013523,-0.015414586
600188SS,2025-02-13,0.028215713798999786,0.017324569
600196SS,2025-02-13,0.011639352887868881,-0.0035935007
600219SS,2025-02-13,-0.01673358865082264,-0.010126324
600233SS,2025-02-13,0.03504173085093498,0.036115427
600276SS,2025-02-13,0.012730575166642666,0.004490381
600309SS,2025-02-13,0.02997877448797226,0.025557278
600332SS,2025-02-13,0.006136967800557613,0.0
600346SS,2025-02-13,0.01580432988703251,0.0070898137
600362SS,2025-02-13,-0.005170947406440973,-0.0018509439
600377SS,2025-02-13,-0.004402278456836939,-0.000707996
600406SS,2025-02-13,-0.004191346000880003,-0.0038969454
600415SS,2025-02-13,-0.03253040090203285,-0.04479975
600426SS,2025-02-13,0.0017969938926398754,0.005620569
600436SS,2025-02-13,0.015134076587855816,0.0052452087
600438SS,2025-02-13,-0.013840488158166409,-0.015739791
600489SS,2025-02-13,-0.004717408213764429,0.0
600519SS,2025-02-13,0.022482015192508698,0.015170795
600570SS,2025-02-13,0.026365796104073524,-0.021198997
600585SS,2025-02-13,0.02978980727493763,0.012945756
600588SS,2025-02-13,0.037109293043613434,0.0949087
600600SS,2025-02-13,0.026615846902132034,0.020704646
600660SS,2025-02-13,-0.024964818730950356,-0.009271169
600674SS,2025-02-13,-0.0031486290972679853,-0.0064184293
600741SS,2025-02-13,-0.0028502598870545626,-0.014264632
600760SS,2025-02-13,0.008798456750810146,0.0
600795SS,2025-02-13,0.010065830312669277,-0.0024183358
600809SS,2025-02-13,0.040693048387765884,0.0652394
600875SS,2025-02-13,-0.005749410018324852,-0.0264897
600886SS,2025-02-13,0.01189308613538742,0.0
600887SS,2025-02-13,0.027291739359498024,0.013176571
600926SS,2025-02-13,-0.01893702894449234,-0.00678873
600989SS,2025-02-13,-0.027840128168463707,-0.02742473
601006SS,2025-02-13,0.006836272310465574,0.0074793813
601009SS,2025-02-13,-0.015974242240190506,-0.0037842796
601012SS,2025-02-13,-0.0037067958619445562,-0.008235532
601021SS,2025-02-13,0.011723455041646957,0.010278026
601058SS,2025-02-13,-0.014897185377776623,-0.0012895424
601066SS,2025-02-13,0.0065717450343072414,-0.0016031578
601088SS,2025-02-13,-0.0010104222455993295,-0.0028822115
601100SS,2025-02-13,-0.028203753754496574,-0.042732082
601117SS,2025-02-13,0.010227466933429241,0.001346753
601138SS,2025-02-13,-0.016282744705677032,-0.016384816
601166SS,2025-02-13,-0.0019712939392775297,-0.0038535648
601169SS,2025-02-13,-0.009423715062439442,-0.0016764126
601186SS,2025-02-13,0.011135338805615902,0.0011729267
601225SS,2025-02-13,0.009446550160646439,-0.00094691006
601229SS,2025-02-13,-0.017242813482880592,-0.008733468
601238SS,2025-02-13,-0.013491303659975529,-0.019843735
601288SS,2025-02-13,0.00240535382181406,0.0038834214
601318SS,2025-02-13,0.002218578476458788,-0.0011753186
601319SS,2025-02-13,0.004123282618820667,-0.0014378617
601328SS,2025-02-13,0.016684597358107567,0.008230273
601336SS,2025-02-13,-0.0007314091781154275,-0.005036756
601360SS,2025-02-13,0.015797054395079613,-0.033131506
601390SS,2025-02-13,0.014927786774933338,0.0033669816
601398SS,2025-02-13,0.016206413507461548,0.008657797
601600SS,2025-02-13,-0.02119055949151516,-0.01704794
601601SS,2025-02-13,0.009976428933441639,-0.0018721429
601607SS,2025-02-13,-0.013958094641566277,-0.006465939
601618SS,2025-02-13,0.01329647284001112,0.0031695045
601628SS,2025-02-13,0.0005812994786538184,-0.004238789
601633SS,2025-02-13,-0.015890110284090042,-0.015922563
601658SS,2025-02-13,0.016103804111480713,0.001895773
601668SS,2025-02-13,0.02475549653172493,0.005429824
601669SS,2025-02-13,0.015763448551297188,0.0058650817
601688SS,2025-02-13,0.0195024237036705,0.0067757517
601689SS,2025-02-13,-0.00606295932084322,-0.008670341
601698SS,2025-02-13,-0.0029015198815613985,-0.021179035
601699SS,2025-02-13,-0.0016948861302807927,-0.0008041513
601766SS,2025-02-13,-0.00894822645932436,-0.0053835404
601788SS,2025-02-13,0.010655366815626621,-0.0022409577
601799SS,2025-02-13,-0.01762046292424202,-0.0074952096
601800SS,2025-02-13,0.013640849851071835,0.0031462132
601808SS,2025-02-13,-0.0063035194762051105,-0.008270026
601816SS,2025-02-13,-0.004281171131879091,-0.00178729
601818SS,2025-02-13,-0.00324626755900681,0.0026560226
601838SS,2025-02-13,-0.018993403762578964,-0.007138577
601857SS,2025-02-13,-0.0027943404857069254,-0.0060568983
601865SS,2025-02-13,-0.0009067460196092725,-0.009274898
601872SS,2025-02-13,-0.021082311868667603,-0.014429248
601877SS,2025-02-13,-0.013181762769818306,-0.006875925
601878SS,2025-02-13,-0.000902478233911097,-0.0092785675
601881SS,2025-02-13,0.01292505208402872,0.0006927235
601888SS,2025-02-13,0.01726817525923252,0.008261011
601899SS,2025-02-13,0.003408799646422267,0.0017652401
601901SS,2025-02-13,-0.0020968124736100435,-0.00737992
601919SS,2025-02-13,-0.013305203057825565,-0.0054794243
601939SS,2025-02-13,0.00614063860848546,0.0057175276
601985SS,2025-02-13,0.017371799796819687,0.013137399
601988SS,2025-02-13,-0.003227788954973221,0.0018500825
601998SS,2025-02-13,0.012865466997027397,0.004661967
603019SS,2025-02-13,-0.017856746912002563,-0.03148827
603195SS,2025-02-13,0.016573093831539154,0.004930085
603259SS,2025-02-13,-0.013763539493083954,-0.013450348
603260SS,2025-02-13,-0.016266092658042908,-0.028741516
603288SS,2025-02-13,-0.0016965841641649604,-0.0034038343
603369SS,2025-02-13,0.04680894687771797,0.057667766
603501SS,2025-02-13,0.030373429879546165,0.0055278684
603659SS,2025-02-13,0.0169562678784132,0.009466475
603799SS,2025-02-13,0.010430232621729374,-0.0032775893
603806SS,2025-02-13,-0.013957494869828224,-0.013595622
603833SS,2025-02-13,0.038245733827352524,0.039723687
603986SS,2025-02-13,-0.04390718415379524,-0.055542212
603993SS,2025-02-13,-0.015256973914802074,-0.009648289
688008SS,2025-02-13,-0.032308973371982574,-0.03411213
688009SS,2025-02-13,-0.011643934063613415,-0.010489185
688012SS,2025-02-13,-0.01766354963183403,-0.032659676
688036SS,2025-02-13,-0.015610408037900925,-0.041279722
688111SS,2025-02-13,0.007540709804743528,-0.018199176
688169SS,2025-02-13,0.0501563735306263,0.03585186
688396SS,2025-02-13,-0.013473886996507645,-0.018389788
000001SZ,2025-02-14,-0.0022281219717115164,0.0043383497
000002SZ,2025-02-14,-0.008128482848405838,-0.020276729
000157SZ,2025-02-14,0.0197093915194273,0.03522519
000166SZ,2025-02-14,0.005950107704848051,0.0019361075
000333SZ,2025-02-14,-0.007222763728350401,0.0048399298
000338SZ,2025-02-14,0.011301858350634575,0.008168677
000538SZ,2025-02-14,0.02076615020632744,0.014437787
000568SZ,2025-02-14,-0.01627674326300621,-0.0049102465
000596SZ,2025-02-14,-0.002111154841259122,0.0119548235
000617SZ,2025-02-14,-0.014039993286132812,-0.0044215485
000625SZ,2025-02-14,0.017971213907003403,0.011825143
000651SZ,2025-02-14,-0.004757745191454887,0.0038720218
000661SZ,2025-02-14,0.025205932557582855,0.009784991
000708SZ,2025-02-14,-0.011369041167199612,-0.0033556905
000725SZ,2025-02-14,0.020988106727600098,0.015400612
000768SZ,2025-02-14,-0.03107205592095852,-0.016450115
000776SZ,2025-02-14,0.009292175993323326,0.0031337359
000786SZ,2025-02-14,-0.02392907813191414,-0.012670446
000800SZ,2025-02-14,0.009277368895709515,0.004878009
000807SZ,2025-02-14,0.009875377640128136,0.019356914
000858SZ,2025-02-14,-0.014286470599472523,-0.0021313443
000876SZ,2025-02-14,0.040497664362192154,0.026721412
000895SZ,2025-02-14,0.013057254254817963,0.012489732
000938SZ,2025-02-14,0.04604082927107811,0.061329376
000963SZ,2025-02-14,-0.018267802894115448,-0.0069563463
000999SZ,2025-02-14,-0.013159149326384068,0.0006739013
001965SZ,2025-02-14,0.03209458291530609,0.04395269
002001SZ,2025-02-14,-0.01782948523759842,-0.009512839
002007SZ,2025-02-14,0.0486653596162796,0.022015754
002027SZ,2025-02-14,0.027263568714261055,0.016404573
002028SZ,2025-02-14,0.0014516793889924884,0.009451361
002050SZ,2025-02-14,-0.016727406531572342,-0.01335975
002129SZ,2025-02-14,0.002267474541440606,0.006666582
002179SZ,2025-02-14,-0.022684073075652122,-0.012065565
002230SZ,2025-02-14,0.009961465373635292,0.03352266
002236SZ,2025-02-14,0.049269020557403564,0.02996683
002241SZ,2025-02-14,-0.006549189332872629,-0.0024995971
002271SZ,2025-02-14,-0.014922881498932838,-0.0079238145
002304SZ,2025-02-14,-0.015513764694333076,-0.0025416643
002311SZ,2025-02-14,0.01236659288406372,0.02121351
002371SZ,2025-02-14,0.012570478953421116,0.019936347
002415SZ,2025-02-14,0.019673075526952744,0.033844907
002422SZ,2025-02-14,0.009269426576793194,0.011233535
002459SZ,2025-02-14,-0.010689787566661835,-0.0038895258
002460SZ,2025-02-14,-0.003015238093212247,0.007805757
002463SZ,2025-02-14,0.019021358340978622,0.016377373
002466SZ,2025-02-14,0.008130194619297981,0.006025884
002475SZ,2025-02-14,-0.0035093738697469234,0.0027605235
002493SZ,2025-02-14,-0.016528010368347168,-0.0077561587
002555SZ,2025-02-14,0.03153884410858154,0.022191973
002594SZ,2025-02-14,0.039117153733968735,0.04228404
002601SZ,2025-02-14,-0.004017972853034735,0.004446946
002648SZ,2025-02-14,0.0021885086316615343,0.0
002709SZ,2025-02-14,0.016085345298051834,0.009765869
002714SZ,2025-02-14,-0.025712862610816956,-0.013171213
002916SZ,2025-02-14,-0.012169093824923038,-0.004025482
002920SZ,2025-02-14,0.019221514463424683,0.023662912
002938SZ,2025-02-14,0.0062544820830225945,0.008329104
003816SZ,2025-02-14,-0.010156422853469849,-0.0027137164
300014SZ,2025-02-14,0.009746688418090343,0.015369746
300033SZ,2025-02-14,-0.012545987963676453,-0.0070394743
300059SZ,2025-02-14,-0.004304623696953058,0.0024802843
300122SZ,2025-02-14,0.021618299186229706,0.018209053
300124SZ,2025-02-14,0.023710694164037704,0.022779595
300274SZ,2025-02-14,-0.005802862346172333,-0.004727458
300308SZ,2025-02-14,-0.013905836269259453,-0.006402173
300316SZ,2025-02-14,-0.014467032626271248,0.0015981519
300347SZ,2025-02-14,0.05484344810247421,0.05490962
300394SZ,2025-02-14,-0.007299888879060745,-0.010291301
300408SZ,2025-02-14,-0.020143387839198112,-0.012744927
300413SZ,2025-02-14,-0.023581812158226967,-0.015502883
300418SZ,2025-02-14,0.051571764051914215,0.048809204
300433SZ,2025-02-14,-0.008779000490903854,-0.006389696
300450SZ,2025-02-14,0.019336873665452003,0.015627794
300498SZ,2025-02-14,-0.02665315940976143,-0.011624002
300502SZ,2025-02-14,-0.013648292049765587,-0.013665519
300628SZ,2025-02-14,-0.0011592416558414698,0.008564672
300661SZ,2025-02-14,0.01851070672273636,0.019177953
300750SZ,2025-02-14,0.014422799460589886,0.031323396
300759SZ,2025-02-14,0.045747146010398865,0.043134358
300760SZ,2025-02-14,0.02337794378399849,0.042103
300782SZ,2025-02-14,0.03003358095884323,0.0014129417
600000SS,2025-02-14,0.007345249876379967,0.00965219
600010SS,2025-02-14,-0.020024284720420837,-0.010928633
600011SS,2025-02-14,-0.015893541276454926,-0.004676497
600015SS,2025-02-14,-0.005835312884300947,-0.0013614611
600016SS,2025-02-14,0.0076744770631194115,0.0023951388
600018SS,2025-02-14,-0.0018429269548505545,0.001734538
600019SS,2025-02-14,-0.014310769736766815,-0.0073258835
600023SS,2025-02-14,-0.011581108905375004,0.0018849456
600025SS,2025-02-14,0.00716446852311492,0.009070134
600026SS,2025-02-14,-0.026029091328382492,-0.016338779
600028SS,2025-02-14,-0.012125997804105282,0.0
600029SS,2025-02-14,-0.006243461277335882,0.0
600031SS,2025-02-14,0.021706311032176018,0.029046787
600036SS,2025-02-14,0.010486278682947159,0.0076426417
600048SS,2025-02-14,-0.024661961942911148,-0.00818217
600050SS,2025-02-14,0.038035694509744644,0.08347779
600061SS,2025-02-14,0.013155616819858551,0.0067980103
600085SS,2025-02-14,0.01582282781600952,0.008770646
600089SS,2025-02-14,-0.012386229820549488,0.004910038
600104SS,2025-02-14,-0.021792931482195854,-0.010851573
600111SS,2025-02-14,-0.0036431343760341406,0.0030816847
600115SS,2025-02-14,-0.01481991820037365,0.0
600161SS,2025-02-14,0.017176764085888863,0.01756816
600183SS,2025-02-14,-0.007295427843928337,-0.0010137326
600188SS,2025-02-14,-0.014441029168665409,-0.0037411433
600196SS,2025-02-14,0.021535277366638184,0.016658945
600219SS,2025-02-14,-0.014926811680197716,0.0
600233SS,2025-02-14,0.008413794450461864,0.0
600276SS,2025-02-14,0.020664969459176064,0.019079752
600309SS,2025-02-14,-0.035801369696855545,-0.039494928
600332SS,2025-02-14,0.01467133965343237,0.005513761
600346SS,2025-02-14,0.008034338243305683,0.00064209336
600362SS,2025-02-14,0.012946974486112595,0.0073834243
600377SS,2025-02-14,0.007801512256264687,0.011967191
600406SS,2025-02-14,0.03403395041823387,0.027380427
600415SS,2025-02-14,0.0052143060602247715,0.019567626
600426SS,2025-02-14,-0.030919577926397324,-0.014110258
600436SS,2025-02-14,0.022954072803258896,0.015428426
600438SS,2025-02-14,-0.010348383337259293,0.0018647179
600489SS,2025-02-14,-0.013122987002134323,-0.005152677
600519SS,2025-02-14,0.005784162785857916,0.006761662
600570SS,2025-02-14,0.0748504176735878,0.08205315
600585SS,2025-02-14,-0.023995650932192802,-0.011266102
600588SS,2025-02-14,0.011307801119983196,0.050388083
600600SS,2025-02-14,-0.008629094809293747,-0.0035397853
600660SS,2025-02-14,0.0007071809959597886,0.0077029704
600674SS,2025-02-14,-0.004871300887316465,0.0012869887
600741SS,2025-02-14,-0.0034019341692328453,0.0074434136
600760SS,2025-02-14,-0.027134303003549576,-0.019457154
600795SS,2025-02-14,-0.01752546802163124,-0.0048543643
600809SS,2025-02-14,-0.00011764775263145566,-0.0120764235
600875SS,2025-02-14,-0.00204253476113081,0.003268961
600886SS,2025-02-14,0.0074547030963003635,0.011347148
600887SS,2025-02-14,-0.0004068576090503484,0.0043541356
600926SS,2025-02-14,-0.01653152145445347,-0.0020457527
600989SS,2025-02-14,-0.0071184588596224785,0.0042232126
601006SS,2025-02-14,0.012377152219414711,0.01185141
601009SS,2025-02-14,-0.02593231201171875,-0.0057034087
601012SS,2025-02-14,-0.004145739134401083,0.005708757
601021SS,2025-02-14,-0.01746787130832672,-0.0065814243
601058SS,2025-02-14,-0.0077316309325397015,0.0019336089
601066SS,2025-02-14,0.005052746273577213,-0.0004012197
601088SS,2025-02-14,-0.0043882643803954124,0.0005246216
601100SS,2025-02-14,0.04609950631856918,0.095094174
601117SS,2025-02-14,-0.01806889846920967,-0.005398042
601138SS,2025-02-14,-0.004277385305613279,0.014125486
601166SS,2025-02-14,0.02853240817785263,0.02101016
601169SS,2025-02-14,-0.01808423548936844,-0.0016792783
601186SS,2025-02-14,-0.017240207642316818,-0.0023473569
601225SS,2025-02-14,-0.0025417213328182697,0.0037824828
601229SS,2025-02-14,0.00801854208111763,0.009819693
601238SS,2025-02-14,0.012450067326426506,0.009972062
601288SS,2025-02-14,0.008080915547907352,0.009642982
601318SS,2025-02-14,0.010680421255528927,0.0132392645
601319SS,2025-02-14,0.0065484377555549145,0.008595873
601328SS,2025-02-14,-0.0037540090270340443,0.0027285442
601336SS,2025-02-14,0.028473488986492157,0.02902145
601360SS,2025-02-14,0.011731842532753944,0.0140070245
601390SS,2025-02-14,0.0049250125885009766,0.0033556952
601398SS,2025-02-14,-0.0049922582693398,0.0043009613
601600SS,2025-02-14,0.006360561586916447,0.013139987
601601SS,2025-02-14,0.01522903610020876,0.022233225
601607SS,2025-02-14,0.009496871381998062,0.00795217
601618SS,2025-02-14,-0.015966009348630905,-0.0031695368
601628SS,2025-02-14,0.009741817601025105,0.013155633
601633SS,2025-02-14,0.03144676610827446,0.035463773
601658SS,2025-02-14,-0.017865624278783798,-0.0037950492
601668SS,2025-02-14,-0.004506256897002459,0.0
601669SS,2025-02-14,0.008252673782408237,0.0019474104
601688SS,2025-02-14,0.02003907784819603,0.010078152
601689SS,2025-02-14,-0.006893941666930914,-0.002615884
601698SS,2025-02-14,0.009391260333359241,0.011822671
601699SS,2025-02-14,-0.012286670506000519,-0.00080486713
601766SS,2025-02-14,0.024585509672760963,0.01739004
601788SS,2025-02-14,-0.004613606259226799,-0.0033707614
601799SS,2025-02-14,-0.007313647773116827,0.0026833673
601800SS,2025-02-14,0.01314860861748457,0.0031363503
601808SS,2025-02-14,-0.01732400432229042,-0.0048559816
601816SS,2025-02-14,0.019157733768224716,0.014208917
601818SS,2025-02-14,-0.014953194186091423,0.0026490078
601838SS,2025-02-14,-0.006548087578266859,0.0011932874
601857SS,2025-02-14,-0.045042484998703,-0.014687074
601865SS,2025-02-14,-0.00457199290394783,0.005380265
601872SS,2025-02-14,-0.01944197714328766,-0.0072938823
601877SS,2025-02-14,0.008557791821658611,0.011433409
601878SS,2025-02-14,0.01230826135724783,0.004228317
601881SS,2025-02-14,0.008600286208093166,0.0034566773
601888SS,2025-02-14,-0.014787472784519196,0.001611839
601899SS,2025-02-14,0.019084341824054718,0.00877939
601901SS,2025-02-14,0.008207815699279308,0.0012337695
601919SS,2025-02-14,-0.004808876663446426,0.004796154
601939SS,2025-02-14,0.0062765092588961124,-0.0011409466
601985SS,2025-02-14,-0.0030570451635867357,0.0
601988SS,2025-02-14,-0.01225615106523037,0.0
601998SS,2025-02-14,-0.0010019323090091348,0.0030959456
603019SS,2025-02-14,-0.024056315422058105,0.020205554
603195SS,2025-02-14,0.02497950755059719,0.016662227
603259SS,2025-02-14,0.03831500560045242,0.045017567
603260SS,2025-02-14,-0.0008445781422778964,-0.0018132646
603288SS,2025-02-14,0.00793252419680357,0.0043741935
603369SS,2025-02-14,0.009940607473254204,0.008411494
603501SS,2025-02-14,0.012753083370625973,-0.00095603825
603659SS,2025-02-14,0.009743034839630127,0.0025094177
603799SS,2025-02-14,0.021423310041427612,0.02367885
603806SS,2025-02-14,-0.004935324192047119,0.0
603833SS,2025-02-14,-0.01361493207514286,-0.006253961
603986SS,2025-02-14,-0.016571147367358208,-0.002823513
603993SS,2025-02-14,0.009480295702815056,0.013754543
688008SS,2025-02-14,0.042451683431863785,0.0461689
688009SS,2025-02-14,-0.015148944221436977,0.0
688012SS,2025-02-14,-0.013728526420891285,-0.000419824
688036SS,2025-02-14,-0.012312683276832104,0.0051581655
688111SS,2025-02-14,-0.004617135971784592,-0.0051947953
688169SS,2025-02-14,0.032983534038066864,0.046431016
688396SS,2025-02-14,-0.014312079176306725,0.0010662349
000001SZ,2025-02-17,0.042483724653720856,0.019715201
000002SZ,2025-02-17,-0.023381398990750313,-0.016783826
000157SZ,2025-02-17,0.0024556831922382116,0.0069012465
000166SZ,2025-02-17,0.028946449980139732,0.011538044
000333SZ,2025-02-17,-0.01053357869386673,-0.0062269717
000338SZ,2025-02-17,0.004638558253645897,-0.0020359578
000538SZ,2025-02-17,-0.03284917399287224,-0.01566491
000568SZ,2025-02-17,0.01744760014116764,0.005242244
000596SZ,2025-02-17,0.013790021650493145,0.017032295
000617SZ,2025-02-17,0.004598312079906464,0.005890916
000625SZ,2025-02-17,-0.007756327744573355,-0.0058953064
000651SZ,2025-02-17,-0.011054975911974907,-0.007300907
000661SZ,2025-02-17,-0.02936413884162903,-0.008337035
000708SZ,2025-02-17,0.0015275187324732542,-0.0016820248
000725SZ,2025-02-17,0.007763426285237074,0.0021810536
000768SZ,2025-02-17,-0.021656179800629616,-0.0155214025
000776SZ,2025-02-17,0.002315219957381487,0.0018756647
000786SZ,2025-02-17,-0.023166576400399208,-0.022049908
000800SZ,2025-02-17,-0.005864934995770454,-0.0061012725
000807SZ,2025-02-17,-0.026486385613679886,-0.035974927
000858SZ,2025-02-17,0.0008170097135007381,0.002435572
000876SZ,2025-02-17,0.06385449320077896,0.04927343
000895SZ,2025-02-17,-0.0014326195232570171,-0.0046656583
000938SZ,2025-02-17,0.0001601615804247558,0.01954846
000963SZ,2025-02-17,-0.037058211863040924,-0.019085048
000999SZ,2025-02-17,-0.039968106895685196,-0.016756013
001965SZ,2025-02-17,0.03573335334658623,0.02982072
002001SZ,2025-02-17,-0.012818779796361923,0.00090998696
002007SZ,2025-02-17,-0.0006357424426823854,0.0060312157
002027SZ,2025-02-17,-0.039728179574012756,-0.0224355
002028SZ,2025-02-17,-0.0035701754968613386,-0.0015475188
002050SZ,2025-02-17,0.04519478976726532,0.04283311
002129SZ,2025-02-17,0.011272936128079891,0.013200684
002179SZ,2025-02-17,-0.009865270927548409,-0.0029717602
002230SZ,2025-02-17,-0.013567368499934673,0.008574127
002236SZ,2025-02-17,0.019161351025104523,0.014941745
002241SZ,2025-02-17,-0.01230351347476244,0.0053486065
002271SZ,2025-02-17,0.009207367897033691,0.008712745
002304SZ,2025-02-17,0.013918417505919933,0.00012730742
002311SZ,2025-02-17,-0.00149440485984087,-0.0028299685
002371SZ,2025-02-17,0.02548898756504059,0.023596236
002415SZ,2025-02-17,0.0052136704325675964,0.0012673443
002422SZ,2025-02-17,-0.028457926586270332,-0.014518307
002459SZ,2025-02-17,0.007933211512863636,0.020823106
002460SZ,2025-02-17,-0.006054428406059742,-0.016800793
002463SZ,2025-02-17,0.04828525707125664,0.044109117
002466SZ,2025-02-17,-0.014122316613793373,-0.017880052
002475SZ,2025-02-17,-0.018509753048419952,-0.017611602
002493SZ,2025-02-17,-0.029515085741877556,-0.007816706
002555SZ,2025-02-17,0.034651752561330795,0.0060789655
002594SZ,2025-02-17,-0.0024432307109236717,-0.021429598
002601SZ,2025-02-17,-0.03546126186847687,-0.010593563
002648SZ,2025-02-17,0.03867889195680618,0.024594234
002709SZ,2025-02-17,-0.032366134226322174,-0.019104846
002714SZ,2025-02-17,0.01732371374964714,0.003969864
002916SZ,2025-02-17,0.057231660932302475,0.08166961
002920SZ,2025-02-17,0.011739859357476234,0.029535368
002938SZ,2025-02-17,0.0019658952951431274,0.0034096327
003816SZ,2025-02-17,0.04272732138633728,0.03207724
300014SZ,2025-02-17,-0.03236988186836243,-0.016737169
300033SZ,2025-02-17,0.00904651079326868,0.012278417
300059SZ,2025-02-17,0.006687246263027191,0.0061742207
300122SZ,2025-02-17,0.04837371036410332,0.03846209
300124SZ,2025-02-17,-0.005809004418551922,0.014756682
300274SZ,2025-02-17,-0.022165263071656227,-0.020305425
300308SZ,2025-02-17,0.059418100863695145,0.072821245
300316SZ,2025-02-17,-0.011781848035752773,-0.0051232614
300347SZ,2025-02-17,-0.015540430322289467,-0.0064817765
300394SZ,2025-02-17,0.04271755740046501,0.08868545
300408SZ,2025-02-17,0.00159507617354393,0.00026174934
300413SZ,2025-02-17,-0.02983262576162815,-0.019548772
300418SZ,2025-02-17,0.0031358636915683746,0.000694153
300433SZ,2025-02-17,0.0035206303000450134,0.010626706
300450SZ,2025-02-17,-0.029667001217603683,-0.015627746
300498SZ,2025-02-17,0.009060162119567394,0.0055231266
300502SZ,2025-02-17,0.09414362162351608,0.12256149
300628SZ,2025-02-17,-0.00104659388307482,0.0017041919
300661SZ,2025-02-17,-0.040522653609514236,-0.030566351
300750SZ,2025-02-17,-0.0008834574837237597,-0.0011500169
300759SZ,2025-02-17,0.039688196033239365,0.03380139
300760SZ,2025-02-17,0.0034353393130004406,-0.011370198
300782SZ,2025-02-17,-0.008687544614076614,-0.018411454
600000SS,2025-02-17,-0.025563597679138184,-0.01353896
600010SS,2025-02-17,-0.003170538926497102,0.0
600011SS,2025-02-17,0.03308291360735893,0.021635821
600015SS,2025-02-17,0.0010549844009801745,0.0
600016SS,2025-02-17,0.0037412934470921755,0.0023895493
600018SS,2025-02-17,0.0014280753675848246,0.0
600019SS,2025-02-17,-0.015037736855447292,-0.0058996235
600023SS,2025-02-17,0.04137950763106346,0.036956053
600025SS,2025-02-17,0.013936436735093594,0.005627444
600026SS,2025-02-17,-0.003917723894119263,-0.008271167
600028SS,2025-02-17,-0.010613339021801949,-0.004954571
600029SS,2025-02-17,-0.0004010357952211052,-0.0051768217
600031SS,2025-02-17,-0.0067940279841423035,-0.0057436917
600036SS,2025-02-17,-0.015295486897230148,-0.007402797
600048SS,2025-02-17,0.002005733549594879,-0.0047059595
600050SS,2025-02-17,0.11299785226583481,0.08471536
600061SS,2025-02-17,0.0007633647182956338,0.0040567745
600085SS,2025-02-17,-0.005190817639231682,-0.0026497687
600089SS,2025-02-17,0.007130049634724855,0.009747926
600104SS,2025-02-17,0.011062744073569775,0.0065253065
600111SS,2025-02-17,0.008068953640758991,0.0061348877
600115SS,2025-02-17,-0.009532606229186058,-0.010638016
600161SS,2025-02-17,-0.00991815235465765,-0.0033922915
600183SS,2025-02-17,0.0422925166785717,0.08528127
600188SS,2025-02-17,-0.02368660271167755,-0.010549836
600196SS,2025-02-17,0.034352052956819534,0.027540822
600219SS,2025-02-17,-0.009921296499669552,-0.012803538
600233SS,2025-02-17,-0.012100527063012123,-0.0014204921
600276SS,2025-02-17,-0.011500958353281021,-0.005288684
600309SS,2025-02-17,0.00987333431839943,-0.0005678954
600332SS,2025-02-17,-0.021832356229424477,-0.0025693318
600346SS,2025-02-17,-0.019322706386446953,-0.0012844695
600362SS,2025-02-17,-0.03346468508243561,-0.02090365
600377SS,2025-02-17,0.0311997439712286,0.023509892
600406SS,2025-02-17,0.0003897464193869382,-0.0029592062
600415SS,2025-02-17,-0.02965708076953888,-0.025908453
600426SS,2025-02-17,0.003617475274950266,0.003310428
600436SS,2025-02-17,-0.026210162788629532,-0.011995718
600438SS,2025-02-17,0.005448602605611086,0.014334639
600489SS,2025-02-17,-0.05121513828635216,-0.045259845
600519SS,2025-02-17,0.0017706961371004581,-0.0022941262
600570SS,2025-02-17,0.04222622513771057,-0.0094838375
600585SS,2025-02-17,-0.02507949061691761,-0.014795207
600588SS,2025-02-17,-0.052545808255672455,-0.042960804
600600SS,2025-02-17,-0.001010491163469851,-0.007260262
600660SS,2025-02-17,-0.011672417633235455,-0.0085820295
600674SS,2025-02-17,0.00037452488322742283,0.0025689898
600741SS,2025-02-17,-0.008654464967548847,-0.009744696
600760SS,2025-02-17,-0.01876761205494404,-0.019843187
600795SS,2025-02-17,0.05230441689491272,0.038172264
600809SS,2025-02-17,0.026857275515794754,0.014930004
600875SS,2025-02-17,-0.03706037625670433,-0.021772405
600886SS,2025-02-17,0.03743996471166611,0.023690023
600887SS,2025-02-17,-0.010991423390805721,-0.006902752
600926SS,2025-02-17,-0.025469018146395683,-0.0034187264
600989SS,2025-02-17,-0.02015766315162182,-0.028696466
601006SS,2025-02-17,0.005006091669201851,0.0102562
601009SS,2025-02-17,-0.011055152863264084,-0.0038204174
601012SS,2025-02-17,0.017821181565523148,0.014442016
601021SS,2025-02-17,-0.0033223023638129234,-0.009561697
601058SS,2025-02-17,-0.02853797748684883,-0.026088186
601066SS,2025-02-17,0.016781741753220558,0.007197043
601088SS,2025-02-17,-0.019841650500893593,-0.022540605
601100SS,2025-02-17,0.017086409032344818,0.018596428
601117SS,2025-02-17,-0.02019723877310753,-0.0040677334
601138SS,2025-02-17,0.01563327945768833,0.03554432
601166SS,2025-02-17,-0.0136716952547431,-0.009973596
601169SS,2025-02-17,0.0010577134089544415,0.0016793193
601186SS,2025-02-17,-0.006252087652683258,-0.0011757959
601225SS,2025-02-17,-0.030448544770479202,-0.029201372
601229SS,2025-02-17,-0.007460956461727619,-0.0043525235
601238SS,2025-02-17,-0.006544826086610556,0.009873632
601288SS,2025-02-17,0.015382184647023678,0.00574147
601318SS,2025-02-17,0.00752590736374259,0.0027042918
601319SS,2025-02-17,-0.0015549591043964028,0.0
601328SS,2025-02-17,0.00943237915635109,0.0027210545
601336SS,2025-02-17,0.012558727525174618,0.012389083
601360SS,2025-02-17,-0.004725386388599873,-0.034580838
601390SS,2025-02-17,-0.0012866649776697159,-0.0016764126
601398SS,2025-02-17,-0.004188429098576307,-0.0043010423
601600SS,2025-02-17,-0.016308527439832687,-0.0224394
601601SS,2025-02-17,-0.0019361857557669282,-0.0033654387
601607SS,2025-02-17,-0.029716873541474342,-0.00845123
601618SS,2025-02-17,-0.0016901667695492506,0.0
601628SS,2025-02-17,-0.007457328028976917,-0.007425614
601633SS,2025-02-17,-0.025572093203663826,-0.014825508
601658SS,2025-02-17,0.03090454638004303,0.018830694
601668SS,2025-02-17,0.002175410743802786,0.0
601669SS,2025-02-17,0.009574462659657001,0.0038834214
601688SS,2025-02-17,-0.015020224265754223,-0.0072686067
601689SS,2025-02-17,0.024395955726504326,0.026841678
601698SS,2025-02-17,-0.0013442201307043433,-0.0042402856
601699SS,2025-02-17,-0.011947164312005043,-0.0072726295
601766SS,2025-02-17,0.006692837458103895,0.0013254429
601788SS,2025-02-17,0.013633248396217823,0.0033707835
601799SS,2025-02-17,-0.013717276975512505,-0.020182794
601800SS,2025-02-17,0.0017800084315240383,0.0041665887
601808SS,2025-02-17,0.0002854755730368197,0.0013898476
601816SS,2025-02-17,0.0007127256249077618,-0.0035335643
601818SS,2025-02-17,-0.001045418088324368,0.0
601838SS,2025-02-17,-0.015303971245884895,-0.010188518
601857SS,2025-02-17,-0.011719174683094025,-0.006184151
601865SS,2025-02-17,0.005815573036670685,0.020277953
601872SS,2025-02-17,-0.0091561833396554,-0.010301357
601877SS,2025-02-17,0.06623878329992294,0.06631522
601878SS,2025-02-17,0.03238406404852867,0.005889731
601881SS,2025-02-17,0.03608683869242668,0.021840438
601888SS,2025-02-17,-0.004252392798662186,-0.0054909308
601899SS,2025-02-17,-0.04411868378520012,-0.03920058
601901SS,2025-02-17,0.01936505176126957,0.0073709995
601919SS,2025-02-17,0.016878962516784668,0.0122277895
601939SS,2025-02-17,-0.0011410769075155258,-0.0022857622
601985SS,2025-02-17,0.03148746117949486,0.020862084
601988SS,2025-02-17,0.00784337054938078,0.0055300025
601998SS,2025-02-17,0.03498786687850952,0.015336532
603019SS,2025-02-17,0.05297271907329559,0.028902268
603195SS,2025-02-17,0.0022646894212812185,0.0009399999
603259SS,2025-02-17,0.04846915230154991,0.04660848
603260SS,2025-02-17,-0.027673719450831413,-0.024800962
603288SS,2025-02-17,0.005708477925509214,-0.00024256071
603369SS,2025-02-17,0.021258244290947914,0.019564237
603501SS,2025-02-17,0.0037554483860731125,0.002057934
603659SS,2025-02-17,-0.016264375299215317,-0.015150648
603799SS,2025-02-17,-0.03836512938141823,-0.0256493
603806SS,2025-02-17,0.007459925953298807,0.0108914375
603833SS,2025-02-17,0.024917252361774445,0.03723502
603986SS,2025-02-17,0.003128634300082922,0.0013343717
603993SS,2025-02-17,-0.03777550905942917,-0.0333241
688008SS,2025-02-17,0.023878909647464752,0.019984588
688009SS,2025-02-17,-0.009250840172171593,0.0
688012SS,2025-02-17,0.018361510708928108,0.014019601
688036SS,2025-02-17,0.0009528002701699734,0.009649239
688111SS,2025-02-17,-0.011483302339911461,-0.021050278
688169SS,2025-02-17,-0.020981352776288986,-0.009711596
688396SS,2025-02-17,-7.684918818995357e-05,-0.0019199171
000001SZ,2025-02-18,0.03457802161574364,0.0025435442
000002SZ,2025-02-18,-0.012793974950909615,-0.021050278
000157SZ,2025-02-18,-0.017792541533708572,-0.018041603
000166SZ,2025-02-18,-0.028393680229783058,-0.021253645
000333SZ,2025-02-18,0.0029299650341272354,-0.0019452381
000338SZ,2025-02-18,-0.022908397018909454,-0.009556102
000538SZ,2025-02-18,-0.01864524558186531,-0.008810367
000568SZ,2025-02-18,-0.013899543322622776,-0.014292741
000596SZ,2025-02-18,-0.007541363593190908,-0.018880647
000617SZ,2025-02-18,-0.03759570047259331,-0.037384108
000625SZ,2025-02-18,-0.005455721169710159,-0.020908821
000651SZ,2025-02-18,-0.021996645256876945,-0.014762729
000661SZ,2025-02-18,-0.02818412147462368,-0.016779281
000708SZ,2025-02-18,0.02355445921421051,0.01503673
000725SZ,2025-02-18,-0.02732313796877861,-0.013157325
000768SZ,2025-02-18,-0.012693041935563087,-0.017397063
000776SZ,2025-02-18,-0.04886128753423691,-0.031073986
000786SZ,2025-02-18,8.033774793148041e-05,-0.011037937
000800SZ,2025-02-18,-0.012968514114618301,-0.014795751
000807SZ,2025-02-18,-0.007888839580118656,-0.0031104628
000858SZ,2025-02-18,-0.0011485638096928596,-0.010314965
000876SZ,2025-02-18,0.04564747214317322,-0.007349059
000895SZ,2025-02-18,0.019208969548344612,0.010466891
000938SZ,2025-02-18,-0.05283519998192787,-0.059767053
000963SZ,2025-02-18,-0.023320764303207397,-0.013430235
000999SZ,2025-02-18,-0.02954341284930706,-0.01356415
001965SZ,2025-02-18,0.02253066934645176,0.009237618
002001SZ,2025-02-18,-0.029532987624406815,-0.019281957
002007SZ,2025-02-18,-0.025739524513483047,-0.020040482
002027SZ,2025-02-18,-0.05232095345854759,-0.040107332
002028SZ,2025-02-18,0.01902063377201557,0.009249428
002050SZ,2025-02-18,-0.018454691395163536,-0.021196928
002129SZ,2025-02-18,-0.03421858698129654,-0.028818749
002179SZ,2025-02-18,-0.048873335123062134,-0.032156575
002230SZ,2025-02-18,-0.024410266429185867,-0.022592887
002236SZ,2025-02-18,-0.005975381005555391,-0.011474063
002241SZ,2025-02-18,-0.013408850878477097,-0.015047499
002271SZ,2025-02-18,-0.02635052800178528,-0.030417286
002304SZ,2025-02-18,-0.018239105120301247,-0.008432176
002311SZ,2025-02-18,-0.0010567078134045005,-0.0014179852
002371SZ,2025-02-18,0.0258780624717474,0.009582536
002415SZ,2025-02-18,0.02141084335744381,0.016330475
002422SZ,2025-02-18,0.010338007472455502,0.0010962432
002459SZ,2025-02-18,-0.03276687487959862,-0.050046917
002460SZ,2025-02-18,0.010375484824180603,-0.00084751967
002463SZ,2025-02-18,0.03074035607278347,0.02821131
002466SZ,2025-02-18,0.004043382592499256,-0.00061184994
002475SZ,2025-02-18,-0.007248304318636656,-0.016025376
002493SZ,2025-02-18,-0.011126192286610603,-0.0056211096
002555SZ,2025-02-18,-0.03698493167757988,-0.035141747
002594SZ,2025-02-18,0.034269582480192184,0.021906769
002601SZ,2025-02-18,0.007875110022723675,0.0016802714
002648SZ,2025-02-18,0.02087477780878544,0.006984822
002709SZ,2025-02-18,0.0256896261125803,0.012949522
002714SZ,2025-02-18,-0.012020166032016277,-0.018391123
002916SZ,2025-02-18,0.012597411870956421,0.0068690456
002920SZ,2025-02-18,-0.008363173343241215,-0.03915602
002938SZ,2025-02-18,0.0011452301405370235,-0.008300615
003816SZ,2025-02-18,0.00011671858374029398,-0.010581698
300014SZ,2025-02-18,0.01961548440158367,0.01314234
300033SZ,2025-02-18,-0.041061121970415115,-0.048336674
300059SZ,2025-02-18,-0.0754576176404953,-0.04358523
300122SZ,2025-02-18,-0.032242629677057266,-0.041993406
300124SZ,2025-02-18,-0.0003706901043187827,-0.012656745
300274SZ,2025-02-18,0.022109968587756157,0.0068637184
300308SZ,2025-02-18,-0.017084220424294472,-0.01719269
300316SZ,2025-02-18,-0.014530695974826813,-0.015854027
300347SZ,2025-02-18,-0.00998085830360651,-0.034909435
300394SZ,2025-02-18,-0.018184304237365723,-0.010845969
300408SZ,2025-02-18,-0.03994439169764519,-0.025708092
300413SZ,2025-02-18,-0.0430467315018177,-0.07092929
300418SZ,2025-02-18,-0.006622294895350933,-0.017966133
300433SZ,2025-02-18,-0.0036249312106519938,-0.026053032
300450SZ,2025-02-18,0.06869174540042877,0.09135937
300498SZ,2025-02-18,-0.023679247125983238,-0.017282717
300502SZ,2025-02-18,-0.010884342715144157,0.0040469207
300628SZ,2025-02-18,-0.0243766400963068,-0.018162526
300661SZ,2025-02-18,-0.004001704975962639,-0.022438366
300750SZ,2025-02-18,0.014821301214396954,0.005072419
300759SZ,2025-02-18,-0.021605830639600754,-0.034548547
300760SZ,2025-02-18,0.015412981621921062,-0.009471082
300782SZ,2025-02-18,0.003774184500798583,-0.026900973
600000SS,2025-02-18,0.02813885733485222,0.022144541
600010SS,2025-02-18,-0.03203719109296799,-0.022219539
600011SS,2025-02-18,0.02824443392455578,0.009132264
600015SS,2025-02-18,0.0208338163793087,0.0067887753
600016SS,2025-02-18,0.02898392640054226,0.007134198
600018SS,2025-02-18,-0.011165859177708626,-0.006956406
600019SS,2025-02-18,-0.0019048613030463457,-0.002963032
600023SS,2025-02-18,0.03554842993617058,0.00903316
600025SS,2025-02-18,0.011560526676476002,0.0011217257
600026SS,2025-02-18,0.008833950385451317,-0.010855669
600028SS,2025-02-18,-0.004450912121683359,-0.00497919
600029SS,2025-02-18,-0.0013195449719205499,-0.01569215
600031SS,2025-02-18,0.0016038971953094006,-0.018603016
600036SS,2025-02-18,0.01677117310464382,0.0078784935
600048SS,2025-02-18,-0.010625254362821579,-0.019045876
600050SS,2025-02-18,0.01971077360212803,-0.013920434
600061SS,2025-02-18,-0.03462712839245796,-0.028741516
600085SS,2025-02-18,-0.027824020013213158,-0.020638494
600089SS,2025-02-18,0.006309913471341133,-0.0032388396
600104SS,2025-02-18,-0.013931436464190483,-0.04826503
600111SS,2025-02-18,-0.0036741660442203283,-0.016738866
600115SS,2025-02-18,-0.005436927545815706,-0.018891698
600161SS,2025-02-18,-0.023696236312389374,-0.011718365
600183SS,2025-02-18,0.028341252356767654,0.045176316
600188SS,2025-02-18,-0.014727483503520489,-0.009896969
600196SS,2025-02-18,0.004581730347126722,-0.021270016
600219SS,2025-02-18,-0.007078506518155336,-0.005167954
600233SS,2025-02-18,-0.033111199736595154,-0.031028222
600276SS,2025-02-18,-0.008430690504610538,-0.009768829
600309SS,2025-02-18,-0.010198140516877174,-0.0065535866
600332SS,2025-02-18,-0.026971377432346344,-0.014062935
600346SS,2025-02-18,0.01469384878873825,0.0070443624
600362SS,2025-02-18,-0.02402033470571041,-0.012756335
600377SS,2025-02-18,0.01793481595814228,0.009523622
600406SS,2025-02-18,0.004131713882088661,-0.005093367
600415SS,2025-02-18,-0.019483285024762154,-0.0274142
600426SS,2025-02-18,-0.02426290139555931,-0.014264693
600436SS,2025-02-18,-0.016947241500020027,-0.01179941
600438SS,2025-02-18,-0.03470314294099808,-0.041219633
600489SS,2025-02-18,-0.01223501656204462,-0.0069739916
600519SS,2025-02-18,0.010060548782348633,0.0022941679
600570SS,2025-02-18,-0.020044932141900063,-0.056063913
600585SS,2025-02-18,-0.005333475768566132,-0.0038404015
600588SS,2025-02-18,-0.00033015385270118713,-0.02483015
600600SS,2025-02-18,6.245984695851803e-05,-0.0045825453
600660SS,2025-02-18,0.028807679191231728,0.009976075
600674SS,2025-02-18,0.015645617619156837,0.0012819883
600741SS,2025-02-18,0.0024240929633378983,-0.008677976
600760SS,2025-02-18,-0.004763138946145773,-0.017328247
600795SS,2025-02-18,0.005172225646674633,-0.009411519
600809SS,2025-02-18,-0.009599807672202587,-0.024279786
600875SS,2025-02-18,-0.019560150802135468,-0.012080042
600886SS,2025-02-18,0.009878003969788551,-0.0027586618
600887SS,2025-02-18,-0.005964583717286587,-0.0062167766
600926SS,2025-02-18,0.008166459389030933,0.0020526994
600989SS,2025-02-18,0.006943284533917904,0.007407326
601006SS,2025-02-18,0.008911109529435635,-0.0014588133
601009SS,2025-02-18,-0.008101262152194977,-0.0038350765
601012SS,2025-02-18,0.0031283339485526085,-0.013178037
601021SS,2025-02-18,0.00735027901828289,-0.009258175
601058SS,2025-02-18,-0.021675335243344307,-0.01531716
601066SS,2025-02-18,-0.020329682156443596,-0.024190009
601088SS,2025-02-18,-0.009716720320284367,-0.018133523
601100SS,2025-02-18,0.02260916866362095,0.016725166
601117SS,2025-02-18,-0.02486925944685936,-0.01920269
601138SS,2025-02-18,-0.0026523007545620203,-0.009653102
601166SS,2025-02-18,0.012386269867420197,0.004761749
601169SS,2025-02-18,0.030995499342679977,0.010016434
601186SS,2025-02-18,-0.021471820771694183,-0.011833965
601225SS,2025-02-18,-0.008849338628351688,-0.020616354
601229SS,2025-02-18,0.03247315436601639,0.01729599
601238SS,2025-02-18,-0.016200168058276176,-0.024305847
601288SS,2025-02-18,0.020459897816181183,0.009496465
601318SS,2025-02-18,-0.0055030579678714275,-0.010276007
601319SS,2025-02-18,-0.007338837254792452,-0.008595916
601328SS,2025-02-18,0.033378444612026215,0.010810434
601336SS,2025-02-18,-0.020497223362326622,-0.022863537
601360SS,2025-02-18,-0.029566729441285133,-0.062644705
601390SS,2025-02-18,-0.024648277088999748,-0.010117776
601398SS,2025-02-18,0.02419319748878479,0.018503781
601600SS,2025-02-18,-0.008704010397195816,-0.005354717
601601SS,2025-02-18,0.009872512891888618,0.0021429893
601607SS,2025-02-18,-0.01599232107400894,-0.010539295
601618SS,2025-02-18,-0.01638207770884037,-0.009569218
601628SS,2025-02-18,-0.012629558332264423,-0.010991418
601633SS,2025-02-18,-0.002950489753857255,-0.005913593
601658SS,2025-02-18,0.041080839931964874,0.022137431
601668SS,2025-02-18,0.00488760182633996,-0.0018066365
601669SS,2025-02-18,-0.016657738015055656,-0.011695512
601688SS,2025-02-18,-0.029298929497599602,-0.020978604
601689SS,2025-02-18,-0.005159082356840372,-0.02002936
601698SS,2025-02-18,-0.03191111981868744,-0.049811848
601699SS,2025-02-18,-0.016118638217449188,-0.015528242
601766SS,2025-02-18,0.01937185600399971,0.0
601788SS,2025-02-18,-0.03587235510349274,-0.029589467
601799SS,2025-02-18,0.011285536922514439,-0.010839342
601800SS,2025-02-18,-0.02572018839418888,-0.01888605
601808SS,2025-02-18,0.0037024689372628927,-0.0034781774
601816SS,2025-02-18,0.0010328326607123017,-0.005323857
601818SS,2025-02-18,0.025063572451472282,0.015746996
601838SS,2025-02-18,0.029478443786501884,0.014946795
601857SS,2025-02-18,0.011694534681737423,0.0012398416
601865SS,2025-02-18,-0.04057289659976959,-0.0444442
601872SS,2025-02-18,-0.017888782545924187,-0.016404562
601877SS,2025-02-18,0.023594187572598457,-0.0038371107
601878SS,2025-02-18,-0.03858381137251854,-0.016919268
601881SS,2025-02-18,-0.03273776173591614,-0.028067084
601888SS,2025-02-18,-0.030043646693229675,-0.023591671
601899SS,2025-02-18,0.0016867171507328749,-0.0054694163
601901SS,2025-02-18,-0.0320076122879982,-0.027290247
601919SS,2025-02-18,-0.01751062646508217,-0.012227838
601939SS,2025-02-18,0.01763741672039032,0.007977122
601985SS,2025-02-18,0.018277622759342194,0.006859219
601988SS,2025-02-18,0.03782299906015396,0.021815605
601998SS,2025-02-18,0.03909175470471382,0.019591114
603019SS,2025-02-18,-0.05583786591887474,-0.04331506
603195SS,2025-02-18,0.02722606435418129,0.013332768
603259SS,2025-02-18,0.00464297691360116,-0.0135696465
603260SS,2025-02-18,0.0013295059325173497,-0.0069073727
603288SS,2025-02-18,-0.008692781440913677,-0.009259078
603369SS,2025-02-18,0.01974681206047535,-0.00042131473
603501SS,2025-02-18,0.03839683160185814,0.052857988
603659SS,2025-02-18,0.03251061961054802,0.023880938
603799SS,2025-02-18,-0.01783410832285881,-0.013911249
603806SS,2025-02-18,-0.033825166523456573,-0.02884014
603833SS,2025-02-18,-0.03250142186880112,-0.061623625
603986SS,2025-02-18,-0.028474748134613037,-0.032028742
603993SS,2025-02-18,-0.025561846792697906,-0.019969488
688008SS,2025-02-18,-0.04322679713368416,-0.039387517
688009SS,2025-02-18,-0.013391699641942978,-0.01060037
688012SS,2025-02-18,0.009135431610047817,-0.0036815573
688036SS,2025-02-18,-0.021807802841067314,-0.032353975
688111SS,2025-02-18,-0.012984558008611202,-0.043457717
688169SS,2025-02-18,-0.02207167260348797,-0.03530991
688396SS,2025-02-18,-0.03492146357893944,-0.022018055
000001SZ,2025-02-19,-0.027263736352324486,-0.008503283
000002SZ,2025-02-19,0.016488682478666306,0.017137852
000157SZ,2025-02-19,0.030600842088460922,0.028979449
000166SZ,2025-02-19,0.023891892284154892,0.009717944
000333SZ,2025-02-19,-0.01770629547536373,-0.0062783714
000338SZ,2025-02-19,0.021367637440562248,0.01226947
000538SZ,2025-02-19,-0.004472997505217791,-0.00017698185
000568SZ,2025-02-19,0.012961396016180515,0.0018504395
000596SZ,2025-02-19,0.0009896846022456884,-0.0046994924
000617SZ,2025-02-19,0.012994540855288506,0.009104507
000625SZ,2025-02-19,0.0013077739858999848,0.006769358
000651SZ,2025-02-19,-0.049148738384246826,-0.025651867
000661SZ,2025-02-19,0.010889316909015179,0.006599914
000708SZ,2025-02-19,-0.026181543245911598,-0.016721291
000725SZ,2025-02-19,-0.02588348463177681,-0.0066444813
000768SZ,2025-02-19,0.01453789509832859,0.015389932
000776SZ,2025-02-19,0.014934556558728218,0.0032164415
000786SZ,2025-02-19,-0.017130354419350624,-0.0003468996
000800SZ,2025-02-19,0.01758568361401558,0.008657797
000807SZ,2025-02-19,-0.0033148741349577904,0.0
000858SZ,2025-02-19,0.015532526187598705,0.0069648162
000876SZ,2025-02-19,0.07879464328289032,0.09511758
000895SZ,2025-02-19,-0.01835869625210762,0.00077110576
000938SZ,2025-02-19,0.03540680930018425,0.02369328
000963SZ,2025-02-19,0.007631771732121706,0.0030003937
000999SZ,2025-02-19,-0.026015719398856163,-0.010938815
001965SZ,2025-02-19,-0.0023839452769607306,0.008393527
002001SZ,2025-02-19,-0.0037422829773277044,0.0
002007SZ,2025-02-19,-0.007234800606966019,0.004895922
002027SZ,2025-02-19,-0.0045249261893332005,0.0
002028SZ,2025-02-19,-0.05528639629483223,-0.050979882
002050SZ,2025-02-19,0.03508833050727844,0.057045463
002129SZ,2025-02-19,0.03867918998003006,0.02553719
002179SZ,2025-02-19,0.01809312403202057,0.008624117
002230SZ,2025-02-19,0.013229338452219963,0.0110860765
002236SZ,2025-02-19,-0.0017220987938344479,0.009189903
002241SZ,2025-02-19,0.031216533854603767,0.02986534
002271SZ,2025-02-19,0.011316739022731781,0.006482908
002304SZ,2025-02-19,0.0025850485544651747,0.0003848527
002311SZ,2025-02-19,-0.021577736362814903,-0.015936913
002371SZ,2025-02-19,0.05624518543481827,0.05619854
002415SZ,2025-02-19,0.012121254578232765,0.004662086
002422SZ,2025-02-19,-0.03528651222586632,-0.01954446
002459SZ,2025-02-19,0.02519230544567108,0.026915198
002460SZ,2025-02-19,0.01303744688630104,0.008723617
002463SZ,2025-02-19,-0.020464802160859108,0.0011986454
002466SZ,2025-02-19,-0.007002332713454962,0.00030584427
002475SZ,2025-02-19,0.02013959176838398,0.015557744
002493SZ,2025-02-19,0.00907316617667675,0.0022523017
002555SZ,2025-02-19,-0.01134581957012415,0.009371892
002594SZ,2025-02-19,-0.030342504382133484,0.0063801017
002601SZ,2025-02-19,-0.0034795324318110943,-0.0011198227
002648SZ,2025-02-19,-0.02645013853907585,-0.006984735
002709SZ,2025-02-19,-0.013516925275325775,0.0035961345
002714SZ,2025-02-19,0.01761840470135212,0.006168771
002916SZ,2025-02-19,-0.020075395703315735,-0.0071393573
002920SZ,2025-02-19,0.012130525894463062,0.03684866
002938SZ,2025-02-19,0.007289431989192963,0.0014698416
003816SZ,2025-02-19,-0.01993712969124317,-0.005333265
300014SZ,2025-02-19,0.019376078620553017,0.012527516
300033SZ,2025-02-19,0.030821265652775764,0.03204391
300059SZ,2025-02-19,0.02808288298547268,0.020782491
300122SZ,2025-02-19,0.014777972362935543,0.009014142
300124SZ,2025-02-19,0.05781101435422897,0.0835638
300274SZ,2025-02-19,-0.011614835821092129,-0.006717203
300308SZ,2025-02-19,-0.006552330683916807,0.005706031
300316SZ,2025-02-19,0.02812359109520912,0.02638744
300347SZ,2025-02-19,0.028815146535634995,0.015773393
300394SZ,2025-02-19,-0.02530023641884327,-0.006813154
300408SZ,2025-02-19,0.016534002497792244,0.013336297
300413SZ,2025-02-19,0.01795692928135395,0.016229168
300418SZ,2025-02-19,0.010469920933246613,0.0054008947
300433SZ,2025-02-19,0.0319783054292202,0.045222595
300450SZ,2025-02-19,-0.02083268016576767,0.01983425
300498SZ,2025-02-19,0.024511730298399925,0.01176071
300502SZ,2025-02-19,-0.025342842563986778,-0.019738719
300628SZ,2025-02-19,0.020037449896335602,0.015240051
300661SZ,2025-02-19,0.03358840197324753,0.039057393
300750SZ,2025-02-19,0.012483821250498295,0.010214317
300759SZ,2025-02-19,0.029341472312808037,0.005595913
300760SZ,2025-02-19,-0.02262350171804428,-0.0015612493
300782SZ,2025-02-19,0.049993742257356644,0.045289904
600000SS,2025-02-19,-0.0073321848176419735,-0.0057306234
600010SS,2025-02-19,0.013386315666139126,0.011172833
600011SS,2025-02-19,-0.029743123799562454,-0.010662231
600015SS,2025-02-19,-0.014954125508666039,-0.0040677334
600016SS,2025-02-19,-0.028014805167913437,-0.011918456
600018SS,2025-02-19,-0.014402056112885475,-0.0034964797
600019SS,2025-02-19,-0.027482030913233757,-0.013442194
600023SS,2025-02-19,0.04407908767461777,0.023108082
600025SS,2025-02-19,-0.00370422238484025,0.0
600026SS,2025-02-19,0.0018095587147399783,0.0016778912
600028SS,2025-02-19,-0.042323797941207886,-0.0150871845
600029SS,2025-02-19,0.011361573822796345,-0.005286347
600031SS,2025-02-19,0.03175952658057213,0.02377158
600036SS,2025-02-19,-0.00044952298048883677,-0.0016660838
600048SS,2025-02-19,-0.003849777625873685,0.0012012649
600050SS,2025-02-19,-0.023633059114217758,0.003110444
600061SS,2025-02-19,0.013553911820054054,0.008298722
600085SS,2025-02-19,0.00865347869694233,-0.00027082057
600089SS,2025-02-19,-0.021776298061013222,-0.0008113693
600104SS,2025-02-19,0.010391835123300552,0.004540222
600111SS,2025-02-19,0.027317091822624207,0.020661693
600115SS,2025-02-19,-0.014305674470961094,-0.002728479
600161SS,2025-02-19,-0.025957243517041206,-0.012851708
600183SS,2025-02-19,0.012985717505216599,0.0035534918
600188SS,2025-02-19,-0.00939234159886837,-0.0030651432
600196SS,2025-02-19,-0.008656485937535763,-0.003132346
600219SS,2025-02-19,-0.005638218950480223,-0.0051947357
600233SS,2025-02-19,-0.013605646789073944,-0.005145188
600276SS,2025-02-19,-0.008731731213629246,-0.0024572928
600309SS,2025-02-19,-0.007805859670042992,-0.004440886
600332SS,2025-02-19,0.012662752531468868,0.0029773365
600346SS,2025-02-19,-0.010251353494822979,-0.005759937
600362SS,2025-02-19,0.009882954880595207,0.003323022
600377SS,2025-02-19,-0.02116517163813114,-0.0013550151
600406SS,2025-02-19,-0.005961539223790169,-0.007260202
600415SS,2025-02-19,0.020425185561180115,0.020232646
600426SS,2025-02-19,-0.032049525529146194,-0.010591878
600436SS,2025-02-19,-0.0018561076140031219,0.0012692492
600438SS,2025-02-19,0.01665150187909603,0.013779347
600489SS,2025-02-19,0.012005959637463093,0.0023302045
600519SS,2025-02-19,0.02245635725557804,0.0107886195
600570SS,2025-02-19,-0.026255981996655464,0.025327671
600585SS,2025-02-19,-0.007200978230684996,-0.0042844014
600588SS,2025-02-19,-0.022764001041650772,0.008733425
600600SS,2025-02-19,-0.023448681458830833,-0.006768868
600660SS,2025-02-19,-0.008843888528645039,-0.0033144264
600674SS,2025-02-19,-0.01266236137598753,-0.0044943504
600741SS,2025-02-19,0.018570607528090477,0.016708756
600760SS,2025-02-19,0.006022002547979355,0.0067008026
600795SS,2025-02-19,0.0035220400895923376,0.0047169016
600809SS,2025-02-19,0.006534120067954063,0.0075107347
600875SS,2025-02-19,0.014689191244542599,0.00806983
600886SS,2025-02-19,-0.014617745764553547,0.0
600887SS,2025-02-19,0.04625939205288887,0.030339863
600926SS,2025-02-19,-0.005487262737005949,0.0006833124
600989SS,2025-02-19,-0.017925521358847618,-0.014245168
601006SS,2025-02-19,-0.018259087577462196,0.0014587714
601009SS,2025-02-19,-0.015707598999142647,-0.0009611095
601012SS,2025-02-19,0.049145542085170746,0.032309823
601021SS,2025-02-19,0.019193220883607864,0.007492041
601058SS,2025-02-19,-0.02118631824851036,-0.00808609
601066SS,2025-02-19,0.02645248919725418,0.013378635
601088SS,2025-02-19,-0.02205486036837101,-0.014027701
601100SS,2025-02-19,0.05265532061457634,0.0949725
601117SS,2025-02-19,-0.018898874521255493,-0.0027739028
601138SS,2025-02-19,0.018396681174635887,0.024386603
601166SS,2025-02-19,-0.01023045927286148,-0.002378066
601169SS,2025-02-19,-0.0029115721117705107,-0.0033277622
601186SS,2025-02-19,0.00012491560482885689,0.0023781327
601225SS,2025-02-19,-0.022624172270298004,-0.016503
601229SS,2025-02-19,0.02652955986559391,0.009599773
601238SS,2025-02-19,0.02653040550649166,0.019931559
601288SS,2025-02-19,-0.016667919233441353,-0.007590032
601318SS,2025-02-19,-0.010762527585029602,0.00272474
601319SS,2025-02-19,0.002748178318142891,0.0043072524
601328SS,2025-02-19,-0.01486180815845728,-0.001344988
601336SS,2025-02-19,0.014450381509959698,0.0061767083
601360SS,2025-02-19,0.014292096719145775,0.021901404
601390SS,2025-02-19,0.024105092510581017,0.005071826
601398SS,2025-02-19,-0.020153094083070755,-0.005657673
601600SS,2025-02-19,0.008088319562375546,0.005354654
601601SS,2025-02-19,-0.006606885232031345,-0.008599402
601607SS,2025-02-19,-0.0011435499181970954,0.0
601618SS,2025-02-19,0.015491101890802383,0.0063898144
601628SS,2025-02-19,-0.00363579741679132,-0.00025126516
601633SS,2025-02-19,-0.0001807523804018274,0.0023696888
601658SS,2025-02-19,-0.021571537479758263,-0.0073258835
601668SS,2025-02-19,-6.430959183489904e-05,0.0018066508
601669SS,2025-02-19,0.00018925881886389107,0.0019589511
601688SS,2025-02-19,0.013658899813890457,0.00514429
601689SS,2025-02-19,0.031238051131367683,0.056143384
601698SS,2025-02-19,0.021097272634506226,0.024022033
601699SS,2025-02-19,0.005126120988279581,0.00411008
601766SS,2025-02-19,0.0128781134262681,0.0
601788SS,2025-02-19,0.02755051478743553,0.01319892
601799SS,2025-02-19,-0.020001444965600967,-0.0046705087
601800SS,2025-02-19,0.02079513855278492,0.0031729506
601808SS,2025-02-19,0.0015019291313365102,-0.00069714035
601816SS,2025-02-19,-0.0032691797241568565,0.0017778539
601818SS,2025-02-19,-0.007254911120980978,-0.0026075775
601838SS,2025-02-19,-0.009411873295903206,-0.0041628936
601857SS,2025-02-19,-0.026599083095788956,-0.01121457
601865SS,2025-02-19,0.022509347647428513,0.0261361
601872SS,2025-02-19,-0.021896088495850563,-0.016678153
601877SS,2025-02-19,0.06703490018844604,0.06720979
601878SS,2025-02-19,0.027176374569535255,0.010186472
601881SS,2025-02-19,0.055700551718473434,0.036797374
601888SS,2025-02-19,0.01007124874740839,0.009077929
601899SS,2025-02-19,-0.003935428336262703,-0.0036629522
601901SS,2025-02-19,0.020481649786233902,0.011256753
601919SS,2025-02-19,-0.007262848783284426,-0.0068586417
601939SS,2025-02-19,-0.009307638742029667,-0.0034111307
601985SS,2025-02-19,-0.022999269887804985,-0.006859302
601988SS,2025-02-19,-0.016247089952230453,-0.0054102074
601998SS,2025-02-19,-0.02386336587369442,-0.0059879413
603019SS,2025-02-19,0.0064656236208975315,0.015646331
603195SS,2025-02-19,0.006252969149500132,0.002645441
603259SS,2025-02-19,0.01829598657786846,0.016453225
603260SS,2025-02-19,0.0034578510094434023,0.006349187
603288SS,2025-02-19,-0.0036209821701049805,0.0024450854
603369SS,2025-02-19,-0.00412134500220418,-0.0074017765
603501SS,2025-02-19,0.023603295907378197,0.09502265
603659SS,2025-02-19,0.007851798087358475,0.0037197766
603799SS,2025-02-19,0.02581685222685337,0.011935979
603806SS,2025-02-19,-0.007921252399682999,0.002088388
603833SS,2025-02-19,-0.006485117599368095,-0.013103101
603986SS,2025-02-19,0.03838782384991646,0.032185525
603993SS,2025-02-19,0.006947152316570282,0.002877732
688008SS,2025-02-19,0.031710561364889145,0.019827241
688009SS,2025-02-19,0.026923900470137596,0.014108682
688012SS,2025-02-19,0.05983523279428482,0.044521693
688036SS,2025-02-19,-0.025154465809464455,-0.019106243
688111SS,2025-02-19,-0.008270875550806522,0.013792396
688169SS,2025-02-19,0.026051662862300873,0.011067334
688396SS,2025-02-19,0.04944504424929619,0.061713833
000001SZ,2025-02-20,-0.003002588637173176,-0.0042790137
000002SZ,2025-02-20,-0.00763184018433094,-0.017137831
000157SZ,2025-02-20,0.013177791610360146,0.006779659
000166SZ,2025-02-20,-0.011579059064388275,-0.0077668508
000333SZ,2025-02-20,-0.0018732877215370536,-0.0030837373
000338SZ,2025-02-20,0.002404905157163739,0.0006772369
000538SZ,2025-02-20,-0.006474865600466728,-0.001240008
000568SZ,2025-02-20,-0.003796996781602502,-0.008438668
000596SZ,2025-02-20,0.004088130313903093,0.004576059
000617SZ,2025-02-20,-0.010503384284675121,-0.010629885
000625SZ,2025-02-20,-0.012103760614991188,-0.004507881
000651SZ,2025-02-20,-0.005523784551769495,-0.0021482487
000661SZ,2025-02-20,0.026651309803128242,0.021074215
000708SZ,2025-02-20,-0.005565817002207041,-0.0025327012
000725SZ,2025-02-20,0.003249199129641056,0.0
000768SZ,2025-02-20,0.009345520287752151,0.005611205
000776SZ,2025-02-20,-0.006594592239707708,-0.0032164159
000786SZ,2025-02-20,0.0029822092037647963,0.0034638052
000800SZ,2025-02-20,-0.012030284851789474,-0.006176594
000807SZ,2025-02-20,0.013161172159016132,0.010535774
000858SZ,2025-02-20,-0.006146902218461037,-0.0046633827
000876SZ,2025-02-20,-0.003944830968976021,-0.03904759
000895SZ,2025-02-20,0.009324543178081512,0.0065296884
000938SZ,2025-02-20,-0.028783835470676422,-0.01415021
000963SZ,2025-02-20,0.02678215689957142,0.017813213
000999SZ,2025-02-20,-0.015382789075374603,-0.0070454767
001965SZ,2025-02-20,-0.014308623038232327,-0.0122319395
002001SZ,2025-02-20,0.011674409732222557,0.007850228
002007SZ,2025-02-20,0.007446374744176865,0.0018298542
002027SZ,2025-02-20,-0.01041488815099001,-0.0079049505
002028SZ,2025-02-20,-0.04023567587137222,-0.028935831
002050SZ,2025-02-20,-0.01815129816532135,-0.01632073
002129SZ,2025-02-20,-0.023148085922002792,-0.01881404
002179SZ,2025-02-20,0.015805326402187347,0.018931028
002230SZ,2025-02-20,-0.027796545997262,-0.014808513
002236SZ,2025-02-20,-0.018577875569462776,-0.014396117
002241SZ,2025-02-20,0.031023791059851646,0.03611416
002271SZ,2025-02-20,0.00987978745251894,0.008044881
002304SZ,2025-02-20,-0.0031664809212088585,-0.0015402957
002311SZ,2025-02-20,0.014081600122153759,0.008817672
002371SZ,2025-02-20,-0.011317513883113861,-0.0021906
002415SZ,2025-02-20,0.0006434564711526036,-0.004973559
002422SZ,2025-02-20,0.008729684166610241,0.012582838
002459SZ,2025-02-20,-0.029824422672390938,-0.0317381
002460SZ,2025-02-20,-0.01442314125597477,-0.009006282
002463SZ,2025-02-20,0.009449274279177189,0.01427131
002466SZ,2025-02-20,-0.007001154124736786,-0.011073068
002475SZ,2025-02-20,0.02232922799885273,0.027676392
002493SZ,2025-02-20,-0.0006235020118765533,-0.0022523082
002555SZ,2025-02-20,-0.01726256124675274,-0.016931934
002594SZ,2025-02-20,0.012330431491136551,0.011867313
002601SZ,2025-02-20,0.014661956578493118,0.00391382
002648SZ,2025-02-20,0.006594948936253786,0.008375915
002709SZ,2025-02-20,-0.01162158977240324,-0.012383437
002714SZ,2025-02-20,-0.015063674189150333,-0.012916664
002916SZ,2025-02-20,0.018395204097032547,0.033618458
002920SZ,2025-02-20,-0.0030956773553043604,-0.010502255
002938SZ,2025-02-20,0.025084596127271652,0.032028455
003816SZ,2025-02-20,-0.010091287083923817,-0.005361908
300014SZ,2025-02-20,-0.009746837429702282,-0.008483928
300033SZ,2025-02-20,-0.01156631950289011,-0.010810786
300059SZ,2025-02-20,-0.01450356189161539,-0.010550438
300122SZ,2025-02-20,0.020399538800120354,0.019700596
300124SZ,2025-02-20,-0.0024879754055291414,-0.0011030552
300274SZ,2025-02-20,-0.011255839839577675,-0.016693782
300308SZ,2025-02-20,-0.013132129795849323,0.0017491751
300316SZ,2025-02-20,-0.006456627976149321,-0.0028630234
300347SZ,2025-02-20,0.06539765000343323,0.08566481
300394SZ,2025-02-20,0.02035965956747532,0.03818968
300408SZ,2025-02-20,0.03272752836346626,0.02975066
300413SZ,2025-02-20,-0.002067180350422859,-0.0062396266
300418SZ,2025-02-20,-0.03476683050394058,-0.029943407
300433SZ,2025-02-20,0.001554938848130405,0.0051714475
300450SZ,2025-02-20,0.0018642860231921077,-0.004707876
300498SZ,2025-02-20,-0.01636798307299614,-0.008652485
300502SZ,2025-02-20,-0.009193085134029388,-0.018121388
300628SZ,2025-02-20,0.0014363538939505816,0.0021933054
300661SZ,2025-02-20,0.021442776545882225,0.025389232
300750SZ,2025-02-20,-0.005657607689499855,-0.012321291
300759SZ,2025-02-20,0.047078363597393036,0.058804557
300760SZ,2025-02-20,0.007036586757749319,0.002574816
300782SZ,2025-02-20,0.014656809158623219,0.004118272
600000SS,2025-02-20,-0.01267300732433796,-0.0048006414
600010SS,2025-02-20,0.033493947237730026,0.032778163
600011SS,2025-02-20,0.017430201172828674,0.016703365
600015SS,2025-02-20,-0.01767055131494999,-0.0054495195
600016SS,2025-02-20,-0.010342545807361603,-0.0024010087
600018SS,2025-02-20,-0.0321430042386055,-0.010563086
600019SS,2025-02-20,-0.002063305350020528,0.0
600023SS,2025-02-20,-0.021189607679843903,-0.015942302
600025SS,2025-02-20,-0.0009238127968274057,0.0011204157
600026SS,2025-02-20,-0.0036780573427677155,-0.016905025
600028SS,2025-02-20,0.0019360469887033105,-0.001690682
600029SS,2025-02-20,-0.0051893508061766624,-0.0035397853
600031SS,2025-02-20,0.017642227932810783,0.011395582
600036SS,2025-02-20,0.0004645439039450139,-0.0031015542
600048SS,2025-02-20,-0.028263282030820847,-0.015728047
600050SS,2025-02-20,-0.009092921391129494,-0.037961006
600061SS,2025-02-20,-0.008645524270832539,-0.008298691
600085SS,2025-02-20,-0.0021398761309683323,-0.004888624
600089SS,2025-02-20,-0.014578199945390224,-0.009787667
600104SS,2025-02-20,0.00400898139923811,0.0016974085
600111SS,2025-02-20,0.015595849603414536,0.015114683
600115SS,2025-02-20,0.006660753861069679,0.0
600161SS,2025-02-20,0.002478184411302209,0.0009945448
600183SS,2025-02-20,0.001872735912911594,-0.003256839
600188SS,2025-02-20,0.0023770746774971485,0.0015337608
600196SS,2025-02-20,0.00319359777495265,0.0031323098
600219SS,2025-02-20,0.00616699643433094,-0.0026075775
600233SS,2025-02-20,-0.0125173544511199,-0.008882103
600276SS,2025-02-20,0.058957599103450775,0.03923503
600309SS,2025-02-20,-0.023980876430869102,-0.015917901
600332SS,2025-02-20,0.012023676186800003,0.0
600346SS,2025-02-20,0.002862524474039674,-0.0077318326
600362SS,2025-02-20,-0.001344432937912643,-0.00142282
600377SS,2025-02-20,-0.01925015263259411,-0.014338625
600406SS,2025-02-20,-0.016016103327274323,-0.004726081
600415SS,2025-02-20,0.007071556989103556,0.010362377
600426SS,2025-02-20,-0.02167658694088459,-0.0185621
600436SS,2025-02-20,-0.008143234066665173,-0.005822284
600438SS,2025-02-20,-0.01737925410270691,-0.033579838
600489SS,2025-02-20,0.013448827899992466,0.010034489
600519SS,2025-02-20,-0.011033548973500729,-0.011466769
600570SS,2025-02-20,-0.005822135601192713,-0.01681564
600585SS,2025-02-20,-0.0030472613871097565,-0.0077585015
600588SS,2025-02-20,0.0073476918041706085,0.0280025
600600SS,2025-02-20,-0.004519942216575146,-0.0050705425
600660SS,2025-02-20,0.0008171997615136206,0.0019202833
600674SS,2025-02-20,0.010775851085782051,0.013422265
600741SS,2025-02-20,-0.01030517928302288,-0.009761487
600760SS,2025-02-20,0.0107550835236907,0.010848872
600795SS,2025-02-20,-0.004238922614604235,0.0
600809SS,2025-02-20,0.01096039917320013,0.004626371
600875SS,2025-02-20,-0.015694815665483475,-0.012128962
600886SS,2025-02-20,0.007251150440424681,0.012353648
600887SS,2025-02-20,-0.017050812020897865,-0.009654727
600926SS,2025-02-20,-0.01335588376969099,-0.0027359498
600989SS,2025-02-20,0.002357455436140299,-0.008142752
601006SS,2025-02-20,-0.0007180148968473077,-0.007315196
601009SS,2025-02-20,-0.013363344594836235,-0.002888727
601012SS,2025-02-20,-0.03157312795519829,-0.01913995
601021SS,2025-02-20,-0.026312317699193954,-0.0166358
601058SS,2025-02-20,-0.011216405779123306,-0.008834359
601066SS,2025-02-20,-0.007077782414853573,-0.0064645596
601088SS,2025-02-20,0.0025722442660480738,0.0030424662
601100SS,2025-02-20,0.008002148009836674,0.04228085
601117SS,2025-02-20,-0.02763950452208519,-0.011172805
601138SS,2025-02-20,-0.009663569740951061,-0.027033815
601166SS,2025-02-20,-0.0040648700669407845,-0.0076480475
601169SS,2025-02-20,0.006341798696666956,0.0016652762
601186SS,2025-02-20,-0.03146330639719963,-0.016765345
601225SS,2025-02-20,-0.00510392664000392,-0.015242976
601229SS,2025-02-20,-0.006327389273792505,-0.0010621819
601238SS,2025-02-20,-0.007060779258608818,-0.0099171335
601288SS,2025-02-20,0.0028167034033685923,0.0038023149
601318SS,2025-02-20,-0.018529105931520462,-0.013107147
601319SS,2025-02-20,-0.025051262229681015,-0.017339706
601328SS,2025-02-20,0.014460432343184948,-0.0013467189
601336SS,2025-02-20,-0.014657790772616863,-0.014887564
601360SS,2025-02-20,0.0002140526194125414,-0.008368107
601390SS,2025-02-20,-0.02454090118408203,-0.018721696
601398SS,2025-02-20,0.014310401864349842,0.004246241
601600SS,2025-02-20,0.006698596756905317,0.002666723
601601SS,2025-02-20,-0.027673983946442604,-0.019621138
601607SS,2025-02-20,-0.0025763045996427536,-0.0035379906
601618SS,2025-02-20,-0.02123979665338993,-0.016050383
601628SS,2025-02-20,-0.021918106824159622,-0.01825397
601633SS,2025-02-20,-0.018090032041072845,-0.014302051
601658SS,2025-02-20,-0.016518855467438698,-0.0018398968
601668SS,2025-02-20,-0.03669262304902077,-0.009066062
601669SS,2025-02-20,-0.02520200051367283,-0.017767653
601688SS,2025-02-20,-0.007079831324517727,-0.0011409466
601689SS,2025-02-20,-0.008828338235616684,-0.013617974
601698SS,2025-02-20,0.02168869599699974,0.037077196
601699SS,2025-02-20,0.004530183505266905,0.0
601766SS,2025-02-20,-0.03872949630022049,-0.017366746
601788SS,2025-02-20,7.152860052883625e-05,0.00056989637
601799SS,2025-02-20,-0.012455208227038383,-0.01221366
601800SS,2025-02-20,-0.02620929852128029,-0.01811253
601808SS,2025-02-20,0.003091430990025401,0.0055631953
601816SS,2025-02-20,-0.014390422962605953,-0.008920467
601818SS,2025-02-20,0.013178511522710323,0.005208329
601838SS,2025-02-20,-0.021214798092842102,-0.0059772683
601857SS,2025-02-20,0.004070998169481754,0.0037523177
601865SS,2025-02-20,0.0035863069351762533,0.0014594856
601872SS,2025-02-20,-0.0035299896262586117,-0.012307233
601877SS,2025-02-20,-0.0033006910234689713,-0.026295345
601878SS,2025-02-20,-0.016594499349594116,-0.0059296014
601881SS,2025-02-20,0.027556605637073517,0.017251596
601888SS,2025-02-20,-0.0035152167547494173,-0.006428687
601899SS,2025-02-20,0.014892226085066795,0.0054894583
601901SS,2025-02-20,0.0020476013887673616,-0.0024905745
601919SS,2025-02-20,-0.010673321783542633,-0.012464837
601939SS,2025-02-20,0.006717997137457132,0.0
601985SS,2025-02-20,0.0054176198318600655,-0.007897202
601988SS,2025-02-20,0.004121548496186733,0.0036100317
601998SS,2025-02-20,-0.007894293405115604,-0.0030075102
603019SS,2025-02-20,-0.010855797678232193,-0.014413166
603195SS,2025-02-20,-0.00665666488930583,-0.008223693
603259SS,2025-02-20,0.025636449456214905,0.029317364
603260SS,2025-02-20,0.03127798065543175,0.039400727
603288SS,2025-02-20,0.003945627249777317,0.0043859435
603369SS,2025-02-20,-0.005212207790464163,0.016211227
603501SS,2025-02-20,-0.011955780908465385,-0.031958412
603659SS,2025-02-20,-0.006298873107880354,-0.01370654
603799SS,2025-02-20,-0.004378944635391235,-0.0029708035
603806SS,2025-02-20,-0.017274674028158188,-0.018952359
603833SS,2025-02-20,-0.013715972192585468,-0.009982565
603986SS,2025-02-20,0.01416203286498785,0.0068775695
603993SS,2025-02-20,-0.0060698287561535835,-0.004319659
688008SS,2025-02-20,-0.020864909514784813,-0.0123468125
688009SS,2025-02-20,-0.03002993017435074,-0.014108626
688012SS,2025-02-20,0.019297707825899124,0.01884812
688036SS,2025-02-20,0.002259913133457303,0.0058631855
688111SS,2025-02-20,0.003156190738081932,-0.0016725915
688169SS,2025-02-20,0.023330166935920715,0.01679009
688396SS,2025-02-20,-0.008587300777435303,-0.003700641
000001SZ,2025-02-21,0.0029420373030006886,-0.001716714
000002SZ,2025-02-21,0.019382193684577942,0.013209506
000157SZ,2025-02-21,0.005163946188986301,-0.0067796092
000166SZ,2025-02-21,0.021596604958176613,0.017389923
000333SZ,2025-02-21,-0.0335538424551487,-0.009025467
000338SZ,2025-02-21,0.08439565449953079,0.0628885
000538SZ,2025-02-21,-0.024758342653512955,-0.008007622
000568SZ,2025-02-21,0.01560917217284441,0.009110648
000596SZ,2025-02-21,0.0080743208527565,0.0133597
000617SZ,2025-02-21,0.012856303714215755,0.012139126
000625SZ,2025-02-21,-0.008242599666118622,0.0030075249
000651SZ,2025-02-21,-0.02715984731912613,-0.011776977
000661SZ,2025-02-21,-0.014127909205853939,0.00040892343
000708SZ,2025-02-21,-0.016909867525100708,-0.0119044045
000725SZ,2025-02-21,0.02076639235019684,0.008849337
000768SZ,2025-02-21,0.0057011875323951244,0.00079909794
000776SZ,2025-02-21,0.031270429491996765,0.02040604
000786SZ,2025-02-21,-0.022225361317396164,-0.013576351
000800SZ,2025-02-21,0.007277501281350851,0.0037106317
000807SZ,2025-02-21,-0.012223107740283012,-0.007425554
000858SZ,2025-02-21,0.006294744089245796,0.0047396813
000876SZ,2025-02-21,0.004001352470368147,-0.005993997
000895SZ,2025-02-21,-0.015047280117869377,-0.00614445
000938SZ,2025-02-21,0.06494113057851791,0.095114246
000963SZ,2025-02-21,0.04818705841898918,0.036677
000999SZ,2025-02-21,-0.03345805034041405,-0.019512683
001965SZ,2025-02-21,-0.029977990314364433,-0.010827233
002001SZ,2025-02-21,-0.01208566315472126,-0.0018415687
002007SZ,2025-02-21,-0.012941036373376846,-0.0018298648
002027SZ,2025-02-21,0.012430318631231785,0.007904985
002028SZ,2025-02-21,0.017308048903942108,0.019205192
002050SZ,2025-02-21,0.009484968148171902,0.009359257
002129SZ,2025-02-21,0.008707389235496521,0.0044592884
002179SZ,2025-02-21,0.010158677585422993,0.010544501
002230SZ,2025-02-21,0.050144296139478683,0.03624517
002236SZ,2025-02-21,0.017481835559010506,0.026326409
002241SZ,2025-02-21,-0.010174275375902653,0.012092258
002271SZ,2025-02-21,0.01288878545165062,0.007980788
002304SZ,2025-02-21,0.028093354776501656,0.012889515
002311SZ,2025-02-21,-0.018121151253581047,-0.008199897
002371SZ,2025-02-21,0.012532231397926807,0.019585036
002415SZ,2025-02-21,0.017830751836299896,0.018522616
002422SZ,2025-02-21,0.04208097979426384,0.0459692
002459SZ,2025-02-21,0.001583944191224873,0.0040241247
002460SZ,2025-02-21,0.012926903553307056,0.012362596
002463SZ,2025-02-21,-0.022483237087726593,0.0035365054
002466SZ,2025-02-21,0.006329161114990711,0.009542631
002475SZ,2025-02-21,0.018487688153982162,0.02316117
002493SZ,2025-02-21,0.002394177485257387,-0.0022572665
002555SZ,2025-02-21,0.03699008747935295,0.037231006
002594SZ,2025-02-21,0.019640589132905006,0.05418532
002601SZ,2025-02-21,-0.019632218405604362,-0.008405549
002648SZ,2025-02-21,-0.012084245681762695,-0.0065085324
002709SZ,2025-02-21,0.03216072544455528,0.0256237
002714SZ,2025-02-21,0.009729862213134766,0.0021645194
002916SZ,2025-02-21,0.03527374938130379,0.048130322
002920SZ,2025-02-21,0.01923675648868084,0.012961523
002938SZ,2025-02-21,0.007097988855093718,0.012720301
003816SZ,2025-02-21,0.021181831136345863,0.015998961
300014SZ,2025-02-21,0.03241218626499176,0.03219994
300033SZ,2025-02-21,0.02785671129822731,0.04112485
300059SZ,2025-02-21,0.03789564594626427,0.03254558
300122SZ,2025-02-21,0.028663495555520058,0.026792739
300124SZ,2025-02-21,0.016209932044148445,0.0196701
300274SZ,2025-02-21,0.022174982354044914,0.005200976
300308SZ,2025-02-21,0.02141779661178589,0.036784753
300316SZ,2025-02-21,0.013334919698536396,0.010457691
300347SZ,2025-02-21,0.012343165464699268,0.039894674
300394SZ,2025-02-21,0.02393282763659954,0.036977276
300408SZ,2025-02-21,0.024638619273900986,0.019608408
300413SZ,2025-02-21,0.004235591273754835,0.007336684
300418SZ,2025-02-21,0.025128604844212532,0.022426296
300433SZ,2025-02-21,-0.012069464661180973,-0.004135063
300450SZ,2025-02-21,0.018905412405729294,0.014056856
300498SZ,2025-02-21,0.0175816398113966,0.011110831
300502SZ,2025-02-21,0.0176862645894289,0.015317166
300628SZ,2025-02-21,0.020707253366708755,0.011375548
300661SZ,2025-02-21,-0.02292514033615589,-0.015604322
300750SZ,2025-02-21,0.015163205564022064,0.019604083
300759SZ,2025-02-21,0.006332391873002052,0.028348407
300760SZ,2025-02-21,-0.011335751973092556,0.0045093684
300782SZ,2025-02-21,0.015532790683209896,0.019596487
600000SS,2025-02-21,-0.018268439918756485,-0.009670975
600010SS,2025-02-21,-0.016394007951021194,-0.010810485
600011SS,2025-02-21,-0.014512423425912857,-0.0045282384
600015SS,2025-02-21,-0.03712864965200424,-0.010988706
600016SS,2025-02-21,-0.017007330432534218,-0.007237449
600018SS,2025-02-21,0.001662230002693832,0.0035335356
600019SS,2025-02-21,0.015840189531445503,0.008981892
600023SS,2025-02-21,-0.018498271703720093,-0.014387714
600025SS,2025-02-21,-0.03236750513315201,-0.010129215
600026SS,2025-02-21,-0.02729976922273636,-0.014597699
600028SS,2025-02-21,-0.01737045682966709,0.0
600029SS,2025-02-21,0.003136939834803343,0.0
600031SS,2025-02-21,-0.021337993443012238,0.0016983605
600036SS,2025-02-21,-0.016402600333094597,-0.010810425
600048SS,2025-02-21,-0.021262116730213165,0.0
600050SS,2025-02-21,0.015622650273144245,0.09502265
600061SS,2025-02-21,0.021661031991243362,0.020616403
600085SS,2025-02-21,-0.014707445167005062,-0.002453349
600089SS,2025-02-21,0.00319323199801147,0.00081934716
600104SS,2025-02-21,-0.019859351217746735,-0.02228941
600111SS,2025-02-21,-0.014996309764683247,-0.008177183
600115SS,2025-02-21,0.0033338770736008883,0.0054495046
600161SS,2025-02-21,-0.01563371531665325,-0.003485235
600183SS,2025-02-21,0.017307991161942482,0.01588589
600188SS,2025-02-21,0.0032937314826995134,0.0
600196SS,2025-02-21,-0.01381666399538517,0.0019527643
600219SS,2025-02-21,0.009958154521882534,0.0026075135
600233SS,2025-02-21,0.0018795576179400086,0.0022279185
600276SS,2025-02-21,0.04215537756681442,0.03754739
600309SS,2025-02-21,-0.017132585868239403,-0.0068798265
600332SS,2025-02-21,-0.016841107979416847,-0.0059634177
600346SS,2025-02-21,-0.016149379312992096,-0.012365276
600362SS,2025-02-21,0.004844896029680967,-0.0033277622
600377SS,2025-02-21,-0.02111370489001274,-0.004135063
600406SS,2025-02-21,0.02159629575908184,0.01707822
600415SS,2025-02-21,0.031028952449560165,0.042665858
600426SS,2025-02-21,-0.01731182634830475,-0.00792063
600436SS,2025-02-21,0.00486920028924942,0.003917976
600438SS,2025-02-21,0.00434842286631465,0.0043827393
600489SS,2025-02-21,-0.030793635174632072,-0.030402368
600519SS,2025-02-21,0.007643037009984255,0.009593988
600570SS,2025-02-21,-0.008243435993790627,0.06044403
600585SS,2025-02-21,-0.02749677747488022,-0.019220607
600588SS,2025-02-21,-0.013511261902749538,-0.009059807
600600SS,2025-02-21,-0.0408824123442173,-0.013598824
600660SS,2025-02-21,0.012108043767511845,0.007470981
600674SS,2025-02-21,-0.03845296427607536,-0.018582195
600741SS,2025-02-21,0.005861176177859306,0.00861809
600760SS,2025-02-21,0.018780531361699104,0.010732372
600795SS,2025-02-21,-0.033647675067186356,-0.011833965
600809SS,2025-02-21,0.011377456597983837,0.013596295
600875SS,2025-02-21,0.01813327893614769,0.016138759
600886SS,2025-02-21,-0.02695678547024727,-0.009595334
600887SS,2025-02-21,-0.021249813959002495,-0.0050431658
600926SS,2025-02-21,-0.026129350066184998,-0.013098392
600989SS,2025-02-21,-0.028455816209316254,-0.012657711
601006SS,2025-02-21,-0.013099522329866886,-0.0073690526
601009SS,2025-02-21,-0.0370321162045002,-0.014569339
601012SS,2025-02-21,-0.009733304381370544,0.0068342392
601021SS,2025-02-21,0.002677226671949029,0.0035885326
601058SS,2025-02-21,0.004154537338763475,0.0034071377
601066SS,2025-02-21,0.01876269280910492,0.022838175
601088SS,2025-02-21,-0.01861349307000637,-0.023184434
601100SS,2025-02-21,0.011416480876505375,0.027313318
601117SS,2025-02-21,0.01578151248395443,0.006997843
601138SS,2025-02-21,0.015706311911344528,0.025312342
601166SS,2025-02-21,-0.016456712037324905,-0.008190642
601169SS,2025-02-21,-0.026807168498635292,-0.020166077
601186SS,2025-02-21,-0.020243089646100998,-0.0036296914
601225SS,2025-02-21,-0.01989474892616272,0.0
601229SS,2025-02-21,-0.017091885209083557,-0.012833659
601238SS,2025-02-21,0.004930047318339348,0.0022124555
601288SS,2025-02-21,-0.019834917038679123,-0.017223606
601318SS,2025-02-21,0.013892175629734993,0.008236775
601319SS,2025-02-21,0.010560775175690651,0.010152018
601328SS,2025-02-21,-0.012221592478454113,-0.006761307
601336SS,2025-02-21,0.028912073001265526,0.028943695
601360SS,2025-02-21,0.01373428013175726,0.029794708
601390SS,2025-02-21,-0.017074085772037506,-0.0017196992
601398SS,2025-02-21,-0.027995798736810684,-0.021410853
601600SS,2025-02-21,0.03029779903590679,0.024979616
601601SS,2025-02-21,0.012623287737369537,0.01405521
601607SS,2025-02-21,-0.015394531190395355,-0.0045673368
601618SS,2025-02-21,-0.014069407247006893,-0.0032414708
601628SS,2025-02-21,0.015505392104387283,0.016745793
601633SS,2025-02-21,0.008775468915700912,0.00797121
601658SS,2025-02-21,-0.022235115990042686,-0.0148414755
601668SS,2025-02-21,-0.05043003335595131,-0.018380804
601669SS,2025-02-21,-0.015076528303325176,-0.00399197
601688SS,2025-02-21,0.020713983103632927,0.018097997
601689SS,2025-02-21,0.010342270135879517,0.013071406
601698SS,2025-02-21,0.0045722005888819695,0.0116032
601699SS,2025-02-21,-0.019200855866074562,-0.0024640446
601766SS,2025-02-21,0.022844498977065086,0.018689882
601788SS,2025-02-21,0.011409470811486244,0.014143582
601799SS,2025-02-21,-0.028321634978055954,-0.020281898
601800SS,2025-02-21,0.0017712931148707867,0.0
601808SS,2025-02-21,-0.02056446485221386,-0.0027777879
601816SS,2025-02-21,-0.01970740221440792,-0.001793679
601818SS,2025-02-21,-0.017457282170653343,-0.015705831
601838SS,2025-02-21,-0.03611602634191513,-0.018147416
601857SS,2025-02-21,-0.02163890190422535,-0.0025000751
601865SS,2025-02-21,-0.015562278218567371,-0.014690642
601872SS,2025-02-21,0.002799212234094739,0.0015467345
601877SS,2025-02-21,0.022516096010804176,0.004499875
601878SS,2025-02-21,0.021104121580719948,0.019350251
601881SS,2025-02-21,-0.010686692781746387,0.010470901
601888SS,2025-02-21,0.014776579104363918,0.009545465
601899SS,2025-02-21,-0.026806097477674484,-0.015322424
601901SS,2025-02-21,0.015299590304493904,0.016078008
601919SS,2025-02-21,0.0047806911170482635,0.0
601939SS,2025-02-21,-0.020780034363269806,-0.016072365
601985SS,2025-02-21,-0.010852936655282974,0.0009906149
601988SS,2025-02-21,-0.020406508818268776,-0.016347684
601998SS,2025-02-21,-0.024877136573195457,-0.0030165974
603019SS,2025-02-21,0.058761537075042725,0.052510988
603195SS,2025-02-21,-0.021090121939778328,-0.015840042
603259SS,2025-02-21,0.04085890203714371,0.06095101
603260SS,2025-02-21,-0.015947144478559494,-0.00989095
603288SS,2025-02-21,0.014939479529857635,0.007991076
603369SS,2025-02-21,-0.01789054460823536,-0.012609911
603501SS,2025-02-21,0.017143601551651955,0.032084852
603659SS,2025-02-21,0.020313182845711708,0.019873852
603799SS,2025-02-21,0.02619984559714794,0.020285895
603806SS,2025-02-21,0.007317271549254656,0.002830898
603833SS,2025-02-21,0.01968497969210148,0.03584703
603986SS,2025-02-21,0.05985778570175171,0.07241648
603993SS,2025-02-21,-0.014880352653563023,-0.0028901617
688008SS,2025-02-21,0.07383037358522415,0.061100498
688009SS,2025-02-21,0.018671175464987755,0.010600407
688012SS,2025-02-21,0.028992217034101486,0.030056056
688036SS,2025-02-21,0.021855181083083153,0.030395553
688111SS,2025-02-21,0.016063814982771873,0.019590762
688169SS,2025-02-21,0.042005542665719986,0.06572397
688396SS,2025-02-21,0.028888441622257233,0.023406545
000001SZ,2025-02-24,-0.009119084104895592,-0.0043047536
000002SZ,2025-02-24,0.0227393489331007,0.025902456
000157SZ,2025-02-24,0.04333566501736641,0.03606042
000166SZ,2025-02-24,-0.018345745280385017,-0.0076921913
000333SZ,2025-02-24,0.013684818521142006,0.0042408993
000338SZ,2025-02-24,-0.017033593729138374,-0.021848211
000538SZ,2025-02-24,-0.004972429014742374,-0.005913413
000568SZ,2025-02-24,0.02893110364675522,0.022991184
000596SZ,2025-02-24,0.013534951955080032,0.013603938
000617SZ,2025-02-24,-0.01687321811914444,-0.009090721
000625SZ,2025-02-24,0.0014659954467788339,0.0007504983
000651SZ,2025-02-24,-0.0026861648075282574,-0.0021784138
000661SZ,2025-02-24,0.015729006379842758,0.0074326466
000708SZ,2025-02-24,0.02869066596031189,0.03939775
000725SZ,2025-02-24,0.01667735166847706,0.006586177
000768SZ,2025-02-24,0.0013838481390848756,0.0
000776SZ,2025-02-24,0.006962890736758709,0.005037786
000786SZ,2025-02-24,0.03235967457294464,0.017371887
000800SZ,2025-02-24,0.015222420915961266,0.013488001
000807SZ,2025-02-24,0.009511818177998066,0.010503219
000858SZ,2025-02-24,0.012786422856152058,0.0059310882
000876SZ,2025-02-24,0.01777561567723751,0.0315504
000895SZ,2025-02-24,0.018214227631688118,0.014910278
000938SZ,2025-02-24,0.01706617884337902,0.01773021
000963SZ,2025-02-24,-0.00426065269857645,0.0031156729
000999SZ,2025-02-24,0.019184503704309464,0.007422352
001965SZ,2025-02-24,0.016633758321404457,0.01925125
002001SZ,2025-02-24,-0.008900620974600315,-0.0018450322
002007SZ,2025-02-24,-0.029452800750732422,-0.009815713
002027SZ,2025-02-24,0.055036284029483795,0.027944932
002028SZ,2025-02-24,0.010578254237771034,0.010811967
002050SZ,2025-02-24,-0.03297221660614014,-0.022965148
002129SZ,2025-02-24,-0.00016794007387943566,0.0
002179SZ,2025-02-24,0.03274761885404587,0.012030079
002230SZ,2025-02-24,0.05149241164326668,0.032720197
002236SZ,2025-02-24,0.006750650703907013,0.012352117
002241SZ,2025-02-24,-0.010566105134785175,-0.011416673
002271SZ,2025-02-24,0.01169239915907383,0.0047581894
002304SZ,2025-02-24,0.004616518504917622,0.0060681836
002311SZ,2025-02-24,-0.017856290563941002,-0.0145130465
002371SZ,2025-02-24,0.0029683394823223352,0.0063878004
002415SZ,2025-02-24,-0.027550507336854935,-0.026025888
002422SZ,2025-02-24,-0.0020028625149279833,-0.0010542461
002459SZ,2025-02-24,0.03279227018356323,0.023021925
002460SZ,2025-02-24,-0.019327811896800995,-0.008694328
002463SZ,2025-02-24,-0.06489244848489761,-0.060565095
002466SZ,2025-02-24,-0.0037308179307729006,-0.003375785
002475SZ,2025-02-24,-0.0044725267216563225,-0.0017801246
002493SZ,2025-02-24,-0.0038819480687379837,-0.0011306233
002555SZ,2025-02-24,-0.028404919430613518,-0.017828189
002594SZ,2025-02-24,0.0013195736100897193,-0.017699603
002601SZ,2025-02-24,-0.0021966127678751945,0.0005626287
002648SZ,2025-02-24,-0.017485294491052628,-0.014563534
002709SZ,2025-02-24,0.02018938586115837,0.025476802
002714SZ,2025-02-24,0.013271387666463852,0.005390817
002916SZ,2025-02-24,-0.0367184542119503,-0.0513955
002920SZ,2025-02-24,-0.012790747918188572,-0.015226216
002938SZ,2025-02-24,-0.01704859919846058,-0.016758014
003816SZ,2025-02-24,0.021410956978797913,0.015746996
300014SZ,2025-02-24,-0.018705453723669052,-0.006097555
300033SZ,2025-02-24,-0.00759345106780529,-0.0050400505
300059SZ,2025-02-24,-0.02056901715695858,-0.009490156
300122SZ,2025-02-24,-0.04795515537261963,-0.02564649
300124SZ,2025-02-24,-0.020231550559401512,0.0010817155
300274SZ,2025-02-24,0.019256163388490677,0.008853236
300308SZ,2025-02-24,-0.03764665871858597,-0.036261294
300316SZ,2025-02-24,0.03629187121987343,0.028277198
300347SZ,2025-02-24,-0.03219825029373169,-0.03804051
300394SZ,2025-02-24,-0.022298406809568405,-0.028843878
300408SZ,2025-02-24,0.00010207129525952041,0.010536599
300413SZ,2025-02-24,-0.015092741698026657,-0.009179196
300418SZ,2025-02-24,-0.02005041390657425,-0.003072198
300433SZ,2025-02-24,0.018614187836647034,0.03126361
300450SZ,2025-02-24,-0.04353954270482063,-0.02353617
300498SZ,2025-02-24,0.017559682950377464,0.011595542
300502SZ,2025-02-24,-0.03991538658738136,-0.064229704
300628SZ,2025-02-24,-0.03616051375865936,-0.019194005
300661SZ,2025-02-24,-0.033570848405361176,-0.023506833
300750SZ,2025-02-24,-0.018144939094781876,-0.014805791
300759SZ,2025-02-24,-0.019454021006822586,-0.031858884
300760SZ,2025-02-24,0.015413353219628334,0.009841647
300782SZ,2025-02-24,-0.03195818513631821,-0.03144753
600000SS,2025-02-24,-0.018132587894797325,-0.007804753
600010SS,2025-02-24,0.009334037080407143,0.0054199835
600011SS,2025-02-24,0.004758544731885195,-0.0015140295
600015SS,2025-02-24,-0.016903208568692207,-0.0069298786
600016SS,2025-02-24,-0.01483188383281231,-0.0024243107
600018SS,2025-02-24,-0.005503545515239239,-0.0035335643
600019SS,2025-02-24,-0.0026413174346089363,0.001489125
600023SS,2025-02-24,-0.004934918601065874,0.0
600025SS,2025-02-24,-0.018358634784817696,-0.007949887
600026SS,2025-02-24,-0.01674378104507923,-0.0121841
600028SS,2025-02-24,-0.003337001660838723,-0.005088994
600029SS,2025-02-24,0.050018951296806335,0.036541343
600031SS,2025-02-24,0.003140803659334779,0.009008826
600036SS,2025-02-24,-0.009484544396400452,-0.0031450817
600048SS,2025-02-24,0.035645969212055206,0.018125499
600050SS,2025-02-24,0.004229480400681496,-0.0132835945
600061SS,2025-02-24,-0.004332832992076874,-0.0027247733
600085SS,2025-02-24,-0.024618005380034447,-0.008496431
600089SS,2025-02-24,-0.022007005289196968,-0.008223573
600104SS,2025-02-24,0.0023176029790192842,0.004613556
600111SS,2025-02-24,-0.013084362260997295,-0.0034631647
600115SS,2025-02-24,0.01998182386159897,0.034702417
600161SS,2025-02-24,-0.012321054004132748,-0.0060028713
600183SS,2025-02-24,-0.046445462852716446,-0.053917594
600188SS,2025-02-24,0.038331203162670135,0.018221693
600196SS,2025-02-24,0.0012972177937626839,-0.004692905
600219SS,2025-02-24,-0.025241315364837646,-0.0052218763
600233SS,2025-02-24,0.04021596163511276,0.027071614
600276SS,2025-02-24,-0.012350252829492092,-0.0039430805
600309SS,2025-02-24,0.003861925797536969,0.00029368856
600332SS,2025-02-24,-0.005204166751354933,-0.0011221499
600346SS,2025-02-24,-0.00623683026060462,0.0013088948
600362SS,2025-02-24,-0.0035704586189240217,-0.0009528762
600377SS,2025-02-24,0.01410222053527832,0.010305515
600406SS,2025-02-24,-0.009085158817470074,-0.0063708015
600415SS,2025-02-24,0.009486351162195206,0.0037922207
600426SS,2025-02-24,0.013602270744740963,0.0064402707
600436SS,2025-02-24,-0.0060338410548865795,-0.005538457
600438SS,2025-02-24,0.013528910465538502,0.01063284
600489SS,2025-02-24,0.013306519016623497,0.003950985
600519SS,2025-02-24,-0.003536597592756152,-0.0061604623
600570SS,2025-02-24,-0.028918327763676643,-0.033908244
600585SS,2025-02-24,-0.0034052105620503426,-0.00044123127
600588SS,2025-02-24,-0.03759165108203888,-0.046540525
600600SS,2025-02-24,0.01673687808215618,0.010981393
600660SS,2025-02-24,-0.032060448080301285,-0.01675565
600674SS,2025-02-24,-0.043686579912900925,-0.021573137
600741SS,2025-02-24,0.0020752318669110537,0.0022857233
600760SS,2025-02-24,-0.03260640427470207,-0.011833904
600795SS,2025-02-24,-0.0035703140310943127,-0.002383742
600809SS,2025-02-24,0.015539843589067459,0.02880807
600875SS,2025-02-24,-0.016158727928996086,-0.0060220594
600886SS,2025-02-24,-0.028298821300268173,-0.01946967
600887SS,2025-02-24,-0.01870642974972725,-0.0061582434
600926SS,2025-02-24,-0.014984783716499805,-0.0034758446
600989SS,2025-02-24,-0.00637791259214282,0.006349187
601006SS,2025-02-24,-0.020573729649186134,-0.013402269
601009SS,2025-02-24,-0.016165506094694138,-0.013792455
601012SS,2025-02-24,0.015124870464205742,0.0129185775
601021SS,2025-02-24,0.05965876951813698,0.0432041
601058SS,2025-02-24,0.003156278282403946,0.0047505964
601066SS,2025-02-24,-0.020055819302797318,-0.011155087
601088SS,2025-02-24,0.025744449347257614,0.010682725
601100SS,2025-02-24,-0.02763095498085022,-0.031083016
601117SS,2025-02-24,0.03971615061163902,0.0138497595
601138SS,2025-02-24,-0.003294754307717085,0.0004308487
601166SS,2025-02-24,-0.009223051369190216,-0.008746214
601169SS,2025-02-24,-0.031063614413142204,-0.010238614
601186SS,2025-02-24,0.0658734068274498,0.031018758
601225SS,2025-02-24,-0.005275334697216749,0.0010234835
601229SS,2025-02-24,-0.045904092490673065,-0.019563355
601238SS,2025-02-24,-0.02039296180009842,-0.011110792
601288SS,2025-02-24,-0.02287834696471691,-0.007751834
601318SS,2025-02-24,0.02613673359155655,0.015502945
601319SS,2025-02-24,0.014355810359120369,0.0071889954
601328SS,2025-02-24,-0.029506025835871696,-0.012286177
601336SS,2025-02-24,0.05368124693632126,0.03713088
601360SS,2025-02-24,-0.011208669282495975,-0.013962373
601390SS,2025-02-24,0.05756811425089836,0.025484465
601398SS,2025-02-24,-0.008638997562229633,-0.005788652
601600SS,2025-02-24,-0.006623194552958012,-0.0012995093
601601SS,2025-02-24,0.011674449779093266,0.008339506
601607SS,2025-02-24,-0.013669117353856564,-0.004077428
601618SS,2025-02-24,0.034806858748197556,0.019290876
601628SS,2025-02-24,0.004594642203301191,0.006271125
601633SS,2025-02-24,-0.0009711644961498678,-0.00039704572
601658SS,2025-02-24,-0.01895424723625183,-0.007504637
601668SS,2025-02-24,0.05167031288146973,0.02563682
601669SS,2025-02-24,0.028825126588344574,0.017838033
601688SS,2025-02-24,0.012619540095329285,0.0072603575
601689SS,2025-02-24,-0.0246883537620306,-0.024489582
601698SS,2025-02-24,0.01749994605779648,0.018741228
601699SS,2025-02-24,0.011635378003120422,0.0032840509
601766SS,2025-02-24,0.013370831497013569,0.009216359
601788SS,2025-02-24,-0.006628234870731831,-0.0039403276
601799SS,2025-02-24,0.015352213755249977,0.016903875
601800SS,2025-02-24,0.06149129942059517,0.047217704
601808SS,2025-02-24,-0.01952190324664116,-0.010485572
601816SS,2025-02-24,-0.020902695134282112,-0.0072071315
601818SS,2025-02-24,-0.013483450748026371,-0.005290961
601838SS,2025-02-24,-0.023854248225688934,-0.015998853
601857SS,2025-02-24,-0.019094301387667656,-0.011327461
601865SS,2025-02-24,0.01435259822756052,0.016632924
601872SS,2025-02-24,-0.03466751426458359,-0.020294482
601877SS,2025-02-24,-0.02065054327249527,0.011766718
601878SS,2025-02-24,-0.019350478425621986,-0.00920867
601881SS,2025-02-24,-0.03482058644294739,-0.02171511
601888SS,2025-02-24,-0.009463346563279629,-0.005419975
601899SS,2025-02-24,-0.010648543946444988,-0.0068174144
601901SS,2025-02-24,-0.0200501699000597,-0.008625793
601919SS,2025-02-24,-0.058844149112701416,-0.02611631
601939SS,2025-02-24,-0.020654752850532532,-0.00696853
601985SS,2025-02-24,-0.006631396245211363,-0.0029747493
601988SS,2025-02-24,-0.024339716881513596,-0.009199467
601998SS,2025-02-24,-0.025018908083438873,-0.010629885
603019SS,2025-02-24,0.008291522972285748,0.004408731
603195SS,2025-02-24,0.022375447675585747,0.03925254
603259SS,2025-02-24,-0.06098116934299469,-0.0726203
603260SS,2025-02-24,-0.01722676493227482,-0.013097486
603288SS,2025-02-24,-0.002401607809588313,-0.0014481882
603369SS,2025-02-24,0.02473226562142372,0.047665738
603501SS,2025-02-24,-0.01224403828382492,-0.051786724
603659SS,2025-02-24,0.015329874120652676,0.020089239
603799SS,2025-02-24,-0.019461756572127342,-0.005522155
603806SS,2025-02-24,0.014904031530022621,0.014034409
603833SS,2025-02-24,0.010773736983537674,0.014648398
603986SS,2025-02-24,0.02365904673933983,0.035214156
603993SS,2025-02-24,-0.0032328676898032427,0.0014461535
688008SS,2025-02-24,0.009018182754516602,0.0085335905
688009SS,2025-02-24,0.04990993067622185,0.024301957
688012SS,2025-02-24,0.004197981674224138,0.031380527
688036SS,2025-02-24,-0.009714928455650806,-0.011205289
688111SS,2025-02-24,0.004398047924041748,0.0056887255
688169SS,2025-02-24,-0.009717918932437897,-0.014205515
688396SS,2025-02-24,-0.0038799960166215897,-0.0020141578
000001SZ,2025-02-25,-0.028134165331721306,-0.010407342
000002SZ,2025-02-25,-0.013356203213334084,-0.018063081
000157SZ,2025-02-25,-0.0035062041133642197,-0.015872007
000166SZ,2025-02-25,-0.004492063075304031,-0.005808196
000333SZ,2025-02-25,-0.05869346484541893,-0.026581936
000338SZ,2025-02-25,0.020954981446266174,0.0135520855
000538SZ,2025-02-25,-0.016646459698677063,-0.0099338675
000568SZ,2025-02-25,-0.006724219303578138,-0.016131287
000596SZ,2025-02-25,0.0073689911514520645,-0.005963178
000617SZ,2025-02-25,-0.013629418797791004,-0.015336583
000625SZ,2025-02-25,0.014636916108429432,0.007473821
000651SZ,2025-02-25,-0.031057780608534813,-0.018831648
000661SZ,2025-02-25,-0.049393560737371445,-0.016671548
000708SZ,2025-02-25,-0.008531052619218826,-0.014078044
000725SZ,2025-02-25,-0.013834836892783642,-0.004385928
000768SZ,2025-02-25,-0.02533651702105999,-0.013670472
000776SZ,2025-02-25,-0.0448647104203701,-0.02094344
000786SZ,2025-02-25,-0.025558626279234886,-0.024403632
000800SZ,2025-02-25,0.0019313559168949723,-0.003660739
000807SZ,2025-02-25,-0.01460234820842743,-0.0129905585
000858SZ,2025-02-25,-0.023234384134411812,-0.024166757
000876SZ,2025-02-25,-0.06316845864057541,-0.0385804
000895SZ,2025-02-25,0.010824176482856274,0.00037949035
000938SZ,2025-02-25,0.01574741303920746,0.0036297487
000963SZ,2025-02-25,-0.0072652786038815975,-0.014814016
000999SZ,2025-02-25,-0.023602982982993126,-0.014899419
001965SZ,2025-02-25,0.014278745278716087,0.009111475
002001SZ,2025-02-25,-0.023591410368680954,-0.011141708
002007SZ,2025-02-25,-0.05528377741575241,-0.021811008
002027SZ,2025-02-25,-0.011495226062834263,-0.010777229
002028SZ,2025-02-25,-0.045617252588272095,-0.04281989
002050SZ,2025-02-25,0.013845296576619148,0.012727009
002129SZ,2025-02-25,0.027587061747908592,0.016546067
002179SZ,2025-02-25,-0.02598089911043644,-0.011761239
002230SZ,2025-02-25,-0.04853534698486328,-0.032360863
002236SZ,2025-02-25,0.0006977349403314292,-0.0100952
002241SZ,2025-02-25,0.013298171572387218,0.012084132
002271SZ,2025-02-25,-0.027996724471449852,-0.020781131
002304SZ,2025-02-25,-0.02013622783124447,-0.018186009
002311SZ,2025-02-25,-0.01563555747270584,-0.01642346
002371SZ,2025-02-25,0.0064023928716778755,-0.025903929
002415SZ,2025-02-25,-0.04375862702727318,-0.02382506
002422SZ,2025-02-25,-0.007090351078659296,-0.012026479
002459SZ,2025-02-25,0.020791776478290558,0.010928694
002460SZ,2025-02-25,0.01333982590585947,-0.00028167162
002463SZ,2025-02-25,0.0020528947934508324,-0.028142001
002466SZ,2025-02-25,0.013104981742799282,0.0021495316
002475SZ,2025-02-25,0.0320391021668911,0.028101526
002493SZ,2025-02-25,-0.028322242200374603,-0.015962524
002555SZ,2025-02-25,-0.05422340705990791,-0.016889634
002594SZ,2025-02-25,0.006484204437583685,-0.010123014
002601SZ,2025-02-25,-0.047579437494277954,-0.020452458
002648SZ,2025-02-25,-0.05775100365281105,-0.023942934
002709SZ,2025-02-25,0.0017371620051562786,-0.0059376354
002714SZ,2025-02-25,-0.027884192764759064,-0.01653232
002916SZ,2025-02-25,-0.03632691502571106,-0.038755536
002920SZ,2025-02-25,0.01865830086171627,0.011647144
002938SZ,2025-02-25,0.029843447729945183,0.03804817
003816SZ,2025-02-25,-0.0017723749624565244,-0.015747055
300014SZ,2025-02-25,0.004333551041781902,-0.014299088
300033SZ,2025-02-25,-0.014000908471643925,-0.01591439
300059SZ,2025-02-25,-0.02961631678044796,-0.017564481
300122SZ,2025-02-25,0.002809640020132065,-0.0026783952
300124SZ,2025-02-25,0.003515291027724743,0.005659567
300274SZ,2025-02-25,-0.0216860082000494,-0.013904663
300308SZ,2025-02-25,-0.0332755520939827,-0.02788922
300316SZ,2025-02-25,0.004783165641129017,-0.0015334903
300347SZ,2025-02-25,-0.010564431548118591,-0.029777741
300394SZ,2025-02-25,0.019159723073244095,-0.009438954
300408SZ,2025-02-25,-0.05313482508063316,-0.03813462
300413SZ,2025-02-25,-0.028993070125579834,-0.021999966
300418SZ,2025-02-25,-0.07997062057256699,-0.028318867
300433SZ,2025-02-25,-0.003540055826306343,-0.012120699
300450SZ,2025-02-25,0.009914030320942402,0.0017308489
300498SZ,2025-02-25,-0.01198414247483015,-0.013438569
300502SZ,2025-02-25,0.010596182197332382,-0.024973849
300628SZ,2025-02-25,-0.008060263469815254,-0.007881643
300661SZ,2025-02-25,0.013754492625594139,-0.0029129968
300750SZ,2025-02-25,0.0020199657883495092,-0.007467827
300759SZ,2025-02-25,-0.021507423371076584,-0.026747469
300760SZ,2025-02-25,-0.023813141509890556,-0.02279887
300782SZ,2025-02-25,0.007226919289678335,-0.0059275627
600000SS,2025-02-25,-0.012028144672513008,-0.010831751
600010SS,2025-02-25,0.0016361023299396038,0.0
600011SS,2025-02-25,0.003006673650816083,-0.0060789655
600015SS,2025-02-25,-0.0025306486058980227,-0.004181209
600016SS,2025-02-25,-0.006043345667421818,-0.0048661637
600018SS,2025-02-25,-0.05320243164896965,-0.021464417
600019SS,2025-02-25,-0.01878802850842476,-0.013482482
600023SS,2025-02-25,0.004608249291777611,-0.010928633
600025SS,2025-02-25,-0.013263571076095104,-0.006864943
600026SS,2025-02-25,0.013012958690524101,-0.0017528969
600028SS,2025-02-25,-0.015994641929864883,-0.010256136
600029SS,2025-02-25,-0.0005544180748984218,-0.008583473
600031SS,2025-02-25,0.025092992931604385,0.003357596
600036SS,2025-02-25,-0.0019895939622074366,-0.005832296
600048SS,2025-02-25,0.011960531584918499,-0.0011983532
600050SS,2025-02-25,0.017148515209555626,-0.014969222
600061SS,2025-02-25,-0.02841964177787304,-0.020673223
600085SS,2025-02-25,-0.006271764170378447,-0.012184582
600089SS,2025-02-25,-0.02298085205256939,-0.008291661
600104SS,2025-02-25,-0.016244370490312576,-0.020927863
600111SS,2025-02-25,-0.014427967369556427,-0.011338492
600115SS,2025-02-25,0.013513574376702309,0.0
600161SS,2025-02-25,-0.01768147014081478,-0.008566219
600183SS,2025-02-25,-0.027605528011918068,-0.038610153
600188SS,2025-02-25,0.027835605666041374,0.010478804
600196SS,2025-02-25,-0.031055690720677376,-0.013814267
600219SS,2025-02-25,-0.02631416916847229,-0.010525986
600233SS,2025-02-25,-0.013431640341877937,-0.022633106
600276SS,2025-02-25,-0.004683336708694696,-0.0150840385
600309SS,2025-02-25,-0.04020876809954643,-0.015388262
600332SS,2025-02-25,-0.02660175785422325,-0.010155765
600346SS,2025-02-25,-0.016537288203835487,-0.01781448
600362SS,2025-02-25,-0.027730045840144157,-0.012469544
600377SS,2025-02-25,0.016312621533870697,0.007490503
600406SS,2025-02-25,-0.020129475742578506,-0.014159337
600415SS,2025-02-25,0.008548417128622532,0.0030234505
600426SS,2025-02-25,0.0017539558466523886,-0.0119220745
600436SS,2025-02-25,-0.031198650598526,-0.012163951
600438SS,2025-02-25,0.03150331974029541,0.02936363
600489SS,2025-02-25,0.0031540461350232363,-0.014296369
600519SS,2025-02-25,-0.0037353967782109976,-0.01709346
600570SS,2025-02-25,-0.008625950664281845,-0.0354031
600585SS,2025-02-25,-0.01544328685849905,-0.0075303386
600588SS,2025-02-25,-0.003897003596648574,-0.018645084
600600SS,2025-02-25,-0.06089240312576294,-0.02014936
600660SS,2025-02-25,-0.03615275025367737,-0.015610193
600674SS,2025-02-25,-0.04548681899905205,-0.016659973
600741SS,2025-02-25,0.017576921731233597,0.0107859075
600760SS,2025-02-25,-0.027669839560985565,-0.0146561125
600795SS,2025-02-25,-0.03287701681256294,-0.016846
600809SS,2025-02-25,0.0037470392417162657,-0.024474075
600875SS,2025-02-25,-0.025171544402837753,-0.011474485
600886SS,2025-02-25,0.0069706314243376255,-0.009879755
600887SS,2025-02-25,-0.012702981941401958,-0.005830857
600926SS,2025-02-25,-0.03865853697061539,-0.016144913
600989SS,2025-02-25,0.013462726958096027,0.0
601006SS,2025-02-25,0.003624024335294962,-0.0030029665
601009SS,2025-02-25,0.010434310883283615,-0.00796797
601012SS,2025-02-25,0.022976795211434364,0.0054861386
601021SS,2025-02-25,0.02305864728987217,-0.0038189816
601058SS,2025-02-25,-0.022524401545524597,-0.021208733
601066SS,2025-02-25,-0.00767415389418602,-0.012496999
601088SS,2025-02-25,0.018917061388492584,-0.003641895
601100SS,2025-02-25,0.010753561742603779,-0.015977358
601117SS,2025-02-25,-0.018974395468831062,-0.013849735
601138SS,2025-02-25,-0.0005896459333598614,-0.005616674
601166SS,2025-02-25,0.0037149598356336355,-0.0039119646
601169SS,2025-02-25,-0.006091494113206863,-0.005158968
601186SS,2025-02-25,-0.0221035648137331,-0.014200438
601225SS,2025-02-25,0.012041794136166573,0.0025543645
601229SS,2025-02-25,0.009375417605042458,0.0010970767
601238SS,2025-02-25,0.004852776415646076,0.0
601288SS,2025-02-25,0.005039502866566181,-0.0058535784
601318SS,2025-02-25,-0.04251065105199814,-0.019807756
601319SS,2025-02-25,-0.03508692607283592,-0.017339706
601328SS,2025-02-25,-0.010207313112914562,-0.013830641
601336SS,2025-02-25,-0.042168211191892624,-0.035313427
601360SS,2025-02-25,0.0012817004462704062,-0.014999165
601390SS,2025-02-25,-0.018601160496473312,-0.016919268
601398SS,2025-02-25,0.001128976815380156,-0.004363599
601600SS,2025-02-25,-0.060576893389225006,-0.035726517
601601SS,2025-02-25,-0.04645306617021561,-0.022077803
601607SS,2025-02-25,-0.014529943466186523,-0.012332514
601618SS,2025-02-25,-0.008617937564849854,-0.009599847
601628SS,2025-02-25,-0.04009218141436577,-0.019950036
601633SS,2025-02-25,0.011601444333791733,-0.0007946069
601658SS,2025-02-25,-0.003889992367476225,-0.009460433
601668SS,2025-02-25,-0.05395056679844856,-0.012738347
601669SS,2025-02-25,-0.014205530285835266,-0.011857303
601688SS,2025-02-25,-0.01663193665444851,-0.014573209
601689SS,2025-02-25,0.012957463972270489,0.009897238
601698SS,2025-02-25,0.006716595496982336,-0.0027210678
601699SS,2025-02-25,0.022845519706606865,0.0040900167
601766SS,2025-02-25,-0.01933472231030464,-0.01585106
601788SS,2025-02-25,-0.00848684087395668,-0.014199773
601799SS,2025-02-25,0.026265393942594528,0.03062532
601800SS,2025-02-25,-0.017308807000517845,-0.017587889
601808SS,2025-02-25,-0.0031346860341727734,-0.005637713
601816SS,2025-02-25,-0.02153528295457363,-0.01090887
601818SS,2025-02-25,-0.011523406952619553,-0.007989238
601838SS,2025-02-25,-0.028643537312746048,-0.018151907
601857SS,2025-02-25,-0.014403555542230606,-0.0114573045
601865SS,2025-02-25,0.030195292085409164,0.029159354
601872SS,2025-02-25,-0.001239226432517171,-0.0031595514
601877SS,2025-02-25,-0.03470483794808388,-0.027392102
601878SS,2025-02-25,-0.03996079042553902,-0.017817877
601881SS,2025-02-25,-0.02048981934785843,-0.020159269
601888SS,2025-02-25,-0.021162400022149086,-0.011095184
601899SS,2025-02-25,-0.02553352527320385,-0.018830737
601901SS,2025-02-25,-0.02638895809650421,-0.016218554
601919SS,2025-02-25,-0.006967872381210327,-0.013683159
601939SS,2025-02-25,-0.0027665840461850166,-0.009367481
601985SS,2025-02-25,0.0006569264805875719,-0.011987574
601988SS,2025-02-25,-0.01033911481499672,-0.009284824
601998SS,2025-02-25,-0.027436915785074234,-0.010744156
603019SS,2025-02-25,-0.00525198969990015,-0.015515109
603195SS,2025-02-25,-0.008160215802490711,-0.020900914
603259SS,2025-02-25,0.007640873081982136,-0.017922273
603260SS,2025-02-25,0.010753879323601723,0.0074796183
603288SS,2025-02-25,-0.038168903440237045,-0.020495635
603369SS,2025-02-25,0.02351442724466324,-0.0018165488
603501SS,2025-02-25,-0.010439600795507431,-0.018840877
603659SS,2025-02-25,0.02168489806354046,0.022053868
603799SS,2025-02-25,0.058360956609249115,0.04394187
603806SS,2025-02-25,0.020890723913908005,0.0131526925
603833SS,2025-02-25,-0.021603016182780266,-0.03580228
603986SS,2025-02-25,-0.01783602684736252,-0.042837467
603993SS,2025-02-25,-0.049139536917209625,-0.021911176
688008SS,2025-02-25,0.05424647405743599,0.027548585
688009SS,2025-02-25,-0.01735764928162098,-0.012078895
688012SS,2025-02-25,-0.03728395700454712,-0.021313652
688036SS,2025-02-25,-0.013874584808945656,-0.014389165
688111SS,2025-02-25,-0.040756870061159134,-0.019505879
688169SS,2025-02-25,-0.0013238589745014906,-0.020884547
688396SS,2025-02-25,0.008545469492673874,0.0034216316
000001SZ,2025-02-26,0.004024456720799208,0.004349744
000002SZ,2025-02-26,0.013742235489189625,0.020616403
000157SZ,2025-02-26,0.009990065358579159,0.015872048
000166SZ,2025-02-26,0.021277882158756256,0.01732293
000333SZ,2025-02-26,0.008356506936252117,0.015665691
000338SZ,2025-02-26,-0.00985990185290575,0.011471824
000538SZ,2025-02-26,-0.011309117078781128,-0.00036311778
000568SZ,2025-02-26,0.0111906249076128,0.013913468
000596SZ,2025-02-26,-0.0071543860249221325,-0.0037528696
000617SZ,2025-02-26,0.014410647563636303,0.010760672
000625SZ,2025-02-26,-0.012411169707775116,-0.00298282
000651SZ,2025-02-26,0.001998963998630643,0.010316604
000661SZ,2025-02-26,0.008303850889205933,0.008524489
000708SZ,2025-02-26,0.022319652140140533,0.040033046
000725SZ,2025-02-26,-0.03464982286095619,-0.015503004
000768SZ,2025-02-26,-0.01054814551025629,-0.0028380975
000776SZ,2025-02-26,0.0124308280646801,0.015275968
000786SZ,2025-02-26,-0.009848102927207947,-0.0038903635
000800SZ,2025-02-26,-0.005744394846260548,0.0036607487
000807SZ,2025-02-26,-0.0010231523774564266,0.0
000858SZ,2025-02-26,0.005472969729453325,0.008122092
000876SZ,2025-02-26,-0.0121004031971097,-0.0020201304
000895SZ,2025-02-26,0.001333917025476694,0.016179567
000938SZ,2025-02-26,-0.01661335490643978,-0.0045391954
000963SZ,2025-02-26,0.008319626562297344,0.010563609
000999SZ,2025-02-26,-0.0031543492805212736,0.0048309136
001965SZ,2025-02-26,0.007249657995998859,0.02094015
002001SZ,2025-02-26,-0.006820941809564829,0.0013996091
002007SZ,2025-02-26,0.003166491398587823,0.009407199
002027SZ,2025-02-26,-0.0006210529827512801,0.0015467345
002028SZ,2025-02-26,-0.006072626914829016,0.0078266915
002050SZ,2025-02-26,0.022623158991336823,0.020952286
002129SZ,2025-02-26,0.05044163018465042,0.033341974
002179SZ,2025-02-26,0.049208078533411026,0.043126605
002230SZ,2025-02-26,-0.011750562116503716,-0.0048661637
002236SZ,2025-02-26,-0.014539417810738087,-0.008491142
002241SZ,2025-02-26,-0.026366040110588074,-0.014789037
002271SZ,2025-02-26,0.023989764973521233,0.028656457
002304SZ,2025-02-26,0.006376116536557674,0.0061418777
002311SZ,2025-02-26,0.019325772300362587,0.01684095
002371SZ,2025-02-26,-0.007570364978164434,0.01775503
002415SZ,2025-02-26,6.16622855886817e-05,0.0035306846
002422SZ,2025-02-26,0.033581677824258804,0.034954354
002459SZ,2025-02-26,0.03965124487876892,0.049193963
002460SZ,2025-02-26,0.011249136179685593,0.011764243
002463SZ,2025-02-26,0.011312255635857582,0.015819376
002466SZ,2025-02-26,0.005349650513380766,0.012800558
002475SZ,2025-02-26,-0.030397288501262665,-0.02698945
002493SZ,2025-02-26,0.008067289367318153,0.014830899
002555SZ,2025-02-26,-0.012621460482478142,-0.0018945965
002594SZ,2025-02-26,-0.01008096057921648,-0.0010475037
002601SZ,2025-02-26,0.013617672957479954,0.014248398
002648SZ,2025-02-26,0.0036013887729495764,0.0057999
002709SZ,2025-02-26,0.037215713411569595,0.029333558
002714SZ,2025-02-26,0.003429470583796501,0.0065377415
002916SZ,2025-02-26,-0.010597657412290573,-0.015109024
002920SZ,2025-02-26,-0.017514804378151894,-0.008854743
002938SZ,2025-02-26,-0.021299708634614944,-0.017100612
003816SZ,2025-02-26,-0.00913980696350336,0.0
300014SZ,2025-02-26,0.006278460845351219,0.01167483
300033SZ,2025-02-26,0.03882216289639473,0.039827544
300059SZ,2025-02-26,0.03640780225396156,0.029099774
300122SZ,2025-02-26,0.00012245529796928167,0.0057305656
300124SZ,2025-02-26,0.03077586367726326,0.04669374
300274SZ,2025-02-26,0.039572663605213165,0.044118796
300308SZ,2025-02-26,0.005836217198520899,0.007782693
300316SZ,2025-02-26,0.045247212052345276,0.039400958
300347SZ,2025-02-26,0.029125675559043884,0.04116711
300394SZ,2025-02-26,0.017459267750382423,0.041528612
300408SZ,2025-02-26,-0.01653314009308815,-0.004156909
300413SZ,2025-02-26,-0.012649920769035816,-0.0064307866
300418SZ,2025-02-26,-0.015759525820612907,-0.0061057103
300433SZ,2025-02-26,-0.014122899621725082,-0.009188158
300450SZ,2025-02-26,-0.006463442929089069,0.01629401
300498SZ,2025-02-26,0.008525297977030277,0.0061312146
300502SZ,2025-02-26,0.018036620691418648,0.020561075
300628SZ,2025-02-26,-0.0006318060331977904,0.0007416834
300661SZ,2025-02-26,-0.01709369756281376,0.005195877
300750SZ,2025-02-26,-0.009364459663629532,-0.0031964441
300759SZ,2025-02-26,0.0007151855388656259,0.02145682
300760SZ,2025-02-26,-0.0046866280026733875,0.0030601742
300782SZ,2025-02-26,-0.015334870666265488,0.008441399
600000SS,2025-02-26,0.023153681308031082,0.007889374
600010SS,2025-02-26,0.0353279672563076,0.031906772
600011SS,2025-02-26,0.013997100293636322,0.015127714
600015SS,2025-02-26,0.008582971058785915,0.009728803
600016SS,2025-02-26,0.00943784974515438,0.004866147
600018SS,2025-02-26,-0.0072293453849852085,0.0036101504
600019SS,2025-02-26,0.05408230051398277,0.04566513
600023SS,2025-02-26,-0.00837851595133543,0.005479381
600025SS,2025-02-26,-0.004556204658001661,0.0034383824
600026SS,2025-02-26,-0.011374969966709614,-0.0043955063
600028SS,2025-02-26,-0.005961006972938776,-0.005167954
600029SS,2025-02-26,-0.011687994003295898,-0.003454193
600031SS,2025-02-26,-0.012365753762423992,-0.0061640604
600036SS,2025-02-26,0.007416007574647665,0.010907472
600048SS,2025-02-26,0.03765532001852989,0.034167957
600050SS,2025-02-26,-0.008671456947922707,-0.003021141
600061SS,2025-02-26,0.024133745580911636,0.019308642
600085SS,2025-02-26,0.015675215050578117,0.008323902
600089SS,2025-02-26,0.034190356731414795,0.023042183
600104SS,2025-02-26,-0.012166958302259445,-0.008259509
600111SS,2025-02-26,-0.009113877080380917,0.00043847482
600115SS,2025-02-26,-0.014848507940769196,-0.007905011
600161SS,2025-02-26,0.022443287074565887,0.017058423
600183SS,2025-02-26,-0.006460299715399742,0.0070197415
600188SS,2025-02-26,-0.012175798416137695,-0.00074491807
600196SS,2025-02-26,0.0062870425172150135,0.008705774
600219SS,2025-02-26,0.003297350136563182,0.0052769883
600233SS,2025-02-26,0.014924786984920502,0.016116241
600276SS,2025-02-26,-0.0038250302895903587,0.0037926957
600309SS,2025-02-26,0.033562809228897095,0.019051574
600332SS,2025-02-26,0.00018970854580402374,0.003773457
600346SS,2025-02-26,-0.006284879986196756,0.003986606
600362SS,2025-02-26,0.06014507636427879,0.024311027
600377SS,2025-02-26,0.009402000345289707,0.01280703
600406SS,2025-02-26,-0.001973347505554557,0.0012956798
600415SS,2025-02-26,-0.008292020298540592,-0.005296953
600426SS,2025-02-26,0.04083959013223648,0.023700377
600436SS,2025-02-26,-0.0014309134567156434,0.004319003
600438SS,2025-02-26,0.00883172545582056,0.029885223
600489SS,2025-02-26,-0.01312326081097126,-0.006420469
600519SS,2025-02-26,0.0017247996293008327,0.0041249203
600570SS,2025-02-26,-0.008659695275127888,0.014256857
600585SS,2025-02-26,-0.004148712381720543,0.0075303735
600588SS,2025-02-26,0.002030696254223585,0.0036364
600600SS,2025-02-26,0.023547226563096046,0.019129908
600660SS,2025-02-26,0.014810801483690739,0.016841302
600674SS,2025-02-26,0.017162149772047997,0.019958073
600741SS,2025-02-26,0.0016114861937239766,0.010670931
600760SS,2025-02-26,-0.00714479573071003,-0.010117776
600795SS,2025-02-26,0.02732624113559723,0.02397737
600809SS,2025-02-26,0.001580005744472146,0.026130646
600875SS,2025-02-26,0.01779082603752613,0.011474534
600886SS,2025-02-26,-0.0008761069038882852,0.006362572
600887SS,2025-02-26,0.0012600290356203914,0.0025551969
600926SS,2025-02-26,0.003584300633519888,0.011958828
600989SS,2025-02-26,0.019032375887036324,0.024996115
601006SS,2025-02-26,0.006197051610797644,0.01195765
601009SS,2025-02-26,-0.005834902171045542,0.0059820423
601012SS,2025-02-26,0.04990220069885254,0.057802893
601021SS,2025-02-26,-0.014779497869312763,-0.011931785
601058SS,2025-02-26,0.042941611260175705,0.025260534
601066SS,2025-02-26,0.024562831968069077,0.029176243
601088SS,2025-02-26,-0.004994518123567104,-0.0025291755
601100SS,2025-02-26,0.02768847346305847,0.03325306
601117SS,2025-02-26,0.025357335805892944,0.019335173
601138SS,2025-02-26,-0.019361956045031548,-0.013521744
601166SS,2025-02-26,-0.008835610002279282,0.0014687703
601169SS,2025-02-26,-0.00435585156083107,0.0034423028
601186SS,2025-02-26,0.005045903380960226,0.009489736
601225SS,2025-02-26,-0.00596690084785223,-0.0066546816
601229SS,2025-02-26,0.017205622047185898,0.0076459544
601238SS,2025-02-26,0.0009616138995625079,0.005571019
601288SS,2025-02-26,-0.005714166443794966,0.001955025
601318SS,2025-02-26,0.01407857146114111,0.012475136
601319SS,2025-02-26,0.003985528834164143,0.010152018
601328SS,2025-02-26,-0.0033351958263665438,0.0027816838
601336SS,2025-02-26,0.016132507473230362,0.03082304
601360SS,2025-02-26,-0.013260318897664547,-0.004207006
601390SS,2025-02-26,0.007036338560283184,0.010186472
601398SS,2025-02-26,-0.008309988304972649,0.0029112515
601600SS,2025-02-26,-0.00045864013372920454,-0.0013486288
601601SS,2025-02-26,0.025232166051864624,0.021770371
601607SS,2025-02-26,2.5342567823827267e-05,0.0036128822
601618SS,2025-02-26,0.02018863521516323,0.015948057
601628SS,2025-02-26,0.003997015301138163,0.014435085
601633SS,2025-02-26,-0.01088662352412939,-0.0015910388
601658SS,2025-02-26,0.0012967634247615933,0.0037950708
601668SS,2025-02-26,0.012619530782103539,0.012738424
601669SS,2025-02-26,0.012449379079043865,0.009890865
601688SS,2025-02-26,0.017319204285740852,0.016240893
601689SS,2025-02-26,0.006611487828195095,0.005671183
601698SS,2025-02-26,-0.02171948179602623,-0.015098679
601699SS,2025-02-26,-0.0018728540744632483,0.0040732776
601766SS,2025-02-26,-0.000954336195718497,0.003986606
601788SS,2025-02-26,0.021894535049796104,0.02541246
601799SS,2025-02-26,-0.011446468532085419,0.001327824
601800SS,2025-02-26,-0.0011127962497994304,0.008315864
601808SS,2025-02-26,0.005973808467388153,0.0035273586
601816SS,2025-02-26,-0.0025929531548172235,0.003649584
601818SS,2025-02-26,0.0019351968076080084,0.0026701707
601838SS,2025-02-26,-0.00024493213277310133,0.001262701
601857SS,2025-02-26,-0.00568183371797204,-0.0025640733
601865SS,2025-02-26,0.015800774097442627,0.039707217
601872SS,2025-02-26,-0.01001567579805851,-0.0031695368
601877SS,2025-02-26,-0.011704742908477783,0.0024844464
601878SS,2025-02-26,0.025603050366044044,0.02201249
601881SS,2025-02-26,0.07244333624839783,0.0948392
601888SS,2025-02-26,0.01653295010328293,0.016350407
601899SS,2025-02-26,0.014179006218910217,0.0050568813
601901SS,2025-02-26,0.03762375935912132,0.035813145
601919SS,2025-02-26,-0.0019126824336126447,0.002173084
601939SS,2025-02-26,0.002588441362604499,0.0046948334
601985SS,2025-02-26,-0.01424149889498949,-0.005037774
601988SS,2025-02-26,-0.0007592798210680485,0.009284859
601998SS,2025-02-26,-0.0006810289341956377,0.0030816847
603019SS,2025-02-26,0.0345187708735466,0.027214672
603195SS,2025-02-26,-0.012821773998439312,-0.0047941133
603259SS,2025-02-26,0.028302213177084923,0.03072326
603260SS,2025-02-26,-0.0023687449283897877,0.009586433
603288SS,2025-02-26,-0.009191487915813923,-0.002963032
603369SS,2025-02-26,-0.009888118132948875,0.014638768
603501SS,2025-02-26,-0.010672579519450665,0.008725272
603659SS,2025-02-26,0.02262551710009575,0.034183037
603799SS,2025-02-26,-0.017260244116187096,-0.0040606116
603806SS,2025-02-26,0.08273045718669891,0.050253194
603833SS,2025-02-26,-0.0003937560541089624,0.0066230055
603986SS,2025-02-26,-0.01649591699242592,-0.0016802336
603993SS,2025-02-26,0.004288600757718086,0.011747045
688008SS,2025-02-26,-0.005075915716588497,0.022535922
688009SS,2025-02-26,0.00024062267038971186,0.008642789
688012SS,2025-02-26,-0.010002195835113525,0.006256673
688036SS,2025-02-26,-0.004972979426383972,-0.0026574184
688111SS,2025-02-26,-0.014358872547745705,-0.007944
688169SS,2025-02-26,-0.010809515602886677,0.00046123355
688396SS,2025-02-26,0.0014819581992924213,0.008602372
000001SZ,2025-02-27,0.011757307685911655,0.008642789
000002SZ,2025-02-27,-0.007907111197710037,-0.0038338797
000157SZ,2025-02-27,0.04001816362142563,0.063468404
000166SZ,2025-02-27,0.00745215592905879,0.0057088756
000333SZ,2025-02-27,0.03928215801715851,0.033090524
000338SZ,2025-02-27,-0.015114029869437218,0.01634091
000538SZ,2025-02-27,0.0011650130618363619,0.003986962
000568SZ,2025-02-27,0.026133647188544273,0.04969658
000596SZ,2025-02-27,0.016183553263545036,0.017908385
000617SZ,2025-02-27,-0.010852538049221039,-0.010760663
000625SZ,2025-02-27,-0.007575234863907099,-0.0014948079
000651SZ,2025-02-27,0.021534593775868416,0.012385787
000661SZ,2025-02-27,-0.0031538389157503843,0.002247425
000708SZ,2025-02-27,-0.013276275247335434,-0.0096616475
000725SZ,2025-02-27,-0.04643821716308594,-0.022570463
000768SZ,2025-02-27,-0.0022978780325502157,-0.0057002315
000776SZ,2025-02-27,-0.009973573498427868,-0.005066469
000786SZ,2025-02-27,0.007182737812399864,0.013724565
000800SZ,2025-02-27,-0.012054883874952793,-0.003660739
000807SZ,2025-02-27,-0.006240576971322298,-0.0068727448
000858SZ,2025-02-27,0.016208844259381294,0.022469051
000876SZ,2025-02-27,-0.010224192403256893,-0.022492042
000895SZ,2025-02-27,-0.0008318063919432461,0.005583466
000938SZ,2025-02-27,-0.03315936401486397,-0.040206574
000963SZ,2025-02-27,0.0064878989942371845,0.01073414
000999SZ,2025-02-27,-0.018579501658678055,-0.01041511
001965SZ,2025-02-27,0.011069653555750847,0.016151657
002001SZ,2025-02-27,0.0018639040645211935,-0.0037365367
002007SZ,2025-02-27,-0.0026556074153631926,0.0018707863
002027SZ,2025-02-27,-0.003022630698978901,-0.006201483
002028SZ,2025-02-27,0.009938460774719715,0.01615576
002050SZ,2025-02-27,-0.07194586843252182,-0.068433315
002129SZ,2025-02-27,-0.023490916937589645,-0.021387907
002179SZ,2025-02-27,0.009982907213270664,0.004368378
002230SZ,2025-02-27,-0.04640362784266472,-0.01878192
002236SZ,2025-02-27,-0.0437399297952652,-0.024744479
002241SZ,2025-02-27,0.01707177609205246,0.025735281
002271SZ,2025-02-27,-0.006945160683244467,-0.0047206315
002304SZ,2025-02-27,0.0044305757619440556,0.0072448547
002311SZ,2025-02-27,0.004740181844681501,0.0041665887
002371SZ,2025-02-27,-0.008556729182600975,-0.008176221
002415SZ,2025-02-27,-0.010909518226981163,-0.008365281
002422SZ,2025-02-27,0.04243818670511246,0.046626758
002459SZ,2025-02-27,-0.024288572371006012,-0.032285955
002460SZ,2025-02-27,0.027200056239962578,0.026918214
002463SZ,2025-02-27,-0.02097107470035553,-0.03922082
002466SZ,2025-02-27,0.01737057790160179,0.012339639
002475SZ,2025-02-27,-0.005204816348850727,-0.008265219
002493SZ,2025-02-27,0.019939705729484558,0.020177295
002555SZ,2025-02-27,0.006069178227335215,0.0037854514
002594SZ,2025-02-27,-0.0023348755203187466,0.00909553
002601SZ,2025-02-27,-0.000488374091219157,0.002261103
002648SZ,2025-02-27,0.013568784110248089,0.018618535
002709SZ,2025-02-27,0.027596671134233475,0.041049473
002714SZ,2025-02-27,-0.013594623655080795,-0.008726433
002916SZ,2025-02-27,-0.015275560319423676,-0.016957935
002920SZ,2025-02-27,-0.02468673326075077,-0.014959181
002938SZ,2025-02-27,-0.023935267701745033,-0.032684963
003816SZ,2025-02-27,-0.03046535514295101,-0.018689943
300014SZ,2025-02-27,0.02326427958905697,0.03210042
300033SZ,2025-02-27,-0.03763352334499359,-0.037779264
300059SZ,2025-02-27,-0.024072833359241486,-0.011126762
300122SZ,2025-02-27,-0.008358991704881191,-0.009184671
300124SZ,2025-02-27,-0.005655247252434492,-0.0035972092
300274SZ,2025-02-27,0.03657565265893936,0.02351955
300308SZ,2025-02-27,-0.022714022547006607,-0.03664832
300316SZ,2025-02-27,-0.012051223777234554,-0.012469785
300347SZ,2025-02-27,-0.008512252941727638,-0.0076999394
300394SZ,2025-02-27,-0.02163079008460045,-0.041329272
300408SZ,2025-02-27,0.038230784237384796,0.055393435
300413SZ,2025-02-27,0.00033318379428237677,0.00869053
300418SZ,2025-02-27,-0.023829331621527672,-0.022541398
300433SZ,2025-02-27,-0.012525775469839573,-0.018283827
300450SZ,2025-02-27,0.036478977650403976,0.024780901
300498SZ,2025-02-27,-0.00850246474146843,-0.0024480312
300502SZ,2025-02-27,-0.020001597702503204,-0.06039064
300628SZ,2025-02-27,-0.004336985293775797,-0.00420952
300661SZ,2025-02-27,-0.022491246461868286,-0.018830737
300750SZ,2025-02-27,-0.004763802979141474,0.0051241284
300759SZ,2025-02-27,-0.0006477274000644684,-0.005677753
300760SZ,2025-02-27,-0.0041112047620117664,0.001995833
300782SZ,2025-02-27,-0.03144115209579468,-0.023188459
600000SS,2025-02-27,0.0020613449160009623,0.0058764582
600010SS,2025-02-27,-0.028001276776194572,-0.026520526
600011SS,2025-02-27,-0.003159985179081559,0.0029984922
600015SS,2025-02-27,0.01607922464609146,0.008264321
600016SS,2025-02-27,-0.0009419767884537578,0.0024242748
600018SS,2025-02-27,0.004918697290122509,0.0071811844
600019SS,2025-02-27,0.012025362811982632,0.019969404
600023SS,2025-02-27,-0.0036469774786382914,0.0036364
600025SS,2025-02-27,0.005193610209971666,0.0022857233
600026SS,2025-02-27,0.0018892567604780197,0.0035179744
600028SS,2025-02-27,0.011899829842150211,0.008598354
600029SS,2025-02-27,0.02453024871647358,0.020545783
600031SS,2025-02-27,0.003885439597070217,0.0128450375
600036SS,2025-02-27,0.015092291869223118,0.02146195
600048SS,2025-02-27,0.03215423598885536,0.020639982
600050SS,2025-02-27,-0.031924087554216385,-0.035400752
600061SS,2025-02-27,-0.003426838666200638,0.0027285442
600085SS,2025-02-27,0.007626332808285952,0.004411342
600089SS,2025-02-27,-0.015772340819239616,-0.008990405
600104SS,2025-02-27,-0.000663435086607933,0.005906677
600111SS,2025-02-27,-0.02081567421555519,-0.010134092
600115SS,2025-02-27,0.0209309384226799,0.015746996
600161SS,2025-02-27,0.0024698185734450817,-0.00199206
600183SS,2025-02-27,-0.007727423682808876,-0.011190704
600188SS,2025-02-27,-0.0015488587087020278,-0.0029850916
600196SS,2025-02-27,-0.008331752382218838,0.0
600219SS,2025-02-27,-0.005011774133890867,-0.010581698
600233SS,2025-02-27,-0.005795856937766075,-0.0036403395
600276SS,2025-02-27,-0.0012704588007181883,0.007542323
600309SS,2025-02-27,0.007477506995201111,0.008304633
600332SS,2025-02-27,0.008142461068928242,0.005633845
600346SS,2025-02-27,0.022239377722144127,0.03708454
600362SS,2025-02-27,-0.019360162317752838,-0.009464946
600377SS,2025-02-27,0.0263201966881752,0.029686611
600406SS,2025-02-27,-0.00040993737638927996,-0.000863567
600415SS,2025-02-27,0.00912521593272686,0.014311845
600426SS,2025-02-27,0.011056525632739067,0.013571839
600436SS,2025-02-27,0.00438148295506835,0.00094071444
600438SS,2025-02-27,-0.018954815343022346,-0.023375228
600489SS,2025-02-27,-0.002463403856381774,-0.008895873
600519SS,2025-02-27,0.010570849291980267,0.017346824
600570SS,2025-02-27,-0.031271010637283325,-0.025312437
600585SS,2025-02-27,0.020330334082245827,0.017496495
600588SS,2025-02-27,-0.014606455340981483,-0.0275937
600600SS,2025-02-27,0.022511567920446396,0.012601787
600660SS,2025-02-27,-0.006617954932153225,-0.0059953164
600674SS,2025-02-27,0.0005629773368127644,-0.0072726896
600741SS,2025-02-27,0.029201915487647057,0.031336788
600760SS,2025-02-27,-0.0028316944371908903,-0.0045300345
600795SS,2025-02-27,0.00838368758559227,0.004728054
600809SS,2025-02-27,0.013000281527638435,0.027028715
600875SS,2025-02-27,-0.0008420273079536855,0.00067092304
600886SS,2025-02-27,-0.0048808869905769825,-0.005653657
600887SS,2025-02-27,0.03337099030613899,0.027677668
600926SS,2025-02-27,0.018582509830594063,0.013888197
600989SS,2025-02-27,0.016080033034086227,0.022578675
601006SS,2025-02-27,0.0016640189569443464,0.004447777
601009SS,2025-02-27,2.2953259758651257e-05,0.009890865
601012SS,2025-02-27,-0.012363899499177933,-0.019112073
601021SS,2025-02-27,0.033920347690582275,0.042984713
601058SS,2025-02-27,0.02680220827460289,0.044802822
601066SS,2025-02-27,0.002996281487867236,0.0047170203
601088SS,2025-02-27,0.00601809611544013,0.005611679
601100SS,2025-02-27,-0.015247502364218235,-0.008908019
601117SS,2025-02-27,-0.008689825423061848,-0.008241601
601138SS,2025-02-27,-0.019101575016975403,-0.036205497
601166SS,2025-02-27,0.015813292935490608,0.023207733
601169SS,2025-02-27,0.007296546828001738,0.008554154
601186SS,2025-02-27,-0.0009258470381610096,-0.0023641451
601225SS,2025-02-27,0.008705002255737782,-0.0072163767
601229SS,2025-02-27,0.027520840987563133,0.027891647
601238SS,2025-02-27,0.00021702772937715054,0.0033277746
601288SS,2025-02-27,0.003731917589902878,0.0077819834
601318SS,2025-02-27,-0.006612525321543217,0.0
601319SS,2025-02-27,-0.004140316043049097,-0.0014440098
601328SS,2025-02-27,0.004667955916374922,0.008298604
601336SS,2025-02-27,-0.015107566490769386,-0.008853781
601360SS,2025-02-27,-0.016277292743325233,-0.017863309
601390SS,2025-02-27,0.00028038269374519587,0.001687769
601398SS,2025-02-27,0.010049124248325825,0.007240949
601600SS,2025-02-27,-0.012395825237035751,-0.024586404
601601SS,2025-02-27,-0.009667700156569481,-0.0018478985
601607SS,2025-02-27,0.00148129859007895,0.0010299142
601618SS,2025-02-27,-0.006529061123728752,0.0
601628SS,2025-02-27,0.009947487153112888,0.015715672
601633SS,2025-02-27,0.01782088167965412,0.024376953
601658SS,2025-02-27,-0.00019778602290898561,0.0056656124
601668SS,2025-02-27,-0.009594176895916462,-0.003623171
601669SS,2025-02-27,-0.00875847414135933,-0.003944756
601688SS,2025-02-27,-0.007008345797657967,-0.0033388857
601689SS,2025-02-27,-0.06110334023833275,-0.07858233
601698SS,2025-02-27,-0.03333830460906029,-0.035652667
601699SS,2025-02-27,-0.005871920380741358,-0.008163181
601766SS,2025-02-27,-0.00025502080097794533,0.006609387
601788SS,2025-02-27,0.015780676156282425,0.016043177
601799SS,2025-02-27,0.009416299872100353,0.006845486
601800SS,2025-02-27,0.0005421267705969512,0.0051625534
601808SS,2025-02-27,-0.0005728144897148013,-0.0035273435
601816SS,2025-02-27,0.0033076051622629166,-0.0018231173
601818SS,2025-02-27,0.010563143528997898,0.010609725
601838SS,2025-02-27,0.00606180215254426,0.014405716
601857SS,2025-02-27,0.020795278251171112,0.011486554
601865SS,2025-02-27,-0.007513879332691431,-0.01230307
601872SS,2025-02-27,0.009751306846737862,0.012617794
601877SS,2025-02-27,-0.01096587534993887,-0.013321642
601878SS,2025-02-27,-0.002480234019458294,0.0008372137
601881SS,2025-02-27,0.061416249722242355,0.095022544
601888SS,2025-02-27,0.0319758765399456,0.026347296
601899SS,2025-02-27,-0.0066139488480985165,-0.0069597075
601901SS,2025-02-27,-0.010491828434169292,-0.007307992
601919SS,2025-02-27,-0.010552610270678997,-0.0050779106
601939SS,2025-02-27,-0.00030090875225141644,0.004672883
601985SS,2025-02-27,-0.024829592555761337,-0.012194657
601988SS,2025-02-27,0.004205531440675259,0.0036899662
601998SS,2025-02-27,0.03526175767183304,0.028803788
603019SS,2025-02-27,-0.043263792991638184,-0.023413524
603195SS,2025-02-27,0.003223966807126999,0.015102473
603259SS,2025-02-27,-0.016399912536144257,-0.031203052
603260SS,2025-02-27,-0.006680882070213556,-0.0065016327
603288SS,2025-02-27,0.029384342953562737,0.019101964
603369SS,2025-02-27,0.008539251983165741,0.036919456
603501SS,2025-02-27,-0.00048074228106997907,-0.0039813183
603659SS,2025-02-27,-0.006787500809878111,-0.0022817596
603799SS,2025-02-27,0.03646932542324066,0.03775718
603806SS,2025-02-27,-0.01186737883836031,-0.009858447
603833SS,2025-02-27,0.026254761964082718,0.048361395
603986SS,2025-02-27,-0.012417123652994633,-0.02239931
603993SS,2025-02-27,-0.003380580572411418,-0.013224957
688008SS,2025-02-27,-0.023747898638248444,0.024430783
688009SS,2025-02-27,-0.0031623959075659513,-0.0051768217
688012SS,2025-02-27,-0.009187186136841774,-0.020357598
688036SS,2025-02-27,-0.022986069321632385,-0.03381457
688111SS,2025-02-27,-0.029113437980413437,-0.030993827
688169SS,2025-02-27,-0.015493471175432205,-0.023087313
688396SS,2025-02-27,-0.02344728633761406,-0.0174808
000001SZ,2025-02-28,-0.014042342081665993,-0.0077752597
000002SZ,2025-02-28,-0.006146778352558613,-0.007711952
000157SZ,2025-02-28,-0.012949971482157707,-0.014887503
000166SZ,2025-02-28,-0.03798684477806091,-0.032778107
000333SZ,2025-02-28,0.02201506309211254,0.007833315
000338SZ,2025-02-28,-0.015912197530269623,-0.022058556
000538SZ,2025-02-28,0.02085874229669571,-0.0021727392
000568SZ,2025-02-28,-0.004353768657892942,-0.010383613
000596SZ,2025-02-28,0.01794721558690071,-0.00017871069
000617SZ,2025-02-28,-0.01845613121986389,-0.023452556
000625SZ,2025-02-28,-0.051371827721595764,-0.03422351
000651SZ,2025-02-28,0.004425497725605965,-0.014097566
000661SZ,2025-02-28,-0.05955598130822182,-0.031290907
000708SZ,2025-02-28,0.0016621163813397288,-0.014669053
000725SZ,2025-02-28,-0.02939552254974842,-0.016109487
000768SZ,2025-02-28,0.013965708203613758,-0.013151891
000776SZ,2025-02-28,-0.045211758464574814,-0.02637044
000786SZ,2025-02-28,0.020224906504154205,0.0069661187
000800SZ,2025-02-28,-0.03547294810414314,-0.026001861
000807SZ,2025-02-28,0.0225918497890234,0.009360201
000858SZ,2025-02-28,-0.01193994376808405,-0.008852398
000876SZ,2025-02-28,0.009055247530341148,-0.011440063
000895SZ,2025-02-28,0.01880449242889881,-0.002229727
000938SZ,2025-02-28,-0.06477818638086319,-0.06883874
000963SZ,2025-02-28,-0.04460098221898079,-0.0273375
000999SZ,2025-02-28,0.016769494861364365,-0.0021937657
001965SZ,2025-02-28,0.021557927131652832,0.004360426
002001SZ,2025-02-28,0.0041765496134757996,-0.009402735
002007SZ,2025-02-28,-0.036331385374069214,-0.016330544
002027SZ,2025-02-28,-0.015081798657774925,-0.012519087
002028SZ,2025-02-28,0.021998444572091103,0.0
002050SZ,2025-02-28,-0.07632897794246674,-0.06686801
002129SZ,2025-02-28,-0.033432189375162125,-0.028502993
002179SZ,2025-02-28,-0.01885402761399746,-0.034153588
002230SZ,2025-02-28,-0.0877271220088005,-0.047466673
002236SZ,2025-02-28,-0.05123342573642731,-0.042837404
002241SZ,2025-02-28,-0.08784957975149155,-0.06431757
002271SZ,2025-02-28,0.03388528525829315,0.017974285
002304SZ,2025-02-28,-0.03157724440097809,-0.020468693
002311SZ,2025-02-28,0.04410458356142044,0.057303432
002371SZ,2025-02-28,0.009671863168478012,-0.028946254
002415SZ,2025-02-28,-0.023379027843475342,-0.026513614
002422SZ,2025-02-28,-0.029871806502342224,-0.03299648
002459SZ,2025-02-28,-0.025559790432453156,-0.028643025
002460SZ,2025-02-28,-0.018159350380301476,-0.013920373
002463SZ,2025-02-28,-0.04027830436825752,-0.07954522
002466SZ,2025-02-28,-0.03911915794014931,-0.030668644
002475SZ,2025-02-28,-0.020358407869935036,-0.03259139
002493SZ,2025-02-28,-0.0338861308991909,-0.022443848
002555SZ,2025-02-28,-0.08800757676362991,-0.05098395
002594SZ,2025-02-28,-0.014858104288578033,-0.0370946
002601SZ,2025-02-28,-0.004172569140791893,-0.005662408
002648SZ,2025-02-28,0.020218344405293465,0.004248259
002709SZ,2025-02-28,-0.0183595959097147,-0.03481308
002714SZ,2025-02-28,0.006687748245894909,-0.006043826
002916SZ,2025-02-28,-0.059865694493055344,-0.0817796
002920SZ,2025-02-28,-0.056489478796720505,-0.055070296
002938SZ,2025-02-28,-0.014391317963600159,-0.036280368
003816SZ,2025-02-28,-0.04242667183279991,-0.024552949
300014SZ,2025-02-28,-0.0012084358604624867,-0.007023448
300033SZ,2025-02-28,-0.021528838202357292,-0.0363066
300059SZ,2025-02-28,-0.06171322986483574,-0.037993032
300122SZ,2025-02-28,-0.03933500126004219,-0.0355982
300124SZ,2025-02-28,-0.033852044492959976,-0.07397257
300274SZ,2025-02-28,0.006603887304663658,-0.01303107
300308SZ,2025-02-28,-0.03138010576367378,-0.06984998
300316SZ,2025-02-28,0.0008702304330654442,-0.0123247905
300347SZ,2025-02-28,-0.01491633616387844,-0.048508447
300394SZ,2025-02-28,-0.09255774319171906,-0.12376705
300408SZ,2025-02-28,-0.030769774690270424,-0.042747673
300413SZ,2025-02-28,-0.030230168253183365,-0.04145684
300418SZ,2025-02-28,-0.07969627529382706,-0.075296044
300433SZ,2025-02-28,-0.05122977867722511,-0.06871036
300450SZ,2025-02-28,-0.03160898759961128,-0.05233793
300498SZ,2025-02-28,0.007316542789340019,-0.0024539465
300502SZ,2025-02-28,-0.03355439379811287,-0.1018049
300628SZ,2025-02-28,-0.025627505034208298,-0.022581736
300661SZ,2025-02-28,-0.06919819861650467,-0.06874849
300750SZ,2025-02-28,-0.022060563787817955,-0.02133392
300759SZ,2025-02-28,-0.061005305498838425,-0.060816377
300760SZ,2025-02-28,-0.011180825531482697,-0.011322578
300782SZ,2025-02-28,-0.06417638063430786,-0.070592634
600000SS,2025-02-28,0.0005573726957663894,-0.006859302
600010SS,2025-02-28,-0.02136138826608658,-0.027242934
600011SS,2025-02-28,0.019963139668107033,0.0059700743
600015SS,2025-02-28,-0.007197426166385412,-0.009648289
600016SS,2025-02-28,0.012757684104144573,-0.0024243107
600018SS,2025-02-28,0.019107982516288757,-0.005381143
600019SS,2025-02-28,0.008764642290771008,0.0
600023SS,2025-02-28,0.002315009944140911,-0.0036364512
600025SS,2025-02-28,-0.0013845760840922594,-0.014950289
600026SS,2025-02-28,0.009382575750350952,-0.018607143
600028SS,2025-02-28,-0.0034827019553631544,-0.010326708
600029SS,2025-02-28,0.0068598599173128605,-0.0085104965
600031SS,2025-02-28,0.03565046563744545,0.009939018
600036SS,2025-02-28,0.00044062096276320517,-0.007817066
600048SS,2025-02-28,0.004362171515822411,-0.012563804
600050SS,2025-02-28,-0.0014639539876952767,-0.020583756
600061SS,2025-02-28,-0.04422998055815697,-0.03323183
600085SS,2025-02-28,0.004342994187027216,-0.0069012516
600089SS,2025-02-28,-0.009134977124631405,-0.009072016
600104SS,2025-02-28,-0.02106875367462635,-0.03169999
600111SS,2025-02-28,-0.00997721403837204,-0.009343477
600115SS,2025-02-28,0.014797886833548546,-0.0026075775
600161SS,2025-02-28,9.756459621712565e-05,-0.011531334
600183SS,2025-02-28,-0.06197049468755722,-0.07771757
600188SS,2025-02-28,-0.0018854195950552821,-0.008255002
600196SS,2025-02-28,-0.02953311987221241,-0.015484485
600219SS,2025-02-28,0.022663405165076256,-0.01069488
600233SS,2025-02-28,0.01815291866660118,0.0036403197
600276SS,2025-02-28,-0.04481103643774986,-0.041528914
600309SS,2025-02-28,0.012312602251768112,-0.0015973072
600332SS,2025-02-28,0.003156449878588319,-0.0041283597
600346SS,2025-02-28,0.011222134344279766,0.00063875766
600362SS,2025-02-28,-0.023033687844872475,-0.014849519
600377SS,2025-02-28,0.009079460985958576,-0.011114408
600406SS,2025-02-28,0.02467811480164528,0.012875043
600415SS,2025-02-28,-0.012631038203835487,-0.044320695
600426SS,2025-02-28,-0.00980535987764597,-0.010648377
600436SS,2025-02-28,0.02413869835436344,0.012149369
600438SS,2025-02-28,-0.007939535193145275,-0.022037178
600489SS,2025-02-28,-0.007517646998167038,-0.016379
600519SS,2025-02-28,0.018358219414949417,0.01019945
600570SS,2025-02-28,-0.05197614058852196,-0.05780286
600585SS,2025-02-28,0.0252925306558609,0.008635462
600588SS,2025-02-28,-0.01744658686220646,-0.05294719
600600SS,2025-02-28,0.020061492919921875,0.0030183403
600660SS,2025-02-28,0.006419609300792217,-0.004964574
600674SS,2025-02-28,0.01567930169403553,-0.0066576814
600741SS,2025-02-28,-0.0143257612362504,-0.014725053
600760SS,2025-02-28,0.014530926942825317,-0.011644742
600795SS,2025-02-28,0.014708674512803555,-0.0023612177
600809SS,2025-02-28,0.021385565400123596,-0.0049953633
600875SS,2025-02-28,-0.04463727027177811,-0.02032312
600886SS,2025-02-28,0.024841072037816048,0.009872807
600887SS,2025-02-28,0.016599521040916443,0.0028327997
600926SS,2025-02-28,0.00809052586555481,-0.006226192
600989SS,2025-02-28,0.013619959354400635,-0.0012077822
601006SS,2025-02-28,-0.00321162398904562,-0.008915175
601009SS,2025-02-28,0.01188136450946331,-0.005922886
601012SS,2025-02-28,0.0009627520339563489,-0.023067135
601021SS,2025-02-28,0.011142329312860966,-0.0027857374
601058SS,2025-02-28,0.020141590386629105,0.014083767
601066SS,2025-02-28,-0.037223849445581436,-0.038762156
601088SS,2025-02-28,0.02062290534377098,-0.008147078
601100SS,2025-02-28,-0.012568279169499874,-0.040698696
601117SS,2025-02-28,0.0010776820126920938,-0.015287509
601138SS,2025-02-28,-0.011032450012862682,-0.03567802
601166SS,2025-02-28,-0.013310937210917473,-0.0081592165
601169SS,2025-02-28,-0.0024112050887197256,-0.0051237405
601186SS,2025-02-28,0.018890727311372757,-0.0047449456
601225SS,2025-02-28,0.0014530654298141599,-0.019851698
601229SS,2025-02-28,-0.012022641487419605,-0.009569158
601238SS,2025-02-28,-0.049018144607543945,-0.032630578
601288SS,2025-02-28,0.007887564599514008,-0.005830797
601318SS,2025-02-28,-0.05818969011306763,-0.02431006
601319SS,2025-02-28,-0.0532689243555069,-0.047310773
601328SS,2025-02-28,-0.000423009303631261,-0.006910794
601336SS,2025-02-28,-0.05385566130280495,-0.050833438
601360SS,2025-02-28,-0.038844622671604156,-0.04832332
601390SS,2025-02-28,0.0029588351026177406,-0.0033783566
601398SS,2025-02-28,-0.0059049902483820915,-0.008695471
601600SS,2025-02-28,0.006184545811265707,-0.011126219
601601SS,2025-02-28,-0.049260057508945465,-0.04956664
601607SS,2025-02-28,-0.004285602364689112,-0.01190742
601618SS,2025-02-28,-0.015717051923274994,-0.012738408
601628SS,2025-02-28,-0.03855893388390541,-0.03756084
601633SS,2025-02-28,-0.02894803136587143,-0.033166215
601658SS,2025-02-28,0.016943437978625298,0.001881495
601668SS,2025-02-28,0.0031673365738242865,-0.005459528
601669SS,2025-02-28,-0.016764165833592415,-0.0119279865
601688SS,2025-02-28,-0.03463825210928917,-0.025969705
601689SS,2025-02-28,-0.04576461762189865,-0.059101775
601698SS,2025-02-28,-0.049570951610803604,-0.05897474
601699SS,2025-02-28,0.0031856070272624493,-0.012370645
601766SS,2025-02-28,-0.017125476151704788,-0.01459776
601788SS,2025-02-28,-0.0413321927189827,-0.036310986
601799SS,2025-02-28,0.011412447318434715,0.00023255029
601800SS,2025-02-28,0.021135706454515457,0.0051361066
601808SS,2025-02-28,0.030145768076181412,0.020284727
601816SS,2025-02-28,0.012146005406975746,-0.0018265209
601818SS,2025-02-28,-0.005411161575466394,-0.007946883
601838SS,2025-02-28,0.01026990544050932,-0.0018674253
601857SS,2025-02-28,0.015726160258054733,-0.002541306
601865SS,2025-02-28,0.01345228124409914,-0.0036747374
601872SS,2025-02-28,0.013559482991695404,-0.012617758
601877SS,2025-02-28,-0.011648980900645256,-0.020747248
601878SS,2025-02-28,-0.05603618919849396,-0.034032665
601881SS,2025-02-28,-0.02397650107741356,-0.06720928
601888SS,2025-02-28,-0.03577709570527077,-0.024221256
601899SS,2025-02-28,-0.03222005069255829,-0.025719216
601901SS,2025-02-28,-0.04682815074920654,-0.03481536
601919SS,2025-02-28,-0.015313454903662205,-0.009499241
601939SS,2025-02-28,-0.007981624454259872,-0.008191784
601985SS,2025-02-28,-0.03185807913541794,-0.02065893
601988SS,2025-02-28,0.005241048987954855,-0.0055400757
601998SS,2025-02-28,0.03984936699271202,0.030897753
603019SS,2025-02-28,-0.09777123481035233,-0.06272088
603195SS,2025-02-28,-0.009887425228953362,-0.014168644
603259SS,2025-02-28,-0.005845555569976568,-0.021360211
603260SS,2025-02-28,-0.012684852816164494,-0.023090728
603288SS,2025-02-28,0.013871218077838421,-0.00267218
603369SS,2025-02-28,0.02147681824862957,0.016930241
603501SS,2025-02-28,0.004062868654727936,-0.04209381
603659SS,2025-02-28,-0.00783564057201147,-0.021354005
603799SS,2025-02-28,0.0083406250923872,-0.0054396912
603806SS,2025-02-28,-0.0005096266977488995,-0.018665116
603833SS,2025-02-28,0.015108590014278889,0.013105167
603986SS,2025-02-28,0.019792107865214348,-0.014383421
603993SS,2025-02-28,-0.007948433980345726,-0.017909048
688008SS,2025-02-28,-0.08771712332963943,-0.073625214
688009SS,2025-02-28,0.01525184977799654,0.0
688012SS,2025-02-28,-0.022482259199023247,-0.030081356
688036SS,2025-02-28,-0.015685077756643295,-0.018913558
688111SS,2025-02-28,-0.010820114985108376,-0.018060898
688169SS,2025-02-28,-0.06594458967447281,-0.061893277
688396SS,2025-02-28,-0.03058859333395958,-0.04834716
000001SZ,2025-03-03,-0.0029640397988259792,-0.0017360591
000002SZ,2025-03-03,0.0025304004084318876,0.005147966
000157SZ,2025-03-03,0.008404082618653774,0.014887499
000166SZ,2025-03-03,-0.006766133941709995,-0.0058996235
000333SZ,2025-03-03,-0.032341279089450836,-0.028456606
000338SZ,2025-03-03,0.007015572860836983,0.008251199
000538SZ,2025-03-03,0.005105826538056135,-0.0010881377
000568SZ,2025-03-03,-0.007176071405410767,-0.011611762
000596SZ,2025-03-03,0.00631867628544569,0.002439615
000617SZ,2025-03-03,0.00014110136544331908,0.004735529
000625SZ,2025-03-03,0.002655815565958619,0.006172799
000651SZ,2025-03-03,0.005695480387657881,-0.00712429
000661SZ,2025-03-03,0.0005838078213855624,0.0064016585
000708SZ,2025-03-03,0.0003318881499581039,0.00082053826
000725SZ,2025-03-03,0.0045499857515096664,0.006936406
000768SZ,2025-03-03,0.004432025831192732,0.008650706
000776SZ,2025-03-03,-0.0017542463028803468,0.0019537162
000786SZ,2025-03-03,0.017099371179938316,0.012760312
000800SZ,2025-03-03,-0.0033626980148255825,0.0
000807SZ,2025-03-03,0.06521646678447723,0.05609834
000858SZ,2025-03-03,-0.00336778094060719,-0.005639811
000876SZ,2025-03-03,-0.004092729650437832,0.0010453954
000895SZ,2025-03-03,0.023052167147397995,0.013670132
000938SZ,2025-03-03,-0.0042860847897827625,-0.012252754
000963SZ,2025-03-03,0.014822338707745075,0.017459722
000999SZ,2025-03-03,0.03295810893177986,0.026007155
001965SZ,2025-03-03,-0.009842604398727417,-0.010203812
002001SZ,2025-03-03,0.018224699422717094,0.0126726385
002007SZ,2025-03-03,0.0003691943420562893,0.0037926957
002027SZ,2025-03-03,0.015097240917384624,0.018719124
002028SZ,2025-03-03,-0.00734263751655817,-0.011295937
002050SZ,2025-03-03,-0.006812459323555231,0.0065745716
002129SZ,2025-03-03,0.005183134227991104,0.0055462434
002179SZ,2025-03-03,-0.0007754949619993567,-0.005854058
002230SZ,2025-03-03,-0.010984868742525578,-0.006585264
002236SZ,2025-03-03,-0.0031450921669602394,-0.0036563717
002241SZ,2025-03-03,-0.011324902065098286,-0.01453566
002271SZ,2025-03-03,0.007995032705366611,0.013081404
002304SZ,2025-03-03,-0.0017006497364491224,-0.0032368663
002311SZ,2025-03-03,0.028914043679833412,0.031296734
002371SZ,2025-03-03,-0.01591181755065918,-0.027073836
002415SZ,2025-03-03,0.00038591065094806254,0.01252834
002422SZ,2025-03-03,0.03696814551949501,0.051484995
002459SZ,2025-03-03,0.003864974481984973,0.009382165
002460SZ,2025-03-03,0.06727875769138336,0.05916391
002463SZ,2025-03-03,-0.05178384855389595,-0.06378661
002466SZ,2025-03-03,0.049057792872190475,0.05106381
002475SZ,2025-03-03,-0.017404191195964813,-0.019656442
002493SZ,2025-03-03,0.004680037498474121,0.007913973
002555SZ,2025-03-03,0.00501079810783267,0.0138196675
002594SZ,2025-03-03,-0.0045620957389473915,-0.004459685
002601SZ,2025-03-03,0.053471263498067856,0.034587752
002648SZ,2025-03-03,-0.002224816009402275,0.0018824469
002709SZ,2025-03-03,0.04468798264861107,0.05762661
002714SZ,2025-03-03,0.006688285153359175,0.010416286
002916SZ,2025-03-03,-0.03191680461168289,-0.07242475
002920SZ,2025-03-03,-0.0049497708678245544,-0.0042940984
002938SZ,2025-03-03,-0.019771693274378777,-0.04231718
003816SZ,2025-03-03,0.000247762945946306,0.0055096117
300014SZ,2025-03-03,0.06639641523361206,0.085307345
300033SZ,2025-03-03,-0.019718751311302185,-0.025281707
300059SZ,2025-03-03,-0.008670464158058167,-0.012125947
300122SZ,2025-03-03,-0.0035869909916073084,-0.00079717196
300124SZ,2025-03-03,0.0030540882144123316,0.0035970847
300274SZ,2025-03-03,0.028794417157769203,0.023276996
300308SZ,2025-03-03,0.004795284941792488,0.018658655
300316SZ,2025-03-03,-0.025244468823075294,-0.008505387
300347SZ,2025-03-03,0.005083023104816675,0.006855904
300394SZ,2025-03-03,-0.0019925341475754976,-0.011824497
300408SZ,2025-03-03,0.02486572228372097,0.030372676
300413SZ,2025-03-03,0.012933356687426567,0.0201843
300418SZ,2025-03-03,-0.00583961047232151,0.005120689
300433SZ,2025-03-03,-0.0036638714373111725,0.004837201
300450SZ,2025-03-03,0.041373103857040405,0.056054525
300498SZ,2025-03-03,0.005665218457579613,0.003066473
300502SZ,2025-03-03,-0.019642923027276993,-0.045121808
300628SZ,2025-03-03,0.010592288337647915,0.018107126
300661SZ,2025-03-03,0.02924354188144207,0.042613976
300750SZ,2025-03-03,0.02654852345585823,0.034313053
300759SZ,2025-03-03,0.013914686627686024,0.015014187
300760SZ,2025-03-03,-0.017145896330475807,-0.011932268
300782SZ,2025-03-03,-0.006831395905464888,-0.012306449
600000SS,2025-03-03,-0.004768664482980967,-0.0019685293
600010SS,2025-03-03,0.006162975914776325,0.01643728
600011SS,2025-03-03,0.004788396414369345,0.004454304
600015SS,2025-03-03,0.003777171252295375,0.0055249045
600016SS,2025-03-03,0.004827296826988459,0.0072551505
600018SS,2025-03-03,-0.006592764984816313,-0.00360361
600019SS,2025-03-03,0.02183707244694233,0.026476193
600023SS,2025-03-03,-0.00962761603295803,0.0
600025SS,2025-03-03,-0.007385362405329943,-0.0093129175
600026SS,2025-03-03,-0.0012442513834685087,0.0017872546
600028SS,2025-03-03,-0.0059594507329165936,-0.0069444627
600029SS,2025-03-03,-0.003701036097481847,-0.001710803
600031SS,2025-03-03,0.02567165717482567,0.032423846
600036SS,2025-03-03,-0.0034427116625010967,0.0
600048SS,2025-03-03,0.002859457628801465,0.0045870948
600050SS,2025-03-03,-0.004604330286383629,-0.0048115416
600061SS,2025-03-03,-0.0013529356801882386,0.0056179613
600085SS,2025-03-03,0.011988572776317596,0.01266134
600089SS,2025-03-03,-0.0007321293815039098,0.0066060717
600104SS,2025-03-03,0.001212816103361547,0.008474376
600111SS,2025-03-03,0.03486131876707077,0.0277663
600115SS,2025-03-03,-0.003707730444148183,-0.0026143899
600161SS,2025-03-03,0.0011568637564778328,0.005030195
600183SS,2025-03-03,-0.012354950420558453,-0.030338835
600188SS,2025-03-03,0.009041562676429749,0.0067591756
600196SS,2025-03-03,-0.0013121708761900663,-0.00040026565
600219SS,2025-03-03,0.02525923401117325,0.013350527
600233SS,2025-03-03,-0.0038509699515998363,0.0007265549
600276SS,2025-03-03,0.0011227447539567947,-0.0008707258
600309SS,2025-03-03,-0.0012242015218362212,0.002322593
600332SS,2025-03-03,0.002705573569983244,0.004502723
600346SS,2025-03-03,0.006698496639728546,0.006999619
600362SS,2025-03-03,0.005747583229094744,0.008649524
600377SS,2025-03-03,0.004409704357385635,0.0058996854
600406SS,2025-03-03,0.009044659323990345,0.0059522996
600415SS,2025-03-03,0.014604881405830383,0.021652495
600426SS,2025-03-03,0.026353398337960243,0.015929526
600436SS,2025-03-03,-0.006328292191028595,-0.005245124
600438SS,2025-03-03,0.001790657639503479,0.010377005
600489SS,2025-03-03,0.0005583142628893256,-0.00082604407
600519SS,2025-03-03,-0.003375700442120433,-0.009217272
600570SS,2025-03-03,0.0012443142477422953,0.0048979386
600585SS,2025-03-03,0.003571681212633848,0.0021472715
600588SS,2025-03-03,0.0357106514275074,0.07257395
600600SS,2025-03-03,0.0008463205303996801,0.00043037208
600660SS,2025-03-03,-0.007052532397210598,-0.005346568
600674SS,2025-03-03,-0.007779071107506752,-0.008048177
600741SS,2025-03-03,-0.03200850635766983,-0.031242434
600760SS,2025-03-03,0.0031942606437951326,0.000918324
600795SS,2025-03-03,-0.017910374328494072,-0.014284944
600809SS,2025-03-03,-0.02491481602191925,-0.033486128
600875SS,2025-03-03,0.020988330245018005,0.017637715
600886SS,2025-03-03,-0.01779908686876297,-0.014845407
600887SS,2025-03-03,-0.019455844536423683,-0.013527362
600926SS,2025-03-03,0.007494163699448109,0.011041753
600989SS,2025-03-03,0.018430422991514206,0.025644485
601006SS,2025-03-03,-0.002632521092891693,0.0
601009SS,2025-03-03,0.005406409036368132,0.0
601012SS,2025-03-03,0.01942211389541626,0.01779226
601021SS,2025-03-03,-0.014769167639315128,-0.01649991
601058SS,2025-03-03,-0.03236735984683037,-0.021199059
601066SS,2025-03-03,-0.006643054541200399,-0.0061337156
601088SS,2025-03-03,0.0023755820002406836,0.0025355776
601100SS,2025-03-03,0.00899817980825901,0.0075281262
601117SS,2025-03-03,0.025489389896392822,0.019415703
601138SS,2025-03-03,-0.004095118492841721,-0.005679132
601166SS,2025-03-03,-0.005800329614430666,0.0
601169SS,2025-03-03,-0.002079004654660821,0.0017108562
601186SS,2025-03-03,-0.0021906562615185976,-0.0035735215
601225SS,2025-03-03,0.004774435888975859,0.0047380202
601229SS,2025-03-03,-0.005816131830215454,-0.0042826054
601238SS,2025-03-03,0.003483518725261092,0.010244519
601288SS,2025-03-03,-0.008995993062853813,-0.0039062202
601318SS,2025-03-03,-0.002819258254021406,-0.0009929098
601319SS,2025-03-03,-0.0065834615379571915,0.0015140022
601328SS,2025-03-03,-0.004607797134667635,-0.0013879022
601336SS,2025-03-03,-0.006130983121693134,-0.0087718265
601360SS,2025-03-03,0.003260323777794838,0.010752418
601390SS,2025-03-03,-0.006903882138431072,-0.005088994
601398SS,2025-03-03,-0.004383535590022802,-0.0029154478
601600SS,2025-03-03,0.019471479579806328,0.022127293
601601SS,2025-03-03,-0.005849301815032959,0.001618385
601607SS,2025-03-03,0.0030190276447683573,0.0067478092
601618SS,2025-03-03,-0.0056743863970041275,-0.003210257
601628SS,2025-03-03,-0.007767931092530489,-0.012932722
601633SS,2025-03-03,0.01670110411942005,0.021844517
601658SS,2025-03-03,-0.014240325428545475,-0.011341747
601668SS,2025-03-03,-0.006504937075078487,-0.0018265209
601669SS,2025-03-03,-0.018551258370280266,-0.010050048
601688SS,2025-03-03,0.00014160334831103683,0.002856336
601689SS,2025-03-03,-0.008359153755009174,-0.01788994
601698SS,2025-03-03,-0.005523873958736658,-0.0020293877
601699SS,2025-03-03,0.0038105270359665155,0.007441047
601766SS,2025-03-03,-0.0003195009776391089,0.0026701707
601788SS,2025-03-03,-0.007149103097617626,-0.0074262745
601799SS,2025-03-03,-0.017497975379228592,-0.029567262
601800SS,2025-03-03,-0.01969524845480919,-0.014447143
601808SS,2025-03-03,-0.013733131811022758,-0.012543045
601816SS,2025-03-03,-0.014753601513803005,-0.009182504
601818SS,2025-03-03,-0.006190733518451452,-0.002663096
601838SS,2025-03-03,0.004006659146398306,0.0068300953
601857SS,2025-03-03,0.0006798506365157664,-0.0038241271
601865SS,2025-03-03,0.006933338008821011,0.0064220307
601872SS,2025-03-03,0.0015095022972673178,-0.009569218
601877SS,2025-03-03,-0.005055802408605814,-0.008163181
601878SS,2025-03-03,-0.00403885543346405,-0.00086619187
601881SS,2025-03-03,-0.02923303097486496,-0.040399875
601888SS,2025-03-03,-0.00012199353659525514,-0.0009813351
601899SS,2025-03-03,0.008211097680032253,0.018714095
601901SS,2025-03-03,-0.0035623901057988405,-0.0038046818
601919SS,2025-03-03,-0.009425184689462185,-0.0073690526
601939SS,2025-03-03,-0.00301108555868268,-0.0011757959
601985SS,2025-03-03,0.007541319355368614,0.013477888
601988SS,2025-03-03,0.00021057476988062263,0.0036968547
601998SS,2025-03-03,-0.008517108857631683,-0.0072726295
603019SS,2025-03-03,-0.00925838015973568,-0.017717555
603195SS,2025-03-03,-0.015594894997775555,-0.008437586
603259SS,2025-03-03,-0.007571735884994268,-0.007553339
603260SS,2025-03-03,0.00027790426975116134,0.012895515
603288SS,2025-03-03,-0.01701516844332218,-0.014948353
603369SS,2025-03-03,-0.017185043543577194,-0.03005546
603501SS,2025-03-03,-0.001976806903257966,0.0061865416
603659SS,2025-03-03,0.050243817269802094,0.055544198
603799SS,2025-03-03,0.06242791935801506,0.058202997
603806SS,2025-03-03,0.012622739188373089,0.011374723
603833SS,2025-03-03,-0.010424088686704636,-0.023122735
603986SS,2025-03-03,-0.015614956617355347,-0.01721306
603993SS,2025-03-03,0.012935508973896503,0.014946795
688008SS,2025-03-03,-0.04546753689646721,-0.01922152
688009SS,2025-03-03,0.029033638536930084,0.025614874
688012SS,2025-03-03,-0.005627023056149483,-0.021222122
688036SS,2025-03-03,0.003026475664228201,0.02092218
688111SS,2025-03-03,0.009556957520544529,0.027963813
688169SS,2025-03-03,-0.012504992075264454,-0.017897947
688396SS,2025-03-03,0.017202990129590034,0.02499867
000001SZ,2025-03-04,0.002638548845425248,0.0
000002SZ,2025-03-04,-0.013424860313534737,-0.019440811
000157SZ,2025-03-04,-0.01106307003647089,-0.027460484
000166SZ,2025-03-04,0.005563615821301937,0.007858388
000333SZ,2025-03-04,0.009473232552409172,0.013568665
000338SZ,2025-03-04,0.003495241980999708,0.0063012135
000538SZ,2025-03-04,-0.006560468580573797,-0.00054445775
000568SZ,2025-03-04,-0.004205131437629461,-0.01223387
000596SZ,2025-03-04,-0.009512155316770077,-0.021320773
000617SZ,2025-03-04,0.004325695335865021,0.009404128
000625SZ,2025-03-04,5.161191802471876e-05,0.0
000651SZ,2025-03-04,0.02569945529103279,0.027471986
000661SZ,2025-03-04,0.008562203496694565,0.012578247
000708SZ,2025-03-04,-0.004632990341633558,-0.0057588583
000725SZ,2025-03-04,0.002110475907102227,0.006888461
000768SZ,2025-03-04,0.020213250070810318,0.020298388
000776SZ,2025-03-04,0.0033851631451398134,0.003247811
000786SZ,2025-03-04,0.008151262998580933,0.01226111
000800SZ,2025-03-04,0.010105157271027565,0.014943155
000807SZ,2025-03-04,0.00392002472653985,0.011674948
000858SZ,2025-03-04,-0.005311742424964905,-0.008365462
000876SZ,2025-03-04,0.0027528449427336454,0.009360201
000895SZ,2025-03-04,-0.008251504972577095,-0.0069967993
000938SZ,2025-03-04,0.003925326745957136,0.006485632
000963SZ,2025-03-04,-0.006761480122804642,-0.008835562
000999SZ,2025-03-04,0.0069260490126907825,0.004270456
001965SZ,2025-03-04,0.00603084359318018,0.015266343
002001SZ,2025-03-04,0.00401382427662611,0.007897653
002007SZ,2025-03-04,0.00440036877989769,0.005034584
002027SZ,2025-03-04,0.006780434399843216,0.010760672
002028SZ,2025-03-04,0.0033437840174883604,-0.00055435754
002050SZ,2025-03-04,0.006690023932605982,0.016248515
002129SZ,2025-03-04,0.005976040381938219,0.009906207
002179SZ,2025-03-04,0.029360316693782806,0.04332169
002230SZ,2025-03-04,0.0021578073501586914,0.0027168936
002236SZ,2025-03-04,0.0035398423206061125,0.01394297
002241SZ,2025-03-04,0.0014056293293833733,0.0039208257
002271SZ,2025-03-04,0.0007315235561691225,-0.004597694
002304SZ,2025-03-04,-0.00954507291316986,-0.012133427
002311SZ,2025-03-04,-0.0010620016837492585,-0.007831003
002371SZ,2025-03-04,-0.0032230967190116644,-0.01113327
002415SZ,2025-03-04,0.0039711301214993,0.010754069
002422SZ,2025-03-04,-9.037437848746777e-05,0.011523316
002459SZ,2025-03-04,0.004547146148979664,0.0023318697
002460SZ,2025-03-04,-0.02293354645371437,-0.02597643
002463SZ,2025-03-04,0.005262591410428286,0.02134777
002466SZ,2025-03-04,-0.015364233404397964,-0.02762805
002475SZ,2025-03-04,-0.008502982556819916,-0.010931283
002493SZ,2025-03-04,0.006875975523144007,0.0033726846
002555SZ,2025-03-04,1.9044673535972834e-05,0.0032626635
002594SZ,2025-03-04,-0.01377500593662262,-0.043579012
002601SZ,2025-03-04,-0.0029486005660146475,0.0
002648SZ,2025-03-04,0.009535609744489193,0.011684609
002709SZ,2025-03-04,-0.0446888729929924,-0.056672312
002714SZ,2025-03-04,0.012028816156089306,0.010848637
002916SZ,2025-03-04,0.003108012955635786,0.024981823
002920SZ,2025-03-04,0.00014579622074961662,-8.118482e-05
002938SZ,2025-03-04,0.0038805531803518534,0.014997868
003816SZ,2025-03-04,-0.004438084550201893,-0.0055096895
300014SZ,2025-03-04,-0.020868023857474327,-0.034902096
300033SZ,2025-03-04,0.003343257587403059,0.01083826
300059SZ,2025-03-04,0.005152268335223198,0.0013062756
300122SZ,2025-03-04,-0.0011370985303074121,0.00039867556
300124SZ,2025-03-04,0.004663221538066864,0.022662193
300274SZ,2025-03-04,-0.017143242061138153,-0.026807057
300308SZ,2025-03-04,-0.002610937925055623,-0.0030209618
300316SZ,2025-03-04,0.0043269009329378605,0.009110176
300347SZ,2025-03-04,-0.006836033426225185,-0.00421347
300394SZ,2025-03-04,0.006677000783383846,-0.002634171
300408SZ,2025-03-04,-0.00805396493524313,-0.013304248
300413SZ,2025-03-04,0.0023651360534131527,0.0015360223
300418SZ,2025-03-04,0.0006142162019386888,0.008031991
300433SZ,2025-03-04,0.007788873743265867,0.028894631
300450SZ,2025-03-04,-0.025274990126490593,-0.017092733
300498SZ,2025-03-04,0.01142904907464981,0.010961941
300502SZ,2025-03-04,0.0033215901348739862,0.014597776
300628SZ,2025-03-04,0.006040336098521948,0.009179864
300661SZ,2025-03-04,0.036334022879600525,0.0683007
300750SZ,2025-03-04,-0.018064269796013832,-0.03923716
300759SZ,2025-03-04,0.0039934259839355946,0.008901912
300760SZ,2025-03-04,-0.01100876834243536,-0.015768
300782SZ,2025-03-04,0.011705154553055763,0.037044276
600000SS,2025-03-04,-0.001578516443260014,-0.0049381587
600010SS,2025-03-04,0.009936317801475525,0.016171474
600011SS,2025-03-04,-0.0038274938706308603,-0.0044543566
600015SS,2025-03-04,-0.009766727685928345,-0.012473526
600016SS,2025-03-04,-6.953778211027384e-06,0.0
600018SS,2025-03-04,0.003217085497453809,0.0
600019SS,2025-03-04,-0.0007830332033336163,-0.0013764424
600023SS,2025-03-04,0.0003070912789553404,0.0036364
600025SS,2025-03-04,-0.0024209560360759497,-0.004689312
600026SS,2025-03-04,-0.0033097409177571535,0.0026749263
600028SS,2025-03-04,-0.002114662667736411,-0.014034409
600029SS,2025-03-04,0.008066198788583279,0.006825833
600031SS,2025-03-04,-0.00526598934084177,0.0021255028
600036SS,2025-03-04,-0.008878417313098907,-0.005962998
600048SS,2025-03-04,-0.008573420345783234,0.0011435163
600050SS,2025-03-04,-3.0623050406575203e-07,-0.006451542
600061SS,2025-03-04,0.004308104980736971,0.008367995
600085SS,2025-03-04,0.000605626730248332,-0.001916513
600089SS,2025-03-04,-0.0035703866742551327,-0.0041236314
600104SS,2025-03-04,0.0027457866817712784,-0.0018099804
600111SS,2025-03-04,0.0036519302520900965,0.003905389
600115SS,2025-03-04,0.0007011735578998923,0.0
600161SS,2025-03-04,0.004324204754084349,0.0040059593
600183SS,2025-03-04,0.006137570831924677,0.004647017
600188SS,2025-03-04,-0.01921452023088932,-0.01888763
600196SS,2025-03-04,-0.0015031276270747185,0.0
600219SS,2025-03-04,0.004330371506512165,0.007925917
600233SS,2025-03-04,0.005983307957649231,0.007956428
600276SS,2025-03-04,0.004497557878494263,-0.0013074471
600309SS,2025-03-04,-0.008149252273142338,-0.008152425
600332SS,2025-03-04,-0.00602632574737072,-0.0014986283
600346SS,2025-03-04,0.018398605287075043,0.020706864
600362SS,2025-03-04,-0.00014758732868358493,0.0014343689
600377SS,2025-03-04,0.005296528339385986,0.0058650817
600406SS,2025-03-04,0.001222638413310051,0.0012709161
600415SS,2025-03-04,-0.0015504491748288274,-0.011542489
600426SS,2025-03-04,0.00013212260091677308,0.00047886823
600436SS,2025-03-04,-0.010081514716148376,-0.010225789
600438SS,2025-03-04,-0.001539610791951418,-0.0014087334
600489SS,2025-03-04,0.019752953201532364,0.02609664
600519SS,2025-03-04,-0.005428427364677191,-0.011436386
600570SS,2025-03-04,0.00389300798997283,0.00811015
600585SS,2025-03-04,-0.003671745304018259,-0.0047300933
600588SS,2025-03-04,0.00677894102409482,0.021710327
600600SS,2025-03-04,0.004798266105353832,0.0068620606
600660SS,2025-03-04,-0.0052609690465033054,-0.004118544
600674SS,2025-03-04,0.0026925860438495874,0.006042235
600741SS,2025-03-04,0.004873703699558973,0.0107130315
600760SS,2025-03-04,0.02411990985274315,0.029385488
600795SS,2025-03-04,0.00395297771319747,-0.0024010087
600809SS,2025-03-04,-0.0012885367032140493,-0.005498123
600875SS,2025-03-04,0.006233903579413891,0.0067023416
600886SS,2025-03-04,6.131554255262017e-05,0.0014235363
600887SS,2025-03-04,0.0002280757180415094,-0.004670329
600926SS,2025-03-04,0.0021210103295743465,0.0
600989SS,2025-03-04,-0.004554804414510727,-0.011847835
601006SS,2025-03-04,-0.007693530526012182,-0.0089953365
601009SS,2025-03-04,-0.006303647067397833,-0.0009905829
601012SS,2025-03-04,0.01633319817483425,0.024386603
601021SS,2025-03-04,-0.005761804990470409,-0.0110262465
601058SS,2025-03-04,-0.006643012631684542,-0.006514531
601066SS,2025-03-04,0.005516510922461748,-0.00041016404
601088SS,2025-03-04,-0.00632596667855978,-0.0053604697
601100SS,2025-03-04,-0.002628086367622018,0.0031200699
601117SS,2025-03-04,0.005313844420015812,0.004112336
601138SS,2025-03-04,0.005360953509807587,-0.0014247898
601166SS,2025-03-04,0.006138734985142946,0.0033678133
601169SS,2025-03-04,0.002510492457076907,-0.001710803
601186SS,2025-03-04,-0.00011408637510612607,-0.0035863225
601225SS,2025-03-04,-0.006461553741246462,-0.015347113
601229SS,2025-03-04,0.006019598804414272,0.007482576
601238SS,2025-03-04,-0.007704207673668861,-0.0068180147
601288SS,2025-03-04,-0.0025720971170812845,-0.005888112
601318SS,2025-03-04,-0.0010499671334400773,-0.0049795494
601319SS,2025-03-04,-0.0022846946958452463,-0.003030288
601328SS,2025-03-04,-0.005553186405450106,-0.008368046
601336SS,2025-03-04,-0.0012269198196008801,-0.0023101368
601360SS,2025-03-04,0.0023403242230415344,0.01151931
601390SS,2025-03-04,-0.0043543120846152306,-0.005115113
601398SS,2025-03-04,-0.009847019799053669,-0.010271128
601600SS,2025-03-04,-0.002593674696981907,-0.00962181
601601SS,2025-03-04,0.002147073158994317,-0.010402825
601607SS,2025-03-04,0.0047645871527493,-0.0031087887
601618SS,2025-03-04,0.010641503147780895,0.0032102629
601628SS,2025-03-04,0.0002479171962477267,-0.0062679355
601633SS,2025-03-04,-0.0067595732398331165,-0.014644018
601658SS,2025-03-04,0.00039570286753587425,-0.0019030166
601668SS,2025-03-04,-0.004723825957626104,-0.009182504
601669SS,2025-03-04,-0.002916753524914384,-0.008113429
601688SS,2025-03-04,0.0046758223325014114,0.007954418
601689SS,2025-03-04,0.004899994004517794,0.0038609784
601698SS,2025-03-04,0.007628334686160088,0.02010851
601699SS,2025-03-04,-0.006146993953734636,-0.0074409856
601766SS,2025-03-04,0.009222405962646008,0.0026631563
601788SS,2025-03-04,0.0006759520038031042,0.0
601799SS,2025-03-04,0.0006885125185362995,-0.006085802
601800SS,2025-03-04,0.00029552035266533494,-0.0020811113
601808SS,2025-03-04,-0.006148540414869785,-0.011992522
601816SS,2025-03-04,0.008630404248833656,0.0091824625
601818SS,2025-03-04,0.009620921686291695,0.0026631563
601838SS,2025-03-04,-0.008513654582202435,-0.0030988038
601857SS,2025-03-04,-0.012287859804928303,-0.027179467
601865SS,2025-03-04,-0.004990842659026384,-0.013348155
601872SS,2025-03-04,0.0005565173923969269,0.0032000437
601877SS,2025-03-04,0.002721228636801243,0.0030152502
601878SS,2025-03-04,0.003879956202581525,0.0017316819
601881SS,2025-03-04,-0.006626280490309,-0.010681448
601888SS,2025-03-04,0.0018185508670285344,0.00032717598
601899SS,2025-03-04,0.007791208103299141,0.018370293
601901SS,2025-03-04,8.654448902234435e-05,0.0
601919SS,2025-03-04,0.005066497251391411,0.0058996854
601939SS,2025-03-04,-0.007628668565303087,-0.005899683
601985SS,2025-03-04,-0.009917723946273327,-0.017660968
601988SS,2025-03-04,-0.010531295090913773,-0.00740724
601998SS,2025-03-04,-9.437208063900471e-07,-0.0073258835
603019SS,2025-03-04,0.005271407775580883,0.0100230435
603195SS,2025-03-04,0.003728417446836829,0.006034178
603259SS,2025-03-04,-0.0008852112223394215,-0.0047912984
603260SS,2025-03-04,-0.003809327259659767,-0.00900971
603288SS,2025-03-04,0.002997822128236294,-0.0009881366
603369SS,2025-03-04,-0.00840416457504034,-0.035000674
603501SS,2025-03-04,-0.0025794999673962593,0.0050335163
603659SS,2025-03-04,-0.0168499443680048,-0.048586354
603799SS,2025-03-04,0.007021375000476837,0.0045635994
603806SS,2025-03-04,0.012257515452802181,0.017802795
603833SS,2025-03-04,-0.0022476057056337595,-0.012315378
603986SS,2025-03-04,0.027051635086536407,0.037248444
603993SS,2025-03-04,-6.294972263276577e-05,0.0073908786
688008SS,2025-03-04,0.03130309283733368,0.044598956
688009SS,2025-03-04,-0.0029602618888020515,0.0
688012SS,2025-03-04,-0.0011397979687899351,0.004589824
688036SS,2025-03-04,0.008126765489578247,0.022767017
688111SS,2025-03-04,-0.004507909994572401,-0.0014898535
688169SS,2025-03-04,0.0009228537674061954,0.0036565915
688396SS,2025-03-04,0.00690564326941967,0.016871182
000001SZ,2025-03-05,0.023345042020082474,0.012947168
000002SZ,2025-03-05,-0.009013470262289047,-0.014501497
000157SZ,2025-03-05,0.03627209737896919,0.043323286
000166SZ,2025-03-05,0.0014486348954960704,0.001955025
000333SZ,2025-03-05,-0.0032190054189413786,-0.0030614962
000338SZ,2025-03-05,0.007990173064172268,0.009999795
000538SZ,2025-03-05,-0.011967174708843231,-0.0072885994
000568SZ,2025-03-05,0.001958799548447132,0.002022601
000596SZ,2025-03-05,0.006130412686616182,0.009065408
000617SZ,2025-03-05,0.001284356927499175,0.001558875
000625SZ,2025-03-05,-0.006224362179636955,-0.002310316
000651SZ,2025-03-05,0.0011191589292138815,0.008835749
000661SZ,2025-03-05,-0.006463189143687487,-0.008298631
000708SZ,2025-03-05,-0.0031644818373024464,0.0016489716
000725SZ,2025-03-05,0.004289547447115183,0.0022857233
000768SZ,2025-03-05,-0.00292876991443336,-0.0032206017
000776SZ,2025-03-05,-0.0046157268807291985,0.0
000786SZ,2025-03-05,0.00512685626745224,0.0037168073
000800SZ,2025-03-05,-0.008093345910310745,-0.0049566077
000807SZ,2025-03-05,0.03691571205854416,0.04258216
000858SZ,2025-03-05,-0.010097877122461796,-0.008824739
000876SZ,2025-03-05,-0.010661853477358818,-0.00831588
000895SZ,2025-03-05,-0.012932786718010902,-0.0074182884
000938SZ,2025-03-05,0.0024617831222712994,0.0037358096
000963SZ,2025-03-05,-0.012473291717469692,-0.016160598
000999SZ,2025-03-05,-0.011607513763010502,-0.011907179
001965SZ,2025-03-05,-0.007276160642504692,-0.00796797
002001SZ,2025-03-05,0.0008177389390766621,0.0046167597
002007SZ,2025-03-05,-0.0031048967503011227,-0.0075613265
002027SZ,2025-03-05,0.0160371046513319,0.0121576125
002028SZ,2025-03-05,-0.005018491297960281,0.001662063
002050SZ,2025-03-05,0.0006673125899396837,0.007387092
002129SZ,2025-03-05,-0.017977001145482063,-0.02326553
002179SZ,2025-03-05,0.0025412801187485456,0.0025522243
002230SZ,2025-03-05,0.009074447676539421,0.0036754764
002236SZ,2025-03-05,-0.004272893071174622,-0.004827892
002241SZ,2025-03-05,-0.003202207386493683,-0.00213678
002271SZ,2025-03-05,-0.003840496065095067,0.0045976555
002304SZ,2025-03-05,0.004086186643689871,0.0034071377
002311SZ,2025-03-05,-0.010283559560775757,-0.0152633665
002371SZ,2025-03-05,0.00105848943348974,0.0043341955
002415SZ,2025-03-05,0.006113641429692507,0.009998143
002422SZ,2025-03-05,0.0034509534016251564,-0.0057452503
002459SZ,2025-03-05,-0.02413097582757473,-0.029139133
002460SZ,2025-03-05,-0.010851223953068256,-0.01797311
002463SZ,2025-03-05,-0.004092116840183735,0.008001128
002466SZ,2025-03-05,-0.010949559509754181,-0.01121005
002475SZ,2025-03-05,0.0014543539145961404,0.0014327024
002493SZ,2025-03-05,-0.011175518855452538,-0.014696811
002555SZ,2025-03-05,-0.00427631288766861,-0.0032626393
002594SZ,2025-03-05,0.008987846784293652,0.026097454
002601SZ,2025-03-05,-0.011531227268278599,-0.013251768
002648SZ,2025-03-05,-0.013769956305623055,-0.012625181
002709SZ,2025-03-05,-0.0019139330834150314,-0.0047961497
002714SZ,2025-03-05,-0.008651362732052803,-0.013305517
002916SZ,2025-03-05,-0.0045549385249614716,0.0035989853
002920SZ,2025-03-05,-0.0035338597372174263,-0.0020321351
002938SZ,2025-03-05,0.0027374629862606525,0.01122988
003816SZ,2025-03-05,0.023525862023234367,0.01643728
300014SZ,2025-03-05,0.005932436790317297,0.010100807
300033SZ,2025-03-05,0.003013837616890669,0.0057440773
300059SZ,2025-03-05,-0.0035792195703834295,0.0
300122SZ,2025-03-05,-0.01008970569819212,-0.013239147
300124SZ,2025-03-05,0.006048243027180433,0.03030809
300274SZ,2025-03-05,-0.031138479709625244,-0.03483965
300308SZ,2025-03-05,0.002700923942029476,0.009712277
300316SZ,2025-03-05,-0.011357377283275127,-0.017686987
300347SZ,2025-03-05,-0.0088040167465806,-0.0012323096
300394SZ,2025-03-05,0.010571609251201153,0.031483818
300408SZ,2025-03-05,0.004446203354746103,0.00780351
300413SZ,2025-03-05,0.019008371978998184,0.036529522
300418SZ,2025-03-05,0.006555359344929457,0.0007996935
300433SZ,2025-03-05,0.0023018440697342157,0.010403311
300450SZ,2025-03-05,-0.009067402221262455,-0.016107548
300498SZ,2025-03-05,-0.011746288277208805,-0.0121872965
300502SZ,2025-03-05,0.005408512428402901,0.012163382
300628SZ,2025-03-05,0.004389520268887281,0.0054185605
300661SZ,2025-03-05,-0.0021690696012228727,-0.0006077944
300750SZ,2025-03-05,-0.010067307390272617,-0.0076718307
300759SZ,2025-03-05,-0.011231626383960247,-0.0130081875
300760SZ,2025-03-05,-0.008438472636044025,-0.011241331
300782SZ,2025-03-05,-0.006096308119595051,-0.007986776
600000SS,2025-03-05,0.012734857387840748,0.0147411795
600010SS,2025-03-05,-0.014180263504385948,-0.016171437
600011SS,2025-03-05,0.006158934440463781,0.0074127684
600015SS,2025-03-05,0.024631403386592865,0.0138497595
600016SS,2025-03-05,0.017599403858184814,0.011975552
600018SS,2025-03-05,-0.00014455331256613135,0.0
600019SS,2025-03-05,0.003641855902969837,0.01231986
600023SS,2025-03-05,0.00541240070015192,0.00903316
600025SS,2025-03-05,0.014651058241724968,0.014001618
600026SS,2025-03-05,0.00023928919108584523,-0.005357054
600028SS,2025-03-05,0.002038354752585292,0.0035273586
600029SS,2025-03-05,0.02983943000435829,0.021864569
600031SS,2025-03-05,0.04077496752142906,0.043592934
600036SS,2025-03-05,0.03989876061677933,0.025736675
600048SS,2025-03-05,-0.012018868699669838,-0.016128017
600050SS,2025-03-05,0.003398284548893571,0.012861276
600061SS,2025-03-05,-0.005034659057855606,-0.0013898122
600085SS,2025-03-05,0.0010621825931593776,-0.0052205585
600089SS,2025-03-05,0.005925339180976152,0.0057683745
600104SS,2025-03-05,-0.004591787699609995,-0.008489819
600111SS,2025-03-05,-0.018716268241405487,-0.01483337
600115SS,2025-03-05,0.02207351103425026,0.023282818
600161SS,2025-03-05,-0.008061842992901802,-0.007020927
600183SS,2025-03-05,0.006889888551086187,0.029508654
600188SS,2025-03-05,0.0008422586834058166,0.0015244767
600196SS,2025-03-05,-0.011003151535987854,-0.0076349545
600219SS,2025-03-05,0.002069569658488035,0.007863591
600233SS,2025-03-05,0.008118780329823494,0.010748527
600276SS,2025-03-05,-0.003621250856667757,0.0026132204
600309SS,2025-03-05,-0.005793309770524502,-0.0073356093
600332SS,2025-03-05,-0.005884857848286629,-0.0060172626
600346SS,2025-03-05,-0.007163254078477621,-0.013757955
600362SS,2025-03-05,0.009128673002123833,0.006666582
600377SS,2025-03-05,-0.011221908032894135,-0.009794108
600406SS,2025-03-05,-0.004298810847103596,-0.0059447708
600415SS,2025-03-05,0.0075677866116166115,0.025969664
600426SS,2025-03-05,-0.013611887581646442,-0.012039024
600436SS,2025-03-05,-0.004597560968250036,-0.003581537
600438SS,2025-03-05,-0.01969178393483162,-0.030527301
600489SS,2025-03-05,-0.005724970251321793,0.015973393
600519SS,2025-03-05,-0.008660822175443172,-0.0025472813
600570SS,2025-03-05,-0.005186159163713455,-0.00064644235
600585SS,2025-03-05,0.03309182450175285,0.03430465
600588SS,2025-03-05,-0.006450672168284655,-0.013817289
600600SS,2025-03-05,-0.0033616286236792803,-0.004712607
600660SS,2025-03-05,0.005605812184512615,0.0048330487
600674SS,2025-03-05,0.004877697676420212,0.0053404258
600741SS,2025-03-05,-0.007352943066507578,-0.0039336854
600760SS,2025-03-05,-0.013905100524425507,-0.0132325655
600795SS,2025-03-05,-0.0012583478819578886,0.0024009661
600809SS,2025-03-05,0.0034989388659596443,0.0036688251
600875SS,2025-03-05,0.002651859074831009,0.0
600886SS,2025-03-05,0.004538520704954863,0.0070870914
600887SS,2025-03-05,0.0006944739143364131,0.00072000315
600926SS,2025-03-05,0.013087315484881401,0.008202135
600989SS,2025-03-05,0.00566815584897995,0.011258874
601006SS,2025-03-05,-0.004833460319787264,-0.0030165974
601009SS,2025-03-05,0.003331134794279933,0.009861594
601012SS,2025-03-05,-0.011832387186586857,-0.021453096
601021SS,2025-03-05,0.012010276317596436,0.01930911
601058SS,2025-03-05,-0.012894832529127598,-0.005899683
601066SS,2025-03-05,0.0012683523818850517,-0.00041046218
601088SS,2025-03-05,0.0029644102323800325,0.010691923
601100SS,2025-03-05,0.008041738532483578,0.055680543
601117SS,2025-03-05,-0.009063267149031162,-0.013773423
601138SS,2025-03-05,-0.0038552747573703527,0.0
601166SS,2025-03-05,0.007495560217648745,0.013358172
601169SS,2025-03-05,0.06611660867929459,0.023685368
601186SS,2025-03-05,-0.0018802167614921927,-0.0011983532
601225SS,2025-03-05,0.00044565493590198457,-0.0016013071
601229SS,2025-03-05,0.014639470726251602,0.017940458
601238SS,2025-03-05,-0.006849691271781921,-0.009163738
601288SS,2025-03-05,0.023471197113394737,0.01562404
601318SS,2025-03-05,0.003843494225293398,0.005972444
601319SS,2025-03-05,0.011106298305094242,0.013563726
601328SS,2025-03-05,0.021441346034407616,0.018041587
601336SS,2025-03-05,0.004038464743643999,0.0069145053
601360SS,2025-03-05,0.0075636254623532295,0.0008805686
601390SS,2025-03-05,6.471859524026513e-05,0.0
601398SS,2025-03-05,0.014313054271042347,0.013186215
601600SS,2025-03-05,0.034723103046417236,0.023205057
601601SS,2025-03-05,0.002935932017862797,0.0061898585
601607SS,2025-03-05,-0.008426111191511154,-0.01148196
601618SS,2025-03-05,-0.010195196606218815,-0.0064307866
601628SS,2025-03-05,0.0010299162240698934,0.0060076364
601633SS,2025-03-05,-0.0006589510594494641,-0.0039952016
601658SS,2025-03-05,0.03513791039586067,0.016995974
601668SS,2025-03-05,-0.00047118208021856844,0.0
601669SS,2025-03-05,-0.00537955341860652,0.0
601688SS,2025-03-05,-0.0038561176043003798,0.002261103
601689SS,2025-03-05,0.00538874976336956,-0.0003212014
601698SS,2025-03-05,0.05532466620206833,0.057950333
601699SS,2025-03-05,-0.01873365230858326,-0.017579218
601766SS,2025-03-05,0.0046446919441223145,0.0039813817
601788SS,2025-03-05,-0.005319687537848949,-0.0022962769
601799SS,2025-03-05,0.002405664185062051,0.00632526
601800SS,2025-03-05,-0.008971991017460823,-0.006269555
601808SS,2025-03-05,-0.0004874879086855799,-0.0028429392
601816SS,2025-03-05,0.01693880930542946,0.012715241
601818SS,2025-03-05,0.0427234061062336,0.023649763
601838SS,2025-03-05,0.05405935272574425,0.030555204
601857SS,2025-03-05,0.0007506295223720372,0.0039292565
601865SS,2025-03-05,-0.015374721959233284,-0.028189905
601872SS,2025-03-05,-0.00650015426799655,0.0015961286
601877SS,2025-03-05,-0.010741041973233223,-0.012550949
601878SS,2025-03-05,-0.005018744617700577,-0.0025985537
601881SS,2025-03-05,0.03981815651059151,0.04021895
601888SS,2025-03-05,0.0059985145926475525,0.0016344519
601899SS,2025-03-05,-0.002938301069661975,0.00500932
601901SS,2025-03-05,-0.005743263754993677,-0.003819161
601919SS,2025-03-05,-0.0041107903234660625,0.007325916
601939SS,2025-03-05,0.032741986215114594,0.02223241
601985SS,2025-03-05,0.006342799868434668,0.010427257
601988SS,2025-03-05,0.03508454188704491,0.016588617
601998SS,2025-03-05,0.016498830169439316,0.027550904
603019SS,2025-03-05,0.007873862981796265,0.0060219737
603195SS,2025-03-05,0.003035970963537693,0.004401966
603259SS,2025-03-05,-0.009284130297601223,-0.007981247
603260SS,2025-03-05,-0.010477280244231224,-0.007601623
603288SS,2025-03-05,-0.007900618948042393,-0.0024746205
603369SS,2025-03-05,0.006140736397355795,0.028375732
603501SS,2025-03-05,0.0033627625089138746,0.011646909
603659SS,2025-03-05,-0.009922919794917107,-0.02641166
603799SS,2025-03-05,0.00046726412256248295,-0.021861548
603806SS,2025-03-05,-0.01622985675930977,-0.02648548
603833SS,2025-03-05,-0.014079767279326916,-0.02653906
603986SS,2025-03-05,0.003952905535697937,0.010207591
603993SS,2025-03-05,0.002839359687641263,0.007336684
688008SS,2025-03-05,-0.008886776864528656,-0.017458243
688009SS,2025-03-05,0.00042342449887655675,0.0016849127
688012SS,2025-03-05,-0.003136357758194208,0.008968897
688036SS,2025-03-05,-0.0095636872574687,-0.017815692
688111SS,2025-03-05,0.004775151610374451,0.000112408045
688169SS,2025-03-05,-0.004683991894125938,-0.0034861919
688396SS,2025-03-05,-0.004201783332973719,-0.005934578
