Date,Stock,Open,High,Low,Close,Volume,Turnover
2020-03-13,000708SZ,-0.08506767965282978,-0.04096011501242382,-0.046874248054185136,-0.024443566171457896,16.033527468754354,0.0018206455411684
2020-03-16,000708SZ,0.043630463582261726,0.0057372941566525,0.020301232693675796,-0.021437825615501126,15.993715514707873,0.0017495859722934
2020-03-17,000708SZ,-0.042024712285718226,-0.02510275729462698,-0.031022960571129077,-0.007249356225612918,15.941832822943443,0.00166112731099
2020-03-18,000708SZ,0.018677387985718975,0.030807253717657294,0.01970511091648904,0.0024223232028273583,16.214503591638994,0.0021818371953559
2020-03-19,000708SZ,-0.026732194634279546,-0.02612522247036976,0.0040567481613920185,0.026657560521632814,16.135118339371132,0.0020153281027237
2020-03-20,000708SZ,0.03457524471769522,0.042300036419737175,0.012072578057942648,0.04678769296578606,16.11988624688416,0.0019848630479504
2020-03-23,000708SZ,0.0019513147922591997,-0.03802731152824464,0.005982106330236908,-0.05943103914276412,15.611725254578362,0.0011940953386194
2020-03-24,000708SZ,-0.006649725036177755,-0.002328276438579101,-0.005182399385781998,0.01342828760194527,15.199230357743476,0.0007904869573727
2020-03-25,000708SZ,0.02212387926056807,0.021522685407659926,0.02330732561371222,0.024032140643280495,15.590534601221245,0.0011690578908651
2020-03-26,000708SZ,-0.0019212244455125934,0.0030372621533200227,0.007391644271183622,0.0007657859882832625,15.066040463601057,0.0006919123096646
2020-03-27,000708SZ,0.0095695216405041,0.03318105799452496,0.017291575468446195,0.027554149496381575,15.77489297566282,0.0014057298104082
2020-03-30,000708SZ,0.0064551888623382144,-0.024876108761234927,-0.02507377792268684,-0.04726499928654035,15.741044515266758,0.0013589442896435
2020-03-31,000708SZ,-0.017179235219187884,-0.0235841301756907,-0.023316547946277237,-0.02010711216657503,15.557448806666928,0.0011310115425614
2020-04-01,000708SZ,-0.041672709285867374,-0.026522665054538413,-0.012067747001761069,-0.012019397483499726,15.442582276913885,0.0010082799423021
2020-04-02,000708SZ,-0.004425691521369338,0.015686657612665883,0.0008090316260265739,0.03407623790343338,15.350063273206585,0.0009191801283261
2020-04-03,000708SZ,0.036036467781281355,0.04191088473828456,0.0357465653368012,0.03182175892728649,15.840760398404303,0.0015014390842129
2020-04-07,000708SZ,0.03665928036749908,0.017018545545061686,0.03977577689259153,0.023126706152404537,15.93451349994924,0.0016490133692235
2020-04-08,000708SZ,0.030282937781811757,0.00876557953955445,0.008586954594363266,0.007347535478284766,15.665005302393542,0.0012594421896299
2020-04-09,000708SZ,-0.0025495638797485287,0.0054397833693196115,0.009250764113591955,-0.0040343951735384315,15.133451129055434,0.0007401626146409
2020-04-10,000708SZ,0.0010934670716975785,-0.007259577139733764,-0.019714244836871418,-0.020045219786573865,15.337001892608402,0.0009072524299194
2020-04-13,000708SZ,-0.021355766700947236,-0.018382937287412648,-0.003009847861049332,0.0033687971429747264,15.115330488821927,0.0007268711789519
2020-04-14,000708SZ,-0.0026086094409888522,0.01765404357147308,0.007881513635759388,0.017411113432597717,15.463244140446564,0.0010293296027134
2020-04-15,000708SZ,0.020314744162252006,-0.0018244640285444392,-0.000373963372940647,-0.01741111343259763,15.312137155232357,0.0008849719782837
2020-04-16,000708SZ,-0.030817336142489275,-0.013976001254626343,-0.015451508093475818,0.0007471920095567258,15.112817682277617,0.0007250469846822
2020-04-17,000708SZ,0.013483228455540022,0.004065757843957681,0.010953757084969864,-0.0007471920095566886,15.357711057192526,0.0009262367703495
2020-04-20,000708SZ,-0.003727153396376566,0.03870980675670409,-0.0007516814406191202,0.04814934486683165,16.007044306540944,0.0017730619477939
2020-04-21,000708SZ,0.03881869489083787,0.008128878775274857,0.039437833865174965,0.0017792144601683738,15.565639546212735,0.0011403134077263
2020-04-22,000708SZ,-0.004680739643352955,-0.019908374736491492,-0.016029696724789225,-0.023378366849343843,15.677394791180536,0.0012751430992533
2020-04-23,000708SZ,-0.0072437127255312785,-0.009379590976278256,-0.008482412494301674,-0.015401709613211962,15.183454067451539,0.0007781138599525
2020-04-24,000708SZ,0.005437726992607144,0.027173633937553798,0.013975979999278958,0.037000862002387516,16.094767554492243,0.0019356268419547
2020-04-27,000708SZ,0.01862524337606804,0.03976341388987502,0.02879971233228817,0.024275685178385895,15.987820664768135,0.0017393027631274
2020-04-28,000708SZ,0.014094522845230047,-0.015371924134484675,-0.005694152072020579,0.0031232831680387987,15.778451709795782,0.0014107413418362
2020-04-29,000708SZ,0.014243804661778603,-0.0017227132147802538,-0.003217086561088675,-0.011149971655809065,15.79284628170678,0.0014311952216275
2020-04-30,000708SZ,-0.02806673057934081,-0.0006748110360372603,-0.020632266712794018,-0.011797593248671127,15.990172729984456,0.0017433985319927
2020-05-06,000708SZ,-0.008158159980418175,-0.030866671385929512,-0.014267347956410338,-0.03754813328969943,16.176860662417777,0.0021012330505545
2020-05-07,000708SZ,-0.02876519579520828,0.0006267355883203063,-0.008527486557265006,0.03379340263869598,15.83524787444523,0.0014931851351436
2020-05-08,000708SZ,0.027504122289003445,0.007490635575481652,0.03049207152094323,0.006249955749434039,15.538188580354126,0.001109436438118
2020-05-11,000708SZ,0.013162216634442689,0.011746756120724419,0.010171850912007795,-0.0012467268238596143,15.545494086612726,0.0011175711121846
2020-05-12,000708SZ,-0.0006229766515050295,-0.0074030267457856555,0.000632161858757848,-0.008772110729294303,15.207826502903563,0.0007973113895901
2020-05-13,000708SZ,-0.00624993223406218,-0.004343714507838518,-0.005705202545893135,0.008148020594123099,15.06758386012305,0.0006929810295398
2020-05-14,000708SZ,0.005626877314155276,-0.0012445486708768758,-0.016666971052244507,-0.02977728425299445,15.386180822595486,0.0009529854775702
2020-05-15,000708SZ,-0.03102506388873232,-0.027779593443491086,-0.00974359271744512,0.0012852600907617803,15.260872093414536,0.0008407471055848
2020-05-18,000708SZ,0.008325491704656901,0.01461749551660821,0.0019564627031038815,0.007040176350143502,15.418865003580514,0.0009846476412581
2020-05-19,000708SZ,0.0031835735651970566,0.012539197631403364,0.011013965346828365,-0.003833977318698082,15.61011514267682,0.0011921742581763
2020-05-20,000708SZ,-0.008298681215875481,-0.025237841385438126,-0.02412896942997846,-0.02923227065095344,15.559314314771177,0.0011331234233825
2020-05-21,000708SZ,-0.01941818061101001,-0.020659287471202954,-0.0052945971550557224,-0.003963127593668556,14.967809890381185,0.0006271768916416
2020-05-22,000708SZ,-0.019136104680342724,-0.01511684353279057,-0.01807872343991023,-0.00797338142716725,14.910725080758128,0.0005923773198663
2020-05-25,000708SZ,-0.00668456730898188,-0.00797884651072921,-0.030180678903457357,-0.023625789819070472,15.45881506812984,0.0010247807077163
2020-05-26,000708SZ,-0.014184625639377016,0.03412408848826085,0.019311004366175347,0.05190785319254763,15.61211294796437,0.0011945583713128
2020-05-27,000708SZ,0.05492615777637988,0.02610782745350375,0.046054174542475526,0.0012961629561722666,15.563777107814705,0.0011381916203434
2020-05-28,000708SZ,-0.00451759591094579,-0.012014050342853381,-0.00983291740713314,0.0006474520075989787,15.047855635641959,0.0006794437129897
2020-05-29,000708SZ,-0.0084444184103182,0.012013968080850689,0.009832835145130349,0.024929344330369505,15.483396041806397,0.0010502829713451
2020-06-01,000708SZ,0.03839247726366205,0.01062844833852141,0.02766343313709728,0.006920443344555165,15.658602037497076,0.0012514034110805
2020-06-02,000708SZ,0.004384650613960266,0.0031046525550307534,-0.0025412235116305526,-0.007551876745777932,15.500269092708885,0.0010681548048973
2020-06-03,000708SZ,0.0018732096104665263,-0.0055952581978771666,-0.008945846048180746,-0.013354809594606122,15.409646794605724,0.0009756126588651
2020-06-04,000708SZ,-0.025909893652129784,-0.010655153469578824,-0.0025707143415625,0.0006399933896671472,14.890652902944332,0.0005806055507406
2020-06-05,000708SZ,0.002557606826145155,-0.006955365282213944,-0.0175271301839625,-0.009643250072713402,15.093516510216098,0.0007111869123522
2020-06-08,000708SZ,-0.016093104480972124,0.003167515717645084,0.009126427129370925,0.00964325007271341,15.208567997823518,0.000797902811323
2020-06-09,000708SZ,0.023092833160796494,-0.001899336678350705,-0.004552790955480417,-0.0012803966331907828,15.26338884532682,0.0008428657228679
2020-06-10,000708SZ,-0.01019777569049033,0.01134223769445923,0.017447848425786623,0.015257753635595445,15.483356236805621,0.0010502411656548
2020-06-11,000708SZ,0.01588852177325049,-0.0006267373920660446,-0.0070716488611663195,-0.01653979178634265,15.510034010821295,0.0010786363434284
2020-06-12,000708SZ,-0.03856515936057689,-0.005028295601464858,-0.027470672060750746,0.003841194097785434,15.807171426822308,0.0014518448550777
2020-06-15,000708SZ,0.016249931046923915,0.050379222301780026,0.02099810708483964,0.025237889386303582,16.382404331515332,0.0025807189578888
2020-06-16,000708SZ,0.050906389436881146,0.0065691218696609655,0.03195165113147041,0.019741691154648754,16.093756953232692,0.0019336716829395
2020-06-17,000708SZ,0.01580581748261377,0.049356923983634386,0.04006697370312549,0.07415150937110605,16.555327348887676,0.0030678931496198
2020-06-18,000708SZ,0.05856474281163219,0.03178409237916009,0.046053043601083955,0.0,16.416249304527355,0.0026695582292923
2020-06-19,000708SZ,0.006802759941709074,-0.027825982543043526,-0.006948577123833764,-0.01600945525238802,16.197010522864133,0.0021440020549474
2020-06-22,000708SZ,-0.010221621963117346,-0.006795033624384927,-0.007582424048195687,-0.005780435817946277,15.709183207612245,0.001316329035088
2020-06-23,000708SZ,-0.01090394410557916,-0.011428671215951498,-0.004694771631714114,-0.008733589454948777,15.563299504867437,0.0011376481463691
2020-06-24,000708SZ,-0.012776028504286748,0.010291650864773702,-0.005308242924763786,0.0029196127965239187,15.540874315877542,0.0011124200963679
2020-06-29,000708SZ,-0.018284220914340604,-0.010291641954456329,-0.012496327113429472,-0.019429453301815093,15.281586515748112,0.0008583443292469
2020-06-30,000708SZ,0.0011897864947094487,-0.009818169235242797,0.007159862383153443,0.016509840505291185,15.179862945016705,0.0007753245684429
2020-07-01,000708SZ,0.015924850207144063,-1.94476693308537e-08,-0.007159890741139851,0.000584618311860115,15.328776279168933,0.000899820329208
2020-07-02,000708SZ,-0.006457371556729704,-0.0023241929342782104,0.006565131117635202,0.0005842767329730725,15.538653691949564,0.0011099525699821
2020-07-03,000708SZ,0.01054487783570232,0.059837176157982425,0.020607116109621022,0.04622783149536861,16.391330766872,0.0026038587046855
2020-07-06,000708SZ,0.055538353505034485,0.014686201539309633,0.046678946048638204,0.030754756015425013,16.565651196772432,0.0030997296687935
2020-07-07,000708SZ,0.019651452361167145,0.00860232651959041,0.0044396461508268165,-0.011422298114528577,16.362427535701013,0.0025296759931719
2020-07-08,000708SZ,-0.02075437715425652,-0.011847261658340907,-0.019570110318422106,0.005999409838124466,16.270107387734132,0.0023065919136436
2020-07-09,000708SZ,0.004954500422361787,0.07762300598800706,0.02067695453405738,0.059120164828686414,16.57555492778423,0.0031305810794727
2020-07-10,000708SZ,0.06330220997221855,-0.027956128142792965,0.018630691254599947,-0.052616020386056894,16.327018810069863,0.0024416706561315
2020-07-13,000708SZ,-0.05075084397150649,-0.020834111895422933,-0.018077771782904043,0.020321465595906064,16.304069031719038,0.0023862729650267
2020-07-14,000708SZ,0.024639758790033387,0.023408234122070343,0.01263413874416087,-0.012250357962285106,16.189517397006508,0.0021279968157489
2020-07-15,000708SZ,-0.010638326909681993,-0.015544403270679233,0.009777399809251124,0.006410333413673419,16.090189676044833,0.0019267860281708
2020-07-16,000708SZ,-9.869892524069386e-08,0.014515484690280843,-0.008141235494084173,-0.02044196515874558,16.21729761158633,0.0021879418168008
2020-07-17,000708SZ,-0.023263283588497007,-0.054467749587334774,-0.04971721168782007,-0.04048246760802733,16.035042031703032,0.001823405112993
2020-07-20,000708SZ,-0.05166783792222431,0.009735114540140572,-0.00631994045258007,0.04427949552915093,15.888753804842027,0.0015752554510752
2020-07-21,000708SZ,0.06525880382313247,0.019718320777073892,0.05330856804453258,0.0032433985856961008,15.566700778506933,0.0011415241876961
2020-07-22,000708SZ,0.0005397909650124611,-0.0037008879755036157,-0.0005465381505951448,-0.010852052116625639,15.5371302482584,0.0011082629068201
2020-07-23,000708SZ,-0.007584050615063812,-0.014941493726975974,-0.012101403432162665,0.004354950578477508,15.72916932016631,0.0013429019999043
2020-07-24,000708SZ,0.01081691100564979,0.013351439394005305,0.00716865477803976,0.013488306776400444,16.373671077168837,0.0025582790106098
2020-07-27,000708SZ,0.011232796455416447,0.01787618086127848,0.0016467047204279366,0.024875329483033958,16.32959745938818,0.0024479749938601
2020-07-28,000708SZ,0.02417360118658166,0.055245886918464784,0.03609335048872813,0.05689706615723024,16.60697089826521,0.0032304925186153
2020-07-29,000708SZ,0.05259038229654163,0.0029541376268317717,0.039424157161466696,-0.001977355351932762,16.25689417287125,0.0022763148854112
2020-07-30,000708SZ,-0.014888547354308097,0.0009828510942368654,0.002032595070367419,-0.025051383843864194,16.15373399353914,0.002053196132917
2020-07-31,000708SZ,-0.0207130209078094,-0.022852496198520814,-0.022588243317400045,-0.009174281766988335,15.882775515025967,0.0015658662100362
2020-08-03,000708SZ,-0.0035796650402820126,-0.00655408195484448,0.007242598421406826,0.00968150457693371,15.709211354080749,0.0013163660856288
2020-08-04,000708SZ,0.00917911585662299,-0.0010121231691106042,-0.015584645560329612,-0.026202339412422504,15.924469881626859,0.0016325342001138
2020-08-05,000708SZ,-0.02051349282526953,-0.008134126335344855,-0.004723061218141698,0.009326633921609111,15.564963076503538,0.0011395422809643
2020-08-06,000708SZ,0.005167959149865153,0.0010204007115086407,-0.014304934819414144,-0.014545678461607026,15.754303727005707,0.0013770828078364
2020-08-07,000708SZ,-0.017681141299446562,-0.01593458005225881,0.0005335227198931666,-0.0010471095600983892,15.460625411803289,0.0010266375936396
2020-08-10,000708SZ,0.002096446437462184,0.00825593494981926,0.008497083803666993,0.016623705207764825,15.617969582257425,0.0012015749908269
2020-08-11,000708SZ,0.023286750928689898,0.004614076242278981,-0.0010583668514409143,-0.02451241481717131,15.486075554194937,0.0010531009918836
2020-08-12,000708SZ,-0.028536201380383826,-0.023286825522003333,-0.04493306392553238,-0.03601565365036025,15.582259180637568,0.0011594233633586
2020-08-13,000708SZ,-0.03317579027938716,-0.024378460891904343,0.0022125585495676218,-0.00164330572790416,15.082279272212435,0.0007032398685641
2020-08-14,000708SZ,-0.010941058318682554,-0.008620827657448841,-0.0011057011901858772,0.010905182405554848,14.910633432368115,0.0005923230319082
2020-08-17,000708SZ,0.010941077676212135,0.017167899755733636,0.012094779356954409,0.014535956207618569,15.25672317286037,0.0008372661379379
2020-08-18,000708SZ,0.014582939667545041,0.015307701775979126,0.016797970593692382,0.001602058542508251,15.242906314568335,0.0008257773002142
2020-08-19,000708SZ,0.0026775774300340648,0.009903817472332916,0.0037544840928797696,0.01588195125718266,15.669433229492432,0.0012650312736045
2020-08-20,000708SZ,0.01644151176793982,0.00723504988198179,0.011708360631251273,0.00992936623535576,15.507455769239717,0.0010758589397928
2020-08-21,000708SZ,0.012026196822284733,-0.003094421395669403,-0.004241851919000537,-0.005736652258527813,15.421563347328863,0.0009873081474657
2020-08-24,000708SZ,-0.00677963797844602,-0.006217674861508329,-0.011758511541518427,-0.02757334511600309,15.496421703244236,0.0010640530920949
2020-08-25,000708SZ,-0.024902015920495645,-0.023134606330117574,-0.016260585314305992,-0.012987185035106728,15.105268963323358,0.0007195944131278
2020-08-26,000708SZ,-0.015680206615920882,-0.01716781320301939,-0.04470016261900456,-0.03491634956014986,15.64107191834651,0.0012296573193824
2020-08-27,000708SZ,-0.036630039840673215,-0.030213719718384182,-0.008032119451814387,0.0033784759602029047,15.396298964621467,0.0009626768687408
2020-08-28,000708SZ,0.0061988748845048895,0.00389645206845265,0.01373017813754839,0.00839633206870272,15.211639896749757,0.0008003576573099
2020-08-31,000708SZ,0.012283962302871598,0.019257936548817477,0.019691332875217533,0.007220300471719192,15.272594176104034,0.0008506604037373
2020-09-01,000708SZ,-0.0011104982260813437,2.146103494091167e-08,-0.01007846804980642,0.004417473438674075,15.180540679152458,0.0007758502106062
2020-09-02,000708SZ,0.009400084167308647,-0.002728621675928671,-0.011318827640672833,-0.022285068315321628,15.394975536416117,0.0009614036774323
2020-09-03,000708SZ,-0.022823044604213912,-0.01486385130672114,-0.0062802953028651375,-0.012471686267296903,15.237697745189639,0.0008214873627397
2020-09-04,000708SZ,-0.02624244799568315,-0.016215266266666358,-0.027876498998898054,0.003985030668287309,15.601633505138967,0.0011821054270053
2020-09-07,000708SZ,0.017192516391639552,0.005060513692974023,-0.00472250449105212,-0.03468552958600298,15.455065175235747,0.001020945085161
2020-09-08,000708SZ,-0.04058531904240067,-0.04766907822060097,-0.02455947134611859,-0.003535617986617296,15.39480137914878,0.0009612362565397
2020-09-09,000708SZ,-0.006530163251838573,0.020379094810814916,0.013253075614078676,0.01813433321447255,15.57508476047735,0.0011511349394546
2020-09-10,000708SZ,0.03855619103196493,0.01940703426155239,0.02248624251752875,-0.00406618487817504,15.42006697526422,0.0009858318716426
2020-09-11,000708SZ,-0.003444335877543126,-0.004532517970002293,0.0005850429848024754,0.017311472944000518,15.299621047284456,0.0008739645994581
2020-09-14,000708SZ,0.013139302815749777,0.026892278621116726,-0.011173403983356082,-0.01905926472425035,15.56886109112552,0.0011439929028694
2020-09-15,000708SZ,-0.014865810376707936,-0.017847526544885795,0.008831470242118685,0.02305586844093661,15.254128357690915,0.0008350964027965
2020-09-16,000708SZ,0.018265235376521253,0.0028096422868161236,0.0151252800522283,0.002844922575635697,14.735828768646671,0.000497326832414
2020-09-17,000708SZ,-0.0033993009829023737,-0.006191899467914963,-0.01103051682039343,-0.009705941327897368,14.826115337304,0.0005443182115306
2020-09-18,000708SZ,-0.0056916222459535435,0.0078740637526238,0.011030556425799847,0.022128462131980046,15.314063612511113,0.0008866784826005
2020-09-21,000708SZ,0.018660438770487283,0.006700153798604115,-0.012783378887360168,-0.031350465442024036,15.350997470539243,0.0009200392253559
2020-09-22,000708SZ,-0.04702692390490329,-0.04670544051875201,-0.017699574123393673,-0.026996932317346737,14.948337460410123,0.0006150823667361
2020-09-23,000708SZ,-0.0005874928439945127,0.004073199865384018,-0.000595423269068658,0.0011889801287132873,14.556328705197147,0.0004156099826035
2020-09-24,000708SZ,-0.007667525745787818,-0.014624490728657123,-0.02228348733467018,-0.023445651943988923,14.872384807671505,0.0005700952831806
2020-09-25,000708SZ,-0.026396082775354237,-0.019637551753721397,-0.007334959347255622,0.008479811309110217,14.648236185804313,0.0004556180282532
2020-09-28,000708SZ,0.0024286172569550693,0.016095773329842647,-0.001227640098813977,0.008408439639819838,15.035718457032297,0.0006712470238469
2020-09-29,000708SZ,0.015046883657470717,0.004130954997611171,0.006123579398396487,0.0047732293672702085,14.662623972771009,0.0004622207516199
2020-09-30,000708SZ,0.0017905346554120643,-0.01065733001576749,0.004264479313298822,-0.017412586288595756,14.649497360863233,0.0004561930050937
2020-10-09,000708SZ,-0.010791449277213414,0.029327656861585925,0.00847463026380715,0.04036161912197018,15.26595789715956,0.0008450338729595
2020-10-12,000708SZ,0.035527754608238316,0.009778644984006183,0.02617643913991253,0.008111266407905033,15.124776455675207,0.0007337697122508
2020-10-13,000708SZ,0.0029043121993187473,-0.012673030661668899,0.0011735346906489434,-0.004627045145063611,14.377687634426588,0.0003476186740152
2020-10-14,000708SZ,0.0034742914524518846,0.002894399934421348,-0.014771231977589125,-0.023461378031241244,14.839234056899429,0.0005515060164308
2020-10-15,000708SZ,-0.029923011748681748,-0.004635078241562689,-0.005371633141113711,0.011212815728699003,14.440548583587605,0.0003701717542287
2020-10-16,000708SZ,0.02179760774310277,0.008673217636354433,0.006561396775999336,0.0052677364076381605,14.733630815235752,0.0004962349311844
2020-10-19,000708SZ,-0.0005829675560299467,0.01087889546844944,0.012994904971024353,-0.002337791045110476,15.396493850323267,0.0009628644990192
2020-10-20,000708SZ,-0.004089919750980854,-0.01839125811005796,-0.013589611754738084,0.0005850274850656711,15.251236068255002,0.0008326845512873
2020-10-21,000708SZ,0.004673001388849702,-0.002322723668320149,-0.011366975612931941,-0.011764786345263758,15.338810457369933,0.0009088947397165
2020-10-22,000708SZ,-0.021202301266076935,-0.011108065407337225,0.008984706114528312,-0.007125914491802473,14.923555221587375,0.00060002657241
2020-10-23,000708SZ,0.004750571521176824,-0.006487847439503434,-0.011997817043459973,-0.010182808521162457,14.752038724552946,0.0005054541756249
2020-10-26,000708SZ,-0.02337533313975198,-0.017308655366650594,-0.027533040262026874,-0.012723665182459187,14.893330169398466,0.0005821620697134
2020-10-27,000708SZ,-0.02021507534248894,-0.00664457576634762,-0.016891261050975787,0.005472814820016203,15.465878299104315,0.0010320445950103
2020-10-28,000708SZ,0.004938249165077082,-0.003642986617361472,0.01751128789287092,-0.010362819679120922,14.891672035991872,0.0005811975668672
2020-10-29,000708SZ,-0.005557281808486427,-0.008552348323588192,-0.004972025283824388,-0.011710477945609601,14.872656199924105,0.0005702500236743
2020-10-30,000708SZ,-0.0012391859404816273,0.009768078620962807,-0.008132616832285128,0.0,14.997628167918746,0.000646159845153
2020-11-02,000708SZ,0.010484155982883086,-0.009768143536926685,-0.0075662980197862256,-0.013104719815160985,15.245340109557187,0.0008277895210248
2020-11-03,000708SZ,-0.01857631099741532,0.024842254580915518,0.01070205461224245,0.01990116320067032,15.386462287411748,0.0009532537472607
2020-11-04,000708SZ,0.015504249640267349,0.001793826674769193,0.0099689242644965,0.007973185114069923,15.177961920469603,0.0007738520571132
2020-11-05,000708SZ,0.012840285943265497,0.01482392591513459,0.012935313753828944,0.03481749127947976,15.701328818275687,0.001306030569817
2020-11-06,000708SZ,0.029924443981724464,0.035274008733354345,0.02776274945309939,0.024476756957594395,15.733319688837199,0.0013484871212542
2020-11-09,000708SZ,0.03134332303100623,0.039548424284087204,0.037960869857472615,0.04832395349572152,16.198672923418947,0.0021475692096809
2020-11-10,000708SZ,0.05502903780959095,0.02107612085926824,0.03269726864753972,0.006560917427716019,15.937406640834574,0.0016537911057957
2020-11-11,000708SZ,-0.012517220783587388,0.00480122202545078,0.0071842140073442385,0.0016334005136178502,15.691274262259498,0.0012929648056033
2020-11-12,000708SZ,0.023810911519201755,0.03349365150740275,0.009317927479823334,0.05194627666864031,16.09497655224541,0.0019360314259341
2020-11-13,000708SZ,0.03158122990177843,-0.002061103137934698,0.027973614622693942,-0.008820037344327935,15.308888474456117,0.0008821016510995
2020-11-16,000708SZ,-0.013562852639945477,0.05420305464500696,-0.002655978584408858,0.04881505790430258,16.065432365930416,0.0018796696282457
2020-11-17,000708SZ,0.06752109249275261,0.057429723020810015,0.06934733870937192,0.032229243783039256,16.180887616505252,0.0021097116804429
2020-11-18,000708SZ,0.02472858331290138,-0.030440036352622286,0.00741671093315264,0.008136098336894397,15.655306732980096,0.0012472864421732
2020-11-19,000708SZ,-0.005282210758997838,-0.0014277325073545413,0.0049138858207487795,-0.007655680485504957,15.600102904619257,0.0011802974794968
2020-11-20,000708SZ,0.0014434331968520453,0.017465813976239367,0.01411577851617141,0.025137852110103113,15.398752738690266,0.0009650419612788
2020-11-23,000708SZ,0.03866585820660588,0.04349497244331575,0.009619985986843193,-0.016053274585632733,16.11018191982734,0.0019656944454729
2020-11-24,000708SZ,-0.02909634362207588,-0.038360805827835694,-0.004317526640561626,0.01792503849204098,15.552872269819533,0.0011258472519521
2020-11-25,000708SZ,0.023065138806592216,0.017078567196878645,-1.2347378349329583e-07,-0.025090139201613487,15.305515624553282,0.0008791314657734
2020-11-26,000708SZ,-0.032634586419113105,-0.02549373854634739,-0.008691267181511114,0.018523580095572104,15.389610370139314,0.0009562593980776
2020-11-27,000708SZ,0.013371616393736172,0.0116685906172304,0.013008873429608894,-0.0018843235914046794,14.951401290185261,0.0006169697648693
2020-11-30,000708SZ,0.0075615569728907615,-0.01073010473391285,-0.001916488381312287,-0.010903052833560389,15.505074866877598,0.0010733004711706
2020-12-01,000708SZ,0.0023512417313381177,0.02866579962624872,0.009546462764529445,0.028197280566502,15.70536858857219,0.0013113173055288
2020-12-02,000708SZ,0.022754628930453512,-0.007319328350282795,0.003793269833401568,-0.013999257746672577,15.233132302095415,0.000817745456258
2020-12-03,000708SZ,-0.03314180668639799,-0.027934665436657586,-0.015740712870207486,-0.01801842700935145,15.186775034111927,0.000780702246391
2020-12-04,000708SZ,-0.00714467621312836,-0.006156936422293787,-0.0033711513865778493,-0.0028750222361748866,14.968446245612663,0.0006275761260777
2020-12-07,000708SZ,0.0071447012631478376,0.006156961472313126,-0.004835487187975624,-0.0033644335047532756,14.837981629348826,0.0005508157272122
2020-12-08,000708SZ,-0.02110404970945214,-0.019547817434432145,-0.02702211815906048,-0.017484813362230147,15.444397505776534,0.0010101118636899
2020-12-09,000708SZ,0.0048357961783395305,0.007196161131735456,-0.0034919527742619185,-0.013813593168848077,15.173262687459577,0.0007702240760909
2020-12-10,000708SZ,-0.013110373068665701,-0.009123922957615183,0.0019967711872608935,0.004955246111213965,15.422476818381554,0.0009882104371045
2020-12-11,000708SZ,0.0029283528861909366,0.040185077980832616,0.021219688170579155,0.0463627949835497,16.45215326042664,0.0027671473722434
2020-12-14,000708SZ,0.030712474994066978,-0.019654438689781208,-0.014756829945561278,-0.023878962087830906,16.148539304322064,0.0020425580707112
2020-12-15,000708SZ,-0.003787848621434592,0.01361211226695918,0.015244952135855574,0.02811721027442508,15.53640683631942,0.0011074614659794
2020-12-16,000708SZ,0.028987481054673633,0.013429095626286174,0.01260920099998028,-0.015151975563853684,15.142938017197555,0.0007472178697457
2020-12-17,000708SZ,-0.05493787380390725,-0.019977277288060032,-0.0209404661572235,0.012799611207645993,15.335975170095205,0.0009063214112518
2020-12-18,000708SZ,0.036332677029816615,0.022274659129806033,0.039088073425054014,0.01727796740420539,15.092521162013634,0.0007104793857163
2020-12-21,000708SZ,0.03551226196348013,0.0204413605375536,0.011294409111372286,0.011507699068502786,15.132519951369835,0.0007394737123409
2020-12-22,000708SZ,-0.016906916997738046,-0.024580169647654724,-0.055810628749440046,-0.05988121856308896,15.682965607476689,0.0012822665115025
2020-12-23,000708SZ,-0.061287301396714504,-0.05347858191343265,-0.005457627108616423,-0.006336781939772609,15.306036773042937,0.0008795897433172
2020-12-24,000708SZ,8.653856260779514e-09,0.013520286365675266,0.010393523907222445,0.016970038884983867,14.638788668623823,0.0004513338365845
2020-12-25,000708SZ,0.02420261576996835,0.028370793373987954,0.011747633491656482,0.023754165841545077,14.870600333993247,0.0005690788699512
2020-12-28,000708SZ,0.04076460029981062,0.015267425500690136,0.01497253242756372,-0.0014094287511649645,14.920338820707437,0.0005980997461612
2020-12-29,000708SZ,-0.023224461897595045,-0.011080444406382136,0.008591942944139928,-0.005657772884793147,14.900988635942074,0.000586637656154
2020-12-30,000708SZ,-0.005182749421436273,0.006478334984525231,-0.0066764320960016965,0.015016551021708695,15.202660802711257,0.0007932033365883
2020-12-31,000708SZ,0.03115816050876239,0.01100936630863694,0.01472367608915174,0.01479470245948272,15.394926486904954,0.0009613565221987
2021-01-04,000708SZ,-0.0222231462735234,0.07427088031174421,0.005172828495184466,0.06270108950841732,15.849445712970905,0.0015145363512928
2021-01-05,000708SZ,0.08263227588555253,0.01011386337453865,0.05874673529552949,0.01794154173672998,15.614472857747947,0.0011973807507384
2021-01-06,000708SZ,0.02972609433515424,0.017456768187269676,0.03434365569324195,0.018456804966132934,15.487293963607081,0.0010543848822787
2021-01-07,000708SZ,0.006672245647733161,0.0833650771506137,0.014846524693616647,0.0798508631281863,16.08112892366928,0.0019094067488659
2021-01-08,000708SZ,0.056165161038832755,-0.001517336953826669,0.043261168340549515,0.009547599964183673,15.787104883596994,0.0014230017025844
2021-01-11,000708SZ,0.03399307446610134,0.0030324767037628814,-0.003635762627620075,-0.013007198688845062,15.961030762279652,0.0016933256177966
2021-01-12,000708SZ,-0.01994677686140354,-0.02335910823270451,0.004441985241842068,-0.007342774378277017,15.687649601196954,0.0012882867290418
2021-01-13,000708SZ,-0.0034932069822700726,-0.003104471152135957,-0.004846579574839311,-0.02394629858359016,15.451263960532277,0.00101707161954
2021-01-14,000708SZ,-0.02280866220665969,0.07015820962368109,0.006859048619768385,0.08671341515277023,15.998229321752099,0.0017575011169529
2021-01-15,000708SZ,0.0728570563518171,-0.016438804012186475,0.020299087862187946,-0.01875405474035279,15.918258385874344,0.0016224251483023
2021-01-18,000708SZ,-0.036148587270533904,-0.021594320414081648,0.0011813257369381375,-0.03359448826489244,15.502669037836176,0.0010707213969001
2021-01-19,000708SZ,-0.0019188905153128754,0.016054215950613623,0.022953844926721513,0.03173680690309256,15.398698125172256,0.0009649892583706
2021-01-20,000708SZ,0.03287651497679608,0.04348512692984156,0.022062500328778316,0.02061173610215265,15.772562830941249,0.0014024580693443
2021-01-21,000708SZ,0.03972092339090274,-0.004620725029247148,0.0003760610463001849,-0.008781776133319968,15.630423406990987,0.0012166327664653
2021-01-22,000708SZ,-0.005732627201299911,-0.006074608994846811,0.015301750363275102,0.00220278984783163,15.517505773603466,0.0010867258435736
2021-01-25,000708SZ,-0.017763735919445214,-0.00503053127094345,-0.0025959478486350515,0.0,15.329562487721084,0.0009005280539751
2021-01-26,000708SZ,-0.005869479709609012,-0.002886064892655399,-0.012329750810707802,0.012752901938657102,15.384751072443734,0.0009516239197314
2021-01-27,000708SZ,-0.010726949129593431,0.04658571145054021,0.010843240692737408,0.029608032261728846,15.804156389270867,0.0014474740800598
2021-01-28,000708SZ,0.030399751873138856,-0.028328456010636955,-0.0067164048325086675,-0.023112144231581963,15.693808208909399,0.0012962452644416
2021-01-29,000708SZ,-0.011976239641095279,0.014089636518971086,0.025139917064552326,0.00359063082044001,15.506209512524073,0.0010745189782585
2021-02-01,000708SZ,0.025591653508982615,-0.0038549166156185365,-0.010644194444123707,0.018818285827722377,15.212256856784848,0.0008008515984758
2021-02-02,000708SZ,0.007092176915812222,0.07668791292266146,0.04332802486891828,0.07191971338768709,15.834742993051767,0.0014924314439302
2021-02-03,000708SZ,0.05833552438879621,0.08893358606114886,0.05365795527812592,0.09486366793956533,16.0292997371751,0.0018129645876273
2021-02-04,000708SZ,0.1076579530745881,0.010359757522530967,0.07046542115839478,-0.02045176691292113,15.612907606139467,0.0011955080143164
2021-02-05,000708SZ,-0.07680540762155326,-0.017226402477821305,-0.07853533182769552,0.005756659739213651,16.328140831938576,0.0024444118017512
2021-02-08,000708SZ,0.0019373346345386655,-0.04754771877987969,0.005722952840295692,-0.10536044627067205,16.259116105422645,0.0022813783272225
2021-02-09,000708SZ,-0.06841690998764374,-0.011056765764488172,-0.05131095564289317,0.018294245616557462,16.197053493455297,0.0021440941859711
2021-02-10,000708SZ,0.04755565666192909,0.05830476615063653,0.06795579197773645,0.09519019620877534,16.01462645673511,0.0017865566661288
2021-02-18,000708SZ,0.1564067296051326,0.07613937604961608,0.10013058243897742,0.059619325659147425,15.847965439433285,0.0015122960814321
2021-02-19,000708SZ,-0.014184553091964196,-0.019913606823424957,-0.04240369017176847,-0.07471614357820346,16.23493397384742,0.002226871434145
2021-02-22,000708SZ,-0.08961222940107745,0.019635925418484423,-0.006252068705465546,0.04141801801156865,16.36327102933013,0.002531810659085
2021-02-23,000708SZ,0.04282006372700013,-0.07496297192938337,-0.028305236538466463,-0.09067983610465807,16.14248294865216,0.0020302249958002
2021-02-24,000708SZ,-0.0732792716338813,-0.04438379174126829,-0.05639976527734427,0.007006325316423809,16.159993450592683,0.0020660883341699
2021-02-25,000708SZ,0.005141467987286763,-0.01577312376869507,-0.007536766413639386,-0.0799104117517221,16.073053200329277,0.0018940490025395
2021-02-26,000708SZ,-0.0936769462631723,-0.08559600215074123,-0.06756924758050213,-0.03355790257454679,16.002795118838577,0.001765543858127
2021-03-01,000708SZ,-0.008483653326564667,0.0044927598142257726,0.021114676504663803,0.02040882214850498,15.779596942429189,0.0014123578945729
2021-03-02,000708SZ,0.03385419991032005,0.016755389764746154,0.005030535956316005,-0.0126184139293197,15.482796724021915,0.0010496537065465
2021-03-03,000708SZ,-0.0313723318337744,0.05540492462870442,0.012112772833224641,0.07473766048228671,16.20428050313707,0.0021596457046441
2021-03-04,000708SZ,0.09324780859674409,0.04577605574421677,0.04398980082252289,0.019449580974865585,16.43523761299296,0.0027207329512796
2021-03-05,000708SZ,-0.013968151639394704,-0.06521309049362488,-0.03482518251046017,-0.037616924399227446,15.922594017292045,0.0016294746576013
2021-03-08,000708SZ,-0.036646225404669955,0.0006541642965151072,-0.016985402963278613,-0.03217879756177947,16.203297641996027,0.0021575241153925
2021-03-09,000708SZ,-0.029966116906871995,-0.05372230273360176,-0.058418891704120464,-0.09149650272120893,16.538490552978278,0.0030166720649238
2021-03-10,000708SZ,-0.07626200353900396,-0.04335479652200947,-0.009503973391454153,0.024959385648953177,16.179553807640968,0.0021068996038415
2021-03-11,000708SZ,0.040308678501422786,0.018558739158850694,0.018918478081067152,0.014971991542648177,15.956840040783604,0.001686244209369
2021-03-12,000708SZ,0.01867195058810793,0.0021193120545432613,0.019670224379079056,0.0014486525180313437,15.647616868845338,0.0012377317615539
2021-03-15,000708SZ,-0.015415164475161497,-0.0074375465974207775,-0.020045077712200113,-0.02232465870597679,15.647921607192854,0.001238109003423
2021-03-16,000708SZ,-0.024873388518277993,-0.027389151700545254,-0.01778001391571278,0.002956279740313688,15.91501180173687,0.0016171663490945
2021-03-17,000708SZ,0.005540172249658394,0.004374746060528737,0.0076045617402760715,0.004050783110895811,15.59534976229256,0.0011747006684041
2021-03-18,000708SZ,-0.0003683557995082816,0.030804794390599178,0.027644680827326146,0.014593573512075877,15.676193607389806,0.0012736123373409
2021-03-19,000708SZ,0.004778549336183759,-0.026811289474953048,-0.02688736232574627,-0.03501377141109522,15.824935400653171,0.0014778658262766
2021-03-22,000708SZ,-0.013289234083157195,-0.0076378050610452055,0.006789948638883306,0.004117586097227298,15.47715659620003,0.0010437501883039
2021-03-23,000708SZ,-0.003350076943320687,-0.014341079336599004,-0.054861173742329516,-0.014296731594720953,15.970499294548302,0.0017094350740241
2021-03-24,000708SZ,-0.031820815185733035,-0.038509814715194164,-0.028602133675566663,-0.06780257817203378,16.042223061243966,0.0018365461670755
2021-03-25,000708SZ,-0.047290215678678554,-0.021790850826696743,0.006923138533949445,0.018083579961338716,15.359721925960379,0.0009281011852597
2021-03-26,000708SZ,0.023530591838096467,0.003142272459549754,0.008889085797370973,0.011876682908247756,15.636647745077926,0.0012242291179697
2021-03-29,000708SZ,0.017969172676297725,0.018263522283515125,0.010404239588043486,0.01018018174130383,15.564224033640812,0.0011387004213519
2021-03-30,000708SZ,-0.005824145552133268,0.010723957699294451,0.0023856336233680185,0.017378306579359477,15.526040268029647,0.0010960401910063
2021-03-31,000708SZ,0.02004697271270109,0.015123170791536345,0.01654234918208416,0.010662682695890385,15.657470624804143,0.0012499883578087
2021-04-01,000708SZ,-0.00020797666123714172,-0.005541662880258331,-0.004472579147610323,-0.010561393206751183,15.539282721383275,0.0011106509825812
2021-04-02,000708SZ,-0.001962668387188757,-0.000775427407733769,0.008828367501461227,0.006662785754714883,15.388089861279488,0.0009548065017401
2021-04-06,000708SZ,0.012883224278177507,0.02943066791297137,0.0295238643761,0.029634638910653596,15.394931639277615,0.0009613614754795
2021-04-07,000708SZ,0.02300718365192886,0.011980827230362418,0.00888215643632875,0.01281105297665031,15.845079768893584,0.0015079383830756
2021-04-08,000708SZ,0.021377053639234717,0.017705932405905657,0.015640057172301026,0.006344335038885114,15.735309910710475,0.0013511735826534
2021-04-09,000708SZ,0.009233770251841418,-0.0029292346067585325,-0.015640119156497604,-0.026386617729792044,15.570327822931684,0.001145672065076
2021-04-12,000708SZ,-0.03822122795189473,-0.027888029804389643,-0.013158089144450229,-0.01268515516637663,15.290530055914827,0.0008660553987356
2021-04-13,000708SZ,-0.006899329726464479,-0.016730544055028086,-0.012544348379210528,-0.011282102705790324,15.110267588126481,0.0007232004015831
2021-04-14,000708SZ,-0.024529045028384933,0.0007666811134266621,0.0007887479077894001,0.012828247875737012,14.86080188387898,0.0005635300066171
2021-04-15,000708SZ,0.026450217530288086,-0.0003833386378277421,-0.006723496588832167,-0.010093377247488558,14.928615978635182,0.0006030708588175
2021-04-16,000708SZ,-0.013137619276847676,-0.013894362527549513,0.0007934124847947009,-0.012168788441573757,15.121439138394829,0.0007313249709568
2021-04-19,000708SZ,-0.018053810395291796,0.014277739993102853,-0.02123895877157132,0.02611727417500622,15.444567747553611,0.0010102838416009
2021-04-20,000708SZ,0.04112286847973443,0.01483191514687829,0.03853497770090881,0.0023058485125649272,15.148441588913302,0.000751341575115
2021-04-21,000708SZ,-0.014934102895951283,-0.01982519797887935,-0.013733702354505068,-0.014305150776238208,14.796027512215819,0.0005281847814239
2021-04-22,000708SZ,-0.009302411562181168,0.016043100312167456,0.010611211871537529,0.01084433802326859,15.258822336873527,0.0008390255432942
2021-04-23,000708SZ,0.01928312953304346,-0.0037966057211251828,0.0031224081728422923,0.00499509652812877,14.906307049373945,0.0005897659502046
2021-04-26,000708SZ,0.005333302067913414,0.02997596750787974,-0.0039047652816982447,-0.017788618021156465,15.470033110920573,0.001036341467078
2021-04-27,000708SZ,-0.03086653871139584,-0.03569789714602988,-0.015375716699831373,-0.0050849757305573675,14.849431424917226,0.0005571587005314
2021-04-28,000708SZ,-0.001961233272531114,0.030887548347765418,0.005151534508525989,0.047108041970114506,15.756778950717951,0.0013804956183388
2021-04-29,000708SZ,0.05796523727221795,0.00812724862049937,0.020345088776299883,-0.021937256347258956,15.465137176433801,0.001031280006579
2021-04-30,000708SZ,-0.03737001627697995,-0.04246381678787333,-0.016400350341936654,-0.010378874467149185,15.057738513284502,0.000686191864682
2021-05-06,000708SZ,-0.0038534406235476515,0.01938870900977247,0.008624313640556167,0.021407741398514694,15.667971508800072,0.001263183501718
2021-05-07,000708SZ,0.020634937784401914,0.016430418082683956,0.004672720629358316,-0.021407741398514684,15.969080544802544,0.0017070115327721
2021-05-10,000708SZ,-0.005308999532408358,-0.022472744826355483,-0.055924973972199477,-0.01714755226475834,16.273076329098803,0.002313450226302
2021-05-11,000708SZ,-0.046701032511226974,-0.05049611803927255,-0.010739460228479741,-0.05286689827982901,15.824997873346526,0.0014779581554315
2021-05-12,000708SZ,-0.04982660722373204,-0.011218093123454205,-0.008759141031649766,0.0066089365797214455,15.356563842465231,0.0009251747869363
2021-05-13,000708SZ,0.004178808361075273,-0.02860842959610457,-0.043233859211305244,-0.05718271449203574,15.648347669032024,0.0012386366268987
2021-05-14,000708SZ,-0.0439020742232268,-0.01419639997887563,-0.006583282725938671,0.031748774458087166,15.68025372472898,0.0012787938653675
2021-05-17,000708SZ,0.03426454590960001,0.048028917817763764,0.03801756926334111,0.04903145383587899,15.597279285522655,0.0011769694691624
2021-05-18,000708SZ,0.047686738555126854,0.08081307019869699,0.05444636914786385,0.06800049882052236,16.06173987962056,0.0018727417715242
2021-05-19,000708SZ,0.06976870644263107,-0.00891200801406691,-0.001205052262929655,-0.05006822252430955,15.984606543154067,0.0017337214062709
2021-05-20,000708SZ,-0.08269812394645282,-0.06710302586506586,-0.02771156298521156,-0.024791304235594707,15.568647521743802,0.0011437486070581
2021-05-21,000708SZ,0.004058416439108907,0.0035834796551642524,-0.008298880456236835,-0.01427145544258035,15.864716063131196,0.0015378413395385
2021-05-24,000708SZ,-0.005279202657893746,-0.02413630343782093,-0.02446342812494091,-0.024949293918263313,15.248593080582923,0.0008304866815106
2021-05-25,000708SZ,-0.03227418820238121,-0.006535991674781798,0.0038354840542674847,0.027000559378492064,15.427376121267999,0.0009930638598079
2021-05-26,000708SZ,0.018746590648299914,-0.002051256620593096,0.017707037235498244,-0.010298757512565565,15.129074536080179,0.0007369303016925
2021-05-27,000708SZ,0.003296249356066957,0.006141251288649467,-0.002929473490155642,0.013572073574569295,15.22167151492255,0.0008084269480694
2021-05-28,000708SZ,0.015105482969691747,0.02459311785251302,3.7926589593551466e-08,-0.019802570670093146,15.45996497361785,0.0010259597866888
2021-05-31,000708SZ,-0.01141011395736925,-0.028683100031479447,-0.014352318977162744,-0.012578769235348135,15.352094941870371,0.0009210494965171
2021-06-01,000708SZ,-0.027843126596100734,-0.02405762663785996,-0.006826019493195303,-0.008049269133252896,15.692539666014069,0.0012946019639883
2021-06-02,000708SZ,-0.009314075150074366,-0.006739595294754451,-0.015530864439334376,-0.0175931345262938,15.522043964670907,0.0010916688215948
2021-06-03,000708SZ,-0.0171604941757397,0.012182431026131464,0.0047711621825982575,0.014611280865997438,15.685731177170256,0.0012858176176061
2021-06-04,000708SZ,0.010331574858206597,-0.024515146147684398,-0.010002295761917853,-0.02069043081309053,15.415409720834006,0.0009812512756481
2021-06-07,000708SZ,-0.017278958103621265,-0.0038584595049463645,-0.02388425676229017,0.006511991718736286,15.27858330465089,0.0008557704063885
2021-06-08,000708SZ,0.0017413117610450357,0.0025739337294751275,0.016426468024085848,-0.006076511197367924,15.230943973049552,0.0008159579162665
2021-06-09,000708SZ,-0.0008704199394955743,-0.00644753702691301,-0.003970885942244127,-0.010503447010577404,15.314451452135357,0.0008870224384224
2021-06-10,000708SZ,-0.009623760194181735,0.022597452101199112,0.0026490657426334833,0.03544025155730156,15.85090564129006,0.001516749080912
2021-06-11,000708SZ,0.0409098957928119,0.007559858651968085,0.019214548645073392,-0.0025510382816757446,15.792345150550936,0.0014304781846923
2021-06-15,000708SZ,-0.008900312356588785,-0.007559918745807837,-0.033424425470706995,0.001276332615156524,15.796339736127598,0.001436203781087
2021-06-16,000708SZ,-0.008550647931231586,-0.0025326752908685275,0.008461374321623874,-0.04078656936082795,15.345249420334463,0.000914765962568
2021-06-17,000708SZ,-0.03584310795410232,-0.04362605740081404,-0.03382513770450939,-0.01742283471757227,15.60088116178543,0.0011812164121592
2021-06-18,000708SZ,-0.01660326246280554,-0.011098725864688297,0.0036631717911000602,-0.013611709968559598,15.206294824357016,0.0007960910993211
2021-06-21,000708SZ,-0.004535288779068227,0.03853359417461963,0.0009135638535506992,0.029261549224815327,15.777793228531504,0.0014098127007433
2021-06-22,000708SZ,0.024249089248280488,-0.03230310975172205,0.004555827331642299,-0.018357439712377088,15.212413201756387,0.0008009768174156
2021-06-23,000708SZ,0.0035428772435275534,0.04255951194733285,-0.005012651022520941,0.0040585558529609425,16.077428540276276,0.0019023542675984
2021-06-24,000708SZ,-0.01469614879929634,-0.04566991633541955,-0.0041197783354521384,-0.01177000783986416,15.865057938676113,0.0015383671798331
2021-06-25,000708SZ,-0.008108273423435083,-0.004907487482218631,0.002748468444720121,0.01086964086744335,16.07335546952604,0.0018946216018052
2021-06-28,000708SZ,0.004962766882419317,-0.006280886226479113,-0.0004575356215007074,-0.008595381259856974,15.542325379151945,0.0011140354603172
2021-06-29,000708SZ,-0.006320570703590137,-0.0045105740629824585,-0.028785720194914457,-0.029041074941461333,15.974375153833613,0.0017160734610129
2021-06-30,000708SZ,-0.03221635252110672,-0.026106434358880163,-0.02286900838759647,-0.02558164304791031,15.790208893411608,0.001427425576773
2021-07-01,000708SZ,-0.0255816937882522,-0.014018937427702405,-5.1651595002765825e-08,0.016655121624855693,15.59728820751006,0.0011769799701178
2021-07-02,000708SZ,0.010026292876219393,0.00890145894060492,-6.800973696242228e-09,-0.011868173337891783,15.461918961392012,0.0010279664598248
2021-07-05,000708SZ,-0.022580782830919355,-0.035124609629102445,-0.03581443556971377,-0.023678296795610728,15.874187499800671,0.0015524761049927
2021-07-06,000708SZ,-0.02111537049475972,0.008658072435729058,0.006472559451562554,0.011667684516206499,15.538059632048823,0.0011092933873672
2021-07-07,000708SZ,0.03558743740082853,0.04540920021965449,0.019169963652871935,0.04858292992316833,15.947777444842254,0.0016710314951057
2021-07-08,000708SZ,0.03621381993015265,0.0172418743065487,0.03586337875753999,-0.01530986296957233,15.63322119706063,0.0012200414162118
2021-07-09,000708SZ,-0.0167679562150179,-0.020450599647158188,-0.008490672429389123,0.014388759850585742,15.438111654309289,0.0010037823632946
2021-07-12,000708SZ,0.03235022190943831,0.020000553937408468,-0.0095194349706622,-0.03183795881927847,16.006156879273703,0.0017714891820599
2021-07-13,000708SZ,-0.04463768471528861,-0.04557741207873367,-0.00479380432358276,0.005692651421436731,15.38426417473053,0.0009511606889068
2021-07-14,000708SZ,-0.0014276309517239603,-0.006142241901674216,-0.018429237284651435,-0.030742111735625636,15.526730751805006,0.0010967972504507
2021-07-15,000708SZ,-0.024097638526682324,0.005670955318647817,-0.010332331081187059,0.030268818818356046,15.652341539707471,0.0012435934741062
2021-07-16,000708SZ,0.03546131154781555,0.039728129220549316,0.03880221968715998,0.02338742134953726,16.113807168548522,0.0019728335100896
2021-07-19,000708SZ,0.01865725093101613,-0.00499435205553398,-0.025049490326693388,-0.0507337757987793,15.892540068033279,0.001581231089087
2021-07-20,000708SZ,-0.0629378595377358,-0.07022911877920393,-0.030207865420864108,-0.025118340366693435,15.744266991114934,0.0013633305188976
2021-07-21,000708SZ,-0.0034507194917125926,-0.006367752537993049,0.003012214046450541,-0.002496747499216285,15.473466788097094,0.0010399060461055
2021-07-22,000708SZ,-0.016932717163416572,0.04186313617028827,-0.004521526251808896,0.047837273572018564,16.129289366903606,0.0020036149804432
2021-07-23,000708SZ,0.057102592751557886,0.0805500982116015,0.05961701381404743,0.08450585916065129,16.738676224696587,0.0036852558087259
2021-07-26,000708SZ,0.0823753992754607,0.009519742798739282,0.03953086832123711,0.007418770758714495,16.66285685382105,0.0034161717987749
2021-07-27,000708SZ,0.01517483811185483,0.0008609987133306845,-0.02961803116093538,-0.07210328845034719,16.531723420382942,0.0029963267610487
2021-07-28,000708SZ,-0.10564743024618593,-0.0918737187236875,-0.0776188616905166,-0.017916531230052074,16.4213056388953,0.0026830905925616
2021-07-29,000708SZ,0.005246841287753396,0.03476591681816149,0.04272870034416241,0.039641446040664385,16.073843613895566,0.0018955466765359
2021-07-30,000708SZ,0.0355178457337382,0.01850658523307363,0.03770442685950382,0.005472005024651488,15.955691773665315,0.0016843090616083
2021-08-02,000708SZ,0.009595497139725235,0.008461208544716018,-0.036732178830608975,0.010404811163870622,16.2979275277361,0.0023716625697142
2021-08-03,000708SZ,0.0072497252765478006,-0.0022196827393449977,0.040938674579021846,-0.021838841978693523,15.956798680446822,0.0016861744671747
2021-08-04,000708SZ,-0.020525124590148654,-0.01793762445162152,0.003259651782324123,0.01234309374641563,15.586471564216351,0.0011643176010962
2021-08-05,000708SZ,0.014184572013884473,-0.004080758065982798,-0.012631806541164645,-0.023444009022311318,15.354184960828036,0.0009229765208971
2021-08-06,000708SZ,-0.01602966473317832,0.07186619954680647,0.015880777372856723,0.09531017035055259,16.692661358445545,0.0035195216073491
2021-08-09,000708SZ,0.1112985253683339,0.0947334659759468,0.09497312162518774,0.07922929434114258,17.02411222395267,0.0049026503897853
2021-08-10,000708SZ,0.05112804515621021,-0.007722110113468142,0.0620860701159409,0.005842226274806876,16.430171120508273,0.0027069832380468
2021-08-11,000708SZ,0.020202797332348997,0.010410825932344034,-0.006755370949450294,-0.0164450940589388,15.995278992854187,0.0017523235515509
2021-08-12,000708SZ,-0.0265020022845188,0.0118208497502703,-0.01163037923053758,0.01683339963347652,16.27323612649044,0.0023138199391842
2021-08-13,000708SZ,0.01606303293558617,-0.023783195698404345,0.0016122231252093974,-0.020789155955775403,16.079510839576642,0.0019063196661119
2021-08-16,000708SZ,-0.008587065052528344,0.019985311947271447,0.004821258652955819,0.03543294266151827,16.441254007044325,0.0027371512941006
2021-08-17,000708SZ,0.012465993905143474,-0.017271684713369425,-0.043832668518590114,-0.07011385189542688,16.5606941028717,0.0030844020384147
2021-08-18,000708SZ,-0.04879002667703465,-0.019941899899031765,0.02031176772544574,0.03230002913590675,16.24509704447047,0.0022496186829676
2021-08-19,000708SZ,0.010111250893511467,-0.009523931055326909,-0.014882540863137467,-0.016019608751338402,15.790688065963481,0.0014281097239233
2021-08-20,000708SZ,0.0016083548389189697,-0.00039878185053177323,0.008295344242861328,0.005636092041595101,15.8446367479673,0.0015072704826864
2021-08-23,000708SZ,0.004409703566193385,0.01386433932092173,0.011907354972330293,0.002806133779236578,16.00362330391948,0.0017670066610262
2021-08-24,000708SZ,-0.0008003563507896251,-0.011871911608485728,-0.011081619469494031,-0.025543639032330773,15.976762705203317,0.0017201755700777
2021-08-25,000708SZ,-0.01573566799147032,-0.020105264217827348,-0.025921183039807907,0.0008209928269308547,15.806791289582046,0.0014512930595915
2021-08-26,000708SZ,-0.009807925301023361,0.004053521906449105,0.0075950577874027685,-0.019056055048140216,15.756977134673349,0.0013807692375727
2021-08-27,000708SZ,-0.029168772963450527,-0.033734168413067145,-0.033771153446308814,-0.01942625423834134,15.68120318644812,0.001280008607962
2021-08-30,000708SZ,-0.008919144160169876,0.01577451865033555,0.017241757287514908,0.030655297535761405,15.926977154300008,0.0016366325446852
2021-08-31,000708SZ,0.03520904605709221,0.04824085734510739,0.011472459765937488,0.05236799400905069,16.43098110797328,0.0027091767489364
2021-09-01,000708SZ,0.05098424262102059,0.03129481113114238,0.02996471075757983,-0.0043264557438683,16.520574571509908,0.0029631066914693
2021-09-02,000708SZ,-0.02737712042353759,-0.014945663857609665,-0.007407398337864319,0.001181808046467434,16.136498769987732,0.0020181120446899
2021-09-03,000708SZ,0.021095227466847923,-0.019887615875967164,0.0037105522393627946,-0.04221732738786077,16.02412008016706,0.0018035983298113
2021-09-06,000708SZ,-0.04429052652756193,-0.028767373599330393,-0.01659781152907072,-0.0020554818005316484,15.550260955141518,0.0011229111451982
2021-09-07,000708SZ,0.0032880234529444443,0.08019848147580924,0.019474361182169896,0.09531009615983758,16.49538108206107,0.0028893882014365
2021-09-08,000708SZ,0.09542207237344165,0.045703481971514276,0.04767574866072501,-0.02576873199355968,16.703810615815513,0.0035589812257436
2021-09-09,000708SZ,-0.01125290172398587,0.0024986535615562342,-0.0031347942076405235,0.06429862480065093,16.986091955765097,0.0047197493057861
2021-09-10,000708SZ,0.04535333727512027,-0.011113238559590637,0.03925087982794986,-0.03703452783719291,16.52709895891516,0.0029825023523408
2021-09-13,000708SZ,-0.04686345107727618,-0.00868943670324254,-0.011003785327371592,0.02216564434292893,16.450125821912348,0.0027615428340326
2021-09-14,000708SZ,0.033435641693380314,-0.004738372680653194,-0.00038146424122063616,-0.03987856526374498,16.115090038627482,0.0019753660235202
2021-09-15,000708SZ,-0.04025889719447643,-0.04025889719447643,-0.034955091354429806,-0.024245929364776254,16.11983453821717,0.0019847604159713
2021-09-16,000708SZ,-0.003047667366982056,0.0026590830169289353,-0.010329758989154529,-0.01254422897572814,15.97074231674431,0.0017098505552214
2021-09-17,000708SZ,-0.042874789959634965,-0.04500371302739799,-0.07718473674879148,-0.05181251100038932,16.152509831217515,0.0020506842251348
2021-09-22,000708SZ,-0.05779115419541041,-0.06136898151155835,-0.007795672199363284,-0.03036927571579197,15.793107756112464,0.0014315694915281
2021-09-23,000708SZ,0.00336988715739282,0.02005082482748822,-0.0017406370002042396,-0.015102737170325379,15.836428254026332,0.0014949487012557
2021-09-24,000708SZ,-0.03639875680287342,-0.04569317061021068,-0.04453090346998499,-0.044906368615083486,15.88715893668037,0.0015727451283428
2021-09-27,000708SZ,-0.021155612482123047,-0.028542136344881022,-0.04279729404297827,-0.029536187091645936,15.649587383102235,0.0012401731346169
2021-09-28,000708SZ,-0.05728938935013203,-0.039060355421565954,-0.013879143550063311,-0.007050498719997226,15.759299888243897,0.0013839801523478
2021-09-29,000708SZ,-0.009478768463234382,-0.02059035265933009,-0.028845799563364503,-0.04141180806438071,15.852992739819083,0.0015199179918655
2021-09-30,000708SZ,-0.029968356633675832,-0.01813013305378284,0.01085364545542312,0.007835582496518915,15.32083850580884,0.0008927060309955
2021-10-08,000708SZ,0.025195048776340285,0.006239375463976894,-0.000981870281988543,0.017887769830204493,15.644998120532431,0.0012344946934559
2021-10-11,000708SZ,-0.0014363800435684552,0.01425207632057,0.006852663857585298,0.015688455737657283,15.634468927312907,0.0012215646491374
2021-10-12,000708SZ,0.018514765194942665,0.002826308830804358,-0.004399773981908127,-0.02677016380677639,15.927802928670701,0.0016379845922247
2021-10-13,000708SZ,-0.031051126553213584,-0.024763359304308737,-0.014807902600685919,0.004833113333271782,15.57695788793036,0.0011532931829845
2021-10-14,000708SZ,0.004840243998613302,0.01341023277556916,0.01676572297600069,0.0067275683705015675,15.44364264044549,0.0010093496528335
2021-10-15,000708SZ,0.009132448574193937,-0.0014283252420775497,0.006336745958394784,-0.0052821238375464425,15.309218151476685,0.0008823925077507
2021-10-18,000708SZ,-0.008167154824497484,0.009955176266085726,0.0014567793466169722,0.00958323377059149,15.770736607527178,0.0013998992044596
2021-10-19,000708SZ,0.004812330933961839,-0.009478796252972448,0.00048507846135649837,-0.0023871856367045905,15.423851268692667,0.0009895696173684
2021-10-20,000708SZ,0.004311439403790514,0.009478828112568574,0.0014538298154629123,0.0047687925529897495,15.663821108495055,0.001257951648358
2021-10-21,000708SZ,0.008567298102464847,0.013586364723093151,0.016807019174461854,0.0019009765056038,15.84144873326667,0.0015024729329909
2021-10-22,000708SZ,-0.005703363958756794,-0.023541463622287987,-0.029968337654811814,-0.0038057867445700486,15.945997457047827,0.0016680597247298
2021-10-25,000708SZ,-0.0019084568661901094,-0.002384998645303247,0.007820155794332243,-0.01585438687883345,15.481163572793282,0.0010479408620302
2021-10-26,000708SZ,-0.0134617081049541,-0.010079260045274785,-0.004391262741151837,-0.008754868268929787,15.3142014736637,0.0008868007295718
2021-10-27,000708SZ,-0.02004459864338902,-0.022933330137851142,-0.05995243743270345,-0.0378342273045809,16.310004271311737,0.002400478181966
2021-10-28,000708SZ,-0.027536232128692693,-0.028029948693909783,-0.017810963645567307,-0.034059126239320774,15.953144118019692,0.001680023483021
2021-10-29,000708SZ,-0.03355161294843898,-0.022069168290308045,-0.012230917614199355,0.0,15.693035558994584,0.0012952441073171
2021-11-01,000708SZ,0.002621365662335606,0.01032535009664439,0.014870169869458815,0.016142124012368468,15.168540491987715,0.0007665955006749
2021-11-02,000708SZ,0.02482029929826631,0.010728144130993064,-0.025087994549006058,-0.03201533984118684,15.824239893805721,0.001476838317698
2021-11-03,000708SZ,-0.03799584440420258,-0.043090118329369216,0.0016201999393683872,0.0015986125967870398,14.959469947398762,0.0006219680215047
2021-11-04,000708SZ,-0.009594677001759068,0.006873130421732717,0.004845535056684598,0.01006653289712712,15.248228952840217,0.0008301843332478
2021-11-05,000708SZ,0.013829994687430836,-0.0026378127360611064,-0.031090699424756736,-0.048605685049929154,15.948297468336229,0.0016719006968285
2021-11-08,000708SZ,-0.03932639606664958,-0.019200673138340358,0.0027662661100403977,0.027294220488563815,15.496159493300842,0.0010637741233177
2021-11-09,000708SZ,0.01634894436545597,0.005905938490597217,0.016438532819109734,-0.0005388120637345882,15.338160195792284,0.0009083039123773
2021-11-10,000708SZ,-0.002706294584826738,0.0021390108931195286,-0.021978860325539334,0.005909288717864468,15.688647843211944,0.0012895733932742
2021-11-11,000708SZ,0.009171835002851556,0.030512551931221075,0.033864488944954,0.027992287050675385,15.782896723335023,0.0014170260645727
2021-11-12,000708SZ,0.030674042366745563,0.0128702315431524,0.015454598197782474,0.007265219661851571,15.892667491914128,0.0015814325885517
2021-11-15,000708SZ,0.007265247118720356,-0.0046141497211256485,0.004748172539219122,-0.003107105144131543,15.566659989374331,0.0011414776268562
2021-11-16,000708SZ,0.0010335354070921722,-0.004119546605566817,0.001577658171024831,-0.012001343326255747,15.217937339009433,0.0008054137682656
2021-11-17,000708SZ,-0.01877008527032388,0.05471885190877346,-0.005797100796051035,0.07189335354390171,16.5108066365939,0.002934304155879
2021-11-18,000708SZ,0.05926152228109989,0.07661732546879066,0.06348093379135838,0.040685284667592594,16.652977724030112,0.0033825891490377
2021-11-19,000708SZ,0.04177392277729937,-0.03969146900173413,0.021590629864448214,-0.010372555237138587,15.900827803835812,0.001594390371243
2021-11-22,000708SZ,0.00427248319475285,-0.003773606170859524,0.0004853098511717524,-0.004274553162351104,15.681580954939648,0.0012804922463037
2021-11-23,000708SZ,-0.004748350477375341,0.007532999749540588,0.004357327156501593,-0.007644544665227675,16.050317541349308,0.0018514723835746
2021-11-24,000708SZ,-0.0014289446017558306,0.0032779095762962146,0.0028943321945232407,0.0,16.165106805055878,0.0020766800336669
2021-11-25,000708SZ,-0.004299042098281829,-0.009394104376637687,-0.006281790220158432,0.003829577197719066,15.926703520611234,0.0016361847680968
2021-11-26,000708SZ,0.0014350749228811415,0.007522338488866291,0.0014531483331986646,0.011401516142244808,16.188908664980392,0.0021267018300047
2021-11-29,000708SZ,-0.006233416507101912,-0.02082417096916183,-0.023011917099759912,-0.016190756710731016,16.027498288364605,0.0018097015643377
2021-11-30,000708SZ,0.005276947919707533,0.008571448690500479,0.005925843628564962,-0.020859416351598756,15.817126900230749,0.0014663708464845
2021-12-01,000708SZ,-0.03060726982220912,-0.023022689359859183,-0.010393627404167412,0.0058650483092641285,15.894805338875274,0.0015848170662877
2021-12-02,000708SZ,0.013719118981545075,0.010618025306004175,0.009901212633420428,0.00583106664385218,15.989710081560695,0.0017425921378711
2021-12-03,000708SZ,0.0063060430037552755,-0.00144141915998164,-0.00990113199818024,-0.006318445375538644,15.93749169823759,0.0016539317789717
2021-12-06,000708SZ,-0.006306090773562705,0.0071858025652930205,-0.007490582657692891,-0.025180239882342543,16.266528845644782,0.0022983524281543
2021-12-07,000708SZ,-0.024631909792412407,-0.032996821414997955,-0.014134666975698859,-0.006521296430972703,16.54251269783237,0.0030288299918241
2021-12-08,000708SZ,-0.0014972370975427968,0.023886168126406274,0.000508352702142343,0.0423708874163733,16.1495178616066,0.0020445578092541
2021-12-09,000708SZ,0.035332406649599336,0.007677585157214645,0.04179714711611206,-0.0019313751593191188,15.68422103741395,0.0012838773184334
2021-12-10,000708SZ,-0.0009648100779986981,-0.009123741042561752,-0.010779196710628753,-0.018044912442423643,15.708970804168644,0.0013160494719171
2021-12-13,000708SZ,-0.01900181020689112,0.009123688635806282,-0.00741662884567501,-0.00493347790054251,16.26108767534506,0.0022858806613796
2021-12-14,000708SZ,-0.005920090552502867,-0.034033415989907806,-0.04154593296771409,-0.04088374309382254,16.213126791834902,0.0021788353090324
2021-12-15,000708SZ,-0.0409044795148304,-0.029103947590145385,-0.0051867932832014175,-0.007238922943996834,15.599674420133091,0.0011797918485881
2021-12-16,000708SZ,-0.006723571439022176,0.016161921951204708,-0.012032587844237422,0.03317471859029167,16.103533637625258,0.0019526692981622
2021-12-17,000708SZ,0.029654480887053945,0.01935066633659261,0.03058022129684045,-0.00705293436001218,15.978624136404918,0.0017233805409158
2021-12-20,000708SZ,-0.017789318377605386,-0.022360975669420295,-0.023238643205997306,-0.027160057771392004,15.541591834653724,0.0011132185652402
2021-12-21,000708SZ,-0.010309485891372669,-0.022872679972949145,-0.0010454793217659585,0.0072463003411513864,15.023933744631718,0.0006633829970457
2021-12-22,000708SZ,0.0067132171624301054,-0.0005142883387842742,-0.0010466020444366278,-0.012977089193945454,15.347933507808511,0.0009172245730484
2021-12-23,000708SZ,-0.019751247907935574,-0.013464771473512976,-0.0031463079127424516,-0.0005226448894252007,15.192622893009279,0.0007852810592043
2021-12-24,000708SZ,0.0036679453360884636,-0.0026102904410253134,-0.01215340718364855,-0.01209578235686396,15.29031269674098,0.0008658671740635
2021-12-27,000708SZ,-0.010515585201479683,-0.011038373267410096,-0.022038172379278402,-0.014925786302928894,15.462205911439716,0.0010282614772319
2021-12-28,000708SZ,-0.011695801655293504,0.0026393814357979664,0.015103006596287334,0.014925786302928982,15.43486315705194,0.0010005268689919
2021-12-29,000708SZ,0.0111670783063528,0.0010535333854976906,-0.0026805412070597294,0.0021139824378506606,15.550124907381662,0.001122758386017
2021-12-30,000708SZ,0.002113313755546037,0.033146669331993714,0.009083906255595048,0.02554237970815528,16.22401993766738,0.00220269942362
2021-12-31,000708SZ,0.030147736077859467,0.06984148616832339,0.0283185964807521,0.052630426543658466,17.010016679101426,0.0048340296182672
2022-01-04,000708SZ,0.0620392341785285,0.011806508523348865,0.058249383740416445,0.021734768730084723,16.775356863915196,0.0038229431470381
2022-01-05,000708SZ,0.0071925424737219095,0.035965191206615434,0.01115702837082922,0.038889891617205415,17.00246040945076,0.0047976400433405
2022-01-06,000708SZ,0.03843020371243202,0.01839853505705171,0.03693604677128206,0.029879985757176576,16.805124502658128,0.0039384538544811
2022-01-07,000708SZ,0.030339671327518,0.0396652580826112,0.033824062507148686,0.02727846233241982,16.968039635839474,0.0046353113216105
2022-01-10,000708SZ,0.042782596558136,0.02656708380491908,0.013393035046763683,0.030350666460092074,16.978625227665933,0.0046846394604987
2022-01-11,000708SZ,0.02156073121202021,-0.001666048826926237,0.02841724162721085,-0.016557384207483334,16.412607000719913,0.0026598525726728
2022-01-12,000708SZ,-0.02241583101594753,-0.01936081146595042,-0.025317779844264487,-0.006441979323168947,16.402936716569233,0.0026342550079206
2022-01-13,000708SZ,-0.015952021249168565,-0.0042589814712054004,-0.009327241880381741,-0.025748688146535623,16.19490723648207,0.0021394973432154
2022-01-14,000708SZ,-0.018421625612450424,-0.029452169000439926,-0.021651753510908523,-0.006208551979718087,16.238797976892876,0.0022354927185218
2022-01-17,000708SZ,-0.024194718253465797,0.012666781855845695,0.005457042635410302,0.0008893562367227065,16.07272164507,0.0018934211246595
2022-01-18,000708SZ,0.02153524162346784,0.018064952630972,0.011722441208776555,0.038365634932991145,16.509014067111245,0.0029290489230334
2022-01-19,000708SZ,0.04300332841238923,0.019836081313159393,0.025665093633837878,-0.004286296949931278,16.418277573751922,0.0026749783073244
2022-01-20,000708SZ,-0.010256443971814775,-0.019836064309808756,-0.0043781777069711115,-0.0008594492646188422,16.195806133415356,0.002141421395627
2022-01-21,000708SZ,-0.003442405471287432,-0.0017065074436345218,-0.01904827251699381,-0.0030140473041283668,16.103437949802494,0.0019524824604087
2022-01-24,000708SZ,-0.008658120702530962,0.0034100346488054956,0.015531615146048991,-0.0004313482941036364,16.021324254096147,0.001798562824504
2022-01-25,000708SZ,0.0034722683156270177,-0.0021298478125857923,-0.0048553467356847934,-0.024455297377213633,15.780381243161836,0.0014134660425636
2022-01-26,000708SZ,-0.025006764951758065,-0.020681532323293797,-0.011123576733994023,0.005730645903460332,15.573849911331964,0.0011497143385082
2022-01-27,000708SZ,0.011044959894493799,-0.0043629364106621705,-0.019883185817811348,-0.03488728458752796,15.487913316458588,0.0010550381209566
2022-01-28,000708SZ,-0.03169199298442272,-0.01853533752070463,-0.01889015247185269,-0.012365500400224856,15.715147273225792,0.0013242031665821
2022-02-07,000708SZ,0.009478762656034015,0.04910821752034391,0.015232205752180346,0.06425037350300268,16.237732345305176,0.0022331117754851
2022-02-08,000708SZ,0.041360876057191485,0.03254349665269808,0.02666817460922335,0.031897161029455855,16.702740496622262,0.0035551747284796
2022-02-09,000708SZ,0.025533241108989493,0.04691179429727194,0.04619555846246901,0.03738369066336864,16.754176060537805,0.0037428216499222
2022-02-10,000708SZ,0.02489765723185215,-0.02097834409297408,0.029790460423407113,-0.008503670786015017,15.976026198327954,0.0017189091152312
2022-02-11,000708SZ,0.007756705577883989,0.017053726376099178,0.0028895260605358675,0.024107208941961916,16.22030470597652,0.0021945310672437
2022-02-14,000708SZ,0.012527898614277366,-0.021061830386987928,-0.018723301984571474,-0.023700680223409258,16.140933764540097,0.0020270822381695
2022-02-15,000708SZ,-0.020284580345897155,-0.010090811997794007,-0.010979758863408993,-0.03769332659138955,15.891297680380601,0.0015792678066911
2022-02-16,000708SZ,-0.017363025573854322,-0.01471214372631771,-0.012820695451158607,0.02005911773898709,15.983972654799503,0.0017326227685794
2022-02-17,000708SZ,0.0008336968006898483,0.005337688063903332,0.004291865381292196,-0.024289301021315778,15.88316781186953,0.0015664806149922
2022-02-18,000708SZ,-0.025745265283748042,0.01946532690645563,-0.0073071388121940355,0.02965342962456581,16.091313078422335,0.0019289518006876
2022-02-21,000708SZ,0.04022321987837464,-0.01415605580182319,0.013710479258233012,-0.02753624304531016,15.888916044259469,0.0015755110403668
2022-02-22,000708SZ,-0.03723504365049446,-0.04498882521302086,-0.0386080905215537,-0.019218975078292223,15.904304850992107,0.0015999437915955
2022-02-23,000708SZ,0.025253919654725183,0.028561419201501573,0.03049015235732455,0.021753941540925345,15.831348341479469,0.0014873737479247
2022-02-24,000708SZ,-0.015075582043593471,-0.018809257996702584,-0.039375123159247294,-0.043991562043942105,15.95638698134662,0.0016854804134626
2022-02-25,000708SZ,-0.04619874123407121,-0.01573508103139215,0.004007944744558829,0.002202041948093388,15.579531342531368,0.0011562649533604
2022-02-28,000708SZ,0.004409226355042591,-0.004726104874455048,0.0013325069009477192,0.011373742284338153,15.379886458026638,0.0009470058769337
2022-03-01,000708SZ,0.0030748535826432594,-0.0021556361516005327,0.0017737611968202103,-0.011373742284338153,15.756365091763012,0.0013799244059917
2022-03-02,000708SZ,-0.003074824012336637,-0.0073640650473912155,-0.011586532041204738,-0.007950524849280818,15.50899269975602,0.0010775137318576
2022-03-03,000708SZ,-0.007950606297410944,-0.012248672985869064,-0.01081579875298388,-0.013393044190798188,15.793626211696537,0.0014323118892612
2022-03-04,000708SZ,-0.016544042143619504,-0.021802861956370587,-0.018290393081471443,-0.011299560963374446,16.138447441162434,0.0020220485160433
2022-03-07,000708SZ,0.000901345580832002,0.004936111104591881,-0.045795063923454025,-0.05368846880036559,16.10405382434019,0.0019536853151292
2022-03-08,000708SZ,-0.0636980810066804,-0.05710575128214475,-0.05511450675477152,-0.05724305613838492,16.488735746649393,0.0028702509036939
2022-03-09,000708SZ,-0.05628340118118208,-0.053540854352486164,-0.024284357574627994,0.009100109680281474,16.451696841496762,0.0027658846818903
2022-03-10,000708SZ,0.04323651448149768,0.02955884040391664,0.04249424970666086,0.013000118805513288,16.251959100945694,0.0022651087809581
2022-03-11,000708SZ,-0.028115133469553872,-0.007797158770563323,-0.01872040429325782,0.002480976166481981,16.385898713696857,0.0025897527514944
2022-03-14,000708SZ,0.008964236873753547,-0.013297417527321236,-0.014403558637962902,-0.04355119887204405,16.26049723684193,0.0022845313876774
2022-03-15,000708SZ,-0.048245085693698744,-0.0472050201688569,-0.08428319016249029,-0.08194249631385839,16.70123966653392,0.0035498430169778
2022-03-16,000708SZ,-0.06225182307629236,-0.05777004224794615,-0.03382378628785867,0.006160819439383855,16.253272227026105,0.0022680851083524
2022-03-17,000708SZ,0.0022123964714350765,0.019629844706085513,0.040565413795277915,0.010552707336060297,16.3664181746196,0.0025397911870517
2022-03-18,000708SZ,-0.000552577465843563,-0.009221584606696184,0.002237155952456728,0.008253194720522987,16.119320200890918,0.0019837398419859
2022-03-21,000708SZ,0.018620512178093466,0.01245616577018503,0.011663645842084038,0.0005478394527768798,15.895555792384974,0.0015860068443467
2022-03-22,000708SZ,-0.008719383258113748,0.007506714627074594,0.002206243632324387,0.007094127262349153,15.936515139522417,0.0016523174056786
2022-03-23,000708SZ,0.009803876209303505,-0.011281435602516265,0.0027509561256894833,-0.0027226704622074533,15.831572506689767,0.0014877072027912
2022-03-24,000708SZ,-0.01254452249027488,-0.004874068779102272,-0.010494428903494819,-0.006015876365614617,15.48331510959557,0.0010501979730458
2022-03-25,000708SZ,0.002740621644821065,0.027311026718312936,0.010494544450909991,0.011453763855117894,16.43027914699331,0.002707275679748
2022-03-28,000708SZ,0.0152094015882779,-0.012759282191482377,-0.006615236149222354,-0.008167685522370459,16.118249439132313,0.0019816168658157
2022-03-29,000708SZ,-0.00811923942271372,-0.012382605943446132,0.004414878645526652,0.002184409849454986,15.511177541466507,0.0010798705028838
2022-03-30,000708SZ,0.0016290649000743993,0.01931385900481136,0.004395527869697848,0.025317692107237246,16.06723110674954,0.0018830537097191
2022-03-31,000708SZ,0.020408828332427107,0.06330899941108543,0.030771644474962518,0.05937235397651461,16.42612174824183,0.0026960438182344
2022-04-01,000708SZ,0.04623018727399631,-0.003497237668537858,0.021562880618736267,-0.008052247978974043,16.642900863343584,0.0033486744313525
2022-04-06,000708SZ,0.013612344822241532,0.08534158844709858,0.02922534431022222,0.06882431803928593,16.76985953366343,0.0038019848251256
2022-04-07,000708SZ,0.04743023673316339,0.010514480482470476,0.03573589619768109,-0.02531772145049141,16.57926361038539,0.0031422129679472
2022-04-08,000708SZ,-0.012494205444125758,-0.04511344582671273,-0.022683506437907456,0.009150062552496127,16.19384021174142,0.0021372156639269
2022-04-11,000708SZ,0.00818681188717929,-0.007161716181060198,-0.008515046943530644,-0.013513842389597713,16.2034401561554,0.0021578316150674
2022-04-12,000708SZ,-0.026240538339991768,-0.008178945269497294,0.007517103848852321,-0.010747426134679293,15.804920575689351,0.0014485806430007
2022-04-13,000708SZ,-0.003180744296295837,-0.007907944584619818,-0.016397706905511445,-0.01286365716636223,15.764601927282678,0.0013913375575842
2022-04-14,000708SZ,-0.0051545682055053384,0.023542447237956572,0.01624355389354579,0.02606854661574223,15.76158097988949,0.0013871407417896
2022-04-15,000708SZ,0.02399905900455159,-0.005958366462345737,0.014960331395735365,-0.005058214459676311,15.724993949990472,0.0013373065757302
2022-04-18,000708SZ,-0.016277050546349727,-0.008502183223380717,-0.02435991245241787,0.0015201743808196256,15.608741111284006,0.0011905372979226
2022-04-19,000708SZ,0.00918831578729108,-0.00100517400671001,0.014583501934646605,0.0030332166303226513,15.565041314541244,0.0011396314400195
2022-04-20,000708SZ,0.006584086711233449,-0.003525388584278556,-0.03044838204552959,-0.05073533504335778,16.02546795008817,0.0018060309851001
2022-04-21,000708SZ,-0.06195063942741101,-0.05816807144150924,-0.04246707479120652,-0.041751942796269884,15.965858505821892,0.001701520325627
2022-04-22,000708SZ,-0.040553656617879116,-0.019984569475796406,-0.025916954453285845,0.00607230568370998,15.58154461478112,0.0011585951748013
2022-04-25,000708SZ,0.00668910428605304,-0.012074682893322352,-0.017271583313344618,-0.0467558372565531,16.133046626039505,0.0020111572421207
2022-04-26,000708SZ,-0.03850981893213466,-0.023464713786695714,-0.04210513387984886,-0.048444130900071665,16.002981949457414,0.0017658737466313
2022-04-27,000708SZ,-0.048501616458864735,-0.049836646542952605,-0.03450756637366548,0.01561583430607406,16.008398411961355,0.0017754644871351
2022-04-28,000708SZ,0.018613574317976216,0.014745219798282075,0.025380590783818546,0.014788832609045606,15.935840531957327,0.0016512031156196
2022-04-29,000708SZ,0.02060723648429991,0.05689823381751039,0.02653953948083953,0.057615097356815956,15.96861035461879,0.0017062091012752
2022-05-05,000708SZ,0.050010380884225235,0.029429866843942522,0.05218574235520074,0.028417033866712908,16.114862831022503,0.0019749172562756
2022-05-06,000708SZ,0.0038728978626894704,1.576492365618924e-07,0.011794682518446935,-0.02399219400402036,15.654202753105164,0.0012459102226231
2022-05-09,000708SZ,0.002206218528520747,-0.02556579279422843,-0.0061608086835865045,-0.009983476097334795,15.55548064486122,0.0011287877175931
2022-05-10,000708SZ,-0.02736846486637604,-0.02397674497469139,-0.02733664063046659,-0.021409440314716456,16.13566647590987,0.0020164330806146
2022-05-11,000708SZ,-0.002835188075062881,0.012339021265512631,-0.013953660327922286,-0.020714088324362286,16.5134107549466,0.0029419553897351
2022-05-12,000708SZ,-0.025303217685191063,-0.010647310348855047,-0.0035189737232369242,0.009259376343820203,16.407718838227147,0.0026468825058451
2022-05-13,000708SZ,0.032658225624155914,-0.0005636109444401704,0.015160594069049519,-0.0017297040680381908,15.918299661718004,0.0016224921166593
2022-05-16,000708SZ,-0.015336876264845308,-0.015336876264845308,-0.019281921401834892,-0.0017326390490400875,16.15362484730146,0.0020529720464916
2022-05-17,000708SZ,-0.006892535740758691,-0.004014879823418751,0.003533561747202214,-0.008125351514092749,15.755150087716178,0.0013782488101474
2022-05-18,000708SZ,0.001152030767856342,0.02833043781794879,0.012269969840540351,0.029287136060900748,16.283613648751594,0.0023379566823496
2022-05-19,000708SZ,0.0017255143584539077,-0.014064971139624122,-0.012858156438846347,-0.00795459391679795,16.22843227522601,0.0022124399513366
2022-05-20,000708SZ,0.007443770300279032,0.025176414075499712,0.030700610540998444,0.030339566107058288,16.193242083725124,0.0021359377174688
2022-05-23,000708SZ,0.03365420129407646,0.00989560516117348,0.015846290132259775,-0.007777822158201809,16.23650648950522,0.0022303759794086
2022-05-24,000708SZ,-0.008307964540245186,-0.012661950725012232,-0.02963170431583769,-0.0363469416381003,16.060774647430797,0.0018709350128031
2022-05-25,000708SZ,-0.044350616975449834,-0.02809177763916577,-0.011049908397606925,0.004040350176311709,15.668878165198118,0.0012643292946431
2022-05-26,000708SZ,0.012709557913895659,0.02975245459090709,0.011627981872615814,0.032864152295258554,16.085670078454793,0.0019180973791745
2022-05-27,000708SZ,0.03497250496225111,0.045941545980230376,0.03632634437851577,0.022596624271326745,16.4385068831028,0.0027296423184704
2022-05-30,000708SZ,0.028955718910929705,-0.008488180991592365,0.008878998312158411,0.005976509554838015,15.904907009694714,0.0016009075019167
2022-05-31,000708SZ,-0.0010774569466154816,0.05996642861018067,0.020777236154882053,0.05121225367582409,16.681336232811866,0.0034798874353375
2022-06-01,000708SZ,0.046863037348969225,0.007995995654182358,0.03456865690857748,0.023901392234551674,16.412389691094898,0.0026592746238638
2022-06-02,000708SZ,0.022884213039773373,0.022152040015889184,0.031895729129624156,0.020393614100513973,16.122261860243494,0.0019895839208584
2022-06-06,000708SZ,0.021880674853109617,1.1314515839196905e-07,-0.01788033179607847,-0.017383011136617704,16.506327244771512,0.0029211896513818
2022-06-07,000708SZ,-0.01836748510198479,-0.02464401340136993,-0.0020640192607597626,-0.012604236530195954,16.08357325142407,0.0019140796740153
2022-06-08,000708SZ,-0.011590025917734583,-0.005002628320379981,0.005665573006764334,0.008084926349550263,15.81001017077793,0.0014559721268092
2022-06-09,000708SZ,-0.002029299129309505,7.792948582548057e-08,0.004100541218563231,-0.003529121702250675,15.538770248400905,0.0011100819496777
2022-06-10,000708SZ,-0.006624284988650034,-0.0025107316548313094,-0.007702203517879714,0.001514036998675181,15.64924943165521,0.0012397540870574
2022-06-13,000708SZ,0.009160422224282264,0.011497361880294878,0.0015452698067593466,-0.007592994436414706,15.66989421716667,0.0012656145719569
2022-06-14,000708SZ,-0.01582875810803095,-0.01957410490310842,-0.007749969092268741,0.0015231527904399484,15.664839634258533,0.0012592335574407
2022-06-15,000708SZ,0.009731140589184986,0.008579338501348534,0.011346063546264842,-0.004576655029781638,15.750654530597767,0.00137206671939
2022-06-16,000708SZ,-0.0005097499826720015,-0.0025156106141288443,-0.005141343567639928,-0.008702312025299077,15.654211499456444,0.001245921119841
2022-06-17,000708SZ,-0.010766679484633767,-0.013695447702745478,-0.014538149447447473,-0.004121643102544286,15.795704804562886,0.0014352921792802
2022-06-20,000708SZ,-0.006204737719269115,0.01621106324510629,0.002089796952455243,0.009761100447587729,16.074900321472033,0.0018975507739659
2022-06-21,000708SZ,0.01441838052465457,0.013972385505369266,0.009867742629486344,0.01723314327633701,16.140255106594548,0.0020257070092756
2022-06-22,000708SZ,0.017233068925812015,-0.011964245063415061,-0.015625383998784225,-0.03946197931115862,15.594045635780807,0.0011731697083604
2022-06-23,000708SZ,-0.038417068793555754,0.016907369325312265,0.005235582244163674,0.05293856422751423,16.04849173567927,0.0018480950385631
2022-06-24,000708SZ,0.051893693234107564,0.01953188500804253,0.035901363836259394,0.00839307556561712,15.930454972686764,0.0016423343653318
2022-06-27,000708SZ,0.00986685211707164,-0.01265231149697733,-0.00505059857614233,-0.02640262794326428,15.71365456835702,0.0013222279963123
2022-06-28,000708SZ,-0.028886422362172547,0.03370572530116161,-0.0025347736758698654,0.038618737898434334,16.152797612220766,0.0020512744580803
2022-06-29,000708SZ,0.034272104997207356,0.006607018159391016,0.0080891479321352,-0.036097706046506216,16.00874485136278,0.0017760796846161
2022-06-30,000708SZ,-0.030741197200902855,-0.03640260626635414,-0.003025898912611067,0.01449647138038748,15.65916109287901,0.0012521032105983
2022-07-01,000708SZ,0.014496674079758961,-0.010296593216242647,-0.0035415083667717476,-0.01298711331336413,15.595818710423199,0.0011752516713653
2022-07-04,000708SZ,-0.015504253881843417,0.009320484891445267,-0.0015217163295883436,0.012987113313363989,15.835883391765563,0.0014941343818848
2022-07-05,000708SZ,0.019466573278053838,-0.00489473693024027,0.0050632789703705045,-0.003978067584504117,15.393053387176497,0.0009595574905957
2022-07-06,000708SZ,-0.012935582368909255,-0.004918840895162006,-0.010152380330070281,-0.017085917630645396,15.622401303180157,0.0012069118537409
2022-07-07,000708SZ,-0.01972253717913705,-0.01841315951012375,-0.0025543956339792394,0.0055597553734225485,15.312763386929445,0.0008855263494759
2022-07-08,000708SZ,0.013191478329986303,0.0015056828928772111,-0.002560779848459348,-0.01626050312351707,15.075285173026803,0.000698338498102
2022-07-11,000708SZ,-0.02139646638540574,-0.026424148154679354,-0.03231117293283236,-0.030691446723008504,15.802344502072279,0.0014448537944927
2022-07-12,000708SZ,-0.021864512815608736,0.017356211920761335,0.003700830332416875,0.028126777584509353,15.911408694034158,0.0016113500085947
2022-07-13,000708SZ,0.028024667561888938,0.01706008340049734,0.013626910592163442,0.026857442696414532,16.056808053171874,0.0018635284710208
2022-07-14,000708SZ,0.030740497612352948,0.04284966872528367,0.020608663830995848,0.039701262807849164,16.34595614000949,0.0024883499785549
2022-07-15,000708SZ,0.02644637211055916,-0.0019082262005812591,0.03753267432948099,-0.01842906697292829,15.785489571112336,0.0014207049653221
2022-07-18,000708SZ,-0.008738072668350921,-0.016370274975449524,-0.018340222940162403,-0.008356051991753807,15.627558320847234,0.0012131519969498
2022-07-19,000708SZ,-0.00881494268383051,0.0024242232929517597,-0.001001007346116098,0.01128845763513033,15.769441029503794,0.0013980866999327
2022-07-20,000708SZ,0.0049068784739885,0.001451842057653339,-0.0010018528711144524,-0.02570575944221276,15.853251203377845,0.0015203108861022
2022-07-21,000708SZ,-0.023274271272059825,-0.012652320444634577,-0.014643147140880311,0.0005005647453277616,15.547142386027216,0.0011194147233152
2022-07-22,000708SZ,0.008481016923940331,0.023234368224004383,0.01714621057444274,0.036850198034326424,16.070692569344935,0.0018895831245294
2022-07-25,000708SZ,0.02840544217080376,0.021770910879228875,-0.004008008636172643,-0.032854139523377776,15.72095832045169,0.0013319205762703
2022-07-26,000708SZ,-0.03139049022374623,-0.0484391186584098,-0.009077240201908057,0.010907450044514818,14.84407584832035,0.0005541827693996
2022-07-27,000708SZ,0.008928638743347966,-0.004926144288019893,-0.005588064081258176,-0.02395332061957154,15.553757957352534,0.0011268448427143
2022-07-28,000708SZ,-0.019447005830918518,0.011782255899739956,0.009632646340597075,0.019010229251850978,15.394959667719892,0.0009613884213273
2022-07-29,000708SZ,0.017469691833194505,-0.0073476578900063955,0.005032637550101625,-0.007960338227646567,15.021018683081833,0.000661452010041
2022-08-01,000708SZ,-0.0034696471423209083,0.012701678178728887,-0.0040241644512984814,-0.003502633186419354,15.412428825683365,0.0009783306231305
2022-08-02,000708SZ,-0.01702588059586173,-0.024571183048939065,-0.017798530550810977,-0.010075613010399219,15.716347426671263,0.0013257933678647
2022-08-03,000708SZ,0.00302583537956514,-0.0009954978215689213,-0.015512118728287966,-0.025642385415312455,15.450290043100281,0.0010160815577646
2022-08-04,000708SZ,-0.030158216771205726,-0.032906045531255985,-0.013641390110092544,-0.0020801652152200134,15.251562234459676,0.0008329561892088
2022-08-05,000708SZ,-0.007291774085984988,0.000514539922016703,0.0021107589214190963,0.011387342487594987,15.144715649912492,0.0007485473303245
2022-08-08,000708SZ,0.010400472245514417,0.02087112240076406,0.017764243587179703,0.01684134736137867,15.013538224930583,0.0006565225049438
2022-08-09,000708SZ,0.014891198400930795,0.06815285978225989,0.01592641889087777,0.04114581531031593,16.00987270913145,0.0017780839801773
2022-08-10,000708SZ,0.053101173531200606,0.007968326083979703,0.03898553811206876,0.017810440195620173,16.335587340549672,0.0024626820772147
2022-08-11,000708SZ,0.023406662031849323,-0.00046714808704700445,0.028511065797257967,0.009496609025568162,15.832742065475413,0.0014894481819427
2022-08-12,000708SZ,-0.0004722658312925434,-0.005151058578021446,-0.00047654177911333974,0.0,15.30967251438981,0.000882793525368
2022-08-15,000708SZ,-0.008062613842040905,3.71851811312388e-08,-0.025586624167556825,-0.022462045023963716,16.11717222473153,0.00197948338869
2022-08-16,000708SZ,-0.011976077826573605,-0.025678854353658766,-0.021750646542206202,-0.02495837430151645,16.09549854875164,0.001937042291489
2022-08-17,000708SZ,-0.016031596152426192,-0.01602381150413834,-0.04132200721232421,-0.04458713961632463,16.59779549461396,0.0032009870134074
2022-08-18,000708SZ,-0.056927959752531246,-0.057417567046936124,-0.0425596925459291,-0.03586875711841993,16.55397932105851,0.0030637603302138
2022-08-19,000708SZ,-0.040735577595210536,-0.015147852364063902,-0.016438641687060423,-0.018428670483489767,16.545098546767438,0.0030366722241896
2022-08-22,000708SZ,-0.013043658129206777,0.004201675072484922,-0.013348357507464026,0.035996360417843216,16.295632361947074,0.002366225452396
2022-08-23,000708SZ,0.03599633626086884,-0.005254924897492027,0.04113546188899892,-0.003700887462214685,15.621819501725533,0.0012062098747795
2022-08-24,000708SZ,-0.007947143113510191,-0.004223867759991416,-0.016798085872867546,-0.015479306903451893,15.423356203413848,0.0009890798369584
2022-08-25,000708SZ,-0.011233019312601211,-0.006369391539303278,0.0010923244312234883,0.0,15.052604259334341,0.0006826778091192
2022-08-26,000708SZ,-0.002153890299519002,0.0047810652294909455,0.007071240967614431,-0.002693028705248698,15.119971024860028,0.0007302520903257
2022-08-29,000708SZ,-0.010840177950151091,0.01889810662644958,-0.009804041707508619,0.028710027187964546,15.79499252814965,0.0014342702183762
2022-08-30,000708SZ,0.03586142284973743,0.023131308289104684,0.031252475639865135,0.022286441299150434,15.840104469767573,0.0015004545701121
2022-08-31,000708SZ,0.025436099208372934,0.008601133246384843,0.01631184447427065,0.013238507997025306,15.732856315901659,0.001347862413474
2022-09-01,000708SZ,0.00715004889682127,-1.0363869733221676e-07,-0.0015671286353893831,-0.02613534572191099,15.56200449420621,0.0011361758331706
2022-09-02,000708SZ,-0.029960739384639494,-0.025511411252819045,-0.021665129304470614,-0.022578903728423198,15.593169919580214,0.0011721427941756
2022-09-05,000708SZ,-0.010543027301796577,0.007721998832382884,-0.017241818034104576,0.02982168024122649,15.791879243075499,0.001429811869353
2022-09-06,000708SZ,0.027699515212541857,0.002560654498220266,0.029453200567785796,-0.020308005203897576,15.422781724699396,0.0009885117947111
2022-09-07,000708SZ,-0.021360344376363916,-0.02328670312342533,-0.010076826752397102,-0.0005260001158810113,15.290039443557161,0.0008656306053703
2022-09-08,000708SZ,0.002104062592542625,0.04953765055151459,0.008492469851237368,0.039220582710028366,16.028618545648513,0.0018117300319094
2022-09-09,000708SZ,0.038148982631783276,-0.013544208749362966,0.02040354081231293,-0.009151031011849565,15.276218273175504,0.0008537488734099
2022-09-13,000708SZ,-0.01426416286150567,0.004032255544836554,-0.008320377377246693,0.009657022830707341,16.088214935908407,0.0019229848804502
2022-09-14,000708SZ,0.008175798960601449,0.004016047836212172,0.012970332533795714,-0.0035470040306858704,15.287734189974781,0.0008636374051582
2022-09-15,000708SZ,0.000508795487626388,-0.008048318415024618,-0.019781957789164112,-0.026229329190233734,15.46777402445209,0.0010340029241253
2022-09-16,000708SZ,-0.023675784782795365,-0.021440332604948136,-0.011102462859291012,-0.01681593058994519,15.436654882200799,0.0010023211454452
2022-09-19,000708SZ,-0.01574844990714201,-0.016649725971268885,-0.010689544488584616,-0.010655475233848844,14.860879230550667,0.0005635735954885
2022-09-20,000708SZ,-0.013315847897106905,-0.010018538002085027,-0.010805188145232616,-0.011311853811346962,14.718302185530895,0.0004886863293075
2022-09-21,000708SZ,-0.0064549960234423324,-0.00584639581724228,-0.005992916540886234,0.007555474007863486,14.558071041835456,0.0004163347466567
2022-09-22,000708SZ,-0.0021610207995288733,2.353327061064722e-08,0.005449649259466006,-0.006472536252233533,14.19305687161599,0.00028901403076
2022-09-23,000708SZ,0.0021611631108328635,-0.004808875360492213,-0.01367998541161196,-0.008695580076825273,15.423638212385125,0.0009893588057356
2022-09-26,000708SZ,-0.011397846436526018,-0.018924730723452705,-0.03190876344732073,-0.031044703807695636,15.62357930493999,0.0012083344359996
2022-09-27,000708SZ,-0.03104462815744812,-0.02711095101287872,-0.0206904648135619,-0.0067797704943442436,15.999345560354996,0.0017594640030863
2022-09-28,000708SZ,-0.013034949573360249,-0.007317682137103601,-0.001161968173074261,-0.021198034538062464,15.535877314101965,0.0011068751956585
2022-09-29,000708SZ,-0.007443535259687416,-0.002262477601946111,-0.002328324462345871,0.013229980810846358,15.511399523769375,0.0010801102416767
2022-09-30,000708SZ,0.01313180026367479,0.010701378814405756,0.013314243854003528,0.0068338229615629575,15.566613643957767,0.0011414247258168
2022-10-10,000708SZ,-0.008544621342013944,0.003913865633410872,-0.009243285870680946,0.0017010770543190914,15.688948012454961,0.0012899605417051
2022-10-11,000708SZ,0.015891406411978653,-0.008968661352744359,-0.01756480980122608,0.0,15.956765778957285,0.0016861189904292
2022-10-12,000708SZ,-0.014748015966068492,0.008410310657379906,0.001180518222829159,0.01126762138618878,15.926263733710025,0.0016354653535868
2022-10-13,000708SZ,0.01023328544429636,-0.003915979944726576,0.018123911981665432,-0.031296980290120915,15.383250884326358,0.000950197374848
2022-10-14,000708SZ,-0.017689390237499537,-0.009009005569472935,0.0005792754137253522,0.01548648309163284,15.430108534339997,0.0009957810315484
2022-10-17,000708SZ,0.006312715936025015,0.005077593921073397,0.0017355392029139442,-0.012024139974554603,15.801344606945023,0.0014434098140607
2022-10-18,000708SZ,1.1972265329615698e-08,-0.01645431191523515,-0.026949427555701275,-0.02685513306158414,16.20547986676825,0.0021622374593136
2022-10-19,000708SZ,-0.03670670689737687,-0.023149202441335028,-0.019185264368086413,-0.008318532941847678,15.940736680140137,0.0016593074756074
2022-10-20,000708SZ,-0.008941970253542122,-0.013557560379766057,-0.011567949415859048,-0.018062025006518483,16.271392795199123,0.0023095587307387
2022-10-21,000708SZ,-0.013261209310306905,-0.00834333252641631,0.0006122555527936383,0.0036387152679151426,15.620634325800383,0.0012047811504525
2022-10-24,000708SZ,0.0030294758775924495,0.008343410829122213,0.009744301346084868,0.013826481678289067,15.596185823748531,0.0011756832011925
2022-10-25,000708SZ,0.009632734264067867,0.0053269592767588815,-0.020202784635328583,-0.010804527286020882,16.46896721783267,0.0028140674241159
2022-10-26,000708SZ,-0.011449325939528765,-0.01307209133475354,0.003703737840796565,-0.00302195439226834,15.622683132657462,0.0012072520450693
2022-10-27,000708SZ,0.0030255629665159357,0.007151339435020138,0.012247485450805097,0.01561583430607406,15.541293850901425,0.0011128868935548
2022-10-28,000708SZ,0.007824439623695962,-0.008947168081621756,-0.027770958810191634,-0.04447885979747969,16.193092449417456,0.0021356181317887
2022-10-31,000708SZ,-0.04162160918941685,-0.021805783564726993,-0.008168303503998378,0.0031105774406461734,15.318216125323815,0.0008903680824365
2022-11-01,000708SZ,0.005609221274608311,0.004277382286139507,0.014406707642090566,0.015408598017253687,15.551855621098166,0.001124703242208
2022-11-02,000708SZ,0.017252413179331936,0.004259131946496452,-0.008117500716184858,-0.021639257417530484,16.194377665311638,0.0021383646269517
2022-11-03,000708SZ,-0.02976037659310804,-0.025208763332507933,-0.02990991478062759,0.0018733511183517504,16.8430573401673,0.0040907202833709
2022-11-04,000708SZ,0.006898682870745708,0.05981844650343032,0.027398956954524507,0.051074899634279226,16.387843283464722,0.002594793606345
2022-11-07,000708SZ,0.05294818386540005,0.011661944295242142,0.05443096803736104,0.007087935707529771,15.735682884101447,0.0013516776285122
2022-11-08,000708SZ,0.005910131668041519,-0.012835569293824126,-0.005371513988848933,-0.002357004185454689,15.43824606419827,0.0010039172906648
2022-11-09,000708SZ,-0.0005895015908159806,0.0070215771852716845,0.011306272349553937,0.0023570041854546007,15.18282391416386,0.00077762368328
2022-11-10,000708SZ,-0.010074067706078353,-0.010551129526466705,-0.014903422782964958,-0.015421451516860134,15.293805081365155,0.0008688964024972
2022-11-11,000708SZ,0.010663505231623762,0.009967830841425508,0.001800213776539036,0.01777303942285539,16.087979786586473,0.0019225327449746
2022-11-14,000708SZ,0.012880882755927543,0.009291650920393022,-0.001199716569687072,-0.013002548267001238,16.014876396718662,0.0017870032539298
2022-11-15,000708SZ,-0.02414022046324754,0.010350774676253591,-1.119600964664018e-07,0.033921265657956494,16.206765926215038,0.0021650200143613
2022-11-16,000708SZ,0.03800528252702065,-0.0028643195529847996,0.024897703759776783,-0.009823686697673138,15.411090490620223,0.0009770221644624
2022-11-17,000708SZ,-0.01794558143220119,-0.006331115651998207,-0.002344732890124761,-0.004656705690701139,15.25151133003795,0.0008329137891248
2022-11-18,000708SZ,-0.0017537847124954548,-0.007533906086005965,-0.011806428288327045,-0.01410114923724995,15.596408251099113,0.0011759447344212
2022-11-21,000708SZ,-0.011179951057397384,-0.011114550764728188,-0.01616324921237795,0.0011827149720587931,15.260964468205522,0.0008408247730284
2022-11-22,000708SZ,-0.0017767376593794027,0.024405547140326053,0.017943048676371323,0.012918434265191108,15.415322488938255,0.0009811656829551
2022-11-23,000708SZ,0.0187909632590312,0.00800464109094884,0.013541598613134748,0.018497679517211416,15.946072166528642,0.0016681843492759
2022-11-24,000708SZ,0.0212956788101648,0.03469851922119335,0.013937465814553993,0.013087011864923398,16.068713056336616,0.0018858463694597
2022-11-25,000708SZ,0.0062447292721968155,-3.583452652148469e-09,0.014882939982910586,0.02235976589718478,16.01714086027015,0.0017910544432675
2022-11-28,000708SZ,0.01850357343055162,-0.0082849240532515,-0.013730073144115963,-0.03087516251785401,15.78494580906639,0.0014199326497727
2022-11-29,000708SZ,-0.016807178695674507,0.006633360911302206,0.006888496165616162,0.029215375793748586,15.786797406126905,0.0014225642288202
2022-11-30,000708SZ,0.014025536193917628,-0.002758518906042051,0.0181411318364818,-0.00889876544224475,15.111084216499174,0.0007237912289223
2022-12-01,000708SZ,0.008321715289192693,0.024557701956791595,0.00616070649626069,0.024283696992333112,16.145728911212824,0.0020368257378546
2022-12-02,000708SZ,0.013172618382406959,0.0021541645983771565,0.0061231726119573195,-0.014278021822443428,15.53234890400808,0.0011029765673708
2022-12-05,000708SZ,-0.014278211217322447,0.013358380492660287,-0.0011106065004022104,0.028355163670761924,15.844553273521573,0.001507144669353
2022-12-06,000708SZ,0.028355387398742004,-0.0026572781831148383,0.016529397175223497,-0.004850325362873015,15.72829668550129,0.00134173064805
2022-12-07,000708SZ,-0.0005379015793086098,-0.007478846806313036,-0.01098916910168233,-0.01908988447242666,15.419097587315227,0.0009848766809644
2022-12-08,000708SZ,-0.02615946305914301,-0.017852741763275743,-0.00554016016680027,-0.0011019124459733932,15.187549795893688,0.000781307339179
2022-12-09,000708SZ,-0.0011049829983127758,0.007071084007685319,-0.005571051603278229,0.014231247599958148,15.614430496400685,0.0011973300291426
2022-12-12,000708SZ,0.012087928336956575,-0.005434909888937838,0.0027893725625361228,-0.022534701982964075,15.573674290819346,0.0011495124427809
2022-12-13,000708SZ,-0.018743508719008192,-0.009857550467081045,-0.004466623088222477,0.0005558808715117937,14.975646828609083,0.0006321113500196
2022-12-14,000708SZ,0.002778557481998712,-0.004412636281314334,-0.0061746831995499775,-0.008928679707640946,15.00637593404554,0.0006518370975266
2022-12-15,000708SZ,-0.01284584318888555,-0.009442014784254204,-0.013605757561585483,-0.013544330732853287,14.892566502473326,0.000581717661356
2022-12-16,000708SZ,-0.016435555259588768,0.003342708731328827,-0.0022856506450550707,0.010737746373969976,14.837545931710334,0.0005505757902881
2022-12-19,000708SZ,0.016997503639816666,-0.0022271470511090992,-0.007464845526926696,-0.0221663987108254,14.918690067648667,0.0005971144395354
2022-12-20,000708SZ,-0.016997511686197224,-0.02483198364967331,-0.016855995800124052,-0.012724228156787394,14.700292459527413,0.0004799639980014
2022-12-21,000708SZ,-0.018454983507121367,-0.010916579491094883,-0.002347397615200225,-0.0070094604578717825,14.439736828733677,0.0003698713872782
2022-12-22,000708SZ,0.006382476416758174,0.012629457857151206,-0.002352938026811538,-0.0011728775397276308,15.005711260766049,0.0006514039826495
2022-12-23,000708SZ,-0.01750348760505384,-0.021915643904935844,-0.01304110238470995,-0.0035274783759604443,14.896434323043321,0.0005839719985343
2022-12-26,000708SZ,-0.0005887759128538334,0.005813984483768097,0.007134323115035635,0.012873266627356912,14.636634859701626,0.0004503627954076
2022-12-27,000708SZ,0.02155641805839799,0.013245244165178922,0.013533727729134741,-0.001163450253797096,14.8033268447068,0.0005320542844202
2022-12-28,000708SZ,-0.005780446145418016,0.008544543524475645,-0.0005846990027204046,0.007538342772835199,15.17445299240041,0.0007711414237034
2022-12-29,000708SZ,-0.0005797883372180265,-0.007400964696921859,-0.004689232595111956,-0.011621111578441931,15.093497565762073,0.0007111734394283
2022-12-30,000708SZ,-0.007569189202404601,-0.012072589102387716,0.0005873241341146533,0.0029179007720531464,15.071599133351073,0.000695769132262
2023-01-03,000708SZ,-0.0005846188777700803,0.0005781236384839576,-0.011219498237377234,0.0011648680335536229,15.50919623211878,0.0010777330631334
2023-01-04,000708SZ,-4.0488467066038e-08,0.013777541248924456,0.014151125529878874,0.011574096741928242,15.432003922059883,0.0009976702128628
2023-01-05,000708SZ,0.024264578136920362,0.036937549179318484,0.009903911901200458,0.03282689266560157,15.765611058079777,0.0013927423080319
2023-01-06,000708SZ,0.030909990780377098,0.006025708217463378,0.04033488312185471,0.0072123106450730475,15.785142674470316,0.0014202122129436
2023-01-09,000708SZ,0.0060690979215159355,-0.0027343617160155535,-0.008948517360429807,-0.0005528769964605852,15.71506363049035,0.0013240924112224
2023-01-10,000708SZ,-0.004962891852769246,-0.00935367401851447,-0.007896322059992553,-0.01112372209508063,15.599106294421931,0.0011791217687553
2023-01-11,000708SZ,-0.0049875939244957155,-0.0011062641050558094,0.005646519937485301,-0.001679237190401548,15.295713662790048,0.0008705563459741
2023-01-12,000708SZ,-0.008368106123121659,-0.0011073230282873082,-0.002254721847785011,0.002797284115592461,14.773412604763356,0.0005163739804452
2023-01-13,000708SZ,0.0016790914390999,-0.0016634667002694305,0.002254742251551844,0.0011166184959327619,14.796413433265814,0.0005283886584634
2023-01-16,000708SZ,-0.002800196384853596,0.012682901272658066,0.003933775972007704,0.012202098063445839,15.352671282873738,0.0009215804882237
2023-01-17,000708SZ,0.017788051606220188,0.002735877637253803,0.005034923717235481,-0.0071922996347441506,14.898909034600328,0.0005854189509348
2023-01-18,000708SZ,-0.00497094470394155,-0.0054793055824349365,-0.0005581276795822728,0.00553721027308003,15.207672421574658,0.0007971885482251
2023-01-19,000708SZ,0.007172363810359927,0.002743304363916509,-1.396620849908269e-07,0.004957190742631914,15.29039804445,0.0008659410770137
2023-01-20,000708SZ,-0.004960022636315558,0.007641965304626804,0.01055279170075499,0.007662879051986535,15.362934333653051,0.0009310874192157
2023-01-30,000708SZ,0.021858949781086937,0.01938692403377204,0.005509853699306542,-0.004371410402581653,15.474630046665771,0.0010411164298128
2023-01-31,000708SZ,-0.011963243391815778,-0.019930796045225706,-0.006062443056569052,-0.0016444390175168362,15.553705207475033,0.0011267854033442
2023-02-01,000708SZ,-0.0021905458617747543,0.031068462901222955,0.006611621250359211,0.03238286066627973,16.024238055642137,0.0018038111227565
2023-02-02,000708SZ,0.035015523313025106,0.001054166732277051,0.012008790985210417,0.0010614417220777838,15.754801850637689,0.0013777689362991
2023-02-03,000708SZ,-0.0015891995680673832,-0.005282512730151687,0.0021681088614996266,-0.014965435133346815,15.036270565408286,0.0006716177273854
2023-02-06,000708SZ,-0.020895533902018905,-0.007442833039073093,-0.0065181431151404,-0.003236201349466815,15.17284690383397,0.000769903896017
2023-02-07,000708SZ,0.009698179427009745,0.0005332986459041135,-0.0016364418749875678,-0.002705148644990557,14.804856565244163,0.0005328688019224
2023-02-08,000708SZ,-0.009698179427009875,-0.0107238153180034,-0.0010921352574386482,0.002705148644990662,15.139079686278503,0.000744340409837
2023-02-09,000708SZ,-1.789914335954563e-07,0.03235483766277192,0.004361874119271192,0.022964798013125082,15.227525052374773,0.0008131729836441
2023-02-10,000708SZ,0.02301430063322922,-0.002612818601693922,0.013510224084783919,-0.0026433109665785232,15.122360927977423,0.0007319994096767
2023-02-13,000708SZ,-0.002118658678021099,0.01557653276503352,0.004284885423860795,0.024059723623855972,15.63092095921045,0.0012172382555159
2023-02-14,000708SZ,0.02564905377724976,0.0224155611859992,0.0284528935351078,0.008747089400762829,15.570401492164473,0.0011457564689816
2023-02-15,000708SZ,0.011305459584791679,-0.014206127576037687,0.0025941286073609265,-0.006166425069202912,14.999379017481878,0.0006472921651542
2023-02-16,000708SZ,-0.002558289792145758,0.0015316914711129095,-0.013038123271079689,-0.011926613782655781,14.814460141651463,0.0005380109018335
2023-02-17,000708SZ,-0.018614838781357113,-0.012320471248598796,-0.002628081281194017,-0.008381391421241747,14.73436958893301,0.0004966016720982
2023-02-20,000708SZ,0.0010434918362381591,0.03502017337451742,1.7104863728027025e-07,0.04374269185795717,15.837849066623557,0.0014970742531321
2023-02-21,000708SZ,0.05131924274004822,0.02948605456334675,0.04326099971135783,0.03463959459181573,16.103238629965553,0.0019520933306655
2023-02-22,000708SZ,0.015237582814101801,0.002418591640445741,0.017982688074865416,0.0038836518767418754,15.670542278198168,0.0012664350333961
2023-02-23,000708SZ,0.005836532551063434,-0.0029029266795947265,-0.002478473308604743,-0.01562540394363523,15.363838093121856,0.0009319292788281
2023-02-24,000708SZ,-0.015148098930862454,-0.015133216093653673,-0.00947397338504588,-0.006913506582708026,15.570564721081805,0.0011459435048663
2023-02-27,000708SZ,-0.01039367437445415,0.012221943690147933,-0.0005012025578507182,-0.0039723551256124826,16.099653535745716,0.0019451074214926
2023-02-28,000708SZ,0.002980670403560511,-0.007804841413099264,0.0015026375437213438,0.015305204114856159,15.60528455745112,0.0011864292449207
2023-03-01,000708SZ,0.009871788487339949,0.003422137069003757,0.002000048904447797,-0.0014709802689376683,15.406227725656155,0.0009722826672184
2023-03-02,000708SZ,0.004410764129679778,0.0024373639865313233,0.003988103284843869,0.0024505031454595335,15.490097617565919,0.001057345161043
2023-03-03,000708SZ,-0.002938503249223191,0.0034020373380422866,0.010885635542808636,0.005856341943718884,15.52756173581765,0.0010977090503887
2023-03-06,000708SZ,0.010246541799961735,0.0024230339280913483,-0.00989121860987457,-0.015694273125569192,15.42463502127833,0.00099034549928
2023-03-07,000708SZ,-0.01812442841747675,-0.013645432346196536,-0.014518410914320271,-0.015442335220907828,15.552534675365125,0.0011254672362456
2023-03-08,000708SZ,-0.00893756387310573,-0.016324921936727892,-0.011156318373692294,-0.005537473257149789,15.166026952870917,0.0007646710520008
2023-03-09,000708SZ,-0.012042194127807182,0.01189917108054393,0.0030550527683622926,-0.002021085593023611,15.672297803625007,0.001268660245283
2023-03-10,000708SZ,0.0040303115786396,-0.019911053629711545,-0.027836813546938156,-0.026654516452611462,15.630559542080196,0.0012167984041768
2023-03-13,000708SZ,-0.014687662365992813,-0.014687662365992813,-0.02326927542584065,-0.007822891594650421,15.861184978587401,0.0015324206671127
2023-03-14,000708SZ,-0.025841136061160456,-0.01594261670710352,0.008524378702388986,0.003136504167247225,15.435463790130115,0.0010011279991552
2023-03-15,000708SZ,-0.0005237280698607727,-0.0015564749008818853,-0.0074548615534332984,-0.0036601376238769175,15.363471072571816,0.0009315873043186
2023-03-16,000708SZ,0.0031380362292844207,0.0072426144055781246,0.01010379678198612,-0.006833210937712897,15.477548131117734,0.0010441589330392
2023-03-17,000708SZ,3.864676681714607e-08,-0.008281574417712259,-0.00690198824878045,-0.007942794972079692,15.613277777797956,0.0011959506394928
2023-03-20,000708SZ,-0.014729345636501886,-0.017300612525086113,-0.031937823235659614,-0.021494681748923165,16.363587605936292,0.002532612298057
2023-03-21,000708SZ,-0.02467938160986212,-0.005302224392078517,0.010941001020122085,0.002170460169999265,15.428069594618856,0.0009937527621079
2023-03-22,000708SZ,0.0010857687499459796,-0.0069351983167483125,-0.018671538416826807,-0.019705136529890362,15.793890939608552,0.0014326911124427
2023-03-23,000708SZ,-0.021942612658989155,-0.03209404101293587,-0.01058793550516852,-0.008326321159726893,15.587017658777771,0.0011649536023567
2023-03-24,000708SZ,-0.004446877316003691,0.011541750859403595,0.005586668386220729,0.003338912041261197,15.472661101856943,0.0010390685453802
2023-03-27,000708SZ,0.012731928481793085,-0.006578932237022883,-0.01855550891626239,-0.0038964728747311835,15.766749057541743,0.0013943281504273
2023-03-28,000708SZ,-0.009950462499817066,-0.00939504849951994,0.0005671658092765066,-0.015173232962241512,15.412091776159821,0.0009780009327574
2023-03-29,000708SZ,-0.011735142914138779,-0.011728695618939015,-0.003978329172285209,-0.004540236777035659,15.385660298969835,0.0009524895550919
2023-03-30,000708SZ,-0.016435697289462436,0.0056022520211234635,-0.008578837856106837,0.006802769688334215,15.360631364746585,0.0009289456205782
2023-03-31,000708SZ,0.012493024590666736,-0.0022370828200316524,0.009717141994448026,0.004509585113981175,15.488746217230396,0.001055917229241
2023-04-03,000708SZ,0.01678839224068936,0.02324401505069184,0.0017050903348673708,-0.0005625796931076864,16.099824037062778,0.001945439093178
2023-04-04,000708SZ,-0.013408130206681414,-0.02268434878221621,0.0022686832706619513,0.004491740341323714,15.314152766383943,0.0008867575369628
2023-04-06,000708SZ,0.004489545198939549,0.0005595509548917555,-0.003973669567966086,-0.009569250844822236,15.687178110419786,0.0012876794568102
2023-04-07,000708SZ,-0.010129657468633231,-0.0011192355024362021,-0.003989850864595062,0.004514553664311898,15.945901241067823,0.0016678992384304
2023-04-10,000708SZ,-0.0005657136168204873,-0.00899885673443091,-0.01960840981198954,-0.02913653676971107,15.990916837905573,0.0017446962915742
2023-04-11,000708SZ,-0.019429195460377482,-0.019395942429159187,-0.0035005599126707553,0.00635659677717878,15.835820932381548,0.0014940410620736
2023-04-12,000708SZ,-1.652645589600876e-08,0.00803212001230905,-0.005273990061909623,-0.010422826597617311,16.145736790416652,0.0020368417864846
2023-04-13,000708SZ,-0.0005771718730327792,-0.003434389888444235,0.002347402655626289,-0.004082768805606638,15.715743193522934,0.0013249925214177
2023-04-14,000708SZ,-0.004629700200322237,0.003434365180844919,0.0005859415243611799,0.018529686819045245,15.760078520976462,0.001385058184391
2023-04-17,000708SZ,0.010960639610683063,0.020922509734565536,0.017997567150931617,0.019318805415897786,16.04836061127553,0.0018478527240641
2023-04-18,000708SZ,0.019881270336019607,0.009468067921595697,0.014281755929124146,0.004491740341323714,15.61142388795479,0.0011937355322988
2023-04-19,000708SZ,0.003929344815592866,-0.008908758652120864,0.0028322095872001575,-0.002243378357489614,15.746889930494909,0.001366911146555
2023-04-20,000708SZ,-0.002828054714666908,-0.004507247926542012,-0.0350557738357184,-0.03812257575126266,16.28256725774029,0.0023355115447931
2023-04-21,000708SZ,-0.038752913097844066,-0.015321418813302724,-0.0024418939593871813,-0.005479426180932358,15.922750129334121,0.0016297290581055
2023-04-24,000708SZ,-0.00426449274406272,-0.02647570264847257,-0.041178664619664775,-0.037951593530282345,16.41343751218145,0.0026620625284548
2023-04-25,000708SZ,-0.031000561121823207,-0.025943396835460097,-0.012820673238091619,0.0019005251445536086,15.90030126730282,0.0015935510873366
2023-04-26,000708SZ,-0.012674406524560288,0.009962735449662663,0.009630890801932128,0.0012650130602889131,15.563321274454472,0.0011376729127733
2023-04-27,000708SZ,0.009520823435188121,0.006792272496876014,0.009539048240497878,0.024353324966259866,15.302464176123094,0.0008764529296235
2023-04-28,000708SZ,0.02310435047227358,0.0030720824431168404,0.017566237113673562,-0.003708323007915107,15.07849369360528,0.0007005827305874
2023-05-04,000708SZ,-0.0030912478682681775,0.008552376523524054,0.0012430520948652677,0.015361300938402737,15.71506407939669,0.0013240930056161
2023-05-05,000708SZ,0.01962055138147475,0.003643033724100941,-0.0031104187124775745,-0.014123558331691724,15.386663671141017,0.0009534457364263
2023-05-08,000708SZ,-0.010375482286988369,0.023953177655584412,0.0031104528485985687,0.03822112189415893,16.11236144176033,0.0019699833922912
2023-05-09,000708SZ,0.03199795399131294,0.018757871096269023,0.023328212348638102,-0.013785016646622017,16.188080750024636,0.0021249418302548
2023-05-10,000708SZ,-0.01496588442092712,-0.028867997344820744,-0.007308154079258197,-0.001207783154101273,15.45423344874581,0.0010200962909554
2023-05-11,000708SZ,-0.004836695394929534,-0.010817363108756996,-0.013538674652313345,-0.017677868723852623,15.518645349532724,0.0010879649563099
2023-05-12,000708SZ,-0.014652346075747783,-0.002419867293999988,-0.002481412706782119,-0.009267966485903964,15.212626899643299,0.0008011480028016
2023-05-15,000708SZ,-0.009267869201675364,-0.017104904554569828,-0.0056057404604084714,0.005571068176957576,15.036723296928093,0.0006719218588293
2023-05-16,000708SZ,0.006188061763077244,0.001231573024081915,-0.0006248014949724996,-0.010549262306826988,14.967904342876626,0.0006272361328805
2023-05-17,000708SZ,-0.011166268749860975,0.00307215329293082,-0.007528258152121399,0.009931792281998916,15.149327239378618,0.0007520072960606
2023-05-18,000708SZ,0.016703048625580384,0.0006133199575808202,0.007528256289640012,-0.008062128336253463,14.847561302785808,0.000556117719029
2023-05-19,000708SZ,-0.012967118778963189,-0.0006133511421651176,-0.0075282874742243515,0.012991245841633923,15.38859647054957,0.0009552903382131
2023-05-22,000708SZ,0.011125028718426876,4.983972776851533e-08,0.011893747573148792,-0.005546969035020021,14.993916600242505,0.0006437660235861
2023-05-23,000708SZ,-0.0043117317025117355,-0.0012277299244653267,-0.0006225571637885983,-0.0018559761128802052,15.150128393378136,0.0007526100112738
2023-05-24,000708SZ,-0.003710638711354211,-0.008636752129624836,-0.023308109667697047,-0.02698619646433207,15.773132145335317,0.0014032567363478
2023-05-25,000708SZ,-0.026366835435117395,-0.024460274151101104,-0.012183530472550332,-0.005741666629388175,15.316172127439378,0.0008885500302351
2023-05-26,000708SZ,-0.008945784524517992,-0.002542926658494057,-0.0038785225883971883,0.0025558933988802895,14.838840236143147,0.0005512888645985
2023-05-29,000708SZ,0.001923676987883801,-0.0006367544901817151,0.0012945282073561078,0.0,15.052289894651015,0.0006824632329929
2023-05-30,000708SZ,0.0006404711400564976,0.008877742402458625,0.0032289929074081694,0.0006380197369327059,15.20551527718438,0.000795470750428
2023-05-31,000708SZ,-0.0006404031216063544,-0.012067481978454008,-0.04079510076250892,-0.03835373006359004,16.238268096366895,0.0022343084881373
2023-06-01,000708SZ,-0.033879397541047795,-0.016103375861367952,0.008026823241715922,0.013820590074018067,15.844608485746205,0.0015072278844712
2023-06-02,000708SZ,0.008578024167555562,0.01610334504330666,0.01389364616517402,0.012341735868982268,15.38863110644491,0.0009553234261291
2023-06-05,000708SZ,0.018229673432414675,-0.007053530641005291,0.0019691525606342136,-0.0006457815770372062,15.336926765017038,0.000907184272775
2023-06-06,000708SZ,-0.006472511656054469,0.012787913583427879,0.0006555654220246035,0.0012912129552417385,15.549028615356994,0.0011215281891862
2023-06-07,000708SZ,0.009693167673119457,-0.00893428830837524,-0.006574669275268623,-0.018886913715189673,14.9449090506479,0.0006129772223768
2023-06-08,000708SZ,-0.022107596970438983,-0.010309476147805457,0.0013183670637197406,0.0143605225154199,14.59603563167193,0.0004324445991467
2023-06-09,000708SZ,0.012414380865064426,0.0032331272287550463,0.001974321703393822,-0.006501993250737708,14.983532298004551,0.000637115550592
2023-06-12,000708SZ,-0.004555784119729519,0.01027626558056903,0.0013140406932841103,0.01424897560634555,15.380696015237227,0.0009477728429398
2023-06-13,000708SZ,0.016176367056125778,0.0006388076251463488,0.013694399986408931,-0.0006432889890216687,14.871772253845306,0.0005697461759467
2023-06-14,000708SZ,5.199738626142082e-09,-0.0031979630855493843,-0.003243542060685014,-0.006455819865620113,15.09412421386704,0.0007116192347044
2023-06-15,000708SZ,-0.009674370900826346,0.0019200230268877757,-0.008482950812127982,0.00902649661801457,15.175335165814317,0.0007718220044916
2023-06-16,000708SZ,0.009674349392536743,0.0025542773162550913,0.01689450339503385,0.0,15.161805763022807,0.0007614500325328
2023-06-19,000708SZ,1.8413080224221357e-08,0.0025477880157034503,-0.010362820469289798,-0.010971377702456606,15.204682275520916,0.0007948083977134
2023-06-20,000708SZ,-0.014221345781639541,-0.01926844650845291,-0.015748357788978214,-0.01635628488482553,15.32251721581868,0.0008942058844355
2023-06-21,000708SZ,-0.017734443754494622,-0.009775245152717828,-0.0126457524693263,-0.009943730533390212,15.228683676902124,0.0008141156920545
2023-06-26,000708SZ,-0.005982004314572974,-0.011195302649911643,-0.01009765706355655,-0.004674431801287533,15.057783555741356,0.0006862227731545
2023-06-27,000708SZ,-0.0033389455797640604,0.03705326059688115,0.008757189533499103,0.043228755534737165,15.708025053847761,0.0013148054059
2023-06-28,000708SZ,0.04320043232469459,0.022089915847639127,0.04523882703559666,0.014004011209959517,15.924483110237334,0.0016325557964183
2023-06-29,000708SZ,0.0120982327015427,-0.00312599813678643,-0.0019249793326499827,-0.014004011209959536,15.296529700303442,0.0008712670427098
2023-06-30,000708SZ,-0.011457846296663325,0.0012515023073370445,-0.004505973597354911,0.015267426033782856,15.30866743118038,0.0008819066899654
2023-07-03,000708SZ,0.013986257067554086,0.009956511649624206,0.01663507316066818,0.008173581061396162,15.514714400121832,0.0010836966151399
2023-07-04,000708SZ,0.018142459983399094,0.001855920338379085,-0.003814382852161549,-0.002507819973330498,15.45513891777032,0.0010210203750299
2023-07-05,000708SZ,-0.011849179199917476,-0.009313907164610677,0.010139508224615096,0.00563384100600993,15.019212325563075,0.0006602582693573
2023-07-06,000708SZ,0.0006271723397156,0.0006236521641101918,-0.003790240350401825,-0.008147965955416874,15.436610009566428,0.0010022761696552
2023-07-07,000708SZ,-0.0037688321326474496,-0.005626859258508318,-0.005076165132053946,-0.007580589167324728,14.915863663863776,0.0005954291352606
2023-07-10,000708SZ,-0.00758061533382264,-0.005658665894367172,-0.001273146963510588,0.0012673526677801227,14.852077570330737,0.0005586349763546
2023-07-11,000708SZ,0.003797502254514136,0.006285463035825351,-0.003189744410826252,0.008199422540533262,15.296927126677366,0.0008716133761065
2023-07-12,000708SZ,0.0018933467898792846,0.0012523385838701987,0.005734357140347842,-0.008832865409217062,14.756924248840889,0.0005079296272601
2023-07-13,000708SZ,0.0006303063722236583,0.012437992404222584,-0.0012714508555471985,0.015094645323645248,15.197987893501988,0.0007895054152404
2023-07-14,000708SZ,0.015009688907416899,-0.0018559232841920765,0.0176548994113568,0.0006240204009664276,14.928330439107294,0.0006028986827753
2023-07-17,000708SZ,-0.004978180382769061,-0.00745797135563256,-0.017018989034782418,-0.01571866572461176,15.009527264420413,0.0006538944922585
2023-07-18,000708SZ,-0.015718743174302094,-0.005630394632745279,-0.002546180181706807,0.0050568638503041,14.646528328201569,0.0004548405612917
2023-07-19,000708SZ,0.0069466785136453185,-0.0031416700279115126,0.0006371350593731017,-0.003157541942460321,14.43858714364484,0.0003694463957817
2023-07-20,000708SZ,-0.005047288336834305,0.007523575205367599,0.0038144348025509413,0.006933543501373328,14.925864641162763,0.0006014138873091
2023-07-21,000708SZ,0.008188941256981518,0.0006244008921965308,-0.0057270657336969625,-0.011370984778450765,15.151425680504504,0.0007535869963878
2023-07-24,000708SZ,-0.013261958252177575,-0.0176327409506222,-0.01803009026150339,-0.018596236633130828,15.409630344677023,0.0009755966102351
2023-07-25,000708SZ,-0.011509041701430637,0.016383489168227523,0.010342676108482565,0.034979726617616,15.419567016313964,0.0009853391192641
2023-07-26,000708SZ,0.03289348122508725,0.028951751616306573,0.028528042705850628,0.024692560687242418,15.82092416274902,0.001471949627635
2023-07-27,000708SZ,0.020327199026555158,0.028727424554537334,0.018576386982602548,0.018127501753671896,16.230248466630087,0.0022164618172518
2023-07-28,000708SZ,0.00970876273395904,0.0023570009711486872,0.013406692392388163,0.008941871926322988,15.98714959917253,0.0017381359682914
2023-07-31,000708SZ,0.02150626453823644,0.002938675475337692,0.0048309450984219265,-0.006549605490626586,15.62781600558559,0.0012134646480367
2023-08-01,000708SZ,-0.011292851205111644,0.001172955474743965,-0.0024125817901672385,-0.002392266435696495,15.813435598136442,0.0014609680058698
2023-08-02,000708SZ,-0.0017946919502033155,-0.020130913590647923,-0.007881135504800334,-0.00480189460603563,15.652004517907736,0.0012431744265467
2023-08-03,000708SZ,-0.01083702849241947,-0.004195432261092609,0.0012165137799886178,-0.004220843385892277,15.12775975265043,0.0007359620343529
2023-08-04,000708SZ,0.0030220285158136877,0.005390869170428089,-0.009160451286856974,-0.013994713590339013,15.435109076171925,0.0010007729479842
2023-08-07,000708SZ,-0.015202462741704663,-0.024797129635282116,-0.014833366298963271,-0.012330522253423692,15.364529877356555,0.0009325741959942
2023-08-08,000708SZ,-0.011710453217179659,-0.008610064122419697,-0.002493667538474422,-0.0012414559443996325,15.10812288812588,0.0007216510153347
2023-08-09,000708SZ,-0.0031046433500885734,-0.0024738368766695448,-0.006261847254647146,-0.008107378985109383,15.10706695053575,0.0007208893988719
2023-08-10,000708SZ,-0.010628426247167264,-0.0012391859404816273,-0.0012570999741914831,0.0,15.236141126283446,0.0008202096144129
2023-08-11,000708SZ,0.008137835547944186,-0.003104572310777797,-0.019048137734882724,-0.022800257623184897,15.307359715868191,0.0008807541605783
2023-08-14,000708SZ,-0.03424558885834508,-0.023278757577860108,-0.014853341871321882,0.0006404712839915165,15.308689672501183,0.0008819263049576
2023-08-15,000708SZ,0.008352074891750034,0.005079318217619956,0.0025990363870679986,-0.004491539132135837,15.269354449455284,0.0008479089552933
2023-08-16,000708SZ,-0.010936089796444875,-0.00954505245083128,0.0006487499848383227,-0.0025756426135764214,15.20330654108531,0.0007937157039589
2023-08-17,000708SZ,0.0012927442180917933,0.0031917341865267466,-0.006506277436008923,0.00770711106431072,15.422525737950775,0.0009882587811255
2023-08-18,000708SZ,0.006439203500445927,0.005719765040065797,0.005208346801510151,-0.014824660561395876,15.251579122737416,0.0008329702565265
2023-08-21,000708SZ,-0.011620522703451637,-0.021781752882954877,-0.04924477040535408,-0.04788141248049835,16.096136912925044,0.0019382792247817
2023-08-22,000708SZ,-0.04652003979574373,-0.03560036602641581,-0.016506584858860914,-0.005464525089008191,15.948525922897812,0.0016722826938472
2023-08-23,000708SZ,-0.0034071447646900556,-0.01555656337319709,-0.017489051440215134,-0.027779577046518723,15.789131478153827,0.0014258884746611
2023-08-24,000708SZ,-0.031198328121082478,-0.020661875100590126,-0.004243287426007892,0.0014075221062315743,15.444381617680515,0.00101009581506
2023-08-25,000708SZ,0.0021104508041323187,0.006243549288135602,0.003537358003215367,0.01049327102003417,15.674080340854017,0.001270923696498
2023-08-28,000708SZ,0.0506958521120887,0.046614303182936946,0.02579439749064246,0.01724777014268102,16.388867777773275,0.0025974533200277
2023-08-29,000708SZ,-0.025711936082247446,-0.028114400184480803,-0.004137992913279096,-0.010312980202780968,16.041342460219802,0.0018349296143388
2023-08-30,000708SZ,-0.008258721696644012,-0.007495660704552753,-0.007630927186459016,-0.0006912475295451356,15.55319989851042,0.0011262161723094
2023-08-31,000708SZ,-0.0055440604229633865,-0.011004273208527246,-0.012614043169575557,-0.01884880385138057,15.463547067000354,0.0010296414612754
2023-09-01,000708SZ,-0.013996126077714588,0.025265888715884602,-0.0007055264594346072,0.04141376962214709,16.075354837515277,0.0018984134373579
2023-09-04,000708SZ,0.04141385549857222,0.07280670922304117,0.04282425801244947,0.055880525881038826,16.881513905755913,0.0042510993937602
2023-09-05,000708SZ,0.056519656471151244,-0.016435239268307415,0.03520790825240686,-0.01157567343848961,15.578369569860877,0.0011549224161201
2023-09-06,000708SZ,-0.01480550345748886,-0.01735815084711743,-0.013802374758565288,-0.01302098870091727,15.462861598265276,0.0010289359159518
2023-09-07,000708SZ,-0.015028147712095753,-0.009120670432574298,-0.010645530096909907,-0.01718490336524179,15.412049231787554,0.0009779593251983
2023-09-08,000708SZ,-0.01927610076671565,-0.018494564293445013,-0.02095375422732574,-0.019522663028584138,15.447299221018115,0.0010130471779188
2023-09-11,000708SZ,-0.010118140428330471,-0.01409896282348365,-0.005479496260546414,-0.00545335021697695,15.713919162223462,0.0013225778960712
2023-09-12,000708SZ,-0.00543843002141447,-0.0061037379250918735,-0.005509660835465285,-0.006170697963747471,15.383397043240139,0.0009503362648429
2023-09-13,000708SZ,-0.009589134878589537,0.0013596539042887044,-0.0006907929741591562,0.0020611330523833365,15.446404827568434,0.0010121415200491
2023-09-14,000708SZ,2.4276458770546797e-08,0.014165524826724235,0.000690820523162379,0.019035315951740288,16.347661733593526,0.0024925977140765
2023-09-15,000708SZ,0.021784381351400716,0.002675533896522384,0.008937796538319127,-0.011513897343065424,15.588634119014625,0.0011668382266527
2023-09-18,000708SZ,-0.0115138208573835,-0.01820070935499097,-0.01378377673643156,-0.0075214186086747644,15.625121569352642,0.0012101994453035
2023-09-19,000708SZ,-0.00889502140329397,0.010152425972565271,0.006226265849315511,0.01701301585934852,16.086829210532258,0.0019203219966677
2023-09-20,000708SZ,0.02108199843809973,0.024610468019966622,0.014378876758818134,0.013405066515880432,16.217028352410157,0.0021873527726427
2023-09-21,000708SZ,0.007375202382164158,-0.011232363811016556,0.0027155478780398843,-0.008692804760917456,16.040371594800252,0.0018331490089405
2023-09-22,000708SZ,-0.002006111779469576,-0.005998075900249104,-0.006802820489855961,-0.009446834095572778,16.38269011897976,0.0025814566004722
2023-09-25,000708SZ,-0.012799087682530132,0.002670207155465571,0.0034071525348608506,0.011459498252839104,16.10187398834794,0.001949431239408
2023-09-26,000708SZ,0.008775014115097656,-0.0033388542186408364,5.980505889316115e-08,-0.012816340686516322,15.577377841051215,0.0011537776138512
2023-09-27,000708SZ,-0.011490520380434377,0.0033388935325185747,-2.0491180740101992e-08,0.000678651344494399,15.493629586628039,0.0010610862749999
2023-09-28,000708SZ,0.0027155369769167287,-0.00668902235508988,0.003395593374001033,0.0047377767774943675,15.053118408456452,0.0006830288976655
2023-10-09,000708SZ,0.002708236111226525,0.017299227553231277,-0.024014857941239545,0.01141333567129583,16.031200485397697,0.0018164138542767
2023-10-10,000708SZ,0.014098884244911387,-0.010610211760682348,0.008298818118240707,-0.02022994626967153,16.253572774420284,0.002268766877928
2023-10-11,000708SZ,-0.015452123327662918,-0.0046776188722124365,0.008913218739571698,-0.0006814963808836758,15.533677665678336,0.0011044431347635
2023-10-12,000708SZ,-0.00407058684462218,0.01065965438492576,0.002045738035576087,0.02157870297482219,15.702670960454192,0.0013077846256299
2023-10-13,000708SZ,0.014845158370598549,-0.010659587314399713,-0.008207908800869213,-0.02362570127569181,15.604963870054943,0.0011860488329518
2023-10-16,000708SZ,-0.02098223380328431,-0.006720529291947919,-0.0027510789709756143,0.010193693853613578,15.428447342201254,0.0009941282207959
2023-10-17,000708SZ,0.012236765626418759,0.015390117692264086,0.012320458349251415,0.008080862862044779,15.616213580788248,0.0011994668744992
2023-10-18,000708SZ,0.0047185749402740805,-0.012696481636907614,-0.001361421012754885,-0.013504565514238799,14.589664750337803,0.0004296983021148
2023-10-19,000708SZ,-0.01695528209129432,-0.01149824777570073,-0.03394855818351708,-0.029667574803933373,15.598316900632312,0.0011781913444813
2023-10-20,000708SZ,-0.025633565181772254,-0.0013614622371151584,-0.002822889872894776,0.018731043111989334,15.746067591661083,0.0013657875443281
2023-10-23,000708SZ,0.02357944555107338,0.012186951483533257,0.014731921854202853,0.0006870441345907177,15.530771918886261,0.0011012385601878
2023-10-24,000708SZ,-0.001371704699244664,-0.0006730562166737262,-0.0027893304582519815,0.01972188838075205,15.497530121173172,0.0010652331617235
2023-10-25,000708SZ,0.02038111819899114,0.035068045266129805,0.037688577239273595,0.024610443725879408,15.858886613522598,0.0015289026489251
2023-10-26,000708SZ,0.016011018372045896,-0.0013012485656792969,0.009370925702950592,0.007853453492956453,15.595934859561858,0.0011753881837854
2023-10-27,000708SZ,0.009222735047304151,0.0013012517075783028,0.009943694812040044,-0.005884317275776234,15.482611723452226,0.0010494595379374
2023-10-30,000708SZ,-0.0019690914932895694,0.0032457562167517435,-0.0220081775617971,-0.020537309853552083,16.237318272136275,0.0022321872951481
2023-10-31,000708SZ,-0.015894533798604157,-0.025600481519038962,-0.025957860997691012,-0.029204180298920024,16.128178052297717,0.0020013895704251
2023-11-01,000708SZ,-0.02706511600701633,-0.016086012151763186,-0.007641445370602047,0.007552473999767015,15.828429878941575,0.0014830392309226
2023-11-02,000708SZ,-0.0020597987783903997,-0.012236831320709414,0.004175250121723779,-0.015162350560020662,15.329658190396048,0.0009006142410618
2023-11-03,000708SZ,-0.008974815604441938,-0.0006841902561507442,-0.0006945813589593963,0.0027739782886899247,15.642662428110915,0.0012316146578412
2023-11-06,000708SZ,0.005532473866558446,0.008179958721803948,0.00277581076445465,0.0034565977190664588,15.994275918557467,0.0017505667219007
2023-11-07,000708SZ,-0.0013802453805318322,-0.012982681213849689,-0.023134520793828984,-0.021626149209257206,16.440133931713792,0.0027340871945697
2023-11-08,000708SZ,-0.020935881776422194,-0.024366076939042067,-0.02150628751209827,-0.0185059512962962,16.500769329748014,0.0029049989613485
2023-11-09,000708SZ,-0.024269509844606622,-0.004237185238794299,0.0028944267964131367,0.009295820534308209,15.663330208566078,0.0012573342714334
2023-11-10,000708SZ,0.01719236495714204,-0.0021253994963585454,-0.005070634370038175,-0.008577618795156812,15.469272103021787,0.0010355531028986
2023-11-13,000708SZ,-0.006412602359452563,-0.0007095170637687924,0.007956587974407573,0.010000010371791861,15.847168822144118,0.0015110918397929
2023-11-14,000708SZ,0.007122526857255722,0.0007094501327587825,0.0014398118032507227,-0.005702114685324034,15.444081069354123,0.0010097922780098
2023-11-15,000708SZ,-0.0028428918798446786,0.007771155859883348,0.0028735980430394286,0.014899214363251765,16.151457793845903,0.0020485279629172
2023-11-16,000708SZ,0.009915089059964683,0.011196784148031293,0.008571577810985064,0.005618023851260024,15.72051597098111,0.0013313315321122
2023-11-17,000708SZ,0.002111926969368473,-0.0013927779216392408,0.008498571814842688,-0.0028051028847437187,15.204543914608875,0.0007946984348786
2023-11-20,000708SZ,0.0014054980043931992,-0.0013946810256589405,-0.007077146067035158,0.0007020680512107534,15.730250495727,0.0013443546981106
2023-11-21,000708SZ,0.0014035090162970415,0.013860190578620021,0.008486573754084544,0.0076896008873429435,16.251428973968352,0.0022639083038125
2023-11-22,000708SZ,0.006291534984038646,-0.012465493183626247,-0.012757039686055354,-0.02253614659924151,15.596690763602425,0.0011762770005003
2023-11-23,000708SZ,-0.02183955363925049,-0.01121248791924049,-0.007158234601053126,0.00851070087793969,15.536455139699001,0.0011075149614125
2023-11-24,000708SZ,0.00851064753269825,0.017464608728447135,0.013557047069436685,0.016807068525158,16.094144498418494,0.001934421213397
2023-11-27,000708SZ,0.016807128981603428,0.004836004645014809,0.00706222964087252,-0.0006946089531042407,15.512264234390914,0.0010810446285753
2023-11-28,000708SZ,0.0034662632688850503,-0.004143639310285306,-0.00493821804375743,-0.0013908106295561914,15.195759180379914,0.0007877477930653
2023-11-29,000708SZ,-0.011134466284287235,-0.003466275465574487,0.00845069209031199,-0.00278750980882673,15.07220123148905,0.0006961881798215
2023-11-30,000708SZ,-0.0007000367375936624,-0.002085473641192053,-0.004920955113361791,-0.004896791156486128,15.032258708927017,0.0006689286902801
2023-12-01,000708SZ,-0.001401535352282294,-0.004883169700202041,-0.00920357355053022,-0.010574717681031721,15.55852803686252,0.0011322328234866
2023-12-04,000708SZ,-0.007743806983515106,2.6922999245068723e-08,-0.001423493423590496,-0.0007088901711354579,15.175752995549134,0.0007721445621402
2023-12-05,000708SZ,-0.007092179903637483,-0.01266731877232085,-0.01290341901822124,-0.016446590491512286,15.500147033355983,0.0010680244345455
2023-12-06,000708SZ,-0.015782227030838022,-0.01858521280498025,-0.027799855301324717,-0.02481876146489088,15.967557255635084,0.0017044132397719
2023-12-07,000708SZ,-0.02119192238730596,-0.008695745748827505,-0.0037160851608149673,0.011025465161964145,15.371405700468339,0.0009390085078122
2023-12-08,000708SZ,0.010286652817311111,0.02444405815666622,0.009633263180359399,0.01451401180261676,15.603878448954124,0.0011847621687195
2023-12-11,000708SZ,0.012350340459077135,-0.01647007034963959,-0.005175645419181964,-0.0050559507321267984,15.599181066248178,0.0011792099371544
2023-12-12,000708SZ,-0.01015973351888471,-0.009430588115047156,-0.013432959018682595,-0.01753151614765543,16.02169553739193,0.0017992307248932
2023-12-13,000708SZ,-0.016918426776891086,-0.013945221259517296,-0.006784811256732254,-0.02386390087122227,15.668257093121882,0.0012635442986948
2023-12-14,000708SZ,-0.01720952268145577,-0.01789755618009588,-0.00151404306793253,-0.00226670139809607,14.940999738613352,0.0006105855802535
2023-12-15,000708SZ,-3.2400351038553004e-08,0.011223401618368758,-3.2400351038553004e-08,-0.001514071880027713,15.244965457078884,0.0008274794456438
2023-12-18,000708SZ,-0.0052970555523116445,-0.00971969528897987,-0.010662714513415144,-0.0007579355756373154,15.19585902725212,0.0007878264511651
2023-12-19,000708SZ,-0.0007589597424948832,-0.009815040766496884,-0.010777580780514683,-0.0045591669471597655,15.511442263464552,0.0010801564062542
2023-12-20,000708SZ,-0.002280534215183839,0.008311265774470052,0.012307784085110865,0.0015219807324646977,15.138586326457565,0.0007439732726608
2023-12-21,000708SZ,-0.004576662726058675,-0.0015059507522679708,-0.0076746279247989525,0.0037951217903324018,15.278697207856904,0.0008558678869555
2023-12-22,000708SZ,0.015174755210143468,0.00825515187859678,0.009965567044287794,0.008298820256358233,15.49349308143162,0.0010609414410679
2023-12-25,000708SZ,0.0022565211117323214,0.0014935963547455765,0.007598830953198574,0.0030007306063115145,15.03172275441077,0.0006685702708781
2023-12-26,000708SZ,0.0015015228208490345,0.0037244716649937055,5.8287151849468315e-08,0.002991830209698751,15.350689686873189,0.0009197560958228
2023-12-27,000708SZ,0.005237595910687417,0.010355193413041263,0.0045318073071319,0.010401282992178778,15.524770456679223,0.001094649309745
2023-12-28,000708SZ,0.01186962362068363,0.024710558960742843,0.019403528258620406,0.02625974768909592,15.910147561606472,0.0016093191634482
2023-12-29,000708SZ,0.03050333947126623,0.010710484478987613,0.023375786596863624,0.010741163264349957,15.534622270456248,0.0011054868901032
2024-01-02,000708SZ,0.0035702204768820697,0.018297549957595444,0.003603601973188499,0.009922196201596803,15.729121073557968,0.0013428372109908
2024-01-03,000708SZ,0.010634620855260322,0.007641508857986856,0.017118825367279378,0.012613950397644751,15.54449333090727,0.0011164532557634
2024-01-04,000708SZ,0.011917443836863035,-0.003466203594272425,-0.0078097919934874355,-0.0027893818169438963,15.904699934748873,0.0016005760283626
2024-01-05,000708SZ,-0.006993084549220656,-0.0006946578082932664,0.004267439183443704,-0.010530103609558788,15.71474844850382,0.001323675146844
2024-01-08,000708SZ,-0.011291549871580363,-0.011884081501236836,-0.009269216570314305,-0.01206970936854474,15.464803789838792,0.0010309362488884
2024-01-09,000708SZ,-0.006408007124846937,-0.008474618714779041,-0.010803102260628193,0.0,15.809891092174004,0.0014557987619796
2024-01-10,000708SZ,-0.004295008391172367,-0.006403501759426993,-0.0029007058287400366,-0.012217243461809059,15.487461942507522,0.0010545620116017
2024-01-11,000708SZ,-0.011544030605595515,-0.012931138108197394,-0.029478865012151585,-0.021930619295830848,16.125942880754884,0.0019969211167089
2024-01-12,000708SZ,-0.016094018215821706,-0.0116365693088722,0.0014947173232543593,0.005160312878867151,15.85927906602731,0.0015295027884324
2024-01-15,000708SZ,-0.0007377334672446176,0.011636502431237098,0.010401255691431568,-0.002945488745711688,15.689642173462007,0.0012908562930131
2024-01-16,000708SZ,3.5923399745875736e-09,-0.013833458982167082,-0.011148355601087472,0.002209929525912633,15.707628201979606,0.0013142837263614
2024-01-17,000708SZ,0.0022115441541873744,0.00146515443045371,0.0014936042795919277,-0.014079571858198976,15.572230069157259,0.0011478534899602
2024-01-18,000708SZ,-0.023092212524197187,-0.025956157890789706,-0.039578927779609016,-0.01276771381454602,16.05329160123782,0.0018569869702053
2024-01-19,000708SZ,-0.0015083221537826453,-0.0037636536604199436,0.006191972560429598,-0.009874675945269185,15.696161316594365,0.0012992990611483
2024-01-22,000708SZ,-0.014443390376939412,-0.01213973661476622,-0.04014708019982898,-0.04289157247405043,15.973614239387528,0.0017147681724446
2024-01-23,000708SZ,-0.03983348018236105,-0.018490572194357943,-0.007255188317975406,0.02050546290986473,15.590050450945514,0.0011684920280614
2024-01-24,000708SZ,0.023623179633625018,0.029120860491015903,0.03497978095593645,0.031504725338611886,15.962738426882533,0.0016962197207289
2024-01-25,000708SZ,0.03442013069026974,0.03269232343004405,0.023930007910205532,0.021699236440560245,16.281597217510132,0.0023332471029219
2024-01-26,000708SZ,0.013443040413759072,0.012350344130715575,0.018889889279936286,0.018335698682286808,16.217025544414852,0.0021873466305745
2024-01-29,000708SZ,0.0263559347379568,0.02001498966802089,0.024400511287067134,0.010123008602456308,16.243979298992073,0.0022471055863979
2024-01-30,000708SZ,-0.002169946046839249,-0.013537812203200359,-0.002193748315168817,-0.014492976419322692,15.939979718117232,0.0016580519179788
2024-01-31,000708SZ,-0.00945806921773545,0.0035803911721306466,-0.010301744413271762,0.0072727811585778755,16.26544301203409,0.0022958581540519
2024-02-01,000708SZ,0.0043763067434188325,-0.005016140819982998,0.009569360321248874,-0.010929141190199873,16.109167009003254,0.0019637004527358
2024-02-02,000708SZ,-0.0065718040577637474,0.014265535966959304,-0.018484842801588318,0.008026327848488142,16.203593574922138,0.0021581626923591
2024-02-05,000708SZ,0.003656407752553486,-0.0014173169963071334,-0.0029894535530916285,0.01586193744762461,16.34833746985707,0.0024942826220889
2024-02-06,000708SZ,0.014492970743418883,0.01896784465080818,0.028773658664356876,0.021232211112925344,16.489842569889216,0.002873429523078
2024-02-07,000708SZ,0.030466420486977723,-0.002787458947298189,0.010849985243949263,-0.002103034833533019,16.749260241204837,0.0037244677630782
2024-02-08,000708SZ,-0.026159187696409514,0.0013946810256589984,-0.003603603763710953,-0.0007020680512107032,16.58792657779185,0.0031695521062447
2024-02-19,000708SZ,0.01704588240297944,0.009018417849785278,0.0207224558670043,0.012561278531592697,16.21646931531658,0.0021861303029301
2024-02-20,000708SZ,0.013986251779694037,0.032611642616080745,0.011950961006875862,0.02127008511380468,16.13748623259103,0.0020201058392958
2024-02-21,000708SZ,0.017894537519725032,-0.012105046082436875,0.011809764013049864,-0.007495721342966836,15.965953985043823,0.0017016827932387
2024-02-22,000708SZ,-0.004786347852631483,-0.002710061015563251,0.0013802592868122398,0.0054569995199337034,15.47688168999011,0.0010434632942773
2024-02-23,000708SZ,0.00819116322686457,0.006761375801520135,-0.004146546007843984,-0.010944012314411744,15.735130558333388,0.0013509312681545
2024-02-26,000708SZ,-0.010936495304972434,-0.010159251225222354,0.0013841501385853615,-0.005517214937848007,15.719717371851784,0.001330268756174
2024-02-27,000708SZ,-0.008974980987880143,-0.01578085366137682,-0.017440385984295235,-0.0076363619889345405,16.120993348574483,0.001987061710252
2024-02-28,000708SZ,-0.008356541109219679,0.006891897654107592,0.006313651244900193,0.0006966163573838168,16.01209026074692,0.0017820313487486
2024-02-29,000708SZ,-0.0013995783200556923,0.003428164747044848,-0.005610073378505556,0.014518093621782196,15.887701502478206,0.0015735986776981
2024-03-01,000708SZ,0.01873108678733124,0.0054607776304001045,0.020188657789526315,0.008202380632222532,15.887706287032255,0.001573606206685
2024-03-04,000708SZ,0.0068492271205131405,0.028851325984296183,0.008919373736754192,0.02620232032228302,16.554442116766584,0.0030651785535854
2024-03-05,000708SZ,0.023609924464639977,0.01444547549024304,0.018945100691593282,0.013829692712160667,16.4031490213984,0.0026348143323937
2024-03-06,000708SZ,0.01980267247805351,0.025105914798245175,0.021876935879813892,0.023910696088326917,16.30791593852856,0.0023954704150314
2024-03-07,000708SZ,0.023256848667230743,0.029441610077586736,0.02397264274464918,0.012059852285015247,16.55086855071922,0.0030542444833163
2024-03-08,000708SZ,0.013320755959928977,-9.054838256140123e-08,0.015247966926258103,0.008793897592639165,16.338126282160314,0.0024689426279406
2024-03-11,000708SZ,0.009407508495096863,0.0036968944702153394,-0.01973947806092423,-0.01830274671871436,16.47922042968068,0.0028430690815962
2024-03-12,000708SZ,-0.018268328513889195,-0.029331338612418614,-0.02606019038332954,-0.019293261824760054,16.688753733450632,0.0035057954717331
2024-03-13,000708SZ,-0.023802956732754853,-0.01338876443763707,0.003952627871695509,0.009693192110661783,16.279215787601363,0.0023276972489316
2024-03-14,000708SZ,0.017425438826397025,0.007035496893961601,-0.005273580976194814,-0.020793521601869022,16.011758658702362,0.0017814405214093
2024-03-15,000708SZ,-0.027896721824451198,-0.021908026489148736,-0.007962859843186352,0.005892022168918892,16.164077972061413,0.0020745445752289
2024-03-18,000708SZ,0.014369973400358785,0.005198202889829029,-0.004005358194150271,-0.013140765588478777,16.203774048258474,0.0021585522183647
2024-03-19,000708SZ,-0.019647010896302698,-0.014360578369864886,-0.0013386560829068141,-0.010638389082216327,15.812129573519567,0.0014590611908756
2024-03-20,000708SZ,-0.01734532441311076,-0.011904900197086576,-0.02166640714445467,-0.009402353236841113,16.380123935914092,0.0025748406023128
2024-03-21,000708SZ,-0.0026954350410782284,-0.00533691705105194,0.004779823580396927,-0.008130136597320117,15.871043682617007,0.0015476030672972
2024-03-22,000708SZ,-0.014271397012336524,-0.01076001293504293,-0.01925786388390869,0.0,16.140124034713956,0.0020254415134223
2024-03-25,000708SZ,-2.3415200608356095e-08,0.033901543306052266,0.011049868082165987,0.028832031139375477,16.833598960558014,0.0040522111005049
2024-03-26,000708SZ,0.028341953881079563,-0.01117333535458429,0.0075264959132306745,-0.011968278139565035,16.214043445624895,0.0021808334625254
2024-03-27,000708SZ,-0.008686944414487188,-0.0033101236089860824,0.008822650536581683,-0.006038216658126881,15.834269601152853,0.0014917251060816
2024-03-28,000708SZ,-0.0074099228787485,-0.0033211811948325575,-0.009504517280303382,-0.006074898322502421,16.053892220338316,0.0018581026471829
2024-03-29,000708SZ,-0.003386352491060253,0.005308617983750797,0.004084495810376548,0.02209669196684186,15.643347343507864,0.001232458498766
2024-04-01,000708SZ,0.02479178404798927,0.0019834188408998626,-0.0013597489135939414,-0.01199226747647359,16.052421979114236,0.0018553727950434
2024-04-02,000708SZ,-0.013995546549975675,0.010512589842577783,0.012170575950033428,0.018592835078429702,16.298770519371512,0.0023736627045196
2024-04-03,000708SZ,0.019934219701387715,-8.253078587955883e-09,0.009364631463984351,0.004594725651552281,15.894264238121607,0.001583959752439
2024-04-08,000708SZ,0.005249388389055225,0.0245332309505548,0.008617867393200385,0.007177859740147476,16.399556562052894,0.0026253658501157
2024-04-09,000708SZ,-4.553998903977483e-08,-0.023226935532637015,-0.019327536130053505,-0.028356729979868635,16.140014762411134,0.0020252202008341
2024-04-10,000708SZ,-0.021164807992657297,-0.009839362828902201,-1.6826252977061493e-08,0.002671992940774329,15.746216419705783,0.001365990826974
2024-04-11,000708SZ,-0.0006686245436480563,0.007225031347065428,-0.011505991090689695,0.00664904952017867,15.865253813925198,0.0015386685374397
2024-04-12,000708SZ,0.009983468400948612,0.0026143645253727437,0.016875176392562072,0.004628073653133723,15.689056444489454,0.0012901004223561
2024-04-15,000708SZ,0.003965613561740426,0.013614488070308243,0.004008061980786167,0.014407613865781922,16.25521000460502,0.002272484414268
2024-04-16,000708SZ,0.014407601369328803,0.009612414418792806,0.013902907677010645,0.0,16.565188892569378,0.0030982969818418
2024-04-17,000708SZ,-2.106648857579034e-09,0.05158023530360945,-0.009910860651127744,0.0648229221784908,17.059297469116707,0.005078222005052
2024-04-18,000708SZ,0.06421338340682925,0.006038731931388097,0.05364779527551332,-0.019071556763925007,16.88631565590947,0.0042715611988008
2024-04-19,000708SZ,-0.01970509220705774,0.017900153872299224,0.008771967658223662,0.036589429780090346,16.903718178797273,0.00434654772873
2024-04-22,000708SZ,0.03242865956220238,0.021644607422520987,0.010549238074017234,-0.02608585754417436,16.640548515609286,0.0033408064419267
2024-04-23,000708SZ,-0.03679137576162816,-0.06701071615690744,-0.057158405163842727,-0.054306266631438276,16.7594930645419,0.0037627752483481
2024-04-24,000708SZ,-0.037548222157186284,-0.030153063200919938,-0.005242524821874622,0.01417545838981786,16.25199312656629,0.0022651858540081
2024-04-25,000708SZ,0.01352681927551377,0.005723436220606722,0.0052425114897443024,-0.00964327256181404,16.102539681831658,0.0019507293952519
2024-04-26,000708SZ,-0.015474153158638189,-0.005723367179779711,-0.01647480855875912,0.011560870666238059,16.517600565682937,0.0029543074852445
2024-04-29,000708SZ,0.012911724930606949,-0.0057563392954370265,0.004640361546577132,-0.008336058620316606,16.303146895429315,0.0023840735102002
2024-04-30,000708SZ,-0.006435069573533561,0.02783230023028143,0.02029530660163313,0.002572329910480368,16.634892928852565,0.0033219655485099
2024-05-06,000708SZ,0.02171219026185266,-0.005630401577996495,-0.0045470199441799775,0.01971445762111813,16.484922004542426,0.0028593253530679
2024-05-07,000708SZ,0.0037832039499242033,0.005006394045842985,0.025073730772283868,0.0037712548801365525,16.13242824683451,0.0020099139686285
2024-05-08,000708SZ,0.0006290312142347476,-5.186530484143938e-08,0.003169534967800842,-0.0044011715754421745,15.837991195709561,0.0014972870460772
2024-05-09,000708SZ,-0.0018885371699969684,0.017327111529102313,0.004420595959634027,0.025506896161678238,16.40821582382633,0.0026481982953688
2024-05-10,000708SZ,0.030880388769284412,0.023576138060477456,0.02580424065216235,0.018577102544873256,16.490030241997225,0.0028739688362964
2024-05-13,000708SZ,0.006937874246841327,0.0024797845654479242,0.0012714180528029186,-0.0043819006749113735,16.002229926086354,0.0017645462673647
2024-05-14,000708SZ,0.0018837888395408504,-0.006211249446154866,0.0038046982181419555,-0.0006275293968121526,15.647374164114462,0.0012374313946034
2024-05-15,000708SZ,0.003757051078018999,0.00930246316805489,0.0069378565298017555,0.0037593453280902163,15.838152224462672,0.0014975281717887
2024-05-16,000708SZ,0.00187332663779004,0.006153811094331027,-0.004409397318568978,-0.006273470955880481,16.03650320138824,0.0018260713650064
2024-05-17,000708SZ,-0.01129250852118684,-0.023588899253521322,-0.030120869370059776,-0.012029325404771727,16.437501728451053,0.0027268999840632
2024-05-20,000708SZ,-0.008235678967021888,-0.0056692746990969515,0.004544008750743055,0.003814440183279375,16.210888756496523,0.0021739644507804
2024-05-21,000708SZ,0.0031756000791392128,0.0012626293817576356,0.009026492190622966,-0.00636544406951529,15.632674743899946,0.0012193749027413
2024-05-22,000708SZ,-0.013405898972509187,-0.0031595869739943993,-0.012270080074689911,-0.013500704508364401,15.824127596386225,0.0014766724818553
2024-05-23,000708SZ,-0.0168506691940188,-0.022400925447132135,-0.029675782881921953,-0.027560769340800977,16.303120633534895,0.0023840109007303
2024-05-24,000708SZ,-0.021804617815353502,-0.009102747140615083,0.002006071431490024,0.004646589865513554,15.879191171168378,0.0015602636531377
2024-05-27,000708SZ,0.00864651121446253,0.001305409229163473,0.005993992365430208,0.006600604619931383,15.732027352519381,0.001346745547709
2024-05-28,000708SZ,0.012504245894182999,0.007149827044316663,0.009253162601025603,0.005903599674072585,15.815008459979843,0.0014632677151006
2024-05-29,000708SZ,0.0006538382802951283,0.01223064919752736,0.0006577083369850592,0.01364102134077539,15.955015269758384,0.0016831700051451
2024-05-30,000708SZ,0.02133930788808076,0.003831385243007353,-0.00924711939382602,-0.020861234856370495,16.359556884445976,0.0025224245881457
2024-05-31,000708SZ,-0.02789673389453728,-0.027133388235373437,-0.004655788728805039,-0.005946506622838255,17.103166346322794,0.0053059566209004
2024-06-03,000708SZ,-0.03208830261591489,-0.01984195169268701,-0.03735581849671796,-0.03575423005654924,16.551689477737124,0.0030567528247363
2024-06-04,000708SZ,-0.01092907079119757,0.008646541876350031,0.003454237129440806,0.03509127499387091,16.331131895099222,0.0024517341377592
2024-06-05,000708SZ,0.03906225844133416,0.01446443465244418,0.03722941378563187,0.0013254709071076726,15.935596678427125,0.0016508005129525
2024-06-06,000708SZ,-0.006626965496238535,-0.002614388925413877,-0.01001682731460532,-0.009314804783237757,15.56158239518877,0.0011356963555848
2024-06-07,000708SZ,-0.0013306691095655064,-0.01185002711606294,-0.008763089750499085,-0.0006687179549218299,15.736270504036414,0.0013524721347598
2024-06-11,000708SZ,-0.014755467197601705,-0.014004883372817719,-0.01913937104157723,-0.030562621694213032,15.937966089985197,0.0016547165767888
2024-06-12,000708SZ,-0.020478559292017952,-0.011482753372900199,-0.0027643542389328597,0.013698816322014494,15.605175167839198,0.0011862994689626
2024-06-13,000708SZ,0.006872941454617655,-0.001359614592951786,-0.009037225098662793,-0.011631985566303071,16.052266377157824,0.0018550841178358
2024-06-14,000708SZ,-0.008253253259084357,-0.009569462981949016,-0.00630481404928354,-0.013860276449212335,15.801744657536515,0.0014439873666072
2024-06-17,000708SZ,-0.014608849342124947,-0.015225183341732522,-0.023463524805620854,-0.024727490020084505,16.04782918307739,0.0018468709838006
2024-06-18,000708SZ,-0.02196338898866101,-0.002793320696218347,0.002155971518752192,0.021932259722817392,15.868413931939097,0.0015435386031668
2024-06-19,000708SZ,0.02336391907803716,0.02758796007813213,0.021307600105887704,0.01803104732670429,15.85831365955207,0.0015280269088717
2024-06-20,000708SZ,0.015278080566907725,-0.004089961656332252,-0.0014064479702948517,-0.020834112842742954,15.331324148736307,0.0009021158776829
2024-06-21,000708SZ,-0.015278112181403587,-0.015141413620048212,-0.007771139138333173,-0.008456720702598943,15.334818490162249,0.0009052736932874
2024-06-24,000708SZ,-0.016937574516424574,-0.016078670146316715,-0.021506213053512767,-0.01282070480028213,15.428955431795352,0.0009946334554421
2024-06-25,000708SZ,-0.006426299047926176,-0.004945227399993069,0.0007244020621097544,-0.0014346746546551623,15.394818487063963,0.0009612527014321
2024-06-26,000708SZ,-0.004307304796988397,-0.005681845502522083,-0.0014493261902080823,0.0028673652608416852,15.080246139268663,0.0007018115404995
2024-06-27,000708SZ,0.00859613945665302,0.0007120513667742109,-0.009471808174476256,-0.012243548506561435,15.545216770779955,0.0011172612349349
2024-06-28,000708SZ,-0.018719074068666484,-0.015782278145590717,-0.011782166478357054,-0.01680716357726594,15.912833642642854,0.0016136477365132
2024-07-01,000708SZ,-0.015379313976281643,0.010787537662055143,0.0022197107629454453,0.02258748572659444,15.937249924590699,0.0016535319501418
2024-07-02,000708SZ,0.03267078130775494,0.001429638648357351,0.015401860784073832,-0.007956604244989339,15.716918436679752,0.0013265506254403
2024-07-03,000708SZ,-0.017291479271967766,-0.011494367196359379,-0.018362615679010968,-0.018322240306795728,15.723960762802461,0.0013359256010306
2024-07-04,000708SZ,-0.010226564538045739,-0.01089736028357593,-0.0044576277122451765,-0.005191020324203231,15.734842177920369,0.0013505417421488
2024-07-08,000708SZ,-0.011816979722666592,-0.013975937659041723,-0.028702899328581756,-0.022557376706546707,16.280731628605693,0.0023312283437806
2024-07-09,000708SZ,-0.023300602256240366,-0.02020274673817689,-0.0030698430874530687,-0.0053373942387145365,16.020099176292582,0.0017963607939715
2024-07-10,000708SZ,-0.008400124565967573,-0.007587195020167125,-0.010819245925633499,-0.01463244513469721,15.99319570003292,0.0017486767480614
2024-07-11,000708SZ,-0.0030721901418843687,0.006831163561402589,0.010050350715274207,0.017685937177106967,15.977189243933259,0.0017209094481678
2024-07-12,000708SZ,0.00995032716241631,-0.0015140518864156453,-0.0015396938591795014,-0.010728111190954773,15.808360589043705,0.0014535723613053
2024-07-15,000708SZ,-0.02077799251142822,0.0037807496962562934,-0.010065822574768998,0.010728111190954768,15.74287580845093,0.001361435195515
2024-07-16,000708SZ,0.016197806204568097,-0.00605603685373582,-5.969704415298033e-09,-0.01768593717710689,15.961843046968736,0.0016947016392154
2024-07-17,000708SZ,-0.01619785797386102,-0.012992209886251464,-0.0031177381615710873,0.0007753924108314184,15.834407060598382,0.0014919301719086
2024-07-18,000708SZ,-0.0015563315544648599,5.041245249631593e-08,-0.003910802399061365,0.004640462483691126,15.49533330598697,0.001062895609427
2024-07-19,000708SZ,0.00853042689648812,-0.0038536204194413665,-0.00392624402628387,-0.013204117634269095,15.988625030797117,0.001740702362163
2024-07-22,000708SZ,-0.009309583303968092,-0.009309583303968092,-0.014263323173879305,-0.01576073500016427,15.835339559250448,0.0014933220438261
2024-07-23,000708SZ,-0.019677964394914125,-0.0157112641790688,-0.029973920528633746,-0.033928983829060747,16.370760256228802,0.0025508431454049
2024-07-24,000708SZ,-0.03477907003678878,-0.027288988168465925,-0.006600641017797171,0.0008214108497126902,15.850293327011808,0.0015158206379503
2024-07-25,000708SZ,-0.004950509597462239,-0.005711993334097873,-0.010819972229793418,0.0008205732776274462,16.056838779314077,0.0018635857309473
2024-07-26,000708SZ,0.008237257229585666,0.0170389798860712,0.013300292205340342,0.009796090620808467,15.875342456225344,0.0015542701833149
2024-07-29,000708SZ,0.010608068827847764,-0.003223162160066199,0.007404451453944627,-0.000812651835167241,15.884716771933196,0.0015689089113938
2024-07-30,000708SZ,-0.004882008927926398,-0.004043717278537911,-0.004930146963931798,-0.0024420066252701183,15.747783136646206,0.0013681326256115
2024-07-31,000708SZ,0.004070015339299168,0.01047974049562223,0.0049301124260896344,0.014563301792803731,16.110476901854675,0.0019662743755943
2024-08-01,000708SZ,0.009700958926956441,0.007987220355020962,0.010599378019992431,-0.007255180201411878,15.708488175079149,0.0013154144613128
2024-08-02,000708SZ,-0.012141039163641008,-0.011200078313329581,-0.013061407783581029,-0.011391458720838205,15.962632710493573,0.0016960404119623
2024-08-05,000708SZ,-0.009820005379777938,-0.005647474217021276,-0.008250871838313188,-0.012350934165093296,15.73790142723355,0.0013546797129669
2024-08-06,000708SZ,-0.0008227740358142051,-0.012210181441780467,-0.0024886215493032868,0.008250855006828256,15.636109962696844,0.0012235709260109
2024-08-07,000708SZ,0.0024661677212536284,0.0282619219760631,0.0024885918871835415,0.017108382005904338,16.149756417281996,0.0020450456083517
2024-08-08,000708SZ,0.013050783027587274,-0.014434878426287132,0.008250942965111505,-0.006482959092923006,15.3336006500691,0.0009041718854962
2024-08-09,000708SZ,-6.128395145957544e-08,0.003225744863744974,0.006551962438331165,-0.0032573899921660046,15.30402525954854,0.0008778222145804
2024-08-12,000708SZ,-0.002434003582160637,-0.008896055387774,-0.009844151623680259,-0.0024499839309875815,15.008870443974443,0.0006534651418748
2024-08-13,000708SZ,-0.004070051927660917,-0.0008127232194465509,-0.017464091173682892,-0.015657502378076674,15.987956896822109,0.001739539728083
2024-08-14,000708SZ,-0.016447697557742197,-0.017220575111382086,-0.0263508763730115,-0.03207024335022793,16.22752639199898,0.0022104366464316
2024-08-15,000708SZ,-0.038027484150682585,-0.016680961866153966,-0.0008616593369222716,0.01108751928177811,16.111946181670575,0.001969165506558
2024-08-16,000708SZ,0.018771898095003653,-0.004214104541852426,-0.008658102936031723,-0.019700819078086466,15.941788451603028,0.001661053606171
2024-08-19,000708SZ,-0.023087790621070036,0.003372662601002161,0.005203845550828589,0.01715304376674865,16.025593225719405,0.0018062572509691
2024-08-20,000708SZ,0.019700860249627222,-0.00760456377469222,-0.009561137721934104,-0.022356878084880228,15.945136886113715,0.0016666248583345
2024-08-21,000708SZ,-0.026645386824666495,-0.019700838297948393,-0.008771962332561804,-0.0026121074747554214,15.754551309499163,0.0013774237916898
2024-08-22,000708SZ,-0.0008714112616903384,-0.005203878841111541,-0.0035304649747245503,-0.012280900782854202,15.553836197879601,0.0011269330111134
2024-08-23,000708SZ,-0.014047645990527569,0.012100417631132504,-0.0008846034299668252,0.01749822401733475,15.792932939878416,0.0014313192517798
2024-08-26,000708SZ,0.023592207112383932,-0.0017196614378494966,0.008810648126081302,-0.004345891319576748,15.53070768656459,0.0011011678273373
2024-08-27,000708SZ,-0.011289744842374733,-0.013865019587980256,-0.008810571968837423,-0.007870536043104252,15.397731629622964,0.0009640570509155
2024-08-28,000708SZ,-0.004376412824763465,0.004353506583193927,0.002651304287855458,0.003505675483926137,15.459448442984542,0.0010254299837695
2024-08-29,000708SZ,0.0008767712921632613,-0.0026099488731892,0.0026442574943593934,-0.005263264079438689,15.649190618034599,0.0012396811747633
2024-08-30,000708SZ,-0.005272370429746897,0.019836832384718176,-0.016866760625580762,0.01397401595819339,16.21822311807072,0.0021899677086666
2024-09-02,000708SZ,0.010517186861928674,-0.012892271346913679,0.0035746305527455478,-0.015734523607308728,15.991740050642887,0.0017461331392818
2024-09-03,000708SZ,-0.007877485363286644,-0.006073797298562749,0.0044504328556343765,-0.005300372450219869,15.55807943286144,0.0011317250131343
2024-09-04,000708SZ,-0.015943652170194892,-0.014906000811369682,-0.01701789857264462,-0.01158140618916847,15.837863624534862,0.0014970960475678
2024-09-05,000708SZ,-0.0017873186354906432,-0.005314455165391672,0.004506506990388532,0.008920647370238932,15.39802342277821,0.0009643383972675
2024-09-06,000708SZ,0.003571481258249085,0.00619747765546204,0.002694237550483062,-0.008920647370238927,15.139886429331504,0.000744941143738
2024-09-09,000708SZ,-0.004466320556766281,-0.01154032360918674,-0.03374693955772771,-0.027249676962360508,16.07761370278242,0.0019027065449321
2024-09-10,000708SZ,-0.025386634425297597,-0.02348798561872961,-0.011194119271677551,-0.010180511303829435,15.844327134506385,0.0015068038836308
2024-09-11,000708SZ,-0.007373294118266855,-0.011954084284620897,-0.004701480271705474,-0.008407346265581268,16.373433363853614,0.0025576709458532
2024-09-12,000708SZ,-0.012098849062829299,-0.009293823147922852,-0.023844757276221436,-0.024692675656909472,16.44925436722888,0.0027591373227229
2024-09-13,000708SZ,-0.02656705534716056,-0.005617994392932057,-0.003868435918100728,-0.005785848338358111,16.590143439486127,0.0031765863594386
2024-09-18,000708SZ,-0.005785959072091439,-0.0037630095110802097,-0.000969465195160098,0.020105920721997912,16.11991010384263,0.0019849104013153
2024-09-19,000708SZ,0.029540049350189175,0.02052321055157639,0.017308138711158792,0.010372603273269746,15.940314968770414,0.0016586078742208
2024-09-20,000708SZ,-0.0018796548954882043,-0.01769953946604761,-0.007655534298604465,-0.01512314893866794,15.866377069589985,0.0015403978268484
2024-09-23,000708SZ,-0.014211594823722912,0.0074906374542071715,0.0028776473750839996,0.012304919039044005,15.9689178027495,0.0017067337527823
2024-09-24,000708SZ,0.02077510184179178,0.06936590480128967,0.024599194793625902,0.07256131479933733,16.925556790212564,0.0044425143750074
2024-09-25,000708SZ,0.11299484700715705,0.048417170325236285,0.040298557848567555,-0.017652760345798685,17.269055577997968,0.0062633758792208
2024-09-26,000708SZ,-0.06375979942764982,-0.009163032730080057,-6.90533964980795e-08,0.06130527577950197,16.994694083299816,0.004760524317442
2024-09-27,000708SZ,0.08195713879420391,0.05137700958253998,0.06935183429401252,0.04343173507635434,17.277159432731462,0.0063143395914441
2024-09-30,000708SZ,0.06505076639095488,0.08601728170628761,0.06642125359065153,0.08968092703720094,17.49702954014337,0.0078671297344425
2024-10-08,000708SZ,0.14156352168416741,0.08992469726644742,0.06742419035125641,0.024621018996755534,17.93128943842637,0.0121454327447362
2024-10-09,000708SZ,-0.10462000991178508,-0.10092586536811957,-0.0800426271750038,-0.10234483373997527,17.480972397582214,0.0077418148991568
2024-10-10,000708SZ,-0.057898902500649926,-0.013363255395535234,-0.010371068318481922,0.0265848406314019,17.210111564636566,0.0059048574116399
2024-10-11,000708SZ,0.02095539751775624,-0.013544250927232193,0.002402860385881918,-0.02500128080397779,16.87078823589488,0.0042057471543409
2024-10-14,000708SZ,-0.02567246467438457,-0.013730184598827438,0.010346259720147043,0.013359691390248498,16.85320344156976,0.0041324364183873
2024-10-15,000708SZ,0.010192188042405598,-0.007710158665243717,-0.007151404246567978,-0.021302607488735324,16.543283775350655,0.0030311663553332
2024-10-16,000708SZ,-0.02687910142636089,-0.020329099596285857,-0.01445810791012872,0.0,16.24395646224987,0.0022470542704083
2024-10-17,000708SZ,0.009569543954933332,0.0007896216750210669,-0.004866120383725126,-0.01769957284451312,16.51096800207843,0.0029347776895278
2024-10-18,000708SZ,-0.025724934992920685,-0.0063341319127374765,-0.03054300792900494,0.005665798282011025,16.994954671420626,0.0047617650152281
2024-10-21,000708SZ,0.010530616458992564,-0.009577148558366924,0.01166667864726979,-0.008917891864721477,16.688002588606402,0.0035031631001607
2024-10-22,000708SZ,-0.013793329034861902,0.0055977505585202356,0.0066061280656691665,0.020153846124250824,16.569432382722542,0.003111472510759
2024-10-23,000708SZ,0.021819145931855764,0.022082957066918485,0.023587976731724827,0.015835690554864872,16.705219818679858,0.0035640000880273
2024-10-24,000708SZ,0.013497638746604554,-0.010980446166526351,-0.008881734146437979,-0.027071644814394346,16.31085471364578,0.0024025205187241
2024-10-25,000708SZ,-0.022329592744802337,-0.0023688495742863044,0.0056610693431828115,0.016807059366555667,16.406786839081573,0.0026444167626403
2024-10-28,000708SZ,0.01600040668827771,0.027292176746491148,0.008032206763725777,0.02507966432952636,17.274038923760454,0.0062946663487141
2024-10-29,000708SZ,0.03278981257569264,0.0015372993469629879,-0.012072565476455853,-0.04350234223707527,17.152841157266284,0.005576185234989
2024-10-30,000708SZ,-0.05445134876063394,-0.05202123549659636,-0.03292481935607555,-0.022068680834085266,16.83138373492596,0.0040432444733875
2024-10-31,000708SZ,-0.016353533276338317,-0.015491465662416755,0.004175432693309342,-0.0008267615596649358,16.58137119732934,0.0031488424390306
2024-11-01,000708SZ,-0.0057874963931306925,0.017915819986499645,0.002496867905915341,0.011513244926043635,16.814421623800353,0.0039752408806628
2024-11-04,000708SZ,0.021329645578352815,-0.004043754171299649,0.0024906566403156737,-0.0032760648624875345,16.652197274636485,0.0033799502391345
2024-11-05,000708SZ,-0.010608030017020032,0.002428140557798016,0.0024844454020141334,0.0146582623301941,16.883776772677766,0.0042607299586421
2024-11-06,000708SZ,0.01627386523327598,0.004838803873975334,0.011513285974518747,-0.008116830169823125,16.73735358159694,0.0036803847523426
2024-11-07,000708SZ,-0.017094443961865304,0.014377184728045127,-0.009034949019041979,0.027332818771843622,17.001549174886826,0.0047932702589788
2024-11-08,000708SZ,0.044951315545099485,0.01651627564118518,0.027666515925936292,-0.007961809271945612,16.90946880172569,0.0043716150943005
2024-11-11,000708SZ,-0.007089458991314144,0.006220842277745435,0.006400003911165856,0.021353073449662387,17.323558963924157,0.0066142254792658
2024-11-12,000708SZ,0.011006430366637173,0.015384980306870051,0.003184715821109211,-0.007067176619273876,17.25983377426785,0.006205881761531
2024-11-13,000708SZ,-0.009426568816263371,-0.011516442472689676,0.0023819209802619806,0.006284500668932465,16.81562820171079,0.0039800402135394
2024-11-14,000708SZ,0.003938561618779089,-0.01399708445709419,-0.027332843651584917,-0.036686748538781566,16.86444709633818,0.0041791623016506
2024-11-15,000708SZ,-0.037649655646845664,-0.030208996273308805,-0.009005445773472273,-0.01143807474814864,16.40953099606193,0.0026516834237716
2024-11-18,000708SZ,-0.0008166368622089421,0.01442331671717793,0.0016434650914024615,0.006552065466126113,16.89443318016823,0.0043063768192061
2024-11-19,000708SZ,-0.005735370028588822,-0.020901048952582428,-0.014055657100095553,-0.002451986307861168,16.512739823346855,0.0029399822007775
2024-11-20,000708SZ,0.004100030923575706,0.001623305301553768,0.008291842661947943,0.0048978939755410485,16.246548670446735,0.002252886659538
2024-11-21,000708SZ,0.001635294373381559,1.1583931746680746e-08,0.00658439143943492,-0.0016299402129906306,16.034406277273252,0.0018222462434064
2024-11-22,000708SZ,0.0016327130174679067,-0.0024360108782192007,-0.04102706134347254,-0.04504512001906778,16.870680490349237,0.0042052940282092
2024-11-25,000708SZ,-0.04334017181532403,-0.03896062388648824,-0.015504148039731224,-0.0042753716391368615,16.404919480224756,0.0026394832949184
2024-11-26,000708SZ,-0.007695647636526343,-0.005934709607881283,0.006920435993465473,0.0,15.944642215878032,0.0016658006324019
2024-11-27,000708SZ,-0.0034393842568151405,-3.127791697206015e-09,-0.007788891506163442,0.007682505969352578,16.036500705854024,0.001826066807988
2024-11-28,000708SZ,0.011986486166108997,0.000850009945817268,0.012089916362702575,-0.009397802951251397,15.997893992791136,0.0017569118746635
2024-11-29,000708SZ,-0.00854708761520733,0.005929687886189307,-0.004301010562452741,0.013640524179804445,16.396326147657927,0.0026168985137076
2024-12-02,000708SZ,0.009397837057343511,0.008410452868976046,2.2391648506698672e-08,0.010109618342110637,16.64071248437731,0.0033413542747882
2024-12-03,000708SZ,0.009310219895507482,-0.002515719416873148,0.010291658783596499,-0.004199955274444626,16.496623931775744,0.0028929815094929
2024-12-04,000708SZ,-0.00422123856317866,0.0016778653927473535,0.004257127489551647,-0.002528449537044221,16.017780165485174,0.0017921998399302
2024-12-05,000708SZ,-8.997969077009998e-09,-0.007572628344977902,-0.0034043455222166684,-0.005924753215186498,15.826032261204466,0.0014794877285565
2024-12-06,000708SZ,-0.0033897939249598785,0.01841062042871361,0.0025543749718119485,0.021831317835799287,16.735898942087175,0.0036750350108985
2024-12-09,000708SZ,0.02016879149952599,0.013179729366532457,0.020202667719203815,0.0033167293430484963,16.39312088752422,0.0026085241008481
2024-12-10,000708SZ,0.027084126771661866,0.028239022728817016,0.00498757630512615,0.0,16.58986578152146,0.0031757044773169
2024-12-11,000708SZ,-0.032924784589314256,-0.02171367348231404,-0.010000106315982915,0.012340773035028249,16.400885651716674,0.0026288575168492
2024-12-12,000708SZ,0.02316058529257174,-0.001627441471785223,0.018257726608503194,0.004079924143978271,16.088364837923766,0.0019232731613954
2024-12-13,000708SZ,0.0008173584604143239,-0.003262630244056742,-0.016584099932403663,-0.022232233479243187,16.399308920748243,0.0026247157815376
2024-12-16,000708SZ,-0.019802591532664567,-0.0057353280522114275,-0.005869995070406885,0.004154588007648237,16.42441607025358,0.0026914491549224
2024-12-17,000708SZ,-2.5928006078545687e-08,-0.0032922068059651954,0.003358496184746827,-0.010000179200454401,16.031067510191814,0.0018161723323027
2024-12-18,000708SZ,-0.0008336826373649411,0.0008240987217574434,0.005016705460276069,0.004178894329956906,15.970146998735814,0.0017088329532045
2024-12-19,000708SZ,-0.006694584674985358,-0.014102277314012297,-0.014279969071090623,-0.005855287192746145,16.039901541906325,0.0018322875343359
2024-12-20,000708SZ,0.006694628862046882,0.006661183354712005,-0.00338978113641665,-0.008424632410863348,16.23943635061657,0.0022369202540614
2024-12-23,000708SZ,-0.010058750969641464,-0.004158025977283006,-0.002549914965292041,0.0,16.452103854341477,0.0027670106616921
2024-12-24,000708SZ,-0.003375513893394874,-0.0025030943640583243,0.004246320591311288,0.011774779098562818,16.024494499932008,0.0018042737591874
2024-12-25,000708SZ,0.013434223800361285,0.0016693534634117672,0.00338404009919617,-0.005029438259392035,15.856794001715242,0.0015257065939925
2024-12-26,000708SZ,-0.007534589428363409,-0.005016695799207482,-0.015319482046982198,-0.019516922764664515,16.46870597219226,0.0028133323572384
2024-12-27,000708SZ,-0.018660349037631044,-0.019467420693345762,-0.010344894566154648,-0.00947053779739588,16.585913142345067,0.0031631768375343
2024-12-30,000708SZ,-0.008598547064565617,-0.0060008582237117015,-0.007829553524988786,-0.006073836695526432,16.63314380727269,0.003316160105228
2024-12-31,000708SZ,-0.006932387656997047,-0.007768676066173252,-0.015845302142378948,-0.006986878909537394,16.75353702082517,0.0037404306021926
2025-01-02,000708SZ,-0.00785693523590841,0.009486839125686628,-0.005338178550085328,-0.013233557829800886,16.932965784386482,0.0044755511731955
2025-01-03,000708SZ,-0.013233501870748985,-0.006026676119565438,0.004450408143053483,0.006197430859123328,16.991385098718062,0.0047447978488895
2025-01-06,000708SZ,0.007079653018861935,-0.010416766639064347,-0.009817195042870718,0.00966186526781565,16.4034230032313,0.0026355363226097
2025-01-07,000708SZ,0.006153827407512062,-0.002621221447009384,-0.0026941965005808184,-0.012313218012355536,16.453023552851143,0.0027695566480465
2025-01-08,000708SZ,-0.01145888506201596,-0.007905149709283233,-0.0008996627399360957,-0.007104775661926648,16.20700401918845,0.0021655355518316
2025-01-09,000708SZ,-0.011591746189128704,-0.010638375346997981,-0.0054151150101431214,-0.009852338630087493,15.937424012300552,0.0016538198348246
2025-01-10,000708SZ,-0.0035938573865091795,-0.0026774055116472843,-0.014585443195856772,-0.020000570720421353,16.216049696304356,0.0021852131534488
2025-01-13,000708SZ,-0.021838943197616565,-0.008075403192836138,-0.005524975556269614,0.017296644908919145,16.21190907481848,0.0021761837187303
2025-01-14,000708SZ,0.018232025212998763,0.007181349003853568,0.019204980090643288,0.00808994214321081,16.372058336175954,0.0025541564940279
2025-01-15,000708SZ,0.005405462032804172,0.00624163924276654,0.001810002256479098,0.00624720980689971,16.020493957641225,0.0017970701037885
2025-01-16,000708SZ,0.019573598661644168,0.012367675645354842,0.016143786762398932,0.007975240897945558,16.134912354228764,0.0020149130177888
2025-01-17,000708SZ,-0.005300418452275035,0.006999131122406861,0.0017778032381972355,0.00966186526781565,16.030623185865725,0.0018153655419186
2025-01-20,000708SZ,0.015817592083431035,0.0034813006416259005,0.012356691343930184,-0.0017497259190095108,15.756093255602863,0.0013795493435661
2025-01-21,000708SZ,-0.0017452239218343287,-0.004353510846076791,-0.03844900615142981,-0.03203115971648824,16.746966675959836,0.0037159352414941
2025-01-22,000708SZ,-0.040094434974413416,-0.02921853347624542,-0.0009120080590408728,0.006309147104838968,15.84355458929995,0.0015056402588946
2025-01-23,000708SZ,0.01623126241712802,0.016926910438353288,0.015391930761188099,0.0008981299403641649,15.974898956570264,0.0017169725805519
2025-01-24,000708SZ,-0.004482387940395525,0.006164693298999571,-0.0026991013712441675,0.01867544373250495,16.41158522716766,0.0026571361934573
2025-01-27,000708SZ,0.019573615218186846,0.02770738651646893,0.022272648102913274,0.026088382981212598,16.95934442387961,0.0045951810289895
2025-02-05,000708SZ,0.03037105820174147,1.0237234785217359e-08,0.004395554638348909,-0.01557118260838435,16.445639793350143,0.0027491822188801
2025-02-06,000708SZ,-0.0129033632504236,-0.0025651685696042835,0.0017528977399205099,-0.001745232310207549,16.602020737962288,0.0032145405767187
2025-02-07,000708SZ,-0.00782274891742877,0.007675946585365817,-0.0017528990214873911,0.02330708353962744,16.723422909562416,0.0036294699785341
2025-02-10,000708SZ,0.018158772789369868,0.006773974176674497,0.020834184428772665,0.0008528512760448953,16.40356755779246,0.0026359173289723
2025-02-11,000708SZ,0.002567381302261577,-0.001689219594820823,0.0008586841059070389,0.0059499326319972035,16.237709454181037,0.0022330606576267
2025-02-12,000708SZ,0.004264415088582771,-0.0016920058012064724,0.0051370335997404275,0.0,16.049904814897808,0.001850708389537
2025-02-13,000708SZ,0.0033983971904543216,0.015126210677011077,0.006808456913355566,0.011794451651967014,16.419022941936436,0.0026769728944552
2025-02-14,000708SZ,0.010965977048952592,-0.0008343751483898092,-0.0008485354332899625,-0.0033556844344815305,15.884337715856589,0.0015683143195611
2025-02-17,000708SZ,1.1994538401624215e-08,-0.005020874444404613,-0.0008491833963267881,-0.0016820324990926218,16.116084630210914,0.0019773316834908
2025-02-18,000708SZ,-0.005046309807604803,0.023218261675977677,0.0016977447576230443,0.015037896134028617,16.741915957830216,0.003697214415605
2025-02-19,000708SZ,0.0109016001874845,-0.010712911420512596,0.004231945888685995,-0.016722846612424097,16.260383010477156,0.0022842704488425
2025-02-20,000708SZ,-0.006694605158762511,-0.01166677389945148,-0.004231956793804127,-0.002532718844717315,15.820859281221724,0.0014718541283803
2025-02-21,000708SZ,-0.0075853988101284835,-0.0033585365267766,-0.012804253929393371,-0.011904946366504856,16.215423430402595,0.0021838450572793
2025-02-24,000708SZ,0.07180904783345976,0.07061761182325109,0.037103769939337145,0.03941817994781854,17.620617126806057,0.0089020436659809
2025-02-25,000708SZ,-0.04757048818642628,-0.046520047471881563,-0.016694901578395413,-0.014078952994669458,16.845573096283356,0.0041010244944477
2025-02-26,000708SZ,-0.009124837341879804,0.03390159898034285,0.01005036830519675,0.040054418396240424,17.391440382920347,0.0070787980486311
2025-02-27,000708SZ,0.04002163472430516,-0.003179671083756087,0.02712863990061096,-0.009661923308850977,16.87662281103042,0.0042303576292863
2025-02-28,000708SZ,-0.010462871673658326,-0.01201459764207003,-0.014706162712714958,-0.014670127029390448,16.74151427876992,0.0036957296201388
2025-03-03,000708SZ,-0.009756214323230728,-0.003228458223340656,0.0008226771445111289,0.0008205732776274462,16.416575220069436,0.0026704284216712
2025-03-04,000708SZ,-0.004093354610530746,-0.009748245458171427,-0.0049463851565558995,-0.0057589431673042875,16.20984869346282,0.0021717045659276
2025-03-05,000708SZ,-0.002463971248276402,-0.007373999168859779,-0.014149148606557572,0.0016489165449977096,16.181492426802723,0.0021109880418512
2025-03-06,000708SZ,-0.0016460550823645577,0.004922106601224305,0.002511485017337881,-0.013267264439333543,16.612185855532402,0.0032473834044289
