Date,Stock,Open,High,Low,Close,Volume,Turnover
2020-03-13,002594SZ,-0.06320169444521069,-0.02032304631729242,-0.06561249419449865,-0.02396915759955934,16.863659791856705,0.0116361999115652
2020-03-16,002594SZ,0.0505588893989403,0.014583489241593044,0.02880751173206197,-0.031024350760174867,16.97750906359938,0.013039330299387
2020-03-17,002594SZ,-0.04907297042866398,-0.04221849554710494,-0.0378260392736803,-0.017388544295058074,16.703899963408634,0.0099180971590709
2020-03-18,002594SZ,-0.005396860094577346,-0.005290526924508792,0.0026949137013083865,-0.017696189890787705,16.65471907149555,0.009442116773825
2020-03-19,002594SZ,-0.02800567386190634,-0.04012108940516714,-0.042008194736438985,-0.012168273765566517,16.773328117177154,0.0106311592583664
2020-03-20,002594SZ,0.003639387525876929,0.005127649704387889,0.030017971598574587,0.019627258527281317,16.472563631343572,0.0078697377387602
2020-03-23,002594SZ,-0.03998560348724912,-0.038425250555708966,-0.07073129448113506,-0.08611075992226579,16.993605095816992,0.0132509100178247
2020-03-24,002594SZ,-0.019898127601167537,-0.018276136621157978,-0.010495417790237124,0.03228725430667231,16.819608342851698,0.0111347346457702
2020-03-25,002594SZ,0.04543970830069558,0.05689090529355349,0.07419830513029954,0.049048541418640235,17.17370102518389,0.0158657415769863
2020-03-26,002594SZ,0.018260952815470605,0.044089376937957794,0.01110578589375226,0.03849875767471102,17.19112633616741,0.0161446298683718
2020-03-27,002594SZ,0.05376640015176966,0.015643510039882257,0.053383637023800314,0.00916927752669966,16.935064751905855,0.012497465756094
2020-03-30,002594SZ,-0.007246429355319364,0.03039854471333202,0.00786758575549036,0.025947452348548047,17.29834755617738,0.0179718869701644
2020-03-31,002594SZ,0.03149870818291402,0.03753530642760401,0.010515066645672911,0.06457194103913341,17.35879023138587,0.0190916559621334
2020-04-01,002594SZ,0.05384477581449457,0.011106658040727068,0.027920431897086956,-0.049040299656742246,17.401995870157986,0.019934602064323
2020-04-02,002594SZ,-0.05490237516647913,-0.06751034431627799,-0.039711980241666764,-0.009855790241769935,16.951942160496248,0.012710180589662
2020-04-03,002594SZ,-0.0019418819925488874,-0.0019418819925488874,0.0020053468262634937,-0.027615134879461448,16.624825056666477,0.0091640312340929
2020-04-07,002594SZ,-0.0026542407476064012,0.005814397652390695,0.012487645751225872,0.02336128681231449,16.73814678565593,0.0102636436510192
2020-04-08,002594SZ,-0.011404267096102554,-0.01987290549609957,-0.010122983711608101,-0.01756004047219844,16.362392133184578,0.0070487706897478
2020-04-09,002594SZ,0.00017929622254129403,0.013174575273663138,0.009223354622587077,0.0055882045377185306,16.38758317695858,0.0072285920289865
2020-04-10,002594SZ,0.008386039161510254,-0.004609239889611696,-0.02552558271358824,-0.019055176447241338,16.377121502969025,0.0071533630466723
2020-04-13,002594SZ,-0.02792721056875818,-0.0060595441360926285,0.010653998361867112,0.021747814682635782,16.12281021989235,0.0055470779680813
2020-04-14,002594SZ,0.019361967453362314,0.036163455852601056,0.011806648768684022,0.03730215914818318,16.955979596309948,0.01276160086338
2020-04-15,002594SZ,0.06184664305095008,0.07296187541757004,0.05275473631617914,0.038290155796710273,17.22652746984636,0.0167264050817258
2020-04-16,002594SZ,0.012389271282857094,-0.01762510157165748,0.01141121027328823,-0.0026630506110924927,16.599499611278812,0.0089348622000266
2020-04-17,002594SZ,0.008285048863527343,-0.005233899322906053,-0.006285574127744306,-0.020202723172740016,16.55144897571815,0.0085156878122803
2020-04-20,002594SZ,-0.020000648473390756,-0.026251714630967142,-0.008901160508221397,0.0006800237626461984,16.17484869375764,0.0058433822160726
2020-04-21,002594SZ,-0.015267512390781628,0.004702694380448267,-0.006209082694784744,0.009135574425106862,16.488310919548773,0.0079946456751813
2020-04-22,002594SZ,-0.0017107975075563618,0.005347641981070054,0.001383198506566158,0.0008417079582170894,16.29859913940045,0.0066131509350839
2020-04-23,002594SZ,0.026862007445963832,0.009124908940941623,0.0027605373369162614,-0.020055048303708058,16.251060545653186,0.0063061265847178
2020-04-24,002594SZ,-0.022249417036473935,-0.0009913666530278256,0.007894311327003682,0.008206570173497962,16.40641956738418,0.0073660430980159
2020-04-27,002594SZ,0.005947839327640332,-0.02341642814163042,-0.028082996179276468,-0.02989944012035043,16.42435408444316,0.0074993412798812
2020-04-28,002594SZ,-0.03482505002960814,-0.025712704365030977,-0.03798377509775191,-0.0015801384940195592,16.35936835165395,0.0070274889373534
2020-04-29,002594SZ,0.020834084893669644,0.0317866766838532,0.0498679209905773,0.019144295491962678,16.6087445058459,0.0090178470662653
2020-04-30,002594SZ,0.010596540318576646,0.018829180081747658,0.016369725463059332,0.03339576537239052,16.890324077135254,0.0119506444697862
2020-05-06,002594SZ,0.009812305609653172,0.03120170240827225,0.010033228970556847,0.036183008835095884,16.943617730661924,0.0126048147423205
2020-05-07,002594SZ,0.045578418508084466,-0.0052938861774753255,0.014780398831484513,-0.03385151417920969,16.91700569122487,0.0122737989386558
2020-05-08,002594SZ,-0.03369645806212576,-0.02722932023031114,-0.011402018989247604,-0.0056715571207640765,16.646620161297157,0.0093659547445409
2020-05-11,002594SZ,-0.013735523275595832,-0.013981557739222614,-0.020271485778929347,-0.01550935249239691,16.756117044609475,0.0104497511871802
2020-05-12,002594SZ,-0.006769419086099825,-0.008754304942623558,0.0015475587383960222,0.004745718411480042,16.124432232354483,0.0055560826994885
2020-05-13,002594SZ,0.004067223364027606,0.010261768767398705,0.005141468451150936,-0.0023699781385018793,16.207974471233502,0.0060401905311504
2020-05-14,002594SZ,-0.0038973392615785063,-0.014328102176613759,-0.01637266025570145,-0.022453647370382517,16.272618889948223,0.0064435522572024
2020-05-15,002594SZ,-0.01902531545610129,-0.005447708971180108,-0.004353476569336237,0.004841866880705899,16.133733440876647,0.0056080020705206
2020-05-18,002594SZ,-0.006771497267189759,-0.0030775176986429682,-0.015831485851231047,-0.013721525181831402,16.148474505214793,0.0056912823096167
2020-05-19,002594SZ,0.010398724483467318,0.0034187984276574488,0.023654207689123845,0.017509346683009477,16.043585875015342,0.0051245716640847
2020-05-20,002594SZ,0.011996681332400014,0.02859737258417037,0.015805094373982725,0.01399334960435419,16.607937813718344,0.0090105753729873
2020-05-21,002594SZ,0.00696043222987189,-0.015543013889765396,-0.028701783227293602,-0.03202742878572634,16.300383040501913,0.0066249586720923
2020-05-22,002594SZ,-0.03354578600466927,-0.029051965649877214,-0.02666351837187688,-0.019970650171847883,16.02815584484808,0.0050461062786124
2020-05-25,002594SZ,-0.01996716107570904,-0.01961193728017092,-0.0036094561034278275,0.008885737437952498,15.602207902900064,0.0032958658550443
2020-05-26,002594SZ,0.01364922728014443,0.03184834942682918,0.026582718235170024,0.031007669130200956,16.08513527692563,0.0053419798895406
2020-05-27,002594SZ,0.04811916843809435,0.026537442741765886,0.004742199170008213,-0.016603684889817012,16.230945918270255,0.0061805484003551
2020-05-28,002594SZ,-0.03848279887046498,-0.029110283582163256,-0.011809461012722143,0.0027864173168708722,15.958223099065325,0.0047052747104051
2020-05-29,002594SZ,-0.0040184837650859406,-0.0036128575326827375,0.007243239055862974,-0.002089084763292263,15.62107282873179,0.0033586323111749
2020-06-01,002594SZ,0.010968996699931427,0.028376639220351326,0.011028456719121713,0.033082066466971684,16.58114591147021,0.0087723701378823
2020-06-02,002594SZ,0.031028733300069552,0.04086892654939815,0.024760587913820273,0.027767981232584303,16.819067687327074,0.0111287162167653
2020-06-03,002594SZ,0.020273219362696226,-0.018340232419605116,0.010138610393886473,-0.017368725431836294,16.481612853168052,0.0079412759406049
2020-06-04,002594SZ,-0.005112527424047105,0.0024540790195011516,0.0038594464247852654,0.0026662864175039346,16.154498262374975,0.0057256686790977
2020-06-05,002594SZ,0.008561076862895521,0.03342203917630044,0.010329964569334759,0.05046080933149745,17.075552241424703,0.014382517112236
2020-06-08,002594SZ,0.03226089954577462,0.008654061113052761,0.03453676331262515,-0.006827016274930634,16.647918401221222,0.0093781218978672
2020-06-09,002594SZ,-1.670301232055651e-09,0.009045627790326912,-0.012244429498306179,-0.012826844620148369,16.8209928452796,0.0111501613904042
2020-06-10,002594SZ,-0.01181554327727055,-0.03138320484702016,-0.01650761639099854,-0.014629629374619708,16.729451045097928,0.0101747805888705
2020-06-11,002594SZ,-0.006283757881726232,0.02811744354624671,0.013585564316685053,0.0280935639863133,17.13973880645756,0.0153359530907179
2020-06-12,002594SZ,-0.0076255275940388285,-0.03599843860257219,-0.014409893551538206,-0.021727771844021873,16.66557008722081,0.0095451312323827
2020-06-15,002594SZ,0.017756668132201288,0.031001591584130034,0.010173983118644493,0.017419796257127026,16.781362271018082,0.0107169156605748
2020-06-16,002594SZ,0.02058661796801257,0.009038518434720873,0.030232256191918022,0.023857705638393546,16.868732851481937,0.0116953810380969
2020-06-17,002594SZ,0.0031298584806236417,-0.005600568548903042,-0.01227210180830937,-0.0034407945214433313,16.44162151521571,0.0076299601262763
2020-06-18,002594SZ,-0.0031298177557126817,0.04065987788184545,0.009257903051599434,0.04458120057209966,17.12603667340531,0.0151272509112191
2020-06-19,002594SZ,0.04430188249069341,0.02835391731107063,0.052008081034778504,0.003738888947043557,16.871659808248538,0.0117296630609049
2020-06-22,002594SZ,-0.0013506118593138174,0.001454833541396113,-0.00015098639917040057,0.01422865981189049,16.780571127230907,0.0107084403919155
2020-06-23,002594SZ,0.014459513142175664,0.0470022750909519,0.01065352405650387,0.044189359291943606,17.06408521410445,0.0142185343833351
2020-06-24,002594SZ,0.050923313195052146,0.01336579122785262,0.05460137098494812,0.00966880577442925,16.779370202944,0.01069558808398
2020-06-29,002594SZ,0.005610291015904041,-0.008660248865944891,-0.006521900590162153,-0.015883194273199657,16.654450473863914,0.0094395809840425
2020-06-30,002594SZ,-0.0012597884708362354,0.005781623660344215,0.008075103735508241,0.017276558319240142,16.635233431082924,0.0092599120240722
2020-07-01,002594SZ,0.02489427569594023,0.035067864457480044,0.002255285633367047,0.009149223228123173,16.963774716088917,0.0128614678066862
2020-07-02,002594SZ,-0.007954077906345247,-0.011195678657738644,0.010782124178506157,-0.005118765393194311,16.859529011566174,0.0115882324637344
2020-07-03,002594SZ,0.009182721847795616,0.06159396620208841,0.019720793479551704,0.09581449773853706,17.63287003046693,0.0251116324999662
2020-07-06,002594SZ,0.07905574664472727,0.027838239589459315,0.05551080638637827,0.01909811978652954,17.63955114782467,0.0252799679757962
2020-07-07,002594SZ,0.06620722943026505,0.08129575267975217,0.07056746487496252,0.028280631616178952,17.64558505750525,0.0254329661469977
2020-07-08,002594SZ,-0.03383644579191577,-0.048857966664101214,-0.014673132759268523,-0.005544165035014961,17.268993226826375,0.0174520020321475
2020-07-09,002594SZ,0.009836790925778344,0.023685137581872125,-0.004898308956633468,0.01974584730507247,17.297293669067724,0.0179529566065537
2020-07-10,002594SZ,0.02057242485704882,0.06786434056660481,0.019330764747541567,0.05307505884961359,17.486997943050497,0.0217031865225775
2020-07-13,002594SZ,0.09189261565885623,0.058252520703493016,0.10549287706788935,0.09542253193470092,17.87184044880559,0.0318902910608331
2020-07-14,002594SZ,0.05565748215165539,0.00010220384928375527,-0.018702302651699722,-0.013057299331990378,17.792232134221358,0.02944998179664
2020-07-15,002594SZ,-0.009235655727864008,-0.006352577479848356,0.023027090775687663,-0.02228945819650586,17.464988778632122,0.0212307357049519
2020-07-16,002594SZ,-0.027169778914764565,-0.01856986063775219,-0.08602115323023127,-0.10536036950270883,17.83698624669939,0.030797927701134
2020-07-17,002594SZ,-0.12845962176250164,-0.1122486679795911,-0.06033814108734362,-0.04190047358813737,17.571719938304486,0.0236220616595245
2020-07-20,002594SZ,0.00815744781240549,0.04512391688014691,0.01905057165414879,0.06640664528726793,17.5724756254643,0.0236399192951692
2020-07-21,002594SZ,0.07145903427480282,0.022477835554612385,0.07174203257915669,0.010386414118780699,17.265480167127063,0.0173907996719137
2020-07-22,002594SZ,-0.044350707119564216,-0.02046421153684209,-0.025177495659982407,-0.010042320833933912,17.099795062772042,0.0147354506861112
2020-07-23,002594SZ,0.0006973445397061608,-0.0053788626543963035,0.0009351981931942175,0.019647336814538518,17.288537224686433,0.0177964388055104
2020-07-24,002594SZ,0.019789092694933664,-0.009709795860056568,-0.036653217660821295,-0.06709072313094339,17.456967505987958,0.0210611193599088
2020-07-27,002594SZ,-0.04998725367565757,-0.03392526965130053,-0.002427363755486817,0.004200192688182491,16.85003186497281,0.0114786982704626
2020-07-28,002594SZ,0.029268218848898617,0.016991161147987953,0.008469563627059739,0.004898308262850503,16.880132871051526,0.0118294714817384
2020-07-29,002594SZ,-0.03154611582143404,0.009646408401602599,-0.005799886665634788,0.035128376669046085,17.165479415071093,0.0157358343859428
2020-07-30,002594SZ,0.043569386524326056,0.0014845888513528541,0.021341262176266574,-0.02210421233762979,16.916059274195227,0.0122621883009186
2020-07-31,002594SZ,-0.023957539953971856,-0.011131063110356759,-0.010014584970878483,0.004459921057608655,17.058912776731237,0.0141451797764425
2020-08-03,002594SZ,0.005282795448237392,-0.0018479353012794547,0.011200064818301018,0.008744991099691927,17.137828391331777,0.0153066830208047
2020-08-04,002594SZ,0.017869966795373535,0.05071508650682261,0.028960398818872437,0.03266249111955803,17.455633339847918,0.0210330390629069
2020-08-05,002594SZ,0.02330314515410445,-0.02222315566030139,-0.0034589802851656424,-0.010277411058389568,16.74625007389759,0.0103471508027216
2020-08-06,002594SZ,-0.002137187982813192,0.006718886187978492,0.0048392084611788965,0.0071263322209547285,16.822843631281156,0.0111708170627608
2020-08-07,002594SZ,-0.01371815529319872,-0.009419087855743627,-0.03735572271066012,-0.03837341467690515,17.00676097078702,0.0134263891000114
2020-08-10,002594SZ,-0.04446723374674988,-0.05096126400451636,-0.0465256010814423,-0.04063642591126651,17.32710032417103,0.0184961290719008
2020-08-11,002594SZ,-0.02281482088528352,-0.0137276305784067,0.011804856926807349,-0.011902876635693995,16.765091452690378,0.0105439535968114
2020-08-12,002594SZ,-0.008830051104599116,-0.0147719119075639,-0.03137015893055775,0.01165872520334711,16.899464355151654,0.0120603774186255
2020-08-13,002594SZ,0.028177717249780573,0.021957688443772518,0.0399803983891224,-0.0019540307210582732,16.414562523811313,0.0074262693475736
2020-08-14,002594SZ,-0.01690865854198084,-0.014544504981341974,-0.02041522798857716,0.0014658334652627837,16.293177061030082,0.0065773909437917
2020-08-17,002594SZ,0.0012172412632124442,0.007719310809282232,0.016488314218546993,0.012012561558220104,16.52109071100791,0.0082610510127276
2020-08-18,002594SZ,0.02250454342335265,0.015985939297449014,0.006486249778114856,-0.00799811287855763,16.589819736869373,0.008848791101503
2020-08-19,002594SZ,-0.03156049286775712,-0.03455048518537212,-0.028268680599544658,-0.031391534168120364,16.7349569663995,0.0102309566416407
2020-08-20,002594SZ,-0.021858756219822424,-0.020292631789629072,-0.018018418823220275,-0.013906587958578123,16.313995602679825,0.0067157579447282
2020-08-21,002594SZ,0.0045100216137817,0.00796802055234688,0.010191068355106858,0.013152865724811797,16.217900170615465,0.0061004421772529
2020-08-24,002594SZ,-0.0012508300539653256,0.020133185944906665,0.009962823605048013,0.02310081952493783,16.647609281061282,0.0093752233791739
2020-08-25,002594SZ,0.013673286616459926,0.007265699236726349,0.010113050192175592,-0.0046763185313111405,16.48062785759344,0.0079334576695162
2020-08-26,002594SZ,0.012270205070053258,0.028898019408876825,0.014552105646367679,0.028575204061942687,17.27442166221689,0.0175469967035549
2020-08-27,002594SZ,0.053425211288360176,0.025918485901405493,0.03630643264994285,0.023575210630686322,17.03505419979308,0.0138116900180607
2020-08-28,002594SZ,-0.01749323982513752,-0.017165476924993903,-0.020034145815777612,-0.00035146605159776576,16.729883307222156,0.0101791797120987
2020-08-31,002594SZ,0.023486713803768832,0.024789041050154115,0.02215699133578998,-0.0032847999338660623,16.866333486795988,0.0116673531904809
2020-09-01,002594SZ,-0.0003448213434791819,0.05812770019103942,0.016706948407994495,0.09413439105596037,17.489016543560773,0.0217470408343578
2020-09-02,002594SZ,0.09730422101745519,0.026386740232757187,0.059813246116896715,0.008413697952203977,17.48877139907391,0.0217417103204561
2020-09-03,002594SZ,-0.03178905899774284,-0.008788453445310526,0.005659015776120343,-0.01830197970201392,16.931391865990687,0.0124516481809855
2020-09-04,002594SZ,-0.044921510986096945,-0.049215820194884685,-0.045853564962358484,-0.02826337258346344,16.9039181339892,0.0121142114682916
2020-09-07,002594SZ,0.007628475501071924,0.07350857247558922,0.015556661730713617,0.05132659034488088,17.52201689179838,0.0224766736269983
2020-09-08,002594SZ,0.06908223435665767,-0.016754969509194133,0.014436651801363111,-0.04060645212008238,17.137144936320798,0.0152962251653593
2020-09-09,002594SZ,-0.08564703067023897,-0.08009494731466323,-0.06655459491613613,-0.058394392293388185,17.07613685498394,0.0143909277853357
2020-09-10,002594SZ,-0.0019335298215774118,0.01869420795742797,0.02375520562992694,0.015954154839177247,16.88259567607684,0.0118586410696703
2020-09-11,002594SZ,0.0001139523988322212,0.010700113139163895,0.0036757177853370166,0.04430719690357126,16.819095815962452,0.0111290292567842
2020-09-14,002594SZ,0.038519976933375846,0.03620300853163246,0.04571709778704307,0.013730169193414427,16.913989744690724,0.0122368375803776
2020-09-15,002594SZ,0.02925038485683163,0.07391901339246895,0.023810638837575393,0.0924528862504523,17.867612498998177,0.0317557451356827
2020-09-16,002594SZ,0.06456503589689606,0.05840795662024481,0.0571583709335967,0.03813855581513872,17.705144263140404,0.0269937516593881
2020-09-17,002594SZ,0.050839529962192924,0.07214604879841001,0.06026810220419532,0.0963544160837508,17.91112732725434,0.0331680972297396
2020-09-18,002594SZ,0.07730490128512124,-0.008140758428180711,0.058636624417668884,-0.013459229589555964,17.652493070422437,0.0256092656479993
2020-09-21,002594SZ,0.01747955843378977,0.03687690256127772,-0.06636975456817011,-0.07976581008310889,17.88008006006278,0.0321541401809414
2020-09-22,002594SZ,-0.08544532922474748,-0.07543700006958769,-0.003167816860517102,0.013915066655443743,17.638573904278577,0.0252552753570233
2020-09-23,002594SZ,0.023202947553729533,0.0032482767750092213,0.021778295627139253,0.032157162559458725,17.43447747675866,0.0205927408230226
2020-09-24,002594SZ,-0.010328473477162082,-0.008867325860539385,-0.002731928680538946,-0.03946672781716629,17.0748628840768,0.0143726058346013
2020-09-25,002594SZ,0.00296201394112846,-0.0021834376565504836,-0.02106730075861184,-0.012302486744174354,17.286462707463297,0.0177595580536568
2020-09-28,002594SZ,-0.018751444785247734,-0.015512820040143736,0.017665686388355032,0.013054743019175197,16.849346959984356,0.0114708391440627
2020-09-29,002594SZ,0.022349221052160625,0.012959076219332575,-0.013339999871710813,0.013999193111396541,17.09596693348567,0.0146791493069137
2020-09-30,002594SZ,-9.192071075099511e-05,0.07661614192634904,0.02697122498047727,0.07402203925418831,17.596653145256514,0.0242184393340059
2020-10-09,002594SZ,0.12550979084448485,0.06476050351902257,0.10703978121325616,0.034512399594390106,17.831121028124034,0.0306178198226188
2020-10-12,002594SZ,0.005670358548505293,0.0226525240485846,0.010431969137588518,0.06618971136666135,17.770194371857592,0.028808069221635
2020-10-13,002594SZ,0.02787913231157033,0.021847516901506814,0.037079021254179244,0.006128974678897389,17.637421682987632,0.0252261924486028
2020-10-14,002594SZ,0.014428004483128252,0.0033308931362280615,0.02449758098360076,0.009162095967580188,17.2355784659848,0.0168784829042297
2020-10-15,002594SZ,0.04133295922500389,0.040071898232507376,0.024901965941803324,0.008167074067708854,17.49886651059128,0.0219623069164746
2020-10-16,002594SZ,-0.01527222289301953,-0.028575515380405293,-0.049399631274910774,-0.03009499008140588,17.530257373405398,0.0226626574930283
2020-10-19,002594SZ,-0.03500499522769327,-0.03064789591503295,0.010979577863910194,0.0030506025784816544,16.89564454797068,0.0120143969743713
2020-10-20,002594SZ,-0.014320811108086879,0.07792497216417531,-0.0015837668010518216,0.08779857723913179,17.795147388431772,0.0295359612467631
2020-10-21,002594SZ,0.08947180124187284,-0.004499556362187734,0.06139818162509572,-0.01739040009545474,17.44703538487203,0.0208529731439003
2020-10-22,002594SZ,-0.005522932261820747,0.037236505164839284,-0.01577549128019896,0.04560301798146045,17.56845201344827,0.0235449925319141
2020-10-23,002594SZ,0.03430966424183769,0.005364945712231899,0.03299253466454416,-0.03604048927693462,17.49441323412532,0.0218647201412072
2020-10-26,002594SZ,-0.039643396557895685,-0.02030354452238898,-0.025223931712780284,0.008471553438674244,17.241713186268512,0.016982345938641
2020-10-27,002594SZ,0.006717257809708188,-0.009495498163927729,0.020303302213512738,0.0028554256240527006,17.1961626226045,0.0162261439434108
2020-10-28,002594SZ,0.01509439547249514,0.0812705883038028,0.023213788935751926,0.07608678979252777,17.745043741504333,0.0280925635330563
2020-10-29,002594SZ,0.05846766392978408,0.08298528492334115,0.06198606943005603,0.04527000348777264,17.932055132894202,0.0338695470350015
2020-10-30,002594SZ,0.07856988489730622,0.021006060622273854,0.04164651100180154,0.008925887923333337,18.01425025501404,0.0367710708020686
2020-11-02,002594SZ,0.005671306623523312,-0.00914337920834813,0.04004339785929662,0.04992174346115399,17.776154075076445,0.0289802693890561
2020-11-03,002594SZ,0.06664944331157076,0.021689183661651,-0.005748375487804617,-0.023490582611569295,18.00761177462665,0.0365277752160393
2020-11-04,002594SZ,-0.029500802517457216,-0.012369717184601881,0.021204687331656705,0.023788264580649608,17.646211224006002,0.0254488964057361
2020-11-05,002594SZ,0.0467921370610286,0.08169872653302718,0.0479133312501672,0.09529394153049729,18.026292243101008,0.0372165444160921
2020-11-06,002594SZ,0.07960312343437735,0.07311438158189298,0.050682065914429975,0.029900776380261257,18.207075136491294,0.044591189765491
2020-11-09,002594SZ,0.011020878768447078,-0.026395126163977746,0.02324214874629062,0.002674406442073746,17.776354450899408,0.0289860769163199
2020-11-10,002594SZ,-0.02505029492416921,-0.035689018680273354,-0.040116202437961046,-0.04482322868690375,17.967100721892017,0.0350775695720455
2020-11-11,002594SZ,-0.054774997740000185,-0.02706450814372443,-0.07365566117321112,-0.10518999369012473,18.204606098944243,0.044481228247749
2020-11-12,002594SZ,-0.0516206802942119,-0.04837798409926308,0.008845717012478113,0.029851054208883034,17.887336160998846,0.0323883023965433
2020-11-13,002594SZ,0.06899288419932813,0.04909239300282498,0.04430486482100679,0.03806614526633018,17.92506212205453,0.0336335231422502
2020-11-16,002594SZ,-0.05111782175410361,-0.05953327145382617,-0.058153406009440876,-0.033999458164481994,17.809234096114306,0.0299549700048697
2020-11-17,002594SZ,0.014338607067408592,0.021230688574005178,0.005854410283881482,-0.017922309646892155,17.8557673107412,0.0313818113798003
2020-11-18,002594SZ,-0.044912934572921774,-0.03485078134186243,-0.013529064782258264,0.0,17.546091227970052,0.0230243506664442
2020-11-19,002594SZ,0.012699351048393724,-0.0028411856622063943,-0.016968986128313816,-0.0327459053640117,17.665773918931418,0.0259516469575345
2020-11-20,002594SZ,-0.02014198842869535,0.04938282508384479,0.0229296777450477,0.08557698079407182,18.074701185634936,0.0390624773639492
2020-11-23,002594SZ,0.07176256114741733,0.042959139348017275,0.05280238804747728,0.04519724132476018,17.91654378444823,0.0333482382341827
2020-11-24,002594SZ,0.08071216684994031,0.05248432688248589,0.04899213418091179,-5.428651920389265e-05,17.98488853303535,0.0357071051961807
2020-11-25,002594SZ,-0.046810590826843405,-0.017016653340610404,-0.0006088828878863593,-0.0035896956704528716,17.67383242510559,0.0261616233810608
2020-11-26,002594SZ,0.0033278766726675475,-0.0366573751549087,-0.05327693447354459,-0.042917265882800544,17.720585884065827,0.0274138138220027
2020-11-27,002594SZ,-0.04625823337327964,-0.038052723912893285,-0.011158281113080632,-0.00983101280341385,17.498060422423286,0.0219446104936791
2020-11-30,002594SZ,-0.021972599304320963,-0.006541847663519045,-0.01980153454490578,-0.01126377197253113,17.451023095537327,0.0209362947904063
2020-12-01,002594SZ,-0.016461212848960648,0.0014700576984532478,0.005945900295089566,0.026709623846986295,17.508293184779316,0.0221703173161786
2020-12-02,002594SZ,0.01412619329717438,-0.025752547913528382,0.005970115175390031,-0.040748981254228225,17.71221968218475,0.0271854210388474
2020-12-03,002594SZ,-0.007921427957114811,0.006702171423335778,-0.006209654247445303,0.007862968167612104,17.414412841467275,0.0201836726037869
2020-12-04,002594SZ,0.010839391210798235,0.02916842911456936,0.020394210622556835,0.004490418032014776,17.490518977551346,0.0217797388857123
2020-12-07,002594SZ,-0.0017496980837936485,-0.012040776367736813,-0.007599082812684938,0.0197616128894313,17.2880541731168,0.0177878442835107
2020-12-08,002594SZ,0.03892875743450189,0.0297796410441878,0.043903923698098195,0.015173252702044369,17.612668578581435,0.0246094307343737
2020-12-09,002594SZ,0.005040570380474324,-0.005343941326545906,-0.02116177845153397,-0.026937066460607235,17.26776372581114,0.0174305579627063
2020-12-10,002594SZ,-0.06342185275449173,-0.05314698533817146,-0.041183332053269545,-0.02170703520849726,17.427606938104987,0.0204517425192114
2020-12-11,002594SZ,0.008003686026756718,-0.01354813219356259,-0.01958576632222494,-0.014977076621174255,17.384700068803625,0.0195927816871672
2020-12-14,002594SZ,-0.015172117778225289,0.008993958347559356,0.0012277177987162287,0.018980375097931216,17.223790333494158,0.0166806852281046
2020-12-15,002594SZ,0.020472425642237498,0.024110069321140806,0.033185537818826126,0.026095990295768957,17.405171788308156,0.0199980133718505
2020-12-16,002594SZ,0.033215939132012526,0.009381586343981202,0.014142693738651575,-0.016331961869287797,16.985842400357843,0.0131484454496706
2020-12-17,002594SZ,-0.027768270048605135,-0.021566382747906336,-0.011120568816721433,-0.0004654537994186803,16.758752030932605,0.0104773224490897
2020-12-18,002594SZ,0.00768170972468784,0.040569924532894625,0.012991499095738018,0.024211298401712145,17.704234454924027,0.0269692036905004
2020-12-21,002594SZ,0.02292354421488838,0.07233740508487449,0.024689660775089908,0.0953101156436992,18.016910658481326,0.0368690269314324
2020-12-22,002594SZ,0.08926568472412492,-0.003207645271423233,0.04544722586370467,-0.050858422115277656,17.887627268409275,0.0323977322440256
2020-12-23,002594SZ,-0.04824878890790811,-0.011360763332833534,-0.00381865960336178,0.015049193730110176,17.56989554987942,0.0235790051305083
2020-12-24,002594SZ,0.006018119650933598,-0.030869905924141013,-0.016310691513876145,-0.02049875838013431,17.075349999323866,0.0143796086557643
2020-12-25,002594SZ,-0.009122610489567256,0.0061968574468877664,0.00609246269626283,0.012058076485905005,16.86634967009389,0.01166754200827
2020-12-28,002594SZ,0.0053317003500346054,0.02241687244779156,0.008248721704372582,0.014525318472433307,17.227925849599913,0.0167498113102977
2020-12-29,002594SZ,0.00918161087004859,-0.02322302916416356,-0.022933659102069473,-0.05092099308750205,17.402295905891766,0.0199405840548072
2020-12-30,002594SZ,-0.029129729397120566,0.03148834415855055,0.012252420222943955,0.040598083420240565,17.74818110815509,0.0281808386099844
2020-12-31,002594SZ,0.04438922514033683,0.020012093796945997,0.019730995942405294,0.0436567524426849,17.737720361334546,0.0278875824994609
2021-01-04,002594SZ,0.0007409197667058065,0.07536911979301592,0.015241898828269939,0.062155209443947756,17.89220293303548,0.0325463130727384
2021-01-05,002594SZ,0.08612917454746921,0.04658672852888895,0.07672742982809017,0.06161421686236636,17.814272533282605,0.0301062770974507
2021-01-06,002594SZ,0.06447781003513686,0.004284930973313238,0.04826906553275444,-0.01650655794234418,17.587471520991752,0.0239970924357199
2021-01-07,002594SZ,-0.014301681403001603,0.027260324500449247,0.010323838975908248,0.039611757161077295,17.573455497595365,0.0236630947464433
2021-01-08,002594SZ,0.07298615128210052,0.025939608431575292,0.029894216130680194,0.010916095438744501,17.569143439809206,0.0235612777901801
2021-01-11,002594SZ,0.00680082319949983,0.04457045957887248,0.04552679156573497,0.03179540802247477,17.7937981003573,0.029496135599917
2021-01-12,002594SZ,-0.01196427367458947,-0.021661420572656135,-0.048703485628953345,0.009028451003792707,17.583950888305,0.0239127560316219
2021-01-13,002594SZ,0.026395717846973796,0.04138409664907913,0.04310302622506616,0.009700026582815829,17.68743605636771,0.0265199481997056
2021-01-14,002594SZ,-0.02553336577416338,-0.059482322206817435,-0.03252292276509183,-0.06629527240983125,17.613143582310233,0.0246211230827331
2021-01-15,002594SZ,-0.044059961407273335,-0.028125945799187396,-0.026617149505404364,0.005566112074621777,17.44530451613714,0.0208169106024664
2021-01-18,002594SZ,-0.009049811389654777,-0.021726513556932114,-0.0011091611956306718,-0.015708837965384668,17.0880762950359,0.0145637772209441
2021-01-19,002594SZ,0.00932005225297427,0.0053428248327432116,-0.012563555943040266,-0.02507613555532569,17.134232224589393,0.0152517364920592
2021-01-20,002594SZ,-0.00977474486624858,0.004872673371402234,0.020623085860440298,0.026473480743281052,17.45677701602444,0.0210571078100373
2021-01-21,002594SZ,0.00045469304480418694,0.05710934208740989,-0.005519508900101333,0.05911848830606448,17.885750046627805,0.0323369715628307
2021-01-22,002594SZ,0.06901713702727064,0.016802952472088534,0.06560168093896082,0.030936328041938174,17.5623918798331,0.0234027382033358
2021-01-25,002594SZ,0.044717295219844015,0.0761900873883231,0.05663513202007807,0.06794943440926575,17.839770492235875,0.0308837961793985
2021-01-26,002594SZ,0.04171407771703593,-0.0013700936878397521,0.024154895346495616,-0.022481606042685152,17.490685153046787,0.0217833584454367
2021-01-27,002594SZ,-0.026815460036063103,-0.012068356033370468,-0.06795749267670846,0.010876085250557605,17.769349003482173,0.0287837260814016
2021-01-28,002594SZ,-0.017051034032531647,-0.027114253129943765,0.03552349952066742,-0.050433565051901566,17.301238285847425,0.0180239140004623
2021-01-29,002594SZ,0.01224339162462288,-0.008231760206850782,-0.02281141696938477,0.010745863747579517,17.329985135512636,0.0185495639541354
2021-02-01,002594SZ,-0.01619477825106487,-0.0011987012105271983,0.006295836125730363,-0.00044553812794719265,17.088095893816263,0.0145640626560231
2021-02-02,002594SZ,0.02817074910512125,0.06900605041908522,0.046995240731834066,0.08017654764337227,17.66799580822239,0.0260093727516328
2021-02-03,002594SZ,0.061931103647513724,0.019839313713633847,0.03837596773079594,-0.01696541100709039,17.463644915642888,0.0212022236666893
2021-02-04,002594SZ,-0.038400467870455895,-0.03151145508645502,-0.019238773838737656,-0.011857098798755622,17.250629089998945,0.0171344359073186
2021-02-05,002594SZ,0.015384941085391018,0.01271652815616745,-0.03118537179545773,-0.04284399945273233,17.687857828332373,0.0265311359297629
2021-02-08,002594SZ,-0.05093169530767638,-0.058720737974607466,-0.030729964379390965,0.004807740746787078,17.433059893498843,0.0205635695787943
2021-02-09,002594SZ,0.016371895829657014,0.023594780290602968,0.03072997699635404,0.026815460300688276,17.43972959017771,0.0207011807564753
2021-02-10,002594SZ,0.030735639488900478,0.04395812163051425,0.021978830551096402,0.037985259611076835,17.550650121213064,0.0231295558530352
2021-02-18,002594SZ,0.029670335906124952,-0.0066726909498351535,0.00916734428701214,-0.030272007778780106,17.671271291426784,0.0260947056940625
2021-02-19,002594SZ,-0.05331937716471005,-0.04254976402570292,-0.03832339957893813,-0.006352284452859283,17.459881621767693,0.0211225834149732
2021-02-22,002594SZ,0.0066471823589004065,-0.00388864066310755,-0.025888746936477063,-0.07180011747805873,17.57001608224489,0.0235818473351242
2021-02-23,002594SZ,-0.11122343456713013,-0.08808168313848783,-0.07162145317301102,-0.06253658844326973,17.67941465687915,0.0263080720042129
2021-02-24,002594SZ,-0.02019467434330926,-0.02774062824184128,-0.09056588136361521,-0.07381395499835995,18.02983602024979,0.0373486655233186
2021-02-25,002594SZ,-0.04188734267864419,-0.05734622539990377,0.010747537747849303,0.0012432933285721434,17.425163427535576,0.0204018294752139
2021-02-26,002594SZ,-0.09355051071483343,-0.056463653105782864,-0.05904657583723636,-0.05895623562773141,17.73473959745194,0.0278045799660606
2021-03-01,002594SZ,0.022642374338106317,0.03369066876735276,0.017880322866194745,0.06681058571903181,17.609410890065693,0.0245293913152261
2021-03-02,002594SZ,0.06570384079983514,0.022541284565489473,0.03834397866422803,0.002367968642933078,17.47374614837033,0.0214174776026326
2021-03-03,002594SZ,-0.045998714122814914,-0.025816896770921045,-0.01596332984343746,-0.007835626242327998,17.085314488546757,0.0145236103770405
2021-03-04,002594SZ,-4.978548464180632e-08,-0.02503745216852328,-0.02339379885359254,-0.05512729500555517,17.361817644154257,0.0191495418648833
2021-03-05,002594SZ,-0.0899248250600388,-0.027633453455688635,-0.058011611619594554,-0.010788581702792175,17.297732011758153,0.0179608278791272
2021-03-08,002594SZ,0.046915514188889514,-0.010986719550402035,-0.05209063847945659,-0.10537734002733275,17.89529672583128,0.0326471605435111
2021-03-09,002594SZ,-0.13012529257799524,-0.09972882595355365,-0.08684168939721744,-0.034832769728511084,17.908529174842585,0.0330820333085003
2021-03-10,002594SZ,0.043081490461244216,0.018198475186027647,0.08145173245240014,0.037432223540131565,17.580209614984476,0.0238234590198173
2021-03-11,002594SZ,-0.017089643031540556,0.01700868758881337,-0.009603306046695423,0.032099613013273215,17.42054065789384,0.0203077341727496
2021-03-12,002594SZ,0.05079297763075415,0.016032916295427028,0.027197016793459834,-0.007075411937246502,17.222849806355814,0.0166650039659244
2021-03-15,002594SZ,-0.04179161719206289,-0.03789185125655611,-0.0393325629603077,-0.041698535579125964,17.201940773091152,0.0163201724419204
2021-03-16,002594SZ,-0.005447407947207642,-0.010552626850535997,0.007933595290038517,0.0126025531619576,16.796415497896927,0.010879460172105
2021-03-17,002594SZ,-0.0202509682643968,0.00484582793195459,-0.010961400057611453,0.0023206609434432905,16.877523381317445,0.0117986428369164
2021-03-18,002594SZ,0.027041692284317853,0.0036606468223753666,0.03326383662033415,0.009397183739646797,16.81655062025215,0.0111007397143375
2021-03-19,002594SZ,-0.03292032829081321,-0.029552794914863352,-0.04393396828516267,-0.04232838939450699,17.0667653987052,0.0142566937960066
2021-03-22,002594SZ,-0.0038802906035639837,0.000627102087896728,0.0020608205496776637,0.015364951051358301,16.73696595279294,0.010251531155474
2021-03-23,002594SZ,0.019935816096093684,0.00398117356307962,-0.022063754584482738,-0.028183971388851748,16.936327942016053,0.0125132624069232
2021-03-24,002594SZ,-0.04544255111671358,-0.04018833482743662,-0.02619710434526814,-0.03756735760204288,17.027439549361894,0.0137069182290267
2021-03-25,002594SZ,-0.06765873458562592,-0.034810797222837316,-0.04030773767487483,-0.009508111294177167,17.058847358841067,0.0141442544588559
2021-03-26,002594SZ,0.03756558697955454,0.05098723972211917,0.04584770457815234,0.05895917365310898,17.307554627399977,0.0181381195016701
2021-03-29,002594SZ,0.04204579174840792,-0.008876433954981177,0.011596237982659994,-0.0170459505332671,16.97135563110577,0.0129593400170325
2021-03-30,002594SZ,-0.054452827650325886,-0.008719213901907252,-0.035199628382796326,0.005339672103685515,17.33872174626982,0.0187123342740743
2021-03-31,002594SZ,0.049736263229259454,0.021309824506817492,0.02151421712058709,-0.0269273482273428,17.111914078204578,0.0149151163334887
2021-04-01,002594SZ,-0.0071766290516130085,-0.004295642788436501,0.02700648690405686,0.02734152673262302,17.2165672964033,0.0165606341048158
2021-04-02,002594SZ,0.01764107135612053,0.0359935644018733,0.00935671083190864,0.03943212768824227,17.369520610433003,0.0192976197315905
2021-04-06,002594SZ,0.03341405459055354,0.005819217165757506,0.02472444311170121,0.0012501437034525482,17.05775073806973,0.0141287520766865
2021-04-07,002594SZ,0.001977557715265112,-0.006492894433138808,-0.01928201888774362,-0.029390171467393478,17.15378059983883,0.0155528163946595
2021-04-08,002594SZ,-0.04709799936148232,-0.03764954863045908,-0.014140756216615051,-0.0029870620841626525,16.5883684314796,0.0088359581170254
2021-04-09,002594SZ,0.01701411152688735,0.0034924216437921705,-0.006724350107005971,-0.022302247274764864,16.835914858530902,0.0113177918360682
2021-04-12,002594SZ,-0.030537144777042703,-0.015871973529150027,-0.02069453354761524,-0.01974739256721674,16.81756286794808,0.0111119821021759
2021-04-13,002594SZ,-0.019685048332054384,-0.010444515169694687,0.005397428964578593,0.0033590459743821693,16.56766025670076,0.008654863085858
2021-04-14,002594SZ,0.021303162713262297,0.019904340589088337,0.021303162713262297,0.04144371300952371,17.20156540122956,0.0163140474578473
2021-04-15,002594SZ,0.008942017826348838,-0.013837950734741493,-0.02118074162875954,-0.03246021455868522,17.02433564293849,0.013664439195354
2021-04-16,002594SZ,-0.018569097324067238,-0.013431126829600288,-0.019578880935720706,-0.0011488731549629907,16.97080505677083,0.012952206900553
2021-04-19,002594SZ,-0.002421187719798051,0.0617553249341691,0.023729223755595125,0.06300612371442287,17.742127570918033,0.0280107601582468
2021-04-20,002594SZ,0.05884035194985053,-0.011363906723397958,0.03353998373761593,-0.02770209765326437,17.44165530309287,0.0207410836971531
2021-04-21,002594SZ,-0.03488712796160182,-0.02552284765956312,-0.015492095319781745,-0.015596272210924838,16.953128126679136,0.0127252633767443
2021-04-22,002594SZ,0.00589970324996724,0.006951567129544826,0.00029905138338342136,0.0007115754302492638,16.79870683320629,0.0109044172462025
2021-04-23,002594SZ,-0.016727311271135338,-0.002331146181266651,-0.005697225955191142,0.0031957006976829462,16.945896094610717,0.0126335658393629
2021-04-26,002594SZ,0.016727296830218685,0.009408145006250876,0.00587659250071758,-0.010393668286673822,17.279726900566974,0.0176403350785662
2021-04-27,002594SZ,-0.0238106213785579,-0.03290544558791094,-0.02328852662049201,-0.015401537742967293,17.056692618581952,0.0141138100747978
2021-04-28,002594SZ,-0.006891188405399282,0.0067869162778672765,-0.0026963645908353933,0.0033893759739452066,16.89930860660147,0.0120584991785123
2021-04-29,002594SZ,-0.011346470051321096,-0.02165201172749865,-0.0046747285222599015,-0.015527846532493006,17.13279738647322,0.0152298684107405
2021-04-30,002594SZ,-0.009306856911408186,-0.016690885546613167,-0.034433027849911084,-0.02724711552585366,17.398749318285265,0.0198699882856118
2021-05-06,002594SZ,-0.028197468690906516,-0.03258433630095469,-0.043761731064222924,-0.05556090707713597,17.56067130941948,0.0233625067638728
2021-05-07,002594SZ,-0.05822305420074599,-0.04587714064214583,-0.045067079558493345,-0.0411692701707964,17.447767780937212,0.0208682513739574
2021-05-10,002594SZ,-0.02855681655199045,-0.010794338089147858,-0.0136926596498448,0.02096650159078761,17.076444451498222,0.0143953550656027
2021-05-11,002594SZ,-0.0017382108978383534,0.002759857363263288,-0.0033284925960116022,-0.002997689398733074,17.110013089696004,0.0148867898004225
2021-05-12,002594SZ,0.031239687032433603,0.04109089149144697,0.05042034843826106,0.047762911567492704,17.46528308245134,0.0212369849112546
2021-05-13,002594SZ,0.016655441997676483,-0.026145221536251758,0.0020215070010255057,-0.031318504095863654,16.872789851324256,0.0117429255782479
2021-05-14,002594SZ,-0.019086495177859594,0.020321957099180395,-0.015261246926567325,0.030016765231839874,17.217636408465808,0.0165783487468717
2021-05-17,002594SZ,0.04965909683430566,0.043056996792174514,0.05414276081287506,0.0399018846047954,17.407335379099823,0.0200413277310057
2021-05-18,002594SZ,0.02897838810197159,0.005702242911294427,0.015610808647530377,-0.006782257870708843,16.78567950621758,0.0107632831260869
2021-05-19,002594SZ,-0.000625334858256991,0.07269417443533281,0.01894225007750093,0.08500339226952246,17.903989417204393,0.032932189277736
2021-05-20,002594SZ,0.061249859796064905,0.020253271416433287,0.05606673202992917,0.0009256301985702259,17.72731051851976,0.0275987829304407
2021-05-21,002594SZ,0.023314317410929,0.0024188507865847203,0.005896260486886097,0.00150226806092929,17.326953066124982,0.0184934055685267
2021-05-24,002594SZ,-0.012141585543437174,-0.01408831053487358,-0.0007057309882685053,0.001557748661874427,17.11770818838334,0.0150017870113077
2021-05-25,002594SZ,0.017814882727388966,0.01414452154592183,0.015875223706128507,0.017429541954650855,17.316622291822245,0.0183033378276825
2021-05-26,002594SZ,0.016997484614234584,0.036299341711123166,0.018927935802043987,-0.0019848728141492644,17.358143842466504,0.0190793193144759
2021-05-27,002594SZ,0.005602287017928996,-0.02690550206072464,-0.008559221926410898,0.007239465818549749,16.968358155299793,0.0129205528680269
2021-05-28,002594SZ,-0.008696912565569915,0.029178406231289342,0.008956974574730516,0.023558026969327427,17.4296526726837,0.0204936241819839
2021-05-31,002594SZ,-0.012418303146121608,-0.03235567496969073,-0.03402502298957038,-0.016538447931850647,17.594123694812122,0.0241572574014276
2021-06-01,002594SZ,0.019605729444796233,0.06374957354634968,0.04901962634621767,0.058469571228237135,17.754378258590908,0.028356021767215
2021-06-02,002594SZ,0.06114786499666304,0.004964205881486281,0.03556009857008154,-0.015746660666466537,17.19769381138315,0.0162510082649101
2021-06-03,002594SZ,-0.018056832611697854,-0.02293508467003578,-0.027480076733608066,-0.014039222236455179,17.037583586326,0.0138466693416515
2021-06-04,002594SZ,-0.027105835871889684,0.023716477776567668,0.0018852392117347594,0.029469001264741126,17.280772598509014,0.0176587911893087
2021-06-07,002594SZ,0.05041197295126466,0.0045210684731477584,0.03526709722408892,0.0050034453625834325,17.052297143245145,0.0140519093095835
2021-06-08,002594SZ,0.01558471612867028,0.06391618687423609,0.03287605572491681,0.0634050383469084,17.839501627044882,0.0308754937176633
2021-06-09,002594SZ,0.0448550934945464,-0.010266522577215992,0.019320616452922865,-0.004001834919433475,17.27042508910241,0.017477008795137
2021-06-10,002594SZ,-0.004198027131558117,0.05984385461088733,0.019999622936481772,0.05822219009088232,17.601971088716112,0.0243475746909289
2021-06-11,002594SZ,0.05886171028597692,0.06235200440566901,0.05365866274980123,0.05854823383953288,17.80465222173593,0.0298180340440196
2021-06-15,002594SZ,0.07737563826742884,0.03356805558198407,0.058558804326785605,0.023077564222447097,17.763095205688177,0.0286042801693461
2021-06-16,002594SZ,-0.024217632887379922,-0.026159218156316368,-0.06527697532109024,-0.09625764606544833,17.939698525937445,0.0341294171790673
2021-06-17,002594SZ,-0.06886640487073045,0.0018975647962071692,0.0008066739557227349,0.09531022663246198,17.76671117946319,0.0287078997281871
2021-06-18,002594SZ,0.11216327700259744,0.08352985851224196,0.10704293185972306,0.05408991681474141,17.86188265660867,0.0315743100116553
2021-06-21,002594SZ,0.032844497336808505,-0.01099881348105486,-0.01079745433367538,-0.009926668814311767,17.577934018090062,0.0237693080654408
2021-06-22,002594SZ,-0.0036148892670859896,-0.010311032378411421,0.016534212884789977,-0.019565206610870148,17.270021476948298,0.0174699562850821
2021-06-23,002594SZ,-0.04202293346956191,0.01127232958559043,-0.014941523692912953,0.022528953273190738,17.490546151516053,0.0217803307356245
2021-06-24,002594SZ,0.04612977935945556,0.008252459724717562,0.03249839434237278,0.0065138729383129,17.256841857476218,0.0172412195443752
2021-06-25,002594SZ,0.012220058055934556,-0.012826599027718124,-0.009117991345195727,0.0004082348893150254,17.2049806766307,0.0163698596775092
2021-06-28,002594SZ,-0.008170896368068866,0.0251770533589867,0.022928442999174074,0.0346591399938194,17.363033770733576,0.0191728442988811
2021-06-29,002594SZ,0.04941383077247904,0.0178784383125546,0.026261800774140722,-0.0013019871628292131,17.23735187958651,0.0169084419934437
2021-06-30,002594SZ,-0.029170385596263348,-0.012013375739007282,-0.016129413938549296,-0.009121661932508811,17.166842817897088,0.01575730329983
2021-07-01,002594SZ,0.00399208536069828,-0.01571735180424856,-0.0431959941575073,-0.059081897699567426,17.559358385084003,0.0233318536864687
2021-07-02,002594SZ,-0.07441455647541863,-0.03629437710210545,-0.028894012455044145,0.010259825607267403,17.437876582091302,0.0206628568183618
2021-07-05,002594SZ,0.012962824738093954,0.02634399989819759,0.02876662871659967,0.043028458845599075,17.296446508746833,0.0179377540140321
2021-07-06,002594SZ,0.07726235022615847,0.04313613160007957,0.022788852007596592,0.0037996711931889138,17.76273990279558,0.0285941187909555
2021-07-07,002594SZ,-0.04409533840706958,-0.00931451925133461,-0.0004980475882960018,0.018157470642899614,17.469763809975785,0.021332355561944
2021-07-08,002594SZ,0.03622122244852294,0.011304737224222951,0.04163194765955832,-0.012346079295172202,17.489047820232898,0.0217477210200778
2021-07-09,002594SZ,-0.008414732083451552,-0.02536291788477805,-0.037489137478339665,-0.012540598458846551,17.412677602529932,0.0201486794777261
2021-07-12,002594SZ,0.009599800920071398,0.06791772216419127,0.03900122243708911,0.06856945068008528,17.84096418993181,0.0309206841085365
2021-07-13,002594SZ,0.0507621420808259,-0.01172055619309278,0.03408447055868404,-0.005192070462481771,17.138075614673212,0.01531046765807
2021-07-14,002594SZ,-0.020816312083463295,-0.032901128674741355,-0.06026925782345508,-0.0776660162663851,17.93082841818928,0.0338280242364482
2021-07-15,002594SZ,-0.08805687519471328,-0.06919815434335921,-0.06317892142506228,-0.03691591674403196,17.82628994367519,0.030470259272486
2021-07-16,002594SZ,-0.013691493727014004,-0.03255021457836821,-0.03978073884370829,-0.05871216853503777,17.845745822474804,0.0310688895100662
2021-07-19,002594SZ,-0.06914450673384144,-0.016077762118697613,-0.030921648241074875,0.004699033704659539,17.432322525946976,0.0205484122583741
2021-07-20,002594SZ,2.0683663234743727e-08,-0.010965518653422499,0.022196993568728483,0.015638139309991864,17.021299805896906,0.0136230190871773
2021-07-21,002594SZ,0.04965563501671234,0.06548872194725681,0.048548930521941286,0.05860063689650702,17.66886832073829,0.026032076158434
2021-07-22,002594SZ,0.06326717570855923,0.01800098108007101,0.043224217735284294,0.03154143223089967,17.43924672143776,0.0206911872161196
2021-07-23,002594SZ,0.004617846401352496,0.049126114338861555,0.02023772270180944,0.03829950598167224,17.64537355582058,0.0254275876005005
2021-07-26,002594SZ,0.012610016093001348,-0.008663494465044632,-0.01674637550342483,-0.03994778723384321,17.515399806254333,0.0223284345474418
2021-07-27,002594SZ,-0.018446654031091178,-0.0071866655461754305,-0.015934701194448717,-0.040394542474533696,17.447044783730696,0.0208531691389739
2021-07-28,002594SZ,-0.0672956615816032,-0.0672825481251636,-0.05730220098300834,-0.00930122550190628,17.318658568221718,0.0183406464561051
2021-07-29,002594SZ,0.07110952493237921,0.0650308378501136,0.08071900226109001,0.08390580840033988,17.574035144130317,0.0236768149536904
2021-07-30,002594SZ,0.04066964558405237,0.04186296684787773,0.037624315356712096,0.028780741790641426,17.63978154856192,0.0252857931702216
2021-08-02,002594SZ,0.07058572731233374,0.08183587800429323,0.08062518383847303,0.09530673508172705,17.946281934035262,0.0343548462958711
2021-08-03,002594SZ,0.08004281677691785,0.026502075002466007,0.006237556986542996,-0.03886626968430773,17.706000461288,0.0270168735570787
2021-08-04,002594SZ,-0.054961403159615056,0.029948265821011375,0.02509947780303783,0.09531661050778516,17.793894922151566,0.0294989916070028
2021-08-05,002594SZ,0.06162804236498228,-0.005990129505582958,0.04462753857971823,-0.02841106718938212,17.423242102227015,0.0203626685553215
2021-08-06,002594SZ,0.039587382249052616,0.03594035471641097,0.012729824602988262,0.013829378953671265,17.630199152213454,0.0250446518737049
2021-08-09,002594SZ,-0.05922782460526074,-0.0647696370193629,-0.05332302559434622,-0.03326779614993067,17.34662681496067,0.0188608427778445
2021-08-10,002594SZ,-0.004893342757795821,0.016374933603158125,-0.003539852483412676,-0.005294164436037285,17.315150088479193,0.0182764114171699
2021-08-11,002594SZ,-0.015655455060281934,-0.01157827180616087,0.014643932997665744,0.010187518274554865,17.088851689066942,0.0145750742665636
2021-08-12,002594SZ,0.01374595168253444,0.047541753144460776,0.011155052229287378,0.04633519186332535,17.460383237985315,0.0211331815035136
2021-08-13,002594SZ,0.03356034226238637,-0.0028119123108452087,0.029353912694235637,-0.02942733718848877,17.02193506591929,0.0136316759963413
2021-08-16,002594SZ,-0.020000841782740187,-0.05087250544982717,-0.04457089093114046,-0.049957593901254975,17.233456955143765,0.0168427129751591
2021-08-17,002594SZ,-0.04669632124827487,-0.022128528792527486,-0.024868032859807036,-0.01799552505263576,17.118942250859384,0.0150203115823013
2021-08-18,002594SZ,0.006891078274226339,-0.008330551377560487,0.0006833348737454873,0.011880332198703498,16.914354455313354,0.0122413012991653
2021-08-19,002594SZ,-0.006150471896179532,0.03609975616873305,0.0013649914496177838,0.0348505190922475,17.403662635724338,0.0199678560791678
2021-08-20,002594SZ,0.018650432955661423,-0.017154328496742473,0.012237765981607815,-0.029821934073637785,17.023014810894495,0.0136464026796985
2021-08-23,002594SZ,-0.026294376863447624,0.0028568016225371524,-0.02313815124023414,0.016385944387676085,17.202699883329252,0.0163325659557542
2021-08-24,002594SZ,0.03932322734085081,0.025351779130329034,0.05128424103513564,0.028741090451363662,17.127508971603387,0.0151495391397237
2021-08-25,002594SZ,0.0169664040974982,-0.007311489902391575,0.0032699698666056607,-0.006897135410973062,16.70112317576381,0.0098905949095112
2021-08-26,002594SZ,-0.0026898121863531015,-0.003441406841296072,-0.029644588314844424,-0.04735626418917388,17.087667779634092,0.0145578289084867
2021-08-27,002594SZ,-0.055413137647407434,-0.009213259025918503,-0.00888899301949705,0.019802560512198066,17.084658534030737,0.0145140866727625
2021-08-30,002594SZ,-0.01271445430514553,-0.02750042621972747,-0.021807633969487115,-0.021680580010971905,17.551016766334516,0.02313803774688
2021-08-31,002594SZ,0.033459356274107094,-0.0038964214698991645,-0.027420249878114908,-0.01778314865335272,17.31101261407964,0.0182009494491626
2021-09-01,002594SZ,-0.03504643992628989,-0.03155074752366265,-0.03415369878480119,-0.039393978443254644,17.174754159044554,0.0158824591286117
2021-09-02,002594SZ,-0.036731371088252855,-0.02174794593737838,0.01960471287775996,0.0026251990624248855,16.620351297145064,0.0091231251298978
2021-09-03,002594SZ,-5.175876883367722e-08,-0.003646495888990928,-0.047953180066953933,-0.04948146362054371,17.175761423464788,0.0158984650248856
2021-09-06,002594SZ,-0.02664293139928132,0.02909304582294427,0.03376853172993684,0.08841408896218168,17.498846726419995,0.02196187241472
2021-09-07,002594SZ,0.06553809366877981,0.007534192102989518,0.05363218974735437,-0.005961542272216213,16.84870016390608,0.0114634222488007
2021-09-08,002594SZ,0.0010799509972098376,-0.006531254442082872,-0.017199931446709865,-0.023317574512674803,16.720103327342564,0.0100801127599519
2021-09-09,002594SZ,-0.021459172738933854,0.0010736463393917082,-0.010516282839744467,0.007833092578715782,16.889390298202812,0.0119394904177555
2021-09-10,002594SZ,-0.0010667798295167996,-0.025539736846931293,-0.011959774526159336,-0.022706280400336874,16.988373312964576,0.0131817651642724
2021-09-13,002594SZ,-0.01251787072680672,-0.002020218124623347,-0.013261653610792791,-0.016130398491612356,16.876523889407174,0.0117868560796625
2021-09-14,002594SZ,-0.026203883067324116,0.014672323394463192,-0.008213229311495106,0.029667394681677083,17.384169661706995,0.0195823922919728
2021-09-15,002594SZ,0.024563052722010714,-0.02197875621863341,0.011372270331101676,-0.03047099166474293,16.901125216550668,0.012080424678106
2021-09-16,002594SZ,-0.02548167614822761,-0.019560580384014446,-0.03710306653989756,-0.039642096863972916,16.91022680014337,0.0121908775637789
2021-09-17,002594SZ,-0.031705401327824026,-0.029785356748996905,-0.00015960600740494736,0.016281105886018468,16.45042417137633,0.0076974205263937
2021-09-22,002594SZ,-0.01996077097218354,-0.02187171110585627,-0.026127886354952577,-0.03153631873393279,16.60920540806432,0.0090220043702197
2021-09-23,002594SZ,0.02323602085767944,0.023892950333941534,0.019679716860187935,0.010943154290958471,16.522120989762573,0.0082695665845991
2021-09-24,002594SZ,-0.011371204271204222,-7.766031286344301e-05,-0.0075825716686887265,0.007375093892722841,16.577209008369735,0.0087379020577791
2021-09-27,002594SZ,0.012040723299312443,-3.8826715847207395e-05,-0.0008099853155012053,0.002895306325729529,16.70583203681869,0.0099372781755362
2021-09-28,002594SZ,-0.00830211983836737,-0.014355475182513027,-0.002068640195993052,-0.022589883875651393,16.60326119278636,0.0089685347057608
2021-09-29,002594SZ,-0.03597068456758503,-0.03585703744068807,-0.04692413078435161,-0.044989540542117526,17.01644568666621,0.0135570515622116
2021-09-30,002594SZ,-0.019950821418532758,0.019491848299821632,0.009318117926214715,0.05566714531985002,16.92919483067729,0.0124243214988438
2021-10-08,002594SZ,0.07977145409010014,0.04034455525079756,0.05255725668103092,0.013890509271218945,16.78131935679179,0.0107164557622754
2021-10-11,002594SZ,-0.019097406201491172,0.011929471261830978,-0.008032164441912284,0.010810923359567477,16.869383146468834,0.0117029889595434
2021-10-12,002594SZ,0.007478890130126883,-0.0007604660871706353,0.020000282399680405,0.004914664447203325,16.867865810371814,0.0116852450562511
2021-10-13,002594SZ,0.00785151148866904,0.03989352354281278,0.005203675649211946,0.05374159244226321,17.287409026837338,0.017776372222572
2021-10-14,002594SZ,0.05300364180141233,0.008697243298989025,0.05287649679597155,0.006395252240232841,16.69358101976397,0.0098162790986101
2021-10-15,002594SZ,0.014652370378981183,0.04085835603679649,0.010609627668587376,0.03736034248590036,17.175347814228612,0.0158918906323903
2021-10-18,002594SZ,0.03308293714463337,0.003922649901640583,0.03281356192307337,0.00909975190632962,16.88919315167502,0.0119371368205766
2021-10-19,002594SZ,0.013106421092352733,0.021524703092522548,0.014041831126042924,-0.00395992822121446,16.780050675079714,0.0107028686108388
2021-10-20,002594SZ,-0.006968715209727206,0.00030507298222908093,0.004356612868742353,0.02019562967959249,16.893030631017556,0.0119830333458134
2021-10-21,002594SZ,0.01733146395714245,-0.008168839288705125,-0.004321406124378043,-0.01243067215026325,16.70935273144053,0.0099723259593781
2021-10-22,002594SZ,0.004115318934200805,0.028303800316070785,0.01741724993153774,0.044265427285441084,17.331668298981402,0.0185808121940445
2021-10-25,002594SZ,0.03665725765024179,0.05698310899613102,0.04476173629424442,0.05622288146803285,17.32762231401936,0.0185057863840881
2021-10-26,002594SZ,0.06141805413862318,0.019731853707646817,0.05010803230575402,0.005217169866856527,17.259909021871852,0.0172941823821368
2021-10-27,002594SZ,-0.0015836064560900125,0.005308997729123063,0.00028318567346498905,0.008521259419509566,16.902306644619085,0.0120947052656339
2021-10-28,002594SZ,-0.006828716250591879,-0.00900814814425577,-0.03995719609339964,-0.04370883044484061,17.21091502639063,0.0164672929693106
2021-10-29,002594SZ,-0.04636362986879794,-0.031497714466723344,-0.038825366444894385,0.0107542064754295,17.362710052733938,0.0191666387083835
2021-11-01,002594SZ,-0.012266456902378639,-0.017198316999993024,0.00017024713388297106,-0.030362176954686144,17.1646630646273,0.015722993672082
2021-11-02,002594SZ,0.02810083250671619,0.036265695089635806,0.0459629672543007,0.03858375676048959,17.18310775632784,0.0160156905065224
2021-11-03,002594SZ,0.010046181893265877,-0.018780554014864087,-0.02561464158515358,-0.03524489831837104,16.79738804569152,0.0108900461144717
2021-11-04,002594SZ,-0.006407610840320488,0.04714256411979561,0.030122702962968,0.07005933940111606,17.37075675712304,0.0193214891710546
2021-11-05,002594SZ,0.04053264510516059,-0.006097603591733329,0.012796790773455677,-0.034432220145099,16.781727868815754,0.0107208344578481
2021-11-08,002594SZ,-0.05035159528764304,-0.022858729905686728,-0.01938743821369474,0.0031796372271578354,16.64783809804726,0.0093773688351058
2021-11-09,002594SZ,0.022339439341267225,0.03190034614922451,0.0258836279489781,0.01790235110489981,16.827633025433745,0.0112244468358714
2021-11-10,002594SZ,-0.0033384138625514935,-0.04452621875452038,-0.04369612335777464,-0.0330643270533604,17.12925468320428,0.0151760089645297
2021-11-11,002594SZ,-0.0031896743932151544,0.00439470949478076,0.021226912395647824,0.005560538575776845,16.44633055370892,0.0076659746351148
2021-11-12,002594SZ,0.008905806653130436,-0.0007890455730613519,-0.008312355196090122,-0.01684029634576098,16.516091802389774,0.0082198578171571
2021-11-15,002594SZ,-0.028978200074547933,-0.03195035413922085,-0.050552766941912686,-0.03935893148864494,16.93067894453352,0.0124427742969936
2021-11-16,002594SZ,-0.04255113535239885,-0.03007821789565092,-0.008436571132189341,-0.004860238940783867,16.535545257221553,0.008381327944425
2021-11-17,002594SZ,0.020202860891761255,0.01847200776263775,0.020619440776977322,0.011315391342019181,16.608990530421497,0.0090200659513374
2021-11-18,002594SZ,-0.01748548916891728,-0.014482501026371535,-0.0136989777782185,-0.004896765262271115,16.37349130635716,0.0071274420080721
2021-11-19,002594SZ,0.003116027627409669,0.0037403849966396274,-0.00692036112662461,0.0047956514258336155,16.67861759963463,0.0096704874730284
2021-11-22,002594SZ,0.009021753384914713,0.03764896746032222,0.03480393345666094,0.04666696336218914,17.1724789673875,0.0158463645654475
2021-11-23,002594SZ,0.03127520540524102,-0.005730545340013838,0.019197443398696588,-0.008135924387537729,16.52597504233783,0.0083014994270186
2021-11-24,002594SZ,-0.007989533152002373,-0.00041984069897519065,-0.009851697594662997,-0.017264369441309834,16.46831707566557,0.0078363893150208
2021-11-25,002594SZ,-0.0073278167224693535,-0.016642862557806774,-0.03275655763299991,-0.0172991224676213,16.654422048469346,0.0094393126640263
2021-11-26,002594SZ,-0.027417436043138246,0.000919045553430282,0.009396058978396078,-0.0011416770154825022,16.320987024343605,0.0067628751604089
2021-11-29,002594SZ,-0.010906668342144736,0.0075184944963588626,-0.014110196378488774,0.02258787346381843,16.812026324507457,0.0110506301231676
2021-11-30,002594SZ,0.050779150560123505,0.0030240217241859096,0.04409331346594963,0.0007880357168975422,16.394122084595487,0.0072760140032042
2021-12-01,002594SZ,-0.005880520248792167,-0.0016248077957238822,-0.00868456154520525,0.002032592796089295,16.197633461962212,0.0059780507071564
2021-12-02,002594SZ,-0.000655417848303442,0.02110910038795326,0.009014593119253182,0.01133349265255783,16.70628290228165,0.0099417595614855
2021-12-03,002594SZ,0.006503295661978045,-0.01365722378978179,-0.014087686588355046,-0.006171906568518917,16.861589688174888,0.0116121366854228
2021-12-06,002594SZ,-0.019704843720055844,0.00550461669739822,0.006669837769211381,-0.016923048273460868,16.699198193469616,0.0098715740016976
2021-12-07,002594SZ,0.016507507296606452,-0.01670325371952118,-0.0330469352572293,-0.0233017820945536,16.9408604942334,0.0125701081555363
2021-12-08,002594SZ,-0.03322448511047322,-0.01761793691491269,0.011680963174708058,0.0201153137743566,16.55235402564191,0.0085233984241033
2021-12-09,002594SZ,0.013389173382430695,-0.0012300065143190108,0.008554105855471238,-0.004297988440701115,16.23993374263943,0.0062363484738434
2021-12-10,002594SZ,-0.013456868605828363,0.004646026241476596,-0.014343430222488872,0.006390237058150225,16.48878116685359,0.0079984060200994
2021-12-13,002594SZ,0.023374285387579113,0.0032066122919948833,0.017603899039440013,-0.010069684733806443,16.475359171651768,0.0078917686892245
2021-12-14,002594SZ,-0.025031057313378798,-0.019765104312664587,-0.02140200837182602,-0.016898127695258506,16.56987987270374,0.0086740948954128
2021-12-15,002594SZ,-0.007097927419752593,-0.0052990404222971335,6.847458458724024e-05,-0.00017044007382565777,16.099426155425785,0.0054188695850414
2021-12-16,002594SZ,-0.0013982826929661715,-0.006825233920689145,-0.04454827790639634,-0.024675477341526617,17.142936418559,0.0153850700082477
2021-12-17,002594SZ,-0.03119835306086748,-0.02627135663660541,-0.0013988621472013968,-0.025550757935025176,16.53098751233499,0.0083432149080526
2021-12-20,002594SZ,-0.016938457052466355,-0.015546358339307276,-0.037781768406715835,-0.030868108966868524,16.89670944931488,0.0120271979371186
2021-12-21,002594SZ,-0.03176380237221157,-0.016802958255005333,0.004203143382829744,0.020889270403969325,16.52124514677121,0.0082623269130514
2021-12-22,002594SZ,0.03455336805590504,0.029897686433000753,0.027819360116372042,0.010838705550025394,16.48580565405138,0.0079746420315059
2021-12-23,002594SZ,0.006301198745593095,-0.010433691070419015,0.0005412582455131544,0.0027537775807386774,16.325283382515632,0.0067919934031525
2021-12-24,002594SZ,0.0007095757886530096,-0.0007798313337793269,-0.0450161203420398,-0.0363318836858301,16.85988450847354,0.0115923527770693
2021-12-27,002594SZ,-0.047124809013126684,-0.03779758451398449,0.003917466618282629,-0.011060955147211235,16.187528052504447,0.005917944263038
2021-12-28,002594SZ,-0.0031649461445865308,-0.0019907379709152057,0.0007890609052474769,0.014204108360927767,16.2881999635582,0.0065447359561436
2021-12-29,002594SZ,0.014806950588336218,0.004491837310995369,-0.012131315916774098,-0.006853714234222614,16.4659531855459,0.0078178868279791
2021-12-30,002594SZ,-0.015366404994058476,0.0027879822340434205,0.011342253552200261,-0.0069759530819188485,16.2778881571395,0.0064775946691318
2021-12-31,002594SZ,0.018484853699333482,0.004422771988393741,0.0037523886437810148,0.0036992127320373464,16.269029562529752,0.006420465693835
2022-01-04,002594SZ,0.010929132475074687,0.019002185703814886,-0.006688921605306372,0.010684259544123765,17.01279863515658,0.013507698346396
2022-01-05,002594SZ,-0.04237071882800008,-0.047524270603403314,-0.052242387662243,-0.06770228986542508,17.222388176492018,0.0166573126775593
2022-01-06,002594SZ,-0.056569302433534405,-0.04588052976116565,-0.015332263677431018,-0.012875672670013119,16.682885743347292,0.0097118507150288
2022-01-07,002594SZ,0.007174223528379163,-0.0061872947771206156,-0.011726878713678725,-0.014178930607538916,16.600111592622195,0.0089403318428255
2022-01-10,002594SZ,-0.027376981944430452,-0.013892786387192917,-0.024669207344063346,-0.0008117347249848649,16.601396911008592,0.0089518304045066
2022-01-11,002594SZ,0.005210902458549356,-0.012869559371054802,-0.005159046952994672,-0.029710264832091993,16.871592027173104,0.0117288680386348
2022-01-12,002594SZ,-0.0011375210170072904,0.0387083875301924,0.027007941758735016,0.06833744784865906,17.292440603158823,0.0178660407968681
2022-01-13,002594SZ,0.046619703524128975,0.009950273896538497,0.01744745775816825,-0.0026990084716730853,16.89330155182587,0.0119862802388487
2022-01-14,002594SZ,-0.027295423714803528,-0.004885051716369458,0.005575554207268315,-0.008535748239880105,16.520543946393097,0.0082565353966528
2022-01-17,002594SZ,0.0088127165359453,0.03883945769686438,0.01200761960055765,0.05139397344158588,16.998322508815072,0.013313567710492
2022-01-18,002594SZ,0.051568001089913953,0.005480557655626964,0.03602035217891028,-0.0015396521078547979,16.34167462746122,0.0069042400578225
2022-01-19,002594SZ,-0.001728168004036512,-0.004023546467299504,-0.04678874623741442,-0.05052610137918759,16.959153267172898,0.0128021663226163
2022-01-20,002594SZ,-0.05348247066311588,-0.054347190324093166,-0.013311765295323486,-0.007539057541813565,16.5234706216709,0.0082807349911985
2022-01-21,002594SZ,-0.00405428715722438,0.007969366442804686,-0.002716278300533251,-0.002672248528732675,16.234938956317578,0.00620527690555
2022-01-24,002594SZ,-0.020114884973516853,-0.011246195635977372,-0.008397877434148038,0.003985699037517863,16.19854015482403,0.0059834734215574
2022-01-25,002594SZ,0.007772025081851635,-0.007462175409350052,-0.017635292360609716,-0.04511555283749044,16.66489966028674,0.0095387340636019
2022-01-26,002594SZ,-0.01217053142913144,0.0015128229800602552,0.009578968895898148,0.03748911407120656,16.674539843268743,0.0096311338706553
2022-01-27,002594SZ,0.008130038258857521,-0.008308842974294189,-0.005421042380503003,-0.033502288024416446,16.400636831641513,0.00732357013743
2022-01-28,002594SZ,-0.028832661355543653,-0.029719170074537418,-0.09226081016023834,-0.061847964196655246,17.294819923112506,0.0179086004369654
2022-02-07,002594SZ,0.00336954484100853,0.029638988752153015,0.07977660684851381,0.07473757413802404,17.038874456346555,0.013864555134335
2022-02-08,002594SZ,0.009136311719142533,-0.025515289615849673,-0.03145459100308656,-0.030872621499166766,16.806428963425123,0.0109889485411765
2022-02-09,002594SZ,-0.01638867287471981,0.013894786175580712,0.01885513232073616,0.03405907142581525,16.810886017867844,0.0110380361974699
2022-02-10,002594SZ,0.031783909845979265,0.006472450920133858,0.01297753039380626,-0.020853915101512063,16.49847957265775,0.008076355193195
2022-02-11,002594SZ,-0.0444130759556381,-0.032289957952069334,-0.041154558628655157,-0.0422337024208707,16.808435243930134,0.0110110175864579
2022-02-14,002594SZ,-0.0250951484623002,-0.021553235476962876,-0.01543577970220351,0.007746105600266071,16.404773469315717,0.0073539278419767
2022-02-15,002594SZ,0.008564352099219394,0.020886690385404194,0.03141243292559712,0.026921128019806433,16.57883329575746,0.0087521064556727
2022-02-16,002594SZ,0.04142490791750617,0.02074522816845399,0.03474978367990319,0.009563575143141845,16.37060318942234,0.0071068868176968
2022-02-17,002594SZ,0.0009912957205499156,0.015190809453990827,-0.005799021035955976,0.01979449620836819,16.765533235024098,0.0105486127585739
2022-02-18,002594SZ,-0.0051320727161982,-0.013559430427794953,0.004175358129247079,-0.010033461075333535,16.10910202931292,0.0054715563734037
2022-02-21,002594SZ,-4.263358557142154e-08,0.0016693877509696249,-0.0015011713068046621,-0.004413816162930821,16.20919744245108,0.0060475820298678
2022-02-22,002594SZ,-0.008333420076258098,-0.0280546961331511,-0.02253547464713507,-0.018526051215975003,16.344849636802884,0.0069261959228501
2022-02-23,002594SZ,0.012060865570436162,0.05502694360474191,0.019903035656175412,0.05947205048603558,17.186760319471663,0.0160742957940071
2022-02-24,002594SZ,0.02534782323300081,-0.0029347679850590903,0.010695336623075232,-0.02874244942915636,16.986119619664837,0.0131520909580385
2022-02-25,002594SZ,0.007188617624942861,0.002380224963452346,0.02554234875568742,0.012096743635473806,16.49662482210453,0.0080613894510579
2022-02-28,002594SZ,-0.012077475998376155,-0.008715302816970312,-0.007411532910347891,0.0070762648441668715,16.28607239445627,0.0065308263790085
2022-03-01,002594SZ,0.0322801921365722,0.025336745141066087,0.013124891518266683,0.008696043150042257,16.686357326685897,0.009745624806942
2022-03-02,002594SZ,-0.023810585115994366,-0.028659664014603285,-0.02145204031560743,-0.012710418283934906,16.310717972245907,0.0066937822041437
2022-03-03,002594SZ,0.0020861354699994363,0.005997321635251424,0.00016386285702610777,-0.013730247470941884,16.114423015079836,0.0055007480452875
2022-03-04,002594SZ,-0.050171754868302075,-0.03653592661098879,-0.059088874832133285,-0.047648910016081895,17.188673110547658,0.0161050719894432
2022-03-07,002594SZ,-0.0449020280923975,-0.06037403441040597,-0.04436088911567124,-0.04456264728351045,16.977304620172397,0.0130366647663867
2022-03-08,002594SZ,-0.025940654898646182,-0.009709203270199451,-0.04661091431238707,-0.033745778070399066,17.187963240912662,0.0160936435443096
2022-03-09,002594SZ,-0.018627237883019242,-0.00841702402100396,4.3823900214366176e-08,0.033656383047685146,17.03891702396053,0.0138651453279509
2022-03-10,002594SZ,0.07075472331607145,0.043023394624846896,0.08661442111870526,0.02434456319962582,17.02773567582814,0.0137109778114937
2022-03-11,002594SZ,-0.04797476283935213,-0.007050470686188824,-0.040003548961472984,0.0032683165688223506,16.7392958688545,0.0102754442107432
2022-03-14,002594SZ,0.01342305148022847,-0.029731327018775802,-0.004646709765213074,-0.04835518784199102,16.529149247667505,0.0083278919579928
2022-03-15,002594SZ,-0.06362632266466973,-0.013423021419423854,-0.04468221122552126,-0.028718959095327314,16.802220401531905,0.0109427980504923
2022-03-16,002594SZ,0.04568866649724306,0.035401972657439836,0.02252066969467453,0.07524521395659343,17.323366452521245,0.0184271956721885
2022-03-17,002594SZ,0.0840582729269156,0.046219545128145086,0.09122747944222356,0.023561875130013184,17.268174867272187,0.0174377258614101
2022-03-18,002594SZ,-0.023061150260590645,-0.008379445098094105,-0.011184785867483015,-0.001704268899530258,16.52721122134738,0.0083117679125761
2022-03-21,002594SZ,0.021479090904064697,0.041011234948687164,0.026031851122113647,0.0453524946191622,17.14477392578893,0.0154133661758799
2022-03-22,002594SZ,0.020619298913764312,-0.005924205157003605,0.01603570001715715,-0.002366474446489466,16.258545009182967,0.0063535016305376
2022-03-23,002594SZ,0.02020265895664029,0.014446455483154859,0.017408078992846864,0.009634740122149533,16.513516955178183,0.0081987201625491
2022-03-24,002594SZ,-0.025522967694004608,-0.003992019209855447,-0.01583928130164936,-0.0003641712893732582,16.24632420837197,0.0062763292604519
2022-03-25,002594SZ,0.013855173670537223,-0.004168665820622486,-0.03522541891843239,-0.048808410762018695,16.850577672774072,0.0114849651439269
2022-03-28,002594SZ,-0.05063330159225942,-0.05813243185478649,-0.022165985516413238,-0.021086910640239032,16.47649395905162,0.0079007292527278
2022-03-29,002594SZ,-0.008464771710717411,0.006788397113653964,-0.0003495423685445785,0.002600863054079846,16.44442606124942,0.0076513887369513
2022-03-30,002594SZ,-0.02574501663603453,0.0021963408442338475,-0.029180380204484452,0.025726838254428265,17.039413605148262,0.0138720322083662
2022-03-31,002594SZ,0.03126818118230917,-0.008559008444494809,0.020797449394278005,-0.03093514389393843,16.598862646790714,0.0089291728219057
2022-04-01,002594SZ,-0.032193792334816125,0.019218318625523992,-0.0012790047522368063,0.02645288445820274,16.72212775238906,0.0101005398634059
2022-04-06,002594SZ,0.07723376724501714,0.02652764499447723,0.055826234882741216,0.024862071063295313,16.837365202005326,0.0113342184316267
2022-04-07,002594SZ,-0.020619247664049836,-0.002849532688312894,-0.0025071955285964464,-0.007885429503738927,16.322664067698813,0.0067742263117107
2022-04-08,002594SZ,4.1624998301369935e-05,0.004880011864277121,0.00037651300082086354,0.016447295953975354,16.65878476840678,0.0094805837055274
2022-04-11,002594SZ,-4.160862432712716e-05,-0.020575322960256357,-0.040978836203642545,-0.04604774935629165,16.775978696775354,0.0106593753716729
2022-04-12,002594SZ,-0.033901594482305675,-0.012165838259536108,0.007380051291353694,0.021904235711873044,16.37187455104345,0.0071159279876247
2022-04-13,002594SZ,0.012933352877547927,0.014110329302578604,0.007798313385213313,-0.004882501490141233,16.21042429950334,0.0060550061024142
2022-04-14,002594SZ,0.0292670652687784,0.012486309378052778,0.033175975265293194,0.017939334821092133,16.392977473643136,0.0072676905617146
2022-04-15,002594SZ,-0.01456843887204278,-0.020578515508941374,-0.03429245547971048,-0.0213206339599174,16.374591344383745,0.0071352867799032
2022-04-18,002594SZ,-0.01567790122323761,0.004157950239856995,-0.011885667142787657,0.01220294923947952,16.21877674518124,0.0061057920146125
2022-04-19,002594SZ,0.03502821925364918,0.040257505881834355,0.0555170012004809,0.023804731473704505,16.849412752398052,0.0114715938631206
2022-04-20,002594SZ,0.018337173292996105,-0.010295916209629212,-0.009380446770475935,-0.012658405753180972,16.386449174720898,0.0072203994349123
2022-04-21,002594SZ,-0.040752984311962746,-0.03091634504667905,-0.0370474843604321,-0.032536174063190024,16.550194705560386,0.0085050135341057
2022-04-22,002594SZ,-0.033181038235027265,-0.021451997634194517,-0.013184335024576844,0.005794193906239782,16.182867988508704,0.0058904304194035
2022-04-25,002594SZ,-4.355186683542402e-05,0.003304284023462195,-0.010709481338437821,-0.03413602894029898,16.599837492043108,0.0089378816283568
2022-04-26,002594SZ,-0.004400908059845948,-0.0024984082765887043,0.007955243594514737,0.01876786408686657,16.576635129728935,0.0087328890006866
2022-04-27,002594SZ,-0.01044787916760017,-0.00016965157795589583,-0.04302602506025802,0.013709981333758635,17.05160402487246,0.014042173047268
2022-04-28,002594SZ,0.03465147917143284,-0.0013154743397254104,0.04987554461389119,-0.012976902544151039,16.499077747841547,0.0080811877139802
2022-04-29,002594SZ,-0.0034158688757500435,0.03476038648121274,0.003255595729256967,0.046410331973677096,17.027011696557196,0.0137010549397843
2022-05-05,002594SZ,0.05167808572207827,0.03450418560234138,0.0466519517511518,0.023587876248374634,17.047337355767773,0.0139823873725517
2022-05-06,002594SZ,-0.021264257534147984,-0.025643963385246667,-0.006931341533256333,-0.027381107032109896,16.493023679133987,0.0080324114414092
2022-05-09,002594SZ,-0.04246216029579018,-0.03773557563060172,-0.03863775361789227,-0.03938922809708432,16.678376132221892,0.0096681526472086
2022-05-10,002594SZ,-0.030325381404334353,-0.013728891756802442,-0.03847994652691006,0.002574724482797941,16.85858742754783,0.0115773263040644
2022-05-11,002594SZ,0.03464501590621553,0.09388523540529463,0.040642082888769734,0.07974928619355308,17.64312037908415,0.0253703592474199
2022-05-12,002594SZ,0.07468360119415425,0.004043932767533343,0.07170774638142591,0.005485552061410391,16.998369782223783,0.0133141971031225
2022-05-13,002594SZ,0.038491050939534,0.05216590707157624,0.028538181119173743,0.061029573860781526,17.418615923876473,0.0202686847768146
2022-05-16,002594SZ,0.042612586596566686,0.005509711107141933,0.036035435950560565,-0.011020129037873487,16.82301728971828,0.0111727571379396
2022-05-17,002594SZ,-0.00788746240655776,0.043017442987954804,0.011989756721670375,0.05598063113483257,17.194765761122053,0.0162034940901931
2022-05-18,002594SZ,0.04904139226470383,0.010471209785310938,0.0383607777904616,-0.0038303775941565723,16.837410989102832,0.0113347374044975
2022-05-19,002594SZ,-0.02578071444610483,-0.009243852254448804,-0.016989318871088822,0.010920283092790613,16.669889613735688,0.0095864508585781
2022-05-20,002594SZ,0.041619255700628785,0.021700614442284376,0.024843739854179224,0.011149766277561623,16.698540821809086,0.0098650868408125
2022-05-23,002594SZ,0.019631227203396284,0.02167632782327551,0.023234412555755143,0.025734905275025012,17.05649290314742,0.0141109916104303
2022-05-24,002594SZ,-0.009267499916902532,-0.01705762224140114,-0.02394604987947192,-0.04929865223896172,17.184517130692125,0.0160382785246747
2022-05-25,002594SZ,-0.030601159793532492,-0.014820971372860835,-0.010625432162951098,0.021824430367811693,16.954727141626275,0.0127456275409353
2022-05-26,002594SZ,0.02149092569515982,0.00886404089925973,0.015949435226317078,-0.001951853790290095,16.47643421032122,0.0079002572082549
2022-05-27,002594SZ,0.019231381381483576,0.021704816643126335,0.014583348268208531,0.007784230563998191,16.544583948363254,0.0084574275865448
2022-05-30,002594SZ,-0.003248235032565593,0.006998110088047285,0.015336109645612583,0.03148463012232925,16.89981907097171,0.0120646561843157
2022-05-31,002594SZ,0.027028761870217563,0.004195411589348466,0.00831373564399733,-0.007440617740558775,16.68913847237832,0.0097727665359862
2022-06-01,002594SZ,-0.006689107069322603,0.012678327684147494,-0.001329797600676034,0.013660357060267534,16.892416099867173,0.0119756716604312
2022-06-02,002594SZ,-0.006733947119784034,0.0006560779057964457,0.007138865477604986,0.003460913898023889,16.6931785188072,0.0098123288317052
2022-06-06,002594SZ,0.026668224469509113,0.04947687282450984,0.02452564486478071,0.055597732469781454,17.199077770832503,0.0162735145724402
2022-06-07,002594SZ,0.04502363525375418,-0.0018740701778801722,0.027899941466316837,-0.01055105442093557,16.812346722006904,0.0110541712848626
2022-06-08,002594SZ,0.001885131072442001,0.025281960274866077,0.006088767022347267,0.038989898543592166,17.18457520198679,0.0160392099153481
2022-06-09,002594SZ,0.04729436993181367,0.02033677202942129,0.025205933936503336,-0.015389199536254715,17.24153625032647,0.0169793414169784
2022-06-10,002594SZ,-0.03823323743528007,0.04439987686375573,0.0001869153519961226,0.07867464269283106,17.595712729784424,0.0241956746442381
2022-06-13,002594SZ,0.07344123138005008,0.024999144981695007,0.05908077220141819,0.0,17.400920291074343,0.0199131723494505
2022-06-14,002594SZ,-0.01162800718473353,-0.03999670782301743,-0.04004543419721987,-0.015049550807851494,17.516292273308853,0.0223483708350638
2022-06-15,002594SZ,0.005743607864748936,0.00416766211034,0.0160365515927789,-0.025318646483929334,17.22978170430925,0.0167809253901987
2022-06-16,002594SZ,-0.024932413643808833,-0.010247783569552908,0.0026730769900388126,0.0029807058995783664,16.760856809645034,0.0104993981195567
2022-06-17,002594SZ,-0.016226328579338645,-0.004386642623092266,-0.019198766708693495,0.005934706003166282,17.081833168882966,0.0144731369527623
2022-06-20,002594SZ,0.023886886567947806,0.021628424191038317,0.024015990849521954,0.012291027275777057,17.01587848341431,0.0135493641385382
2022-06-21,002594SZ,0.0049570182266448545,-0.019871493221885295,-0.008452947188228751,-0.00345439807937105,16.800320398326686,0.0109220264373878
2022-06-22,002594SZ,0.007798503663521853,0.016912900264876112,0.017308586978152834,-0.003289923361534515,16.742898892286366,0.0103125336559427
2022-06-23,002594SZ,0.006636489108880962,0.018299474970927352,7.316346283178406e-08,0.03929092999846606,17.2910181556132,0.0178406453563243
2022-06-24,002594SZ,0.023765181445650308,0.0062788136451799766,0.02342179924196708,-0.00695486651901277,16.97668760655245,0.0130286234473833
2022-06-27,002594SZ,-0.00260972860655546,0.0020187780233420463,0.006682494541545589,-0.003881642606506573,16.89353800049509,0.0119891147140813
2022-06-28,002594SZ,-0.01450526156698266,0.005029313136344525,-0.016265685442669313,0.009137657436369436,17.109993619099303,0.0148864999485532
2022-06-29,002594SZ,0.008579856556711287,-0.024831859919918188,-0.03328688800424961,-0.062225096178294186,17.402207856744337,0.0199388283806272
2022-06-30,002594SZ,-0.055786300413718966,-0.030901234394439082,-0.004505080384732265,0.0056531941206810635,16.907210931209466,0.0121541668583553
2022-07-01,002594SZ,0.0035587051952078704,-0.01888943920486077,-0.030459076466817305,-0.012947232781335652,16.968727832029117,0.0129253301789323
2022-07-04,002594SZ,-0.0005421036137677937,0.015524385176195477,0.03106499850293153,0.020921638198477328,16.85770681603799,0.0115671356644375
2022-07-05,002594SZ,0.01494804174855977,0.007041887396178639,-0.0018490414838148136,-0.006775526391332782,16.67058346657991,0.0095931047533003
2022-07-06,002594SZ,-0.009540942660916998,1.3033606775508959e-08,0.00725538494099262,0.006597124637868491,16.72478153956775,0.0101273801465059
2022-07-07,002594SZ,0.011615976936508853,0.032780356644916915,0.004148139107399053,0.03875140421711794,17.232084938587217,0.0168196203387049
2022-07-08,002594SZ,0.03400218911599536,-0.00019894887495794595,0.013792909467718599,-0.033114289967370064,16.762459962322225,0.0105162437581034
2022-07-11,002594SZ,-0.03940627948553147,-0.04653633269362905,-0.058231101991684596,-0.041376998096449305,17.05150875478454,0.0140408353118787
2022-07-12,002594SZ,-0.0484329306241328,-0.04531280328788917,-0.060765769315588636,-0.04832765733952746,17.623316171896917,0.0248728619156913
2022-07-13,002594SZ,-0.03497963244187131,-0.022557746443278095,-0.011091583574599242,0.002843951077219084,17.345004286613293,0.0188302653379759
2022-07-14,002594SZ,-0.0002913042130100204,0.028769021483100968,0.03389034508252953,0.04146717019487425,17.12052506913834,0.0150441048321312
2022-07-15,002594SZ,0.08108046098516461,0.07996645136605396,0.0812946557450537,0.04595546507273737,17.60989318006071,0.0245412244487792
2022-07-18,002594SZ,0.029413855231411375,-0.011180116154061599,-0.015128911571182325,-0.003228264572504628,16.98901894843485,0.0131902785277487
2022-07-19,002594SZ,-0.02316468824799627,-0.02605904627436059,-0.0011591346741496283,-0.017959088921309974,16.5766607337572,0.0087331126007001
2022-07-20,002594SZ,-0.012297187908985234,-0.009657949468396064,0.004446447550589027,0.0018105110934871934,16.15020934202994,0.0057011643260151
2022-07-21,002594SZ,-0.012024696584051312,-0.008603310412949613,-0.01883427272221564,-0.02194543284904192,16.39575231148842,0.0072878852315744
2022-07-22,002594SZ,-0.009129648414300768,0.010996743285356077,0.00943084300651112,0.015654941501645425,16.467157942044288,0.0078273111544733
2022-07-25,002594SZ,-3.0744522025470996e-05,-0.023154971302827555,-0.0185764257638134,-0.0204429509064535,16.25800636487514,0.0063500802742819
2022-07-26,002594SZ,-0.01085621260388211,0.002077345047762055,1.588566932036977e-08,0.0063276479384080575,16.191868002512035,0.0059436836611333
2022-07-27,002594SZ,0.004702254813145358,0.006448764950687637,0.0031512018185170356,0.002458368268311307,16.024397201618378,0.0050271753629029
2022-07-28,002594SZ,0.015375138852187232,0.004990781248824282,0.009271358922319834,-0.0011361476042428327,16.204871150130966,0.0060214749339725
2022-07-29,002594SZ,-0.018143573867700425,-0.010750767736263067,-0.018495345251769605,-0.015379435811120192,16.256584174183715,0.006341055667318
2022-08-01,002594SZ,-0.015663749905161117,0.012972285285638277,-0.005171128207382797,0.03128243988008468,16.74715098394054,0.0103564768556296
2022-08-02,002594SZ,0.021528958540013108,-0.004829630055761444,0.01562090247414194,-0.011991450417946388,16.566892689061703,0.008648222441507
2022-08-03,002594SZ,0.005524852538817958,0.013136432707982587,-0.007529046005174192,-0.014215819935467607,16.753206432361985,0.0104193802322624
2022-08-04,002594SZ,0.003971225431985172,-0.010145404088265721,0.010015786638160745,0.014827839819573493,16.74208984006994,0.0103041936514892
2022-08-05,002594SZ,0.006079130964368157,0.0012664062634484843,-0.011930495724277554,-0.007093551811632065,16.572756301376554,0.0086990812307467
2022-08-08,002594SZ,-0.02419967836994333,-0.02128628950918898,0.0022595275637586447,-0.009723878669422823,16.376512673769035,0.0071490091955455
2022-08-09,002594SZ,-0.002891297356756275,-0.00339135189334695,-0.002668083838800798,-0.005085205783157978,16.267434371859014,0.0064102319905018
2022-08-10,002594SZ,-0.004618640735009704,-0.012742953449998944,-0.04221121804131583,-0.03621013949856152,17.067817367809013,0.0142716992892571
2022-08-11,002594SZ,-0.026208516985514123,-0.01198898924901633,0.001965307565002786,0.02140057967476568,16.621563190295294,0.0091341880856266
2022-08-12,002594SZ,0.011461536208884343,0.0012338078169772725,0.014295232780140643,-0.009857301250464849,16.131383376805243,0.0055948383788626
2022-08-15,002594SZ,-0.00899201062788481,0.009284023382993348,0.00392780022380704,0.010460312266893658,16.419083334850086,0.0074599181130595
2022-08-16,002594SZ,0.011464951353913304,0.008297972612712323,0.013658555835637876,0.011701208845984091,16.570719879521285,0.0086813842558524
2022-08-17,002594SZ,0.013180686199767649,0.023669933351815563,0.0038594592508600714,0.027859853481137568,16.86417270098596,0.0116421697558758
2022-08-18,002594SZ,0.021670500305777964,0.0012128821027346994,0.02223149289404975,-0.0057800050092212535,16.474303635888663,0.0078834430393397
2022-08-19,002594SZ,-0.00604281248906448,-0.0077879384184370935,-0.021347905071474542,-0.020607250581799165,16.335536894977277,0.006861993457744
2022-08-22,002594SZ,-0.02817517885501944,-0.004131344421165256,-0.015193612874649208,0.011518027960217538,16.50788967318693,0.0081527132175526
2022-08-23,002594SZ,0.0250012656740082,-0.001657419999845101,0.021420331366984298,-0.004591361576486624,16.04552237747499,0.0051345050256714
2022-08-24,002594SZ,-0.007186239601464682,-0.007987535729193486,-0.03081676274178765,-0.03838145730639555,16.742872123590278,0.0103122576065434
2022-08-25,002594SZ,-0.038405398694580095,-0.037478464814461765,-0.02170165025552824,0.0002583192572725574,16.456143360156318,0.0077415696589326
2022-08-26,002594SZ,0.011019341654736536,0.02178119728710659,0.02396228034395145,0.01967101422175378,16.31798334904893,0.0067425921547414
2022-08-29,002594SZ,0.0021703111232216792,-0.003339629598536703,0.004794906561245271,-0.00692865430442818,15.966245140378996,0.004743172428246
2022-08-30,002594SZ,0.005817212901050603,0.0051309468750989,-0.004794854571330568,-0.008648246125449064,16.215652214842475,0.0060867440539577
2022-08-31,002594SZ,-0.08083552207148471,-0.07123813199182345,-0.08759816657969532,-0.07641953618223248,17.52433907473064,0.0225289292261988
2022-09-01,002594SZ,-0.020834031411684058,-0.006765870044440633,0.00010567941732113947,-0.004454600471548096,16.773449267503022,0.0106324473048639
2022-09-02,002594SZ,0.01289890648370893,-0.01711788535855242,-0.02109912109953643,-0.01652938672820957,16.598432767841306,0.0089253351831558
2022-09-05,002594SZ,-0.07067665970580735,-0.06682465553267448,-0.06307719446187593,-0.04808815690631109,17.37430490276307,0.0193901663969244
2022-09-06,002594SZ,-0.0008555551608172504,0.01309307310323731,0.023131205092086778,0.015433045406751852,16.759438090574747,0.0104845129838443
2022-09-07,002594SZ,0.011946110159529306,0.03789541944416541,0.012606902423400687,0.035134306389699776,16.76453469342755,0.010538084786581
2022-09-08,002594SZ,0.0396449277554023,-0.00021040657804210347,0.02337586430332319,-0.015830247962487082,16.27020814080112,0.0064280371767607
2022-09-09,002594SZ,-0.007127873395167663,-0.012357191899234087,-3.615950040294188e-05,0.005161657832685792,15.844950996333734,0.0042013757931053
2022-09-13,002594SZ,0.003588039676646926,0.018304628350326563,0.00855569693768207,0.01806950832091544,16.22716635534594,0.0061572327159861
2022-09-14,002594SZ,-2.1035749030768343e-08,-0.010131800454302098,-0.01119458505255087,-0.022979745892609628,16.1683235430063,0.0058053773910648
2022-09-15,002594SZ,-0.007117498771576923,-0.01169602775310827,-0.034430980978749505,-0.03223905247285309,16.539402874139196,0.0084137223414402
2022-09-16,002594SZ,-0.04380260339716447,-0.03279570038034071,-0.009599762192642292,-0.013147211797716064,16.161886386403204,0.0057681272851148
2022-09-19,002594SZ,4.1589768319259406e-08,0.008985090253881658,0.008737696683874922,0.016296320704022343,16.222005114348832,0.0061255356197537
2022-09-20,002594SZ,0.021410914476330846,0.013021834039726342,0.019789482658967277,0.014176793343600747,16.224660710861354,0.0061418241906125
2022-09-21,002594SZ,-0.0073314160944526925,-0.017742717296193224,-0.01859021245662206,-0.015472250662079958,15.940805097417496,0.0046240278511848
2022-09-22,002594SZ,-0.015984333460409565,-0.0119191309510682,-0.021579555196751202,-0.005384910708776226,16.04336682457603,0.0051234492472269
2022-09-23,002594SZ,-0.0014965721056947356,0.0014465703960819813,0.011339924035787752,-0.008038247837881807,15.890493801184258,0.00439714229775
2022-09-26,002594SZ,-0.002586708604996234,0.022831204509803582,-0.002652224088233028,0.024289799377628103,16.48000175847112,0.0079284920929205
2022-09-27,002594SZ,0.024326297574280464,-0.004248209549479866,0.024287251551367618,0.0036933865197202693,15.932921308839061,0.0045877163131926
2022-09-28,002594SZ,0.00014668382067686486,-0.0066807590175739584,-0.017029185176302416,-0.030915259915534864,15.962846584792251,0.0047270798524608
2022-09-29,002594SZ,-0.011049883709805907,-0.004405385902952905,-0.005665785058898559,-0.003960850860946165,15.99430738243117,0.0048781616887318
2022-09-30,002594SZ,-0.0262679748608665,-0.03082344786197418,-0.05849625472186468,-0.04863719482556715,16.879069176210656,0.0118168952232023
2022-10-10,002594SZ,-0.041654066234652065,-0.027504349247526143,0.0017655251264398946,-0.003219318526911221,16.279180888210345,0.0064859738726001
2022-10-11,002594SZ,-0.0010708384403457208,0.0038149432920979876,-0.00044105402285891156,0.015053349586695571,16.401923304672902,0.007332997776517
2022-10-12,002594SZ,0.007905192272757362,0.022550552742990643,0.0024835708388049275,0.028338632658431666,16.488772193420548,0.0079983342472556
2022-10-13,002594SZ,0.023347354703508655,-0.0009501281298024923,0.03200866740396026,-0.015984380011170404,16.079215623764984,0.005310450631343
2022-10-14,002594SZ,0.007968101575324876,0.022929031397712327,0.007219772602725154,0.024335496350448287,16.494437565933513,0.008043776395181
2022-10-17,002594SZ,0.0035042782579988467,-0.022929052726625355,-0.012620215629531206,-0.014775615237325429,16.21047763869883,0.0060553290802115
2022-10-18,002594SZ,0.059057766423566964,0.059057766423566964,0.05976949023360903,0.04870617667154741,17.010674669003578,0.0134790388977542
2022-10-19,002594SZ,-0.019288773784216846,-0.009218015772955508,-0.02083951864338581,-0.022803525713845228,16.41079541372039,0.0073983463987293
2022-10-20,002594SZ,-0.035973872981195774,-0.040077671136629134,-0.036167792100431966,-0.015028137434811921,16.3682066109172,0.0070898749974117
2022-10-21,002594SZ,-0.001819875209911914,0.01975987660617695,0.01775143999151696,0.01053209519301104,16.164841345671228,0.0057851970757738
2022-10-24,002594SZ,0.005223065201740158,-0.01701498512656864,-0.032742843620489875,-0.04112715689606987,16.633386709812253,0.0092428273267457
2022-10-25,002594SZ,-0.04596284900840718,-0.02171272216361713,-0.014059006638058398,0.009114363173679958,16.2424585914828,0.0062521142071398
2022-10-26,002594SZ,0.02729213238624829,0.013152352365117342,0.020819211894564815,-0.00015514792609799678,16.3524978254528,0.0069793718707481
2022-10-27,002594SZ,-0.003892241771815136,-0.012653623936698305,-0.0011366063837496025,-0.011192041836128907,16.095500594458247,0.0053976391778353
2022-10-28,002594SZ,-0.02339992268785473,-0.030057548690238408,-0.07823715769303251,-0.06108306096729899,17.085702648956172,0.0145292489620719
2022-10-31,002594SZ,-0.06322187488572757,-0.007936559228639502,0.005497775748311093,0.027870911498781667,16.749060678629803,0.0103762734622555
2022-11-01,002594SZ,0.0396660876946831,0.04365480583215074,0.04086429265311586,0.05960599627513957,16.90328732111986,0.0121065720772136
2022-11-02,002594SZ,0.05468675090013951,0.03522272793987483,0.044965495507188626,0.02168648606796893,16.74574011235781,0.0103418754986998
2022-11-03,002594SZ,0.015284796586679271,0.0005888921576804497,0.021973888474812485,0.001568511259377344,16.141655720024293,0.0056526066845684
2022-11-04,002594SZ,0.014831925240871971,0.040598278301792544,0.014659248479987433,0.04459139599388581,16.92852307412874,0.0124159781817974
2022-11-07,002594SZ,0.02213391101141313,-0.003504202191075767,0.01844802977839505,-0.004722196603316895,16.424418425933062,0.0074998238142313
2022-11-08,002594SZ,0.016052396160063907,0.0020191123464356163,0.0018665575860176355,-0.008896250913819674,16.172910487431533,0.0058320675032915
2022-11-09,002594SZ,-0.004662962237676305,-0.01325093998546023,-0.017929421422349018,-0.0248346644344928,16.230945382299467,0.0061805450877623
2022-11-10,002594SZ,-0.049827821831987376,-0.051164932287011224,-0.04897629642656244,-0.03536944769414837,16.559550488979617,0.0085849579922599
2022-11-11,002594SZ,0.0219394347621746,0.02974526573699112,0.0359375089750341,0.03228637323064023,16.62551307339874,0.0091703384107695
2022-11-14,002594SZ,-0.004706094382758416,-0.001576549605786266,-0.009092395766020887,-0.018814268555744657,16.25991616866476,0.0063622192705695
2022-11-15,002594SZ,-0.019654815976241146,-0.015679640690046445,-0.010174838218547476,0.012095364998987626,16.238970435562823,0.0062303438473085
2022-11-16,002594SZ,0.00675764781405987,-0.0063563411431498094,-5.984778118981447e-08,-0.022421895912509128,16.152974451637274,0.005716950486967
2022-11-17,002594SZ,-0.022333393406511224,-0.025413929734572887,-0.025386764030294516,-0.015750667870574716,16.22480048261835,0.0061426827042445
2022-11-18,002594SZ,-0.008267760540479757,-0.001347552027937378,-0.0003155403301288908,-0.009068259545659606,16.129863833467997,0.0055863432346466
2022-11-21,002594SZ,-0.019310861164189428,-0.01929422270066349,-0.019880811409829946,-0.001886532090199585,15.925906529485983,0.0045556471023699
2022-11-22,002594SZ,0.00850676500074175,0.0025498299110221917,0.005977936753448234,-0.014702242289417217,15.89676944726709,0.0044248239794193
2022-11-23,002594SZ,-0.017844606057906665,-0.014800549902543373,-0.011263287021571786,0.0040238856441494565,15.995575638521933,0.0048843523725619
2022-11-24,002594SZ,0.011353030841714167,0.013820651945270209,0.00435951971721363,-0.008424959449427607,15.959264853110579,0.0047101790040342
2022-11-25,002594SZ,-0.01731914421288551,-0.023810733358153507,-0.01329901074852065,-0.01755573461899403,15.98823351835818,0.0048486221946049
2022-11-28,002594SZ,-0.03681392688448428,-0.015664148242472562,-0.032270178559496085,0.0002448542945609399,16.109148645605746,0.0054718114430488
2022-11-29,002594SZ,0.02583014920342344,0.01839134410306896,0.024073435052521144,0.01293059039820152,16.329820577202796,0.0068228800183484
2022-11-30,002594SZ,0.008410277703065717,0.040501626222716525,0.014219457449248006,0.044196087624346125,16.87362304080058,0.0117527137378505
2022-12-01,002594SZ,0.07610768441706517,0.04125272890973011,0.07214712020869525,0.027140736687208376,17.06583024218838,0.0142433677873017
2022-12-02,002594SZ,-0.011559112355466635,-0.012553181492895136,-0.016901895458741892,-0.017324779138497042,16.267165358767187,0.0064085077859534
2022-12-05,002594SZ,0.0038804799662101783,7.476012414724443e-05,0.005436660398429176,0.004872169618841613,16.169103354568705,0.0058099062575107
2022-12-06,002594SZ,-0.020513720910902384,0.01498483112479512,-0.007242687162959968,0.015971400868005057,16.325165103367357,0.0067911900994003
2022-12-07,002594SZ,0.026885419095790664,0.02418695211915506,0.028960024226986708,0.02268538361057712,16.773883273341085,0.0106370628508212
2022-12-08,002594SZ,0.02253522665259978,-0.011856619445083424,0.011958928482980725,0.0020073364462038575,16.062378480381106,0.0052217863247618
2022-12-09,002594SZ,0.006299808896534228,0.009770360073876324,0.0021390418301641505,0.0014936850116646294,16.127970038333796,0.0055757738552439
2022-12-12,002594SZ,-0.012860117009817804,-0.015349518865908901,-0.012791036501455851,-0.017702215378283676,15.896553566611066,0.0044238688484975
2022-12-13,002594SZ,0.0001470821508742161,0.005579147664336874,0.005581390931555778,-0.00029655422948259247,15.630080218732898,0.0033890214853531
2022-12-14,002594SZ,-0.009567797300357608,-0.020425484961223764,-0.022135691975892872,-0.012682110183426824,16.060091785707378,0.005209859334413
2022-12-15,002594SZ,-0.011498123978098188,0.01048538545105002,-0.00034128932801429015,0.01881603310659679,16.08890841767648,0.0053621740073016
2022-12-16,002594SZ,0.013945068421332212,-0.0033478111465448804,0.015215011750343243,-0.00350571750795871,15.54178261155229,0.0031026097436374
2022-12-19,002594SZ,-0.004007179048464322,0.013287777162264302,-0.007277541944194566,-0.014934993832679705,15.944205489841131,0.0046397781257148
2022-12-20,002594SZ,-0.011553806657903839,-0.033650736439611625,-0.026437178149012423,-0.018557514759211132,15.954496373388782,0.004687772074288
2022-12-21,002594SZ,-0.016380110621113168,-0.011536672862949708,0.0035503120224566545,-0.0030628077222666257,15.249792618507726,0.0023169543816928
2022-12-22,002594SZ,0.0054138606906722975,0.0024697587361611436,-0.004207651404068244,-0.006192449099328895,15.594015235952124,0.003268974226756
2022-12-23,002594SZ,-0.026586014451963586,-0.02731466605179216,-0.031475494483676605,-0.027418303017099615,16.02179056640035,0.0050140884129779
2022-12-26,002594SZ,-0.015345558536363449,0.02731471381095701,0.006723907901408615,0.03980328271636282,16.051395221246235,0.0051647478936679
2022-12-27,002594SZ,0.04367901026090566,0.0018199166603899324,0.029729176218264937,-0.0011440289803303207,15.529966827526646,0.0030661657019336
2022-12-28,002594SZ,-0.022881719412708054,-0.01827329089398113,-0.026522486671001988,-0.02903009523478917,16.143410411437966,0.0056625339730683
2022-12-29,002594SZ,-0.013724860598744342,-0.0013127514343274024,-0.0034447001379236918,0.0005496271972042991,15.793137788762941,0.0039892323817941
2022-12-30,002594SZ,0.017600857381459677,0.0058164403701056406,0.017222922625204837,0.008637528598608725,15.828942363466899,0.004134652996983
2023-01-03,002594SZ,-0.00811802040011947,0.005935420738557212,-0.02570683699444492,0.013566707097076218,16.311804706704592,0.0067010605226073
2023-01-04,002594SZ,0.013903898869383698,-0.005513031915822113,0.025667754730710604,-0.005312005884617986,15.798917407444053,0.0040123553836823
2023-01-05,002594SZ,0.009645638217454792,0.026929861148064508,0.017621633474873694,0.022817546916906295,16.291511082360106,0.0065664422725142
2023-01-06,002594SZ,0.020323911005629917,0.013400678292499899,0.015356901587292934,0.0042163571306188625,16.446357416577754,0.0076661805679667
2023-01-09,002594SZ,0.00033583706761447485,-0.011869647125754716,-0.010656368438565905,-0.010650103555706695,16.25060378272998,0.0063032468373837
2023-01-10,002594SZ,-0.022451631857135206,0.005878231977813722,-0.01916915026842555,0.012114079094175131,16.66917539603509,0.0095796064897703
2023-01-11,002594SZ,0.010817054191714113,0.005253637999271236,0.015808455452126575,0.00896224357781471,16.367793573397385,0.0070869472174821
2023-01-12,002594SZ,0.024646493557489147,0.04843857295010054,0.03492103141869535,0.030425600434479262,16.92224380981609,0.0123382592339009
2023-01-13,002594SZ,0.02149772817449665,-0.01601782256977534,0.015760021743812656,0.004605480250352647,16.36816167808846,0.0070895564364048
2023-01-16,002594SZ,0.00420859474898363,-0.004152574931691055,-0.010969090222105229,-0.0173074136401795,16.61887033281002,0.0091096241058737
2023-01-17,002594SZ,-0.017270827778291555,-0.015435799719348475,-0.011351001840562884,-0.014013014164986378,16.22843523047931,0.0061650504349761
2023-01-18,002594SZ,-0.014568159503455068,-0.007312651752101491,-0.009114417556420697,-0.003673510409103674,15.968529877698348,0.0047540217217398
2023-01-19,002594SZ,-0.007327115650803376,-0.006073410702153256,0.00011258243115254113,0.005560737447263944,15.910316461020377,0.0044851750033055
2023-01-20,002594SZ,0.011579688664023357,0.0037956308530814045,0.00187427939858337,-0.0015908814572889107,16.16354079822003,0.0057776780422339
2023-01-30,002594SZ,0.0503703742205453,0.05759968452966461,0.05103116334760786,0.043190377741476674,17.154316161475258,0.015561148117631
2023-01-31,002594SZ,-7.931865812318073e-08,0.0027738052959525787,-0.0021732052229294645,0.013420568779966698,16.744623106176867,0.0103303300086208
2023-02-01,002594SZ,0.01040188003929538,0.05237821896971589,0.020299698180165898,0.06282036093630224,17.12234956671018,0.0150715778204545
2023-02-02,002594SZ,0.06026914462394417,0.0058973263791631736,0.047167908149815155,-0.005634661018837911,16.5103400155723,0.0081727146528328
2023-02-03,002594SZ,-0.01954438186016484,-0.020394087027710298,-0.024159421087243362,-0.02550257808587787,16.54302535538042,0.0084442561655037
2023-02-06,002594SZ,-0.0279241252870963,-0.0279241252870963,-0.01788428892171082,-0.017163256718919297,16.122551807528293,0.0055456447195998
2023-02-07,002594SZ,0.0010278481834004442,0.0027046523504047513,-3.476837478719332e-05,-0.003385375477620545,15.854582476746716,0.0042420367654338
2023-02-08,002594SZ,-0.01029280501807103,-0.011969609185075404,-0.016830727680662474,-0.011624354327189898,16.044464718849053,0.0051290773423811
2023-02-09,002594SZ,-0.017452417571588923,-0.0006229736752640798,-0.001769566459788885,0.00930333805792271,16.019919267513902,0.0050047143274744
2023-02-10,002594SZ,0.006597901063086907,-0.010161624285115675,-0.008180709056272058,-0.02269518934725979,16.37821216034683,0.0071611691715875
2023-02-13,002594SZ,-0.024324483923979248,-0.009170922839791457,-0.010555505717550815,0.0016307805510316752,16.050474516780834,0.0051599948751097
2023-02-14,002594SZ,0.01772660085279904,0.00426213662566848,0.0073361031584683765,-0.001240497514936719,15.81216392871632,0.0040658587261679
2023-02-15,002594SZ,-0.0035273559252353274,-0.0021112269935493985,-0.0019367105626080503,-0.010588920215415992,16.021938982983954,0.0050148326421586
2023-02-16,002594SZ,-0.010657305543678617,-0.007459910051537605,-0.01340796181180329,-0.007122126803075342,16.151028947359453,0.0057058389465439
2023-02-17,002594SZ,-0.012615029892981876,-0.01318140515796844,-0.013074068542619856,-0.019538413559976785,16.128011426759024,0.0055760046325417
2023-02-20,002594SZ,-0.017881060945608693,-0.017410739912420817,-0.0159028399113519,0.004187578353282902,16.385841485688445,0.0072160130099564
2023-02-21,002594SZ,0.0015086075367478251,0.011857842429148375,0.012209899679532085,0.0071228159738534825,16.24640152682044,0.0062768145552959
2023-02-22,002594SZ,-0.0003678249684962529,-0.014349008416874837,-0.005119001454078613,-0.015885325561287092,15.95661112745462,0.004697696050195
2023-02-23,002594SZ,-0.007382741954086735,-0.0034906325425227334,-0.0014885368010924547,7.400549101176343e-05,16.1216714501613,0.0055407647183179
2023-02-24,002594SZ,-0.0032659053524369984,-0.0066108033955770765,-0.005602348933239137,-0.010631827771238604,15.715640308956635,0.0036917527154603
2023-02-27,002594SZ,-0.015055854894665755,-0.014894684780030613,-0.03428906891741813,-0.029467947056248365,16.64698014726937,0.0093693269640035
2023-02-28,002594SZ,-0.015209354108440471,-0.014738176194326078,-0.0016679641097711228,0.0038032625556044843,16.303163765839425,0.0066434065013529
2023-03-01,002594SZ,-0.0009582695499585446,0.01717989834102154,0.0007374449502615877,0.017861101327451227,16.480358294585596,0.0079313193908687
2023-03-02,002594SZ,0.02038515204192668,0.005947526924690564,0.016315475843212787,-0.006764929166283845,16.25703090389382,0.006343889038353
2023-03-03,002594SZ,-0.004255362228592846,-0.01087463850537147,0.0003051473929453522,0.00030328405807712483,15.671521319583674,0.0035324170021483
2023-03-06,002594SZ,-0.003742958502192411,-0.0022647821936221998,-0.01569017358399999,0.0018178926893713207,16.232535147657273,0.0061903785194664
2023-03-07,002594SZ,0.0006817243024678719,0.008878691725757889,0.009643442449221279,-0.0136775266724436,16.17573124537395,0.0058485415793467
2023-03-08,002594SZ,-0.021735031539652304,-0.027337586915055407,-0.02133938025176471,-0.014256501952030294,16.307869453991938,0.0066747419728721
2023-03-09,002594SZ,-0.007767062868887428,0.00015384056060214183,-0.003889963993137555,-0.0035862959588064624,16.08486394385218,0.005340530630194
2023-03-10,002594SZ,-0.017699576274591615,-0.026638029779809752,-0.047196973454270916,-0.051813465762581924,17.16001091344847,0.0156500178049654
2023-03-13,002594SZ,-0.04164898888247947,-0.040533778351352065,-0.022116437196789563,-0.010958813050533825,16.632973573061612,0.0092390095635525
2023-03-14,002594SZ,-0.007141128693578468,-0.0018539534052564913,-0.016892961223420797,-0.0021229782406129646,16.804057931833064,0.010962924260101
2023-03-15,002594SZ,0.006230531570482135,-8.251342799300227e-05,0.01862140612882419,-0.0056832789280509685,16.306354546818994,0.0066646380127566
2023-03-16,002594SZ,-0.02728403315040194,-0.011864974497196007,-0.014467578557062053,-0.016180913172910344,16.28674297343611,0.0065352072829764
2023-03-17,002594SZ,0.0075459950460004255,0.005659684293269858,0.0065172476998809755,0.01320107163472383,16.41821972470038,0.0074534784326711
2023-03-20,002594SZ,0.004760993149285009,-0.006745265738805294,-0.003956364768659521,-0.009884364299841762,15.97102547840602,0.0047659006794931
2023-03-21,002594SZ,-0.004296519065054501,0.00062650078971821,0.0008095582059156533,0.0165870578297723,16.203104774776243,0.0060108481362946
2023-03-22,002594SZ,0.022167927629429207,0.033138627705838794,0.03057679349403203,0.015288995750030173,16.55853741483282,0.008576265196674
2023-03-23,002594SZ,0.003256472076974803,-0.008436844506028347,-0.010714862994046503,0.009372075798929838,16.09237827597828,0.0053808123106477
2023-03-24,002594SZ,0.010276622207174008,0.008638756930316143,0.016522467436224045,0.0021566030327680014,15.907600149764393,0.004473008402078
2023-03-27,002594SZ,0.0019939619717118055,-0.006644807149065777,-0.013187738859613602,-0.00968010439194474,16.040084054181808,0.0051066577143625
2023-03-28,002594SZ,-0.0060756435511353825,-0.001301787969165769,0.008701028137822168,0.005566213943346374,15.917753290477227,0.004518654826559
2023-03-29,002594SZ,0.008349529134952419,0.01847126670033228,0.016975609034240197,0.01091933355870264,16.48483815650219,0.0079669303154853
2023-03-30,002594SZ,0.01389611882425344,0.027393647639362244,0.01389611882425344,0.03763574165975714,16.856537512646458,0.0115536180774495
2023-03-31,002594SZ,0.03525130516699541,0.014129762403703202,0.01980262073685473,-0.004598522868058549,16.63096490508854,0.0092204700858913
2023-04-03,002594SZ,-0.011534777747969476,-0.010094454161196505,-0.010803257914147468,-0.0003906276684668301,16.40845857670954,0.0073810778525028
2023-04-04,002594SZ,-0.0007424985801031238,-0.00945440136604195,-0.01707186093991785,-0.019730758534073144,16.43832482322986,0.0076048479124163
2023-04-06,002594SZ,-0.031006199207345393,-0.01946018874754364,-0.00935857209565468,-0.0036732115630178485,15.918940561939818,0.004524022883179
2023-04-07,002594SZ,0.008232176488827497,0.004970102836328867,0.01072868043981163,-0.0028841474924718937,15.743008233012418,0.0037941836055878
2023-04-10,002594SZ,-0.0030841720382468432,-0.003695444185691488,-0.009426997997893415,0.0068761615921043885,16.098483789465188,0.0054137654316472
2023-04-11,002594SZ,0.01144734834598144,0.013012123442023566,0.01051364951040614,-0.004672263430591826,15.984051326806911,0.004828386669434
2023-04-12,002594SZ,-0.013374766686667695,-0.022612206442568276,-0.021426664853570844,-0.026074553909986604,16.234363850941392,0.0062017092431126
2023-04-13,002594SZ,-0.03359667432684508,-0.023587913163224467,-0.02311469981499688,-0.0023856805712069904,15.906938104630765,0.0044700480483192
2023-04-14,002594SZ,0.011653509786708338,0.01822796061921366,0.021716511490027464,0.013254976917317722,16.17169755345829,0.0058249978781738
2023-04-17,002594SZ,0.006552094283089779,0.00889074037033733,0.005008264750090935,0.013643055602706889,16.017101809707686,0.0049906335997117
2023-04-18,002594SZ,0.021801360060545304,0.009962976327756515,0.017172794901127063,-0.0017655628779160138,15.875160149790926,0.0043302323401349
2023-04-19,002594SZ,-0.005606722027500038,0.004036585374472981,-0.009504073357785458,0.00740227515556297,16.230776626546664,0.0061795021731315
2023-04-20,002594SZ,0.0037279595748269563,-0.012998822177730627,-0.004439090567174033,-0.023515311268692853,16.12117400795179,0.0055380091932135
2023-04-21,002594SZ,-0.021965562713523977,-0.003928810798775671,-0.008196789482782353,-0.008278436241272377,16.157820948326034,0.0057447249212344
2023-04-24,002594SZ,-0.0016372754698707145,0.03803046015221133,0.000740467451195945,0.04226298389297339,17.100239102532694,0.0147419952652713
2023-04-25,002594SZ,0.02787494083645126,-0.026647352102147148,-0.00403805712318519,-0.03692740132825848,16.746270829774883,0.0103473655691543
2023-04-26,002594SZ,-0.03239152610811518,0.010822804140533021,-0.004966915345060572,0.027055918059364217,16.674804646835625,0.0096336845671054
2023-04-27,002594SZ,0.028399521224083752,0.0173314917239258,0.034862421356392496,0.031066293108462695,17.003780319204107,0.0133864292931573
2023-04-28,002594SZ,0.04485855662859608,0.015250464315170959,0.017674874525627507,-0.011888847611728674,16.77013334776027,0.0105972493501487
2023-05-04,002594SZ,-0.025055981626105815,-0.020593173328172558,-0.010288963085937422,-0.013139919801099792,16.284662755527464,0.0065216267567253
2023-05-05,002594SZ,-0.009654238532028271,-0.014900143556547004,-0.01381812562229563,-0.009749516831926335,16.142198821569213,0.0056556774580869
2023-05-08,002594SZ,0.0017802499008506799,0.020667565991284588,0.018263391962704115,0.015711479687874567,16.313877954039448,0.0067149678913472
2023-05-09,002594SZ,-0.011768685533386341,-0.022402781503557647,-0.014037648972319319,-0.015551616962282782,16.011454760414736,0.004962530666659
2023-05-10,002594SZ,0.0038320978339556914,0.0342198951090195,0.0008029151169819906,0.03797285862395633,17.049042061795376,0.0140062435616446
2023-05-11,002594SZ,0.038185774270724115,0.028649598466822142,0.0373359363692245,0.015128002321697228,16.88000778370025,0.0118279918569578
2023-05-12,002594SZ,0.019857622284030672,-0.005761452884996462,0.0032420444623216926,-0.013935424736526801,16.162816020929217,0.005773492029142
2023-05-15,002594SZ,-0.02243025245561557,-0.0063577236329988955,-0.0031647318103096987,0.018286037721997297,16.43236814377963,0.0075596829180879
2023-05-16,002594SZ,0.01635927145759963,0.003258835120211725,0.0172452356463313,0.000868043109160299,15.915236473626816,0.0045072964979728
2023-05-17,002594SZ,0.002266605101837978,-0.006076512331325405,-0.016047643420171384,-0.015699989115927647,16.007790262879116,0.0049443787623545
2023-05-18,002594SZ,-0.010203181168469055,-0.0072495964254535895,-0.009504131758004086,-0.007383533767022027,16.125038096319457,0.005559449950062
2023-05-19,002594SZ,-0.01583179903451982,-0.011280520877693621,-0.0010139065368871927,0.0003859838518441989,15.60903230679839,0.0033184351018374
2023-05-22,002594SZ,0.010556910938765394,0.01928241064852218,0.003038682786976208,0.022584363828104668,16.301793094119702,0.0066343068089523
2023-05-23,002594SZ,0.01566693954649619,0.0033028763902534695,0.02250058863332526,-0.008219279413751389,16.019593893483986,0.0050030861881169
2023-05-24,002594SZ,-0.013064173741548007,-0.0070693379043810164,-0.013054107029539934,-0.0038868883438634354,15.733799295395688,0.0037594035896633
2023-05-25,002594SZ,0.0013751604115829876,-0.004349027406583193,-0.017021301280421928,-0.024387185301471583,16.396325390535353,0.0072920629631843
2023-05-26,002594SZ,-0.03480230945517911,-0.04199130470871001,-0.049574350415592314,-0.034265884615706135,16.737668463126575,0.0102587354926986
2023-05-29,002594SZ,-0.011928603179192063,-0.009731007455470305,-0.0033003779115942156,-0.008375479001198304,16.339020101889556,0.0068859368784471
2023-05-30,002594SZ,-0.016332636898749562,0.017605061702647713,0.015702551553865386,0.029250016028867183,16.630203991691033,0.0092134567748511
2023-05-31,002594SZ,0.025094110123470643,-0.00039230819459678385,0.015419614444471309,0.005772340172594781,16.286835222083113,0.0065358101748646
2023-06-01,002594SZ,0.005772402616320883,0.011623103909762886,0.014238249263782055,0.007031893724080282,15.975791259296319,0.0047886681297549
2023-06-02,002594SZ,0.016499563712651592,0.006609056214776791,0.009315583002827494,0.01403298825996034,16.21956645147316,0.006110615701817
2023-06-05,002594SZ,0.004333720488371695,-0.0020437253357708293,-0.015495009966163636,-0.0028604927090268143,16.164927040838492,0.005785692860495
2023-06-06,002594SZ,-0.004062309888526628,0.02267007710531551,0.017761532359274922,0.009861332191572984,16.372591502031582,0.0071210315889202
2023-06-07,002594SZ,0.015578713033669719,-0.00590415436422794,-0.0026578598826269375,-0.016736996104803743,16.122986570886223,0.0055480562871527
2023-06-08,002594SZ,-0.02242515329322022,-0.01761556705102502,-0.004039469753268515,-0.0060600004044702215,15.67888144507003,0.0035585119518701
2023-06-09,002594SZ,0.010136188851357789,0.0010040547004811883,-0.007771667314768303,0.011696079379912667,16.190267650325477,0.0059341792803133
2023-06-12,002594SZ,-0.008926850331448626,0.014939921569751937,0.011811161444998193,0.009681701254163597,16.146597778611003,0.0056806113440349
2023-06-13,002594SZ,0.015474196475647874,-0.0038095285236171565,0.006359402817857362,0.002721683056382993,15.913669334193068,0.0045002384669299
2023-06-14,002594SZ,0.008333696530182155,0.012856017931395822,0.016852495219910085,0.006791087638803415,16.34742809152805,0.006944077850842
2023-06-15,002594SZ,0.0031167477248383235,0.03560691192639812,0.006821748422909452,0.033206691443639164,17.009934169343925,0.0134690613682637
2023-06-16,002594SZ,0.03856365522860764,0.003085991189241846,0.02516589004873364,-0.0029468299094594828,16.53875691047219,0.0084082891371619
2023-06-19,002594SZ,-0.010203129630246954,-0.003158826638649341,-0.007882908677554418,-0.006922305239906497,16.329690856072695,0.006821995003974
2023-06-20,002594SZ,-0.007665209242452992,-0.021279923183131978,-0.011186632475174648,-0.0035721993745329943,16.141481751897334,0.0056516233966079
2023-06-21,002594SZ,-0.007462504799144768,0.015042200695778912,0.005083281465028398,-0.0017537005215906415,16.193312301158493,0.0059522743184415
2023-06-26,002594SZ,-0.017301779849643574,-0.016938582631513124,-0.014946860976369686,-0.01842997814110278,16.133104748804257,0.0056044774717896
2023-06-27,002594SZ,-0.0015635011001431298,-0.018177468807175388,-0.020101516065455505,-0.010861820181078508,16.108334768158738,0.0054673598704346
2023-06-28,002594SZ,-0.007739176336443276,-0.005129713508315663,0.003959849545293322,0.0007688216612942357,15.560694009989378,0.0031618427674562
2023-06-29,002594SZ,0.0009610815952643699,-0.006573941601607677,-0.011182042575837891,-0.017637832017138803,15.937593158662871,0.0046091995816486
2023-06-30,002594SZ,-0.023796818243123224,-0.002995581372280698,-0.006012705178104914,0.01000055936414452,15.840025502271503,0.004180732819021
2023-07-03,002594SZ,0.018518719362968318,0.035032954827393804,0.02021223111214063,0.035039364416363114,16.604003817358247,0.0089751974340638
2023-07-04,002594SZ,0.0364863242609501,0.02105660782405515,0.029047213308721006,0.014917364158210886,16.56993550051323,0.0086745774297629
2023-07-05,002594SZ,0.01114803726871982,-0.009205896290839044,-0.003081634040734093,-0.016713536832145385,16.04588123873403,0.0051363479314615
2023-07-06,002594SZ,-0.016750419339166003,-0.0017632616015110943,0.004168972810244789,0.004111338944109812,15.940306128962897,0.0046217211824037
2023-07-07,002594SZ,1.2319613902884337e-07,-0.016084411049685013,-0.010133517523703296,-0.013896859918461707,15.643143960222199,0.0034335852440898
2023-07-10,002594SZ,-6.210489560070805e-08,0.006850796193982825,-0.005162679915970009,-0.003220090014516203,15.745256916832242,0.0038027251261028
2023-07-11,002594SZ,-0.007518835227176525,0.004405870531514262,0.003988181439192674,0.021694283886049454,16.1418630551876,0.0056537787903181
2023-07-12,002594SZ,0.020542304286812387,0.0016979190701140766,0.0032548351590331553,-0.013908299350461884,15.979200872487839,0.0048050235045684
2023-07-13,002594SZ,-0.011152582880945505,-0.006103811358749719,0.0013215498609156376,0.008323337469787176,15.928785974029735,0.0045687837411868
2023-07-14,002594SZ,0.0011209521015172984,-0.00632787191147319,-0.005714099228757809,-0.012851327387820848,16.14495216452776,0.0056712709365581
2023-07-17,002594SZ,-0.00299182924260685,-0.00299182924260685,-0.004373954552340496,0.0003023639143435179,15.881444278419178,0.0043575297610403
2023-07-18,002594SZ,-0.0065758740408740435,0.0021325901843523157,-0.00707664533879863,0.003736150048084666,16.10254018967033,0.005435770433468
2023-07-19,002594SZ,0.0009042847199927581,-0.006261042616265864,0.00856197548779783,-0.0024515658585354118,15.429936210914368,0.0027742964635925
2023-07-20,002594SZ,3.778977308557271e-05,0.01344820255117627,0.00478427777027447,0.00045320251483713504,16.02675330886418,0.0050390338930007
2023-07-21,002594SZ,-0.0056658373992277515,-0.017593712248811066,-0.0093237798651319,-0.0023807568330043074,15.834233473409398,0.0041565878822564
2023-07-24,002594SZ,-0.011390226408883708,-0.007695576372649756,-0.01564445811501794,-0.026140679380777757,16.076756647812136,0.0052974084014208
2023-07-25,002594SZ,0.006377732237812226,0.015932041882593534,0.019841434667183546,0.02716168110469423,16.67130726157071,0.0096000507082871
2023-07-26,002594SZ,0.004103030674806291,-0.012171603823684247,-0.007835707723231113,-0.009493573652070346,15.700530987567879,0.0036363921126158
2023-07-27,002594SZ,0.0028015989247252887,0.007591579380692463,0.0007670785491478743,-0.00175664826765347,16.237217345766148,0.0062194310624529
2023-07-28,002594SZ,-0.012785041068109248,0.01142348149569269,-0.0055672645577292635,0.024691927044917787,16.667997323568063,0.0095683276634111
2023-07-31,002594SZ,0.03774041305925066,0.032820012528430184,0.04416557945421099,0.018553492972151454,16.883843314409372,0.0118734455989581
2023-08-01,002594SZ,0.006497341567912556,-0.013907797252657152,-0.012603249466637904,-0.012951211567858572,16.303246036174976,0.0066439530791636
2023-08-02,002594SZ,-0.003908126658880072,-0.002790265745831556,-0.0005255299447458419,-0.0018639420244448352,15.983346603006643,0.0048249851887351
2023-08-03,002594SZ,-0.01271438158210128,-0.01302553544558556,-0.0031961140596855286,0.000857948514189721,15.705150990608049,0.0036532311259769
2023-08-04,002594SZ,0.00637735840575917,0.005904731578417209,0.004284356622511205,0.0002608335622017166,15.990866187968063,0.0048614038338941
2023-08-07,002594SZ,-0.003948509088954564,-0.007955552979555672,-0.005490420972306907,-0.004894610226968325,15.674988019699644,0.0035446840853572
2023-08-08,002594SZ,-0.010241323722523553,-0.005351384457860376,-0.010157248707408872,-0.013917050834186605,16.031577497768378,0.00506340187768
2023-08-09,002594SZ,-0.012139830687847276,-0.011320905732190181,-0.008723346276527861,-0.0015203417285632461,15.796503475070153,0.004002681508531
2023-08-10,002594SZ,0.003809455243966916,0.0051856799927320705,0.0019577340321216496,-0.0007610385333595736,15.607538491152654,0.0033134816714152
2023-08-11,002594SZ,-0.0011793481361626172,-0.008226332971758009,-0.00665695106864904,-0.013219851033402273,15.96872856149722,0.0047549663627844
2023-08-14,002594SZ,-0.029711110394421956,-0.021975624054008127,-0.06179082874607575,-0.05319327305502652,17.04588150008651,0.0139620458444115
2023-08-15,002594SZ,-0.03666390863769939,-0.04317721822154288,-0.006551458154395325,-0.005220677382082693,16.25804279357416,0.0063503116036786
2023-08-16,002594SZ,-0.010386598874764256,-0.0025629708816704544,0.0012807071487146307,-0.001391364725615253,15.894694191388634,0.0044156508578784
2023-08-17,002594SZ,0.00036987932899860965,0.003415752102435445,-0.007500950215632125,0.007384632693739473,15.976941680161007,0.0047941802841614
2023-08-18,002594SZ,0.008958419240165123,-0.0031713624164257216,-0.0016652423163225978,-0.02352565228242649,16.102641955335166,0.0054363236364643
2023-08-21,002594SZ,-0.02373606534522748,-0.023402502009365857,-0.02510415660480506,-0.024774778803712566,16.364011611476226,0.0070601952701899
2023-08-22,002594SZ,-0.007660601272336075,-0.0057694747157378675,-0.013550057246728014,0.0005544194870787585,16.232458622635296,0.0061899048186971
2023-08-23,002594SZ,-0.014518534257139325,-0.016743224149599126,-0.0037749942620862722,-0.01915563382022332,15.910303166765589,0.0044851153766352
2023-08-24,002594SZ,-0.01516513224996369,0.010434033035972706,0.0042512582640586655,0.020689357174027315,16.183982637507604,0.0058969998430096
2023-08-25,002594SZ,0.009778436406507739,-0.011329786362625183,0.002118866345284093,-0.009839630688254986,15.714258267387505,0.0036866540830541
2023-08-28,002594SZ,0.06118931230454053,0.05669836978773697,0.011809057319313579,0.01251803209759442,16.40723194052366,0.0073720295052905
2023-08-29,002594SZ,-0.04617058613536971,-0.002018125664997843,0.010869238911080829,0.046375334785974304,16.87526623563084,0.0117720416125963
2023-08-30,002594SZ,0.051519178170942315,0.01591309310851652,0.04552521248645246,0.012446997050435907,16.53803785832885,0.0084022453116123
2023-08-31,002594SZ,0.004721519733625256,-0.0019105540475470315,0.0006454136232095093,-0.001602571784460986,15.998568257293739,0.0048989912722101
2023-09-01,002594SZ,0.009890673144640172,0.013769838437250308,2.3770076989564256e-09,-0.0011233179106856902,15.866704876906006,0.0042937733917635
2023-09-04,002594SZ,-0.005548960218083143,-0.005793487495038153,0.0035421054678889782,0.013278488155262246,16.082588776959224,0.0053283938423016
2023-09-05,002594SZ,0.002381841758061095,-0.003167097884367585,-0.0007637420648807164,-0.013639851570259353,15.824670585714024,0.0041170283470313
2023-09-06,002594SZ,-0.008761509530166531,0.00039644035034910137,0.002449836077913922,0.00568590542316512,15.70149734818935,0.0036399078777661
2023-09-07,002594SZ,0.0016786194623437509,-0.007479330418171957,-0.004784767701521335,-0.008218925734800072,15.62237257410754,0.0033630005168704
2023-09-08,002594SZ,-0.013710694040586101,-0.013710694040586101,-0.022087272373051917,-0.017667183161701957,15.727042342179185,0.0037340870992478
2023-09-11,002594SZ,-0.01349084948676389,0.006014047941359929,-0.0020210984887292518,0.012055666366431943,15.850392007342187,0.0042242978310308
2023-09-12,002594SZ,0.02030936354500034,0.01940797928789279,0.02002929229135865,0.019960599698766686,16.296513012959213,0.0065993694448702
2023-09-13,002594SZ,0.013181787484744259,0.0035852040698869645,0.013266515667567313,-0.0017475984025212756,16.02903468408451,0.0050505429445589
2023-09-14,002594SZ,-0.020850824619764546,-0.029250184143625926,-0.03412193019907551,-0.031991129569675994,16.54061621765498,0.0084239372734142
2023-09-15,002594SZ,-0.011410044502986102,-0.00044550141158349423,-0.0020268341985737975,0.002705350259969935,15.922761313996544,0.0045413411182974
2023-09-18,002594SZ,0.0020470562758066824,0.01750905648250618,0.011445131960285881,0.01256959167508635,16.081485918227116,0.0053225206152808
2023-09-19,002594SZ,0.00611621278434688,-0.0116923000496024,-0.002007801332418465,-0.0008492983305280415,15.646441700681647,0.003444927009712
2023-09-20,002594SZ,-0.004073278764611558,-0.008087994919345497,0.0008200423515905162,-0.01290807967130406,15.511073137710483,0.0030087783443989
2023-09-21,002594SZ,-0.008196767241965669,-0.009833818719834115,-0.02258928057592483,-0.017863555560457437,16.045144563201863,0.0051325655025915
2023-09-22,002594SZ,-0.014424560751225547,0.0073131486941880545,-0.0002096903462590839,0.022157558119046808,16.085200179221346,0.0053423266075862
2023-09-25,002594SZ,0.030062923547314584,0.005358877451001208,0.024232352444659634,0.0030559398166924868,15.684027498226754,0.0035768714453229
2023-09-26,002594SZ,-0.007441635899583372,-0.008049132312531362,-0.025071250250072476,-0.030148897685547748,16.287523101574433,0.006540307571679
2023-09-27,002594SZ,-0.02433447959270489,-0.011411770107261864,-0.002142462612784095,-0.002813138590869149,15.840148440603427,0.0041812468230026
2023-09-28,002594SZ,-0.001297293471711852,-0.011292980404187457,-0.007344231195239409,-0.004762624928216101,15.958603782344195,0.004707066271007
2023-10-09,002594SZ,-0.00883293624234281,-0.004142247282896419,-0.027443735198247353,0.005351071237590102,16.032436668162184,0.0050677540725104
2023-10-10,002594SZ,0.00530913145507584,0.006311070412421694,0.03146018538940754,-0.00025213960124251196,15.670817745146497,0.0035299325575541
2023-10-11,002594SZ,0.016669861273294565,0.010279470194520293,0.00421056335705817,0.0028541468223163865,15.852615156084491,0.0042336995214743
2023-10-12,002594SZ,-0.006468318662693962,0.012295191908843853,0.004192833311841915,0.024264149304091456,16.449849272404563,0.0076929965587196
2023-10-13,002594SZ,0.0062202244194988696,-0.011182427261624016,0.003341712695301163,-0.01687296522828982,15.70930361475711,0.0036684331663998
2023-10-16,002594SZ,-0.006220179468859585,-0.006985638812252602,-0.013857011744184458,-0.01192806163823154,15.702916817003816,0.0036450782830161
2023-10-17,002594SZ,-0.012052381471322319,-0.0045316101562459495,-5.264256880194778e-08,0.002060916305592127,15.408078977255368,0.0027143158980002
2023-10-18,002594SZ,0.033452374431692126,0.04485566218595762,0.03122001911177007,0.045463338939959276,17.242579856563996,0.016997070413603
2023-10-19,002594SZ,0.0054816761812581626,-0.01214514042628342,-0.015113630370395821,-0.034598159275548726,16.508469388352008,0.0081574408395661
2023-10-20,002594SZ,-0.02854693983911053,-0.02519681377921696,-0.008901895045430586,-0.0058358081424461925,15.963295326824554,0.0047292015681443
2023-10-23,002594SZ,2.2505743909816284e-09,-0.007472025209126588,-0.008473772659175786,-0.0023019891909876232,15.810711970107779,0.0040599595505035
2023-10-24,002594SZ,-0.0029209491087026076,0.0020811327699323374,-0.0064986601451015764,-0.013074833208690791,16.220462058745365,0.0061160908656039
2023-10-25,002594SZ,-0.005573377859354961,-0.002039513920529578,0.006583324591420126,0.007823247735687629,15.939874555769176,0.0046197270015427
2023-10-26,002594SZ,-0.008058586777677826,-0.005054137955746517,-0.0022037483572580193,0.005084000025798454,15.806112142729873,0.0040413273202442
2023-10-27,002594SZ,0.008184649949544027,0.01949052416132227,0.007692027385529474,0.013900634070952211,16.149648289429425,0.0056979665697728
2023-10-30,002594SZ,0.006324485259616041,0.00610048551788098,0.004955684349921626,0.010893179813313222,16.27762168621288,0.006475868808287
2023-10-31,002594SZ,0.016521759316054985,-0.004090188955340782,-0.005039933594022987,-0.02508730171010738,16.358723536559737,0.0070229589667099
2023-11-01,002594SZ,-0.02284622537561732,-0.024856546213656325,-0.008796434792630323,-0.009858048686270163,16.049714342428615,0.0051560738694412
2023-11-02,002594SZ,-0.0005884590184976913,-0.000504361518847639,-0.00263709746744099,-0.00594484310396165,15.96043747705926,0.0047157055130094
2023-11-03,002594SZ,-0.009928867651941,0.005324627377595058,0.0003407134012401538,0.016263965063278502,16.020256004749484,0.0050063998851069
2023-11-06,002594SZ,0.021008246582468026,0.017738404943713534,0.021564109901862638,0.017651745778270687,16.479594033391688,0.0079252601065527
2023-11-07,002594SZ,0.010299807004399017,0.003567603528958913,0.002122732088499814,-0.00797735185306721,16.061662221312634,0.0052180475116968
2023-11-08,002594SZ,-0.010923603383111269,-0.014181098436767561,-0.005545232012476054,-0.004033488185820915,15.896552693010847,0.0044238649838059
2023-11-09,002594SZ,-0.001498904782843872,-0.0004568298079353742,-0.003518191740646355,-0.0029209417945957315,15.805885202428613,0.0040404102841395
2023-11-10,002594SZ,-0.004175393136369561,-0.00729552047261331,-0.011308128198489777,-0.009826650540246055,15.91844777668064,0.0045217940603285
2023-11-13,002594SZ,-0.004697160601503536,-0.003436866377186791,-0.002379096352365937,0.0006749686279863183,15.757677567347883,0.0038502519990923
2023-11-14,002594SZ,-0.0024411813031497125,8.399227993341577e-05,0.006360003593229613,0.0021485489362541286,15.524188373262277,0.0030484990924732
2023-11-15,002594SZ,0.010896984629144327,0.007528295760003091,0.007159436097476045,0.004241291484073153,15.878462896888916,0.0043445576476654
2023-11-16,002594SZ,-0.00041693689579527126,-0.0008337158340537665,-0.004542458975805784,-0.0014257885495417245,15.635048604997548,0.0034059013540253
2023-11-17,002594SZ,-0.011745068966915795,-0.00505862781385748,-0.005156135503759348,-0.006483405072314995,15.598267963258603,0.003282905887843
2023-11-20,002594SZ,-0.005076171397666512,-0.008798405664152995,-0.006035147434529365,-0.007461463784912959,15.853751778358975,0.004238514375098
2023-11-21,002594SZ,-0.0004666111447517725,0.0007607762446645445,-0.0039296086233980105,-0.0034100786972864824,15.924345232823487,0.0045485399345339
2023-11-22,002594SZ,-0.009335278497972223,-0.013526872773960434,-0.016309591101651817,-0.01809609222993775,16.17231002982144,0.0058285666448088
2023-11-23,002594SZ,-0.012931259524257464,-0.009553029530901577,-0.012079009066357598,-0.005099975981959185,16.17413518909023,0.005839214422241
2023-11-24,002594SZ,-0.0074025648969302865,-0.010780794890286188,-0.052981729583304785,-0.05377345466958586,17.150067620146267,0.015495176175875
2023-11-27,002594SZ,-0.07626196641581917,-0.07626196641581917,-0.04948672549223895,-0.03735022732660187,16.885797646679922,0.0118966729475192
2023-11-28,002594SZ,-0.014634933908022675,-0.0010855284612427249,0.00975704156338488,0.004823191487165923,16.3186781243472,0.006747278369345
2023-11-29,002594SZ,0.004584593844938641,-0.00886957593675431,-0.027523724588082346,-0.03851019686112653,16.90312126597827,0.0121045618854875
2023-11-30,002594SZ,-0.040250436025325534,-0.034756214757534654,-0.01470620015159045,-0.014110422880318942,16.74532821733214,0.0103376166085664
2023-12-01,002594SZ,-0.0055710355894559175,-0.009465941436084091,-0.028831867415507983,-0.010600698805051281,16.781761805252092,0.0107211982909565
2023-12-04,002594SZ,-0.017256994583867105,-0.007648048142027695,0.004088927104328877,-0.003355087984466639,16.280326398935788,0.0064934078829249
2023-12-05,002594SZ,-0.00025377601995933593,0.003356377835383008,0.01032869215990585,-0.0002546290364872466,16.539253514488887,0.0084124657645743
2023-12-06,002594SZ,-0.003304913055672377,0.006380876371699417,0.0019917786454228363,0.024401919296895475,16.685381264723098,0.0097361171135292
2023-12-07,002594SZ,0.024350969210540353,-0.00019879587843540163,0.006610803249116242,-0.008686150301962925,16.149296308500986,0.0056959613469359
2023-12-08,002594SZ,-0.010794237721093414,-0.004183722905098044,0.005156444779092671,-0.00452264148605242,15.865783296343091,0.0042898181559695
2023-12-11,002594SZ,-0.011521624820549236,-0.003900535025179289,-0.018730180438975685,0.003218231276175204,16.128900665969855,0.0055809652402483
2023-12-12,002594SZ,0.007241752579451575,-0.004268101385717566,0.007574964750114108,-0.014462260903164919,15.892414131726435,0.0044055943782597
2023-12-13,002594SZ,-0.0119797824354089,-0.014751208803433214,-0.022690729318221605,-0.023343765967386826,16.279661030972253,0.0064890888140225
2023-12-14,002594SZ,-0.01450569524811986,0.0018366836489870297,-0.003186775788204638,-0.003237800859727008,16.0400985412885,0.0051067316956015
2023-12-15,002594SZ,0.00041444958883179187,-0.009166102349774828,-0.00015696537216091405,0.010924572323727287,16.136341675219498,0.0056226481474532
2023-12-18,002594SZ,-0.010517148288713482,-0.009770323583019267,-0.014602700148363217,-0.022075526423548708,16.12319741480146,0.0055492261845072
2023-12-19,002594SZ,-0.013330369149615226,-0.02004374015959716,-0.011482995396464654,-0.005622455283509088,15.887042526278137,0.004381992706713
2023-12-20,002594SZ,-0.0010613396844727269,0.0034391606675639027,-0.006953643383732742,-0.01673492412318321,15.954691977248608,0.0046886891103926
2023-12-21,002594SZ,-0.026908000052340928,0.003427182351755717,-0.010986735662703487,0.02563134608097358,16.404397571438373,0.0073511640353902
2023-12-22,002594SZ,0.03520980783927997,0.028027663967535563,0.027988532200581086,0.013458244966566342,16.28359034347823,0.0065146366338347
2023-12-25,002594SZ,0.01619262359544631,-0.00605784470532599,0.01147411017853107,-0.00036419327975756034,15.497638738083852,0.0029686275113605
2023-12-26,002594SZ,-0.004361843825597779,-0.010560195063426923,-0.001104720411384115,-0.00223998680050285,15.235731353783594,0.0022846030483839
2023-12-27,002594SZ,0.0043618202607772485,0.0069491438257282745,0.0036774331881321352,-0.0015657695191261358,15.629749297838627,0.0033879001726929
2023-12-28,002594SZ,-0.010259745598140638,0.026317292672725107,-0.00020977440918056587,0.03389284341517964,16.44579962994531,0.0076619056669682
2023-12-29,002594SZ,0.040723602587833016,0.005722056514264534,0.033473087338938015,-0.0002524945354039629,15.899532842005684,0.0044370684265774
2024-01-02,002594SZ,0.0032113998149433647,-0.0009013470299141577,-0.02454425416850753,-0.027651499979698686,16.248495031449412,0.0062899688612744
2024-01-03,002594SZ,-0.036269321464958135,-0.029227737945085378,-0.008719088244525847,0.0029550803727991376,15.949510950044978,0.0046644597025118
2024-01-04,002594SZ,0.009513074659324333,0.004015281354698551,0.002095431401333621,-0.0007767433057246927,16.01129376369001,0.0049617317796972
2024-01-05,002594SZ,-0.009668859738352287,0.014535561700850748,0.00015698721827503775,-0.0017630688043478793,16.235006217235068,0.0062056942922418
2024-01-08,002594SZ,0.001713025348518825,-0.01963459013500815,-0.010413600419877747,-0.017169664110437757,15.908342052762869,0.0044763281721547
2024-01-09,002594SZ,-0.009379953986880032,0.012010612108693123,0.005535831226936902,0.01810340769208616,16.233088308238628,0.0061938037404137
2024-01-10,002594SZ,0.0036582473819960523,-0.01387121593208246,-0.0031594707573637084,-0.013415309918881211,15.781450759433106,0.0039428814792459
2024-01-11,002594SZ,-0.007855503210380652,0.027552729052666192,-0.004175419677034494,0.03353715505808211,16.587234844186877,0.0088259474616069
2024-01-12,002594SZ,0.034010163352026064,-0.0022673235001012125,0.03374434361987409,-0.004635248112328019,15.979093894568564,0.0048045095005867
2024-01-15,002594SZ,-0.010523658693440604,-0.006325078744414551,-0.014805072465984188,-0.006453536875899903,15.76455778125273,0.0038768338999545
2024-01-16,002594SZ,-0.004220148585410816,-0.002286905191631151,0.0033723381179588986,0.0035392506311437656,15.94146121181047,0.0046270627382814
2024-01-17,002594SZ,0.0015460479945209045,-0.010227613654925492,-0.033014274628745045,-0.04449827275409272,16.59305398535509,0.0088774566232315
2024-01-18,002594SZ,-0.045025444167745884,-0.018415838841827323,-0.010169353879715504,0.01950858584520469,16.254300491733538,0.0063265912308902
2024-01-19,002594SZ,0.02047315185603125,0.010209538218207496,0.02028921411018135,-0.006002840457406832,15.90620319304963,0.0044667641646644
2024-01-22,002594SZ,-0.0032773757109146803,-0.008640071829141989,-0.02218385145989521,-0.02135238085480025,16.39754195235886,0.0073009396076702
2024-01-23,002594SZ,-0.020703037775126727,-0.012307445417728166,-0.0014096604012918828,0.013451907113271083,16.21998080453526,0.0061131481790067
2024-01-24,002594SZ,0.022871555880960626,0.004698918025680829,-0.0011944383818496321,0.004514618868957427,16.083930823249233,0.0053355495948319
2024-01-25,002594SZ,-0.00211551155723447,0.005515343527417138,0.008546571617425313,0.006339113070582626,16.38635856108183,0.0072197451978358
2024-01-26,002594SZ,0.0006350931992724469,-0.010002686931452908,-0.0008621848808251614,-0.02150388349614426,16.265261853152726,0.0063963207570703
2024-01-29,002594SZ,-0.016538112637605972,-0.01600030081955049,-0.039531246666563935,-0.04074124094422578,16.49682334562842,0.0080629899854754
2024-01-30,002594SZ,-0.07145493900502976,-0.058221624808276785,-0.045961992311306585,-0.03693237689335859,16.763947796585867,0.0105319018321341
2024-01-31,002594SZ,-0.01156425071014446,-0.0011404008340236904,0.00011742079318123937,-0.007236751042179408,16.344182227322726,0.0069215748559048
2024-02-01,002594SZ,-0.006391238264708442,-0.013093056708120476,-0.011574478943262228,0.0009367719457429754,16.272109892906926,0.0064402733424368
2024-02-02,002594SZ,0.005631158620920481,-0.006495061793997384,-0.032293087219050984,-0.02302631328173435,16.510081791223364,0.0081706045312241
2024-02-05,002594SZ,-0.03548414885394812,-0.0005819785552499921,-0.0014732997400809817,0.00597019451443399,16.739833882951995,0.0102809740323112
2024-02-06,002594SZ,0.00604230201708013,0.024894209601973936,0.01663299472637427,0.04578106614237102,16.684487061005996,0.0097274149322637
2024-02-07,002594SZ,0.06557340657310474,0.0383773790860975,0.06208088486182652,0.02076437185002579,16.58868479625607,0.0088387539453421
2024-02-08,002594SZ,0.023639423852104952,0.0019107781937892365,0.025786133777115746,0.008926409792959463,16.29411128380691,0.0065835385639155
2024-02-19,002594SZ,0.01308284275799039,0.010849066021170313,0.006289009996416848,0.012778891914501172,16.297806135200656,0.0066079087569901
2024-02-20,002594SZ,-0.0020687640765309277,-0.009050923348887595,-0.026977460910060064,-0.02471714626478859,16.24347085966009,0.0062584462282624
2024-02-21,002594SZ,-0.03550006658293387,0.010398801640339983,-0.001922708867904204,0.02198861919203382,16.508061192311516,0.0081541116838098
2024-02-22,002594SZ,0.03222494627019443,-0.01061653368342005,0.02570543577111621,-5.4612786285211635e-05,15.906215182322814,0.0044668177182479
2024-02-23,002594SZ,0.0004919416790773523,0.0019040492509772894,-0.002375133651880857,-0.0016956611882983433,16.025705214551788,0.0050337552763861
2024-02-26,002594SZ,0.01631519698165739,0.03282669606814095,0.025767090257956603,0.018010785316547068,16.559318881802618,0.0085829698844857
2024-02-27,002594SZ,0.007765411278845227,0.01978911512838954,0.008853101878177559,0.04056383903518384,16.84246364990375,0.0113921529190709
2024-02-28,002594SZ,0.044602540666866475,0.013267005938108742,0.004264423426469594,-0.029868583490040217,16.638623297523864,0.0092913551548572
2024-02-29,002594SZ,-0.04695258506396914,-0.025302157434487816,-0.00967427982998489,0.016878034005833053,16.319916684527815,0.0067556404577505
2024-03-01,002594SZ,0.02058766632950533,0.007124504582960332,0.013761724150504718,0.00511243963876607,16.31824312774727,0.0067443439642297
2024-03-04,002594SZ,-0.004725643713594174,-0.006654917435385021,-0.003555613773262682,-0.015257822228382132,16.356049860989046,0.0070042069310112
2024-03-05,002594SZ,-0.013245205569081507,-0.00026085297184877865,-0.01391886552680465,0.008156045263311875,16.521053886151304,0.0082607468062895
2024-03-06,002594SZ,0.013245219825135253,0.00691576754859058,0.018692126087267905,0.004340139347913837,16.119099247187112,0.005526531059188
2024-03-07,002594SZ,0.010783675304970309,0.005065389366324909,-0.0010588082169561916,-0.014505991199575938,16.13127729016038,0.005594244872654
2024-03-08,002594SZ,-0.01977127995280262,-0.01983870590066803,-0.00824356880270287,-0.0042442009244058375,15.719849771398662,0.003707325766276
2024-03-11,002594SZ,-0.001594524633625012,0.05000397310409126,0.003997304839044986,0.05507687763686481,17.14083599720693,0.0153527887914862
2024-03-12,002594SZ,0.06686297890567014,0.03325777120969843,0.05066283178370744,0.03150026307043927,17.01430175017652,0.0135280172384855
2024-03-13,002594SZ,0.029027277825805612,0.01793545294644757,0.03994578292841404,0.006124474095749436,16.693657451326754,0.0098170294008775
2024-03-14,002594SZ,0.00722301667300649,0.02330058461636473,0.012504658692360796,0.027341338460762993,16.866451401202568,0.0116687290206873
2024-03-15,002594SZ,0.007552313627622585,-0.01865351592054313,-0.010805678945027807,-0.012382985080280733,16.50082443669199,0.0080953153701408
2024-03-18,002594SZ,0.00877092463464712,0.0319836595078153,0.025995372055179617,0.04005207502491254,16.79603695595191,0.0108753426192641
2024-03-19,002594SZ,0.02875419613362301,0.007304368284860764,0.01305186235548719,-0.005657339143734976,16.503172252176366,0.0081143440073376
2024-03-20,002594SZ,-0.004689268431150308,0.004221185527151039,0.012146610499103065,0.0077191578231912686,16.085626590019068,0.0053446051193286
2024-03-21,002594SZ,0.008762966184057634,-0.004448650819984864,-4.603818716453523e-05,0.0021489400865991864,15.99781437228992,0.0048952993875431
2024-03-22,002594SZ,0.00013697925258273518,-0.0037833582923617534,-0.008329581578854444,-0.009176523276532894,16.163753485931352,0.0057789070141599
2024-03-25,002594SZ,-0.011853483798919158,-0.005403461893178191,-0.010980080279283351,-0.012756741533347786,16.109149856389593,0.0054718180682343
2024-03-26,002594SZ,-0.0017114738400268207,0.01005085191680413,0.011305354212174431,0.0248975947709385,16.390762659421696,0.0072516117883994
2024-03-27,002594SZ,0.01657485579449537,-0.0013191354836771428,-0.02473793681847803,-0.03531581222486631,16.753873165954477,0.0104263294998419
2024-03-28,002594SZ,-0.045460204748651985,-0.0364316849334337,-0.019230412733446996,-0.01712852592273383,16.584563787709396,0.0088024043125329
2024-03-29,002594SZ,-0.006789823094451016,-0.015796297615486607,-0.023724713879598854,-0.025861892109640232,16.141274435361954,0.005650451842957
2024-04-01,002594SZ,-0.026101739190245526,0.02116325341088292,0.009301485823493251,0.0431319168843348,16.47513548831535,0.0078900036293649
2024-04-02,002594SZ,0.04313191157732246,0.02008064074589344,0.04214094169236201,0.0015553128444195877,16.191204838778702,0.0059397433320068
2024-04-03,002594SZ,-0.007147728830970016,-0.02889953826110928,-0.020270122865674547,-0.019881678474490964,15.939373209571244,0.0046174114991809
2024-04-08,002594SZ,-0.01676687631450892,0.018258684132499498,-0.005604725796201476,0.018279225857613962,16.366729077452412,0.0070794072041879
2024-04-09,002594SZ,0.022687518797863022,-4.650862774970967e-05,0.02374795455856665,0.00037727447361809183,15.946220974983518,0.0046491389608472
2024-04-10,002594SZ,0.011970574727647476,-0.0022818110610803755,-0.006408033634348402,-0.001132323613374249,15.795281753113024,0.0039977943299647
2024-04-11,002594SZ,-0.025042608149445048,0.0043727780733205605,-0.010531380760445484,0.00536704567121879,16.126598994836538,0.0055681344641659
2024-04-12,002594SZ,0.014252009879775448,0.008090085062151373,0.008338513705250768,-0.011237628672847397,16.257143425332732,0.0063446029020998
2024-04-15,002594SZ,-0.009478757982564515,-0.007811662209325541,-0.0021498701430388008,0.014238070094628767,16.243246411482723,0.0062570416889184
2024-04-16,002594SZ,0.011363757386018332,-0.0006962422297242828,0.007718076094617496,-0.009359195387662817,16.10118395090227,0.0054284032270978
2024-04-17,002594SZ,-0.006613132898244626,-0.010127800680881245,-0.005281836567547588,0.006452670022183933,16.086828178771356,0.0053510309972469
2024-04-18,002594SZ,0.004728125454790809,0.01545368679736853,-0.0009547280190715889,0.002812954209970626,16.41074713042835,0.0073979891908065
2024-04-19,002594SZ,0.0008958254611746931,-0.016908930724536763,-0.01123768583022223,-0.01637873670644506,16.229372590015632,0.0061708320135963
2024-04-22,002594SZ,-0.010374594792834568,-0.006314815466892723,0.0050101538936214735,-0.007499666411989797,15.682606137732412,0.003571791032177
2024-04-23,002594SZ,-0.006928693475011783,-0.014140066742715162,-0.019947760799561107,-0.017021706641315953,15.982275355077935,0.0048198192002754
2024-04-24,002594SZ,-0.007991572733654806,0.0011501271419419288,0.0024969899563813108,0.011540679459184574,15.830132605704044,0.0041395771661689
2024-04-25,002594SZ,0.002462046014538957,0.012895409850476028,0.010313386059948464,0.007301454513615011,16.063468912076143,0.0052274834322659
2024-04-26,002594SZ,0.012458219078499512,0.03826371879725985,0.016226151655759777,0.04871259331290959,17.048106983416552,0.013993152747028
2024-04-29,002594SZ,0.05141714414588608,0.025340597352232718,0.04073058185191921,0.009120963950448915,16.768731598537766,0.0105824050697474
2024-04-30,002594SZ,0.010886755038665125,-0.004535533416486154,-0.0010520821853466829,-0.013094713245661173,16.26271248490479,0.0063800349467055
2024-05-06,002594SZ,0.006688996532452103,0.01771363481730511,0.022625407899634176,0.03507555997095433,16.742850922274467,0.0103120389754191
2024-05-07,002594SZ,0.005761146752821614,0.015639582485981483,0.002413146153035292,0.015695871587596298,16.48406073757693,0.0079607390795564
2024-05-08,002594SZ,0.009849688684461774,-0.013496386424099784,0.008710456365971482,-0.016005258415004758,16.02523216555464,0.005031374626366
2024-05-09,002594SZ,-0.009849661899590854,-0.0020994266996028285,0.0006634619795970916,0.0084511109408398,15.882466477654663,0.0043619863025436
2024-05-10,002594SZ,0.003088471941299387,0.004891759813783079,-0.0006634490779322986,-0.001535195626629755,15.90258923732571,0.0044506506091248
2024-05-13,002594SZ,-0.007961150119804205,-0.009455538607182196,-0.015248418853119684,-0.009261409460161865,15.925495489835354,0.0045537749353434
2024-05-14,002594SZ,0.002262131772097969,0.0009232438193855647,0.006850404996262957,-0.003506336539453337,15.649986865361935,0.0034571615190918
2024-05-15,002594SZ,-0.005375286135222331,-0.006922890411627153,-0.026266702063714713,-0.025989520401921054,16.115427294058442,0.0055062751063616
2024-05-16,002594SZ,-0.02411937368605833,-0.02708932262725262,-0.007771838682627047,-0.0037947978658467874,15.980639193908315,0.00481193964622
2024-05-17,002594SZ,0.0010945845534267328,0.001680707022321697,0.004835743120647837,0.005846113135427858,15.78243646372286,0.0039467699110854
2024-05-20,002594SZ,-0.004156517584199972,0.01651961104310048,0.0037602184919072567,0.014826455316831876,15.843113656690077,0.0041936635249859
2024-05-21,002594SZ,0.01589282095138278,-0.009013681212602131,-0.004863489171282577,-0.01852195672631387,15.944699424636553,0.0046420704399271
2024-05-22,002594SZ,-0.0172210225794505,-0.011280136169135119,-0.010449012055260902,-0.008538047706933666,15.994776846166591,0.0048804523466478
2024-05-23,002594SZ,-0.010782482790383362,-0.01676846128169135,-0.007698289218658704,-0.009123163831546403,15.644682054376785,0.00343887048589
2024-05-24,002594SZ,-0.00870122286259683,-0.008607740584569255,-0.022306778955487654,-0.02663679004031076,16.146445275837547,0.0056797451010197
2024-05-27,002594SZ,-0.01877496346621661,-0.015066145317476251,-0.010592245835835496,-0.004549218309604677,15.844257573327596,0.0041984634719421
2024-05-28,002594SZ,-0.005730690393705631,-0.009006306704094634,-9.686108648033723e-05,-0.00466653478803746,15.622921402895438,0.0033648467352534
2024-05-29,002594SZ,0.010481252636410027,0.07863143431625053,0.02112299936560214,0.08021327271895744,17.22549515207534,0.0167091470253764
2024-05-30,002594SZ,0.06166117509917249,0.014845059448664228,0.05938875181905048,0.013965262836360154,16.923641709688557,0.0123555189465467
2024-05-31,002594SZ,0.01932896495317282,0.009631714016250865,0.013706471690030381,0.005077926879098142,16.7356021083786,0.0102375591911747
2024-06-03,002594SZ,0.000917379316449106,0.03762514160941961,-0.004415207611135659,0.034672669596807204,17.11188764839148,0.0149147221349464
2024-06-04,002594SZ,0.033872445281505424,-0.002831646301215316,0.0431291370430392,0.004418689421654272,16.571901107798404,0.0086916450120267
2024-06-05,002594SZ,0.006647360307774294,0.026745076451206183,0.010665540469933432,0.01102446908645857,16.783018033097832,0.0107346750226334
2024-06-06,002594SZ,0.011340987621328423,-0.010202121077141439,-0.004117841104610547,-0.009555879246954843,16.68264456527825,0.0097095087119247
2024-06-07,002594SZ,-0.009037383228049919,-0.009934342295664486,-0.022870035867742357,-0.012658389859143953,16.720190519117367,0.0100809917012395
2024-06-11,002594SZ,-0.01857922338499574,0.018917668158660177,0.009432817992630438,0.03803598394149922,16.913785611083757,0.0122343398854122
2024-06-12,002594SZ,0.029397786397526993,0.006281019947591439,0.030677226385532223,-0.007097112290367093,16.745807801970425,0.0103425755599765
2024-06-13,002594SZ,0.029241763001245074,0.042431709512194625,0.02646458854388746,0.040700213702673765,17.191456078185567,0.0161499543091867
2024-06-14,002594SZ,0.010714059711220884,-0.01698566707358312,-0.006388527377167415,0.0002371120689188708,16.82420727872182,0.0111860605105936
2024-06-17,002594SZ,0.0020656161818406803,0.02312285273856798,0.017451147426392623,0.016305704110925714,16.853577968660588,0.0115194751835388
2024-06-18,002594SZ,0.014184708251517528,-0.00993876595910852,0.008454680897682794,-0.00612258685997285,16.371101803022828,0.0071104312919846
2024-06-19,002594SZ,0.0015637027032846737,0.0027169176829868833,0.001619260737587087,-0.006435930769730299,16.109136840386416,0.0054717468474893
2024-06-20,002594SZ,-0.012262402601022779,-0.016531268439262503,-0.016351787425652065,-0.009891322816377628,16.26823787909535,0.0064153847285903
2024-06-21,002594SZ,-0.0035256568559334533,0.002361523345060367,-0.005994684740111901,-0.0033056594020434487,16.26935756230881,0.0064225719507521
2024-06-24,002594SZ,-0.007928464495192467,-0.0015343302233979644,-0.00012101926687253147,-0.002916383309341417,16.198965985285184,0.0059860219096123
2024-06-25,002594SZ,0.007968164465152801,0.018568146623876024,0.010358628549339733,0.01615271068688553,16.78974561321344,0.0108071368857684
2024-06-26,002594SZ,-1.318803341901876e-08,-0.017308987506089227,-0.0039220405341820275,-0.005091466560460805,16.23068093501107,0.0061789108753181
2024-06-27,002594SZ,-0.0038964579040389746,-0.007658047152827036,-0.003857007048318485,-0.012823250777831753,15.930691399126372,0.004577497516527
2024-06-28,002594SZ,-0.012103874357493886,-0.0009117813141530292,-0.006218432622089978,0.0030015167339811854,16.04533225138469,0.0051335289149953
2024-07-01,002594SZ,0.009031658402046387,-0.0011111640787225604,-0.017900711643694504,-0.01388212742709179,16.37485446497143,0.0071371644679177
2024-07-02,002594SZ,-0.013598588661769476,-0.016615405224738925,0.0022654526967281516,-0.01153306545187379,16.144030223704114,0.0056660447693294
2024-07-03,002594SZ,-0.011857543325325058,-0.009410260680006471,-0.012628258472655324,-0.0035723512559529755,16.083235433012383,0.005331840595102
2024-07-04,002594SZ,0.004253926727380634,0.01741213007311233,0.018576406704205056,0.00627399961765893,16.11002668422929,0.0054766180151905
2024-07-08,002594SZ,-0.013147280725780959,-0.005904724567406698,-0.013671817590494474,0.0014705099089510451,16.170447749614745,0.0058177223202043
2024-07-09,002594SZ,0.013963230215227702,0.021087783098175376,0.0013673344514403489,0.030589807672837883,16.45999996424317,0.0077714834760451
2024-07-10,002594SZ,0.029297496457100173,0.011842386107368838,0.04053215452846774,-0.0003959630173105646,16.20686237808572,0.0060334770097579
2024-07-11,002594SZ,0.009891874816713013,-0.0010530245027414063,0.0007154160538732009,0.002215351783177764,16.12168380582424,0.0055408331785689
2024-07-12,002594SZ,-0.005820836419570209,0.029756487460248882,0.000834048149483396,0.03708147322822058,16.7539485672746,0.0104271156885313
2024-07-15,002594SZ,0.034046188670997575,0.0030257553893048832,0.034032579448990505,-0.00347103341785416,16.10516774452355,0.0054500720007502
2024-07-16,002594SZ,-0.006463914452043741,-0.009867214927327,-0.016481313541967923,-0.010447629488832768,16.280109818085002,0.0064920016872845
2024-07-17,002594SZ,-0.006196973191588838,-0.002596951638801803,0.0010525962409919007,0.00200580777152288,16.168710054951926,0.0058076216726816
2024-07-18,002594SZ,-0.0042561202644113,0.005263040327321456,0.003462271999043556,0.007371310304198483,16.070186623473916,0.0052627183776005
2024-07-19,002594SZ,0.010030987521422164,0.011722615811064704,0.008622516408865376,0.010009823124382058,16.427151175138857,0.0075203469828763
2024-07-22,002594SZ,0.013724995732811024,0.015295989126637159,0.016646763841982902,0.0058526860528650086,16.125563298541827,0.0055623705527072
2024-07-23,002594SZ,0.0033642023298423177,-0.017516477263268555,-0.04293836151498157,-0.04773087038266079,16.633374345072873,0.0092427130422944
2024-07-24,002594SZ,-0.04539390221482809,-0.039424229807003934,-0.017986862777423403,-0.012877210190481611,16.289019668531402,0.006550102908566
2024-07-25,002594SZ,-0.012957264260458106,-0.0023936454149157634,-0.003992073389363179,0.0015987308392277455,16.129077232068326,0.005581950736604
2024-07-26,002594SZ,0.011930000925237681,0.01206650486522947,0.014639770908253092,0.01804774266572053,16.33997167930459,0.0068924924995832
2024-07-29,002594SZ,0.012066786253662094,-0.005910023246369697,-0.0061388999720193285,-0.010988034705183213,15.880591097314635,0.0043538135840261
2024-07-30,002594SZ,-0.02133860416352074,-0.020767507217071407,-0.020320267983436533,-0.02105512696483756,16.216975814417477,0.0060948058006167
2024-07-31,002594SZ,-0.02031891919006659,0.0008874237904530234,0.003924134828603503,0.01279143783898577,15.984450423283405,0.0048303140463403
2024-08-01,002594SZ,0.021973527873369203,0.0028987910086523145,-0.01065143536938606,-0.011603208464909672,16.153799514161058,0.0057216692753997
2024-08-02,002594SZ,-0.02453232047617275,-0.02639668939556196,-0.022756961105926038,-0.03933864892861624,16.49427735489941,0.0080424877965848
2024-08-05,002594SZ,-0.04717161171031929,-0.02334474887562617,-0.01975919987943617,-0.015452304066793975,16.169438364124744,0.005811852957875
2024-08-06,002594SZ,0.013596301379211376,-0.008699594772370348,-0.017676281481896743,-0.009736625029946353,16.37352453657226,0.0071276788584568
2024-08-07,002594SZ,-0.021424483880919352,-0.015549452744202214,0.0021660103350425405,4.365461945389304e-05,15.919911383991481,0.004528417037518
2024-08-08,002594SZ,-0.005428567067046258,-0.01394964611205776,-0.013201077156151297,-0.010979469248037272,15.959772846577234,0.0047125723523267
2024-08-09,002594SZ,0.0011406771143711806,0.03485515742297638,0.020109608668136453,0.022573920149392863,16.299184698524726,0.0066170244602558
2024-08-12,002594SZ,0.01717170898514103,-0.01018394866697045,0.006382006778839945,-0.005281174344313572,15.497808893257412,0.0029691326817613
2024-08-13,002594SZ,-0.007137145221220964,-0.013365750712921454,-0.015368030228313949,-0.007274652370572718,15.61451885749115,0.0033366919049136
2024-08-14,002594SZ,-0.007669527227773809,-0.007799744392567097,-0.003546116558073066,-0.009355874431107561,15.5441502325196,0.0031099642517352
2024-08-15,002594SZ,-0.008919797784374923,0.016916446967157835,-0.0014219344029674271,0.021350324249507738,15.996440766861355,0.0048885797930638
2024-08-16,002594SZ,0.024157419583173564,0.024724114110322437,0.02468391412545795,0.015516792550298416,16.1400390244371,0.0056434755225363
2024-08-19,002594SZ,0.013437378606437195,0.002765509405972469,0.019377180619412234,0.0013176528776046397,15.764023459775217,0.0038747629773605
2024-08-20,002594SZ,0.0031830265601211125,-0.0069282631270648366,-0.006745828135677462,0.004492474486421572,15.647839669874537,0.0034497462801261
2024-08-21,002594SZ,-0.005694131424109721,0.02414471438043504,-0.006144843254127952,0.018933313797720095,16.22284649080161,0.006130691670435
2024-08-22,002594SZ,0.026659259889154654,-0.0014817891312598115,0.032316943168126576,-0.001993669555854209,15.64790736466452,0.0034499798179179
2024-08-23,002594SZ,-0.004991678170978395,-0.006073525387678317,-0.006153613216438471,-0.004918144090296976,15.420659887558802,0.0027486801835293
2024-08-26,002594SZ,-0.0012518384687066402,0.007020458062410303,-0.0018492300568925544,0.0002924587977759129,15.547403773991709,0.0031200991293834
2024-08-27,002594SZ,-0.008343712127655846,-0.007103363580237364,-0.0051032636291179516,0.005789147465798957,15.443308292645865,0.002811643738931
2024-08-28,002594SZ,0.011553604062302205,-0.004153174858686343,-0.015768478965779698,-0.016539670968778057,16.00201914585002,0.0049159263507622
2024-08-29,002594SZ,-0.02930954037915942,-0.01585669696963707,-0.0064641465348768195,-0.008480016677301335,15.887233386877977,0.0043828291363931
2024-08-30,002594SZ,0.019732850167525216,0.06264717216630729,0.025440980649117963,0.060191176689351214,16.775760358430812,0.0106570482752362
2024-09-02,002594SZ,0.04132278672692,-0.0054558791694280075,0.01564037041020576,-0.033926404648938965,16.129380042052333,0.0055836412631257
2024-09-03,002594SZ,-0.03120522802884973,-0.011930971863797926,-0.0024927562186028325,0.024500367736063254,16.13613112953124,0.0056214644476287
2024-09-04,002594SZ,0.02099276996252301,0.017823630063580346,0.02074835085389842,0.013027950381574198,16.124137064811467,0.0055544429660563
2024-09-05,002594SZ,0.01816397062767112,0.014581587253899186,0.016807132822509025,0.010056323044821765,16.11935046335185,0.0055279195876668
2024-09-06,002594SZ,0.011375060435297717,-0.001958097308810477,0.0072651792553729685,-0.0049559025797797284,15.871447134646056,0.0043141839322536
2024-09-09,002594SZ,-0.013457243765087348,-0.004478848334777897,-0.011360107520409503,-0.006459651514226771,15.773508356140335,0.0039116895534144
2024-09-10,002594SZ,0.002082183329789453,-0.004578126394430991,0.00016087404048497651,-0.0013209850725364057,15.627861558907844,0.0033815107332953
2024-09-11,002594SZ,0.0,0.030388013767227006,0.003292808373107159,0.03328721787411132,16.558680060095472,0.0085774886476119
2024-09-12,002594SZ,0.034208218515786384,-0.002305057096228345,0.029857669798204294,-0.004232097731315406,15.8599864906809,0.0042650228468199
2024-09-13,002594SZ,-0.005815096553328361,-0.007722046093910278,-0.008400924159726151,-0.007890682395262827,15.55582970445278,0.0031464999418397
2024-09-18,002594SZ,-0.008512049615874052,0.005141745257057915,-0.0029472463892432953,0.013400485653607776,15.71492520809096,0.0036891136832024
2024-09-19,002594SZ,0.015524718487628309,0.0001928565538581879,-0.003153345290623135,-0.01195051924786359,16.024260023467182,0.0050264857915033
2024-09-20,002594SZ,-0.014114057580131815,-0.002238671273606974,-0.0016594818394525788,0.0028937003864223216,16.01160049183599,0.0049632539160853
2024-09-23,002594SZ,0.0022294498640074824,-0.007135117954429267,-0.016305947071034305,-0.024107099175781136,16.19118569090909,0.0059396295996543
2024-09-24,002594SZ,-0.011592612252814253,-0.005697987860738166,-0.008192958064863382,0.01701440375672566,16.565946650062905,0.0086400447541003
2024-09-25,002594SZ,0.019570096194097296,0.05393951014263868,0.043224718496054304,0.032917918541591644,16.8393945763575,0.0113572431599287
2024-09-26,002594SZ,0.02298951822469878,0.00014835562080289406,0.01708523304000218,0.025583175845874807,16.51731744340103,0.008229938589123
2024-09-27,002594SZ,0.033522692038643644,0.07940924625424411,0.03523600575765678,0.051962575880015606,17.24924744079899,0.0171107784737932
2024-09-30,002594SZ,0.06040912779555998,0.05363992425998848,0.06591878360652953,0.07891801026648067,17.476002368762245,0.021465854707772
2024-10-08,002594SZ,0.15328333397360397,0.09280481103269059,0.057976079172415165,0.06326458847808952,17.60748661702295,0.0244822354526294
2024-10-09,002594SZ,-0.07059161812849066,-0.05262699559508697,-0.022409248177672644,-0.06855006609169892,17.299573091224342,0.0179939256500119
2024-10-10,002594SZ,-0.01600034134644119,0.004014284185371706,0.031060060735696518,0.03282257355240995,17.035053680140095,0.0138116828407764
2024-10-11,002594SZ,0.012884345682105237,-0.025094902383111017,-0.04611454418291261,-0.05144501133953819,16.74091961122391,0.0102921424389106
2024-10-14,002594SZ,-0.0423796340006814,-0.012948828450338453,0.01405568933431006,0.022898660834999834,16.662538800068333,0.009516241006443
2024-10-15,002594SZ,0.014872769451034329,-0.00517501013400014,-0.007355473356951794,-0.029754261081792716,16.31816732158637,0.0067438327207421
2024-10-16,002594SZ,-0.04177716959458269,-0.04104088298477607,-0.03761127074578335,-0.02793693428383322,16.525704326649706,0.0082992523849078
2024-10-17,002594SZ,-0.0016737215097554201,0.00629810297442438,0.007359594195764722,-0.0012775855164026773,16.14236427123763,0.0056566132655507
2024-10-18,002594SZ,-0.010516274809104283,0.02764849852317814,-0.003603637225897269,0.036902967634660576,16.765682702663664,0.010550189552743
2024-10-21,002594SZ,0.04575019281116159,0.007807436617355529,0.04353979062231135,0.020272715425591007,16.574355452506573,0.0087130035061542
2024-10-22,002594SZ,0.0065789710980425605,0.00491334389870416,0.006954842157569374,-0.005562881404039067,16.154742573984368,0.0057270676974536
2024-10-23,002594SZ,-0.000820008246030707,0.005402613867634071,-0.001056687880943228,0.013461099402721066,16.354708167149205,0.0069948157304449
2024-10-24,002594SZ,0.013461099402721066,-0.005886394932626728,-0.00033045668920630473,-0.01697837646075177,16.086451721348855,0.0053490169408292
2024-10-25,002594SZ,-0.015925166357880327,0.0058863949326267645,0.004682040467002048,0.014579781388531214,16.453284063830377,0.0077194658314268
2024-10-28,002594SZ,0.016313575491523787,-0.009020640575733494,-0.007428841428580803,-0.009914660964290127,16.207245074030965,0.006035786439033
2024-10-29,002594SZ,0.0,0.00413383479072692,0.006770690002887734,0.0009827610716241265,16.288223330363003,0.0065448888875108
2024-10-30,002594SZ,-0.019608471388376313,-0.00896747288837392,-0.00759953381328855,0.0004910185906977204,16.199198196804915,0.0059874120943875
2024-10-31,002594SZ,-0.003272643764492099,-0.014807869366529792,-0.02859740715017281,-0.04129252004401448,16.997108101935584,0.0132974094349497
2024-11-01,002594SZ,-0.029605150098577695,-0.024692559711634192,-0.009946896850358555,-0.009871562194590794,16.4760558585917,0.0078972686974574
2024-11-04,002594SZ,0.00950444267776104,0.04407517744583247,0.018815256281201294,0.05583332552237,16.894291324980514,0.0119981498109225
2024-11-05,002594SZ,0.02686558799927242,-0.0015550442876708663,0.01640678552735226,0.0016924525728946435,16.635817381824495,0.0092653209360033
2024-11-06,002594SZ,0.012874740650241608,0.004238177629155861,-0.008354267469857813,-0.023493380784492045,16.732530792279327,0.010206164645084
2024-11-07,002594SZ,-0.04302274102663374,-0.025735916917903917,-0.01351371916672282,0.004716564578414864,16.528056836545275,0.0083187994428766
2024-11-08,002594SZ,0.04016149284688923,0.018510486465006436,0.010152371464017908,-0.012940431809730221,16.62921561140302,0.0092043548740553
2024-11-11,002594SZ,-0.040263178454010104,-0.026525840386590144,-0.014925629357087281,0.004655192327343778,16.71064490116968,0.0099852202268223
2024-11-12,002594SZ,0.01730697302314744,0.034558047809427894,0.022673307991131538,0.005065796529727245,17.020520575295357,0.0136124077482658
2024-11-13,002594SZ,-0.007188842857562796,-0.028366332324770902,-0.01348807002459625,-0.0007981317807913762,16.490457509352638,0.0080118253335012
2024-11-14,002594SZ,0.00668898815079671,-0.0034240308145920256,-0.0044119800734658985,-0.01955315688956447,16.33789690300793,0.0068782069431662
2024-11-15,002594SZ,-0.017519207232467044,-0.015132162372211076,-0.02054988331376948,-0.016246616436960574,16.544904355322647,0.0084601378395478
2024-11-18,002594SZ,-0.01634782860570296,-0.009647784307487717,-0.004733026754745342,-0.004562140147857896,16.268289598950503,0.0064157165399683
2024-11-19,002594SZ,-0.004596655985369215,-0.0050305571665162346,-0.016318905816931004,-0.0023930594313664867,16.395323518133534,0.0072847609044724
2024-11-20,002594SZ,-0.0023235471700538443,-0.0037121685605890505,0.012264077642829078,0.001630675131514529,16.17652435763458,0.00585318196975
2024-11-21,002594SZ,0.001595862975077982,-0.00659887248150132,-0.005267790934858916,-0.008564587712957315,16.072396679127078,0.0052743621412656
2024-11-22,002594SZ,-0.01034906954162105,-0.009158260213952977,-0.021353124470568946,-0.026609693806242243,16.342372879417688,0.0069090626408293
2024-11-25,002594SZ,-0.008795131452827289,0.012169407782696122,0.010342072078354352,0.01606478062962733,16.67504021721285,0.0096359542452669
2024-11-26,002594SZ,-0.01065729447398798,-0.011679726200414214,-0.010773802372652894,-0.007056607002212138,16.068973261608214,0.005256336667586
2024-11-27,002594SZ,-0.002574744743362533,-0.017637141486106844,-0.003171877209000137,-3.562130727969065e-05,16.213431466797676,0.0060732419257361
2024-11-28,002594SZ,0.006851344921116982,0.001990890735186688,-0.014545711002378751,-0.023112060767101063,16.579242865181733,0.0087556917852716
2024-11-29,002594SZ,-0.029594408162044374,-0.013156176672593735,-0.003485967123569478,0.0009100672702527834,16.364991743866298,0.0070671185891259
2024-12-02,002594SZ,0.013136723725125482,0.02178485476486743,0.007434157522392743,0.027171808169173663,16.532568203297515,0.0083564133819349
2024-12-03,002594SZ,0.029178617765967554,0.006597921270509386,0.023438855849780425,0.0008848775213292857,16.02871477802002,0.0050489275034738
2024-12-04,002594SZ,-0.01222324736317088,-0.008959910783112287,-0.0063642063313822834,-0.009491150241032977,15.955728121763647,0.0046935497882166
2024-12-05,002594SZ,-0.01486068887622894,-0.017768873813859856,-0.016235790288755075,-0.01700207025716057,16.01570538640066,0.0049836694254646
2024-12-06,002594SZ,-0.005498653546299823,0.012992810563844635,-0.0010942071013006786,0.01807295811782768,16.338823566973485,0.0068845836842914
2024-12-09,002594SZ,0.012831307427359757,0.007102806487866371,0.013304707464933167,0.0007489397400279698,16.036372340195538,0.0050877383927278
2024-12-10,002594SZ,0.04813675469935437,0.034640775452227456,0.015437725761055128,0.007317443985705538,16.683006878983512,0.0097130272375689
2024-12-11,002594SZ,-0.03815916508677218,-0.035063397655125596,-0.009262645960333412,-0.006319693164774433,16.049387274713045,0.0051543877597099
2024-12-12,002594SZ,-0.00686673987374483,-0.0006695531762526339,-0.0035855184410634043,0.010311026799310006,16.119434354494754,0.0055283833506577
2024-12-13,002594SZ,0.004381605730392353,-0.007288189356439545,-0.007137409783547884,-0.025599794516182703,16.234621363181432,0.0062033064649373
2024-12-16,002594SZ,-0.017245198440561042,-0.01229026730094305,-0.0103274621734363,-0.005657714640021189,15.78248682149385,0.0039469686666529
2024-12-17,002594SZ,-0.005802916250644698,0.026533945404380064,0.0014611165425250235,0.028150583506426078,16.681601462929866,0.00969938598045
2024-12-18,002594SZ,0.029849704812378714,0.004261721622922202,0.031083487882770048,0.006520443097388418,15.945008010037752,0.0046435031363098
2024-12-19,002594SZ,-0.005096823576063495,0.0002091163014414033,-0.009349035835778136,0.002631349701992934,15.975708360370412,0.0047882711707187
2024-12-20,002594SZ,0.011291225304484882,-0.0006623871691845027,0.0007140742990780217,-0.018388006188579026,16.084612494501773,0.0053391879259155
2024-12-23,002594SZ,-0.01595057667378618,-0.012139617903232062,-0.004722078187966415,0.0017828493873287784,15.913724416941417,0.0045004863592905
2024-12-24,002594SZ,-0.0021770037885350518,0.018258643134731623,0.0008960413338529943,0.027131270834450057,16.470774350538598,0.007855669157171
2024-12-25,002594SZ,0.031095312244181255,0.009829784462240823,0.02326471134925778,-0.008705699315732916,15.93646633451072,0.004604008748743
2024-12-26,002594SZ,-0.009779935044023698,-0.015774499540626596,-0.005968113802266168,-0.0037143182912216213,15.72660090136542,0.0037324390843336
2024-12-27,002594SZ,0.003072967788220392,0.0026116495453120847,-0.0035273405179684107,0.004972568523226736,15.878355128736741,0.0043440894678841
2024-12-30,002594SZ,0.001393813515065023,0.006758581305143779,0.0011653510053654503,-0.0045162909391685,15.931125144524628,0.0045794834159061
2024-12-31,002594SZ,-0.007689699409008396,-0.010416760858255715,-0.004705177710489492,-0.008209282771324272,15.864747627752772,0.0042853776253313
2025-01-02,002594SZ,-0.007042282625412923,-0.012009040381627057,-0.045635520828280894,-0.041756995877376135,16.641545552146248,0.0093185465727932
2025-01-03,002594SZ,-0.04148475826924745,-0.03045043304501469,-0.00438948435815677,-0.0013657241681972205,16.111723089249463,0.0054859164631586
2025-01-06,002594SZ,0.0016193233312883537,-0.002552443317757813,0.002940827257951077,0.0020294384672801596,15.925079186983028,0.0045518795801674
2025-01-07,002594SZ,-0.0024299693876857578,0.013922838873565966,-0.005703326673565622,0.010086091673450488,16.074375606979768,0.0052848100589327
2025-01-08,002594SZ,0.006283635387009569,-0.013557884554532064,-0.0063378076770107825,-0.01785731139484604,16.20502975829606,0.0060224300648943
2025-01-09,002594SZ,-0.01472374910276324,-0.008393012368782945,0.003192693761515423,0.00077992454257063,15.696697635520312,0.0036224792228879
2025-01-10,002594SZ,0.0,-0.0048331459490000075,-0.0070751645213092225,-0.012588745512498835,15.901781476273316,0.0044470569980439
2025-01-13,002594SZ,-0.022557347424074514,-0.0071262350018808426,-0.00975361105968534,-7.514384456995639e-05,15.720803453443237,0.0037108630632794
2025-01-14,002594SZ,0.012619642146480611,0.03181967343362155,0.014388261931949378,0.0379908789673189,16.347537247881913,0.0069448358824927
2025-01-15,002594SZ,0.03635161084729342,0.0005771513509239827,0.031417322178064803,-0.005843989771655973,15.645462006251892,0.0034415536860518
2025-01-16,002594SZ,-0.005227260283475803,-0.007092967319429743,-0.014568267594770846,-0.007050874521915147,15.797501330412102,0.0040066775996362
2025-01-17,002594SZ,-0.004523319723470306,0.013885376734794359,0.007182263879322541,0.013980117841427766,15.968917222309615,0.0047558635233323
2025-01-20,002594SZ,0.01983707665677317,0.025565738023704185,0.02335979326055608,0.02791471055058833,16.42408732493308,0.0074973410259334
2025-01-21,002594SZ,0.02127739844728488,0.0034851742157642573,0.014521847148544554,0.005679426192607141,15.8494505532885,0.00422032271968
2025-01-22,002594SZ,0.0,-0.003939157382278279,-0.011371879039560544,-0.01248802745357431,15.908076842162513,0.0044751411597375
2025-01-23,002594SZ,-7.013934978341923e-05,-0.004550989198214796,-0.0100575124163385,-0.01926406417532253,16.079083787994318,0.0053097505700663
2025-01-24,002594SZ,-0.030172018927746392,-0.015915455305899568,-0.0036166404701885504,0.007083944545577567,15.734543882202047,0.0037622038347704
2025-01-27,002594SZ,0.009287275335848787,-0.0013556596065797493,-0.005449604767564703,-0.01654717000716538,15.662510612433357,0.0035007303957931
2025-02-05,002594SZ,0.012958120161684879,0.023392690653308863,0.025536385008718056,0.02978862990794027,16.49207635270543,0.008024805728358
2025-02-06,002594SZ,0.0002828679548409144,0.08143931465237021,0.0030139410313461176,0.09531017980432493,17.456928026738648,0.0210602878991179
2025-02-07,002594SZ,0.1235457103502768,0.05904258379867561,0.10589139891860375,0.04960422439741922,17.70134413463144,0.026891366593461
2025-02-10,002594SZ,0.021363919065326517,0.006042314455962662,0.023853318652509056,0.009832236012019728,17.12133959479722,0.0150563636338581
2025-02-11,002594SZ,0.037199720953981344,0.024692576718989025,0.013681781137092936,-0.0006969713378619862,17.149012690149473,0.0154788384682231
2025-02-12,002594SZ,-0.03539658073777357,0.019324315734754918,-0.0103599602328383,0.04489973895561076,17.145416822051114,0.0154232785577122
2025-02-13,002594SZ,0.04098079631897894,-0.0017020192792261406,0.05090582153373352,-0.010927478542657106,16.810441810786802,0.011033134112236
2025-02-14,002594SZ,0.0009373588865046984,0.03754247747952784,0.005932263282039564,0.04230931599715384,17.008636153162275,0.0134515896496792
2025-02-17,002594SZ,0.04166492586274445,-0.002227223407719872,0.00868788017292303,-0.021432905942956278,16.95972792072542,0.0128095252475045
2025-02-18,002594SZ,-0.013145977759677706,0.012959208889730714,0.012519263407108724,0.02191029073688403,17.041550221157415,0.0139017031020072
2025-02-19,002594SZ,0.0060148713616634385,-0.009620273602389413,0.011854703072474805,0.006380139102212443,16.600014449299685,0.0089394633914151
2025-02-20,002594SZ,0.02778427530702443,0.021054576565156854,0.01462346677212828,0.01186792652529057,16.568771062857678,0.0086644823032282
2025-02-21,002594SZ,0.0069090283488212135,0.04997326001216414,0.019435798490994936,0.05423840261568043,16.9906119508215,0.0132113074188934
2025-02-24,002594SZ,0.05061000088641792,0.005573066831479094,0.022337162835413187,-0.01770144532103036,16.808275834332,0.0110092624643768
2025-02-25,002594SZ,-0.03974032864951411,-0.02253368213852435,-0.012582885369221903,-0.010123378255083096,16.59496645956119,0.0088944507763551
2025-02-26,002594SZ,0.0067071599662624866,-0.011114198223853572,-0.010384246080119584,-0.0010475138490652453,16.444004938399786,0.0076481672404607
2025-02-27,002594SZ,0.025210443002042497,0.021559430653414473,0.01633168916131339,0.009095819448722132,16.63954157911488,0.0092998911543843
2025-02-28,002594SZ,-0.028949024092932037,-0.024304009993601893,-0.03287877228873033,-0.03711160036836044,16.990661428799587,0.0132119611038711
2025-03-03,002594SZ,-0.005674940473116031,-0.01280946951812046,-0.0034040244631413728,-0.00445969984714918,16.537320524471415,0.0083962202574218
2025-03-04,002594SZ,-0.08176279861869366,-0.06130052586379574,-0.05681160066239663,-0.04360664026669052,17.086801625600497,0.0145452250450106
2025-03-05,002594SZ,0.0202909345250257,0.020450384667601986,0.026190134617322627,0.026103357536234658,16.447894743023266,0.0076779750546038
2025-03-06,002594SZ,0.037279106210062626,0.019460887485343525,0.028411001832779944,0.013943474739673325,16.254381995216285,0.0063271068911682
