Date,Stock,Open,High,Low,Close,Volume,Turnover
2020-03-13,002648SZ,-0.09787915946161135,-0.054658386920264174,-0.06029591251277041,-0.02687805779164023,18.27682283303934,0.0257079478162846
2020-03-16,002648SZ,0.04520151124527574,0.023515010969422885,-0.04791773995315127,-0.08526129355324304,18.54279197278583,0.033541025792723
2020-03-17,002648SZ,-0.08031742040256566,-0.08906738760155408,-0.02447284068639089,0.007209919834188763,18.129911390749886,0.022195481975013
2020-03-18,002648SZ,0.007831929505020372,0.020950263352238208,0.014163578105429783,-0.025465220352324666,18.00877341925622,0.0196632375920952
2020-03-19,002648SZ,-0.042744696834114804,-0.009024705468335632,-0.013412998929923557,0.04397102154229076,18.212186835694286,0.0240988518800058
2020-03-20,002648SZ,0.06310327064970586,0.016597793944549726,0.05828298290700346,0.012614051302622217,17.824742176395194,0.0163580402421529
2020-03-23,002648SZ,-0.03464456642606766,-0.03135033674165123,-0.047835230536708594,-0.05658507284491304,17.71829693679177,0.0147062752839566
2020-03-24,002648SZ,5.399256407202732e-08,0.0007074224026006037,0.0014838248269989378,0.021145489221590163,17.750776169133225,0.0151917653193618
2020-03-25,002648SZ,0.020648584616330415,0.00985245686275355,0.03137796911778275,0.015038020360386668,17.71146883384407,0.0146062013666303
2020-03-26,002648SZ,-0.01992967305781744,-0.025533556894905426,-0.018854897452632236,-0.024461914142617815,17.38572975114722,0.010545582998747
2020-03-27,002648SZ,-0.0021589389944576634,-0.0028776790725924396,-0.008823543427986955,-0.011721595439358913,17.478946709040258,0.0115758850534232
2020-03-30,002648SZ,-0.0314696999714753,-0.0314696999714753,-0.06562232429350412,-0.058416440609839665,17.98449586348758,0.0191916103801421
2020-03-31,002648SZ,-0.037883379750668036,-0.02865957729215736,0.010200204709869265,0.017809329915359533,17.481630134925844,0.0116069897987953
2020-04-01,002648SZ,-0.003093543343053618,0.0114112852958505,-0.00312760934195537,-0.001536266820232956,17.479745105849872,0.0115851308937889
2020-04-02,002648SZ,0.01231740040993589,0.06586153914461629,0.016311205837524354,0.06688987028220864,18.16285456876361,0.0229388489059479
2020-04-03,002648SZ,0.05289857539111365,-0.020752328759531858,0.03705518353730837,-0.02917778315361186,17.73725477889176,0.0149877340298943
2020-04-07,002648SZ,0.001450317463642433,0.010787638721302575,0.018389651322471015,0.023409896301784316,17.73767538086135,0.014994039226368
2020-04-08,002648SZ,-0.004357237932694386,0.009964595487147527,-0.00511512525565657,0.009355869557519427,17.553524355106543,0.0124721942616642
2020-04-09,002648SZ,0.024444081804125238,0.011967642602735707,0.027458380526708893,0.014931198737172484,17.588512639395315,0.0129162988754132
2020-04-10,002648SZ,-0.0021330509656124277,-0.016937632123174645,-0.035549682909208076,-0.030815932031973185,17.665548430250023,0.0139506455770739
2020-04-13,002648SZ,0.009915073215554978,0.0747178405224407,0.03340922604824871,0.08573703518177711,18.851972540043427,0.0456932191623028
2020-04-14,002648SZ,0.059504692823298067,0.003955266272749605,0.055569735761655636,-0.004687123908626272,18.566575442476648,0.0343483097233529
2020-04-15,002648SZ,-0.06374193257516969,-0.06594308654243485,-0.06417831784566368,-0.060163332811671855,18.681160372069442,0.0385184651466597
2020-04-16,002648SZ,-0.025807796608982764,-0.019872840562670937,-0.01817546499457698,-0.006435293242934736,17.75854445647064,0.0153102388924239
2020-04-17,002648SZ,0.018705505697949664,0.00927589812167078,0.013119762632499601,0.0,17.57282597518714,0.0127152661165286
2020-04-20,002648SZ,-0.00715309114756525,0.06329484767309229,-0.007997305635247923,0.05648061450369776,18.38504721395743,0.0286463083010526
2020-04-21,002648SZ,0.04766152625274219,0.02696643171495082,0.059507685120522014,0.032024134956844155,18.679315408253352,0.0384474654877055
2020-04-22,002648SZ,0.026343870868731415,-0.018337217181305147,-0.0006879863382947375,-0.03270240517298618,18.097413620776646,0.0214857727409414
2020-04-23,002648SZ,0.0006664144815685376,-0.007296791924203759,0.004806001504485421,-0.006124555699725576,17.828480264486423,0.0164193024691519
2020-04-24,002648SZ,-0.02359385535208772,-0.013405061328717948,-0.03697660054797098,-0.03684795446971754,17.83896461003583,0.0165923536922736
2020-04-27,002648SZ,-0.028365856391888003,-0.039220735501420335,-0.012156167992696348,-0.012112953432403466,17.306847075629655,0.0097456830350232
2020-04-28,002648SZ,-0.017699465719209714,-0.016271919590941267,-0.07388639660000547,-0.04022460240788632,17.85964203164005,0.0169390124444582
2020-04-29,002648SZ,-0.05279835085999094,-0.002857319304437834,0.027503536658331492,0.02723749791160373,17.636429561207393,0.0135502759909175
2020-04-30,002648SZ,0.04562978582892995,0.004282633126615842,0.03188993624723017,0.004347802329310573,17.4561481100856,0.0113149567871519
2020-05-06,002648SZ,0.0014377386483197083,0.01133172789671625,0.015212042268249602,0.014357714724197845,17.348557180727056,0.0101607730582198
2020-05-07,002648SZ,0.004301184304289372,-0.003527298549059884,-0.005767717676470293,-0.008589827872370306,16.96428674195932,0.0069189503542081
2020-05-08,002648SZ,0.012086792706032138,0.0070422071874032925,0.015070054850468619,0.017106597346297516,17.23548082123018,0.0090744081887968
2020-05-11,002648SZ,0.0014126166638212566,0.008385768392998634,-0.011461297921357371,-0.011371688402684602,17.482415020907325,0.011616103538764
2020-05-12,002648SZ,-0.012069754653999698,-0.016842422972214287,-0.005780327563936198,-0.0007151300579573535,16.830596583575222,0.0060531204182238
2020-05-13,002648SZ,-0.009329294732038843,-0.010672653421561528,-0.005085495774421686,-0.002148363570510955,16.840160554526015,0.0061112900116606
2020-05-14,002648SZ,0.0007206996129356978,-0.005738797523050103,0.0007282352737623388,-0.010810891054447082,16.72764739537198,0.0054609606481455
2020-05-15,002648SZ,0.0014399674410351206,0.0014378029549348347,-0.0021857902671802223,0.0007245557578400236,16.82430119870586,0.0060151333905992
2020-05-18,002648SZ,-0.0021034131870626034,0.01096233032567563,-0.014988614970415174,-0.01627261528759328,17.14083754352073,0.0082549653814078
2020-05-19,002648SZ,-0.013235494775382287,0.010741045914967119,0.012672437124530514,0.03156225475423353,17.606037545641446,0.0131446508869471
2020-05-20,002648SZ,0.01906224375752897,-0.00643070656745474,0.006644677425079408,-0.016023615070830527,17.02770901877519,0.0073719802051123
2020-05-21,002648SZ,-0.006557664269367915,-0.014440820033962345,-0.017069187765359338,-0.015538639683403112,16.935863062416306,0.0067250569538541
2020-05-22,002648SZ,-0.020679993832005708,-0.019831606700436846,-0.02577839460915234,-0.01957892521387642,16.757086442383766,0.0056241159188356
2020-05-25,002648SZ,-0.015795840483098712,-0.019476158154344805,-0.01548019027608658,-0.017645256128158447,16.825635606819354,0.0060231653915873
2020-05-26,002648SZ,-0.016049224066720026,0.0022665771342007413,0.012403176714639702,0.017645256128158513,17.06450180683041,0.0076482674431514
2020-05-27,002648SZ,0.016807222396294487,0.0030142818935593404,-0.0023138416180885596,-0.009935008957006601,16.980309428181496,0.007030703430897
2020-05-28,002648SZ,-0.0053173655845206395,-0.012112282813818423,-0.017134452135798783,-0.005391073721595569,16.582656180879813,0.004723894164007
2020-05-29,002648SZ,-0.02467332599968857,-0.0030508494307271913,0.006264824565972602,0.003084277656545235,16.476456083662484,0.004247936730728
2020-06-01,002648SZ,0.026195600687915273,0.030840945233587897,0.01856190686931638,0.031074811681625573,17.310179065771383,0.0097782097150049
2020-06-02,002648SZ,0.024785271877835226,0.03422256285176507,0.027212578774308147,0.029413694222669286,17.573353206458133,0.0127219717701606
2020-06-03,002648SZ,0.03785026936498629,0.05433087878362671,0.03804404124004382,0.044640888488294866,18.255643587557575,0.0251691981662408
2020-06-04,002648SZ,0.02747614178528026,-0.004757067344441725,0.03248875683234872,0.009655270124700226,17.792080928240885,0.0158323970294682
2020-06-05,002648SZ,0.013117127057332208,-0.0006813656750684021,0.0013889477947736427,-0.0006865113672812752,17.12207438752461,0.0081015202320289
2020-06-08,002648SZ,0.014976604664312908,0.053744178344954145,0.02128473854700912,0.04498914653508561,18.07344874615763,0.0209769896948723
2020-06-09,002648SZ,0.028640006726218845,0.007080918272564122,0.02548757789999206,0.009150231639377227,17.603070755146803,0.0131057112521904
2020-06-10,002648SZ,0.017572876229172172,0.005756315865920229,0.017072091140390114,0.013570603930942522,17.358900259573296,0.0102664121129421
2020-06-11,002648SZ,0.012820569619171523,0.018325969750088558,-0.007187345704222016,-0.016829043629154095,17.6300412344315,0.0134639883084986
2020-06-12,002648SZ,-0.05903339402739095,-0.026008347081637448,-0.05112064713944584,0.0013048660840785434,17.91365771448521,0.0178791472210132
2020-06-15,002648SZ,0.04362888127142256,0.010866009320451838,0.037919196169272744,-0.017094510886955717,17.617959985237245,0.0133023051408834
2020-06-16,002648SZ,-0.003888659787255347,-0.003183661788322261,0.013201571685647676,0.03390152728031107,17.273759471828814,0.0094284981078046
2020-06-17,002648SZ,0.02247293321941928,0.0044544155859697395,0.008488511258998178,0.0,16.977277685403703,0.0070094204242502
2020-06-18,002648SZ,-0.015355441767910035,-0.007648389907386339,-0.007178102749729542,-0.012254331951372367,16.836298061281912,0.0060877307222191
2020-06-19,002648SZ,-0.005171233959403015,-0.005131429713079903,-0.0019665056146378917,-0.0025991108278499977,16.987089680892943,0.0070785353519233
2020-06-22,002648SZ,-0.003245717348494186,-0.0032206302301395606,-0.009891352601338357,-0.010464437765659359,16.950723777896005,0.006825742392119
2020-06-23,002648SZ,-0.012430702602238964,-0.009724530577280663,-0.0033188760719073942,0.0013142061262820012,16.64257912028285,0.0050156169623587
2020-06-24,002648SZ,0.001972884593334642,0.047703878990607275,0.005966214580426398,0.044936882752738314,17.43132707445487,0.0110375646554557
2020-06-29,002648SZ,0.04118994892797659,-0.006855882927237559,0.026094002015617287,-0.01327036799158122,16.855232587380435,0.0062040972197365
2020-06-30,002648SZ,-0.012052139171160776,0.02957703103220346,0.008974522433661244,0.03315904098317218,17.468855343109368,0.0114596559996896
2020-07-01,002648SZ,0.03634484302250262,-0.0006072109409353356,0.028932937390632095,0.0030722427870030827,17.269670182211502,0.0093900209728646
2020-07-02,002648SZ,0.0024585927339585254,8.499819256727466e-09,-0.002482993627997781,0.0018389604590554355,17.14542892118151,0.0082929541901614
2020-07-03,002648SZ,0.012202709602231632,0.023417409535872295,0.017252406752745954,0.010356317764185824,17.283711170869076,0.0095227961208094
2020-07-06,002648SZ,0.006648511764640778,0.04808333554168741,0.013952306607953071,0.04038558431639132,17.88073103477511,0.0173000327362001
2020-07-07,002648SZ,0.041881756691124886,-0.018841524563690395,0.012571225132765438,-0.011709740023687036,17.75400737894242,0.015240932493389
2020-07-08,002648SZ,-0.02693372388206216,-0.006940321316920586,-0.0180075856902479,0.005872090435733239,17.541687482754977,0.0123254327986602
2020-07-09,002648SZ,0.006506864992768664,0.00809233888915546,0.02630146423296208,0.012219979224507052,17.415958008294194,0.0108692245183998
2020-07-10,002648SZ,0.018692023662823246,-0.004038171561610053,-0.009484513214659715,-0.021632044452179554,17.157808069154235,0.0083962519508824
2020-07-13,002648SZ,-0.017513398170826085,0.026805368930316507,0.011252932833008824,0.04563325331886539,17.730483408318666,0.0148865893572159
2020-07-14,002648SZ,0.048846196646876616,0.010078424508724563,-0.00768557237958844,-0.024001208866685816,17.65922377997625,0.0138626910548151
2020-07-15,002648SZ,-0.02844338399299971,-0.003907350037956317,0.02055869535265955,0.00806457906308574,17.509480483615157,0.011934792035669
2020-07-16,002648SZ,0.016595598709154422,0.049109715970905014,-0.011695916115384916,-0.024391430649895313,17.972931166178313,0.0189709436431612
2020-07-17,002648SZ,-0.029956228432923684,-0.015021716343652515,0.005864976072421659,0.055458727600193505,18.04702153767888,0.0204298874406299
2020-07-20,002648SZ,0.06234318128653203,0.06386256604252127,0.06234318128653203,0.06617095824157102,18.553903552719788,0.0339157978842125
2020-07-21,002648SZ,0.055049896573993264,-0.017391796657449308,0.01526742449296822,-0.013627252737447255,18.023843394464357,0.0199618061595561
2020-07-22,002648SZ,-0.004168799946522093,0.009756296548084567,0.012903380391073756,0.005263244946020405,17.561565374385644,0.0125728877150093
2020-07-23,002648SZ,-0.013669933202164824,-0.021695134321968092,-0.027072424491211448,-0.024443294853089045,17.599211868126442,0.0130552352452417
2020-07-24,002648SZ,-0.0165469012999321,-0.018445721720637843,-0.0460496692169182,-0.046801804814464734,17.647058183796553,0.0136950648536122
2020-07-27,002648SZ,-0.04401161993442589,-0.046266859479846725,-0.01797686520634952,-0.02569372679597424,17.40478923832596,0.0107485040511706
2020-07-28,002648SZ,-0.007338444065389576,0.005001352889887759,-0.03150340888218806,-0.011049897358441176,17.832447299259016,0.0164845677834601
2020-07-29,002648SZ,-0.024083704169380406,-0.0145172958497515,0.020323555011119498,0.03787027650839413,17.411722816511976,0.0108232886091379
2020-07-30,002648SZ,0.05256930867262617,0.047235515092051206,0.051322877387437696,0.03268090504752791,17.886498567170786,0.0174000995290106
2020-07-31,002648SZ,0.012585761047718169,-0.0032239167460029906,0.0022460703002637676,-0.003275022941961654,17.78025243815723,0.0156462269010848
2020-08-03,002648SZ,0.00650391336126222,0.0154874860371348,0.028747020279080722,0.014654128447196166,17.683338427890043,0.0142010482618309
2020-08-04,002648SZ,0.01234912998298172,0.02873015106100933,0.00814115473502492,0.03233786595313656,18.008466496555503,0.0196572034240764
2020-08-05,002648SZ,0.01167140548495262,0.014315275367232354,0.0059284088247262045,0.00831179677215539,17.643620030398154,0.0136480599701271
2020-08-06,002648SZ,0.027569834264516462,-0.002541356850413732,0.011220948132434311,-0.014066407388234427,17.395027303876898,0.0106440883351803
2020-08-07,002648SZ,-0.028097605288678235,-0.02420937229270128,-0.022569448621436363,0.0,17.48657819430506,0.0116645641983088
2020-08-10,002648SZ,-0.0015843372954871073,0.006237093463510787,0.008119186439579772,-0.0010498402758730625,17.263204809538916,0.0093295068200234
2020-08-11,002648SZ,0.011038287205475974,0.013892806076899506,0.011257151780227593,-0.013217257275049063,17.39984696775518,0.0106955130901483
2020-08-12,002648SZ,-0.03024914852322927,-0.04067314976127725,-0.045809640815136526,-0.019345109227724613,17.464911541708393,0.011414550393372
2020-08-13,002648SZ,-0.002157390279117156,0.002657473587018122,0.02098374045306146,0.0021681131484908565,16.99407788145205,0.0071281748219763
2020-08-14,002648SZ,-0.0048715797383519855,-0.006924172136586005,-0.005479586482527976,0.008088443541068812,16.679088090873424,0.0052021157090329
2020-08-17,002648SZ,0.01614696247253145,0.06417115612133636,0.014184792001372364,0.0639677531256301,17.97214116891159,0.018955962567585
2020-08-18,002648SZ,0.04540297696373029,0.007490551271807095,0.055320819201209126,0.01002508162640064,17.450954424618626,0.0112563428020428
2020-08-19,002648SZ,0.022699520727875393,0.033752367684413344,0.021299117735525962,0.0034852684581246785,17.609964829771716,0.013196375168433
2020-08-20,002648SZ,-0.011537579828089586,-0.017467620928834755,-0.011607452523851959,-0.01351035008452533,17.230517743814715,0.0090294827733577
2020-08-21,002648SZ,0.012534626258774658,-0.013800216238101789,-0.013800537598086218,-0.01114497501755962,16.94096317757134,0.0067594431324569
2020-08-24,002648SZ,-0.011526129638201696,-0.011480105037497298,-0.002060768723855032,-0.002550477787554303,16.932751717565694,0.006704165498721
2020-08-25,002648SZ,-0.004546359578773483,0.02233918265796176,0.011792036100729774,0.024717722649918762,17.205628893013223,0.0088075229367611
2020-08-26,002648SZ,0.010075450188649436,-0.013343584535308189,-0.021639182056692217,-0.03395318421961342,16.93270566617978,0.0067038567697035
2020-08-27,002648SZ,-0.028471623947588044,-0.02825618649326096,0.003120046911611936,-0.0015475820789204,16.469754555579954,0.0042195642371611
2020-08-28,002648SZ,0.0015460100872118781,0.024767558239666858,-0.010438374665706488,0.02950363457241873,16.958411148429178,0.0068784166090435
2020-08-31,002648SZ,0.03342076442792025,0.006965241380298628,0.02895744076862072,-0.015151740620632993,16.845036537378796,0.0061411613252366
2020-09-01,002648SZ,-0.03187711486049306,-0.02866668731624371,-0.028957392066845875,-0.015901803421839285,16.845798739056445,0.0061458439132392
2020-09-02,002648SZ,-0.006188848056073619,0.002038632660483302,-0.0005248921591127652,0.008751532622164908,16.844048444539172,0.0061350962843161
2020-09-03,002648SZ,0.0072165949734254034,0.0010178384926585076,0.009924470436229908,0.0005125891068041696,16.85824940603691,0.0062228421176333
2020-09-04,002648SZ,-0.01605001186902775,-0.021594612225191837,-0.03922079068724271,-0.019137021284146308,17.24944040596586,0.0092019714565869
2020-09-07,002648SZ,0.004166554122858897,0.0031134687669422258,-0.005420217519090619,-0.03237226525802329,17.10752899489033,0.0079845333079282
2020-09-08,002648SZ,-0.03922068720318461,-0.035868673657488095,-0.018650968193012533,-0.0113914513993732,16.657291915070306,0.0050899562380892
2020-09-09,002648SZ,-0.027954739164499448,-0.034420322737958,-0.05345228208508593,-0.06130672161568211,17.375254941452788,0.010435696545195
2020-09-10,002648SZ,-0.034495936134942645,-0.008933504715102772,0.0017507944098324251,0.005206816605152856,16.965233455680156,0.006925503721315
2020-09-11,002648SZ,-0.010410713110363115,0.0039183191404507526,-0.005847812056876255,0.026759449543991263,16.815640447813855,0.0059632627596848
2020-09-14,002648SZ,0.03485061866306359,0.015521136181690775,0.030042546664868806,0.004484190384011212,17.007774568752538,0.0072264788908386
2020-09-15,002648SZ,0.007272859680142379,0.03778118713336645,0.013005632393008806,0.051768631354480704,16.88455843983466,0.0063887317181125
2020-09-16,002648SZ,0.05159987804092082,0.021483765691079085,0.05412632932155789,0.010565415059769186,16.914801264399863,0.0065848963547291
2020-09-17,002648SZ,0.008434385600416816,0.013388404363422134,0.008479083867238908,0.021830366803244006,17.03696728942593,0.0074405489199082
2020-09-18,002648SZ,0.018206045819846795,0.016235789811038435,0.018301246889459295,0.02035687400138881,16.879642280298118,0.0063574007693641
2020-09-21,002648SZ,0.025949059074418395,0.049101638021046376,0.028602560797099955,0.03660154104458529,17.54834888145802,0.0124078114967494
2020-09-22,002648SZ,0.0277382726771741,-0.015451740212457606,0.0030165577558812634,-0.015170368152549952,17.191689061317188,0.008685599316928
2020-09-23,002648SZ,-0.003425597466146424,-0.004389274927716237,0.007999961446799198,-0.000986789226836281,17.082633504342834,0.0077882083697063
2020-09-24,002648SZ,-0.0024538834483327087,-0.005390731090619308,-0.018090842818358426,-0.00544402825028262,17.20849124149661,0.0088327692521705
2020-09-25,002648SZ,-0.009876713282506755,0.015118487680262506,0.016595737513141414,0.0059376466714892405,16.822171742811314,0.0060023380570962
2020-09-28,002648SZ,0.00790907620157233,0.004346723330127022,0.012884255671557062,0.0093297829283683,16.85269681828934,0.0061883849907274
2020-09-29,002648SZ,0.012234079275024337,0.009592423606536882,-0.0004924231277667894,0.0,17.037703515061047,0.0074460288599695
2020-09-30,002648SZ,-0.006832556911525642,-0.012488187838764684,-0.005928997219042374,-0.010810892651316161,16.712633199503077,0.0053795811633958
2020-10-09,002648SZ,0.020359360662410536,0.010577144607284173,-0.006462794718002357,0.00836407429451066,17.181566826908846,0.0085981251057753
2020-10-12,002648SZ,-0.006740569729749737,0.016599773993714168,0.0029881504938744446,-0.009352678154095864,17.768555019618866,0.0154642727049198
2020-10-13,002648SZ,-0.02000549329250485,-0.028627883178013604,0.0014905838180530233,0.017161327514184102,17.159322617691846,0.0084089781172112
2020-10-14,002648SZ,0.027225670167479787,0.05645901903905769,0.027425752037736176,0.042357097729033795,17.74329389435137,0.0150785205471795
2020-10-15,002648SZ,0.03580236781006611,0.01723390195894649,0.043022586696348446,0.029839300581685786,17.622196025248385,0.0133587737561754
2020-10-16,002648SZ,0.022421397172709363,-0.00586245979894651,-0.02863386802070101,-0.04580959842651114,17.631584135312448,0.0134847779424269
2020-10-19,002648SZ,-0.03922068629228095,-0.030305239094760527,-0.019231237537080483,-0.016229360507283457,17.164304450253052,0.0084509747629512
2020-10-20,002648SZ,-0.02092327439432894,-0.007017585785522751,0.0024242526935301873,0.019066295134715427,16.972254818648523,0.0069743013110856
2020-10-21,002648SZ,0.01856757108942624,0.0037488607641028683,0.00048418556629324584,-0.01618307628091538,16.736320127560703,0.0055085280715231
2020-10-22,002648SZ,-0.016167819772450638,-0.020794830517940135,-0.0053386547495775285,-0.009159013973098661,16.645043431508093,0.0050279922462849
2020-10-23,002648SZ,-0.006734038774976808,0.009978750801350359,0.004854450110392883,0.006275795119298494,16.567086551029842,0.004650914483373
2020-10-26,002648SZ,-0.01067444818651352,0.009411833128160055,-0.015126083004518483,0.01670275308175785,16.91020012523722,0.0065546679247991
2020-10-27,002648SZ,0.026950577956011326,6.764903541675718e-08,0.01415713824280457,0.005663169864093659,16.798584349932963,0.0058624152386857
2020-10-28,002648SZ,0.011331597453686436,0.02223329478582326,0.025366130839402517,0.018648437033744747,16.888055343105908,0.0064111116033359
2020-10-29,002648SZ,0.0,0.004114394354412519,0.0033027170766971254,0.0,16.841620570184478,0.0061202191079285
2020-10-30,002648SZ,0.016760191348549648,0.032760403134135696,0.012637760495323554,0.023734740683013133,17.478908318870598,0.0115754406617508
2020-11-02,002648SZ,0.041154335100932166,0.010977048536881095,0.03248960698640501,0.01165925391093203,17.323044858447506,0.0099048269064691
2020-11-03,002648SZ,-0.0031063700988375616,-0.010977114143037587,-0.016341752435845885,-0.010307118831711499,17.05478620432172,0.0075743197189346
2020-11-04,002648SZ,-0.017032963961500107,0.06412469715934432,0.01092432797390495,0.07001335627419138,17.77409734625133,0.0155502187074357
2020-11-05,002648SZ,0.07990334802668052,0.0098886420194014,0.06315100130500374,0.011691069013134842,17.654739146608517,0.0138006611612398
2020-11-06,002648SZ,0.01737755815373031,0.027099741418171834,0.021858766062432738,0.03307107433106273,17.544098202548962,0.0123551818080485
2020-11-09,002648SZ,0.0488292262278616,0.031037774874225713,0.018946327173640955,0.023418570022315503,17.933026266991362,0.018228815784264
2020-11-10,002648SZ,-0.001955134220180506,0.029727720863663768,0.02776268018323153,0.03128258633555743,17.92159302729017,0.0180215882589005
2020-11-11,002648SZ,0.028931496223335074,0.005243373917253547,0.027784880380959488,-0.01262707222640832,17.414651337573236,0.010855031295528
2020-11-12,002648SZ,-0.017258212967567407,-0.015434028051730934,-0.0023182792580129456,0.013766996939933699,17.142710853632302,0.0082704439856699
2020-11-13,002648SZ,0.011156185684358201,0.021393231421589685,0.010007914996813467,0.008320913228549004,17.12488942685167,0.0081243584611015
2020-11-16,002648SZ,0.015939524995986738,0.0467899633935183,0.014448834393602597,0.054245655008755,17.640075264729994,0.0135997664398486
2020-11-17,002648SZ,0.05279825242570475,0.02034444367728438,0.041048441066720044,0.004271873071073356,17.462768531387372,0.0113901150853433
2020-11-18,002648SZ,-0.00788816014055237,-0.017513622548260853,-0.05282001086998848,-0.035065965804638485,18.074119031317746,0.0209910549733147
2020-11-19,002648SZ,-0.037034328083694355,-0.05334092167124117,-0.06428375865713024,-0.06773201544697012,18.348581359389176,0.0276205130963229
2020-11-20,002648SZ,-0.05056636454274916,-0.026054154032368815,0.02930159471689388,0.024500438942703786,17.38670168131218,0.0105558375518066
2020-11-23,002648SZ,0.031711948477189465,0.060489603157047614,0.029236196572850922,0.04102164006147863,17.507775275602313,0.0119144580738964
2020-11-24,002648SZ,0.03294940874306202,-0.00867994280179555,0.02166146023772015,0.013187050041541358,16.90218256573233,0.0065023255915684
2020-11-25,002648SZ,0.030470173106764437,0.020493165279820185,-0.020893465213874703,-0.05037438113567712,17.786870580130525,0.0157501192620194
2020-11-26,002648SZ,-0.05962021621688161,-0.06278437262435077,-0.02684464436084361,-0.003834308967342944,17.127251102207104,0.0081435682336535
2020-11-27,002648SZ,-0.013361570383446531,0.00867772834503901,0.017201445682156515,0.021661508895185456,17.03828684612585,0.0074503736271818
2020-11-30,002648SZ,0.011843486651450593,0.010463511814213173,-0.0050515430398386275,-0.027827169711339108,17.549019006768592,0.0124161290720787
2020-12-01,002648SZ,-0.012612318738075137,-0.002605644610232114,-0.0015595347189447301,0.03232828333757094,17.314166113868353,0.009817273731933
2020-12-02,002648SZ,0.03328596972888972,0.004462644287835756,-0.004300983465978506,-0.03348870236257347,17.718655106277293,0.014711543566528
2020-12-03,002648SZ,-0.03405549721069635,-0.03665631681940984,-0.01619630414597115,-0.012461203366888855,17.451154306114354,0.0112585929616129
2020-12-04,002648SZ,-0.018648585022311558,-0.008504177358556096,0.004371086498090417,0.007028503640141376,17.20350209165661,0.0087888109897498
2020-12-07,002648SZ,0.01208368789202137,0.0058062452324349765,-0.014377060951486336,-0.00898959255847574,17.356689944742527,0.0102437451691033
2020-12-08,002648SZ,-0.012868273055875394,-0.004254526389215396,0.010006006456778366,-0.006697009550016872,17.12509303720033,0.0081260128330388
2020-12-09,002648SZ,0.0007846560021897879,0.0038684984926445243,-0.0031910168140802412,-0.0063441291505902,17.27064170988725,0.0093991480713004
2020-12-10,002648SZ,-0.009456403606983924,0.028921218777374743,0.00676870199326944,0.028237051009852864,17.82795563699381,0.0164106907106915
2020-12-11,002648SZ,0.03958614780634152,-0.004511134879404054,-0.013986000004828355,-0.02070764071979913,17.613232040232088,0.0132395610146002
2020-12-14,002648SZ,-0.0403782872526142,-0.027503721559085897,0.0008044097344296736,-0.009121723851648228,16.879618746059748,0.0063572511545325
2020-12-15,002648SZ,-0.007556131277355125,-3.990651150833764e-09,-0.004836858323516933,0.02595494432000631,16.873654796261736,0.0063194496611732
2020-12-16,002648SZ,0.024059557205124756,0.010785856775154047,0.03142046197773041,-0.0054495099501559304,16.529510159567526,0.0044793926563075
2020-12-17,002648SZ,0.0031127113930819587,0.009912435290889901,-0.0015675109307602293,0.015876390018730577,16.92306118041265,0.0066395122990611
2020-12-18,002648SZ,0.012355384220853702,0.006805255246090862,0.008979152519185267,0.006127878278208257,17.067466550598066,0.0076709762435205
2020-12-21,002648SZ,0.0049762193056864384,0.005261273401217556,0.00889938241868391,0.013652135950868394,17.237957395578064,0.0090969094876435
2020-12-22,002648SZ,0.007228338014234607,-0.011308197414499893,-0.05259179345597784,-0.03370678588003842,17.757960959171143,0.015301308015027
2020-12-23,002648SZ,-0.02223154582801693,0.004538585448950094,0.04408098430245299,0.02119946492359318,16.98380466679194,0.0070553204140783
2020-12-24,002648SZ,0.009259340744454614,-0.004159462419488175,-0.0035025116699944447,-0.02197881318148002,16.547565915901092,0.0045610060626589
2020-12-25,002648SZ,-0.010810940699514849,0.02099819059728851,-0.006649732509475338,0.044231331681882896,17.062023067143677,0.0076293328550218
2020-12-28,002648SZ,0.0410703955536589,0.03213119495630495,0.03471222886549623,0.021037879828268834,17.5643103388783,0.0126074472568296
2020-12-29,002648SZ,0.020649712343247487,-0.006127272207879866,-0.017591305323190247,-0.0289015827061177,17.40681643271657,0.0107703154594051
2020-12-30,002648SZ,-0.0409740900213369,-0.037948905059598616,0.007686513559012467,-0.01324530973096501,16.567321918008126,0.004652009283966
2020-12-31,002648SZ,0.004930804843612516,-0.003762230325303509,-0.020108985709215953,-0.004964628493364408,16.87034884200446,0.0062985923443449
2021-01-04,002648SZ,-0.004930818139552854,0.0018828289571508686,0.005453829171876967,-0.004604746722884895,17.099049483709667,0.0079171146087227
2021-01-05,002648SZ,-0.017258215559437875,0.041273582325779275,-0.01447871854623385,0.05608953418185988,17.44793581786446,0.0112224155609988
2021-01-06,002648SZ,0.06659150683947358,0.05307857161690156,0.08533475974585807,0.04166519403367793,17.617730817847473,0.0132992570355448
2021-01-07,002648SZ,0.04077849199561888,0.030014022922535834,0.04077849199561888,0.039998513081591,17.519253993726753,0.0120520087254039
2021-01-08,002648SZ,0.058373808828024766,0.01973751734797138,0.014488067695348437,0.008675389968315666,17.396779717564744,0.0106627575350968
2021-01-11,002648SZ,-0.01352934637399346,0.02031346194273834,0.016978235753284207,0.005301483593567316,17.561206781453222,0.0125683799744984
2021-01-12,002648SZ,0.003316746937156646,0.012371290056805435,0.007045937389424487,0.03698129478344791,17.129890180255334,0.0081650881304503
2021-01-13,002648SZ,0.04309756219947551,0.005658567105793605,0.014932952592907221,-0.02352305150646578,17.27805343096575,0.0094690707409511
2021-01-14,002648SZ,-0.03682583902003708,-0.03023296588256323,-0.0338332657732065,-0.04093060258516977,17.241577772284757,0.0091299034171191
2021-01-15,002648SZ,-0.02803000921027576,-0.042910956030890866,-0.04959131676116425,-0.022326316225711455,17.636249485950174,0.0135478361411145
2021-01-18,002648SZ,-0.02814171755306319,0.02102529963971175,0.015630931111620446,0.03950127404707909,17.275049769619844,0.0094406715304501
2021-01-19,002648SZ,0.04724748641057725,0.023499867735092515,0.047160740456163995,0.0023345531069140263,17.08073593302987,0.0077734437012972
2021-01-20,002648SZ,-0.001661367980130445,0.005147982966791778,0.009037712485241463,0.027272928823473347,16.8602077899341,0.0062350407729389
2021-01-21,002648SZ,0.026580646693138362,0.022529923457073272,0.028254133017099937,0.020850736707624638,17.071571833936652,0.0077025325050808
2021-01-22,002648SZ,0.01638073636161575,0.008747317897744942,0.014472047059531215,0.011991373371546866,16.807538830167008,0.0059151458580269
2021-01-25,002648SZ,0.01611656252728992,0.059178088246986366,0.0183490947935271,0.060845953838236023,17.352709283574907,0.0102030493412045
2021-01-26,002648SZ,0.0569669617050005,0.006429153968437977,0.024463324920815738,-0.021178954488186047,17.296565953322006,0.009645999778646
2021-01-27,002648SZ,-0.007729036046967429,-0.004671733988386657,-0.0006121281478257058,0.01674167068946117,17.11155910526624,0.0080167767884073
2021-01-28,002648SZ,-0.0065868364351141205,-0.01147908148616506,-0.026990881703696044,-0.05327685866548469,17.344514526777616,0.010119779484932
2021-01-29,002648SZ,0.019631915762301944,0.04060900415133147,0.0609946180014391,0.09536722250605735,18.02356236478315,0.0199561970876461
2021-02-01,002648SZ,0.05054174755968229,0.095361648989518,0.044837491605915346,0.095361648989518,17.973860702462254,0.0189885860222395
2021-02-02,002648SZ,0.10011010386557531,0.0934292194982621,0.11024243173383004,0.07657819820758476,17.950333551695618,0.0185470530618357
2021-02-03,002648SZ,0.02576101828490961,-0.020447792117210487,0.013088551616695053,-0.014222343123785404,17.851732824314297,0.0168055667014647
2021-02-04,002648SZ,0.012270304384479923,0.03725105367826079,0.007722180423987551,-0.01763440749617931,17.842561286659496,0.0166521384728108
2021-02-05,002648SZ,0.007048133277582005,-0.012341643065502703,-0.016008423904162242,-0.01971370684827842,17.741988722352847,0.0150588533213428
2021-02-08,002648SZ,-0.027997767001496164,0.02247293613106157,-0.00025219126524946093,0.09535603338552953,17.578931624125133,0.012793138558381
2021-02-09,002648SZ,0.11403996143476769,0.05634353173128415,0.09519556530834825,0.030681377311316187,17.975319743608814,0.0190163113722888
2021-02-10,002648SZ,-0.005794436971316141,-0.0017338321126509676,-0.010140676363456313,0.018708671408330435,17.664283811434977,0.0139330144784789
2021-02-18,002648SZ,0.07366084244963125,0.060803262290838135,0.06783399578533385,0.05514545119318789,17.74992303799058,0.0151788102779632
2021-02-19,002648SZ,-0.018864510408383488,-0.014184607384503169,-0.05769328849034723,-0.05209738536581823,18.059763786813,0.0206918757754797
2021-02-22,002648SZ,-0.04900191293261975,-0.012919587331628658,0.02937401224332773,0.022144244435518805,17.755985112078235,0.0152711048177571
2021-02-23,002648SZ,0.04327231202329209,-0.004414133131346004,-0.022746253992730604,0.006781172690393151,17.87955851116567,0.0172797599265213
2021-02-24,002648SZ,0.008476384038225544,0.0031548636346392317,-0.029590696980661364,-0.10524325604488335,17.809608045613444,0.0161123394409622
2021-02-25,002648SZ,-0.0856502206699284,-0.03461142491789793,0.017444395687731346,0.02867916449608755,17.81231016847175,0.0161559358373517
2021-02-26,002648SZ,-0.020906671095155763,-0.0426351832589202,-0.05181527011121377,-0.005716278791245821,17.56816029288223,0.0126560789047533
2021-03-01,002648SZ,0.04363504258420484,0.026859206205026052,0.021619887913382704,0.024015778898056374,17.407380308901836,0.0107763902965348
2021-03-02,002648SZ,0.014501054089498033,-0.0013259093333130864,0.012281690677550987,-0.021725319541509244,17.289060910761616,0.0095738771178905
2021-03-03,002648SZ,-0.04762802733036975,-0.02871439743518811,0.007017606737424829,-0.009655205776627582,17.045154676092867,0.0075017176376374
2021-03-04,002648SZ,-0.0034904799618344384,-0.012596104315485674,-0.050434941663986356,-0.042228335380303676,17.40638669904393,0.0107656880863998
2021-03-05,002648SZ,-0.042863665901587224,-0.022137638203500863,0.006353904250059285,-0.0004819309730994434,17.119652801600985,0.0080819254387694
2021-03-08,002648SZ,0.026175054769782338,0.016591090774985197,-0.006353892362859478,-0.016774491803268683,17.27479629686088,0.0094382788805641
2021-03-09,002648SZ,-0.03203159652945712,-0.03778485913004043,-0.1026673900850244,-0.09562887841477459,18.054491986872744,0.0205830793728435
2021-03-10,002648SZ,-0.07256539664809575,-0.07105798933491363,0.005418647596851134,0.0,17.391691696046742,0.0106086429785636
2021-03-11,002648SZ,-0.008722256494060443,-0.025119076755184048,-0.01387598603256176,0.005380623676001116,17.197189284006477,0.0087335036705315
2021-03-12,002648SZ,0.0034450459980653477,0.05790889162556752,0.03234785643215558,0.06567811228771221,17.402395131865575,0.0107228017667507
2021-03-15,002648SZ,0.05531966209056514,0.003993084049045374,0.017876405442312355,-0.021074656656673647,16.891632894241667,0.0064340887604664
2021-03-16,002648SZ,-0.017422505236248907,-0.01936444639863094,-0.012321605330760972,-0.002826757844628381,16.587386838978063,0.0047462942353585
2021-03-17,002648SZ,-0.019288262252097545,-0.004836407465571777,2.0248136498761208e-10,-0.0015451907689013745,16.6073782409991,0.0048421341123221
2021-03-18,002648SZ,0.009562043505950513,0.04685633307861312,0.018296391273092776,0.05001674772126469,17.24233835624355,0.0091368501168686
2021-03-19,002648SZ,0.020871181762268917,-0.02390166327560262,-0.026507261596139368,-0.07480600516714889,17.298504308736508,0.0096647152879151
2021-03-22,002648SZ,-0.03590130109638904,0.010666137210180768,0.014783782177827961,0.01520740838035589,17.009462097408026,0.0072386840769503
2021-03-23,002648SZ,0.015287334323156921,-0.03848082231567583,-0.08159434150333515,-0.0683796558875975,17.675303999262162,0.0140874080790223
2021-03-24,002648SZ,-0.08530649131107584,-0.08813094407690093,-0.06066021616712956,-0.06444571950321179,17.745836989015793,0.0151169154533331
2021-03-25,002648SZ,-0.05496989085736441,0.024344294630149414,0.0009060016883540638,0.07442635314464056,17.65050678489564,0.0137423752007118
2021-03-26,002648SZ,0.06942665273728547,-0.004656948729743455,0.053479233764998024,-0.015568880394542316,17.387138044755073,0.0105604447386837
2021-03-29,002648SZ,-0.009707423558948717,0.027621503574549205,0.020391488105255654,0.033882881659956086,17.06207143069221,0.0076297018455687
2021-03-30,002648SZ,0.026947001524402606,0.014846712046088601,0.02901160951981282,0.010776118372244969,17.03868724086918,0.0074533573150234
2021-03-31,002648SZ,0.01240235362169941,-0.006071121948221728,-0.006009370164085308,0.00933448312303791,16.77347304925549,0.0057170353380352
2021-04-01,002648SZ,0.00906909148969514,0.01262842179016426,0.022217147378868055,0.013709742766462283,16.66914139215288,0.005150628317697
2021-04-02,002648SZ,0.016851393241682316,0.021723118010261108,-0.0029517657884266346,-0.001047987252903977,16.905958698390002,0.0065269256540248
2021-04-06,002648SZ,-0.0007835335227261197,-0.004872416855312784,-0.0016138089971294057,-0.010540212969514103,16.896214801163058,0.0064636367991385
2021-04-07,002648SZ,-0.012092749378113029,-0.017112140629167154,-0.009194305756746568,0.0021169052591092337,16.6350094043958,0.0049777935017424
2021-04-08,002648SZ,-0.010902807636302164,9.569219292077723e-08,0.010001525109975255,-0.010629846950656559,16.650385579492994,0.005054924400243
2021-04-09,002648SZ,0.0021367222919324524,-0.00682251381446236,-0.0075594221389920935,0.005860456059022467,16.836500211426817,0.0060889614823218
2021-04-12,002648SZ,0.009823523799355492,0.012559059055574872,-0.040088307380353086,-0.04204015802885132,17.229450935016235,0.0090198551776877
2021-04-13,002648SZ,-0.06325359583311518,-0.04984373130039597,-0.00821418358142423,0.0,17.07781358245703,0.0077507601335882
2021-04-14,002648SZ,0.0313088014496775,0.034912159681529976,0.033285093747419586,0.03564513237446185,17.08162082320523,0.0077803253898402
2021-04-15,002648SZ,0.027177752143073504,0.002635780436919699,-0.019725579955834748,-0.023256788410821114,17.160561554688904,0.0084194027680852
2021-04-16,002648SZ,-0.02963566300124753,-0.021014148501207596,0.010328145037093145,0.014666291805432575,16.719438842835725,0.0054163175416445
2021-04-19,002648SZ,0.01681161802342839,0.014411730093777081,0.011046679923255854,-0.0029701774312027394,16.72335030279208,0.0054375447395843
2021-04-20,002648SZ,-0.013808256430576716,-0.012800209719226534,-0.0041282214389429745,-0.0051512593589594724,16.891150083864297,0.0064309830652919
2021-04-21,002648SZ,0.002994348447865073,-0.0051123172382227505,-0.012208856577254337,0.0027144060406976652,16.63611062927096,0.0049832781914809
2021-04-22,002648SZ,0.011888881493769434,0.015524983753293154,0.018805900220899608,0.013730282903554812,16.844634763359814,0.0061386944616446
2021-04-23,002648SZ,0.00722602698827951,0.013978817540464906,0.01657422967663428,0.016967509208669324,16.888940545688616,0.0064167892487105
2021-04-26,002648SZ,0.014297351578947706,0.09154105351755425,0.022646546235019754,0.04698593490422651,17.88102487731432,0.0173051169687803
2021-04-27,002648SZ,0.044977393861390665,-0.048228659901073584,0.01853111399962805,-0.022318908737440787,17.077309502841775,0.0077468541178067
2021-04-28,002648SZ,-0.015959896543530906,0.0196206079572463,-0.009353232401516273,0.036514149248395356,17.148846998692875,0.0083213486509852
2021-04-29,002648SZ,0.041026278751656424,0.015617677755061782,0.03840727449011649,0.0027163293875280955,16.88066329157619,0.0063638950623609
2021-04-30,002648SZ,-0.00565326878477247,-0.009488080299042214,-0.004279564245756036,0.007615754141071227,17.06614594608803,0.0076608526034386
2021-05-06,002648SZ,0.01904360864726462,0.03341259039978855,0.0204751837700374,0.013370863610826202,17.315857859397042,0.0098338961178342
2021-05-07,002648SZ,0.001449970085043917,-0.002603818280994961,0.003454220602383556,0.0,17.142260217456514,0.008266717863912
2021-05-10,002648SZ,-0.0012081514094372811,0.015755772541883716,0.009804066228619863,0.012479154885372672,17.284596187908416,0.0095312276883913
2021-05-11,002648SZ,0.0004835163897357719,-0.03224547860948515,-0.06265408013709631,-0.05263722079600771,17.241274820735693,0.0091271379175735
2021-05-12,002648SZ,-0.03993628527157954,-0.025626740299797432,0.019033454996696283,0.006764439989669342,16.682669640955194,0.0052207807529819
2021-05-13,002648SZ,0.0022609465785663504,-0.0029711217546731206,0.001273068013326028,-0.009785577312403166,16.76143832307558,0.0056486447361341
2021-05-14,002648SZ,0.007499996584034596,-0.000992378657201561,-0.0012731757712877935,-0.0015141376452349861,16.768580342242814,0.0056891318750912
2021-05-17,002648SZ,-0.01809544424825987,0.005198660299836304,0.0033066877145137537,0.00980040181874491,17.351707196078202,0.0101928301138691
2021-05-18,002648SZ,0.014102483086734216,0.03398390490828473,0.013368890235402007,0.022256084841046242,17.17445363511756,0.0085371819977127
2021-05-19,002648SZ,0.019562392410690757,-0.01442323192882524,-0.004520231872574918,-0.02752121169182218,16.865584509858596,0.0062686551289978
2021-05-20,002648SZ,-0.010600423872876207,-0.012670811242620041,-0.044520525459950167,0.016455118771209788,17.56077166876486,0.0125629125023396
2021-05-21,002648SZ,0.016712097046770794,0.033991468570010015,0.058020599447165984,0.004194952199713588,16.913977653056346,0.006579475191923
2021-05-24,002648SZ,-0.00782973985975757,-0.03154233632061901,-0.018041099938590054,-0.012388768783559628,17.095862482039127,0.007891922914601
2021-05-25,002648SZ,-0.01012224142619156,0.07354879675425363,0.014309285182556888,0.08937714479442743,17.727830079427196,0.0148471426944189
2021-05-26,002648SZ,0.07962268282257254,0.00792302155747108,0.0785844779826846,-0.0011406572748790303,17.024997848142288,0.0073520205772734
2021-05-27,002648SZ,0.0038879159747504917,0.004499447771012358,0.0016116483877687882,0.016750063881046308,17.336062036815395,0.0100346026332666
2021-05-28,002648SZ,0.01697447393115751,0.0008975392971214304,-0.0041494054841329986,-0.014470048948030334,17.038490509371766,0.0074518911490449
2021-05-31,002648SZ,-0.015833871201284377,-0.005622444811764106,-0.009982745934873031,0.002274702902423842,16.618559314563424,0.0048965781777107
2021-06-01,002648SZ,0.015609340432702087,0.039576179798324444,0.021923076550312285,0.04313693074495254,17.387943383032578,0.0105689528948104
2021-06-02,002648SZ,0.032029242063821434,0.012280742908286683,0.03587020035132121,0.0034760827002957933,17.048062319445265,0.0075235616999026
2021-06-03,002648SZ,0.003476309310147324,0.03969719867593854,0.016385393894217032,0.02604031154675648,17.27030800969331,0.0093960120969338
2021-06-04,002648SZ,0.01450614976345213,-0.026074403921891875,-0.003965103887440782,-0.008947273725321277,17.033219302058573,0.0074127140304286
2021-06-07,002648SZ,-0.0036067374372660897,0.06770588809580624,0.01486451621362674,0.06663344487252518,17.586663997829113,0.0128924433248568
2021-06-08,002648SZ,0.07955604654651373,0.008562224709338815,0.02878952229087588,-0.013544362186735097,17.455598244157493,0.0113087367880129
2021-06-09,002648SZ,-0.010342510661884246,-0.016918994695107308,0.01307970098214905,-0.000568358389750238,16.903403556993815,0.0065102697235285
2021-06-10,002648SZ,-0.011018639327137023,0.005578875605740886,0.012910814947960323,0.008209469901473723,16.89284562931043,0.0064418963392072
2021-06-11,002648SZ,0.00594830614700501,0.006653732218998325,0.0036989491166798142,-0.0022578126884558844,17.095427031039105,0.0078884871168615
2021-06-15,002648SZ,-0.0033947330719885154,-0.010834897700606881,-0.01171281254333999,0.005073204721233109,17.128793063695436,0.0081561349889416
2021-06-16,002648SZ,0.01127086461387742,-0.0013976857947675591,-0.029452413904401495,-0.04897297643504424,17.48022617903429,0.0115907055305393
2021-06-17,002648SZ,-0.049392568951717356,-0.001679600248490417,-0.0005919190407774218,0.04418236043920344,17.23479946329655,0.0090682273744947
2021-06-18,002648SZ,0.035283970832784596,-0.008158851380235406,0.024858522134651288,-0.005381885210926561,17.28240332259124,0.0095103498885801
2021-06-21,002648SZ,-0.00827499162716052,0.0016935963738034018,-0.014547730398366224,-0.0017054485936052143,17.045455928714933,0.0075039778902716
2021-06-22,002648SZ,0.017045866646193123,0.01149596464422798,0.025464348583225795,0.006522076474786089,16.78947492031615,0.0058092544767037
2021-06-23,002648SZ,0.010647403955058287,0.00027881531798148605,-0.002861156192079745,0.0005652573297456858,16.567806772936272,0.0046542653806326
2021-06-24,002648SZ,-0.010929164211871713,-0.008396464255466706,0.0028611824891335564,0.001411414688422208,16.578720246754443,0.0047053377689238
2021-06-25,002648SZ,0.002532665721121612,0.07105182217591398,0.01277518345179431,0.06392123767823263,17.579373497287076,0.0127987927522243
2021-06-28,002648SZ,0.06474942132280917,0.010416915579055932,0.03519835485998294,-0.009304850763828712,17.287463345825003,0.0095585944378126
2021-06-29,002648SZ,-0.014327717877474009,0.012614291921030868,0.011103657704664753,0.013793270406012357,17.30603973901912,0.0097378181633013
2021-06-30,002648SZ,0.016958541100783403,0.005866604508613194,0.01920564343723298,0.031888617932389646,17.034642030151915,0.0074232678131513
2021-07-01,002648SZ,0.07440820233020942,0.06116306218339712,-0.02271299908533772,-0.041417481517856326,17.861065163516923,0.0169631360549211
2021-07-02,002648SZ,-0.07835717208736707,-0.08042165497765304,-0.012784183926795296,0.02105324382950219,17.531117747522483,0.0121958423092732
2021-07-05,002648SZ,0.007096865833290588,-0.0072859947123044885,-0.00907467897167549,-0.03551914049808471,17.477548222911466,0.011559707652904
2021-07-06,002648SZ,-0.026809748357749102,-0.0060248150251664264,-0.005817896434503409,-0.016048267726157483,17.309253483161438,0.0097691633610813
2021-07-07,002648SZ,-0.03170532620823133,-0.02231760408881598,-0.010895557099909053,0.00301166428187552,17.384942347946303,0.0105372826409975
2021-07-08,002648SZ,0.015704917256771676,-0.002420987844299142,-0.0016867544822161144,-0.011824629558608624,17.097506148011604,0.0079049052666434
2021-07-09,002648SZ,-0.016816311746467905,-0.010559232556042549,-0.05019814618927401,0.015372224520115932,17.636346615372663,0.0135491520985517
2021-07-12,002648SZ,0.025797258316649103,0.05455430466209535,0.08258861909668892,0.049684922711573556,17.398609991773945,0.0106822911762624
2021-07-13,002648SZ,0.03983528968726334,0.01762712571269975,0.03847639955467801,0.007745771519019438,16.90781362550545,0.0065390438616729
2021-07-14,002648SZ,0.015243733581324238,-5.068591452883921e-08,0.009132419522382003,-0.004640401636600107,16.814407717977414,0.0059559161964866
2021-07-15,002648SZ,-0.007721987807673367,0.011581251715684204,0.0038886165246651712,0.006439292513310412,16.92893839668255,0.0066786490454212
2021-07-16,002648SZ,0.010282877413279044,-0.011834531944951031,-0.009096908592923933,-0.01292011412462801,16.651603868579816,0.0050610865126912
2021-07-19,002648SZ,-0.01287004915315637,-0.006352268438420447,-0.005760536201233615,-0.005999659761907284,16.82260938677484,0.0060049655191484
2021-07-20,002648SZ,-0.020943309799867554,-0.031855654521231444,-0.04622003734643445,-0.030550946318087656,17.21754715405414,0.0089131213223724
2021-07-21,002648SZ,-0.00930255257069577,0.013071903618508105,0.025523951718981842,0.031073904109768385,17.12927123583454,0.0081600359581911
2021-07-22,002648SZ,0.020613971106799793,0.026907539362555487,0.02069591704957971,0.029629917608487617,17.562657340012258,0.0125866243751609
2021-07-23,002648SZ,0.026585729935325417,0.01406004486662831,-0.0042104575154517125,-0.03329751217710082,17.18068707482681,0.0085905642133938
2021-07-26,002648SZ,-0.03763261646846944,-0.04122717718438951,-0.027538147789750722,-0.002365113267822674,17.249991060112958,0.0092070399558614
2021-07-27,002648SZ,0.019122961219875716,0.05287671433393098,0.04375602588716731,0.016697422824874793,17.946117181997913,0.0184690164592653
2021-07-28,002648SZ,0.012121347932536214,-0.009657171791019579,-0.0720742838226477,-0.06880817651656247,18.282501343197392,0.0258543459289832
2021-07-29,002648SZ,-0.049931484811831635,-0.03519785164185784,0.03426414694335234,0.06491969226019707,17.61555112668598,0.0132703003316832
2021-07-30,002648SZ,0.03677174952309766,-0.0010314828115872607,-0.027593662723305847,-0.05691396981457564,17.722729663118297,0.0147716088748744
2021-08-02,002648SZ,-0.056089441319373864,0.014598816871945367,-0.004720133284169635,0.07824332546815518,17.978096589441364,0.0190691901221875
2021-08-03,002648SZ,0.07741878413273467,0.030548151103496242,0.06466019076027452,0.015641103988828037,17.61744629421541,0.0132954736208058
2021-08-04,002648SZ,0.03424049990739382,0.02628530847485243,0.017328785538461913,0.03516901402572013,17.87864222668985,0.0172639340021144
2021-08-05,002648SZ,0.011967475186741227,0.05854538642553796,0.045365575652591826,0.018911379282678033,17.970926591170457,0.0189329530532786
2021-08-06,002648SZ,0.0158962700417587,-0.04139800185549598,0.009996363564063944,-0.01505222570430141,17.372093884770674,0.010402760799265
2021-08-09,002648SZ,-0.009362720464352546,0.03069293155051435,-0.02133219971615205,0.03058199108018163,17.703608999776907,0.0144918490290975
2021-08-10,002648SZ,0.026655637800315345,-0.012210636905383168,0.04150584340573308,-0.0035083201438360968,17.319855779120875,0.0098732899404724
2021-08-11,002648SZ,0.01260223511141582,0.049959503225403074,0.018841789034792722,0.04467581812842906,17.593981941991867,0.0129871355610687
2021-08-12,002648SZ,0.03598651903978744,-0.01443674643516201,0.01620021563952832,-0.021745042778415824,17.3265751349311,0.0099398554789122
2021-08-13,002648SZ,-0.018059142010259713,0.029754290444925037,-0.005986615085553855,0.05111017055655878,17.56906969512697,0.0126675936065431
2021-08-16,002648SZ,0.03579797748912236,0.04687525888955359,0.04537510465627367,-0.004142665371867222,17.58142720772192,0.0128251047764539
2021-08-17,002648SZ,0.00940613069672809,-0.016294467877660073,-0.0421470388967588,-0.04468016076860781,17.905582940742867,0.0177353584622224
2021-08-18,002648SZ,-0.03613370329330832,-0.06526878663747648,-0.0313328468063968,-0.03132857376734766,17.44748365176422,0.0112173423120471
2021-08-19,002648SZ,-0.031180880269398702,-0.03523591220645859,-0.02598806252463009,-0.01328930364039772,17.372085780469227,0.0104026764924948
2021-08-20,002648SZ,-0.031703701298181244,-0.004434675073458245,-0.014982519519349985,-0.013468290512158974,17.497362199754463,0.0117910356340541
2021-08-23,002648SZ,-0.002406740766846113,0.0011689148804500788,0.022511436709123964,0.011555278965749585,17.28776100745077,0.0095614400881608
2021-08-24,002648SZ,0.016726852374296913,-0.0091539273028593,0.0036226659079157163,-0.0007182768472816567,17.1012401841392,0.0079344776474111
2021-08-25,002648SZ,-0.01000253496062738,0.0009427295011127932,-0.01628416658190252,0.015448900070746655,17.20082307387049,0.0087652971190965
2021-08-26,002648SZ,0.017556760701272628,0.003527321238912933,-0.015060261290462234,-0.027497273931197323,17.580597690804424,0.0128144705460738
2021-08-27,002648SZ,-0.03202182310196552,-0.024235009528750275,0.005952444164901617,0.005077891723420737,17.12825337628963,0.0081517344130223
2021-08-30,002648SZ,0.008222617760842238,0.0651697690227326,0.026355913676213674,0.029001528172369322,17.679534101535506,0.0141471254735143
2021-08-31,002648SZ,0.032230285199721834,-0.02602298248857033,-0.014311949680305743,-0.018206028011259714,17.445960738096318,0.0112002722690705
2021-09-01,002648SZ,-0.023119642468590433,-0.01373858321159838,-0.020237597908626132,-0.04016600485886468,17.551451778666824,0.0124463714541854
2021-09-02,002648SZ,-0.034972094602813135,-0.015834193612249706,-0.02014688806435443,0.03921100387248342,17.54577906978774,0.0123759666922997
2021-09-03,002648SZ,0.027064951446863723,-0.001907378912695796,-0.007404521791823395,-0.055740448886086015,17.651335460744694,0.0137537678951687
2021-09-06,002648SZ,-0.05819203712675526,-0.04640645400895963,-0.016537937251166365,0.004535176704197888,17.431485042949173,0.0110393083806952
2021-09-07,002648SZ,0.0156845949131302,0.0024968602382115603,0.02317898582850938,0.003513172774816796,17.2143336231666,0.008884524703413
2021-09-08,002648SZ,0.0035079091373145725,0.021219642062035592,0.010635725277742227,0.004997546174307782,16.919051218692477,0.0066129414174245
2021-09-09,002648SZ,0.004492176203744462,0.013579332583240882,0.009276789371969395,0.03092275771568252,17.398141352136985,0.0106772862039204
2021-09-10,002648SZ,0.03282193993551329,0.04979891197291205,0.02440648690833811,0.03840243631365901,17.696118559073224,0.0143837042228012
2021-09-13,002648SZ,0.051654739221615356,0.029576664172062506,0.029279830131571982,0.04145428910484035,17.902736912417236,0.017684954887851
2021-09-14,002648SZ,0.025306240470834008,0.06793916570279743,0.037144334621545566,0.02424623544070136,18.180734832785028,0.0233526903577525
2021-09-15,002648SZ,0.019443983715148414,-0.031674814435581455,0.02231093293762288,-0.012710927480225656,17.558229525846155,0.0125310163420053
2021-09-16,002648SZ,0.004148941232181845,0.04345311519234478,0.0222598983015993,0.029982633189234345,17.860103969417196,0.0169468390219077
2021-09-17,002648SZ,-0.015592771094048585,-0.05012628175465709,-0.058107710221667254,-0.04913269764835843,17.9388994211628,0.0183361914397099
2021-09-22,002648SZ,-0.01696469117800749,-0.0025951968289990098,0.02080312926533261,0.023331763336672737,17.36632831596484,0.0103429555357449
2021-09-23,002648SZ,0.05112447058362399,0.02818290592605005,-0.022884383529450405,-0.040337098004659025,17.665150456346723,0.0139450946887095
2021-09-24,002648SZ,-0.06632274718689125,-0.07995501700259797,-0.02508044039813346,-0.028530364484820485,17.37621732164253,0.0104457444872966
2021-09-27,002648SZ,-0.024292643635197123,-0.017483750061391367,-0.03945807614142523,-0.04082194831951416,17.507152792084405,0.0119070438277982
2021-09-28,002648SZ,-0.04551686703943982,-0.04291287178369797,-0.02095886994855556,-0.016557900297302416,17.374138434973673,0.0104240515241372
2021-09-29,002648SZ,-0.02280707855584135,-0.03450310660589817,-0.08029485960680399,-0.0893473977275852,17.880221018943264,0.0172912116950883
2021-09-30,002648SZ,-0.041731396548250414,-0.009574248438108541,0.03437509787935303,0.06155395139544635,17.55242851286711,0.0124585341900573
2021-10-08,002648SZ,0.05220783855804694,0.02500117523410307,-0.0021143142165564923,-0.01914201846045022,17.365560236350692,0.0103350143723331
2021-10-11,002648SZ,-0.04387659916708258,-0.00024678074469790674,0.01678965142645069,0.0464370449551853,17.405692830353225,0.0107582207032881
2021-10-12,002648SZ,0.056207224241660775,0.009096450393482482,0.0002600608312226826,-0.018113788104537662,17.50299614109124,0.0118576531220882
2021-10-13,002648SZ,-0.025569111329654674,-0.027038640690058968,-0.04386077699517189,-0.030414611052252027,17.602462033575137,0.0130977359504738
2021-10-14,002648SZ,-0.03167574916582326,-0.023919747528112316,0.014299434323999176,0.011966854313059822,16.840987587343157,0.0061163463398873
2021-10-15,002648SZ,0.002592028733403832,0.016601047147968964,0.02172845692239326,0.01565133880216752,17.13767054034992,0.0082288632335391
2021-10-18,002648SZ,0.012093352272188026,0.009328215672432505,0.012244581467296432,0.0025426570016952106,16.724183653386177,0.0054420780096101
2021-10-19,002648SZ,0.007135598909853749,0.018152945548135506,0.008765120909758438,0.02507651334782701,16.87240707242001,0.0063115696498553
2021-10-20,002648SZ,0.017868815544975717,0.009076501689419921,0.006396414033014271,0.003214183808069833,16.78721070950596,0.0057961159790236
2021-10-21,002648SZ,0.01755518003732223,0.020544512721312722,0.03113481123418876,0.025348760630800098,17.017964885070185,0.0073004954853748
2021-10-22,002648SZ,0.01411553201203256,0.017783470378340323,0.01837156856621399,0.0012025361157922713,17.005833686696402,0.0072124667494098
2021-10-25,002648SZ,0.0014488149824583483,0.02185110051324712,0.00024260564601653623,0.02140382359159847,17.677785327418732,0.0141224069659829
2021-10-26,002648SZ,0.03509152212727888,-0.011098234670209583,0.0149330110629708,-0.0044804986612121435,17.472160785425153,0.0114975979053809
2021-10-27,002648SZ,-0.022859566629167334,-0.004660964696605996,-0.010091502239511512,-0.013803162010136828,17.42238408688699,0.0109392959123176
2021-10-28,002648SZ,-0.009580840489800718,-0.02459331419343265,-0.057144174463325384,-0.05796215682273851,17.36161534600508,0.0102943241846761
2021-10-29,002648SZ,-0.050850069978223986,-0.04630344293627658,-0.01962368070689545,-0.0109793405783034,17.133339229154917,0.0081932985412829
2021-11-01,002648SZ,-0.011716925255283023,-0.001254664471506694,-0.008642221205315475,0.013262068057586457,17.151099584197954,0.0083401143287197
2021-11-02,002648SZ,0.01146358613548557,-0.0035210636647606754,-0.017779412245465396,-0.04270289297605334,17.440274094964312,0.0111367610699206
2021-11-03,002648SZ,-0.03847131777954776,-0.03878752520466851,-0.0032180099746214564,0.005537250600685979,16.791618324357753,0.0058217194107869
2021-11-04,002648SZ,0.0005263456673349434,-0.0005239571786005583,-0.041124279616057816,-0.05513407030519351,17.771422880864137,0.0155086857489317
2021-11-05,002648SZ,-0.05934279096086098,-0.05272859068500611,-0.02666054618089937,-0.030467719645377155,17.394028288982632,0.0106334600418967
2021-11-08,002648SZ,-0.019735695629775698,0.027787033804321744,0.008301149525067289,0.05027577916104841,17.361594842868193,0.0102941131208958
2021-11-09,002648SZ,0.05726924407437746,0.08148843755706764,0.0361130873958692,0.09528543903343355,17.962787423997188,0.0187794799995463
2021-11-10,002648SZ,0.08229467247341615,0.020588873322300576,0.07442207667816186,-0.019758034055318903,17.668174883683033,0.0139873344585508
2021-11-11,002648SZ,-0.019505539088151384,-0.035307906071297614,-0.021411806518008926,-0.012709918057071529,17.118685802454415,0.008074114000916
2021-11-12,002648SZ,-0.015780382634722836,-0.012645599893588615,0.0070157892439308,-0.001536038690304398,16.68222051485676,0.0052184364904323
2021-11-15,002648SZ,0.0005129823176043948,-0.00740832948410633,-0.010934800336276798,-0.015752485447644734,16.817761240454587,0.0059759230242425
2021-11-16,002648SZ,-0.010568588521483733,-0.0010262907639155745,-0.0005238134069833811,-0.0005208138022345871,16.83378488942025,0.0060724504169798
2021-11-17,002648SZ,-0.009372510532414306,-0.012656645813894769,-0.017437592846914613,-0.013106283824366925,16.963424674457524,0.0069129883219116
2021-11-18,002648SZ,-0.0013087823512087813,0.030716501052755564,0.003989920862019552,0.028610577347619317,17.126669622435774,0.0081388342897663
2021-11-19,002648SZ,0.02124991061908242,-0.017033535260969773,0.017368879074758762,-0.003338838289725556,16.569123944357916,0.0046603998855821
2021-11-22,002648SZ,-0.007722194306383857,0.009950200876084997,-0.0005220601618615238,-0.0025761626168114213,17.30930969738907,0.0097697125425067
2021-11-23,002648SZ,-0.0031055237563097885,0.017614941609312654,0.007023119683744092,0.010264467004819838,16.969460970862297,0.0069548433679003
2021-11-24,002648SZ,0.03113285522885088,0.0037345815866745504,0.005428382643329447,0.006615775878584486,17.043528069989758,0.0074895252162832
2021-11-25,002648SZ,-0.015190278513812234,0.00471049923130491,0.007448325277071977,-0.007126614974479048,17.105150261160617,0.0079655628003648
2021-11-26,002648SZ,-0.005627884458226576,-0.003220460583790767,-0.0035887247649208603,0.013699008808886285,17.16739510388801,0.0084771342038009
2021-11-29,002648SZ,0.0005129323312080208,-0.029462065465027252,-0.021545286744468487,-0.02914323639249391,17.33174341159167,0.0099913603846828
2021-11-30,002648SZ,-0.01238397499249509,0.01168727138255963,0.010700953184512974,0.02434466332223609,17.21656616290992,0.0089043819163374
2021-12-01,002648SZ,0.01877377791803285,0.00025240246602422066,0.0007784591328137778,-0.010434018324085689,17.125865341965426,0.0081322910157234
2021-12-02,002648SZ,-0.004084829847554377,0.01677765954985826,0.009809006822229741,0.017748818166377116,17.245549688730303,0.0091662387444999
2021-12-03,002648SZ,0.021762201916268768,-0.006477176667581803,-0.003087084898743486,-0.020310161430978944,17.072579876268495,0.0077103008989847
2021-12-06,002648SZ,-0.024323600622062583,-0.006771394033682962,-0.004907751656273131,-0.004885135947522078,16.79914003727698,0.0058656738140948
2021-12-07,002648SZ,-0.0012832553021778833,-0.008592342551937155,-0.026766208432275517,-0.026375658614279145,17.03529536957882,0.0074281193115491
2021-12-08,002648SZ,-0.02707091275284831,-0.0359166405694284,-0.010426528503127672,-0.0015890254426495511,16.95413257287842,0.0068490496518144
2021-12-09,002648SZ,-0.010076844455905717,-0.0010527336330039942,0.0010745101487456942,-0.0007954085181330383,16.89132663065523,0.0064321185349958
2021-12-10,002648SZ,0.01192218464794048,0.05707045340348908,0.010680874767300993,0.06395804327578491,18.037608728515263,0.0202384870270926
2021-12-13,002648SZ,0.08188465763632971,0.09009548940542854,0.08034922895030434,0.019710060597450133,18.176178945492595,0.0232465401190223
2021-12-14,002648SZ,-0.0002427548755229203,-0.05826903450110542,-0.06036432864805841,-0.06267001926257067,17.991977970554498,0.0193357425999649
2021-12-15,002648SZ,-0.06829967902214959,-0.069595494182857,-0.013366771873323089,0.000519359405876819,17.226541795049734,0.008993653286598
2021-12-16,002648SZ,-0.002081228747213224,0.0030951921433252125,0.006050268594554488,0.006211161585712532,16.72387693714932,0.0054404090917864
2021-12-17,002648SZ,0.008040563021344132,0.001544112840194703,-0.0031520508816836484,-0.01953945956009892,16.526017937728845,0.0044637769051164
2021-12-20,002648SZ,-0.020882952041434054,-0.01894933787664651,-0.04026307566559974,-0.028554278527250673,16.87985364336306,0.0063587446311548
2021-12-21,002648SZ,-0.017294601163346565,-0.01771366130081591,0.007368045869300096,0.006475967148718488,16.284579111307934,0.0035062826521308
2021-12-22,002648SZ,-0.001611603445135923,0.05576449333758685,0.011354529138400113,0.056979161433151765,17.458308062383182,0.0113394229680823
2021-12-23,002648SZ,0.03720247424818506,-0.006326757281253498,0.035647241313929594,-0.006627680571054076,16.8086350341686,0.0059216336202176
2021-12-24,002648SZ,0.002844964872917372,0.0022822430688900965,0.0005186993879826293,0.0020438994340523844,16.38038883597665,0.0038588381285504
2021-12-27,002648SZ,0.00720545937228886,0.01058223594418509,0.0062032338882405105,0.005599552099299155,16.67103157821807,0.0051603731710228
2021-12-28,002648SZ,0.010204218280762154,-0.01261050702623856,-0.008019680856606122,-0.009435233962191229,16.598963055126273,0.0048015576200629
2021-12-29,002648SZ,-0.013028758076682303,0.012610458344031553,0.005956150193614015,0.014498371812906401,17.195851106850867,0.0087218245111689
2021-12-30,002648SZ,0.036110487014961216,0.057937863678002285,0.037252530218777676,0.05167212469482497,17.87224636047112,0.0171538685451032
2021-12-31,002648SZ,0.040821878687492624,-0.006644714396262457,-0.007490669220740315,-0.04087202971864049,17.486643800409293,0.0116653294900465
2022-01-04,002648SZ,-0.045545339334320804,-0.008608244985790867,-0.0131181763604492,-0.010295158550216217,17.215256987504322,0.0088927321456024
2022-01-05,002648SZ,-0.013800134097171221,0.022323462113426413,-0.001524723596121455,0.04996744345232563,17.710229263874826,0.0145881071745089
2022-01-06,002648SZ,0.04447364768493514,0.01213825522859408,0.03326542608664097,0.01737513014230374,17.428565186204978,0.0110071221931972
2022-01-07,002648SZ,0.023642914729176956,0.0018545345216307379,0.035761299226439024,0.007053967863129526,16.82602537927405,0.0060255135132495
2022-01-10,002648SZ,0.01475950734005469,0.02560707058094955,0.0009488784044717048,0.021326560579430217,17.316104999173437,0.0098363267651377
2022-01-11,002648SZ,0.019346457770890862,0.008541331314407336,0.02575050529579147,0.007312661611901228,17.18979795882452,0.0086691894790812
2022-01-12,002648SZ,-0.0029696418880596,0.019943101515144456,0.005761181445989054,0.024292719035588058,16.982526485850723,0.0070463081984596
2022-01-13,002648SZ,0.029085493139587387,-0.009257303658892685,0.011196178684487761,-0.020656255000347432,16.674481313365064,0.0051782058340436
2022-01-14,002648SZ,-0.02429255270537021,-0.022618775298699628,-0.05199906783262136,-0.0421650841426295,17.483547661457013,0.0116292678628139
2022-01-17,002648SZ,-0.028405195333545123,-0.033628274024591356,-0.018845766964466288,-0.00617155727770681,17.199162345313926,0.0087507524201125
2022-01-18,002648SZ,-0.01915628170180469,0.011644371053413358,0.01692913031970318,0.024692667322953478,16.667470031396164,0.0051420269491554
2022-01-19,002648SZ,0.02359714490369959,0.009448108953768741,0.013576484076090821,-0.006057777911581072,16.74034079945778,0.0055307206413523
2022-01-20,002648SZ,0.0011653310870887825,0.024468833672661325,0.008011373451030479,0.02378585395544742,16.968168585833446,0.006945860837764
2022-01-21,002648SZ,0.02051938841295527,-0.019207504765606967,0.003747860483602965,-0.013555679581600583,16.43715734268589,0.0040842358408703
2022-01-24,002648SZ,-0.016103363516734855,0.017415323112938634,0.001868683561825361,0.017654998600420805,16.6341892545208,0.0049737126384692
2022-01-25,002648SZ,0.023605932685378538,0.0084841010356334,0.012753825466160667,-0.010050423301870434,16.816315742519553,0.005967291079654
2022-01-26,002648SZ,-0.012306290839554927,-0.008708251252248644,-0.012753773923042678,-0.0013782160984398327,16.77177798856773,0.0057073528242226
2022-01-27,002648SZ,0.0009167430256687873,-0.009237413824526771,-0.009614237417816977,-0.02302161126921895,16.679508680030775,0.0052043041227995
2022-01-28,002648SZ,-0.019665208434821398,-0.02707209145153676,-0.022397989876953954,-0.012069811716111049,16.70540153363652,0.0053408181572597
2022-02-07,002648SZ,-0.00327630076455897,0.01156086644775846,0.004807820560440398,0.020735985526276667,16.8092310091601,0.0059251638177912
2022-02-08,002648SZ,0.013041501592852367,0.022952831097772963,0.007644433840117687,0.0343833219536103,17.021226652160895,0.0073243468799636
2022-02-09,002648SZ,0.021742504013900328,0.007609743899919408,0.037828504498293905,-0.007009602609127915,16.677819604472205,0.0051955210791053
2022-02-10,002648SZ,-0.00841197357367595,0.029006688961912615,0.0020602216543423248,0.03412842289300131,17.281200115940095,0.0094989138533188
2022-02-11,002648SZ,0.04027387818984669,0.014407207612854812,0.028628055622721832,0.01307208604110821,17.14739158725375,0.0083092464734976
2022-02-14,002648SZ,0.013505022699497483,0.011673848810364072,0.0013325650997918603,0.001297978004138715,17.240941227231033,0.0091240936713477
2022-02-15,002648SZ,0.0017292231980281427,-0.012955623018684642,0.008177664312138112,-0.006288856249032271,16.70360594912475,0.0053312368709423
2022-02-16,002648SZ,0.00645863750704108,-0.0038551518615880897,-0.017094430346997855,-0.01910671065183679,16.590449516234454,0.0047608528865194
2022-02-17,002648SZ,-0.02829347322647372,-0.003224123466829272,0.0037993647720478804,0.02625980918075646,16.68692990369559,0.0052430700974838
2022-02-18,002648SZ,0.02140286511566127,0.0006457077186682646,0.019876949735029396,0.001079317103621072,16.222166525386264,0.0032941356486147
2022-02-21,002648SZ,0.0015112874196715569,-0.0025852156411308664,-0.023900332298057995,-0.030670569451956585,16.624237482876673,0.004924460860817
2022-02-22,002648SZ,-0.04050734424006174,-0.02977447578442038,-0.023797044361992304,-0.00826543280312747,16.44146962145884,0.0041018862350289
2022-02-23,002648SZ,0.010504066631241895,0.017403260567300138,0.013441327461542397,0.021086113998133614,16.5953274687935,0.0047841328355709
2022-02-24,002648SZ,0.008853465712392398,-0.007013009736352886,-0.022658085995377435,-0.034181800549925215,16.60637783001728,0.0048372924101336
2022-02-25,002648SZ,-0.024086844033543723,-0.002863064784620367,0.02514418355979823,0.02911737906544888,16.6251286518136,0.0049288513436722
2022-02-28,002648SZ,0.02143914059435528,0.0022031946371779045,-0.004524760436891581,-0.004868298549309475,16.641444234123107,0.0050099280365009
2022-03-01,002648SZ,-0.007763175435909972,-0.011732284972459196,-0.06076640176567768,-0.04329282322377632,17.73045884059396,0.014886223632072
2022-03-02,002648SZ,-0.04020985511944709,-0.0247983849434305,0.030844705578999407,0.0025447560306695784,16.924721014578495,0.0066505419400675
2022-03-03,002648SZ,-0.006511758195670138,-0.005263905583320643,-0.05252386443758872,-0.05900862358210096,17.6579554635499,0.0138451199208946
2022-03-04,002648SZ,-0.04436682143348771,-0.02039923520337606,0.00024638847994961916,0.044814121628135375,17.28017892239763,0.0094892185747487
2022-03-07,002648SZ,0.03475469901272613,0.0018715622510272142,0.01684390089513246,-0.02275532722862221,16.85902887267726,0.0062276945065955
2022-03-08,002648SZ,0.004934950927773134,0.00023389656821580192,0.005793036546472368,0.002394794701955412,17.06997246023102,0.0076902231229256
2022-03-09,002648SZ,-0.01964798678919647,0.03242027416780042,-0.006277265703045073,0.025736174268842175,17.33950979693849,0.0100692592466145
2022-03-10,002648SZ,0.040984467836961226,-0.0061273940019306705,0.022510482357486365,-0.00936781505079659,16.764385840065778,0.0056653187747747
2022-03-11,002648SZ,-0.03692866387570973,-0.026526691527595847,-0.03936272658730823,0.005163255766456653,16.608625420211585,0.0048481768891309
2022-03-14,002648SZ,0.0028530719420173487,-0.0037470826788662125,0.021925277230061806,-0.01985887081134329,16.332549475723773,0.0036785798639981
2022-03-15,002648SZ,-0.005714286351670536,-0.017515221094227228,-0.04232911790322751,-0.04168794302341122,17.037116013997316,0.0074416555946941
2022-03-16,002648SZ,-0.021968211754614397,-0.014430208672480061,-0.03530676402137555,-0.0007470759230950351,17.119184706157622,0.0080781432114497
2022-03-17,002648SZ,-0.01425790690219463,0.003868421827098532,0.04182151170896179,0.015327882892189186,16.811467356310686,0.0059384293693363
2022-03-18,002648SZ,0.0004950771351053773,0.006734150618063912,0.004982571254338061,0.018714915011274192,16.56405277915116,0.0046368260502543
2022-03-21,002648SZ,0.030944171482683407,0.03532263212960105,0.02357681097214748,0.026142210266254743,16.610604318871577,0.0048577804395602
2022-03-22,002648SZ,0.03581902528934469,0.0036952301458943178,0.022084414957131652,0.010500578145533224,16.65176978800828,0.0050619263149899
2022-03-23,002648SZ,0.007380105806564667,0.011687930781972158,0.012738925795281627,-0.001858785777243529,16.297390381532097,0.0035514915639273
2022-03-24,002648SZ,-0.012253051896495611,-0.0029663627448427575,0.0009372894614409319,0.006490508715971909,16.508072770316,0.0043843881288202
2022-03-25,002648SZ,0.004178320832267478,-0.006649100513878614,-0.026098796712530455,-0.03503351604316038,16.510253610399342,0.0043939602126381
2022-03-28,002648SZ,-0.03921149891384546,-0.04613666249261297,-0.049271135132490665,-0.043777677084197025,17.010099305001766,0.0072432980914885
2022-03-29,002648SZ,-0.03730494430277353,-0.02216631233615447,0.0020181804863679785,-0.0015010676234573498,16.271001184483993,0.003458996350272
2022-03-30,002648SZ,-0.0002501567917786645,-0.0012323626895463828,0.0057796613001603525,0.0077316356678636365,16.227769182178235,0.0033126433595067
2022-03-31,002648SZ,5.7899613870292374e-08,-0.005192127232031798,-0.016675471338133577,-0.021344111166399782,16.454775651709358,0.0041568307976516
2022-04-01,002648SZ,-0.014613458739089041,0.010112300086614135,-0.011531142175517957,0.02506394201832415,16.567055977338132,0.004650772289912
2022-04-06,002648SZ,0.023577575496841065,0.005872180435593161,0.018639554575922104,-0.018234690501628265,16.243243676150993,0.0033643035203505
2022-04-07,002648SZ,-0.02104279031835935,-0.029712477171793164,-0.023807515846650626,-0.02734283008229907,16.450606623551273,0.0041395369261373
2022-04-08,002648SZ,-0.02227147751958957,0.020152510665726896,-0.007802389204974176,0.045329910031769616,16.80334673927145,0.0058904009304161
2022-04-11,002648SZ,0.05096959649119082,0.03580442962077857,0.04816824772814153,0.021068864372485663,17.192333413107985,0.0086911977020643
2022-04-12,002648SZ,0.011009341173191032,-0.016291713757937257,-0.0022418276966144042,-0.022803467483899977,16.626451828149417,0.0049353774001353
2022-04-13,002648SZ,-0.019408566362417192,0.008897521117253,-0.006756050089626075,0.01183438431249778,16.59884712711515,0.0048010010172668
2022-04-14,002648SZ,0.01599631981338956,-0.017631203317055873,0.010489671333195472,0.0002451226311130241,15.809132466790711,0.0021795309797314
2022-04-15,002648SZ,-0.01376599577724335,-0.01472762081159398,-0.01880924647554794,-0.02355372756559459,15.683576224335294,0.0019223597081197
2022-04-18,002648SZ,-0.011451511650977157,0.008862557556452603,-0.0027887627152134204,0.002004967765767796,15.591388412668547,0.001753064885948
2022-04-19,002648SZ,-0.010824575989865215,-0.012330644152855829,0.0030418351949131265,0.00574202741992998,15.923151604673242,0.0024427607614576
2022-04-20,002648SZ,0.01257568330903785,-0.0009929929742748243,-0.007366973126767853,-0.020116284267234334,15.956572813431471,0.0025257803691129
2022-04-21,002648SZ,-0.025311378447598704,-0.027447238711628824,-0.0716006224238466,-0.06343849154850342,16.71604890495627,0.0053979876467925
2022-04-22,002648SZ,-0.08029928599102296,-0.04864986208548001,-0.021036000462119144,-0.026046808723641283,17.000498872437525,0.0071740920293843
2022-04-25,002648SZ,-0.019635913957530893,-0.04635408565761243,-0.06142908699114876,-0.06780298609463033,16.802656877479603,0.0058863387689969
2022-04-26,002648SZ,-0.052636019971906325,-0.031947875809904144,-0.026218143494511507,-0.02011778053502645,16.82829034343779,0.0060391765534047
2022-04-27,002648SZ,-0.015648838087721783,0.005203790073106575,-0.020046940886836607,0.04100399736978536,17.00735408030098,0.0072234408785641
2022-04-28,002648SZ,0.043620648052036005,0.008041409190104756,0.04804817687234368,0.0002910290044773164,16.68486879239198,0.0052322746749339
2022-04-29,002648SZ,0.010398617798404453,0.03540686643891976,0.012686400873317315,0.04773626408077603,16.625698788087032,0.004931662262006
2022-05-05,002648SZ,0.03417931262111119,0.02669728825273894,0.04134951512138649,0.009114905532547584,16.829046108503803,0.0060437424774612
2022-05-06,002648SZ,-0.014263792928198063,-0.023664769288599348,-0.009325895881716815,-0.0270323332019612,16.47799042567396,0.004254459521788
2022-05-09,002648SZ,-0.005366575632568062,-0.02621457994835524,-0.04115342229974886,-0.03624215697315694,16.69284570734812,0.0052741789988235
2022-05-10,002648SZ,-0.04815315661061684,-0.04183511152015302,-0.0209275523051992,-0.026415008833674807,17.00420437403806,0.0072007249536792
2022-05-11,002648SZ,-0.009555327868337295,0.0415523617530819,0.006924517289936592,0.04929121787032087,16.896264676534347,0.006463959183478
2022-05-12,002648SZ,0.049461686502785915,0.0031044032489611338,0.031598879735757784,0.0017164053887140682,16.158353134172046,0.003090492348403
2022-05-13,002648SZ,-7.350163226179109e-08,0.012878126647184423,0.017291459605781646,0.0231648248830283,16.43340050228181,0.0040689208036165
2022-05-16,002648SZ,0.024817853934330152,0.024997817156318998,0.02287903165875249,0.0052916215088004955,16.264564270603184,0.0034368025930235
2022-05-17,002648SZ,0.0005570542562555656,-0.0002712900318390034,-0.005600565340840701,0.01816746178066716,16.287910827987584,0.0035179840756052
2022-05-18,002648SZ,0.020937409944433303,0.02703948104790712,0.025507310223624572,0.019984460519541898,16.529340557140326,0.0044786330048114
2022-05-19,002648SZ,-0.004919434263451047,-0.014901815900879144,-0.0027412452282649176,-0.006976227996387193,16.666936396059118,0.0051392837137216
2022-05-20,002648SZ,0.01225333569855366,0.009870713599612287,0.013089815729511426,0.011511346102364574,16.299363235852308,0.0035585050560123
2022-05-23,002648SZ,0.02141989284685194,0.010036964178680462,0.011850419666926534,0.0047796384266132145,16.059312058407034,0.0027990759042302
2022-05-24,002648SZ,-0.00531219186667358,-0.00210465953887541,-0.020831336797925645,-0.029572091925590984,16.288282546318467,0.0035192920179622
2022-05-25,002648SZ,-0.029457502456703283,-0.0288558012773187,-0.009890048220166505,-0.0021851468007267508,16.060271391963266,0.0028017624403925
2022-05-26,002648SZ,0.0060158212548277225,0.026482650400410666,-0.0002762265856711423,0.024845914918607524,16.27468478391218,0.0034717614045828
2022-05-27,002648SZ,0.036406695138477704,0.014675409233811498,0.03873207486460092,0.015877658727380672,16.315057595680592,0.0036147940741355
2022-05-30,002648SZ,0.01227968870673859,0.01395006692653191,0.013196325460500416,0.013559479103689908,16.396997565387572,0.0039234637207116
2022-05-31,002648SZ,-0.004685120852207884,0.012492250171689728,0.004447292282289588,0.01923881780245477,16.56580471811581,0.0046449566070441
2022-06-01,002648SZ,0.023208912782075194,0.009330520666852653,0.009094582096934048,-0.010214663271256728,16.488404282370645,0.0042989963542617
2022-06-02,002648SZ,-0.0053675442645577396,-0.019260690361895826,-0.006227495944486063,-0.008247485707841489,16.098088944839475,0.0029097472419384
2022-06-06,002648SZ,-0.004903909183469617,0.011220894912127778,-0.020804582104354763,0.012489701551302286,17.216171562468585,0.0089008689363436
2022-06-07,002648SZ,0.010130360031682778,-0.00645169880970379,0.018587913572743572,-0.010156007344343979,16.674683373212552,0.0051792522473002
2022-06-08,002648SZ,-0.01195031821682751,0.002872530843129657,0.00036819637181363635,0.01447714722356534,16.408367841157194,0.0039683291714761
2022-06-09,002648SZ,0.014466881265435915,0.011053784536825876,0.01824199570244018,0.008586861404806833,16.778494562831888,0.005745815710131
2022-06-10,002648SZ,-0.0035970651383055974,-0.008189420830359161,-0.012368236860068035,-0.02708235121027544,17.4430274023907,0.0111674662486988
2022-06-13,002648SZ,-0.018182432271531636,-0.015493068761741488,-0.018844106327618463,-0.0007323364644818933,16.88051690346466,0.0063629635319215
2022-06-14,002648SZ,-0.009216633074798442,0.03426455805648152,0.002607659611093432,0.03844550518916465,17.18858078741808,0.0086586440082936
2022-06-15,002648SZ,0.09699231971527031,0.04728534734183243,0.03509124166300071,-0.015630755418996632,17.343173175665648,0.010106214406869
2022-06-16,002648SZ,-0.06815286319977268,-0.06141980189389557,-0.03583558020208831,-0.03608924989359588,17.23539821646402,0.0090736586303648
2022-06-17,002648SZ,-0.03627438925024962,-0.0014245196393668433,-0.004103797106409139,0.021300854162534712,17.30868581589355,0.0097636193003778
2022-06-20,002648SZ,0.047011677044776615,0.0010685076416594092,-0.006375449270296691,-0.028752493623898975,17.15791469606265,0.0083971472650332
2022-06-21,002648SZ,-0.05187421307862048,-0.045892849629300486,-0.030947915076508917,-0.028833504542141182,17.03644969274382,0.0074366987128336
2022-06-22,002648SZ,-0.029296395265247008,-0.024524926139404546,-0.011317206024404955,-0.013953789987621982,16.65468901647322,0.005076724824849
2022-06-23,002648SZ,-0.01556456646348896,-0.010752837618747298,-0.012241095800387064,0.006225734730125572,16.758064076555996,0.0056296169355895
2022-06-24,002648SZ,0.01363223380191386,0.005774810679336472,0.017720557315209825,0.006957931727116994,16.503775039627367,0.0043655856410874
2022-06-27,002648SZ,0.003860967079709392,0.00917084996668335,0.00855034394238672,0.0015396544268789713,16.732506936259977,0.0054875629963935
2022-06-28,002648SZ,0.001540254592374614,-0.007253306663981799,-0.006211154828674314,-0.0019249923041662097,16.348750124542914,0.0037386606087953
2022-06-29,002648SZ,-0.00540129156669228,-0.006534785127262153,-0.010963369798723532,-0.019062956789622294,16.488110215218175,0.0042977323464188
2022-06-30,002648SZ,-0.00932771950299192,0.0019264435017628935,0.004321339890285953,0.015201927194098483,16.406856965818445,0.0039623380474069
2022-07-01,002648SZ,0.009327762349431286,0.004225137427268474,-0.003927664716893981,0.005786021899689933,16.57477604374469,0.0046868155121455
2022-07-04,002648SZ,0.0,0.0003832239639952106,0.009400780430207553,0.0,16.38610931210655,0.003880975780237
2022-07-05,002648SZ,0.008474623795185867,0.017471013177457577,0.008153789332455218,0.005370198820471507,16.793850965999372,0.0058347317451666
2022-07-06,002648SZ,-0.008087826593296142,-0.015557077231333243,-0.03863314198985285,-0.03860885518295002,16.880860494449053,0.0063651501645592
2022-07-07,002648SZ,-0.02783958082015884,-0.03423141988876703,-0.015799420446501004,-0.009990202774088302,16.442915909030507,0.0041078230346652
2022-07-08,002648SZ,-0.005981996508367049,0.0003957629089247475,0.01378782542579856,0.006405291926161953,16.443319792852133,0.0041094824531345
2022-07-11,002648SZ,-1.0892274209600055e-07,-0.011137896429622016,-0.04236710932947708,-0.04321923852070496,16.623169203234692,0.0049192029681644
2022-07-12,002648SZ,-0.03376360454330458,-0.005615719842228475,0.0062827043963866085,0.028749455042561416,16.77936793169222,0.005750836118924
2022-07-13,002648SZ,0.013969003406880981,-0.008888818885898027,0.009971016513758146,-0.015915484811236575,16.033507009500696,0.0027277695942422
2022-07-14,002648SZ,-0.008193410430523712,-0.0024381221276050893,-0.005388547949576292,0.011045318928394604,16.151150857918665,0.0030683137307506
2022-07-15,002648SZ,0.0036955395002876675,-0.0036680975259432624,-0.008766471707369168,-0.02763618405561629,16.941587834240135,0.0067636667829007
2022-07-18,002648SZ,-0.027000736762273818,-0.008200167741449377,-0.023330896652837455,0.007084818584979201,16.692030600047918,0.0052698817283832
2022-07-19,002648SZ,0.012968264672523587,0.006565415167064916,0.02793238641999824,0.008683111256339438,16.53578796781197,0.0045076018797208
2022-07-20,002648SZ,0.00827818127839767,0.030610495208886594,0.012443213998450855,0.029210932743501672,16.760850867652398,0.0056453273834697
2022-07-21,002648SZ,0.0252351706898765,-0.006366967509330658,0.011475350323920297,-0.017749654943431028,16.007960532783006,0.0026589672546995
2022-07-22,002648SZ,-0.013352286545821643,-0.015285815781808682,-0.03778721872669166,-0.0276475905742111,16.4320265878268,0.0040633342926731
2022-07-25,002648SZ,-0.031866940820810145,-0.029619648310999596,-0.02745771487444356,-0.034045846195541504,16.441694016630315,0.0041028067818398
2022-07-26,002648SZ,-0.024692636725045864,-0.003345875556549443,0.004340241099618258,0.023953191508361497,16.41443337990032,0.0039924723743575
2022-07-27,002648SZ,0.020056172324142706,-0.004198119197728142,0.0008657291104156411,-0.017480762060416332,16.388264533850176,0.0038893491642733
2022-07-28,002648SZ,-0.017903402676803893,-0.013127555367185424,-0.004336430111377058,-0.0073386702314527825,16.5478849135406,0.0045624612450089
2022-07-29,002648SZ,-0.0047423136205969755,-0.006414218578896781,-0.02241354787350778,-0.01792382982402771,16.623086042825275,0.0049187939022162
2022-08-01,002648SZ,-0.0258277341740712,-0.030932627223210264,-0.023837498038315048,-0.02320509187645727,17.075818264933485,0.0077353103242441
2022-08-02,002648SZ,-0.02787942090235271,-0.027362068009388833,-0.053763807867657304,-0.03444650375956745,17.15620503331903,0.0083828032399106
2022-08-03,002648SZ,-0.019802623479112668,-0.00045483921902943094,0.013358994910879173,-0.012223941339799609,16.63839574980182,0.0049946786041633
2022-08-04,002648SZ,-0.010755352238261982,-0.018829602087978143,-0.004274609815988258,0.006130550576200742,16.469004885091586,0.0042164021395699
2022-08-05,002648SZ,0.0042224502622943165,0.012897604857757402,0.005222094106356211,0.02644566329149502,16.82264819241054,0.0060051985501857
2022-08-08,002648SZ,0.017633803705078093,0.019039415873797826,0.027552374097694603,0.015447723965683662,16.613896769997627,0.0048738008038771
2022-08-09,002648SZ,0.026329335302505114,0.013824179446099365,0.021418145146498115,0.00897676914744613,16.460295524732885,0.0041798394213935
2022-08-10,002648SZ,-0.007645651587503175,0.014072307047950167,-0.005878409350065025,0.02078340265441112,16.767787529134218,0.0056846232440158
2022-08-11,002648SZ,0.0450208201323233,0.03138021932605246,0.03476282894486954,0.022502090871919324,16.983433325294644,0.0070527009671064
2022-08-12,002648SZ,0.01965878950964833,0.08436295876852838,0.028924974752600877,0.09542681384682267,17.951044567187697,0.0185602449933842
2022-08-15,002648SZ,0.11084682991345833,0.06730595248508545,0.09994155987577007,0.04932709534119224,18.820160461964143,0.0442625006184079
2022-08-16,002648SZ,0.04879019103225159,0.044451730387095635,0.051042935960047664,0.04665463757238403,18.66793898479402,0.0380125494213411
2022-08-17,002648SZ,0.0010816447255802466,-0.0260762579900469,-0.03841609212412555,-0.06345552000342801,18.46675909161177,0.0310853441281716
2022-08-18,002648SZ,-0.06513929811611442,-0.06033449387155409,-0.058725269160000926,-0.049788406025985416,18.35899646026755,0.0279096868022961
2022-08-19,002648SZ,-0.036025721130499254,-0.03629733732815861,-0.013804424699577307,-0.01676003709297688,18.149402680357042,0.0226323442216073
2022-08-22,002648SZ,-0.007604689340269062,0.019470924120351944,0.01581863721674636,0.03090573259272075,17.853538616546437,0.0168359414808231
2022-08-23,002648SZ,0.026171311921002024,-0.014763165250795532,-0.0020141043670793713,-0.016919471964264524,17.538982652397113,0.0122921396395215
2022-08-24,002648SZ,-0.009832999171927878,-0.0011749482571306923,-0.046212863409305874,-0.05799918568252044,17.863970523265166,0.0170124917317619
2022-08-25,002648SZ,-0.05358422204569765,-0.03875057956820998,0.0029517354166732797,0.02163145975770102,17.08072031388198,0.007773322287674
2022-08-26,002648SZ,0.00871909906588319,-0.005309343358385008,0.008385707602163632,-0.006191946077188915,16.861338952079116,0.0062420976058283
2022-08-29,002648SZ,-0.016253715746395603,-0.013605787771746883,-0.02195105557858661,-0.01965361764729092,17.07132846341173,0.0077006581637185
2022-08-30,002648SZ,0.012526223069715854,0.0033153542915797048,-0.04629647743869598,-0.04623853338807569,17.686605896622382,0.0142475256342927
2022-08-31,002648SZ,-0.07717675390409821,-0.06318780175804685,-0.0262695607116622,-0.03053670145117635,17.210208933427918,0.0088479542670111
2022-09-01,002648SZ,-0.015357141033834622,-0.017337631468352606,-0.00829501286786268,-0.0018256607443753589,16.99795913392231,0.0071558948286388
2022-09-02,002648SZ,-0.0027347047921655104,-0.01082064222306429,0.0009251204404215336,-0.0050377574530527745,16.56621576060245,0.0046468662741305
2022-09-05,002648SZ,-0.009630843777797063,-0.012314817823473566,-0.020080057021310917,-0.022285035077168946,16.97573204123856,0.0069985947225082
2022-09-06,002648SZ,-0.01158767381557835,0.023135473895452837,0.003766465375787171,0.04363491447653368,17.307584608961626,0.0097528734525836
2022-09-07,002648SZ,0.03706667241058282,0.010261110433933516,0.022765213732146888,-0.015855394192917933,17.372096823990532,0.0104027913753119
2022-09-08,002648SZ,-0.011748878289030203,-0.021535123869759712,-0.03887170542531677,-0.037213537355303895,17.68251701317725,0.014189388101177
2022-09-09,002648SZ,-0.0460439807944758,-0.03648530472848043,-0.0028694861009586356,0.005670991824707337,17.060072024157787,0.0076144622094403
2022-09-13,002648SZ,0.013708571647385408,0.006563589155964755,-0.0038387213564287327,-0.011374459873115687,17.018300577188903,0.0073029466156612
2022-09-14,002648SZ,-0.03779443963666974,-0.033257188752704905,-0.03174867536256654,-0.038382174090557934,17.399193649613178,0.0106885277992716
2022-09-15,002648SZ,-0.011770617929644718,-0.01951280348252686,-0.046732713206856125,-0.03016815195371094,17.540596957623467,0.0123119989304296
2022-09-16,002648SZ,-0.031064614105881284,-0.032543573564678165,-0.019958698738967287,-0.03427130543492514,17.222853185531758,0.0089605403183378
2022-09-19,002648SZ,-0.04635043771235496,-0.02368811436578314,-0.009594915756460235,-0.002644818706000944,16.926346859614103,0.006661363485842
2022-09-20,002648SZ,0.01796142865049958,0.06847170473055142,0.02014915854822422,0.05912801996008533,17.794354496594774,0.0158684340177504
2022-09-21,002648SZ,0.04103137848015762,0.015451747323173438,0.03760419231065185,0.022217632153577256,17.703064502812435,0.0144839604089897
2022-09-22,002648SZ,0.025305266927842587,-0.007213240408643601,0.019029124036329313,-0.001954977298424557,17.08967947136772,0.0078432776113554
2022-09-23,002648SZ,0.0009794806852511623,0.03974031725497162,0.007905189083608075,0.04869696489235573,17.802563351971372,0.0159992318157088
2022-09-26,002648SZ,0.04029316575975917,0.010152341332285611,0.02766492305744327,0.0009315373856920397,17.275710509372498,0.0094469114188623
2022-09-27,002648SZ,0.010290102882245593,0.008230477937185699,0.010002476716629842,0.022100273061601526,17.62009535749695,0.0133307408645278
2022-09-28,002648SZ,0.021179369176711912,0.006807421567450634,8.608976383574839e-09,-0.028170835352597377,17.154807712905217,0.0083710979573234
2022-09-29,002648SZ,-0.023042497693611455,-0.022411236531105796,-0.005226928684571294,-0.005636559652553113,16.894857153377565,0.0064548674107662
2022-09-30,002648SZ,0.003258007399940311,0.015603761418877532,0.007593722565626252,0.0018823637212830478,16.843943682641456,0.0061344535936209
2022-10-10,002648SZ,-0.005591699858161823,-0.0202398607419599,-0.02829241814272296,-0.02813053265505788,16.683521783245343,0.0052252314973665
2022-10-11,002648SZ,-0.023163474006897642,-0.028755228825621506,-0.01272655895666571,0.005785901245941528,16.50439248252731,0.0043682819734589
2022-10-12,002648SZ,-0.012027988275797421,-0.012027988275797421,-0.034581221895794025,-0.033735692128254044,17.795417644398338,0.0158853134799296
2022-10-13,002648SZ,-0.03472390809352926,-0.03472390809352926,-0.04992211814833004,-0.053137463622994804,17.612372355240602,0.0132281840534489
2022-10-14,002648SZ,-0.043898803372967025,-0.03274208145421137,0.0022944420564648864,0.0007487354459464534,17.47413691737142,0.0115203411409096
2022-10-17,002648SZ,-0.00524939527604762,0.03345753729800287,-0.00843897785994201,0.036020055475198445,17.65290518508167,0.0137753744735742
2022-10-18,002648SZ,0.0383527721768428,0.04885836540160729,0.0612589554636076,0.0431009846806125,17.68637770064437,0.014244274777109
2022-10-19,002648SZ,0.04249936619730169,-0.015099799299192179,0.007220232015250799,-0.03805953367456541,17.373037101979445,0.0104125774914583
2022-10-20,002648SZ,-0.049032969985970634,-0.039497425953747396,-0.03663415348161132,-0.029896510751198258,17.03628262383058,0.0074354563753929
2022-10-21,002648SZ,-0.017634520510967887,-0.028458631103385867,-0.024935161526551352,-0.020187623016427257,16.812636210315,0.0059453745848117
2022-10-24,002648SZ,-0.02476675117036549,-0.002223109608162911,-0.020874330679890536,-0.030677235295932952,17.04732108769135,0.0075179870631522
2022-10-25,002648SZ,-0.07574596483609397,-0.06513211274094574,-0.0788065009245826,-0.021252298460509664,17.3960582254524,0.0106550672140118
2022-10-26,002648SZ,0.03622125145691839,0.08423632725700309,0.06385145375379998,0.05945405614610466,17.588023856203293,0.0129099871481334
2022-10-27,002648SZ,0.06132191118215062,-0.002915446891157716,0.03888515317030922,-0.006769495160466643,16.683503660116866,0.0052251368006774
2022-10-28,002648SZ,-0.014981571987042171,-0.028880187530839294,-0.03177332569415902,-0.04003620837481277,16.705694576016196,0.0053423834727496
2022-10-31,002648SZ,-0.05030066473356681,-0.04063419241247017,-0.027945841017972064,-0.02626489129671401,16.599677060794672,0.004804987183851
2022-11-01,002648SZ,-0.0023838913876590363,0.02701822349667402,0.007260914138661637,0.05567878426154908,16.770902283584,0.0057023570543801
2022-11-02,002648SZ,0.03824116577251611,0.01736545349836258,0.024614226143014697,0.0007625113239233664,16.938958728128245,0.0067459077398763
2022-11-03,002648SZ,-0.010003963952182934,0.014121394631498176,0.011695985831997312,0.026327211093028473,17.001630023449575,0.0071822116025456
2022-11-04,002648SZ,0.04091478993468782,0.013196621111761765,0.035037856688723744,0.006659299285560799,17.115201321489668,0.0080460288628193
2022-11-07,002648SZ,0.004444455411314012,0.04695040152913054,0.00894197232565121,0.05243571902576405,17.381484139571285,0.0105009054570865
2022-11-08,002648SZ,0.05395052122781816,0.023352660102391565,0.049919993023865024,0.013898756726973086,17.28932474339814,0.0095764033524475
2022-11-09,002648SZ,0.012526237421933128,-0.004081645776853823,-0.002826898026043122,-0.0244510995229122,16.763083725689626,0.0056579466820617
2022-11-10,002648SZ,-0.02237847861995381,-0.03045216142263319,-0.027988878659354316,-0.014962819049064158,16.6638244885689,0.0051233155958538
2022-11-11,002648SZ,0.018220487053394237,0.020863070982660343,0.013733531274457395,0.033183362102548825,17.24042404306657,0.0091193760544758
2022-11-14,002648SZ,-0.003478220740948303,0.019087187969775144,0.015669777991898944,-0.007668200257545555,17.063282402375286,0.00763894679537
2022-11-15,002648SZ,-0.005590485116853655,-0.017024564920130707,-0.008516701944043518,0.015278113502427476,17.002453347528874,0.0071881273254894
2022-11-16,002648SZ,0.016678565275210593,0.03774023776670231,0.03364015376103153,0.014368994943629195,17.18835750368284,0.008656710889676
2022-11-17,002648SZ,0.002065403441972337,-0.031578037127997206,-0.030793216603336306,-0.038080055724137765,16.815719147848615,0.0059637320871624
2022-11-18,002648SZ,-0.030728621962071483,-0.029790843189693966,-0.008565331760851155,-0.011355659319827807,16.473662771487238,0.0042360874735509
2022-11-21,002648SZ,-0.012848150326198083,-0.004228351938545059,-0.018083661957443885,0.0014265121210731335,16.390131227920573,0.0038966161703785
2022-11-22,002648SZ,0.007871175918306876,-0.0077987069106030295,0.0014587840724539284,-0.010748950534186154,16.520267141056603,0.004438180301014
2022-11-23,002648SZ,-0.01074892717268359,0.019732811746121837,0.007262139082161956,0.012173430616810973,16.530404222396488,0.0044833993058745
2022-11-24,002648SZ,0.008608380035430902,-0.010522680146610007,0.010795409869830078,0.0014224538251402853,15.835450074043191,0.0022376524826866
2022-11-25,002648SZ,0.006408024368660195,0.015395654709269404,-0.010072034979390129,0.008492629407991222,16.44950602652115,0.0041349834699834
2022-11-28,002648SZ,-0.0064079851346877745,-0.018220473352164666,-0.013100624485485459,-0.032226169474358905,16.473069669142664,0.0042335757848803
2022-11-29,002648SZ,-0.021661525206449,0.007047190658972463,0.0007323347847421903,0.03293066653602908,16.8697440239829,0.0062947839938006
2022-11-30,002648SZ,0.03655010287476468,0.038572280739958845,0.03736067664638412,0.024349032544310385,17.06354693102412,0.0076409677830155
2022-12-01,002648SZ,0.034581608839572876,0.025351614840213997,0.03669501100755245,0.040409516475915314,17.291259691866628,0.0095949511387408
2022-12-02,002648SZ,0.02550472378477036,0.00460068908190229,0.008124591898430445,-0.008617851863155704,16.979770353216665,0.0070269143759163
2022-12-05,002648SZ,-0.004649578111447643,0.03732739398715497,0.010063824492712271,0.05252422022764507,17.392031372125043,0.0106122470929885
2022-12-06,002648SZ,0.04300333865659886,0.013178771527316885,0.021136874418496904,-0.0018969358840665606,17.18402547215176,0.0086192908547663
2022-12-07,002648SZ,0.0069908233317212696,-0.010025164625467351,0.0006534280779530865,-0.02759237013490904,16.990197685656906,0.007100569698131
2022-12-08,002648SZ,-0.028261372919301336,-0.01650837189291845,-0.005239146179543245,-0.004564755192349401,16.69625557153639,0.0052921939307066
2022-12-09,002648SZ,0.003251996599274228,0.012722816799132888,-0.00131401723603459,0.02580787017593065,16.76377316510778,0.0056618488387305
2022-12-12,002648SZ,0.01801858302015201,-0.0006322320024312339,-0.0006576601913654609,-0.027770517713058752,16.702961777459166,0.0053278037448962
2022-12-13,002648SZ,-0.02322689694785841,-0.006345230022084779,-0.005938668696005517,-0.0006551153086050723,16.617742059501953,0.0048925780589498
2022-12-14,002648SZ,-0.007863755694627425,-0.02448579339493492,-0.00864083263849577,-0.0026246974831382348,16.174171968432002,0.0031397690618604
2022-12-15,002648SZ,0.006557420038596434,0.0013038054554653975,-0.013441055599836526,-0.01322769868744858,16.653319326862842,0.0050697760471157
2022-12-16,002648SZ,-0.016474813597904713,0.01935541712496382,0.009427725834514853,0.027578864004970303,17.063611809122083,0.0076414635305726
2022-12-19,002648SZ,0.022989463147060674,-0.0012787584893018218,-0.002684580426745702,-0.026913349054350603,16.570583393821767,0.0046672064698544
2022-12-20,002648SZ,-0.02365415408509286,-0.02264737091419111,-0.018311820254018753,-0.011375155234298572,16.335778560067002,0.0036904775085116
2022-12-21,002648SZ,-0.016086160457684698,-0.012512521500973506,0.002051291590807967,0.0026881330337053507,16.39349284737568,0.003909737153624
2022-12-22,002648SZ,0.006734055105458121,0.004628148671048879,0.012894680434699508,0.006022170909720048,16.483862993475114,0.0042795176312387
2022-12-23,002648SZ,-0.0060585573232869545,-0.019314643960003118,-0.039895270877524605,-0.048523385220507635,16.73268678904352,0.0054885500386851
2022-12-26,002648SZ,-0.03784420931466219,-0.014905427090171744,-0.006335812963455828,0.021476451042752132,16.521460755601908,0.0044434809407613
2022-12-27,002648SZ,0.02356313341352905,0.04732640555154181,0.02991530511143495,0.03964242868615164,16.75703629776668,0.0056238339067523
2022-12-28,002648SZ,0.04027381967376828,-0.0045677287094723976,0.014290779876714562,-0.003960469676509327,16.821740388853332,0.0059997494830261
2022-12-29,002648SZ,-0.011912719153512188,0.010409992889823905,0.0026990737013191817,0.014445462041068335,16.762496501388107,0.0056546251734297
2022-12-30,002648SZ,0.025633941609743336,0.015414527994796253,0.029872748417160977,0.010376197031555557,16.901212914716762,0.0064960236604979
2023-01-03,002648SZ,-0.0071638040528856734,-0.003191788419437622,-0.027180985837663253,-0.012987188547937274,17.01477692807728,0.0072772588771276
2023-01-04,002648SZ,0.003262707066726678,0.0057379799469178625,0.021277427254809925,0.011049890028121307,16.841057329222277,0.0061167729202702
2023-01-05,002648SZ,0.006493457430993142,0.00759980173909941,0.009820048897960789,0.009008996004712977,16.53212491510165,0.0044911204998613
2023-01-06,002648SZ,0.017324774906099932,0.04743727744884188,0.021908003033004244,0.04997914518688937,17.505651366236478,0.0118891796981659
2023-01-09,002648SZ,0.045391732629100054,0.008984776235054599,0.027657313133087003,0.01271595714521022,17.163749716153674,0.008446288018981
2023-01-10,002648SZ,0.007268315880032829,-0.010188858339490296,-0.00372665289914247,-0.03240884298539399,16.854942633176474,0.0062022985763545
2023-01-11,002648SZ,-0.032508121099990885,-0.025008885261194765,-0.015047259280695086,-0.008739120810154445,16.721506016621817,0.0054275255924006
2023-01-12,002648SZ,-0.008137855691563018,-0.0074396688518436754,0.0012626263830025697,0.003129876032790004,16.612345085673915,0.0048662440674631
2023-01-13,002648SZ,0.008137847240271905,0.00124383021181816,-0.009508803702089938,-0.010050305737282397,16.847361767978228,0.0061554575567326
2023-01-16,002648SZ,-0.010655179349412099,0.018473337868331104,0.003814351586696819,0.019381582868444727,16.90905347346897,0.0065471563103185
2023-01-17,002648SZ,0.023662463521513896,0.01152587166204923,0.02134427880443395,0.025673869045792212,16.78507163385954,0.0057837308988881
2023-01-18,002648SZ,0.018897195142208806,0.010797950815485239,0.018462003096312848,-0.0012077700863950623,16.512228052505478,0.0044026444036757
2023-01-19,002648SZ,-0.0036298006071592216,0.05400436484468828,0.003044147214437358,0.06094444689371462,17.530051594090438,0.0121828465987637
2023-01-20,002648SZ,0.061123664165957756,0.007321872487617007,0.059586980316990716,0.011305991648527821,16.897277260616338,0.0064705078009078
2023-01-30,002648SZ,0.02699826011602533,0.014484967500356133,0.010256539675784417,0.002245896128631444,16.81905841016095,0.0059836798408082
2023-01-31,002648SZ,-0.012283823006620998,0.00935876942465646,0.0028305625236690465,-0.006752987356456962,16.800958781487047,0.0058763516821342
2023-02-01,002648SZ,-0.0056337901350615015,-0.00109657483088488,-0.0039649286063693345,0.02619264705394411,17.011945294657636,0.0072566814943989
2023-02-02,002648SZ,0.02895519192318072,0.03238279549866307,0.025771703068046086,0.022839516154038446,17.13924227518938,0.0082418069944544
2023-02-03,002648SZ,0.022253321799356962,-0.004257549822189111,-0.016732045660763414,-0.027802257007417345,17.322658431214226,0.0099010001509257
2023-02-06,002648SZ,-0.038855766001391734,-0.032523250962749016,-0.01816180896855974,-0.025190330103490925,17.188817491907205,0.0086606937908571
2023-02-07,002648SZ,-0.011223539404926463,-0.008298815824934015,0.0017167439404621127,-0.00340716208885494,16.520530907030302,0.004439351096442
2023-02-08,002648SZ,-0.0022597979287617437,-0.005571032332758584,0.005132646001000368,0.003407162088854885,16.45615805117042,0.0041625811724581
2023-02-09,002648SZ,-0.007380190062837959,0.009452374148245934,-0.002848171846142824,0.008467515130751451,16.71564109921664,0.0053957867651232
2023-02-10,002648SZ,0.006248244039065289,-0.01112974763790962,-3.605689756271171e-08,-0.003378494930149988,16.401883776831085,0.0039426815083439
2023-02-13,002648SZ,0.002827310654992778,0.0066927561963806914,0.0039852827068990685,0.00954269435928621,16.646994112679526,0.0050378098290427
2023-02-14,002648SZ,0.008434152079035365,0.01981350260510631,0.005665701520886456,0.0050152862598669586,16.93997015933012,0.0067527342134219
2023-02-15,002648SZ,0.008918697957849681,-0.01206158681498335,-0.002828890920275999,-0.007812475646074393,16.659806556026677,0.0051027717577202
2023-02-16,002648SZ,-0.013970661381129415,-0.01220882264896423,-0.021186010378836353,-0.026683509771448163,16.821277465748498,0.0059969727029972
2023-02-17,002648SZ,-0.022191602384449893,-0.004476785964183724,0.004618935271014211,0.010303480236377447,16.859070532668724,0.0062279539577122
2023-02-20,002648SZ,0.017679455158907596,0.011709126135593618,-0.0034622986401692114,0.0202938423579415,17.001775666635602,0.0071832577189473
2023-02-21,002648SZ,0.022359800516202934,0.041797080571957246,0.03521098543663862,0.034552367155938145,17.33912478554476,0.0100653832131703
2023-02-22,002648SZ,0.015359631309261636,0.00847012706917722,0.02152991195398729,0.009656738330598597,17.042294987215612,0.0074802957029328
2023-02-23,002648SZ,0.012442676346411448,-0.006345793589230606,-0.020414423088971744,-0.03975471408953847,16.935010368714497,0.0067193249840467
2023-02-24,002648SZ,-0.03001596447261171,-0.03839352884598085,-0.01913396843633219,-0.011173349215000043,16.707392064505086,0.0053514598090105
2023-02-27,002648SZ,-0.020146036981343457,-0.008303308632615372,-0.00855916418069302,-0.015284609165455846,16.686333759618808,0.0052399454036005
2023-02-28,002648SZ,0.005074659676395094,-0.01117955276578962,-0.016758677868994442,-0.006869063754013192,16.769088700097516,0.0056920247253565
2023-03-01,002648SZ,-0.022178963470602192,-0.008467525196764738,0.005810625714152918,0.011989935087702078,16.404049856507477,0.0039512309272912
2023-03-02,002648SZ,0.010866642033691977,0.0016993220559192964,-0.003482223354935732,-0.017172735238363823,16.658155402905713,0.0050943532517505
2023-03-03,002648SZ,-0.014900061622502113,-0.01367547282846173,-0.002911336027261621,-0.0057904856094666375,16.036119141361198,0.0027349042030957
2023-03-06,002648SZ,-0.009280762250644099,-0.010380695467163137,-0.03259539493016645,-0.018757821671797143,16.966991134465808,0.0069376872370246
2023-03-07,002648SZ,-0.008779710970814912,-0.008733703327143282,-0.012121452439357637,-0.027596222910124067,16.933805802836368,0.0067112359869323
2023-03-08,002648SZ,-0.038350970605024674,-0.04362803655831723,-0.03222084193532957,-0.011009297308374673,17.135098925379385,0.0082077289511595
2023-03-09,002648SZ,-0.000611018718113838,0.01756024037949278,0.012515851429899279,0.01707368220114763,16.60911624342524,0.0048505570711142
2023-03-10,002648SZ,0.003660678234983156,-0.014510580862623289,-0.007490726547897426,-0.029450131636695447,16.718885737062063,0.0054133225733196
2023-03-13,002648SZ,-0.024662128592121146,-0.0018287432903731158,0.001877927983818198,0.006826012906380347,16.36394115188061,0.0037958882818738
2023-03-14,002648SZ,0.008701068291863347,-0.011660071327148785,-0.020215456439123834,-0.024414384955547524,16.410772354448248,0.0039778825534401
2023-03-15,002648SZ,-0.023795726852060016,0.005540207785207141,0.0069952555618495145,0.025650520483493727,16.552024009954426,0.00458138484951
2023-03-16,002648SZ,0.014470237996327476,-0.006157682952053274,-0.0057197633077473164,-0.024383853384401792,16.262981054657402,0.0034313656969117
2023-03-17,002648SZ,-0.007523507951637688,-0.013055857786008172,-0.016709822649252474,-0.01530637518852279,16.743770678153158,0.0055497229123819
2023-03-20,002648SZ,-0.022272673328379584,-0.021506168281625195,-0.007154555419076361,-0.0012862168914397737,16.09927352081766,0.0029131961012901
2023-03-21,002648SZ,-0.005808360376636112,0.018999881078208974,0.008449837715750148,0.023530481383912737,16.18255910677856,0.0031662134833418
2023-03-22,002648SZ,0.031849843834559716,0.02171984933890715,0.008379062107691479,-0.01647692258744429,16.639532199218635,0.0050003580306668
2023-03-23,002648SZ,-0.014525010209543015,-0.019213564048276136,-0.00643919388001653,0.006369475735928705,16.517888569237265,0.0044276363145005
2023-03-24,002648SZ,-0.0006363954805376714,0.004370844160125526,0.00643915076676412,0.007590115866889035,16.39431404076755,0.0039129491228258
2023-03-27,002648SZ,0.005712547302269081,-0.008132566939036948,-0.009026468233056023,-0.013320796615063482,16.708625051120976,0.0053580621571635
2023-03-28,002648SZ,0.031155052286936203,0.03517788086796849,0.021781724461437574,0.012690457125829089,17.07787600965564,0.0077512440069523
2023-03-29,002648SZ,-0.023588853905027567,-0.025799940039434553,-0.02113428560427796,-0.022315180721104343,16.628339305413018,0.0049447016101747
2023-03-30,002648SZ,-0.026091207007961897,-0.032250628786006985,-0.02225225118025516,-0.0012903660377110954,16.841467334462017,0.0061192813435377
2023-03-31,002648SZ,0.000644572921193454,0.050135843380789726,0.026772811303601034,0.032394103203643165,17.118204232604654,0.0080702266869884
2023-04-03,002648SZ,0.030459188179734607,-0.008594351938041365,0.018513143702554167,-0.005012526841103538,16.67365792019042,0.0051739438893275
2023-04-04,002648SZ,-0.005012564463510268,-0.013656311546521922,-0.026275220546078316,-0.020946519783634977,16.626600142981058,0.0049361094441327
2023-04-06,002648SZ,-0.026736152666176537,-0.0012508019304975798,0.0006491633985205071,0.019060317914797672,16.28744493041484,0.0035163454369737
2023-04-07,002648SZ,0.026107800743683806,0.011201123868418306,0.025626030242331486,0.011264150514058682,16.116616657786917,0.00296416073128
2023-04-10,002648SZ,0.01187147101530397,0.004322317761204167,-0.008256635287478593,-0.011264150514058576,16.53798686724886,0.0045175245490865
2023-04-11,002648SZ,-0.015019065465557658,-0.0018500283293350541,0.009520870347352118,0.015610658529894317,16.407887097116298,0.0039664218792284
2023-04-12,002648SZ,0.01688061012212673,-0.0012353942677460596,-0.010797223680506063,-0.02763996024619817,16.5919857804682,0.0047681724359285
2023-04-13,002648SZ,-0.027020152214731523,-0.02060641841337129,-0.006406147413467967,-0.001274678133051239,16.312678727136607,0.0036062051734965
2023-04-14,002648SZ,0.0019090191177632485,0.012539309004511424,0.007044546873256954,0.003183684938305351,16.78137123486165,0.0057623683351484
2023-04-17,002648SZ,-0.005098753681852797,0.024008661748354018,-0.0012771269497007251,0.03988079635663848,17.27185818474092,0.0094105888562389
2023-04-18,002648SZ,0.04681039952256592,0.009082671850507658,0.034540377286127806,-0.0018343633155675561,16.543860844309286,0.0045441384746727
2023-04-19,002648SZ,-0.005502972451423211,-0.01702177428155538,-0.02944164613485277,-0.034239317688864006,16.74799307956082,0.0055732056132786
2023-04-20,002648SZ,-0.03684457485848459,-0.033668948843663754,-0.072495460071864,-0.06205057278758997,17.359886329149234,0.0102765405027012
2023-04-21,002648SZ,-0.05223118543381411,-0.05339812425927427,-0.005483197463290229,-0.017675508009044303,16.63067068361586,0.0049562430288987
2023-04-24,002648SZ,-0.02305187408828287,-0.023689727783020805,-0.06531774816859738,-0.039879340208646724,17.563923898082084,0.0126025761660134
2023-04-25,002648SZ,-0.02500130098879778,-0.015878885509856125,0.01817568642442958,-0.0021436954190257275,16.511531226838116,0.0043995775964832
2023-04-26,002648SZ,-0.01559212736506703,-0.009087816043223153,-0.004332180893175589,-0.001431617821497513,16.356288668823648,0.0037669511704306
2023-04-27,002648SZ,-0.010050335163952246,-0.011299519139063517,-0.007262129036548299,-0.004307261913725775,16.25541365282052,0.00340549717379
2023-04-28,002648SZ,0.002881845384989702,0.009190601165437481,0.007985500082837146,0.020648650591078378,16.321635417605844,0.0036386499215467
2023-05-04,002648SZ,0.019238266691333484,0.023645082230238392,0.005767875102921501,0.015384958119085407,16.59025171205969,0.0047599112630159
2023-05-05,002648SZ,0.013319430152344632,0.004115145064333396,0.024148861276276086,0.008293009309345402,16.376172120573425,0.0038426007633567
2023-05-08,002648SZ,0.02067613658655401,0.013596444597903904,-0.007042319336096883,-0.020863089023281906,16.515166693936703,0.0044156012262032
2023-05-09,002648SZ,-0.029067733009115148,-0.035043042878806566,-0.01710653903428553,-0.014154441720905062,16.45274265142044,0.004148388543296
2023-05-10,002648SZ,-0.019142747874097185,-0.008427058325164659,-0.005045084097783789,-0.00500182536159638,16.133393243847596,0.0030143087136475
2023-05-11,002648SZ,0.0028591919324722007,-0.007787685559229212,-0.0065241294722398575,0.0007160999463383204,16.08521402725509,0.002872524615487
2023-05-12,002648SZ,0.0007135514018309958,-0.0035599213486967964,-0.021316483231324623,-0.03348200963897292,16.521504379499913,0.0044436747869617
2023-05-15,002648SZ,-0.03705474309847579,-0.01944608789966329,-0.005214139462403564,0.007374624768795403,16.41428525650523,0.003991881039547
2023-05-16,002648SZ,0.00810913121368382,0.002904872734854366,0.013353273822959939,0.0007345086898490767,16.184754547510234,0.0031731723541391
2023-05-17,002648SZ,-0.0029411779920557844,-0.011670437119784582,-0.014848070988997675,-0.007369190031417619,16.13608378992851,0.003022429771083
2023-05-18,002648SZ,0.0007360969960162555,0.005852216369398818,-0.016591678822203516,-0.023953315212913523,16.509614561360383,0.004391153153417
2023-05-19,002648SZ,-0.029117403880489126,-0.034127923556608854,-0.012241896184206852,-0.005317097744219192,16.54462187517906,0.0045475980207981
2023-05-22,002648SZ,-0.005317146599472237,0.01274855630894678,0.0030745290932588515,0.018861337735072394,16.27690247410672,0.0034794692401025
2023-05-23,002648SZ,0.019608488353848104,0.00446093433802682,0.010687150946055874,-0.014302128296013223,16.12458812913563,0.0029878838845846
2023-05-24,002648SZ,-0.015049252960814845,-0.009690660638138273,-0.011454852142753866,-0.007610345870817095,16.089479280488412,0.0028848028278856
2023-05-25,002648SZ,-0.009904726605210315,-0.016616664057509646,-0.020955348001919928,-0.01694952653010293,16.40787594560153,0.0039663776478595
2023-05-26,002648SZ,-0.014655157668424998,-0.010719898374225061,-0.011041163260028885,-0.016451622458884842,16.50207171456784,0.0043581559585384
2023-05-29,002648SZ,-0.014873063310433372,-0.015516224125506468,-0.015182063773472141,-0.0023724829108721064,16.497586530557168,0.0043386525965649
2023-05-30,002648SZ,-0.007917706556534563,-0.0007821632406307888,0.0008048687384505254,-0.0055577296619707525,16.207722255257956,0.0032468962498182
2023-05-31,002648SZ,-0.00637959015232635,-0.0007827114168541707,0.004815386485119656,0.008719816652655381,16.607393506227382,0.0048422080291735
2023-06-01,002648SZ,0.011137768689409662,0.048901977141016365,0.008768535537871611,0.029551145147075502,17.171074597447088,0.0085083832206177
2023-06-02,002648SZ,0.03268769239317171,0.04946460312047542,0.03585726404068598,0.07312219979153596,17.366230210589656,0.0103419408859546
2023-06-05,002648SZ,0.07021727834718236,0.0140947101716172,0.05002908810071418,0.0056818857190050745,17.02685049925421,0.0073656539319461
2023-06-06,002648SZ,0.007820822121208163,0.018030992301079893,0.027300529940308717,0.004240293512272051,16.989665087577333,0.0070967889550854
2023-06-07,002648SZ,0.011967776821505637,-0.015235758700986009,-0.014994917330635087,-0.005657706677400801,16.43678324563773,0.0040827082259431
2023-06-08,002648SZ,-0.002803071693206577,0.016609373610037743,0.014994939704489889,0.02797383585223886,16.819053052186224,0.0059836477804872
2023-06-09,002648SZ,0.01739169770440253,0.0020569105732631708,0.01337576406364947,-0.011095848621803696,16.650362206325635,0.0050548062520228
2023-06-12,002648SZ,-0.006920455872375831,0.0027359906049706623,-0.007017585965629959,0.0013937073627680809,16.609715886245517,0.0048534665452497
2023-06-13,002648SZ,-0.00766817555242351,-0.01583511729548094,-0.014184606293634388,-0.01190906284486482,16.647362858573864,0.0050396678433896
2023-06-14,002648SZ,-0.006318060939637162,0.026704771392626534,0.007826389075058317,0.02436598503860014,16.626482383044358,0.0049355282023862
2023-06-15,002648SZ,0.024349077314092287,0.025351620176577962,0.030707286956427198,0.03447455614936042,17.36533091265107,0.0103326445802687
2023-06-16,002648SZ,0.034451262128763135,0.020861250474358998,-0.006204768737256769,-0.017426711104381872,17.129084775533226,0.0081585145772152
2023-06-19,002648SZ,0.00859503874840345,-0.009724525040547116,0.014418377986846455,0.0,17.308703997426488,0.0097637968195629
2023-06-20,002648SZ,-0.025334633632841892,-0.03581284353435043,-0.016495204683825548,-0.01980262597967822,16.727121927628904,0.0054580918431209
2023-06-21,002648SZ,-0.022534325754124264,0.014079995714749645,-2.4485137994912583e-08,0.004129397676700937,16.798044819653605,0.0058592531410945
2023-06-26,002648SZ,0.006882371941967105,-0.014080014261595717,0.004149352540553298,0.0006865336115483045,16.458970609929544,0.0041743051568993
2023-06-27,002648SZ,0.0013708112870955387,0.028620856419437252,0.006877610248812571,0.023737978419998997,17.02124343138549,0.007324469777861
2023-06-28,002648SZ,0.01697836147759005,-0.003944717785677883,0.012261779926045048,0.015297932269746942,16.754547128258324,0.0056098526382252
2023-06-29,002648SZ,0.014706120126143918,0.0013166419077889088,-0.014320037272526561,-0.036978933258309546,16.847997959536148,0.0061593748529974
2023-06-30,002648SZ,-0.030315562788370647,-0.010582116213011078,0.002743466359533547,0.02435840335945628,16.6341763625312,0.0049736485178271
2023-07-03,002648SZ,0.04415433971489945,0.02235467547923284,0.023689752182325392,0.0020033416954441364,16.640378351054295,0.0050045908836101
2023-07-04,002648SZ,-0.016496634559600803,-0.01506751903796096,-0.008733742098156924,0.007311417942807127,16.307498492833457,0.0035875724867235
2023-07-05,002648SZ,-0.000665458768800607,-0.0006601856732555735,0.006725051030131425,-0.001325361146480474,15.750408436794059,0.0020552256936409
2023-07-06,002648SZ,0.0019953219412002696,-0.005298025565263359,-0.011459522217488126,-0.013351325538828647,16.383370981849716,0.0038703629234042
2023-07-07,002648SZ,-0.011360008503829535,0.005297978719696838,0.004059532095813968,0.008698582066726393,16.14301789571779,0.0030434604511288
2023-07-10,002648SZ,0.00803219859712302,0.009204530167609202,-0.001351347878794282,-0.00937087352724342,16.200523389107243,0.0032236062077026
2023-07-11,002648SZ,-0.009377217336802818,-0.00854429190719542,0.000675887093706286,0.016010968366733047,16.49144223753702,0.0043120763715414
2023-07-12,002648SZ,0.01137521307670125,0.04516906087892176,0.014755526419369759,0.041483654972552776,17.059549245813407,0.0076104825736623
2023-07-13,002648SZ,0.042337802197869055,0.012539231461436786,0.037888215707109915,0.007590115866889035,17.04550976796262,0.0075043819096878
2023-07-14,002648SZ,0.015818154180730494,0.019130611927774346,0.005752646778525863,0.022430871481020454,16.93614641137692,0.0067269627618278
2023-07-17,002648SZ,0.010615125982546561,-0.016020099420349897,-0.0019138858042556867,-0.020542294709720667,16.530661290521717,0.0044845519931583
2023-07-18,002648SZ,-0.007481383992097799,0.003719747966440536,0.0006383804178615757,0.0,16.856157830256915,0.0062098401731724
2023-07-19,002648SZ,-0.008168359976763418,-0.0074533568099503615,0.0019126662933730177,-0.009478692638188879,16.195859887964787,0.0032086079145466
2023-07-20,002648SZ,-0.0063291591191377405,-0.00249693727635005,0.0006367544901818987,0.0,16.112545074973113,0.0029521164404832
2023-07-21,002648SZ,-0.003179694351637778,0.0037429237393945373,-0.008309448435580504,0.003169557547565304,16.327072040270778,0.0036584857609237
2023-07-24,002648SZ,0.005082633967206309,-0.017588341091964967,-0.024692584564801206,-0.033465150165080074,17.043848039848584,0.0074919220221366
2023-07-25,002648SZ,-0.009551202695099546,0.014470186854442218,0.01954455266670623,0.04354077219454658,17.26255074873601,0.0093234067502336
2023-07-26,002648SZ,0.020266672194790374,0.0037406261317114867,0.019802660514896497,0.0006263912132453785,16.335843873627617,0.0036907185546291
2023-07-27,002648SZ,2.18793982758137e-08,0.019717216636852507,0.0025268685075773003,0.008107338616014259,16.697618038375662,0.0052994092840724
2023-07-28,002648SZ,0.013080203161133829,-0.007963260537374792,0.007542431339852084,0.0037197247494999823,16.404709052584796,0.0039538364220864
2023-07-31,002648SZ,0.005553894943798433,0.0206946299652445,-0.0012531318563366316,-0.003098778756562831,16.60864862618545,0.0048482893971094
2023-08-01,002648SZ,-0.004935263612346931,-0.013952308836866538,0.004379119798312926,0.008652640556505099,16.536089676696793,0.0045089620685269
2023-08-02,002648SZ,0.0030873280996860744,-0.002446540286290935,-0.0012492479220051556,-0.01176123345809299,16.065496346215657,0.0028164398334831
2023-08-03,002648SZ,-0.013656267417695066,-0.014184589929645516,-0.008788510983635789,-0.004368146036386222,16.001341698114537,0.0026414261031163
2023-08-04,002648SZ,0.00498751342693747,0.011732159792111304,0.008163294632730831,0.0037452661696003517,16.272524463531653,0.0034642693825206
2023-08-07,002648SZ,-0.006238307131271571,-0.006157637956519099,-0.013220173853242253,-0.00813257664947602,16.051393831577514,0.0027769997014922
2023-08-08,002648SZ,-0.008168410806242683,-0.008062148916640598,-2.350493149984665e-08,0.003761702978589545,15.984780577792199,0.0025980413642167
2023-08-09,002648SZ,0.0037783098023898235,-0.004368161298749314,-0.008911539992837688,-0.011961084406269834,16.085505514863275,0.0028733620429471
2023-08-10,002648SZ,-0.010107431461047055,-0.008793952114706195,-0.008991697117230907,-0.0025364245536984797,16.45476236866686,0.0041567755826543
2023-08-11,002648SZ,-2.2145777901352863e-08,-0.00632918126491571,-0.02349977538514039,-0.039500116731581575,16.769040666250387,0.0056917513220631
2023-08-14,002648SZ,-0.05146039691492167,-0.05146039691492167,-0.03563407516193453,-0.013298125807503544,16.85431233050716,0.0061983904825892
2023-08-15,002648SZ,0.0006682411728701229,0.0006682411728701229,0.004779841711464279,0.0,16.32843436920164,0.0036634732188311
2023-08-16,002648SZ,-0.0006682541076623689,0.008646539879849055,0.008816599703340025,-0.0013395646635192724,16.235637946528023,0.0033388125965656
2023-08-17,002648SZ,-0.010077273235074164,-0.012662605292911048,-0.010862301940709923,-0.00201268488781666,16.373775392933602,0.0038334021229081
2023-08-18,002648SZ,0.0006749063711492469,0.0013404771572315427,-0.0075368762339925646,-0.023098899318351646,15.931273903478619,0.0024626823918789
2023-08-21,002648SZ,-0.018386564101285748,-0.016205641922469396,-0.011065080782475175,-0.010362798187355148,16.028338544264177,0.0027137075812029
2023-08-22,002648SZ,-0.00758891793538114,0.01217877554066386,0.004163728539805905,0.024692638973918338,16.584722460159433,0.0047336651405573
2023-08-23,002648SZ,0.01852542763019296,-0.004718564289479318,-0.006252140787535231,-0.026778147723239252,15.95621122600231,0.0025248672436726
2023-08-24,002648SZ,-0.019218163505663598,0.021391149291451653,0.002088371228822504,0.04357394853340642,16.86861912439863,0.0062877069747831
2023-08-25,002648SZ,0.045385378895179365,-0.0013235903528818543,0.01928432954470188,-0.018830457750531774,16.15154657778454,0.0030695281638378
2023-08-28,002648SZ,0.02679026797826303,0.028078895998976255,0.01220360708792299,0.010803715472152906,16.409677285226113,0.0039735288805831
2023-08-29,002648SZ,-0.03744286217910127,-0.021478226513807278,-0.0074400704753438485,0.010688112263628275,16.696274138132882,0.0052922921896536
2023-08-30,002648SZ,0.008663828436636024,0.01825341095305839,0.02215603850382566,0.017781128190716027,16.38479412454143,0.0038758749237866
2023-08-31,002648SZ,0.015146835860884045,0.000645788446407982,0.009253152453160532,-0.0013063161436164814,15.91060802851278,0.0024123111746833
2023-09-01,002648SZ,0.005215160530702558,0.022974914615139324,0.006557455437869485,0.027716876981184753,16.46541187840559,0.0042012797610973
2023-09-04,002648SZ,0.025675303012617785,0.021841740977842722,0.030890433666286986,0.015768199758476636,16.613571954320967,0.0048722179739526
2023-09-05,002648SZ,0.013845464241091503,-0.011797707531501913,-0.003173570029818013,-0.00816834680425069,16.119080166164142,0.0029714719687541
2023-09-06,002648SZ,-0.008158220502483935,-0.005009423815418783,-0.006377561803483339,-0.0025268722180514444,15.999832137390909,0.0026374417176611
2023-09-07,002648SZ,-0.0031556133773771636,-0.0031437091528703277,-0.003204145308784813,-0.008894645625091567,16.12939062193208,0.0030022676882538
2023-09-08,002648SZ,-0.006977434787988082,-0.009490721491436496,-0.008378990981942478,-0.007044461953531953,15.9906553839909,0.0026133492769547
2023-09-11,002648SZ,-0.004465747812745369,0.012634404924618401,0.009661897524456634,0.013405834098780623,16.126494481827894,0.0029935852783451
2023-09-12,002648SZ,0.004465742824574015,-0.008827272030005433,-0.004497273544873825,-0.007638492193752036,15.820715503834105,0.0022049233477145
2023-09-13,002648SZ,-0.00318780535869855,0.005053669993683724,-0.0019336275228387934,-0.0031999853842506593,16.056534240492383,0.002791311369439
2023-09-14,002648SZ,-0.006406129552529294,-0.012044487393737658,5.548429256192076e-09,0.0006407793733205736,15.761440421110978,0.0020780244410218
2023-09-15,002648SZ,0.005767327674737433,0.006357244892284892,0.0019335768225464578,-0.0019236962063461456,16.179795741309917,0.0031574761552905
2023-09-18,002648SZ,-0.005767329683255033,-0.010831568752234982,-0.011006897388480843,-0.004503026390244795,16.236999036566033,0.0033433601156231
2023-09-19,002648SZ,-0.002573983946179,0.012098257092743737,0.0032499515839315603,0.014084713544941462,16.43303557953342,0.0040674362326388
2023-09-20,002648SZ,0.012804220322888785,0.007566193689239739,0.014175472910528767,0.008230467176162994,16.382282868221857,0.0038661538188468
2023-09-21,002648SZ,0.0050761824396131005,-0.002515687860482582,-0.0077071254872730375,-0.02102654027091646,16.201162182265627,0.0032256660833303
2023-09-22,002648SZ,-0.022400957908046217,-0.012674425442347925,-0.0038759977487952627,0.006418534987296887,16.313872609782344,0.0036105131307105
2023-09-25,002648SZ,0.011583141589173142,0.004454311719007033,0.0032310137591131174,-0.0019212322142144358,16.31675050688963,0.0036209187828758
2023-09-26,002648SZ,-0.0012804459211102268,-0.007008614902313818,-0.00907332525683632,-0.012903460759276321,16.209326521683636,0.0032521093173923
2023-09-27,002648SZ,-0.01095019524540077,0.008911541295789846,0.0006508446057743678,0.012262208077199662,16.405506836723614,0.0039569919888714
2023-09-28,002648SZ,0.009026535701365464,-0.0012681819679971093,-0.003911295452103921,-0.0168179873752243,16.285431565134587,0.0035092728707786
2023-10-09,002648SZ,-0.01617637416914198,-0.023107640834274728,-0.010505756832152607,-0.0026126969912787386,16.28952636725854,0.0035236721108986
2023-10-10,002648SZ,-0.0013054473748830328,0.01992997350136459,0.01050573375620792,0.0065189561673439115,16.491246498701294,0.0043112324132752
2023-10-11,002648SZ,0.012333802937421253,0.0325639147158139,0.012333802937421253,0.03824555846266964,17.1629708897695,0.0084397123877622
2023-10-12,002648SZ,0.036114163397003,2.656318596441745e-08,0.025479087872364154,0.002498523487873678,16.362794880312247,0.0037915396555488
2023-10-13,002648SZ,-9.260019127729719e-09,-0.009907201822715097,-0.028710103495942302,-0.018892330747636427,16.537014122049392,0.0045131322851023
2023-10-16,002648SZ,-0.015679214584343616,-0.008750014554090286,0.01350069294607327,0.0063371842301402125,16.382875380455296,0.0038684452412376
2023-10-17,002648SZ,0.0402655691177693,0.03697281996093363,0.005730694120688818,0.024954493916277458,17.28480885788579,0.0095332549099882
2023-10-18,002648SZ,-0.016529207674560665,-0.012173045570981023,0.009478725453678609,-0.017402530558217184,16.579579905669373,0.0047093844938922
2023-10-19,002648SZ,-0.015552471175567772,-0.022918307013295888,-0.027416402503088147,-0.030556134541264032,16.520320582024564,0.0044384174880188
2023-10-20,002648SZ,-0.02604148164985976,-0.01642490106832529,-0.004535204059272764,-0.0006466430813559222,16.298027521391557,0.0035537550819646
2023-10-23,002648SZ,-0.010349388201775713,-0.019942747282010304,-0.029656214805735326,-0.02687805899386513,16.07889567359005,0.0028544322044946
2023-10-24,002648SZ,-0.013089191780440849,0.004538063134438589,0.0006686756844108979,0.017781128190716027,16.39753688579039,0.0039255802956107
2023-10-25,002648SZ,0.03686157290900365,0.049836862857659474,0.04636808584910883,0.0546167858079389,17.303353783150175,0.0097116979072884
2023-10-26,002648SZ,0.021357608939638773,-0.005553861401527155,-0.0019163004443824925,-0.01745684153367341,16.949586464219777,0.0068179837944243
2023-10-27,002648SZ,-0.015659584775382138,0.008626007048939881,0.0012779134430658512,0.016838582765832232,16.577969206323075,0.0047018051965116
2023-10-30,002648SZ,0.024323003677996637,0.00672588117255184,0.03204804386403409,0.010458466838541559,16.627173768724727,0.0049389417360138
2023-10-31,002648SZ,0.0055299343286019185,0.005469441916856769,-0.0006186778427751085,-0.00429319258991975,16.23497667992896,0.003336605480945
2023-11-01,002648SZ,0.0018366200273040299,-0.003642928604220727,3.018902437984772e-08,0.003068411659098769,16.535003243431408,0.0045040660419055
2023-11-02,002648SZ,-0.0042905644929895695,0.0036429122233637375,-0.0024783010804044774,-0.010471351358096976,16.461172245006395,0.0041835055784768
2023-11-03,002648SZ,-0.005543569157860378,-0.0072993207995128585,-0.0006205211473705579,0.0030912962024668453,16.34169621782501,0.0037123812385965
2023-11-06,002648SZ,0.009222265176385738,0.0012202514627811353,-0.00373146595188027,-0.0030912962024668322,16.767156347679578,0.0056810363471707
2023-11-07,002648SZ,-0.011696044452242928,-0.014123604992878236,-0.03164812288003538,-0.021277320015978426,17.05725614479577,0.0075930509615094
2023-11-08,002648SZ,-0.02127732573235508,-0.017467653599124038,0.0057711287308894865,-0.0038022899376662345,16.673796126910545,0.0051746590125998
2023-11-09,002648SZ,-0.0018994241170250763,0.005647864687077751,0.0006390906921775378,-0.004454375736813746,16.502335624486395,0.0043593062709835
2023-11-10,002648SZ,-0.008911494664043285,-0.01576817696025982,-0.009630821922938956,-0.007682441904143646,16.053317207708407,0.0027823460568825
2023-11-13,002648SZ,-0.0025608744112125,0.0282061864716267,-0.003231088977888882,0.03100520027181217,17.152258907817902,0.0083497888274521
2023-11-14,002648SZ,0.028437863332176665,0.015333020131836428,0.03122265603885127,0.0,16.842078051801302,0.0061230196363434
2023-11-15,002648SZ,0.006211243911381771,-0.0073305468307509475,0.0037570951064623296,0.0018674768693048933,16.146549571197824,0.0030542279693252
2023-11-16,002648SZ,-0.0049658552005177,-0.011097533692258708,-0.006269626916688654,-0.004987526677677326,16.282144185014346,0.0034977554972953
2023-11-17,002648SZ,-0.0062421613282999285,-0.006842849409897958,-0.006942238899577503,-0.010050305737282397,16.17921944228657,0.0031556570289256
2023-11-20,002648SZ,-0.004392929526104573,-0.0037524116158108123,-0.005079406968840173,0.0025220311933322028,16.372203618118,0.0038273816102112
2023-11-21,002648SZ,-0.0012586037396152207,0.01677577737905689,0.010763026799036892,0.013758851127759235,16.687363450855386,0.0052453437085851
2023-11-22,002648SZ,0.01064836305809379,-0.003703650971622975,-0.00189091459198163,-0.015649747250573977,16.153889923640318,0.0030767295650268
2023-11-23,002648SZ,-0.012539275897875622,-0.012445697607483236,-0.012698630027480529,0.0062892946339748205,16.085121531153682,0.002872258930419
2023-11-24,002648SZ,0.00566209530445487,0.000625905402446278,0.006369445318470312,-0.008816166852026162,15.798764384918618,0.0021570501638676
2023-11-27,002648SZ,-0.008821685875004726,-0.008168378243756554,-0.01277970532293695,-0.005072980736174449,16.009070763014833,0.0026619209602038
2023-11-28,002648SZ,-0.006349267412251579,-0.00759985193495672,-0.0006433239194580413,-0.007657990948350449,16.328653128899848,0.0036642747268574
2023-11-29,002648SZ,-0.0031898146119741866,0.007599829404379332,-0.0019323575567735136,0.011465106300557219,16.53095832944692,0.0044858842776109
2023-11-30,002648SZ,0.008905919703722424,0.023075468426389873,0.01789182036932525,0.01070875502333336,17.064853859482994,0.0076509605101198
2023-12-01,002648SZ,0.0132118942987717,-0.011159348927226,-0.014673282223110136,-0.01833753526445715,16.800117928625358,0.0058714126115632
2023-12-04,002648SZ,-0.020840624740141898,-0.018880394805367722,-0.0096868700248305,-0.002555873218539596,16.648803369451105,0.0050469327715111
2023-12-05,002648SZ,-0.007687418768772608,-0.006373479802300349,-0.0065104107757464995,-0.019380472271515587,16.29162189211215,0.0035310637960301
2023-12-06,002648SZ,-0.014248986060146646,-0.009637140492017915,0.0006528842388039688,0.0039062591760653685,15.932333020455344,0.0024652920426416
2023-12-07,002648SZ,0.0032562801569817625,-0.0012919612610853169,-0.011158641070956543,-0.006518956167343951,16.168152536307137,0.0031209262018716
2023-12-08,002648SZ,-0.00586895537708041,0.0025823087946839156,-0.001320972716516663,0.012349819839445263,16.47080457060959,0.0042239971702563
2023-12-11,002648SZ,0.011703711135966447,0.006426767324065741,0.007900014425307102,0.004511859036858932,16.254086229804187,0.0034009796370699
2023-12-12,002648SZ,0.005157944671525654,0.01273094085545407,0.01626049649820332,0.015949276840020416,16.446405811131648,0.0041221839805129
2023-12-13,002648SZ,0.02162933916138087,0.005047312289930482,0.00514799951817784,-0.013380271349821577,16.313622877798885,0.0036096115826083
2023-12-14,002648SZ,-0.016497860206457687,-0.012666471960990593,-0.07737190820492056,-0.06423925617017737,17.5987935992334,0.0130497757881633
2023-12-15,002648SZ,-0.06406943832555817,-0.0476435375248172,0.013090092495449176,0.015609471822617514,17.044926599074984,0.0075000068632835
2023-12-18,002648SZ,0.00476348366961536,-0.012781877238078538,-0.027056788787859172,-0.0224728796917371,17.427742174888603,0.0109980669336289
2023-12-19,002648SZ,-0.01642740517084758,0.012113213232405747,0.013273009958895179,0.018424286910378593,16.901034814038677,0.0064948668172466
2023-12-20,002648SZ,0.023867491089632573,-0.002679184930854616,0.015151807036914237,-0.008146693182960983,16.55743032134162,0.0046062203178423
2023-12-21,002648SZ,-0.018361639546213896,-0.0020140722332501514,-0.008236130970607214,0.007470309311185158,16.436386023279987,0.0040810868048913
2023-12-22,002648SZ,0.014986687156143208,0.014014258070044175,0.013009410413657482,0.014108411666683677,16.370800256938722,0.0038220141781283
2023-12-25,002648SZ,0.014098896175761494,0.0006624554091807952,0.015525120399028728,0.003329988356806977,15.980800498553482,0.0025877215030957
2023-12-26,002648SZ,0.0013324630419019098,-0.0033167778842950234,-0.012807773427107667,-0.014061177648871784,16.464981972268404,0.0041994739931995
2023-12-27,002648SZ,-0.011382782173202542,-0.009345881622757637,-0.00885866526698196,-0.006087276069199657,16.576220885579932,0.0046935921140805
2023-12-28,002648SZ,-0.010152430493599601,-0.0026863861329717055,-0.0006846677873161838,-0.002037354392860393,17.209502072950496,0.0088417022075511
2023-12-29,002648SZ,2.7585788605940512e-08,-0.003368125914398431,-0.019364387035223876,0.002715573165003359,17.416582973179032,0.0108760195253339
2024-01-02,002648SZ,0.004073379316926919,0.017391783691978198,0.024147482581457998,0.015472890192152472,17.084545590386586,0.0078031143410119
2024-01-03,002648SZ,0.010781746855559132,0.017746123009759057,0.012868400475860348,0.017207569354891657,16.90107891941965,0.0064951532821523
2024-01-04,002648SZ,0.018592786555851774,-0.007848390893175097,-0.0006731541077709206,-0.009228795015115398,16.852863642899358,0.0061894174518073
2024-01-05,002648SZ,-0.00991741627312942,0.012398231395006043,0.0047027041147018915,0.005942515061828396,16.811024607709182,0.0059358007198648
2024-01-08,002648SZ,0.001991383680287024,-0.018325072369016895,-0.00739991324805245,-0.022637368018184948,16.333299687572797,0.0036813406138665
2024-01-09,002648SZ,-0.015369458966606521,-0.01597907571940252,-0.01359644673257884,-0.012195285964319411,16.317756837037297,0.0036245644569762
2024-01-10,002648SZ,-0.016293722281631614,-0.010118138171761208,-0.014478055780616825,-0.016495237029258522,16.062061240483963,0.0028067816617661
2024-01-11,002648SZ,-0.014478016163894892,-0.016404994107107516,-0.018220489333773782,0.0006927164794194051,16.496695977357344,0.0043347905152974
2024-01-12,002648SZ,3.540588293153769e-08,0.0061835075780651205,0.006344730590050026,0.003456671537274348,16.348745678055906,0.0037386439849252
2024-01-15,002648SZ,-0.001389836648823151,-1.6809061617325263e-08,-1.680906172834757e-08,-0.008316065218748413,16.084900952851058,0.0028716254422234
2024-01-16,002648SZ,-0.0013918451152255575,-0.012405442270502456,-0.016295074893379932,-0.009087826792182981,16.284965780241194,0.0035076386849694
2024-01-17,002648SZ,-0.009797050530720096,-0.007657468228370938,-0.0057306232005021945,-0.02272818349591064,16.25777402462432,0.0034135449080838
2024-01-18,002648SZ,-0.026364202279542327,-0.021901312578757843,-0.03286166944326093,0.005016092627502669,16.591703589370777,0.0047668270898636
2024-01-19,002648SZ,0.005759572995983438,0.004987543293965674,0.02130086236556215,-0.01150260868414065,16.361677549024897,0.0037873056151861
2024-01-22,002648SZ,-0.008651837236000454,-0.018651876972953646,-0.04382435293351857,-0.04510931088038851,16.58160221994265,0.0047189179865829
2024-01-23,002648SZ,-0.0007243942575728959,0.04114054451560382,0.032863267453493265,0.07642860650918813,17.425209024683753,0.0109702424340682
2024-01-24,002648SZ,0.030683749178897487,0.0027758244073583004,0.017480443969263723,-0.009151803588231703,16.963439403319466,0.0069130901431165
2024-01-25,002648SZ,-0.0056377464039235135,0.008281649190610781,0.018598517755225856,0.02376070699404477,16.797319753745807,0.0058550063359743
2024-01-26,002648SZ,0.02097980422854152,0.010256474083103033,0.021038657889555498,0.0,16.73728596333238,0.0055138509753823
2024-01-29,002648SZ,0.004832631852664425,-0.006825933678788072,-0.017501329644422456,-0.020935820430123164,16.542955133104,0.0045400246605139
2024-01-30,002648SZ,-0.03290466267252411,-0.026372142793502695,-0.02358096843412069,-0.023547313553898393,16.517839959787665,0.0044274210947527
2024-01-31,002648SZ,-0.017953739899276684,-0.0206045699825812,-0.01971576323129197,-0.014545703020432042,16.690015828458385,0.0052592748086469
2024-02-01,002648SZ,0.0028943033632949635,0.009999987870114063,-0.0007378039221890095,0.008752800432804577,16.6272862788467,0.0049394974482454
2024-02-02,002648SZ,-0.005070587449810033,-0.00928244642498941,-0.0398998616824228,-0.018322213730296688,17.040556230119634,0.0074673005861329
2024-02-05,002648SZ,-0.02723769113388539,-0.004313435545816082,-0.021740063399261447,-0.0022214748589396514,17.19091706249762,0.0086788966318443
2024-02-06,002648SZ,-0.0074905911883419544,0.047829145996644146,0.039250957985779295,0.07220003390560047,17.188562548049262,0.0086584860815269
2024-02-07,002648SZ,0.08638459007997928,0.024424518522908254,0.08392483721229765,0.025197093571567117,17.25542641129295,0.0092572197016951
2024-02-08,002648SZ,0.026541209404205967,0.011992158272170884,0.021963789052718858,0.005365523380087527,16.96132748482338,0.0068985056655859
2024-02-19,002648SZ,0.013342414268644312,0.054136879083752684,0.023483159253174582,0.062236546810713764,17.636938959761707,0.0135571802404271
2024-02-20,002648SZ,0.05542655805336938,0.0012539710469435079,0.038378727388616696,-0.003778284695797943,16.76779640660795,0.005684673709336
2024-02-21,002648SZ,-0.012618477590785087,0.006868540757321304,-0.007044541108692625,-0.0025268722180514444,16.88348023381798,0.0063818470610213
2024-02-22,002648SZ,0.0006347120111467725,0.017885186053232107,0.012136797883839454,0.021896344218125197,16.951860147087878,0.0068335033646523
2024-02-23,002648SZ,0.03675281512228553,-0.0006114544071754499,0.019491303393307707,-0.0006190242021467938,16.27070763331184,0.003457981106772
2024-02-26,002648SZ,-0.012307851050146484,0.006705262529181614,0.000622529070650078,0.004325023882103848,16.675586897939723,0.0051839339447383
2024-02-27,002648SZ,-0.0024797515103465225,-0.0036517885952566387,-0.0012453192556453568,0.0098160602981847,16.716631887191824,0.0054011354953521
2024-02-28,002648SZ,0.010497117959627076,0.0030441623042511278,-0.002495310452676079,-0.02284753560149251,16.727043225066975,0.0054576622941898
2024-02-29,002648SZ,-0.016723917303902304,0.009077138894853985,-0.0018756854697810617,0.035586516238063234,17.10627692401661,0.0079745423619529
2024-03-01,002648SZ,0.037393311486952754,0.024986444567323098,0.033233896979469636,0.0012048598403611751,16.877213139659453,0.0063419764895348
2024-03-04,002648SZ,0.003603665175628623,0.005858359565186545,0.008438921649072199,0.020263008338212003,16.84000767788354,0.0061103558095277
2024-03-05,002648SZ,0.01310309198777687,-0.0017540058208148866,-9.214256693609284e-08,-0.00888912998405263,16.54998377608221,0.0045720472810035
2024-03-06,002648SZ,-0.007125819400318415,-0.00234330907664099,0.004192898054132897,0.003565185775724988,16.423486026787216,0.0040287789068203
2024-03-07,002648SZ,0.005349246768589608,-0.002936772502971583,-0.004793251698374106,-0.007142894963134745,16.66345689533579,0.0051214326457016
2024-03-08,002648SZ,-0.003563117242776714,0.008784720724497444,0.005987978167615397,0.014235015947528124,16.513368325575502,0.0044076674841621
2024-03-11,002648SZ,0.011239434693934427,-0.0052616343219411945,-0.0047875506436424195,0.0005887745760781976,16.45655569629233,0.0041642367318147
2024-03-12,002648SZ,0.011696084120135192,0.01339184188759552,0.009552302330079483,0.0,16.739887636226037,0.0055282148897782
2024-03-13,002648SZ,-0.015231624806577975,-0.00289601806768093,0.0011877583874617432,0.008206423751164876,16.613553614805664,0.0048721286206504
2024-03-14,002648SZ,0.01232033541561346,0.0028960054842518687,0.001778664809797073,-0.009384319763054884,16.53443264535499,0.0045014967633989
2024-03-15,002648SZ,-0.008784794611759236,-0.0028960879862820737,-0.004750585753201486,0.01229890823656499,16.58794739366988,0.0047489555388607
2024-03-18,002648SZ,0.010532659726688471,0.017821723943564204,0.020619379836028923,0.006960592547005942,16.671497601503454,0.0051627785856662
2024-03-19,002648SZ,0.004645748948827692,-0.009158628818933172,-0.0040899831229876315,-0.012798289157357461,16.66424401603142,0.0051254654184932
2024-03-20,002648SZ,-0.01048351549910055,-0.0017265493541993213,-0.003519034329263682,0.011062734294755218,16.53376914242982,0.0044985109975735
2024-03-21,002648SZ,0.010483521170446765,0.0005758903253202372,0.008191941274792613,0.0005788905953645668,16.07280650606257,0.0028371038978206
2024-03-22,002648SZ,0.0017366604836910582,-0.004038164411596128,-0.011134039630593501,-0.010471310542216861,16.24988064451533,0.0033867065602503
2024-03-25,002648SZ,-0.012220203781278088,0.00805995667183471,-0.0005894974300095827,-0.0035149457158686614,16.504271851793575,0.0043677550561453
2024-03-26,002648SZ,-0.007640285448849587,-0.026141507284043984,-0.03235744810442453,-0.02075378584981646,17.22209606424326,0.0089537586698707
2024-03-27,002648SZ,-0.01485912010049402,-0.0005887746586331677,0.00788594068276033,-0.0005993608164554133,16.697785569945687,0.0053002971768526
2024-03-28,002648SZ,-0.0029985809168443585,0.011709771070836076,0.0030166532940943745,0.021939734431335386,16.816392648419153,0.0059677500172128
2024-03-29,002648SZ,0.023739921028450017,0.07510527517721659,0.02557377221321959,0.08162052866340137,17.176422051375525,0.0085540032763463
2024-04-01,002648SZ,0.08053889400064533,0.0075309448468438775,0.05816911905663145,0.001080533391227033,17.30350944737283,0.0097132097889099
2024-04-02,002648SZ,0.0010817428046104693,0.018056844087622013,0.023543451095108397,0.025587777394253605,17.267799200273206,0.0093724688376529
2024-04-03,002648SZ,0.02350538945885743,0.036687101136161415,0.017699579065809146,0.000526194961837469,17.415785712515344,0.0108673519581665
2024-04-08,002648SZ,0.003162857623303837,-0.0174005595572451,0.004244028694003116,-0.0005261949618373753,16.90346342528132,0.0065106594939131
2024-04-09,002648SZ,-2.241040445014895e-08,-0.0025847301672372964,-0.009040237243328883,-0.002107553037277448,17.009996554398352,0.0072425538764433
2024-04-10,002648SZ,-0.0021075622151632434,-0.008838148870249366,0.0010677986387767268,0.006833165602878218,16.726809582843416,0.0054563873027183
2024-04-11,002648SZ,0.0026338053528855276,0.01142291039083166,0.0021323310980185923,-0.0015726901724524487,16.64697437248581,0.0050377103826765
2024-04-12,002648SZ,0.0031511699628494825,-0.0010331466615085476,0.003720358682290489,0.0036658042697609522,16.684329945322666,0.0052294560383748
2024-04-15,002648SZ,0.004708355307132643,0.02399906865218663,0.009503777596880572,0.01915672032525437,17.249848313902305,0.0092057257795531
2024-04-16,002648SZ,0.01244828969016141,0.009540654392641911,-0.006854807645205822,-0.02913834175132551,17.233604977233284,0.0090574019696075
2024-04-17,002648SZ,-0.020834042032502092,-0.02838502553692902,0.001586104667447959,0.022449429997037387,17.010648863994824,0.0072472798052503
2024-04-18,002648SZ,0.01670178072760987,0.003080003981926805,-5.3094473783738146e-08,-0.005176067658305602,16.911422137862655,0.0065626827082074
2024-04-19,002648SZ,-0.0025912344133203723,0.00867581315815142,0.00789275307267546,0.01698015191136636,16.898393219678727,0.0064777326536279
2024-04-22,002648SZ,0.01698006021848269,0.007088587074264737,0.008870379413082843,-0.01180408425306065,16.91196664928723,0.0065662571371499
2024-04-23,002648SZ,-0.04273705918468447,-0.050178563201518235,-0.07382832175359906,-0.05956042454503828,17.94565156375324,0.0184604189498364
2024-04-24,002648SZ,-0.02917554406323952,-0.02851959736159147,-0.001119119004172545,-0.00054811374903001,17.29515247860073,0.0096323750327632
2024-04-25,002648SZ,-0.001646167449221408,0.01731639511052285,0.01775845709828535,0.006557407523232308,16.990322096092275,0.0071014531380889
2024-04-26,002648SZ,0.00874808982662982,-0.0005366485691450812,-0.004410157810185433,-0.001089954909585309,16.859071438301438,0.0062279595979538
2024-04-29,002648SZ,0.0021750512261992827,0.037402367530385165,0.0022074608743702945,0.04165048554950416,17.31232837432703,0.0097992487069858
2024-04-30,002648SZ,0.03469786659731566,0.004127952224644509,0.032007064323341106,0.008333356628320875,16.978260038578384,0.0070163095341638
2024-05-06,002648SZ,0.016133720197315297,0.023913665045923085,0.009035479524350253,0.026613644029602816,17.45875536153481,0.0113444962170341
2024-05-07,002648SZ,0.01689309309139387,-0.0020130964637919743,0.030739539258821343,-0.0060790526722687985,16.944467583383314,0.0067831725197128
2024-05-08,002648SZ,3.040969119131312e-08,0.007028141121365454,0.006138199966534824,0.003044145689195944,16.62397594672227,0.0049231731045881
2024-05-09,002648SZ,0.0045581716652391075,0.004990089620046403,0.002037687829771362,0.013585177883982794,16.625562921764597,0.0049309922606669
2024-05-10,002648SZ,0.011554934298716872,0.0019889549618768015,-0.0025477897799230003,-0.005512504049984302,16.75287986897131,0.0056005073514933
2024-05-13,002648SZ,-0.009535819746871194,-0.013000060839871897,-0.007168517666763608,-0.01570043449437663,16.68272070014048,0.0052210473286143
2024-05-14,002648SZ,-0.004907747515068218,0.0008070778112129285,0.0030038237008986127,0.009336182895752838,16.444878958272287,0.0041158948141998
2024-05-15,002648SZ,-0.0010352204899466873,-0.007729985441906677,-0.011573049634201003,-0.02033975168178772,16.601750489499114,0.0048149603185369
2024-05-16,002648SZ,-0.018291620243806223,-0.005706921456747351,-0.011173251840031062,-0.011125894077103305,16.789256340326283,0.0058079848286191
2024-05-17,002648SZ,-0.011137696123147607,-0.015731800160391163,-0.024920086461870338,0.007430999614736493,17.133870457985584,0.0081976522141399
2024-05-20,002648SZ,0.0031948625043009713,0.031220036779772253,0.030788265673904868,0.02351823877365185,17.052462265260495,0.0075567378982404
2024-05-21,002648SZ,0.027786882994183915,-0.008747165245965513,-0.01608609716973781,-0.03736298773917012,17.061213846712654,0.007623161540074
2024-05-22,002648SZ,-0.0336519332554634,-0.016675721799665606,0.0026990158403527595,0.013844748965518227,16.997202055637153,0.0071504793060744
2024-05-23,002648SZ,0.0032033911191617936,-0.007384068187734013,-0.009206676657233246,-0.019221126676570357,16.456465728396978,0.0041638621010261
2024-05-24,002648SZ,-0.011796346259700819,-0.010109084543147307,0.001630915689272303,-0.005947500834274602,15.954300849057866,0.0025200483993055
2024-05-27,002648SZ,-0.004866197680635067,-0.003750425093363306,-0.010374132811221029,0.008101562851058437,16.681066660978452,0.0052124186494289
2024-05-28,002648SZ,0.008097189390013294,0.01703083222301359,0.018488844437948265,0.0,16.261302175681216,0.0034256096818635
2024-05-29,002648SZ,-0.0005377912868648788,-0.014886010149014507,-0.008658054700508275,-0.007017630461908103,15.75419825925072,0.0020630294132689
2024-05-30,002648SZ,-0.007017630461908103,0.0026744727295866656,-0.010379800419450424,-0.00815884996062638,16.381647056648593,0.0038636964546091
2024-05-31,002648SZ,-0.013635336016068166,-0.018329363102265177,-0.004402864986443502,-0.003830357421042169,16.21707771749144,0.0032774150037666
2024-06-03,002648SZ,-0.005506537865657452,-0.008194507687286468,-0.01780791116181665,-0.0176995602935799,16.786498653848437,0.0057919902906718
2024-06-04,002648SZ,-0.013900695975209855,-0.0049491525398453065,-0.01698790794592618,0.007782106613283274,16.670950521022796,0.005159954902575
2024-06-05,002648SZ,0.007252425617143989,0.019110621980084383,0.026487844214617293,0.007172503472445191,16.61079569439842,0.0048587101888707
2024-06-06,002648SZ,0.01434904478878468,0.013963719396068688,0.012161632418628715,0.010391049377411117,16.686291496131453,0.0052397239499014
2024-06-07,002648SZ,0.007641925398410696,-0.013963719396068783,-0.011605600762783014,-0.018117428756623245,16.451846545226914,0.004144672811457
2024-06-11,002648SZ,-0.028683629292318834,-0.008690975330982295,-0.008933607643631897,0.009374211634674414,16.198402016178843,0.0032167749844799
2024-06-12,002648SZ,0.010576142282949945,0.002724013578029819,0.012263214914691253,0.0032877494432180287,15.991782940838434,0.0026162976390722
2024-06-13,002648SZ,0.013201499739151518,0.0010875726154912636,-0.00834495097522407,-0.015991568348951903,16.324722916236613,0.0036499016099619
2024-06-14,002648SZ,-0.020983606352434896,-0.016438684535434452,-0.004479286618352745,-0.001112372654906037,16.334403169754193,0.0036854051501243
2024-06-17,002648SZ,-0.006157344489079837,0.0038599272595206706,-0.007887330446627554,-0.00446179918109508,16.337025778255214,0.0036950832111146
2024-06-18,002648SZ,0.004481796088535704,0.004941001094448664,0.002824019796951244,0.012774483526426248,16.049500807390604,0.0027717477459361
2024-06-19,002648SZ,0.011670095943740463,0.012517145318926311,0.005624333328561798,0.016963441310233012,16.841752783215465,0.0061210283341802
2024-06-20,002648SZ,0.0175250756216135,0.010758617021631391,0.005034984208175031,-0.02583277634223207,16.62095724586656,0.004908333925618
2024-06-21,002648SZ,-0.0319938992640726,-0.024371677944143418,-0.0050349842081749705,0.009972399142124447,16.271902414510297,0.0034621151070588
2024-06-24,002648SZ,0.007816867878874147,0.0005481079306615108,0.006150458803663457,-0.0011030641101256572,16.34082567678265,0.0037091508643956
2024-06-25,002648SZ,0.006651955763585069,0.02168104560718345,0.007773464344484778,0.0202136860902099,16.874346542557955,0.0063238226295938
2024-06-26,002648SZ,0.01915245249081182,-0.00861609261533285,-0.012242741121660326,-0.01580839701785208,16.79420195706949,0.0058367800434561
2024-06-27,002648SZ,-0.01915245249081191,-0.0054230275934399755,-0.013528941484948388,-0.031819687195296285,16.73109035115326,0.0054797948993444
2024-06-28,002648SZ,-0.026310010540252716,-0.012035118819935067,0.0,0.01965805477666758,16.758938657943418,0.0056345426476934
2024-07-01,002648SZ,0.0218803287760783,0.04308686114355655,0.014648054670752508,0.04619133503346743,17.075366355273562,0.0077318154523945
2024-07-02,002648SZ,0.04343784035844858,-0.006345813619392179,0.007244449088085939,-0.03183436651949876,16.830485841473553,0.00605245012003
2024-07-03,002648SZ,-0.025290522652609632,-0.02633851569524752,0.001109903402263382,-0.007705012750383591,16.045713972517202,0.0027612714423226
2024-07-04,002648SZ,-0.010408230518389742,0.015135358077369385,0.006082335741541451,0.015895046079455775,16.661426992677207,0.0051110471796644
2024-07-08,002648SZ,-0.0033094054232750123,-0.016770718823893527,-0.014996034905674445,-0.02644779787399434,16.4543185707884,0.0041549312236293
2024-07-09,002648SZ,-0.015029531751371256,-0.008216952153689538,-0.010689301664021478,0.013862157217813564,16.494496042744387,0.0043252647408321
2024-07-10,002648SZ,0.012817090821458205,0.013657682704695069,-0.004535150752048731,-0.025091964671491645,16.800815000179885,0.0058755068333035
2024-07-11,002648SZ,-0.008898826881991099,-0.015860377200107523,-0.007413838876822581,0.012903486300508908,16.820435449637056,0.0059919252804152
2024-07-12,002648SZ,-0.0011179687271751866,-0.002760103198132609,0.01646366560981526,-0.003350163591371596,15.826208081119264,0.0022170673817324
2024-07-15,002648SZ,-0.003922655493196804,0.016991336040755645,-0.0022548440243270263,0.015538641962354398,16.712540048337598,0.0053790800724519
2024-07-16,002648SZ,0.01946129745555119,-0.0032661687346205656,0.014009756157622101,0.002200271231768617,16.347415290912856,0.0037336734477427
2024-07-17,002648SZ,0.0011007407649489087,-0.006564621002819371,-0.009505248148538287,-0.016062428449582087,16.458486200953427,0.004172283575544
2024-07-18,002648SZ,-0.03185514836819187,-0.00274796753847368,-0.03138627095890272,0.014412679054059232,17.40892825828713,0.0107930845213035
2024-07-19,002648SZ,0.02301532041579359,-0.0049655358627437455,0.02065481369011863,-0.011068224022166258,16.786471387070744,0.0057918323639052
2024-07-22,002648SZ,0.0016633649274943234,0.0011056086032229483,-0.0062660762380190695,-0.01853464660659397,16.989502650612547,0.0070956362678016
2024-07-23,002648SZ,-0.02980253087446678,-0.030858052907914976,-0.0319330020918329,-0.03990113714058054,17.10605243019896,0.0079727523273608
2024-07-24,002648SZ,-0.034846752949132885,-0.018982447314840774,-0.016057463611124752,-0.013064391200748447,16.494748785212515,0.004326358057151
2024-07-25,002648SZ,-0.01668695997389521,-0.01580358028706416,-0.01388489163583278,-0.007800769294285642,16.541477687981864,0.0045333219754302
2024-07-26,002648SZ,0.0012012288664791963,-0.00948435322005499,0.0036407482045831157,0.008995539928474228,16.367701720825607,0.0038101898567565
2024-07-29,002648SZ,0.008368213416389996,0.018879597958733844,0.0006055240072359742,0.012459318111115066,16.53692275531447,0.004512719953751
2024-07-30,002648SZ,0.00947873538604097,-0.007038201364035686,0.006035044120194899,-0.013654088745303506,16.401180522456272,0.003939909774847
2024-07-31,002648SZ,-0.01245931811111508,0.03128881589060173,0.0024037876570677623,0.04213620473300682,16.867980379028626,0.006283692013281
2024-08-01,002648SZ,0.04265908576846044,-0.0005706264665719214,0.010152376089743769,-0.030843333682718268,16.748154085615194,0.0055741030054133
2024-08-02,002648SZ,-0.04206223532916502,-0.03307523279867312,-0.016172886962246398,-0.008308616727645119,16.376545494837572,0.0038440357595786
2024-08-05,002648SZ,-0.010797963604786994,-0.0005901580873039602,-0.026309276599489846,-0.03579394128310552,16.624232600048128,0.0049244368155762
2024-08-06,002648SZ,-0.00726400547800717,-0.02148057564474752,0.005564166246236833,0.0067712603301890925,16.322027432385728,0.0036400766058335
2024-08-07,002648SZ,-0.011610190261186988,0.010201113165491412,-0.0006167270855908492,0.020043181733194033,16.27135221689915,0.0034602107833593
2024-08-08,002648SZ,0.019477164033545498,0.0005968504392955762,0.006763051568051058,0.0018023848399514376,15.925494034956778,0.0024484894658619
2024-08-09,002648SZ,0.007805453189304291,0.020083377106414096,-0.0036832126404262324,-0.018782706905015722,16.228217055577765,0.0033141273367746
2024-08-12,002648SZ,-0.02176619810708669,-0.03693098911238168,-0.002463111842034062,0.0,15.543557653589776,0.0016711881693672
2024-08-13,002648SZ,0.0012216587075188957,-0.002430074591113589,-0.00680477127861886,-0.003676441858990308,15.818033662600415,0.0021990180146896
2024-08-14,002648SZ,-0.006123624438036017,-0.009165943297536356,-0.022599869803743202,-0.027381954424973452,16.300036051788236,0.0035609000807369
2024-08-15,002648SZ,-0.02550687542446612,-0.0006140760641176592,0.003802312490958834,0.006916070021043739,16.39525955086535,0.0039166506056332
2024-08-16,002648SZ,0.008783013977633085,-0.004926113418270593,0.005047324392238259,0.007490664594348097,15.994299686323307,0.0026228904878708
2024-08-19,002648SZ,-0.0012500287730011015,0.01592185029421157,0.006273510376962406,0.0061996714854702225,16.09536065847873,0.0029018194369937
2024-08-20,002648SZ,0.009337112493918467,-0.012225021431538762,-0.017029708544175952,-0.020606406100862104,16.36049509189961,0.0037828299349962
2024-08-21,002648SZ,-0.018131100634940014,-0.023018116041198917,-0.007662865278947025,-0.005694425438088004,16.3525811188764,0.0037530108678693
2024-08-22,002648SZ,-0.006329159119137963,-0.005047324392238241,-0.010957252555529155,-0.013414448061541455,16.660162932015314,0.0051045905872303
2024-08-23,002648SZ,-0.014710821021487854,-0.0018993792668506669,0.000647831266232808,0.0070490299277074795,16.41675119404355,0.0040017369165772
2024-08-26,002648SZ,0.013440143718717629,0.0018993792668506575,0.009668175437851721,0.009532996943742784,15.931831130891464,0.0024640550485876
2024-08-27,002648SZ,0.0012706773027702338,0.0037878495645686273,-0.0032123503724929433,-0.011450526007340001,15.89660348535584,0.0023787633141051
2024-08-28,002648SZ,-0.01600034134644119,-0.0018921313078160622,-0.002577318559540287,0.0006396053134865216,16.10352105565601,0.0029255963210216
2024-08-29,002648SZ,0.0038635217926984065,0.016280899664835147,-0.0012911853349169208,0.021506154623343737,16.3614325767465,0.0037863779438594
2024-08-30,002648SZ,0.027259966813902307,0.029377849421395284,0.012199222646435628,0.024112530957499576,16.763902031512973,0.0056625785078892
2024-09-02,002648SZ,0.01612939624394485,-0.00787162151490619,0.02084066100306145,-0.020988433193101494,16.507681616826748,0.0043826734953535
2024-09-03,002648SZ,-0.01738092982817381,-0.007934192754213516,-0.004384579160524862,0.012399343865224456,15.990679237963695,0.0026134116164678
2024-09-04,002648SZ,0.009348810192533431,-0.006146324482460316,-0.008827317227600015,-0.026218675559112753,16.19015748834818,0.0031903632170293
2024-09-05,002648SZ,-0.013741703905727307,-0.01615941194218014,-0.041376319075798494,-0.0386895689833803,17.012712389622852,0.0072622501940528
2024-09-06,002648SZ,-0.04173958218095813,-0.045506091358403215,-0.01865475399988814,-0.020591921429802817,16.260442336960264,0.0034226654757136
2024-09-09,002648SZ,-0.022547384510703226,-0.006578996277562868,-0.01490544335178304,0.013333581734356241,16.481606039922518,0.0042698698494405
2024-09-10,002648SZ,0.012662650541056891,0.009852334088862894,0.016920877925231313,0.006600646220110005,16.213402376211224,0.0032653914928075
2024-09-11,002648SZ,-0.0013254115632443044,-0.005899732085499879,-0.0026881711636243177,-0.009253165069142574,16.40333812500838,0.0039484197121026
2024-09-12,002648SZ,0.0,-0.0006576934753363335,0.0046996158057459785,0.001327107285788164,16.023045797266214,0.002699382554789
2024-09-13,002648SZ,-0.0013271072857881218,-0.004615879939778586,-0.014165500550265466,-0.022126274734701037,16.371111353473413,0.0038232033785555
2024-09-18,002648SZ,-0.012696497458772153,-0.0026472524724933896,-0.0006795942346599239,0.020799167448912977,16.191763683495655,0.0031954916809783
2024-09-19,002648SZ,0.02129153620717553,0.02487039895443583,0.012833650142803807,0.00859503874840345,16.693450583319446,0.0052773701881875
2024-09-20,002648SZ,-0.005942519899371028,-0.02090217507019041,-0.00944035267019213,-0.017934689093995374,16.556613063567177,0.0046024573860862
2024-09-23,002648SZ,-0.015349016307804523,0.0006598633732033906,0.004731316326046945,0.0006700321023896331,16.177757268058052,0.0031510462797906
2024-09-24,002648SZ,0.01003692403696068,0.06325965589918756,0.012064509888721034,0.07420362701463247,17.28392789375711,0.0095248601524046
2024-09-25,002648SZ,0.0725373492353184,0.03528346158863809,0.07320336515425498,0.0068175416702530335,17.026102889233925,0.0073601493529343
2024-09-26,002648SZ,0.004941327273464888,0.01718566240397368,0.0,0.04881954337979101,16.827418349583862,0.0060339127236556
2024-09-27,002648SZ,0.06673117505788191,0.0476143795556403,0.058911237295753066,0.029558815313036883,17.30857535141524,0.0097625408268002
2024-09-30,002648SZ,0.02897108124297642,0.05238508532421986,0.03555425257742306,0.0641458022708241,17.88419267162376,0.0173600229402758
2024-10-08,002648SZ,0.13981063945073816,0.08798563415258938,0.05800309899929591,0.03111245661369454,17.955476300171323,0.0186426815781642
2024-10-09,002648SZ,-0.07688316788857551,-0.06954948449447301,-0.05182500529814877,-0.06543885286944263,17.651913818316416,0.0137617247918862
2024-10-10,002648SZ,-0.049579121837279284,-0.0194999024292842,-0.005614859171057334,0.015401777203588247,17.3399841563956,0.010074036828161
2024-10-11,002648SZ,0.00825312068104506,-0.01988782718048402,0.004494385253481471,-0.01873333900404707,16.57312751050284,0.004679095505578
2024-10-14,002648SZ,-0.003842974492821302,0.042514332847504166,0.006147021732881411,0.05885640002553214,17.57464302591884,0.0127383914042166
2024-10-15,002648SZ,0.04779429807372328,-0.007834964207170388,0.019310860718816138,-0.041215385452708586,17.023400174843797,0.0073402838280749
2024-10-16,002648SZ,-0.05497076109862716,-0.04230880002073476,-0.022100326621142717,-0.009884671226552755,16.603241986029126,0.0048221471738394
2024-10-17,002648SZ,0.013208869948167404,0.008172184651706547,-0.006726422830810928,-0.018379793789366494,16.562121190178985,0.0046278782521324
2024-10-18,002648SZ,-0.024911376753946633,-0.0010858012837034086,-0.0033803622775526103,0.020033986552469466,16.884691414894412,0.0063895813166203
2024-10-21,002648SZ,0.03253665253537802,0.004336046063680275,0.012338979972559852,0.007683972765698549,16.88624723746941,0.0063995301092106
2024-10-22,002648SZ,0.0021679687945142107,0.037680285749813885,0.01986813175694637,0.0343934688835659,17.371089935555197,0.0103923221962142
2024-10-23,002648SZ,0.027764755736549997,-0.005221963745343922,0.01626058307158661,-0.010087716745777853,16.943715138509535,0.0067780704758431
2024-10-24,002648SZ,-0.020750911543158074,0.012487142890083788,0.0,0.007442851669701106,17.027373691288677,0.007369508591843
2024-10-25,002648SZ,0.011758516713449135,-0.005184064573489718,0.010695228025736534,0.011585238758388761,16.644899775832254,0.0050272699984968
2024-10-28,002648SZ,0.01738257776483538,0.0020768914553774766,-0.004798737900534244,-0.005249375858380516,16.75668627109667,0.0056218657592655
2024-10-29,002648SZ,-0.0015677441903506218,-0.0067656290902274475,-0.002675904111556705,-0.010582149912423542,16.71357961549431,0.0053846748953304
2024-10-30,002648SZ,-0.014222017385074089,-0.008916926642995877,0.004811565174493844,0.006891152088491925,16.526586975451178,0.0044663176855598
2024-10-31,002648SZ,0.004235047211368522,0.014125291670224176,0.005319181714720598,-0.0010571067413066414,16.89495023138169,0.0064554682449312
2024-11-01,002648SZ,0.002110766408023755,0.032203098279674186,0.003706633525041523,0.028156234688931286,17.520803323696246,0.0120706957366099
2024-11-04,002648SZ,0.02806841861600128,-0.012145887164111356,0.017291493077611454,0.009211856245642452,16.732118181467506,0.005485430094479
2024-11-05,002648SZ,0.006131799169242144,0.0055852194977748,0.0010384454477317775,0.0,17.269423373960088,0.009387703724104
2024-11-06,002648SZ,0.0,0.002528407821062297,0.007238883138090993,-0.006131799169242002,16.96092212960111,0.0068957098868482
2024-11-07,002648SZ,-0.01488346762087116,-0.006078992037186525,-0.025568821663434153,-0.012896748112762164,17.753146844720163,0.0152278227906268
2024-11-08,002648SZ,-0.0005172086415844297,-0.014845469354092923,-0.027868923773291972,-0.027370153657040777,18.00903981465843,0.0196684764860391
2024-11-11,002648SZ,-0.03313472461387894,-0.02771412820937807,0.0,0.005852669534409515,17.10183712184415,0.0079392154504111
2024-11-12,002648SZ,0.00586505026127941,0.019428226228489266,0.002171603207467324,-0.016043186206508485,17.16298425563676,0.0084398251925956
2024-11-13,002648SZ,-0.018240857885832358,-0.030625410160341093,-0.006528904502439731,0.0010776110061763249,16.656475194745536,0.005085800864255
2024-11-14,002648SZ,0.005937972244563476,0.039426920770210684,0.00977738949636182,0.019728757024463563,17.81142852774203,0.016141698383111
2024-11-15,002648SZ,0.013896547967910055,-0.019256329015571946,0.00700240748179882,-0.014358154315194535,16.775381999637084,0.0057279592987242
2024-11-18,002648SZ,-0.00852882810963219,-0.00950378325918235,-0.024451034030398788,-0.02384939805996507,16.9584288859773,0.0068785386163764
2024-11-19,002648SZ,-0.02768156253075358,-0.01766168019584639,-0.0049627976935451,0.013079193454776343,16.572017470821443,0.004673904405261
2024-11-20,002648SZ,0.014750360483381117,0.011809010661437072,0.012088021676746923,-0.006518161745768512,16.47910299647765,0.004259195543659
2024-11-21,002648SZ,-0.004347828654464398,-0.01451250756184247,-0.009879351041885242,-0.008757573399132612,16.640917570568924,0.0050072901845298
2024-11-22,002648SZ,-0.007654564290443052,-0.008154414446971124,-0.015564448880495014,-0.018868492293486482,16.88284453703649,0.0063777914304082
2024-11-25,002648SZ,-0.025571103693935105,-0.015956267289192045,-0.02783478520579721,-0.019231370227247826,16.660222364126966,0.005104893972861
2024-11-26,002648SZ,-0.019329774647482523,-0.012277007983546157,0.0011513271592340408,0.013049804610160283,16.327294829843783,0.0036593009242719
2024-11-27,002648SZ,0.014249314845283403,0.006157344489079901,0.009163967590639827,0.008419899424301441,16.351595945578474,0.0037493153221584
2024-11-28,002648SZ,0.01739171293455486,0.0038986234354567873,0.0073842515087382,-0.008983769136192699,15.907984310286757,0.0024059902449039
2024-11-29,002648SZ,-0.017391712934554722,0.008854504453528228,-0.0011325288830256474,0.012332063170355427,16.42522617034476,0.0040357956643084
2024-12-02,002648SZ,0.01850346724684906,-0.0033112318511100574,0.006212988685224722,0.0027816004582869895,16.58327177151208,0.0047268030444328
2024-12-03,002648SZ,0.0011105196871161916,0.000552651505321267,0.0022496639847568323,-0.0038964532587227865,16.441059776754713,0.0041002054430122
2024-12-04,002648SZ,-0.0050069729458390635,-0.00332039396312628,0.0,0.0011148528004358833,16.393035358204017,0.0039079489001609
2024-12-05,002648SZ,-0.004471775040940943,-0.007232357831412279,-0.01016374629864795,-0.01402547475417122,16.14840242582577,0.0030598922562326
2024-12-06,002648SZ,-0.0101352389471853,-0.005599140237737587,0.0005672806695790645,0.0028208332377184604,16.26808528563231,0.0034489249566392
2024-12-09,002648SZ,0.0033898036182065465,0.01504628342905315,0.002832125663368157,0.0056180136750759845,16.47490202625957,0.0042413403196715
2024-12-10,002648SZ,0.037092549615367586,0.023504788206480984,0.004514675980943794,-0.0022434622813216646,17.108260367613287,0.0079903751140207
2024-12-11,002648SZ,-0.03259057656771054,-0.029051135366843134,-0.0011267864721013947,0.006157344489079901,16.509052284977642,0.0043886848055508
2024-12-12,002648SZ,0.006157344489079901,0.008859407456396443,0.0050604636166707555,0.007782106613283274,16.45298556493852,0.0041493963654254
2024-12-13,002648SZ,0.004454346091905558,-0.0049737685294914905,-0.014689542766217945,-0.026937630500326173,16.8888487572642,0.0064162002887385
2024-12-16,002648SZ,-0.019069571360661734,-0.016760126589350516,-0.017221966164986755,-0.011441816367278408,16.362447037879324,0.0037902210264181
2024-12-17,002648SZ,-0.014257441519787356,0.012318146663385154,0.008073826350836215,0.022754197154802588,16.87846054167157,0.0063498924202865
2024-12-18,002648SZ,0.02271532229946351,-0.006700132988308921,0.009717142901500454,-0.008472319897537543,16.163131060565387,0.0031052938268103
2024-12-19,002648SZ,-0.019847569339425636,-0.015241641679284846,-0.018949744439847357,-0.004548042367662286,16.11921762131412,0.0029718804409927
2024-12-20,002648SZ,0.005141408463786773,0.0011370358013061568,0.007507928072568862,-0.009733834889602723,16.144512727025997,0.0030480133135731
2024-12-23,002648SZ,-0.007434930635508225,0.03242318181715702,0.0022989042540944426,0.02162867890157696,17.18511554737499,0.0086286916533504
2024-12-24,002648SZ,0.026622887599682708,0.01311492943338962,0.022141091511147012,0.03431432081588382,17.14412380584105,0.0082821379877737
2024-12-25,002648SZ,0.031905893631173646,0.01828992080953417,0.01504628342905315,0.0005439341595125909,17.35353476716904,0.0102114752685448
2024-12-26,002648SZ,-0.0021679687945142198,-0.017747167538228782,-0.0011068323266901206,-0.008738441846798962,17.002903889082315,0.007191366605335
2024-12-27,002648SZ,-0.010362816142535312,0.009181812987906216,-0.004439514833672001,-0.0005487094346623102,17.10398755460062,0.0079563065700802
2024-12-30,002648SZ,0.013613060922512188,0.03278976658829249,0.02742903785890598,0.040338893605082804,17.95687144218634,0.018668708918617
2024-12-31,002648SZ,0.02826104816438356,0.0031169569802196383,0.010764407694953368,-0.009533885600979732,17.445355330324436,0.0111934935891517
2025-01-02,002648SZ,-0.012166219035181702,-0.007287970660781,-0.01076440769495334,-0.00855172258347483,17.49125745631391,0.0117192736519105
2025-01-03,002648SZ,-0.00426677079607021,0.0031299646341533135,0.005934768498639207,0.0016090476758478958,17.720262251361564,0.0147352061614484
2025-01-06,002648SZ,-0.0016046422157529863,-0.018928041522803002,-0.012449391505522744,-0.004834828311117929,17.327970623173158,0.0099537361136537
2025-01-07,002648SZ,-0.006983701213097894,0.008456701919078527,-0.005461530734468058,0.022891620235632376,17.152842543000826,0.0083546634805262
2025-01-08,002648SZ,0.01869215395738164,0.00734137496957111,0.016834471229383478,-0.0010532101028713193,17.12088927389838,0.0080919246966799
2025-01-09,002648SZ,0.0036968458685191267,0.005730706597781731,0.016555757335624116,0.006302585961251982,16.94694855856349,0.0068000222964096
2025-01-10,002648SZ,0.006829607274288469,0.004664437181111553,-0.0037145013457113543,-0.012645045457285274,16.97529836733163,0.0069955602724916
2025-01-13,002648SZ,-0.01583152577080407,-0.004664437181111474,-0.008006427678794852,0.012645045457285327,17.03878712534498,0.0074541018269234
2025-01-14,002648SZ,0.018445866452548018,0.038721099300221495,0.01594926129764143,0.04203590096164863,17.481986006128672,0.0116111211273886
2025-01-15,002648SZ,0.03791436647296256,0.01832182658129917,0.0438553852119005,0.011480013474722599,17.201395128006283,0.0087703127782123
2025-01-16,002648SZ,0.01991113678029173,-0.0014730559812691018,0.008544916557844643,0.001983189315144378,16.83938004125156,0.0061065219294685
2025-01-17,002648SZ,-0.005436168911671511,0.005879435495160808,0.006485483825897176,0.005433389688180212,16.63824810431026,0.0049939412167791
2025-01-20,002648SZ,0.01329088974821505,0.0009765849511860008,-0.015535334967016394,-0.020906689451049273,17.409354097159834,0.0107976816151167
2025-01-21,002648SZ,-0.02325116948705022,-0.024704814017899777,-0.007095792210509983,-0.0030226455089909536,17.046824784186406,0.0075142567854268
2025-01-22,002648SZ,-0.011072046406501763,-0.006021038262562089,-0.020036600776158226,-0.023482400129622463,16.99487885735247,0.0071338866056557
2025-01-23,002648SZ,-0.01427142918758374,-0.013681513100717286,-0.0020779703855000596,0.007205352194847111,17.041442867181605,0.0074739243078333
2025-01-24,002648SZ,-0.003084807923420621,0.002038686150143589,0.0025967890007675062,-0.0015396814524404588,16.548802164132145,0.0045666480854545
2025-01-27,002648SZ,0.004110998777894755,0.027123758198791592,0.008264501707599735,0.028356399841319626,17.089877701173936,0.0078448325369264
2025-02-05,002648SZ,0.02930982545432783,0.004943182533093868,0.018854007247075585,-0.007014121779052974,16.88447767975307,0.0063882157844274
2025-02-06,002648SZ,-0.012528352339724696,-0.011406096880507198,-0.01167820054562811,0.001507193806941968,16.96600308266203,0.0069308358276738
2025-02-07,002648SZ,0.003021123495223131,0.011899083259084793,0.011173265962353232,0.010983600998506298,16.883126606979374,0.0063795906674998
2025-02-10,002648SZ,0.012987207281664559,-0.001973405407270997,-0.0025284078210623005,-0.002485670562916843,16.761127895225616,0.0056468915115403
2025-02-11,002648SZ,0.0024783727152461912,0.04584642411312798,0.021538538701016893,0.04620324496110619,17.43540272986135,0.0110826417637101
2025-02-12,002648SZ,0.03883979554698484,-0.005202215939910478,0.028336039274677018,0.0014247819490319513,16.685978373432054,0.0052380835301409
2025-02-13,002648SZ,0.0019029936597421166,0.009438520182314992,0.0038461548842172255,-0.00905849051093048,16.60683221793924,0.0048394909169643
2025-02-14,002648SZ,-0.007633708561898499,-0.01514470973843526,-0.0067404870787408176,0.0,16.245725513761712,0.0033726635459197
2025-02-17,002648SZ,0.004777858327834075,0.021232256411766126,-0.011662021352003723,0.024599181380851015,17.09216853099861,0.0078628243141333
2025-02-18,002648SZ,0.011374519678323454,0.027626083501663037,0.035529501889378715,0.0069848769444154106,17.19283486528949,0.008695557015163
2025-02-19,002648SZ,0.012643599176374283,-0.018794953320339754,0.002355677704749644,-0.006984876944415515,16.641122199802155,0.0050083149273842
2025-02-20,002648SZ,-0.004196795801680626,0.00323399188508402,0.0,0.008376052092470039,16.461823005448654,0.0041862289246373
2025-02-21,002648SZ,0.010690296963339067,0.0009221050570943704,-0.0014127945430016655,-0.0065085951825831255,16.8758067429585,0.0063330634234274
2025-02-24,002648SZ,-0.008822840053452108,-0.0032310945394565973,-0.005671042266269561,-0.014564569201664292,16.893332043672256,0.0064450305324448
2025-02-25,002648SZ,-0.01788287976503676,-0.025756481111552716,-0.027873015950414907,-0.023947505507423097,17.12140005981946,0.0080960589938215
2025-02-26,002648SZ,0.009922169386741913,0.024368612296850722,0.004861476678044122,0.005799960273789919,17.58033025459889,0.0128110439508339
2025-02-27,002648SZ,-0.02426958141088527,-0.014455810442674015,0.0,0.01862070489350313,17.246762961772582,0.0091773666444533
2025-02-28,002648SZ,0.019084530456125952,0.022295374365645357,0.022063200765120215,0.004248302582840573,17.0719966845845,0.0077058056263764
2025-03-03,002648SZ,0.005655096961668494,-0.007839563922971353,0.005204677429588738,0.0018823965806588762,16.9938531382866,0.007126572993343
2025-03-04,002648SZ,-0.0032949713289203656,0.0023121044778955566,-0.001416797704542142,0.011685105831419683,16.926210440912318,0.006660454813224
2025-03-05,002648SZ,0.017757526182543195,0.003688336373711234,-0.0028395412177960274,-0.01262586119470373,17.057599540593444,0.0075956588311432
2025-03-06,002648SZ,-0.02011765181529151,-0.011571524872855602,-0.0057034774120539155,0.005631213232197099,16.99470515405815,0.007132647533618
