Date,Stock,Open,High,Low,Close,Volume,Turnover
2020-03-13,600989SS,-0.07402847765962406,-0.07869816255942051,-0.06823326310321229,-0.0388397879891954,17.326626650908196,0.0045662040886477
2020-03-16,600989SS,0.03930621889659992,0.032226006725276576,0.024747981759510797,-0.005515973134434367,17.26311278499312,0.0042852049335493
2020-03-17,600989SS,-0.03043689828382221,-0.03113488858414626,-0.04895667641254135,-0.021241464136759817,17.081668210033417,0.0035741371680253
2020-03-18,600989SS,-0.016695056137299977,-0.020937577374484175,0.009291465718971539,-0.021702911293623412,16.801268401874722,0.0027001949521604
2020-03-19,600989SS,-0.035411854810760625,-0.03397814557735223,-0.03649592024658861,-0.02100418720216319,16.86021245577425,0.0028641397167724
2020-03-20,600989SS,0.0023227504834450975,0.00345015811378654,0.02135308660324583,0.022158330470426302,16.42413754565759,0.0018518647336229
2020-03-23,600989SS,-0.0023228334521234774,-0.012709557296817206,-0.018958018209195265,-0.0328282478617646,16.275775154300433,0.0015965270756712
2020-03-24,600989SS,-0.015231603345491495,-0.003494446535966041,1.0408052833073009e-07,0.014201512161858273,16.192031565453828,0.0014682733170144
2020-03-25,600989SS,0.02564222153264001,0.01964233721271291,0.02247278996057938,0.01631717809535931,16.432355801295564,0.0018671465414223
2020-03-26,600989SS,-0.0092486049605504,-0.01035087917166257,0.0011689413821398876,-0.004634990813798679,16.05236997209445,0.0012768875163033
2020-03-27,600989SS,0.010398725172236027,0.010350886636350087,0.004662008442113899,0.0,16.07308552343988,0.0013036148277375
2020-03-30,600989SS,-0.015055282570590491,-0.014985860748348257,-0.02353056301371364,-0.022314417082992255,16.05972335949047,0.0012863115727786
2020-03-31,600989SS,-0.007025727518996308,-0.010507883995400822,0.0011897954050268341,0.0,15.681380868389555,0.0008811180532821
2020-04-01,600989SS,-0.011820469133973159,-0.008249931266733089,-0.011961751972773313,-0.01194757465622757,15.828572017206278,0.0010208417245754
2020-04-02,600989SS,-0.015578527746123609,-0.009512556020479724,-0.012106739304210464,0.004796159823754858,16.013413127633964,0.0012281004672896
2020-04-03,600989SS,0.0108110100499494,0.02127750979683335,0.01810553328718123,0.016607852835603686,16.285887494179935,0.0016127536072915
2020-04-07,600989SS,0.02827031911703027,0.016241497114062302,0.02247283060845512,0.022106638874631265,16.347338801834656,0.0017149678701828
2020-04-08,600989SS,0.009248709082109475,0.00916406424751131,0.009313309756193246,0.002299000910966033,16.161670046146234,0.0014243642501774
2020-04-09,600989SS,0.0022987316638996406,0.0011393460628937914,0.0046241086458572505,-0.0011489640972914144,15.934064032842604,0.0011344177641346
2020-04-10,600989SS,-0.0011486351524668803,-0.006856952335633707,-0.01745224866823041,-0.01856184404874075,16.060268213371884,0.0012870126156717
2020-04-13,600989SS,-1.5883392763458078e-07,0.039352803102936186,0.01166851799611193,0.05135166085637742,17.248775404837776,0.0042242046564333
2020-04-14,600989SS,0.047146814247488025,0.012055033842210938,0.031966188923517706,0.0066519822101694165,16.845337689509076,0.0028218515985582
2020-04-15,600989SS,-0.0032948375922245954,-0.00985228393027862,-0.0011241167615959932,-0.01783766167277986,16.46557466161447,0.0019302127200809
2020-04-16,600989SS,-0.0233733608771566,-0.0233733608771566,-0.013590235357154711,-0.012450716704065862,16.167618974871882,0.0014328629463974
2020-04-17,600989SS,-0.009049834138067455,-0.0011267938771763297,0.0011395112480136896,0.004545450779474573,16.097792938640467,0.0013362249813132
2020-04-20,600989SS,0.009049933646193036,0.0067417525563592704,0.006810623590105176,0.009029505371256021,16.036947741107124,0.0012573461331585
2020-04-21,600989SS,-0.005646710568366979,-0.01012968180435647,-0.01941824097076735,-0.0227283767916911,16.121578179908884,0.0013683884092484
2020-04-22,600989SS,-0.022910437911781035,-0.02057213924851529,-0.011601052884686403,-0.006920331476981516,15.798876264300377,0.0009909727428021
2020-04-23,600989SS,0.0011580618127500356,0.014899960019293864,0.008134883168999772,0.0023120400186196956,15.89830920824387,0.0010945734097186
2020-04-24,600989SS,-0.0011579900718749405,0.02027111260688881,-0.0034782298632818312,0.021702911293623516,16.833597835981678,0.00278891717344
2020-04-27,600989SS,0.022910338858923088,-0.007834620723949436,0.011547367918859037,-0.014798382340776852,16.119323496846945,0.001365306602327
2020-04-28,600989SS,-0.019440197291017827,-0.02733642519178636,-0.083780901859263,-0.04936362703075662,16.54450626244269,0.0020887416862994
2020-04-29,600989SS,-0.04245916717183888,-0.0233655268272645,0.03194377473313785,0.0,15.768680150525022,0.0009614964868666
2020-04-30,600989SS,0.006005915508389989,0.0011812308064415775,0.009626888903129271,0.01672658985087584,15.810255359995296,0.0010023135195468
2020-05-06,600989SS,0.007160055386342733,0.0023586172667501727,0.001196985574406266,0.004728321024870966,15.696849271054615,0.0008948535030952
2020-05-07,600989SS,0.010644552793275296,0.00117703527024208,0.008338267323864855,-0.005913742469085812,15.641107849059532,0.0008463378167264
2020-05-08,600989SS,-0.005899738030157043,6.669204721775077e-09,0.0011854573445272338,0.0035523765815112535,15.638752705751791,0.0008443469149098
2020-05-11,600989SS,0.0011828165917292274,0.05493372510333431,0.0011842171680710339,0.058536584973980184,17.071092051295274,0.0035365357145051
2020-05-12,600989SS,0.06076361737094398,0.012175066111786143,0.04285538909561092,0.009983433004642822,17.05001694661327,0.0034627827567123
2020-05-13,600989SS,-3.4131004383470587e-08,0.01094093160071492,-3.4131004383470587e-08,0.005503473084304298,16.92414723039994,0.0030532384349309
2020-05-14,600989SS,0.008859394286144457,0.012973232482880724,0.02242253623586143,0.017410742203200415,17.043604604174703,0.003440649246675
2020-05-15,600989SS,0.02719040488020144,0.024404384508181092,0.015401816610794171,-0.010846094963427071,17.425214409610273,0.0050393142236257
2020-05-18,600989SS,-0.006458514702687537,-0.02011708948678407,-0.019846322814494485,-0.020937455374846297,16.872198551456844,0.0028986761360371
2020-05-19,600989SS,-0.01742961791402537,-0.02490659254283276,1.876965249874167e-11,0.008869335050768604,16.30896011300295,0.0016503966515688
2020-05-20,600989SS,-0.005509566003870526,-0.00770490209921049,-0.017977885268753234,-0.023451553595261684,16.342654919671574,0.0017069539449188
2020-05-21,600989SS,-0.018963323910198244,-0.01559066944451447,-0.00227020727395129,-0.004530129560340405,15.80100989623327,0.0009930893714319
2020-05-22,600989SS,-0.011325121640306681,-0.011286665762032915,-0.021827393576280663,-0.0218023451607433,15.878073071962651,0.0010726460807462
2020-05-25,600989SS,-0.017231816133864805,-0.017172739879488787,-0.00582399664676773,-0.0023227810392924,15.212547262944884,0.0005513434400367
2020-05-26,600989SS,-0.0034823150019016405,0.004608254520349034,0.004661964179967777,0.010410599111440044,15.442949868611867,0.0006942003271545
2020-05-27,600989SS,0.009259329319055234,0.014832015343270348,0.009259329319055234,0.008023053191073562,15.67784886259561,0.0008780114282695
2020-05-28,600989SS,0.0057437142546390195,-0.0011332098876979239,-0.00693653176177616,-0.01379334785438055,15.616275852734812,0.0008255803471158
2020-05-29,600989SS,-0.0022934252269816,0.014631772502074899,0.010386820789433504,0.029648708268672597,16.260425250600118,0.0015722076645299
2020-06-01,600989SS,0.02718159304645033,0.014420550550110453,0.019329651962413825,0.016713422226114997,16.10096353068198,0.0013404683294451
2020-06-02,600989SS,0.018816174119725713,0.004395500884546401,0.014533420689204126,-0.0011057150457847973,15.913236908970491,0.0011110354404785
2020-06-03,600989SS,-0.003294701859854455,0.006557611040359444,0.005534234049165306,0.00881078605591166,16.430913457319914,0.0018644554148916
2020-06-04,600989SS,0.004534045939033462,-0.0041839191205879965,-0.007026119202348141,-0.012475417210812127,16.112858963412986,0.0013565089981082
2020-06-05,600989SS,-0.012564483840688097,-0.009111671938680042,-0.00693649243136523,0.0,15.479325664674686,0.0007199173240984
2020-06-08,600989SS,0.006872909621313676,0.0022857498787134324,0.01038670612663459,0.002298886536035307,15.544313542863224,0.000768256965656
2020-06-09,600989SS,-0.002285673489297324,0.021457674006717754,0.003438462342978991,0.01707502473063062,16.00593652145422,0.0012189526825321
2020-06-10,600989SS,0.013636447143298537,-0.007852056328389383,-0.005737387733951407,-0.01822383737460502,15.86488186289223,0.0010585894957428
2020-06-11,600989SS,-0.021677834181468694,-0.018182209254551652,-0.008087727497038982,-0.009237840244037001,15.655192990054553,0.0008583429546799
2020-06-12,600989SS,-0.01980271102556736,-0.012695064908327976,-0.016374750506772673,-0.004651241721215205,15.582466445945164,0.0007981345383069
2020-06-15,600989SS,0.02095536421814926,0.008097249149665834,-0.003544013141674415,-0.005844610525220535,15.485501371995918,0.0007243770805305
2020-06-16,600989SS,-0.017432215409739497,-0.00925929799225386,0.009422929624109745,0.00817293563958414,15.401388091589356,0.0006659394758691
2020-06-17,600989SS,0.010495834024337361,0.003482363563619681,0.0046784596248559225,0.0023229166068515677,15.311706981289673,0.0006088169573117
2020-06-18,600989SS,-0.00465122003021355,0.010374696948673122,0.0011661543692677787,0.008087766351976229,15.807868129110542,0.0009999236191881
2020-06-19,600989SS,0.008125333380500874,-3.885493702328179e-08,0.006968679089653658,0.001150073892060833,15.705877945293773,0.0009029694279866
2020-06-22,600989SS,0.005763673551448769,0.00913242127281846,0.0011566009485463513,-0.003454257487077624,15.672700494177908,0.0008735027174707
2020-06-23,600989SS,-0.005763556087325195,-0.0148827727599389,-0.010458866862524167,-0.011600931785877396,15.532480027638991,0.0007592193623141
2020-06-24,600989SS,-0.003474396336412498,-0.005783919085385438,-0.009390034244611713,-0.00820172439620597,15.80375415300709,0.0009958184069151
2020-06-29,600989SS,-0.01637459679352278,-0.01637459679352278,-0.011862388888194528,-0.014218156562219917,15.597489183642043,0.000810215221439
2020-06-30,600989SS,-0.00828892518123546,-0.001179840832080269,0.001192648048938348,0.004761923964626947,15.469810740004013,0.0007130998490082
2020-07-01,600989SS,0.007109015517186918,-6.88319683847342e-08,-6.88319683847342e-08,0.003556512649666725,15.712888109676973,0.0009093216320495
2020-07-02,600989SS,-0.0011814055666962426,0.024490980136831757,0.007125813893783428,0.026855101530308977,16.385676056906153,0.0017819915798358
2020-07-03,600989SS,0.03141615289513458,0.030631960751404272,0.03259891222545576,0.022780019667367937,16.8367981937843,0.0027978570044119
2020-07-06,600989SS,0.02600498841122095,0.031888424489940614,0.02600498841122095,0.036488359100269305,17.277592794246036,0.0043477061597267
2020-07-07,600989SS,0.037244162044394444,0.020354240745132538,0.01660241496156403,-0.008724174647271233,17.216229125013005,0.004088935696136
2020-07-08,600989SS,-0.017353813197096512,-0.024692481242130398,-0.009928104318604839,0.0043717718893610215,16.968396440893144,0.0031913755211122
2020-07-09,600989SS,0.004366642051472765,0.01830944791808894,0.01430927997661231,0.017297539297904115,17.18324267207533,0.0039562565445579
2020-07-10,600989SS,0.01834913457678489,-0.0021367115840530216,-0.003284057705618409,-0.02166931118726502,16.932034182098818,0.0030774143920509
2020-07-13,600989SS,-0.022715913216697022,-0.0021413295634386564,0.001095963457662083,0.020596936665914212,16.921434368975873,0.0030449666469727
2020-07-14,600989SS,0.01842872624079481,0.01277972754901824,0.003280467795424245,-0.0064585096690367595,17.001336234127642,0.003298249312433
2020-07-15,600989SS,-0.0010745454825345543,0.004224037391272168,0.0021812460576919267,0.01394142661713211,17.39078034329905,0.0048687437104957
2020-07-16,600989SS,0.010695094877358582,-0.004224000329933814,-0.028731415879275,-0.04687523168682877,17.224104715902772,0.0041212656234629
2020-07-17,600989SS,-0.04570973453934617,-0.04324985971802922,-0.007878370204761174,-0.005595924070532068,16.380542604314684,0.0017728672495381
2020-07-20,600989SS,-0.0022297627780864825,0.02939765448160347,0.011235846167641653,0.04284003362687878,16.859547449257676,0.0028622356782748
2020-07-21,600989SS,0.03616838675961427,0.010672570018521128,0.0318884191916462,0.004291917193870323,16.706466034352534,0.0024559695263338
2020-07-22,600989SS,0.01070688592485392,1.0486159612617368e-07,0.004319762002217888,0.003206920320597546,16.984191853003054,0.0032421848354642
2020-07-23,600989SS,0.001064187571626034,-1.3133968109619795e-07,-0.016295942221654525,-0.011809142001117962,16.690481665631072,0.0024170244868138
2020-07-24,600989SS,-0.012848078164183629,0.033406049974300446,0.01413841874030473,0.01713107581850308,17.9108415168705,0.0081898626211855
2020-07-27,600989SS,0.028679639069814983,0.0481054993767316,-0.007588200039503493,0.07167853849190363,18.23282688415177,0.0113009014358335
2020-07-28,600989SS,0.046043903391495604,0.03650741106443525,0.07945662615604071,0.011787929571017082,18.173779730783004,0.0106529339397526
2020-07-29,600989SS,0.033434820625703104,-0.01712696367621799,2.9782416311501434e-08,0.004870978661565919,17.6040730261823,0.0060262722992785
2020-07-30,600989SS,-0.003876037597931349,0.04043800398373462,0.027751935701046955,0.02684715735735878,17.806504232022004,0.0073784223133136
2020-07-31,600989SS,0.017324681885362608,-0.018605298382543337,-0.003917768735238304,-0.023936080102400347,17.578984157102177,0.005876960799381
2020-08-03,600989SS,-0.012482040142211822,-0.015137417244936287,-0.008871305936287958,-0.0038834579280780475,17.53512506401434,0.0056247734026461
2020-08-04,600989SS,-0.0019341368445014,0.00948791741081121,0.016691750874846627,0.021175167089998507,17.598584797333977,0.0059932893288832
2020-08-05,600989SS,0.016322841360846253,0.012200866473315372,-1.4005675178975525e-07,0.009478639885501445,17.42783145893292,0.005052519629921
2020-08-06,600989SS,0.034631528601054125,0.050033283277076276,0.029738445865197416,0.05327255307736041,18.071299337387718,0.0096152939129188
2020-08-07,600989SS,0.01732816021668968,0.05607311615557328,0.04436943160265919,0.04802294540426263,18.33820321533994,0.0125567557562611
2020-08-10,600989SS,0.05796186659954027,0.07044603827134761,0.05796186659954027,0.07392541548395201,18.186752647925342,0.0107920338860521
2020-08-11,600989SS,0.058011299749798136,-0.015760728397634087,0.024442872251132924,-0.04286943725978962,17.99759523436033,0.008932093863753
2020-08-12,600989SS,-0.012966073636053541,0.008699178105079664,-0.0008329455264447812,0.019640606548482258,17.869154281520895,0.0078554682975471
2020-08-13,600989SS,0.0225815768115828,0.033297712410528396,0.03440142668605042,0.025601367646613412,17.804841877555624,0.0073661669490016
2020-08-14,600989SS,0.01660771321804156,-0.02467357458872904,-0.03356845372230774,-0.022365154386450255,17.71756310313666,0.0067505143803023
2020-08-17,600989SS,-0.01820389389520927,0.06131311912802405,0.041587722559728965,0.0858663522271005,18.304342313101824,0.0121386906474314
2020-08-18,600989SS,0.08347729932618256,0.005126226453203921,0.05440336251097101,-0.01268210092861276,18.037025174416655,0.0092913214148372
2020-08-19,600989SS,-0.014804084307710323,-0.007331348043052123,-0.010646493211239194,0.00822441227240625,17.337545623609078,0.0046163355418401
2020-08-20,600989SS,-0.008988697728728278,-0.018567069133763804,-0.02242060925660131,-0.036395141510206806,17.532304672196396,0.0056089316878016
2020-08-21,600989SS,-0.0212936550056317,-0.019682806997673233,-0.009426707521525053,-0.008530558539383684,17.322148392089225,0.0045458011631963
2020-08-24,600989SS,0.012982292307282197,0.017431373932898488,0.008644477896083799,0.0031104696114020503,17.24381918593836,0.0042033203691043
2020-08-25,600989SS,-0.019924001817418213,-0.004518065349369174,-0.01736418745424811,-0.01722827874625498,17.178713679405522,0.0039383792007875
2020-08-26,600989SS,-0.01402991564592644,-0.028321866435635838,-0.0160518137611788,-0.010321700631231974,17.186609869672854,0.0039696004958015
2020-08-27,600989SS,-0.01263842901455463,-0.02197892737230254,-0.006493565322380691,-0.008012859566385568,17.27188487125613,0.0043229604774156
2020-08-28,600989SS,-0.009584730310804469,0.018868464388726466,0.011336180150109834,0.020701317061329848,17.30922950759172,0.0044874521945746
2020-08-31,600989SS,0.020652027443694144,0.010073673730683193,0.003215398732448577,-0.015085639391569462,17.335132191881723,0.0046052077643172
2020-09-01,600989SS,-0.02306261141353913,-0.013193795672711365,-0.004827037156461755,0.017446972013648147,16.93446080444334,0.0030848911829139
2020-09-02,600989SS,0.023848507747711575,-0.0015636965596095165,-0.00809710275002423,-0.03195158435818688,17.0600545974172,0.0034977159927089
2020-09-03,600989SS,-0.040069481894267636,-0.019755698012197734,-0.020534619673889115,-0.0040666548581408,17.08445443491714,0.0035841094043158
2020-09-04,600989SS,-0.006562796409970699,-0.0275098610570007,-0.005826143818972008,-0.009005454571031921,16.839444596896797,0.0028052710682313
2020-09-07,600989SS,0.004106664307348268,0.0008198936270674345,-0.05843594528714471,-0.0680536143267288,17.472340545956882,0.0052824824260423
2020-09-08,600989SS,-0.06170086795123196,-0.0530203075440264,-0.01336316517182461,0.007017679933004391,17.001601007999593,0.0032991227183327
2020-09-09,600989SS,-0.014047732504182179,-0.022728292911387747,-0.018100130161486074,-0.04377661573976008,17.22822387596267,0.0041382767885799
2020-09-10,600989SS,-0.007098444756169226,-0.006208348641557155,-0.02965908123863339,-0.02309556071616141,17.051750509990626,0.0034687909165777
2020-09-11,600989SS,-0.043683073418314206,-0.03071616986872294,0.0028181012997313478,0.005591752358806442,16.419886302692994,0.0018440087168728
2020-09-14,600989SS,0.012939346858091557,0.029826106710375996,0.013047880327643004,0.022968528478416107,17.223719633479917,0.0041196789019877
2020-09-15,600989SS,0.010958955778289765,-0.01254496013999927,-0.0009264233297140549,-0.017407773583127516,16.708740726708918,0.0024615624604437
2020-09-16,600989SS,-0.0155609471179735,-0.009058053214888805,-0.012121356993723362,-0.011152507254094817,16.613990077123827,0.0022390365007859
2020-09-17,600989SS,-0.020504065465739827,-0.02115023199965075,-0.01607606425015976,-0.0037453796342125016,16.401044363717126,0.0018095892971806
2020-09-18,600989SS,0.0037594314810288445,0.026594901314854258,0.012316636543859739,0.025927386309212274,17.11050999935239,0.0036787226495253
2020-09-21,600989SS,0.03321350338949749,-0.0009053452822133304,0.0009412606309026263,-0.02031451553657278,16.766250329592438,0.0026072757462157
2020-09-22,600989SS,-0.04169217295906971,-0.035965279762141804,-0.020913433855855548,-0.027424980985170183,16.616261233519825,0.0022441274821843
2020-09-23,600989SS,-0.009505710977220473,0.0074836672903033285,-0.006746974485311228,0.018993914494012155,16.603825165240014,0.0022163921744332
2020-09-24,600989SS,0.009505734737181441,-0.011246579599542826,0.005785899743758574,-0.01135298233976519,16.504464989887232,0.0020067581222161
2020-09-25,600989SS,-0.00379150527990048,0.003762901012542511,-0.004819247955847264,-0.00190484113389172,16.26168252979808,0.0015741856118483
2020-09-28,600989SS,0.002845177775024828,1.6054750283849934e-07,0.002894492742026211,0.0038060607453701337,16.45900929562294,0.0019175816753233
2020-09-29,600989SS,0.0028367482051558737,0.003748721644782605,0.010541404023984504,0.008510596448497582,16.298323016463623,0.0016329342608278
2020-09-30,600989SS,0.0009438085843305317,-0.004688224102488353,-0.02999741398821264,-0.04035135794649112,16.706256801287573,0.0024554557100294
2020-10-09,600989SS,-0.023867513594312068,-0.026668345545536286,-0.018840504407920705,0.0009799012651445338,17.20709178559663,0.0040517438774827
2020-10-12,600989SS,-0.011662010771704133,0.042519477356797106,0.01687386796277509,0.052467950672673326,17.109875637718673,0.0036763897489584
2020-10-13,600989SS,0.051440027201580654,0.006454610223736856,0.05271948963566931,0.004636123209433346,16.648868420988887,0.0023185082558651
2020-10-14,600989SS,0.001855228671902542,0.016408768697098713,-0.01694960062529669,0.011039646249953008,17.077326248280016,0.003558652042787
2020-10-15,600989SS,0.013806081427961454,-0.00908265050882422,0.02253633140982254,-0.005504540979445429,16.37036210369787,0.0017549101333319
2020-10-16,600989SS,-4.830757532988653e-08,-0.0009128944642075587,-0.006520858337290397,-0.009242205240663208,16.089298875300756,0.0013249230680629
2020-10-19,600989SS,-0.015661216479927718,-0.007332739752994364,-0.0028076426923557113,-0.00839166307949551,15.84670035924858,0.0010395166563405
2020-10-20,600989SS,-0.0149676102487582,0.006419071188320894,-0.012258529814376175,0.021306926908011503,16.290966103098302,0.0016209649863795
2020-10-21,600989SS,0.03154257559501077,0.0018265833814759453,0.012258589988715055,-0.017568548288173173,15.830609825915422,0.0010229241260575
2020-10-22,600989SS,-0.028718948057779834,-0.022141129843026627,-0.010362779844093476,-0.010314285679233516,15.617748436409354,0.0008267969790341
2020-10-23,600989SS,0.008422886012727117,0.01940003777015254,0.010362642662273365,0.011246481925922149,16.19933345959874,0.0014790337322432
2020-10-26,600989SS,-0.0027996791607053768,-0.0009152416283040564,0.0028077623558778264,0.01571935143499719,16.289444392673563,0.001618500222658
2020-10-27,600989SS,0.0093023175399115,-0.0091998426985601,-0.027476966281838537,-0.04024881445997123,16.62983108072529,0.0022747875065218
2020-10-28,600989SS,-0.02817086635657207,0.015589530646367068,0.001919458573803529,0.029178518594219428,16.85006283939991,0.0028352168224514
2020-10-29,600989SS,0.0188685175640906,-0.019293155793671985,0.014279172032298008,-0.014953484586881425,16.38426765676864,0.0017794835889995
2020-10-30,600989SS,-0.012224103949762994,-0.010256619563959823,-0.04247753851556463,-0.0432969387933359,16.832316513427273,0.0027853459592159
2020-11-02,600989SS,-0.04746649881602942,-0.05292240279319971,-0.05472487669122003,-0.05041388308751537,17.297879486843875,0.0044368074705303
2020-11-03,600989SS,-0.03842723119565684,0.02053878122772418,0.008298952637462158,0.04548549322874199,16.963585950119157,0.003176060304344
2020-11-04,600989SS,0.05124168597904741,0.00579147832101758,0.04938020065960839,0.01081079857760966,16.73290732824166,0.0025217746949846
2020-11-05,600989SS,0.016513282996820946,-0.0009629192450799859,-0.0019685195110078577,0.004875728981853889,16.246034672887003,0.0015497447011509
2020-11-06,600989SS,-0.008708274038305885,0.0028860477919837855,0.004914102271961421,0.0009723806731196478,16.47704815927711,0.0019524865477873
2020-11-09,600989SS,0.00870821678531927,0.02185352237282442,0.01072651129931917,0.025900646036984637,17.045897000754938,0.003448545626914
2020-11-10,600989SS,0.056194479393282516,0.061066784814201254,0.0352584971431799,0.02247280754172364,17.837237867127843,0.0076087086991618
2020-11-11,600989SS,-0.019310824101045627,-0.019643475490318495,-0.0018744210651524475,-0.003710539167855058,17.342011190411935,0.0046369961936226
2020-11-12,600989SS,0.013831588674203154,-0.013617911440975624,-0.004701339113452024,0.009250851929797623,17.07136115266526,0.0035374875292092
2020-11-13,600989SS,-0.006430991845929571,0.002738410303711484,0.014967483716894223,0.006424917529588859,17.044409899126336,0.0034434211001835
2020-11-16,600989SS,0.008260635678783712,0.017171636837649162,0.006478468602092378,0.008200507340848059,18.075328583248197,0.0096541144528938
2020-11-17,600989SS,0.04206441227393078,0.08004275437805101,0.051247160823703335,0.060731356013910415,18.497424881937075,0.0147240247465452
2020-11-18,600989SS,0.03783780179318087,0.015593276247593449,0.023387905548647156,0.03276235578316751,18.298943514515976,0.0120733328862367
2020-11-19,600989SS,0.033197970021749075,0.009724473677014843,0.0059751698657150515,-0.017507811747821195,17.88969222500151,0.0080184716110535
2020-11-20,600989SS,-0.03319795992558569,0.010429383041988264,7.72924725439468e-08,0.05242808531168485,18.128865836423916,0.0101850549674791
2020-11-23,600989SS,0.07320337397813889,0.059638304118237936,0.07774874000226571,0.025218095577151118,18.250212099035135,0.0114990878026057
2020-11-24,600989SS,0.001567266793785365,-0.0015050931210082439,-0.007905301706274822,0.026872806622096273,17.605468952359754,0.0060346904048839
2020-11-25,600989SS,0.059288072990100464,0.030406702187597976,0.011834644850895186,-0.023764754077537618,17.925112974846673,0.0083075819183334
2020-11-26,600989SS,-0.03453804165998759,-0.04252790569225713,-0.037559442466997404,-0.03473130783180377,17.983353289781636,0.0088057850525351
2020-11-27,600989SS,-0.044521217475885874,-0.040440958692298856,-0.024733374629127794,-0.022746722453987567,17.567834536582126,0.0058117988556527
2020-11-30,600989SS,-0.018541436464582103,0.03278987300203858,0.014090629209149688,0.03392899220349429,17.939020090841133,0.0084239235386968
2020-12-01,600989SS,0.016942685183043746,-0.020955438985658926,0.023587876538743766,0.010272680077610214,17.187504644184852,0.0039731539828177
2020-12-02,600989SS,0.016660487231788833,0.0354428931548795,0.007208737354378045,0.010168305460128249,17.78662764040485,0.0072332123438844
2020-12-03,600989SS,0.008617290508437103,-0.02840886025308662,-0.025870505326690673,-0.030820373583452,17.500687466106655,0.0054343670983561
2020-12-04,600989SS,-0.032503805924678546,0.016222873081019152,0.006530664069412375,0.037799775066243,17.51070448377314,0.0054890768075477
2020-12-07,600989SS,0.04721562045436128,-0.0007666975531334244,-0.0016287271855261944,-0.049911385102910405,17.437863516227686,0.0051034618983326
2020-12-08,600989SS,-0.05368286437757159,-0.03909788665935489,-0.009005297289678102,0.000812093801804416,17.17606457498424,0.0039279598297671
2020-12-09,600989SS,-0.0032495258369790825,-0.012033944134469404,-0.02498063469048549,-0.029656316945014246,17.404304558782396,0.0049350369228178
2020-12-10,600989SS,-0.02805455031724137,-0.028655178898038817,-0.01614980404519015,-0.017714403381508415,16.916740172815036,0.0030307064718041
2020-12-11,600989SS,-0.008403432375202163,0.011560780893475044,0.004275284365380118,0.011844429256001732,17.30856121181085,0.0044844542509831
2020-12-14,600989SS,-0.005924847380905261,-0.023257022439717664,-0.013746010553328619,-0.01440103580839959,17.00935464674623,0.0033248023517767
2020-12-15,600989SS,-0.01023890139251385,-0.007591615994266376,-0.005203777847009038,-0.002562981017232872,16.465920064241875,0.0019308795358263
2020-12-16,600989SS,0.001713749365197671,0.007591615994266409,0.004338331785398922,0.0025629810172329375,16.599384054449875,0.0022065707557734
2020-12-17,600989SS,-0.0017137871699200334,0.0008400510165770415,-0.0008661471850022326,0.01103114136210119,16.873476605014233,0.0029023831679468
2020-12-18,600989SS,0.02874253659346388,0.02241697142314063,0.0180340374572146,0.0033698944462985897,17.224118314848326,0.0041213216687126
2020-12-21,600989SS,-0.00250308061487255,-0.014055604892661527,-0.024118258873185344,-0.025555041765393163,17.420491693580807,0.005015571083106
2020-12-22,600989SS,-0.040926533619035955,-0.02529653796378766,-0.020256194001072703,-0.026225359415953248,17.122673082918453,0.0037237404850384
2020-12-23,600989SS,-0.014022881579128456,-0.0034216059758590527,-0.0008899740592821584,0.024498262101700398,16.921565306270352,0.0030453653727886
2020-12-24,600989SS,0.020961427775723723,0.0008565319447928621,0.015901403765758857,-0.004330838572212366,16.562102459691644,0.0021258208690006
2020-12-25,600989SS,-0.006068580037267047,0.008525051449957586,-0.015011426975778674,0.0051946699748928364,17.372150042350913,0.004778877266124
2020-12-28,600989SS,0.008658098225704139,0.01432810945825168,0.023737421114143908,0.02473473602123023,18.071081281085466,0.0096131974660334
2020-12-29,600989SS,0.017941537129750593,-0.010092588487846546,-0.007850029323179188,-0.02732874311125022,17.565631525930563,0.0057990094932918
2020-12-30,600989SS,-0.02573042810539134,-0.0025391288902747514,-4.9847620600012885e-09,0.0025940070900199886,17.33795362523682,0.0046182193985932
2020-12-31,600989SS,-0.0017391826844263606,-0.005097764737270209,0.0034964917009720903,0.010309347939427137,17.38028287135753,0.0048179015326274
2021-01-04,600989SS,0.010389722991553932,0.03267996628006626,0.013004080316828101,0.028645640004361265,17.43380390778393,0.0050827858375156
2021-01-05,600989SS,0.035536847814329295,0.06541414718964514,0.023831079602256888,0.05336764789688415,17.94083511270568,0.0084392270282352
2021-01-06,600989SS,0.06594030020925594,0.045290754956443774,0.07764606842132846,0.05215905177850904,18.15660915082842,0.0104715783296657
2021-01-07,600989SS,0.05672595318585052,0.031956184337106106,0.029898665616314136,0.019978403853441747,18.25461371562514,0.0115498139354434
2021-01-08,600989SS,0.018937208842066976,-0.007173530191165792,0.008273940841377583,-0.0036696122508956637,17.781905188853354,0.0071991343774901
2021-01-11,600989SS,-0.0116112119114991,0.0648083559599397,0.019288316184502895,0.02898744699167819,18.33301039716255,0.0124917198120724
2021-01-12,600989SS,0.010889500355555227,-0.020450499261615695,0.008049909413971318,0.010657326606090079,17.7110820564151,0.0067069054487323
2021-01-13,600989SS,0.0207224265905484,0.008913270519272178,0.013034172950458842,0.0021179475134490127,17.597475264019742,0.0059866432622576
2021-01-14,600989SS,-0.004252417714930447,-0.034019310212139324,-0.030681819444894544,-0.04397116954531679,17.624765484464767,0.006152269793452
2021-01-15,600989SS,-0.025172141703518853,-0.00779865096610994,1.716829308413134e-08,0.031195895425777807,17.458246382743962,0.0052085524688962
2021-01-18,600989SS,0.008702070480252044,0.03152623681478369,0.0014826106623974894,0.022599807349527525,17.672374997933765,0.0064522609246117
2021-01-19,600989SS,0.033371914503321665,0.015058516473013454,0.051256293807409654,0.011111249580983243,17.538543461191736,0.0056440340140895
2021-01-20,600989SS,0.006958961438464558,0.028133103756724735,0.0049139579305770955,0.013036206523672444,17.670052596361312,0.0064372935702088
2021-01-21,600989SS,0.02601108776207298,-0.015979052084262042,-0.004210463806291577,-0.0047830112610561006,17.513744868642046,0.005505791110113
2021-01-22,600989SS,-0.02047856332290965,0.006688994660913679,0.01327293717703268,-0.007562833397489242,17.25653154792498,0.0042570955817103
2021-01-25,600989SS,-0.004839256567292825,0.060781444859851125,-0.010463969460879715,0.08465068839045735,18.36347614904609,0.0128781459455961
2021-01-26,600989SS,0.08753100454146645,0.05492540404221869,0.08788756841320113,0.047672348149721946,18.297571469033336,0.012056779083085
2021-01-27,600989SS,0.05677021646075714,0.010632012558616618,0.03657394019556006,0.006628328960471146,18.076640234064758,0.0096667855884139
2021-01-28,600989SS,-0.010856517382167603,-0.013010247778923909,-0.026350276813589757,-0.051767454486969844,17.503806892096794,0.0054513456726831
2021-01-29,600989SS,-0.016509166222079045,-0.005371603062651697,0.005072939909114852,0.02127729840103359,17.645595737783395,0.0062817671839284
2021-02-01,600989SS,-0.006804747356067439,0.06150440403147556,0.018797581235335828,0.095591665801339,18.076477419335898,0.0096652118214369
2021-02-02,600989SS,0.12746085956130893,0.048334534188647596,0.06663130052931449,0.029935738071845075,18.021459760657976,0.0091478178937184
2021-02-03,600989SS,-0.0016405929144515743,0.01859288332760144,0.03144023859918111,0.011943777631113688,17.93569023434475,0.0083959197319267
2021-02-04,600989SS,0.01736339483875187,0.028536248582631454,0.029389330572391736,0.009666994343066239,17.910077678751712,0.0081836092803978
2021-02-05,600989SS,0.01653805271305661,-0.023286931609057978,-0.05850935846812827,-0.07431350201290478,18.07703569813098,0.0096706092108067
2021-02-08,600989SS,-0.059963455154203635,-0.011585206466850797,0.011520831351184759,0.05597434863544961,17.93844236647785,0.0084190582382919
2021-02-09,600989SS,0.06576657744710954,0.037426292775748306,0.05893857930250835,0.054038316207850955,17.788114965451367,0.0072439784863651
2021-02-10,600989SS,0.016693187708900624,0.0151901938378944,0.01606893098242906,0.004117413316340751,17.681482692929816,0.0065112945725498
2021-02-18,600989SS,0.07329466343775884,0.07360535870388725,0.05579959730297294,0.062224602818348,17.99526285647576,0.0089112851216025
2021-02-19,600989SS,-0.024332092420264496,-0.048300090093082886,-0.06487357778272082,-0.06840693591932238,18.116036151279445,0.0100552185782413
2021-02-22,600989SS,-0.05051582051046359,0.02563623317471054,0.02802193130450995,0.057732418528129555,17.815569531975438,0.0074456140223528
2021-02-23,600989SS,0.0230485632744733,-0.04793087762372104,-0.027485769816872088,-0.08656792858270565,18.028955006932165,0.0092166406422526
2021-02-24,600989SS,-0.0418774654132459,-0.05245419908132862,-0.06018939243344635,-0.05465850483913196,18.13499917582347,0.0102477153294386
2021-02-25,600989SS,-0.044259755004472344,0.0188289544456838,0.014689556786875738,0.023870163164498606,18.01260729708434,0.0090671945519378
2021-02-26,600989SS,-0.017817885112837575,-0.06806793370053998,-0.041803894398266955,-0.04201117215954405,17.52357875000247,0.0055602015022164
2021-03-01,600989SS,-0.01129944893053772,0.021942754728860873,0.0005846795467410375,0.03485465709513118,17.58025452632248,0.0058844314539028
2021-03-02,600989SS,0.02524674772402275,-0.020834116797829507,-0.04911161582879137,-0.1053604515999323,18.49707972901642,0.0147189435832926
2021-03-03,600989SS,-0.09464555462423208,-0.06938864541969858,-0.025491036574299335,0.012808881306639012,17.860322397888883,0.0077863951862913
2021-03-04,600989SS,-0.0012188452628786478,-0.016766949329958588,-0.024220487262391906,-0.0528895364574318,17.84705334780499,0.0076837595613032
2021-03-05,600989SS,-0.034111718053936306,-0.031904388066038535,-0.01494980559159879,-0.016752853327053955,17.863663456987126,0.0078124535001699
2021-03-08,600989SS,0.015649761139431857,0.054001544500675396,0.014949864562708873,0.0077670116325610425,18.2785127458452,0.0118291681420067
2021-03-09,600989SS,-0.04121028004593082,-0.090831143904243,-0.08830253768474441,-0.05841074445131575,18.04513443638538,0.0093669735020546
2021-03-10,600989SS,-0.036247925110827924,-0.02091589640269031,0.018156818296352142,0.0034116996587414015,17.585981634947636,0.0059182289213221
2021-03-11,600989SS,0.01729916841409881,0.06272050406872345,0.03133770279837672,0.07289076749120196,18.067791439714767,0.0095816235359442
2021-03-12,600989SS,0.06325975455938727,0.0377403609086726,0.07678727580167104,0.042163775307410785,17.92734600884519,0.0083261537595661
2021-03-15,600989SS,0.01962041690176183,-0.012019365989573783,-0.03347338898738158,-0.03585055989288523,17.581528329166694,0.0058919318355886
2021-03-16,600989SS,-0.025208906433091365,0.04028963497789771,0.026617467087197828,0.07455733838045817,18.088846833644805,0.00978550729099
2021-03-17,600989SS,0.06391583911154117,-0.005823944748442367,0.027754004223508166,-0.018273409441926437,17.609191326412116,0.0060571956408357
2021-03-18,600989SS,-0.017084410724504392,0.05897395037672256,0.0036429641334746543,0.07006316498866419,18.058310972363284,0.009491214502646
2021-03-19,600989SS,0.039609091396616364,-0.03416752263432341,0.03278971377267452,-0.03614184633351486,17.87151223762705,0.0078740130025154
2021-03-22,600989SS,-0.009756020518025722,-0.010885003349767886,-0.027349886883338725,-0.026217413818943654,17.664992235868624,0.006404800825295
2021-03-23,600989SS,-0.023928922013070494,-0.024491179672067653,-0.03558672812682829,-0.044666587448661935,17.605093146453612,0.0060324229586233
2021-03-24,600989SS,-0.06276810958176873,-0.06335861616131654,-0.08264865071691604,-0.0829791514360117,18.032694639145305,0.0092511720160813
2021-03-25,600989SS,-0.06428699492519462,-0.034552408100127906,0.002709997986370378,0.006684514117743168,17.17855564218043,0.0039377568394251
2021-03-26,600989SS,0.01001011311491759,-1.8577106692311526e-08,-0.0027100447970103397,0.01586282358232014,17.237989538064895,0.0041788877765584
2021-03-29,600989SS,0.028152396891445195,0.019342982924586884,0.020148452225588503,0.013029495418548288,17.083172204135334,0.003579516693824
2021-03-30,600989SS,-0.007126572455004746,0.0252220901251376,0.011897149672093061,0.03622907489554788,17.27970733942419,0.0043569093079182
2021-03-31,600989SS,0.033879817949839505,-0.009383885796486875,0.021450237622235864,-0.022728332686641373,17.04681909537168,0.0034517269789262
2021-04-01,600989SS,-0.013287136320724294,-0.009472737573577326,-0.014901510266060375,0.001913855414605277,16.897019529939243,0.0029715244607717
2021-04-02,600989SS,0.008246209661944885,0.015113664081238074,0.00260760176957791,-0.01606198178719693,16.831134082338245,0.002782054425788
2021-04-06,600989SS,-0.01784626818513534,0.05944738168148344,0.012293895520421748,0.07904572039578474,17.85343364650402,0.0077329409725124
2021-04-07,600989SS,0.08029004630838336,0.03187760194068153,0.06594432724209329,0.028902158120250068,18.125772277228016,0.010153595582426
2021-04-08,600989SS,0.00591729824984643,-0.024250515676831376,-0.012723549951695355,-0.014641450488981446,17.460154306847127,0.0052184994780062
2021-04-09,600989SS,-0.004138589215395641,0.01277582592082815,0.006078919508779852,0.0041211213752733,17.241108769815057,0.0041919430470386
2021-04-12,600989SS,-0.004750582926680192,-0.02394272511055701,-0.05288947276807379,-0.07501230866184237,17.67521633443643,0.006470620039349
2021-04-13,600989SS,-0.06963070789703393,-0.051542126065762056,-0.008985828803206995,-0.005716053783715646,16.929466881024855,0.0030695238754269
2021-04-14,600989SS,0.0019125904415373427,0.0031065798538007366,0.005785898235894267,0.006981929029768421,16.701656399239518,0.0024441855693903
2021-04-15,600989SS,0.015798138429094055,-0.0062227975632980015,2.1362083873469997e-08,-0.000632704295769147,16.744818800590462,0.0025519923573021
2021-04-16,600989SS,-0.008183864766378088,-0.00751887552317165,-0.0012828937058182548,-0.007623908262571402,16.774996135588413,0.0026301784807151
2021-04-19,600989SS,0.016301373692920142,0.04908973760907807,0.020959854949069146,0.04000535418721272,17.5560307286077,0.0057436007866542
2021-04-20,600989SS,0.016651606114576927,0.026589330707115746,0.027280032361744554,0.031365631484760195,17.676382722015852,0.0064781716935748
2021-04-21,600989SS,0.03780832960655358,0.020202825917740027,0.013969320787927942,0.004148232368827407,17.7787894470802,0.0071767386411382
2021-04-22,600989SS,-0.0011785975665169481,-0.02312241513718113,0.004813462449677723,0.0005911847757190311,17.262339628998173,0.0042818930820139
2021-04-23,600989SS,0.001767239112047503,0.011627864868360108,0.007177007661730153,0.006480069589139485,17.211192524314527,0.0040683931348311
2021-04-26,600989SS,0.003525311217811115,-0.004634923830739237,-0.02595974683703975,-0.03161607964007382,17.81935615954988,0.0074738612373244
2021-04-27,600989SS,-0.03278978372814389,-0.02767320650596042,-0.011688882676450867,0.005439726841064149,17.13752832327129,0.0037794704632293
2021-04-28,600989SS,-0.0030348776914615287,-0.007791438723987836,0.0006186142810221784,0.0006025845670615003,16.859807113035274,0.0028629789937407
2021-04-29,600989SS,0.008474559809070588,0.0036035453036321868,0.0006182221841997859,-0.009685326229498276,17.05465795897848,0.0034788909251287
2021-04-30,600989SS,-0.01030001835605671,-0.01571032018263225,-0.016828111359444696,-0.014089156471683711,17.114192040873505,0.0036922928272151
2021-05-06,600989SS,-0.011638696698670197,0.0012173720929058846,0.0075142353477865515,0.00553684038850272,17.071564241548028,0.0035382060265839
2021-05-07,600989SS,0.001846671736470956,0.0480946282262255,0.006218737513424622,0.03437179216049762,17.792296921752207,0.0072743359208991
2021-05-10,600989SS,0.041559794379256165,-0.0011600857676998437,0.003712994306316585,-0.018546795860049477,17.783178068517312,0.0072083038439865
2021-05-11,600989SS,-0.035428516378435776,-0.04937071842516006,-0.08169120681022816,-0.06873407710347146,17.886213991259915,0.0079906299400546
2021-05-12,600989SS,-0.05593662893979895,-0.02970506866492764,0.027109145714104114,0.026174539396736623,17.37016380669863,0.0047693947098625
2021-05-13,600989SS,0.008368244491583432,-0.013915497374072093,-0.013132164913889723,-0.04445174762692664,17.335076759233445,0.0046049524925226
2021-05-14,600989SS,-0.019418091617223198,-0.0154046483520715,-0.008629328035160717,0.013089185673834637,16.917921418138786,0.0030342885950793
2021-05-17,600989SS,0.001958833362792678,0.018584305965468086,0.005319142738884144,0.009705634768384668,17.63663759659865,0.006225745524985
2021-05-18,600989SS,0.024485776545170104,-0.002542900819523355,0.011210155289283086,-0.007756970779668061,16.98678777048313,0.003250612213763
2021-05-19,600989SS,-0.019930095105722533,-0.01928094032439476,-0.011210270591708323,-0.011749627638605823,17.011168522260576,0.0033308386024486
2021-05-20,600989SS,-0.008360025462153744,-0.00834049222572978,-0.04377298061679147,-0.032661570807721904,17.67868704163493,0.0064931166844231
2021-05-21,600989SS,-0.031252485177318184,-0.006034160955843183,0.022394257927665043,0.012396869693413233,17.219207413337863,0.0041011318788461
2021-05-24,600989SS,0.010981549988883267,-0.010138640233256236,-0.011134430985068389,-0.01309008401436115,16.998663946766374,0.0032894472082307
2021-05-25,600989SS,-0.01098161488979006,0.0060954791694221265,-0.0007000970626932856,0.018550778471008448,17.174168916299983,0.0039205208114934
2021-05-26,600989SS,0.020492498019582923,0.010745524068948173,0.028306987821916412,0.01486512133457561,17.112220487182423,0.0036850204446962
2021-05-27,600989SS,0.019418094255493602,0.015247209913183339,0.007460242914991181,0.019263307639598475,17.91039858914703,0.0081862359071642
2021-05-28,600989SS,0.0013253998031177519,0.0032840759894099385,-0.010186895993499583,-0.028020529610857162,17.591363125835812,0.0059501636682747
2021-05-31,600989SS,-0.022096636034533455,-0.031981370004180186,-0.04609753159403432,-0.03932894714647695,18.020304082711885,0.0091372520686877
2021-06-01,600989SS,-0.03584121390400295,-0.012947399270931364,0.004991150827659388,0.023645068850328223,17.83213929627338,0.0075700138860001
2021-06-02,600989SS,0.028365744708750563,0.02506053110413519,0.012018429078966638,-0.015235804837062281,17.524462578427762,0.0055651179387981
2021-06-03,600989SS,-0.023465552488637933,-0.03470918933308375,-0.009177562154056835,-0.01476301921571858,17.33259768784842,0.0045935506250921
2021-06-04,600989SS,-0.022599705019315918,-0.024536662078479432,-0.028778899940119885,-0.021475322116108617,17.668707887502034,0.006428643101816
2021-06-07,600989SS,0.007117446538252103,0.009886994907537082,0.015212127768668824,0.013654532143406973,17.356031902044396,0.0047024680907638
2021-06-08,600989SS,-0.007832076836121318,-0.004931327157661629,-0.004322759503819115,-0.004291906805733914,17.017842199437204,0.0033531418845928
2021-06-09,600989SS,0.0007146213062894221,0.005633876429106128,-0.028562869117574993,0.01635311203895307,17.92088208248498,0.0082725076828519
2021-06-10,600989SS,0.021202158762660742,0.004204598467252445,0.030726574046956136,0.0021133399419354182,17.631952582924907,0.0061966460404002
2021-06-11,600989SS,-0.017637143030761526,-0.009838474896358548,0.004313410125080292,-0.018466451980888386,17.42712709138103,0.0050489620520106
2021-06-15,600989SS,-0.010733538769013316,-0.00779861024100687,-0.02102282365288464,-0.017353940344585737,17.169558294070182,0.0039024863773879
2021-06-16,600989SS,-0.012305713380898406,-0.015782356322675734,-0.022972528886216682,-0.0213794462556127,16.940686549723633,0.0031041568397934
2021-06-17,600989SS,-0.01911821441636759,-0.025633106857805885,-0.021978941764573934,-0.016529360309038805,17.194291559452317,0.004000211156683
2021-06-18,600989SS,-0.019490801961594795,0.037850344952501606,0.006111635508965921,0.05382808141948313,17.59449496361127,0.0059688278273519
2021-06-21,600989SS,0.05307059574113194,-0.004295046920932462,0.03074847509965995,-0.026920588778512635,17.175947089070178,0.0039274983769077
2021-06-22,600989SS,-0.015190050905857715,0.015658819292029204,0.009555508683390977,0.02763817880650113,17.296729016296787,0.0044317059891702
2021-06-23,600989SS,0.020202679671178014,0.012631760138998738,0.015965516982931884,0.025497167189614353,17.58652263435805,0.0059214315459839
2021-06-24,600989SS,0.0337110015640674,0.017968684865431662,0.015714535884603847,-0.00420468485802742,17.421282170009416,0.0050195373413413
2021-06-25,600989SS,-0.01180975526720472,0.031020672577561328,0.01407485854400416,0.052661748168500284,18.129194471364887,0.0101884026825199
2021-06-28,600989SS,0.048424111007989296,-0.0006641892797067282,0.006269614286060423,-0.03733038443853453,17.787641910785677,0.007240552498883
2021-06-29,600989SS,-0.047027478366696,-0.04414986184707076,-0.05568892584182667,-0.058379579852890794,17.888547772365882,0.00800930009911
2021-06-30,600989SS,-0.04934851884167748,-0.037499913926502884,-0.0029411357177844587,0.0029282970056954214,16.95147935691326,0.0031378408530818
2021-07-01,600989SS,0.008759140090044413,-0.0028881173790621982,-0.01408996263252467,-0.01993428005105474,17.19061386461287,0.0039855266194285
2021-07-02,600989SS,-0.0250196703982665,0.007204711051567815,-0.01504920891518121,0.022124851953877298,17.425304596054776,0.005039768721965
2021-07-05,600989SS,0.021379338412865528,-0.011552484430560011,-2.0715149033076248e-08,-0.013955412598714365,17.523898870738414,0.0055619817229845
2021-07-06,600989SS,-0.019890219704016113,0.020841543022225874,0.014302101116341592,0.033457572367508084,17.657259478645024,0.0063554650510135
2021-07-07,600989SS,0.027881446147244943,-0.006421770080489891,0.019978384194680454,-0.01804456385857293,17.478055045938273,0.005312755588157
2021-07-08,600989SS,-0.002173138396513201,-0.009349262346761979,-0.04265518466639196,-0.0393664024748722,18.037631228723434,0.0092969541669834
2021-07-09,600989SS,-0.04296947278032951,-0.01382337269355736,0.00609766894279889,0.02764473105169413,17.69317231986773,0.006587855792809
2021-07-12,600989SS,0.036421688339648095,0.08896309705447175,0.034357368866393,0.07178926083974722,18.578087172359478,0.0159609128635445
2021-07-13,600989SS,0.06088228940442375,-0.008075369503707805,0.036760949204513935,-0.015204144908040666,17.995890191578088,0.0089168772375336
2021-07-14,600989SS,-0.013831546033325533,-0.011552984959947233,-1.4156766192939212e-08,0.0013918063826657806,17.624618854309745,0.0061513677512933
2021-07-15,600989SS,0.0013918773777969941,0.008846668663212636,0.017538212294024552,0.015867898850571664,17.76800345753261,0.0070997463769994
2021-07-16,600989SS,0.017919134668275837,0.02277389733989106,-0.0020884285270111784,0.006141241481426429,18.00792065203458,0.0090247992522971
2021-07-19,600989SS,0.037537822451507,0.05539076445984538,0.05754538564679403,0.04000529918698638,18.466261621007366,0.0142722520336042
2021-07-20,600989SS,-0.013245168998599491,-0.022814610500070418,-0.023295479163904044,0.012987228263555169,18.15845649368243,0.0104909408043733
2021-07-21,600989SS,0.03857951812969443,0.011472386161741796,0.023295550741649365,0.0006449943949659602,17.78003371323687,0.0071856739721265
2021-07-22,600989SS,-0.005144713498664588,0.013845411157103797,0.019544596034389503,0.014720223915420327,18.01342528912954,0.0090746144793722
2021-07-23,600989SS,0.016624410485383052,0.03077163109518716,0.016635047455924208,0.03985577117026062,18.28219424934778,0.0118727975280474
2021-07-26,600989SS,0.03978149815428845,0.009650279026429974,-0.0044515265987587205,-0.02660217756391158,18.06811410649674,0.0095847157064642
2021-07-27,600989SS,-0.02843217533913652,-0.023073321636285286,-0.04564033996335196,-0.056089556560186625,18.123546998163754,0.0101310261194362
2021-07-28,600989SS,-0.060742097819624065,-0.06470230333757847,-0.04015505819559936,-0.001991295093295419,17.778129258514173,0.0071720022038988
2021-07-29,600989SS,0.01782811937665363,0.009132457801681428,0.032117586692948646,0.007282380288744208,17.752878490008996,0.0069931709482248
2021-07-30,600989SS,-0.01516680382128108,0.03069293694986315,0.006034180893381068,0.03436312842475506,17.91608303639317,0.0082329026457433
2021-08-02,600989SS,0.035251717996321506,0.03526508957246617,0.026386759278906376,0.04120440968140055,18.1474471083135,0.0103760754513432
2021-08-03,600989SS,0.03838158862053909,0.0072682815748339865,0.03518111953562866,0.006097595060341887,17.80082571571276,0.0073366425568783
2021-08-04,600989SS,-0.012422500812684515,0.009609740896682628,-0.0018873034525084794,0.001822039394625249,17.795535685582664,0.0072979339710398
2021-08-05,600989SS,0.03077161358448414,0.014243506064661427,0.02303240066788041,0.006652571613262225,17.94830693204157,0.008502519569703
2021-08-06,600989SS,0.0030255319945149814,-0.005910235301813099,0.0012298977676827821,0.0042103713568639525,17.716227449480616,0.0067415040495881
2021-08-09,600989SS,0.027415500939128125,0.03723534986393363,0.03799078679011025,0.029570594387634156,18.11622583056283,0.0100571260258173
2021-08-10,600989SS,0.014010574178926581,-0.009179780424606732,-0.027596326678513847,-0.031372991862889464,18.07863026784241,0.0096860419726
2021-08-11,600989SS,-0.011661932792844026,0.03677928121875052,0.034671779629752375,0.06461377294178718,18.497381399339215,0.0147233845216117
2021-08-12,600989SS,0.041924263314811736,0.0033279141137919866,0.024950695921447705,0.006741799235572951,18.078808835306,0.0096877717390071
2021-08-13,600989SS,0.006726461297427727,-0.0061093225130479725,-0.009789850790938387,-0.010695280506639718,17.883086585192665,0.0079656790312207
2021-08-16,600989SS,-0.009542643527016823,0.008321755650590158,0.014363888731554073,-0.0011325751420133367,17.972990063018603,0.008714999929702
2021-08-17,600989SS,0.006745238446358048,-0.006096120990360028,-0.06541382631481539,-0.056525543422399946,18.26121645018323,0.0116263266104255
2021-08-18,600989SS,-0.07985590146426426,-0.06131954512470708,-0.007334916236238209,0.00954673407654178,17.607388921337538,0.0060462879534176
2021-08-19,600989SS,0.013261253425063851,-0.011292886028527025,-0.025475073830013285,-0.03014093408329655,17.831922190919943,0.0075683705738227
2021-08-20,600989SS,-0.029163713912696815,-0.01931254699235263,-0.013303922928831941,-0.019778083714432355,17.561472674437976,0.005774942353956
2021-08-23,600989SS,-0.0068047453573856906,0.004256626822106952,0.026433287220419443,0.01671353452226269,17.410931249842193,0.0049678484847485
2021-08-24,600989SS,0.02210028417884035,0.02101552372045805,0.007425727425173141,0.0006135989462184531,17.64720866924136,0.0062919074196051
2021-08-25,600989SS,-0.010375457913061704,-0.016776964366301418,-0.01240705256008816,0.012195303479112317,17.73108066498274,0.0068423844082623
2021-08-26,600989SS,0.006116217855466195,0.019743351018458383,0.019778095847714103,0.005439699785677717,17.60871975667403,0.0060543399239972
2021-08-27,600989SS,0.018127423891577704,0.018779959079835037,0.006709395174192373,0.03610928513009117,17.946954337763586,0.0084910268844224
2021-08-30,600989SS,0.032983032987342197,0.016148015042125815,0.02817093427543897,-0.014051752615219591,17.830271471018246,0.0075558876194331
2021-08-31,600989SS,-0.02107813281314084,-0.03374377793657012,-0.06029224886180775,-0.05452593437136298,18.16004603793599,0.0105076298797581
2021-09-01,600989SS,-0.05472492966073566,-0.0330857312257729,-0.026719203677422417,-0.022671027602833786,17.78873236386615,0.0072484522882005
2021-09-02,600989SS,-0.017654893938810604,0.015174821981202126,0.013448836355473982,0.05212106905566202,17.909459475262576,0.0081785517079681
2021-09-03,600989SS,0.050847965226919575,0.011380831541662384,0.02326419076674838,-0.018304400041356066,17.70944956919995,0.0066959654432506
2021-09-06,600989SS,-0.022005789299576202,-0.015001755513075024,-0.004359975116323252,0.0006156132925672063,17.289356640418564,0.0043991539262914
2021-09-07,600989SS,0.0055469150089857405,-0.006064426700334157,0.0012475854356452127,0.008578342874963608,17.711536875910273,0.0067099565739477
2021-09-08,600989SS,0.009786019789665,0.042863681587034824,0.019142279691189083,0.0223237717264754,18.028794287265196,0.0092151594658464
2021-09-09,600989SS,0.02524176670092016,0.017904037560826775,0.021180882319836926,0.027076388301203878,18.291323552928116,0.0119816841756499
2021-09-10,600989SS,0.023461478579780284,-0.01093526718942597,-0.010231797195485497,-0.039685388860754525,18.134118377728864,0.0102386931351314
2021-09-13,600989SS,-0.04324026067642851,0.028524552590844885,-0.006676757703156141,0.06321598008163586,18.457949428136168,0.0141541100107282
2021-09-14,600989SS,0.05189827348166291,-0.021604199420580433,0.016309545988940775,-0.05001046068827997,18.23586165090961,0.0113352491285151
2021-09-15,600989SS,-0.028565007528737897,0.03833618932853589,-0.007819630083906284,0.06520911128509155,18.549978044195502,0.0155185123890863
2021-09-16,600989SS,0.08770096843142897,0.08530451186897363,0.09827022157702102,0.038360852531609424,19.342833695391672,0.0342912189788478
2021-09-17,600989SS,-0.02301451890482225,-0.029375873067755184,-0.01600029667117117,-0.017353902449256164,18.622819527609128,0.0166910916501494
2021-09-22,600989SS,-0.0038878810118949513,-0.007876181978057771,-0.032789797499310644,0.025919373977559026,18.291433987721067,0.0119830074435422
2021-09-23,600989SS,0.054154995252900594,0.007352952527683647,0.02160399449498248,-0.04191101045170915,18.27128130574606,0.0117439347716157
2021-09-24,600989SS,-0.06309871426003004,-0.07045175670053594,-0.06806934215818376,-0.07440730395668688,18.131116394461444,0.0102080028381772
2021-09-27,600989SS,-0.06136185997546917,-0.051263759559368995,-0.09464825773950933,-0.06877912318183672,18.19970989311413,0.0109327787808868
2021-09-28,600989SS,-0.06473741351726388,-0.022110158414898832,0.03319552807015415,0.044535512697646405,17.886254008775133,0.0079909497116135
2021-09-29,600989SS,0.03443214786753118,0.004220723496011319,0.003833836597355714,-0.03242182321353413,17.725377841492723,0.0068034745504318
2021-09-30,600989SS,-0.02934957511394187,-0.027449126449381713,0.002547804768677352,0.018832995676476158,17.24936136605108,0.0042266806019321
2021-10-08,600989SS,0.03242168608418469,0.02443605828716876,0.003809418081445134,-0.0018675333919959737,17.19530539714824,0.0040042687782208
2021-10-11,600989SS,-0.01920152886244684,-0.035005071168957104,-0.006995217646665049,-0.01759935242604346,17.17168871153203,0.0039108091651598
2021-10-12,600989SS,-0.016393884804180116,-0.017019094512159588,-0.09148857087400618,-0.05741962049050898,18.2676049112699,0.0117008387018082
2021-10-13,600989SS,-0.054879736578349624,-0.048186309485999286,0.02213097752730714,-0.010124916882602484,17.124010500307797,0.003728724012284
2021-10-14,600989SS,-0.011482757946626636,-0.017497117082675945,-0.02353052791670768,-0.012973884141536617,17.4423553403585,0.0051264373143846
2021-10-15,600989SS,-0.00681664369928438,4.12480534547973e-08,-0.010559692168307037,-0.018731027266431666,17.678532145910577,0.0064921110062794
2021-10-18,600989SS,-0.02563352981575872,-0.012295182707630433,0.00494175634311905,0.011142176156927757,17.712268807565636,0.0067148696014509
2021-10-19,600989SS,0.017391678172376888,0.011616060175355138,0.00841512450666661,0.014438140479343059,17.518054673879366,0.0055295712050431
2021-10-20,600989SS,0.0020669120449920988,0.00542016448337258,-0.016191701214149434,-0.0027340048936543493,17.50248637631284,0.0054441518353317
2021-10-21,600989SS,0.0048060182908096485,0.021391092177872852,0.03143805539456964,0.024341936658576622,17.75162511733445,0.0069844113893215
2021-10-22,600989SS,0.020339644953267365,-0.0046403468680422996,0.008219229014472595,-0.01888124220192926,17.160483348461863,0.0038672317334747
2021-10-25,600989SS,-0.01419421922916091,0.011889139481321214,-0.0041011247084432705,0.03149341502731848,17.434130544153685,0.0050844463314484
2021-10-26,600989SS,0.03412841497469696,0.025284961526427743,0.030356410317756415,0.017653277295901156,17.522555221105115,0.0055545133866361
2021-10-27,600989SS,0.004594709324766962,-0.016785456297056616,-0.016750834790601746,-0.02095695716992465,17.360990950898184,0.0047258457780733
2021-10-28,600989SS,-0.02452895623215891,-0.019724449506104025,-0.014290815037538799,-0.029552150580582737,17.5183705769535,0.0055313182895686
2021-10-29,600989SS,-0.01011801183661833,-0.016064558231987963,-0.031328595517434055,-0.004782949786243334,17.464789614854055,0.0052427449803267
2021-11-01,600989SS,-0.011592361645537183,0.0026954167025713405,0.02030170897836466,-0.00894399595244051,17.341141846163946,0.0046329667992544
2021-11-02,600989SS,-0.006882472686178058,-0.008108251635046452,-0.040302531625990186,-0.02448544181964118,17.582408410681523,0.0058971194984521
2021-11-03,600989SS,-0.020935730183888505,-0.031704850486686253,0.007189213610444911,0.011267796786349104,16.718127975226935,0.0024847785574345
2021-11-04,600989SS,0.0070273964347928744,0.024897594620628002,0.01563644340712454,0.01804353211823996,17.028923769892874,0.0033905066117052
2021-11-05,600989SS,0.018731062600130768,-0.0006833150441488034,-0.0021179514096450473,-0.023661524220957054,16.936394871469457,0.0030908633429109
2021-11-08,600989SS,-0.01453812237873315,-0.005483177592450296,0.00984543067753578,0.01190077948737571,16.891197443003755,0.0029542742510735
2021-11-09,600989SS,0.006949244406676253,-0.0013755617084759194,0.002097136762568839,0.00139083844416249,16.58528350713329,0.0021756752322964
2021-11-10,600989SS,-0.0027739835875271062,-0.008987338386609759,-0.04061837538193789,-0.028905899969398186,17.360288783604062,0.0047225286083754
2021-11-11,600989SS,-0.031032087332786125,-0.0006946426419013537,0.013005978278340841,0.025425134442108713,17.009952655728362,0.0033267912081461
2021-11-12,600989SS,0.03103209342879535,0.0055440277442620235,0.012130028143801203,-0.010515370806926135,16.87283037780938,0.0029005081747977
2021-11-15,600989SS,-0.009068693899888796,-0.013918072906240144,-0.027320160054608363,-0.023530469986034374,17.475032517073004,0.005296721874014
2021-11-16,600989SS,-0.022680070780789437,0.06641993767800669,0.006538254237783525,0.09557243225449948,18.49759860823046,0.0147265829190163
2021-11-17,600989SS,0.08252113279805008,0.00978810221221786,0.059047432234814415,0.0013107667719114108,18.196036091549445,0.0108926876091908
2021-11-18,600989SS,0.02798745527002608,0.047552467899624404,0.05962026796716113,0.02009781283736849,18.25145081658665,0.011513340750528
2021-11-19,600989SS,-0.0006419682186261644,0.019013214660724514,-0.010992578291364415,0.04333501490209975,18.21917667355199,0.0111476898138228
2021-11-22,600989SS,0.05983101222917116,0.011477078990330705,0.03889556611596161,0.000614478487795671,18.04873612392437,0.0094007712422002
2021-11-23,600989SS,-0.029468223028273736,-0.017570896730048656,-0.005644498994266803,-0.009876685308373667,17.55196429450579,0.0057202922354558
2021-11-24,600989SS,0.014842693727960382,1.695306214362502e-08,0.0018850747979398282,0.0006200679207231789,17.49279593476373,0.0053916503907988
2021-11-25,600989SS,-0.011732191945421647,-0.01044557661958489,-0.00566575587375961,-0.00684287870689976,17.298697120921236,0.0044404366390882
2021-11-26,600989SS,-0.012500176297293076,0.00983415415083577,0.0006311625239432536,0.007462688963512862,17.356305636629997,0.0047037554951508
2021-11-29,600989SS,-0.009478724242038994,-0.012927299928325921,-0.010145988669354098,-0.001860394229637046,17.390144838924492,0.0048656505854337
2021-11-30,600989SS,0.03555096155476121,0.026293183985322686,0.021438465445700074,0.008037081554376414,17.672014658939805,0.0064499363421962
2021-12-01,600989SS,-0.0110906685932212,0.043112681599605095,0.004357323445222694,0.043380292959890904,18.09194555305103,0.0098158768618433
2021-12-02,600989SS,0.06069738208607502,0.0092058963155469,0.04908571394574946,0.002355623417004793,18.13982928962138,0.0102973326936003
2021-12-03,600989SS,-0.011140574986625662,-0.010362694863414783,-0.011897866068846939,0.0,17.8070709495664,0.0073826049798491
2021-12-06,600989SS,0.011723617324681428,0.0063455986951289015,0.01130642007786598,0.016336567595246244,18.013240336223813,0.0090729362582314
2021-12-07,600989SS,0.006968676307295066,0.0028711141977631255,-0.02032352428689312,-0.034740075077232285,17.835384361720834,0.0075946189779158
2021-12-08,600989SS,-0.02817099450868636,-0.02967926732511606,-3.239249709857776e-08,0.0023936855719875146,17.30534243198467,0.0044700429854574
2021-12-09,600989SS,-0.010170570471236486,-0.010688928114603742,-0.01398618661178974,-0.010213343144525053,17.543806980010725,0.0056738198143485
2021-12-10,600989SS,-0.004822129503559879,-0.004187785532326808,5.7512237983518514e-08,-0.004842562490615457,17.18138247812042,0.0039489039805137
2021-12-13,600989SS,0.07841454303825945,0.08335747047720375,0.09067872772473201,0.09542038899931075,18.60074533070449,0.0163266859816215
2021-12-14,600989SS,0.010558677336656667,0.03735220049480743,0.001118029757248741,0.021283336488371708,18.798912912236094,0.0199049516800165
2021-12-15,600989SS,0.025110429313438938,-0.007466679573058555,-0.03814867833259973,-0.06410663613623382,18.642423835079832,0.0170215374427606
2021-12-16,600989SS,-0.06399962210864232,-0.016190436351277312,-0.012850662589463699,0.03673759053421589,18.31016796705128,0.01220961284284
2021-12-17,600989SS,0.03722940955241277,-0.007646023737753309,0.028399536497781954,-0.003892044713597137,18.03787105769674,0.0092991841133811
2021-12-20,600989SS,-0.012817167909637156,0.004922008503351066,0.00740099078955574,-0.01064148407454165,18.02581848643332,0.0091877777477124
2021-12-21,600989SS,0.00837752979901991,-0.013179796036001173,-0.010262302626075184,-0.0011268326608677806,17.462352200627,0.0052299817996883
2021-12-22,600989SS,-0.01231115280170898,-0.0005528567672548084,0.0005729059365064605,0.008419999754948247,17.66187345350928,0.0063848567618033
2021-12-23,600989SS,0.006174604207059787,0.01591257269178001,0.011389667083731538,0.016630137010254707,18.010000545870973,0.009043589410914
2021-12-24,600989SS,0.018847473313925573,-0.003817920770258123,-0.003971613126262426,-0.01998958830882491,17.635869773420822,0.0062209670878991
2021-12-27,600989SS,-0.012154783898369862,0.016798109619785947,0.019144761538633516,0.026564926248150662,18.03353476624397,0.0092589474422167
2021-12-28,600989SS,0.017085019577929933,-0.016798048633480306,-0.024274387047021517,-0.033882610174222574,17.915870110473854,0.0082311498339659
2021-12-29,600989SS,-0.02770273369119557,-0.017641144543596797,0.008534750866048444,0.005633601781791797,17.223043527338646,0.0041168945030705
2021-12-30,600989SS,-0.0005617784738599742,-0.010061506325961833,-0.022923535467284366,-0.02157935581060253,17.525693571235934,0.0055719727773881
2021-12-31,600989SS,-0.017007410798893646,-0.011299624319938957,-1.3360218968774274e-07,-0.003450365015518091,17.221720455949974,0.0041114511593231
2022-01-04,600989SS,-0.0022894347480364088,-0.003985036789501457,-0.011661835668885503,-0.0051976768996838995,17.221023879212296,0.0041085882152384
2022-01-05,600989SS,-0.013849251398038111,-0.01436405104472762,-0.021939859810017913,-0.010477528663075802,17.60799109083429,0.0060499299401105
2022-01-06,600989SS,-0.014043464442959527,0.01436398878980589,0.008358274973929707,0.017976732040210424,17.296670644099795,0.0044314473082972
2022-01-07,600989SS,0.02214550298212585,-0.0022844487724620398,0.006518591155955335,-0.023845248698309247,17.176119390078,0.0039281751471622
2022-01-10,600989SS,-0.023324616841446284,0.0005716376859119828,-0.0059241778007663665,0.009956195655983456,17.082656564215238,0.003577671427839
2022-01-11,600989SS,0.013478081774631208,-0.015548830664734054,-0.025881665806975946,-0.04104055637615625,17.471457103185564,0.0052778177158136
2022-01-12,600989SS,-0.0343433346543049,-0.005820879305372252,0.009104625476843159,0.03402295395306758,17.464025438966495,0.0052387401313233
2022-01-13,600989SS,0.04591747618065241,0.015639043926249666,-0.0030255518441594013,-0.02917739643197272,17.393657565624583,0.0048827723410558
2022-01-14,600989SS,-0.058038735541356384,-0.057361209234679085,-0.030771634227975863,-0.028188060797541298,17.37364721342315,0.0047860374217803
2022-01-17,600989SS,-0.021572631621220015,-0.007944011709136414,-0.007528381306456681,0.004959585727292564,16.90623205072934,0.0029990261784672
2022-01-18,600989SS,0.004972160283575443,0.009160584800727314,0.00815320049586985,0.008007504916021969,16.815746225998296,0.0027395722628283
2022-01-19,600989SS,0.01109747890097636,0.03288775558554223,0.01549451201123939,0.026635925501969176,17.547940855900116,0.0056973232284713
2022-01-20,600989SS,0.026022691168757554,-0.004716961700122551,0.011009327586169675,-0.015046905028192375,16.866338739298573,0.0028817401070092
2022-01-21,600989SS,-0.01565354733583223,-0.026348854634428886,-0.022141155758774574,-0.022073275235358306,16.733180095739392,0.0025224626470164
2022-01-24,600989SS,-0.025815862449956782,-0.0030385870911945876,-0.004362758711638529,0.01476956153155397,16.484823326447685,0.0019677266284664
2022-01-25,600989SS,0.015446739553371738,0.0006085024191599824,-0.024661373290477857,-0.04625825996498129,17.06825684735829,0.0035265231147257
2022-01-26,600989SS,-0.03430327485512602,-0.005489491357624885,0.0019187656070441684,0.03148869843342734,16.979357868556985,0.0032265499835002
2022-01-27,600989SS,0.028153112215160554,-0.0012240864649421274,0.016476872047344437,-0.004972106167472419,16.65055399109134,0.0023224195597557
2022-01-28,600989SS,-0.00929656218086008,-0.001838799480910867,-0.013924250935439282,-0.008760927459013374,16.855806074831413,0.0028515469900566
2022-02-07,600989SS,0.014219679324572495,0.033185494204444214,0.033221342126811,0.04305700338576336,17.146906455586162,0.0038150815603856
2022-02-08,600989SS,0.026054288439760844,0.02924204960834691,0.02376015468350375,0.031410117854898716,17.707024441787897,0.006679746547966
2022-02-09,600989SS,0.02539246872287476,-0.009264793973615472,0.01730852292891971,-0.007613573753065812,16.99111351236792,0.0032647039804561
2022-02-10,600989SS,-0.007609018906459725,0.013865008999394026,0.0005915369516002215,0.01921454271016175,17.380168179286084,0.0048173489891917
2022-02-11,600989SS,0.010520258441971258,0.03217886116206518,0.01292608976352329,0.026182414590593284,18.040521811385833,0.0093238666595592
2022-02-14,600989SS,0.03372720036306481,-0.005012474944606504,0.016213557070355364,-0.01585522740132143,17.39838779057122,0.004905923665556
2022-02-15,600989SS,-0.014722839813231189,-0.012359693966757084,-0.017966283974267395,-0.015530992934276556,17.235612811119257,0.0041689674946234
2022-02-16,600989SS,-0.02016784842823628,-0.022293125603208886,-0.009991316290899156,-0.008733702305481829,17.21718742465511,0.0040928559999937
2022-02-17,600989SS,-0.007595724637916645,-0.012798222810337991,-0.008303637853920715,-0.012356740434654106,17.021331983740364,0.0033648640690348
2022-02-18,600989SS,-0.011799414506946864,0.014530980469401893,-0.0005957186201773949,0.022828173467362933,17.12725361743824,0.0037408363316641
2022-02-21,600989SS,0.02519917948430012,0.0011534848639861584,0.0047563026248233645,-0.01987202655252221,16.940068626413115,0.0031022393013452
2022-02-22,600989SS,-0.029958371527280408,-0.012761436582234281,-0.009535395213803822,0.009400593519813278,16.982734666324653,0.0032374638072595
2022-02-23,600989SS,0.01714491424720833,0.02022608731557561,0.015448817894526371,0.019687969906659143,17.336310297090577,0.0046106363808456
2022-02-24,600989SS,0.01339185468414483,0.0011435496864817055,-0.0065068841481179555,-0.02378990131249776,17.3269332429927,0.0045676042653499
2022-02-25,600989SS,-0.012805816076808682,0.003992021541602695,0.012385848962547264,0.015729940050034814,17.19453441397062,0.0040011827440421
2022-02-28,600989SS,0.013383924066472572,0.001706024480390046,0.0011716587264335237,0.011494409118016559,17.282972439155976,0.0043711583013095
2022-03-01,600989SS,0.014347478662935818,2.9626581637635752e-08,-0.010594554910129304,-0.017291423126535515,17.422742903458182,0.0050268749054403
2022-03-02,600989SS,-1.5218315390421813e-08,0.01690175259871363,0.01875784454952993,0.005797014008519048,17.556229403577586,0.0057447420097571
2022-03-03,600989SS,-2.5096545823336747e-08,0.028636318336971736,0.013268208148648396,0.04906540410724461,18.40582261664394,0.0134352013647624
2022-03-04,600989SS,0.03526834175992525,-0.012015256302783498,0.019858864730163968,-0.01664836780859746,17.609813065780493,0.0060609628088893
2022-03-07,600989SS,0.007125262844406582,0.024960590100632105,-0.01699749464559812,-0.013521388466184753,17.979443043483766,0.0087714194962825
2022-03-08,600989SS,-0.04524657349625596,-0.05791535498128215,-0.07410809706056526,-0.07537415303930207,18.030468871510013,0.0092306039548696
2022-03-09,600989SS,-0.061875388484122135,-0.0323168293304763,-0.028716114069421993,0.02118081328762987,18.078879282202916,0.0096884542365133
2022-03-10,600989SS,0.025211485010377153,0.008759331490098388,0.050025954787034865,0.027754976541213058,17.632632050072573,0.0062008578886472
2022-03-11,600989SS,0.010613205597241568,0.020144471183052785,0.012571190227553219,0.017893657606570804,17.613513887406334,0.0060834349085985
2022-03-14,600989SS,0.008759241769636399,-0.009733862313974908,-0.016796989702377526,-0.05588041809162291,17.44694888474916,0.005150040000872
2022-03-15,600989SS,-0.04945898376146403,-0.05986962713505012,-0.09712675050477847,-0.09379894773869099,17.90345744865917,0.0081296108413346
2022-03-16,600989SS,-0.06759759748268188,-0.060433798917252875,-0.06187537236130903,-0.003327798463899063,18.146114916248575,0.0103622617290887
2022-03-17,600989SS,-0.00130811446128335,0.011613013567855275,0.05047728670733044,0.009290029724398744,17.765899238027508,0.0070848226588007
2022-03-18,600989SS,-0.011849999061106863,-0.024019324761309135,-0.022503503460958165,-0.017322235472185026,17.925725385348407,0.008312671127011
2022-03-21,600989SS,-0.013333572373519157,-0.011897044631976515,0.008925582788686576,0.0020140908076867322,17.45563420606853,0.0051949645639985
2022-03-22,600989SS,0.0006709166358936172,-0.005333355446469196,0.004773243397745539,-0.007404939442562926,17.300506753523386,0.0044484794733375
2022-03-23,600989SS,0.02843166849694843,0.032876051683972604,0.021535177156897102,0.0306078283510568,17.96356345601234,0.0086332330466452
2022-03-24,600989SS,0.004552836467370972,-0.0012945252839653045,-0.01003692111356983,-0.011865680411199718,17.502418870654772,0.0054437843366745
2022-03-25,600989SS,-0.024303264885886567,-0.00910861799572488,-0.0006726780312389859,-0.001991295093295419,17.352669859458537,0.0046866847393424
2022-03-28,600989SS,-0.0026631621088381713,0.00846079806270701,-0.008786864013940892,0.021039499010751618,17.45354590626405,0.0051841272399598
2022-03-29,600989SS,0.023716523412877607,1.9147303559218646e-08,0.005416476362771278,-0.030385412414750394,17.298165922248817,0.0044380785113407
2022-03-30,600989SS,-0.025050788317551854,-0.0183132098578105,0.0053871826596268105,0.011337208497294003,17.244175819548598,0.0042048196818079
2022-03-31,600989SS,0.005990079585866019,-0.005294479659241278,-0.005387178411383079,-0.0146963066059741,16.85905799672112,0.0028608350924832
2022-04-01,600989SS,-0.019431071104525723,0.005294538218178436,-0.018399163301082513,0.01270501151267877,16.996711514245575,0.003283031049856
2022-04-06,600989SS,0.018767325569622465,-0.003968251096211369,0.0020611025678730303,-0.0006647150949371658,17.14501961724489,0.0038078899048444
2022-04-07,600989SS,-0.007330958941940009,0.013820562187399554,0.01701300422845,-0.0033300149254969777,17.05530998943965,0.0034811600077469
2022-04-08,600989SS,0.0033389281940390133,0.04785597534647405,0.006725014783706644,0.060820860404058014,17.73625839114808,0.0068779042784792
2022-04-11,600989SS,0.055749995555860056,-0.011908605382785155,0.02122093744930958,-0.02800950132812982,17.358146475732514,0.0047124223271201
2022-04-12,600989SS,-0.03073221825944289,-0.01460803802257174,-0.008566776895132733,0.00515133137477456,16.962656927456017,0.0031731110423928
2022-04-13,600989SS,0.009061517237211365,-0.003204171704127558,0.0026436977182155547,-0.023392912960996364,17.329172948500865,0.0045778458188382
2022-04-14,600989SS,-0.011665706445566032,-0.0032143836610579912,0.0013193235322663895,0.005899764003918673,17.213707776969137,0.0040786390519399
2022-04-15,600989SS,0.0039037682215155287,0.045934587688691526,0.011795789953811323,0.05034521908183354,18.103557021729756,0.0099305178975113
2022-04-18,600989SS,0.029432684498571705,0.00490795516189865,0.028894427807869896,-0.0006217368937434292,17.05323883336346,0.0034739574431547
2022-04-19,600989SS,0.0025188680879607924,-0.02102739911718021,-0.03085083029919343,-0.02519024720796945,17.554525152314074,0.0057349598636811
2022-04-20,600989SS,-0.020973123880140932,-0.023396575375946336,-0.06471260957197288,-0.08307664534194678,17.967859905382646,0.0086704050926435
2022-04-21,600989SS,-0.08020333631996815,-0.058627342723370904,-0.007689695198508904,-0.00695421961983352,17.23991111835743,0.0041869255653716
2022-04-22,600989SS,-0.00208980883385538,-0.026814864963355264,-0.02558768775013744,-0.006300309124333074,16.808132048044616,0.0027187918842105
2022-04-25,600989SS,-0.01758741245333928,-0.01828453543003359,-0.0801626571769053,-0.09727828903235966,17.655511322280976,0.006344364409755
2022-04-26,600989SS,-0.09056642416770186,-0.08436966346668306,-0.057801043702305474,-0.06062474041344887,17.546060726333955,0.005686621585755
2022-04-27,600989SS,-0.05756987634095893,0.032665287821365525,-0.009966931667336943,0.09560919724867678,17.867676042050114,0.0078438646126721
2022-04-28,600989SS,0.09568417986510279,0.043866576508918884,0.1015133832427973,0.011887137114212652,17.55691319983675,0.0057486715863083
2022-04-29,600989SS,0.017056483060183123,0.008547165200485686,0.010502721293439663,0.040526604595191855,17.545220918558755,0.0056818479213789
2022-05-05,600989SS,0.0410572925577348,0.03826553924768222,0.05021071251333838,0.01966359007473546,16.975109345116582,0.0032128709880262
2022-05-06,600989SS,-0.0014124982048385425,-0.025580407460561397,-0.015737146912649363,-0.033949583806775964,16.70147924767825,0.0024437526164268
2022-05-09,600989SS,-0.022151595585982824,4.0329612169264883e-08,-0.01598869206169184,0.02135317881201422,16.501138106499674,0.0020000929647512
2022-05-10,600989SS,0.009349255769812216,0.022161641231568337,0.010204219955620328,0.02228511434904698,17.040378355057435,0.0034295667417139
2022-05-11,600989SS,0.04136585460389552,0.0027359525406631686,0.025770883490166378,-0.022285114349047005,17.05887647735647,0.0034935976895746
2022-05-12,600989SS,-0.016355676421558295,-0.011177869302367334,-0.00945371266687785,0.0007922958598813002,16.61018422749598,0.0022305312591352
2022-05-13,600989SS,-0.010050347885754719,0.019594809542735483,0.008720990084022183,0.019957890341772724,16.770287078052682,0.0026178219349546
2022-05-16,600989SS,0.024234993165267713,0.009655216308222593,0.021475438683956138,0.020259171263025563,16.94837845857934,0.0031281257976698
2022-05-17,600989SS,0.014680489926534793,0.03307769265243233,0.01963599781010086,0.009635377152946488,17.25792633556926,0.0042630374690907
2022-05-18,600989SS,0.011728265288861452,-0.02691962082115399,0.0006941626949347138,-0.004806152274386154,16.244846797073496,0.0015479048896915
2022-05-19,600989SS,-0.01590078382481635,-0.004101162473671874,-0.02530002133318429,-0.01246552168151966,16.815660857652375,0.0027393384000464
2022-05-20,600989SS,0.0034782773658870196,0.012253408674571507,0.01833627960026052,0.024097578084415542,17.170761099377675,0.0039071831329541
2022-05-23,600989SS,0.020619280964648535,0.022743445975509303,0.021431803848377746,0.007455156049632753,17.077324983760143,0.0035586475428034
2022-05-24,600989SS,0.008130107751600875,0.001982132878662722,-0.008931716671845455,-0.019775626404621428,17.02377148360265,0.0033730826753691
2022-05-25,600989SS,-0.02045055459391287,-0.030153022207531452,-0.020216785602764048,-0.002068296627533576,16.8151487933079,0.002737936041534
2022-05-26,600989SS,-0.002068251837928407,-0.0013613882862178218,-0.005649678666565519,0.007562862854012516,16.33000723927964,0.0016855008869407
2022-05-27,600989SS,0.009615430113746088,0.04982758997434981,0.034798170329831526,0.040273808257640875,17.688393715769433,0.0065564501348323
2022-05-30,600989SS,0.036245549047500165,0.004526311284224535,0.03164180990984942,0.009820057092942537,17.071584821797764,0.0035382788444996
2022-05-31,600989SS,0.00853306811532375,0.012183541715835829,0.007920851527917166,0.01358807247355444,17.208037425791307,0.0040555771816583
2022-06-01,600989SS,0.012987183060480434,-0.0012754787640082386,0.01630293684751779,0.0,16.840455068858763,0.0028081071487779
2022-06-02,600989SS,0.004505951055924121,0.01142147188952133,-0.005838486786506146,-0.003218545036941563,16.889253460533165,0.0029485367720372
2022-06-06,600989SS,-0.010329404836470381,-0.01461746532675923,-0.003258483733372205,0.00450296557923382,17.050838776908318,0.0034656297463099
2022-06-07,600989SS,0.01353556927591345,0.008923033488801437,0.006506300311641301,-0.002570621439859098,16.798714124007013,0.0026933067046015
2022-06-08,600989SS,-0.004491531967621216,0.004431724346853906,0.001296098562677261,0.01595943759311988,16.769009007502273,0.0026144783108079
2022-06-09,600989SS,0.014682740252382746,0.055894274963020726,0.012870332297148,0.03178832780274059,17.794381509504085,0.0072895157290712
2022-06-10,600989SS,0.03180800914770866,-0.0005977349239866856,0.023381613063760725,0.01883972819232441,17.296285585329255,0.0044297412690762
2022-06-13,600989SS,0.013414855752813844,-0.005394026150300284,0.002495323509358999,-0.02375989124392283,16.84025633948284,0.0028075491508167
2022-06-14,600989SS,-0.026389972254492702,0.00599169320989515,-0.009389676271880329,0.00859440266274533,17.107082601788576,0.0036661357864245
2022-06-15,600989SS,0.025784121900362788,0.0035777896075703634,0.021773823541367678,0.0,17.21494882662735,0.004083703987979
2022-06-16,600989SS,-0.00607906164501489,-0.02166141119114274,-0.02177381584965095,-0.024753766378612246,17.18357678077715,0.0039575785851819
2022-06-17,600989SS,-0.035374443625949485,-0.021519452755086287,-0.008843987411173943,0.0006263834062612933,17.101699999827158,0.003646455449242
2022-06-20,600989SS,0.0031535804045301295,0.012967076971197734,-0.038814742351356395,-0.03959649361064434,17.778192665722692,0.0071724569749644
2022-06-21,600989SS,-0.033293807607682975,-0.05226242911043658,-0.031493458477931856,-0.029754361485106275,17.430571309620436,0.0050663817610894
2022-06-22,600989SS,-0.029734542471394457,-0.02619664510452151,-0.002726607843140937,-0.014875099020835553,17.062649666640638,0.0035068045958645
2022-06-23,600989SS,-0.014865161182063377,-0.019431099195046944,-0.029790870531041187,0.0006809133857437453,17.39588101738015,0.0048936410286163
2022-06-24,600989SS,-0.0034093479773862167,-0.0020317330078841256,0.022254107987734136,-0.004092657107180712,17.124715888738542,0.003731355139034
2022-06-27,600989SS,0.0006826533559292021,0.020134796998384465,0.002747127781861903,0.019628252950687243,17.444262707204203,0.0051362246422599
2022-06-28,600989SS,0.023609926413934054,0.01254556610762017,0.018349204325085,0.01132971773837322,17.18506328751176,0.003963465927307
2022-06-29,600989SS,0.002663189281443349,-0.00989117795006705,-0.012877130488523599,-0.026184727683755248,16.856426117764748,0.002853315619958
2022-06-30,600989SS,-0.025590688732265904,-0.0006629841680768483,-0.0013652128628759484,-0.0034072301823372254,17.15063715183433,0.0038293410537385
2022-07-01,600989SS,-0.0006824038098794594,-0.012008197355123642,-0.006166552441758017,0.01018685704936125,16.754498919995655,0.002576815902965
2022-07-04,600989SS,0.013559566035737367,0.009352113158926954,0.010256458606122055,0.005390827961326704,16.88004521819747,0.0029215105526043
2022-07-05,600989SS,0.0006731798012502496,0.033347389458186744,0.010152464679737646,0.027181034902568367,17.703618217651893,0.0066570325400498
2022-07-06,600989SS,0.023937342736604864,-0.02145029196875225,-0.049699697197065296,-0.06624040561013664,17.92655149014816,0.0083195411019094
2022-07-07,600989SS,-0.05955755247771817,-0.05538221819890857,-0.01569223814165422,-0.014783826764736205,17.445583405420283,0.0051430125265491
2022-07-08,600989SS,-0.0006975633740686663,0.008298906754185792,0.019224593581962202,0.008474664636893463,16.815786194794764,0.0027396817624282
2022-07-11,600989SS,-0.016180415286511207,-0.02722683933670713,-0.032977904074280286,-0.0234802648791938,16.816602343640653,0.0027419186633459
2022-07-12,600989SS,-0.015005639053886324,-0.009242871279008752,0.005813968125359294,-0.002162208591203967,16.541260785288593,0.0020819737110284
2022-07-13,600989SS,-0.006500541337931795,-0.007888113970690473,-0.017544258366037062,-0.011611115918113845,16.799832480353963,0.002696320466317
2022-07-14,600989SS,-0.0036298631522718454,-0.0028840025875516446,0.0007370566200139587,0.002915369943983592,16.776342177457696,0.0026337211950434
2022-07-15,600989SS,-0.0036429823810647044,0.004322757609098862,-0.021602304597387895,-0.03405212337575059,17.250258118466796,0.0042304725880768
2022-07-18,600989SS,-0.025879426556792796,0.026951973240855534,-0.0030166117847181153,0.05920619173367307,17.66270843051896,0.0063901901968614
2022-07-19,600989SS,0.05394891640874176,-0.002101565146113747,0.05366965225100741,0.0021268803095153936,16.682883696819133,0.0023987295991145
2022-07-20,600989SS,0.005661777747855143,-0.0007014689209260756,0.004285738099535082,0.004945293041622441,16.582297859458144,0.0021691891196319
2022-07-21,600989SS,-0.0014124520612307074,-0.004219435218713949,-0.019432016047324262,-0.027144453899173214,17.11614253863806,0.0036995016645117
2022-07-22,600989SS,-0.017825790304130618,-0.016341367400492583,-0.0014545848695713137,0.0014471364872669183,16.599571842963236,0.0022069851633502
2022-07-25,600989SS,-0.006495851004048709,0.009978688254437668,-0.008772013934644562,-0.01310068259310184,16.592672930103628,0.0021918117642455
2022-07-26,600989SS,-0.009458029804874306,-0.007832018622972125,3.349873944305144e-08,0.014545799990558867,16.675319609320002,0.0023806538469782
2022-07-27,600989SS,0.013793236086084022,-0.00861460172834173,-5.5487113444582374e-08,-0.005792969679289001,16.148313556332017,0.0014054662283183
2022-07-28,600989SS,-0.0072358330410497275,0.010043197660786932,0.009499578844241841,0.008676882550011965,16.413344324346117,0.001831984624443
2022-07-29,600989SS,0.010834331052693241,1.6649644857430934e-08,-0.03327475789426007,-0.03144683778318719,17.12609284066024,0.0037364965747936
2022-08-01,600989SS,-0.033604337618702886,-0.0007140513529132116,-4.282223473882016e-09,0.026394464924435812,16.92676330952039,0.0030612364057078
2022-08-02,600989SS,0.016212543512607164,0.0035650158006436767,-0.0037665610757313026,-0.0028986139891126776,17.246379842268,0.004214097420636
2022-08-03,600989SS,0.0043763742192003,-0.007859995538801389,-0.006815599544245608,-0.039220655189644134,17.135688646915586,0.0037725238522473
2022-08-04,600989SS,-0.026550231664669473,-0.031332231098729416,0.003034876058619486,0.008267565196708649,16.50256692256225,0.0020029527724838
2022-08-05,600989SS,0.002985036021277147,0.005167909644535241,-0.004555813912322595,0.014121381037259339,16.882870276134337,0.0029297756587687
2022-08-08,600989SS,0.0074240153039652175,0.010985117986558221,0.006069863497380076,0.008817142974414096,16.925199801555934,0.0030564538777277
2022-08-09,600989SS,0.00956942792920548,0.015896346872958565,0.026130635453197427,0.011636522560946307,16.80569165219327,0.0027121650447875
2022-08-10,600989SS,0.034560703265107386,0.03866914698589849,0.03760387753632601,0.027809295147373805,17.697103159616592,0.0066138025616406
2022-08-11,600989SS,0.023777417424986465,-0.000689845766571264,-0.0014204241804145023,0.0021075266843821063,17.04835595244601,0.0034570358686194
2022-08-12,600989SS,-0.01321772993073978,-0.006925304824369257,0.0007103868294873218,-0.010582191321275504,17.13962356288478,0.0037873976615375
2022-08-15,600989SS,-0.009145310267459615,0.011744557644892805,0.0014195099416476624,0.01338519564780333,17.075511972862948,0.0035522015209014
2022-08-16,600989SS,0.009845355666107287,-0.018018557460330483,-0.0049769858329718275,-0.011967801788000087,16.9133748712516,0.003020524372644
2022-08-17,600989SS,-0.011967704198966457,-0.00772202789020248,-0.002140484353301887,0.0035348962396689007,16.898767647508862,0.0029767235781387
2022-08-18,600989SS,-0.0007085163722065856,-0.002116418055900462,-0.008608400236416,-0.01349938897013481,16.881997802928193,0.0029272206226498
2022-08-19,600989SS,-0.010687695981810288,-0.011363802390114638,-0.027759332395078107,-0.03124119717517813,17.429565517899267,0.0050612885978807
2022-08-22,600989SS,-0.03498891371205261,0.012069844300852842,-0.008928507361834401,0.03552394930789474,17.461050893925304,0.0052231804154484
2022-08-23,600989SS,0.040703308967579434,0.03875912492316413,0.04171841595377563,0.029475808100443802,17.806550951759565,0.0073787670393268
2022-08-24,600989SS,0.026705737107909175,-0.01229519683024029,-0.019544564251141233,-0.047442534488881236,17.397396163257707,0.004901061228777
2022-08-25,600989SS,-0.04467242856198698,-0.017331436575736853,0.0043763551802869114,0.01796672638843749,17.384553388001795,0.0048385204572896
2022-08-26,600989SS,0.023648534921282407,-0.002100087036475722,0.009416955939636403,0.0,17.25116923572708,0.0042343288012597
2022-08-29,600989SS,-0.017143263256042533,-0.009859261391416286,-0.009416958559145183,0.0014235177270806464,17.34137257599373,0.0046340358862572
2022-08-30,600989SS,0.012884927471058672,0.004237231372579476,-0.008772003249681082,-0.016493801499615247,17.22259905289303,0.0041150650552095
2022-08-31,600989SS,-0.03179464427370134,-0.026420685708731375,-0.01107430243812884,-0.018242044013090195,16.91117377368331,0.0030138832150914
2022-09-01,600989SS,-0.0029411498466688406,-0.008720951385671928,-0.0014858924195786407,-0.008875763501917057,16.70587059356951,0.0024545075771301
2022-09-02,600989SS,-0.00887585248645694,-0.010271568479091404,-0.01573662166980158,-0.004467711586404084,16.330936147619635,0.0016870672903083
2022-09-05,600989SS,-0.0037216053903243247,0.008079378604980939,0.009770885078041278,0.014079596647464578,16.4451746950674,0.0018912353624971
2022-09-06,600989SS,0.013333526713772434,0.011636457080820926,0.01484804204114092,0.009520375607163192,16.98868722258455,0.0032567924639088
2022-09-07,600989SS,0.008061608524699303,0.02287448597402129,0.005145255231710974,0.015190196942921926,17.22905108198907,0.0041417014124306
2022-09-08,600989SS,0.01808363249898405,-0.010657310698810317,0.008032103343160572,-0.010826606675822645,16.639290903798305,0.0022964087002492
2022-09-09,600989SS,-0.012261213365866374,-0.005730634206854605,-0.013177337733562776,-0.012413419748668256,17.248491546706692,0.0042230057517229
2022-09-13,600989SS,-0.012413471313428969,-0.012287852818097036,-0.019345803967847172,-0.01928839456035017,17.4563533564499,0.0051987018685249
2022-09-14,600989SS,-0.026807216192363665,-0.02952238787880334,-0.013615944089743445,-0.009029447081327083,16.959840924226278,0.00316418812045
2022-09-15,600989SS,0.0030143565185816227,-0.0014992458576180495,-0.0443824634856569,-0.03931132552561734,17.48702373746308,0.0053606183678205
2022-09-16,600989SS,-0.04856447759090684,-0.04605576425664488,-0.016861112886180977,-0.023062661230014898,16.823568704871377,0.0027610865478554
2022-09-19,600989SS,-0.022365136133430358,-0.011058524404472277,-0.013040192862692424,0.0024105783760688393,16.675636258624383,0.0023814077987688
2022-09-20,600989SS,0.023943724851166116,0.08522266445567989,0.03941009228147954,0.09560200821084254,18.0681677840726,0.0095852302045843
2022-09-21,600989SS,0.09545346834227857,0.0818924875634493,0.07224722785234747,0.06699713651763621,18.814696153717506,0.0202216087048275
2022-09-22,600989SS,0.0496431664472614,-0.007419934567947215,0.025354424948619156,-0.03965737431811751,18.231766430618816,0.0112889237068707
2022-09-23,600989SS,0.015567176792538927,0.02342022873585986,0.007127634339216887,0.0021268803095153936,18.52586846168149,0.0151488417397957
2022-09-26,600989SS,-0.054515038661483564,-0.06771815173397112,-0.05323892523753149,-0.05308403196390769,17.93520613386935,0.0083918562467739
2022-09-27,600989SS,-0.048683735866046546,-0.045610464037115696,-0.03428907631035852,-0.019608432998542435,17.70760439008963,0.0066836215792619
2022-09-28,600989SS,-0.022591356256489763,-0.011173292052211698,-0.0023282891089598853,-0.020000704343322902,17.287246176421082,0.0043898794601786
2022-09-29,600989SS,-0.0045802006434858,0.030249427818691697,0.010819289501618293,0.029852981403232358,17.62990867271067,0.0061839935866299
2022-09-30,600989SS,0.01367803337194563,-1.4773487986612088e-08,0.012223196657535932,0.00451462540886972,17.18689233941511,0.0039707219462494
2022-10-10,600989SS,0.016467489574233767,-0.015379255976740903,-0.028496303961239623,-0.03748043775990277,17.26837295158511,0.0043078052146084
2022-10-11,600989SS,-0.042462759430742854,-0.042206690563124566,-0.011787943032613664,0.006990389354842068,16.852083289868062,0.0028409510287723
2022-10-12,600989SS,-0.00155044324239686,-9.378911198958965e-08,-0.018349196158768625,0.005403215013987338,17.25355298053963,0.0042444344006993
2022-10-13,600989SS,-0.000776114024537974,0.006139691224138409,0.01597476539668584,0.0,17.27395037771402,0.004331898808393
2022-10-14,600989SS,0.008504130455548,0.010654664089431762,0.02116904249532232,0.010719930922294054,17.06899118983282,0.0035291137416236
2022-10-17,600989SS,-0.0007701649817507385,0.009042979116984064,-0.0038865613684906214,0.0098522770599093,17.136734501775905,0.0037764714287327
2022-10-18,600989SS,0.025856966192051727,0.014152976005936744,0.027651504997107102,0.0,16.662344774151222,0.0023499647772923
2022-10-19,600989SS,-0.006779621023557131,-0.015654362888477606,-0.02531772477559121,-0.027524642571304454,16.977032994692156,0.0032190573745132
2022-10-20,600989SS,-0.027587970264800525,-0.025876684471235065,-0.014873079093729216,-0.013265944640787574,16.821074244409882,0.002754207709353
2022-10-21,600989SS,-0.01250985703589136,-0.009295110411575025,-0.0007889052445234882,0.003920118922618727,16.453916818537216,0.0019078412563676
2022-10-24,600989SS,0.018706590068251185,0.009295082742916391,-0.016713579079843482,-0.020554120966606394,16.770294162308442,0.0026178404803414
2022-10-25,600989SS,-0.02898752820939274,-0.028148896165942627,-0.014551615446882726,0.0,16.59381273976486,0.0021943114369304
2022-10-26,600989SS,-0.007179839262067576,0.01729615006366554,0.013748806749914026,0.019771403789950882,16.6796775049187,0.0023910511271702
2022-10-27,600989SS,0.023735231466587632,0.004665595575569884,0.018305290156600793,-0.0015675096161371009,16.173069608387507,0.0014406942814195
2022-10-28,600989SS,-0.014173536055646323,-0.013276310879159028,-0.03368407009756932,-0.039189368625434366,16.96617507727186,0.0031842941833498
2022-10-31,600989SS,-0.028148151134016544,-0.02951946250305882,-0.0709757158289366,-0.06660697231562392,17.60702313177073,0.0060440766887699
2022-11-01,600989SS,-0.05619920685311671,-0.011400730908567422,-0.0026303315002310676,0.06170105349009976,17.137346572010255,0.0037787836021026
2022-11-02,600989SS,0.05129317421313302,0.04484332326946224,0.06046958515262204,0.032260816752666975,17.09195436612074,0.0036110910330026
2022-11-03,600989SS,0.024292798767823264,0.011677888933083354,0.030921932697154403,0.022755089917876593,17.08949721514074,0.0036022289290195
2022-11-04,600989SS,0.027615056039926488,0.02748247900173038,0.023753961114209656,0.022248567963504474,17.096886177178156,0.0036289442404975
2022-11-07,600989SS,0.023838113951861178,0.01643060218079006,0.02473087194891933,0.012066540374132441,16.878644764800566,0.0029174219766341
2022-11-08,600989SS,0.01433448320169437,0.0014804031119649954,0.01138527718857061,0.005233618072343829,16.591165574315617,0.0021885104126717
2022-11-09,600989SS,0.01339307336006505,0.009569453545582859,0.0052691541031089605,0.0037217054699501574,16.611887703650794,0.002234334154331
2022-11-10,600989SS,-0.013393018248007624,-0.022223089485833215,-0.015891379835527464,-0.02330060665814678,16.641780262419946,0.0023021324066085
2022-11-11,600989SS,0.012653674314600806,0.02002286216047303,0.020385774927753154,0.032176370160063826,17.013229751286122,0.0033377113046097
2022-11-14,600989SS,0.004427982261734462,0.015300818063535546,-0.009763540598611547,-0.015584763735745018,17.016334788782377,0.0033480911303201
2022-11-15,600989SS,-0.012597436007059924,-0.003621899362141354,-0.003023436419806037,0.0280254361487154,16.857482460121116,0.0028563312907575
2022-11-16,600989SS,0.022854039749683655,0.004344798911271338,0.02909578327340816,-0.004373131559426729,16.351503068126878,0.0017221243440343
2022-11-17,600989SS,-0.00731543914597311,-0.016023758600152857,-0.023058040640890617,-0.0191746650948855,16.61773702350443,0.0022474417882563
2022-11-18,600989SS,-0.016284618580605488,-0.013303993196058494,-0.02437285568889259,-0.02487877868228408,17.245879773801605,0.0042119906101521
2022-11-21,600989SS,-0.020354875185007414,-0.023335500569554482,-0.01946333373845899,-0.010744459186088642,16.794188275812118,0.0026811447490391
2022-11-22,600989SS,-0.012260720376576465,-0.009950381831580934,-0.0031496480906618948,-0.011641587464387282,16.696640911992475,0.0024319574777059
2022-11-23,600989SS,-0.01163263355300273,0.00918837500745309,0.010980412286968392,0.013953622072731302,16.496639889086854,0.001991116315732
2022-11-24,600989SS,0.015480240174923474,0.0015232603150769984,0.006220850032330153,0.002306854800124628,15.959863285708481,0.001164065701261
2022-11-25,600989SS,0.036943511933245375,0.08459852637783627,0.046202902075838714,0.07185611533647854,18.190467473461453,0.010832198966569
2022-11-28,600989SS,0.014695326844420336,-0.038493702063366234,-0.02397123459624452,-0.05057872334678039,17.65141596405923,0.0063184350954051
2022-11-29,600989SS,-0.03412794124470017,-0.019076161014956673,-0.003797893051738834,-0.0015049229482671394,17.250245869644214,0.0042304207700844
2022-11-30,600989SS,0.0022615108424649854,-0.010424603699695915,-0.002285828262773067,-0.0045283299843062955,16.966710058602445,0.0031859981771237
2022-12-01,600989SS,0.003007574909904791,0.00671400610558236,0.00911172858813357,0.006784865960506166,16.772552885483194,0.0026237601405302
2022-12-02,600989SS,-0.000750982962091271,-0.004470911217887818,-0.006825909036294212,0.0007509735733178402,16.701978037408054,0.0024449718392447
2022-12-05,600989SS,0.00449767073460468,0.026530590882990552,0.012102962497874072,0.01785762337001168,17.422293066735843,0.0050246141409734
2022-12-06,600989SS,0.009676383094752791,0.04896336049746185,0.00823671655093793,0.04752520990074932,17.89956800546122,0.0080980525930063
2022-12-07,600989SS,0.05125626316651164,-0.000692706653499271,0.043056647517706235,-0.0021119777354675234,17.268116767339748,0.0043067017640947
2022-12-08,600989SS,-0.007771151132299444,-0.018888347222376433,-0.011494399178085358,-0.013480162762882391,16.780356728803042,0.0026443156563331
2022-12-09,600989SS,8.877285379114625e-08,0.01053763417493977,0.0028860908818748874,0.01840119019436459,16.95353032114289,0.0031442830568159
2022-12-12,600989SS,0.00777106507777589,0.005574866588987339,-0.007956672616605752,-0.02989552509914602,16.92007728107429,0.0030408371620611
2022-12-13,600989SS,-0.021337951136241,-0.033925551100418054,-0.009485669706919398,0.0007222976532148186,16.463033028389283,0.0019253130561652
2022-12-14,600989SS,-0.007215051370927256,0.00358805088970107,0.002928202705550458,-0.0065194652486551055,16.166659218027995,0.0014314884059652
2022-12-15,600989SS,-0.0036270661722806567,-0.014430168432908886,-0.024418438586949254,-0.003640270287552481,16.70309632748522,0.0024477075565216
2022-12-16,600989SS,-0.015379335086527895,-0.0014546263524751694,0.002244602482886203,-0.008791304315196207,16.330773103233817,0.0016867922458587
2022-12-19,600989SS,0.004418163515974103,-0.006571842971212948,-0.01657921547041375,-0.02987537099457321,16.802753448460976,0.0027042078465889
2022-12-20,600989SS,-0.028317802760889486,-0.025223784600746882,-0.019179676112873863,-0.01604921375660328,16.887646726736687,0.0029438030620606
2022-12-21,600989SS,-0.0183070972196721,-0.012854591504812175,-0.014040783185216388,-0.010844332619385538,16.874095134914445,0.0029041789341127
2022-12-22,600989SS,-0.004629530038969484,-0.013021953630211311,-0.021437793551237302,-0.022844562732042037,16.846386349967162,0.002824812315013
2022-12-23,600989SS,-0.03382161406152086,-0.02656411547696459,-0.021087622299518174,-0.012830999408935843,16.98459591652764,0.0032434951488584
2022-12-26,600989SS,-0.000800338495976123,-0.011146639611158962,-0.011541710012079088,0.0,17.05331235146591,0.0034742128513124
2022-12-27,600989SS,0.004507340373408142,0.019762596896575453,0.0256919049100911,0.002789756967032661,17.287790998482336,0.0043922718150737
2022-12-28,600989SS,-0.003241454641639205,-0.010412561851256021,-0.012381436081459519,-0.01233054486061075,17.537775899155086,0.0056397035299123
2022-12-29,600989SS,-0.02382042986438168,-0.02445111576876246,-0.016750798688419995,-0.008305731617121571,17.34662280465817,0.0046584296153088
2022-12-30,600989SS,-0.000831603321446718,0.03007127189110166,0.011754849410966444,0.006649997153256451,17.729145882906472,0.0068291586838594
2023-01-03,600989SS,0.004979284942114908,-0.008038516519831987,-0.003344415714236541,0.018876334001388426,17.292802278123816,0.0044143379617207
2023-01-04,600989SS,0.018048044810009805,0.016807073997774435,0.013311364424123784,-0.01227018637971607,17.280687804744783,0.0043611832013931
2023-01-05,600989SS,-0.009803936569659607,-0.019231366001806492,-0.000826752903039049,0.011456836062546572,16.873718304158977,0.0029030847562924
2023-01-06,600989SS,0.0016407015304195946,0.01046293432210413,0.000826859643865007,0.011327062362577899,17.30757739520607,0.0044800445398227
2023-01-09,600989SS,0.02028460953780601,0.02451681806681836,0.02771150750303277,0.02306258688300098,17.362257622411487,0.0047318356652782
2023-01-10,600989SS,0.02145498504094822,0.004676520012580597,0.011191205354594521,-0.0015735867319658448,16.97029047306137,0.0031974258171874
2023-01-11,600989SS,-0.0015736141855429975,-0.004676520012580641,0.003966686489056736,0.0015735867319657893,16.56063879370743,0.0021227116530884
2023-01-12,600989SS,0.0015736441321012786,0.017041529785536892,-0.000792053705242943,-0.004728130568185908,16.808021699237443,0.0027184918853067
2023-01-13,600989SS,-0.006309169938601248,-0.02095540724860308,-0.01035454914668498,0.0007895887772795876,16.612097200331974,0.0022348022889842
2023-01-16,600989SS,0.004735479949766973,0.031650560081947075,0.010354459616605248,0.024942730092025862,17.186670498855737,0.0039698411767403
2023-01-17,600989SS,0.022577898457662796,0.004549004161100242,0.022719408835402133,0.009195522366151879,16.66533944904709,0.0023570127060859
2023-01-18,600989SS,0.00919542968146526,0.0022666689662094253,0.013846369695812237,0.0030464291832827165,16.381503908736637,0.0017745723342171
2023-01-19,600989SS,0.003806607472430731,-0.0030234662524234834,-0.006130316703622412,0.003795050285884854,16.305336256038768,0.0016444266733821
2023-01-20,600989SS,0.0037922113842438977,0.012039265396975272,0.012223215695645854,0.0075472386905828795,16.61184711736635,0.0022342434728442
2023-01-30,600989SS,0.018004965943156207,0.020726106628453936,0.01432361636079572,0.008236631844555016,17.065096366870115,0.0035153952008396
2023-01-31,600989SS,-0.0029783842763249427,-0.008830049562256337,-0.004501071166443742,-0.0022396009861379625,16.702449095765772,0.0024461238350355
2023-02-01,600989SS,0.0029784449666253425,0.016129440680668284,0.011215081312872877,0.02655024589765198,17.397965096814723,0.004903850400404
2023-02-02,600989SS,0.020604075551176153,0.007246417042220315,0.012560181430645212,0.0021810568264887717,16.91506851492344,0.0030256443993909
2023-02-03,600989SS,0.002182688080026471,2.538045497090552e-08,-0.007369162465417283,-0.002909134164176654,16.78062649828789,0.0026450291082718
2023-02-06,600989SS,-2.1929011958043756e-08,-0.006519432966247493,-0.009661941058772508,-0.020604116501674968,16.852024105209438,0.002840782893023
2023-02-07,600989SS,-0.025019729520259514,-0.00875918916328233,-0.0022430605424640783,0.009619007035785722,16.892812910627505,0.0029590506427124
2023-02-08,600989SS,0.01258811795468135,0.029615747561888048,0.016332989894054652,0.021130125355637384,16.993593471222642,0.0032728103599278
2023-02-09,600989SS,0.02039398862827472,0.028071993947114897,0.01968714560735632,0.03680532062543754,17.424386468221094,0.0050351436934095
2023-02-10,600989SS,0.036110103259446816,0.04664583841102139,0.037553069158931925,0.024709507112106097,17.860455190147515,0.0077874292279676
2023-02-13,600989SS,0.0402098463210867,-0.009290079280434375,0.008310279478482997,-0.006120406432580348,17.656845055125626,0.0063528317424533
2023-02-14,600989SS,-0.02092547133004505,0.009950364562681032,0.00824185595644058,0.02890965573059108,17.75948673954998,0.007039536596995
2023-02-15,600989SS,0.02957208550007765,0.008544261953166866,0.015609446909327128,-0.007316332894504098,17.529465234390976,0.0055930280640923
2023-02-16,600989SS,-0.01132213709223459,0.0,0.0006731252488883179,0.0,17.503476169651385,0.0054495430883603
2023-02-17,600989SS,-0.0006700345687475643,-0.0006546195205096839,-2.4663577877109865e-09,0.007316332894504215,17.29638387235395,0.0044301766765762
2023-02-20,600989SS,0.01066671545373993,0.06097116193555845,0.014696299157096296,0.05165767708558675,17.982978808091246,0.0088024880645817
2023-02-21,600989SS,0.05671625119555328,0.012247611606024004,0.0472733345463303,0.005021991096992754,17.665603115606245,0.0064087145837221
2023-02-22,600989SS,-0.006285432173506911,-0.026520260704997797,-0.018513165833747305,-0.016414556573146635,17.427024644213045,0.0050484448266277
2023-02-23,600989SS,-0.014608003514621005,-0.018291228254318878,-0.008411534801459956,-0.010880072921249862,17.334838825886887,0.004603856951071
2023-02-24,600989SS,-0.008997526768641604,-0.005745332276804847,-0.005211747747407236,-0.0051613115240574945,16.86174239098158,0.0028685250189311
2023-02-27,600989SS,-0.0019385940259356346,0.008288228186665438,0.003260468290177779,0.0,16.987255361524007,0.0032521325263899
2023-02-28,600989SS,0.002583962734616802,0.013245213576336344,0.001301250586760114,0.021753890914163757,17.55500643619075,0.0057377206717755
2023-03-01,600989SS,0.01600044923744409,0.02414243415392291,0.020592836578158094,0.027467476426077823,17.68280015843682,0.0065198786320943
2023-03-02,600989SS,0.03063685028101343,0.0024433297545610744,0.025158490391476867,-0.0018491464585765603,17.039773128233126,0.0034274917038412
2023-03-03,600989SS,-0.0024660615968165865,-0.005506324800217161,-0.009360508701993276,-0.003089265908143185,16.96182080826411,0.0031704590520827
2023-03-06,600989SS,-0.0024722402555537714,-0.008626011928802666,-0.02026666009011184,-0.013707391186140224,17.28994185847826,0.0044017291441547
2023-03-07,600989SS,-0.009950308651804272,0.014132324624886563,0.011450538766383817,-0.00125544906969301,17.27451611269749,0.0043343502085269
2023-03-08,600989SS,-0.006269649764446183,-0.02595938932794314,-0.008256656136642008,0.0012554490696929637,16.771667247405734,0.0026214374671986
2023-03-09,600989SS,0.0031397923785729132,0.01614943471453805,0.006357324451144658,-0.006293190677556263,16.535294778728584,0.0020695896199139
2023-03-10,600989SS,-0.035091325177405444,-0.03575166505652807,-0.04537393352889299,-0.027521749142876525,17.56000902080855,0.005766496021181
2023-03-13,600989SS,-0.005861263835619314,0.01205982730751789,0.015136863292672527,0.021823709577088415,17.001151781110014,0.0032976409964739
2023-03-14,600989SS,0.028968876766678576,-0.001262640425845831,-0.007210806882129068,-0.02833411330244271,17.191950589940657,0.0039908577363132
2023-03-15,600989SS,-0.023757112863310552,-0.01591881759723167,0.011122150731309921,0.011688418505490565,16.68110527331707,0.0023944674328695
2023-03-16,600989SS,-0.000650011152353006,-0.01292007653908079,-0.03105637526713754,-0.03281135531892054,17.50326500449442,0.0054483924562009
2023-03-17,600989SS,-0.016388460672783316,-0.005868978590815078,-0.010118129082088525,-0.01140572208825441,17.054734390793346,0.003479156833248
2023-03-20,600989SS,-0.021376865865253083,-0.004588634582124804,0.0006777647792069049,0.012739074504021227,17.001075980531496,0.0032973910428417
2023-03-21,600989SS,0.011413276638955902,0.00850511462776275,0.014127367311155176,0.01520686006726123,16.713404618930117,0.0024730697365801
2023-03-22,600989SS,0.020483130212246615,0.0013021115170405123,-0.004016037429492215,-0.013210158957758334,16.7838671126153,0.0026536145314477
2023-03-23,600989SS,-0.018482371430616252,-0.019048207462777474,-0.007404939763693558,-0.005333355767599048,16.52105909918981,0.0020403363177093
2023-03-24,600989SS,-0.002000766909196489,0.007926004237401238,-0.018411787999078666,-0.015493829244640872,17.779131135482814,0.0071791912685404
2023-03-27,600989SS,-0.01682973266294157,-0.03140920043607534,-0.04576648041051913,-0.030326194655052183,18.06618848764551,0.0095662769556542
2023-03-28,600989SS,-0.021963822553172266,0.0013568608102537364,0.03399755381012676,0.009749382084193266,17.45069425513985,0.0051693649757166
2023-03-29,600989SS,0.0055363251822509625,-0.013652091991491507,-0.009094175711052746,-0.005559441077685495,16.904991201423112,0.0029953071466013
2023-03-30,600989SS,-0.014598810589938536,0.003430539850789897,0.0007025017126846948,0.01521462220760034,16.6011981146603,0.0022105772411345
2023-03-31,600989SS,0.020104680563090224,0.02636176151659199,0.019472170525814278,0.012278503037613306,16.963415656679878,0.0031755194881382
2023-04-03,600989SS,0.027751382467029562,0.04052844988593518,0.030521209543962407,0.017473612306067893,17.345129356870192,0.0046514776861644
2023-04-04,600989SS,0.009302365651546202,-0.03189339935127339,-0.014805183483549988,-0.008698673798372416,16.688453874619437,0.0024121282319765
2023-04-06,600989SS,-0.01600033179967331,-0.014657181546122932,-0.02332068907642393,-0.01353199883395533,16.898869065278056,0.0029770254861265
2023-04-07,600989SS,-0.01557766768101043,5.999067018614776e-08,-0.009062401219790775,-0.013717628640183315,17.006439480781523,0.0033151241144119
2023-04-10,600989SS,-0.010291650785722776,-0.024457708655697557,-0.005617977824824161,-0.015309915095351753,17.270115680329297,0.0043153190962449
2023-04-11,600989SS,-0.015288758479659185,0.0013745548415105768,-0.0014094558147090515,0.019444991179943447,17.181571004489083,0.0039496485232478
2023-04-12,600989SS,0.01804355440376422,-0.0013745789726618861,-0.0035323146960435335,-0.024365984747209846,17.020450163268563,0.0033618981707807
2023-04-13,600989SS,-0.027188867803235005,-0.018043526721548218,-0.01641138755450555,-0.007782111741066979,16.80550907490798,0.0027116699102329
2023-04-14,600989SS,-0.006380687086560372,0.009062455026921977,0.0035906757183049166,0.0007099852452740087,17.083628597192774,0.0035811507333081
2023-04-17,600989SS,0.009203513755745366,0.034109687502639305,0.011404215320547818,0.03965731769227386,17.462937402095147,0.0052330432885021
2023-04-18,600989SS,0.03122008476414335,-0.007404910504532547,0.017562812559585292,-0.0158132777349477,16.96864692752872,0.003192175018191
2023-04-19,600989SS,-0.013755427077958014,-0.019100152233623352,-0.014025461721351924,-0.014659950280126791,16.50513633361369,0.0020081057991101
2023-04-20,600989SS,-0.018874989216790025,-0.022989523220634894,-0.012793317326327084,-0.013451511970040186,16.55769219764948,0.0021164660849995
2023-04-21,600989SS,-0.044002784949173285,-0.04541318746305017,-0.09760177030474058,-0.08087465775661748,18.56636244298548,0.0157748682705904
2023-04-24,600989SS,-0.04680105763017156,-0.017107185807910395,0.017201307902141673,0.016098472152171722,17.475408938419367,0.0052987160485458
2023-04-25,600989SS,0.016858662548204492,-0.0030052537216009216,-0.002328264189625095,-0.008400171150805711,16.874332647539138,0.0029048687952284
2023-04-26,600989SS,-0.012232570843662995,0.008242794631319625,0.006196746698165623,0.017484315264268784,16.866749721231585,0.00288292469359
2023-04-27,600989SS,0.023566278089073533,-2.8382833042521007e-08,0.012279469787936178,0.0030097527103628238,16.83723099476425,0.0027990681818046
2023-04-28,600989SS,-0.0030097634138414203,0.005210349436616868,-0.0007629945814686413,-0.009815094025268159,16.70880620379761,0.002461723641673
2023-05-04,600989SS,-0.011368066045099991,-0.020248153101687847,-0.016936487763724452,-0.0045627354336732415,16.546609875515173,0.0020931402156825
2023-05-05,600989SS,-0.003053429507530314,-0.006079035259802519,-0.001554032359247791,-0.008419459586536766,16.4718042697014,0.0019422747214631
2023-05-08,600989SS,-0.007674679887198712,0.004562761735395496,0.0054285085732769175,0.001536044826079572,16.68383652789282,0.0024010162725776
2023-05-09,600989SS,0.0015396824673292332,-0.012213879275009254,-0.017948236924973264,-0.016247941940618998,17.006799458760664,0.0033163177009599
2023-05-10,600989SS,-0.012384038174919081,-0.010810933236540114,9.141010573331153e-09,-0.000780269881244367,16.502796465517502,0.0020034125889855
2023-05-11,600989SS,-0.0015588933300657603,-0.002331899406102834,-0.007905145085564617,-0.00705058063311795,17.118211699718593,0.0037071644546951
2023-05-12,600989SS,-0.003907751465447571,-0.0007785605508183436,-2.9668837160850895e-08,0.0031396872804475336,16.814613344950775,0.0027364704105255
2023-05-15,600989SS,-1.1856727003892168e-08,0.020046937324597766,0.004750548573740139,0.02553328386781889,16.983283933390762,0.0032392425280331
2023-05-16,600989SS,0.02551353785357021,0.02636681695777381,0.03416483908154618,0.017418035040399023,17.022041011357892,0.0033672506966781
2023-05-17,600989SS,0.01965294383339851,-0.0022328938885469054,-0.004590645004164452,0.0015004704743439813,16.69937060505996,0.002438605044326
2023-05-18,600989SS,-9.61053674597016e-09,-9.61053674597016e-09,-0.003841750121002977,-0.02274550796326137,16.564078899427738,0.0021300265809065
2023-05-19,600989SS,-0.026546849802540906,-0.028724601164531464,-0.01786453471759613,-0.006153877214586198,16.796928823157934,0.0026885026312456
2023-05-22,600989SS,-0.005395049302535872,0.006878147627327589,0.005470880996686541,0.007686466280393029,16.750929345669014,0.0025676341637861
2023-05-23,600989SS,0.009996290083925533,0.008342878633029321,0.008537126405869089,-0.0046047560746557605,16.568755196510686,0.0021400105444269
2023-05-24,600989SS,-0.008451852175962346,-0.010630315651515121,-0.0069794573740237145,-0.0116055581906815,16.489568582594845,0.0019770861851774
2023-05-25,600989SS,-0.008523808266298857,-0.019268373725662903,-0.031623188863260335,-0.021235551246314488,17.079421849797356,0.0035661173791463
2023-05-26,600989SS,-0.02123560678387152,-0.01806100394661568,-0.019465327307669512,-0.007179950359189886,17.182118875806356,0.0039518130153392
2023-05-29,600989SS,-0.007179908939582866,0.002374367428701308,0.011400833171099715,-0.0032076677659014312,16.153106264064615,0.0014122183854653
2023-05-30,600989SS,-0.004833766337122226,-0.010266289516236274,-0.024969104405642994,-0.012260124599855543,17.10991732779429,0.0036765430211257
2023-05-31,600989SS,-0.013104210705083738,-0.010556362131267996,0.014172793013944163,-0.0008227482213409201,16.271683486704276,0.0015900079631272
2023-06-01,600989SS,0.0016474245359064945,-0.005730631116973127,-0.006644517866415218,-0.00826444408805897,16.3957601142938,0.0018000521956638
2023-06-02,600989SS,-0.004123692667711797,0.029128206418559198,-0.004175425778515857,0.03666393013601337,17.165784436506783,0.0038877867038251
2023-06-05,600989SS,0.035718070038157704,0.0079429057220949,0.036965201435384995,0.0007997204709993932,16.36531441455445,0.0017460742110713
2023-06-06,600989SS,-0.0047961839318790825,0.00866487769348638,-0.0040403259157078715,0.0007990814291882661,16.664349420561944,0.0023546803509715
2023-06-07,600989SS,0.006389876180734582,-0.010248415566377615,-0.0032441116851866137,-0.01124511774087034,16.60818170903841,0.0022260690481666
2023-06-08,600989SS,-0.01848189222871843,0.020392872748244938,-8.768278475096306e-09,0.0255196931773078,16.838670626912666,0.0028031007125251
2023-06-09,600989SS,0.026412089771067508,-0.00857702757374369,0.017713769409369928,-0.008699122173649513,16.411870623935965,0.0018292868161185
2023-06-12,600989SS,-0.004750569633486796,0.00468745758674809,-0.008012826725667829,0.011058507230830248,16.603924892000464,0.0022166132190801
2023-06-13,600989SS,0.0110497933538471,0.003889562288598487,0.013583919566880624,0.00860393894397699,16.485061828032475,0.0019681959903878
2023-06-14,600989SS,0.004698558258283323,0.02983015788883629,0.013401866268403867,0.022334391495045843,17.094592959633207,0.0036206318163241
2023-06-15,600989SS,0.02545449126637174,0.01124023445079281,0.020155644814530277,0.012864332600394601,16.94539314507171,0.0031188012862853
2023-06-16,600989SS,0.012864359804226731,-0.0037327474080629712,0.0022997926010754535,-0.010582128000084585,16.859177534647124,0.0028611770912336
2023-06-19,600989SS,-0.011342290497947494,-0.009770819876548004,-0.026378547617333967,-0.02383804381869918,17.091913279885254,0.0036109426699083
2023-06-20,600989SS,-0.023077906121259855,-0.017524240638718342,-0.0015736179929342936,0.007751914855217497,16.867492154482516,0.0028850658675847
2023-06-21,600989SS,0.0046583095996113166,0.004601151757626515,0.0015735580467594957,-0.015564544224545318,16.484549693268992,0.0019671882667971
2023-06-26,600989SS,-0.017976194907031555,-0.029505230571630445,-0.026285830498497746,-0.01900290377411263,16.552007551668662,0.0021044688561079
2023-06-27,600989SS,-0.01349761223963981,0.01718796244182148,0.008838939019740177,0.020570381178721276,16.629151308264568,0.0022732416939881
2023-06-28,600989SS,0.01821829324615915,0.0015480271891985702,0.009554207579071756,0.008577027512600704,16.293867387769488,0.0016256746964438
2023-06-29,600989SS,0.007039497928217847,-0.002322977163974885,0.002374294398580802,-0.01564979905919161,16.312454139017756,0.0016561732668258
2023-06-30,600989SS,-0.017296046990971006,-0.008563666248691959,-0.006344183754320034,-0.0055358473865234625,16.306697528521042,0.0016466667106519
2023-07-03,600989SS,0.0031670845085526767,0.02012455801754378,0.006344208935100274,0.02891957549982977,17.283227933848945,0.0043722752517739
2023-07-04,600989SS,0.023438609570178775,-0.0015337565700202344,0.00865813200728448,0.0007701582245750301,16.597791533203544,0.00220305954133
2023-07-05,600989SS,0.0007718835933191291,0.017497594518158254,0.013234883674559734,0.006904490276259721,16.57102903405224,0.0021448821175361
2023-07-06,600989SS,0.0038506023691959853,-0.01673046232607626,-0.017948251820274142,-0.025553082472158883,16.749619151434274,0.002564272266979
2023-07-07,600989SS,-0.01940301426308429,-0.013122540857158414,-0.008699118270027686,0.0,16.265674095166975,0.0015804816342983
2023-07-10,600989SS,0.0031299458634807724,0.02380159540369349,0.016542381541547788,0.027081043613336356,17.132958509426242,0.0037622383898286
2023-07-11,600989SS,0.02545448143836078,0.006805300845827913,0.01550414186920524,0.009874654433904196,16.67621563502243,0.0023827879300897
2023-07-12,600989SS,0.009097892387272747,0.020880715547569737,0.009950376554889761,0.0067797356604471,17.02903030462013,0.0033908678376581
2023-07-13,600989SS,0.006019572959686375,-0.0029563955635384573,0.011359423834780995,0.005241540066945199,16.598183327364325,0.0022039228563575
2023-07-14,600989SS,0.0059835406148254396,0.008843068357968702,0.008995537715322204,0.0074404510766132755,16.807513185025456,0.0027171098449019
2023-07-17,600989SS,0.005947971707350403,-0.010324596482420283,-0.009748791279340863,-0.005202511654870884,16.17214301939995,0.0014393599681131
2023-07-18,600989SS,0.0036996041106039813,0.013254995760809997,0.011240247085096432,0.010378168925520442,16.487843283736947,0.0019736780612664
2023-07-19,600989SS,-0.0029586198286576508,-0.006605580410807974,-0.005229764414125659,-0.0014760893969249967,15.996449462928446,0.0012074430882224
2023-07-20,600989SS,0.0022197805424228724,0.00879774593955113,0.00820595717007542,-0.0036995678737245497,16.35325836191989,0.0017251498329798
2023-07-21,600989SS,-0.0007393020385684167,-0.0007301943278016736,-0.0007432192488665101,0.005912814039884354,16.161995113213322,0.0014248273393945
2023-07-24,600989SS,0.0007393188715251034,-0.008804156393294186,-0.008961962501717083,-0.01335326511649772,16.380230581438475,0.0017723141606499
2023-07-25,600989SS,0.0036886980349742906,0.016807158595929742,0.01636943690412055,0.021426753128436504,16.899827582605464,0.0029798803847861
2023-07-26,600989SS,0.0073367588399241455,0.01510271155121074,0.009548313950279833,0.010905146507325528,16.8437014543393,0.0028172381608694
2023-07-27,600989SS,0.009458103054857642,0.02537135519235117,0.003648291688148986,0.02710584438465635,17.289007267645164,0.0043976172500879
2023-07-28,600989SS,0.026439559943614376,0.0034734601448472993,0.022327224565421792,0.005614059603021857,16.946704410134704,0.0031228935440602
2023-07-31,600989SS,0.008426965811513355,0.012405375527803499,0.003554898692556242,-0.009138953949601339,16.925608211414545,0.0030577024186203
2023-08-01,600989SS,-0.008427003944180172,-0.018666314292106596,-0.007122560388866052,-0.004955736715248929,16.58257555247087,0.0021697915719761
2023-08-02,600989SS,-0.00992217022306166,-0.009113308818986886,-0.0007150917336802645,0.004249236911989298,16.33154040058325,0.0016880870138551
2023-08-03,600989SS,0.0063898128553737665,-0.002114888147968328,-0.002865324890294964,-0.004959247878525839,16.539236844673113,0.0020777641809547
2023-08-04,600989SS,0.0028269046145224736,0.0063314222733186175,-0.007922184747310544,-0.01358611350445301,16.701978316272434,0.0024449725210604
2023-08-07,600989SS,-0.016364699460913956,-0.0219789520470307,-0.007985514004517962,-0.005776199282209206,16.394079591291778,0.0017970297067074
2023-08-08,600989SS,-0.00864555611717255,-0.009362675481048084,-0.008784798112992844,-0.00435415083737243,16.441511667728488,0.0018843203877631
2023-08-09,600989SS,-0.00362449028936252,-0.0021731472345421906,-0.007380175363001684,-0.0014556776892347286,16.775356293819332,0.0026311259317987
2023-08-10,600989SS,-0.003637679909282293,0.01939025150265115,0.012513995186946661,0.021614712956536393,16.93451972603545,0.003085072954977
2023-08-11,600989SS,0.02163025330734597,0.001421409894679843,0.009464930478166662,-0.013634933056385875,16.476347061620146,0.0019511181436963
2023-08-14,600989SS,-0.020173664009693313,-0.013586183716404424,-0.016070509360711735,-0.0007228409431724991,16.273157429894418,0.0015923532727397
2023-08-15,600989SS,0.007251710967148518,0.0057430307884282755,0.005873746348413341,0.0007228409431725358,16.2797918771285,0.0016029527794656
2023-08-16,600989SS,-2.3802623267019798e-08,-0.0007161161191221506,0.0014630677277243302,-0.00870834325680318,16.048877718432745,0.0012724360780226
2023-08-17,600989SS,-0.015289656254376609,-0.014430200072175681,-0.015469873400748112,-0.0007290945482474574,16.362321324391477,0.0017408558665019
2023-08-18,600989SS,0.0036616523917061853,0.003627120660962014,0.008133078260026358,-0.003653681390590821,16.11183066686483,0.0013551148213841
2023-08-21,600989SS,-0.004395658221249304,-0.0021747676362980075,-0.0007366811922887614,-0.005873742497411483,15.937777366274233,0.0011386380668962
2023-08-22,600989SS,-0.002941187980840398,-0.0036350719423644704,-0.007396453285866588,0.0022066627508329417,16.464935387416933,0.0019289791791335
2023-08-23,600989SS,0.003675160956819628,-0.007309908970221601,-0.008199844470983588,-0.017791385518715525,15.6500211996516,0.0008539152435853
2023-08-24,600989SS,-0.016272579380005814,0.004392343354099352,-0.006006029660226903,0.015584722767882631,16.457312973524004,0.0019143315962894
2023-08-25,600989SS,0.008908769048107326,0.0043732479799398725,0.014947980101121434,-0.001473770538618644,16.185335707161716,0.0014584748073618
2023-08-28,600989SS,0.033433368739252796,0.026553418716529026,-0.0074459894033211856,0.000737156769234817,17.231236027368826,0.0041507606975114
2023-08-29,600989SS,-0.028272962436093133,-0.03458555728495201,-0.009009072144767961,0.0022083585231341706,16.821464709657548,0.0027552833417865
2023-08-30,600989SS,0.002936845345175538,0.017442274288896113,0.02015740897867301,0.01532316556575927,16.841147108057275,0.0028100511416749
2023-08-31,600989SS,0.013110133689773503,0.0028777120815186986,0.008097270157002462,-0.007267486431507229,16.930627739048116,0.0030730892260361
2023-09-01,600989SS,-0.004351000795204915,0.019915237111104846,0.005118765094120109,0.031589047096695376,17.357786522096863,0.0047107263787713
2023-09-04,600989SS,0.030066750933387135,0.021596188941882994,0.028758302623098173,0.014732000028446613,17.312461839154413,0.0045019805960359
2023-09-05,600989SS,0.008426962245663909,-0.007609948311924834,-0.0014184505254963419,-0.016854361484347418,16.63079232322086,0.0022769751803466
2023-09-06,600989SS,-0.011959352382654994,-0.0034782178763873837,0.0007094811243354553,0.009866200502282284,16.682538512662006,0.002397901738503
2023-09-07,600989SS,0.011259784476708,-0.0006971229766941408,0.004246253050879978,0.0,16.40275047090148,0.0018126792858903
2023-09-08,600989SS,-0.00561404837556338,0.0020898424180646044,-0.0007064842561374559,0.004896801582439979,16.162991958182797,0.0014262483796568
2023-09-11,600989SS,0.008409341019294933,0.011072816374189684,0.01054500277051995,0.011793462207330902,16.975702815949436,0.0032147782992391
2023-09-12,600989SS,0.009722315119331961,0.004806088175907251,0.00904983586850616,-0.002762437519818892,16.60348542900461,0.0022156393135477
2023-09-13,600989SS,-0.002075447229989447,0.008185584060932113,-0.002081206381468641,0.0027624375198187427,16.89798756879602,0.0029744024048016
2023-09-14,600989SS,0.004146556556754958,-0.014369037235524181,-0.0069686179514596835,-0.0020710787935980498,16.54238519567181,0.0020843160206518
2023-09-15,600989SS,-4.62856287702743e-09,0.004126511962888708,-4.628562988049733e-09,-0.007631024014107517,16.483522832084926,0.0019651692741742
2023-09-18,600989SS,-0.011793412910519803,-0.004815949835095058,-0.006313605810438572,0.0,16.283629919747746,0.0016091168023979
2023-09-19,600989SS,0.0027874405375999515,-0.004146560094624444,-0.0014084982663184512,-0.005586616573313867,16.147646103650445,0.0014045284590174
2023-09-20,600989SS,-0.008385820039380898,-0.002079739609932864,-0.004237291432057304,-0.006322511238271767,16.409702162714755,0.0018253243760511
2023-09-21,600989SS,-0.00845665141605081,-0.00069416882837389,5.05030278167637e-08,-0.0007048684720809663,16.464307870992982,0.0019277690926458
2023-09-22,600989SS,-0.0007080156066953099,0.0013879222853146794,-0.014255429867387188,-0.006367240656769403,16.657085201666856,0.0023376374132433
2023-09-25,600989SS,-0.0021268677101003923,-0.01537416646245357,0.007153084892153502,0.0007095072086166137,16.243335790947977,0.0015455677618673
2023-09-26,600989SS,-0.002842912647040289,1.473787503389843e-08,-0.002140530728533675,-0.007117480085579066,15.940620610806493,0.001141880100505
2023-09-27,600989SS,-2.2952834341243635e-08,0.007017576475947327,-0.002861252501275366,0.01699753734257412,16.44339708296545,0.001887876465679
2023-09-28,600989SS,0.019732805199971844,0.02213087392912523,0.01915625790517975,0.004204638732449693,16.481467957412782,0.0019611352434592
2023-10-09,600989SS,-0.005598311422660623,-0.023530489903305512,-0.02130755185463237,-0.011959327429693873,16.357188611528304,0.0017319434445208
2023-10-10,600989SS,-0.009873131452053157,0.012526314886538673,0.0057266007161843515,0.018928009025179375,16.697621847496155,0.0024343442417123
2023-10-11,600989SS,0.023118351447307457,0.0055172386878665405,0.0028510212440441907,-0.02318334207972161,17.09113950121798,0.0036081496801134
2023-10-12,600989SS,-0.026668195860403275,-0.02648239967447783,-0.009295756650314728,-0.0028469820370947293,16.251367097299735,0.0015580306708755
2023-10-13,600989SS,-0.011445133898408476,0.005633782057119227,-0.0014378780583350925,0.014154474487222327,16.267724666308407,0.0015837258497173
2023-10-16,600989SS,0.025569607898361695,0.01809374907023426,0.017825773991847055,0.014649714026879389,16.901787264077022,0.0029857257270646
2023-10-17,600989SS,0.012543673504702813,-0.004146544885056465,1.361206702817423e-10,-0.012543673232461408,16.445345203355906,0.0018915578613187
2023-10-18,600989SS,-0.014649668001546816,-0.004859355807335418,0.0014125184274821243,0.0021016147064794317,16.121652517800946,0.0013684901361494
2023-10-19,600989SS,-0.002814933459163136,-0.012605245653374628,-0.023564112999089816,-0.031274744222973654,16.46849643344544,0.0019358606085354
2023-10-20,600989SS,-0.027868895364657455,-0.01705800675455893,-0.00725173082705271,-0.0014451597647044305,16.146122114720153,0.001402389603196
2023-10-23,600989SS,-0.001450329467517774,-0.008639324125018286,-0.026550176573427797,-0.027861017983801712,16.168694844513613,0.0014344053498527
2023-10-24,600989SS,-0.021269564554927425,-0.01750587236940589,-0.001495892442826003,0.0037106219772671685,16.238164959987742,0.0015375965182655
2023-10-25,600989SS,0.008121145082014194,0.04038033528289905,0.014121396535045076,0.043485116537978964,16.904793191019518,0.0029947141033137
2023-10-26,600989SS,0.03681388169386433,0.002117906447557809,0.020453539710296387,-0.0014195181751531535,16.0776712857064,0.0013096066240264
2023-10-27,600989SS,-0.005685808780790033,0.01052275156085371,0.008639412104902126,0.01480470163138672,16.23839152678568,0.0015379449260834
2023-10-30,600989SS,0.023248657089238695,0.017981128936171997,0.01987287779731815,-0.0028030900985314268,16.58601323091539,0.0021772634537661
2023-10-31,600989SS,-0.00278941798593549,-0.006877650951808579,0.0028070651391748605,0.01185921193751728,16.577361713311895,0.0021585080677494
2023-11-01,600989SS,0.008344937498589904,0.0006898822043653656,-2.6685420562951403e-08,-0.0034734717060094793,16.39787409687797,0.0018038614999271
2023-11-02,600989SS,-0.0034685261632391466,-0.004146511536767068,-0.002104540172411261,-0.006282720430704404,16.183734035774023,0.0014561406795267
2023-11-03,600989SS,-0.005574962996402736,-0.0013860083880852735,-0.0007025511082008408,0.003495257173688589,16.205681071486758,0.0014884519251036
2023-11-06,600989SS,0.004184115135276647,0.0013860131576052944,0.0014045726817138347,0.004178354141592441,16.620231406953682,0.0022530547677475
2023-11-07,600989SS,1.4098773382630895e-08,0.018525446900035946,0.00559834390012265,0.017906778765257626,17.103443902896327,0.0036528200623505
2023-11-08,600989SS,0.014507973118802442,-0.0075060384661325575,-0.021870378360676658,-0.026981934489289892,17.13091709021716,0.0037545659178624
2023-11-09,600989SS,-0.023595812522950052,-0.004118066446454671,0.014867484589754194,0.013235989236141412,16.68179673981943,0.0023961236995451
2023-11-10,600989SS,0.009783507897418432,-0.0034446913881963845,0.0021060886607703433,-0.011134374529662011,15.738751549434072,0.000933146590452
2023-11-13,600989SS,-0.006278408159474863,-0.009012238005458717,-0.013413618780816955,-0.0014005628853247015,16.172315050122638,0.0014396076035719
2023-11-14,600989SS,2.5500919050993966e-08,2.5500918828949368e-08,0.004962860813120151,0.0034977021547721657,15.953305202336832,0.001156456638154
2023-11-15,600989SS,0.0076681764619466455,0.00624784729022272,0.010552290166845448,0.006958982569538233,15.928826455116644,0.0011284916948783
2023-11-16,600989SS,-0.001389816362283089,0.01306313410285504,3.477478521311929e-09,0.007599325534267658,16.638765302897845,0.00229520202284
2023-11-17,600989SS,0.01037711734815333,-0.003421140596131431,-0.004207590944485594,-0.011768901097667648,16.655255758218864,0.0023333647470367
2023-11-20,600989SS,-0.013162663092674201,-0.01380287793581184,-0.014867515376071292,-0.01190912781158559,16.49249456327793,0.0019828795731003
2023-11-21,600989SS,-0.0062958819231830184,0.013117233764377635,0.0127570940923268,0.014690775664696516,16.874241292371543,0.0029046034325617
2023-11-22,600989SS,0.01462929487621731,0.00478957029861079,0.011204570758780766,-0.0006946531111436648,16.513941643355526,0.0020258658705817
2023-11-23,600989SS,-0.004158050064741057,-0.002049873717271159,-0.004886561226540155,0.014487999297630397,16.593433092602183,0.0021934785308828
2023-11-24,600989SS,0.013793396857612312,0.014261726617596093,0.018031039560397776,0.008185598705180087,16.660027597384822,0.0023445257971653
2023-11-27,600989SS,0.008185527947182896,-0.005409116871181224,-0.0013755961737294412,0.0006790193045634011,16.254852212131038,0.0015634700600919
2023-11-28,600989SS,2.3396845742448685e-08,0.00877497770688476,0.00480611903476485,0.008113714936176287,16.651640702841597,0.0023249447323473
2023-11-29,600989SS,0.008792754770958415,0.010030144177954448,0.006825921242503035,-0.007435024428327803,16.58402128898921,0.0021729307877787
2023-11-30,600989SS,3.9178680223263145e-09,-0.01204829114372171,-0.008882877630037759,-0.004760269959814104,16.79399900769042,0.0026806373418021
2023-12-01,600989SS,-0.011513821113014435,-0.003372671430364682,-0.027132030787097697,-0.03397202888104213,16.905833798205375,0.0029978320464667
2023-12-04,600989SS,-0.026226485804680358,-0.017723716609508743,-0.0014114575696865523,0.002816908094212597,16.76585318154123,0.0026062404772711
2023-12-05,600989SS,-0.005610162678674483,-0.02014661799532821,-0.01637632301827207,-0.019887123150945433,16.35042765881474,0.0017202733507975
2023-12-06,600989SS,-0.019887051380139322,0.0035026604319079754,0.0007175820738293294,0.018479592487036817,16.43161424246554,0.0018657624555704
2023-12-07,600989SS,0.015658740519492766,-0.009838434853722041,0.0007171576245245417,-0.011331517033889106,16.150215346070077,0.0014081416730881
2023-12-08,600989SS,-0.005665786981553166,-5.480325266106146e-08,-0.0035907367050965542,-0.007148075453147816,16.328240767466873,0.0016825261250827
2023-12-11,600989SS,-0.011428653138238895,0.011934190812309004,-0.009396434922775773,0.024097594767085433,16.56554144204792,0.0021331441149701
2023-12-12,600989SS,0.026932880243866333,0.026851884952328275,0.033562533953618114,0.026944649170689422,16.914291491896837,0.0030232943170686
2023-12-13,600989SS,0.026907418230812767,7.21377643904554e-09,0.007695086091995506,-0.02205462135290568,16.43695504523897,0.0018757537827003
2023-12-14,600989SS,-0.017164889083472096,-0.01920505890374611,-0.013328923167116938,-0.011212539056055541,15.974775590983809,0.001181554682814
2023-12-15,600989SS,-0.015352657284182548,-0.012543669400905195,-0.007087157294681675,-0.004945233672761839,16.239086779621488,0.0015390145585388
2023-12-18,600989SS,-0.01060454429681112,-0.003512436823039706,-0.004276537191770949,-0.0007084330071632719,16.11674854401706,0.0013617955242467
2023-12-19,600989SS,-0.004987531024339228,0.00980401279223949,-1.1203121271257826e-08,0.01477338748537262,16.377528314788446,0.0017675313599435
2023-12-20,600989SS,0.025389171879466373,0.00694439435282748,0.00640796890776387,-0.014064954478209305,15.898269466094419,0.0010945299098776
2023-12-21,600989SS,-0.018981205796805563,-0.0027720047614967934,-2.8251030443842318e-09,0.01755046534173796,16.70458847921467,0.0024513626340757
2023-12-22,600989SS,0.018284621797944538,0.016517899750948282,0.018284621797944538,0.014508018969839264,16.612902984184526,0.0022366037824018
2023-12-25,600989SS,0.015214636838284026,0.0006823829914137663,0.0020883978279000394,-0.009648610576833467,16.05664855975665,0.0012823624962987
2023-12-26,600989SS,-0.005505847236070826,-0.008219205079459387,-0.0020883799735436676,-0.002079693494138701,16.04911635080785,0.0012727397587312
2023-12-27,600989SS,-0.005536345025654053,-0.002065390722927095,-0.0006971268880080959,0.004845952010339953,16.310182537995534,0.0016524153714655
2023-12-28,600989SS,0.0027719918104447973,0.0041265064655031155,0.004175324152860449,0.0020697172001664173,16.513905227422427,0.0020257920981239
2023-12-29,600989SS,0.004143697358724996,0.0183616648071628,0.0069204853828767655,0.017760060913266817,16.535640438408894,0.0020703051172997
2024-01-02,600989SS,0.019789154184314855,0.01072399627769977,0.015058525211672141,0.004054066666110222,16.66475251934438,0.0023556297111391
2024-01-03,600989SS,0.0020249211428678845,0.003327766561242738,0.005420026011441362,0.010731109635420684,16.791267343282495,0.0026733247321574
2024-01-04,600989SS,0.011398034412680103,-0.0033278184503447495,-0.010186899917630552,-0.01749711313222013,16.62108001222208,0.0022549675334858
2024-01-05,600989SS,-0.018843043115458393,-0.012747517943689795,-0.010291633452180307,-0.008864618009743643,16.50871091048807,0.0020152967728356
2024-01-08,600989SS,-0.010242532179650418,-0.008135694992042652,-0.00622625000412594,0.0,16.980466568475045,0.0032301292431495
2024-01-09,600989SS,0.0020569292281248314,0.005431139562483789,-0.000694245684006968,-0.0034305744685322577,16.65671103740952,0.0023367629164386
2024-01-10,600989SS,-0.005494477433471674,-0.0033909596090059453,0.004158075763529531,0.0013736290210057832,16.511598158288866,0.0020211238424536
2024-01-11,600989SS,-0.006910896194651957,-0.014369041190326294,-0.0188487501872917,-0.022207684966188444,17.129650925231793,0.0037498150261304
2024-01-12,600989SS,-0.012561262254968729,0.008236125166216256,0.0028149033142001486,0.01945853747178479,16.488907062531798,0.0019757787354091
2024-01-15,600989SS,0.019472128453027975,-0.003423524066025859,0.009094137219584936,-0.008293082341410025,16.092474617518658,0.0013291373708464
2024-01-16,600989SS,-0.004832605516954511,-0.0013726157120413798,-0.0013936598522940637,0.006226284051448009,16.223021272063217,0.0015144870572487
2024-01-17,600989SS,0.0020739382185920026,-0.005509732010979169,-0.006997971668192963,-0.018093775282529798,16.15778279377791,0.0014188381340052
2024-01-18,600989SS,-0.01811888582943181,-0.015309897946154382,-0.04598504275828345,-0.009171122016686652,17.074185428719137,0.0035474924926528
2024-01-19,600989SS,-0.004934864169410793,0.0014014890289985274,0.029701537748524395,-0.0007089352403085204,16.3390010194089,0.001700728285848
2024-01-22,600989SS,-0.0035397655716545144,-0.009145333961799285,-0.03708168412167741,-0.03610499652757466,16.652037699441493,0.0023258679107924
2024-01-23,600989SS,-0.037576716512721674,-0.023597809459363215,-0.007435015541856622,0.010241440758437815,16.63033886946193,0.0022759429113911
2024-01-24,600989SS,0.01244068481427001,0.008645556187538315,0.011131860127237292,0.004357313062518166,16.6353602996369,0.0022874001422557
2024-01-25,600989SS,0.002904865634536259,0.016364684564212167,0.014652263418680726,0.0257524722132508,16.856768769130372,0.0028542934800214
2024-01-26,600989SS,0.025770918963989888,0.006331382822659599,0.013723561990835992,-0.014941572022300759,16.59925433063565,0.0022062845295465
2024-01-29,600989SS,-0.014235071337105632,-0.014835990483054689,-0.013723519919643929,-0.014440639283519399,16.48266528962479,0.001963484780329
2024-01-30,600989SS,-0.0158963326254392,-0.01795382784095947,-0.025784170093900452,-0.02205975671605832,16.57675682204117,0.0021572027997913
2024-01-31,600989SS,-0.022837052986416015,-0.02197892431570582,-0.02035498523384652,-0.008212043716530705,16.611113350684164,0.0022326046606503
2024-02-01,600989SS,-0.005229736253760981,0.005908418622153448,0.0075872340498405275,0.0022463181825693986,16.821203954392406,0.0027545649807749
2024-02-02,600989SS,0.005974615904905826,-3.932909228250366e-09,-0.026811217897972466,-0.008261384468441045,16.98037972639478,0.0032298487441744
2024-02-05,600989SS,-0.022591320747612942,-0.014837037778944493,-0.003110403935485118,-0.007570072236163939,17.188187161451445,0.0039758666547243
2024-02-06,600989SS,0.0022821954884839246,0.046723829220819274,0.023095707255750154,0.05758043914523235,17.1917553299064,0.003990078557342
2024-02-07,600989SS,0.05829761972208443,0.009229722302856612,0.0424644966019213,0.0014337642658747232,17.252633164515753,0.0042405320967758
2024-02-08,600989SS,-0.010086485671451125,0.007042320701388512,0.007267512566530924,0.010687652583013888,17.039872188249134,0.0034278312480551
2024-02-19,600989SS,0.028552936392870952,0.01739173211740436,0.024321588729600645,0.02726489729921631,16.977020074442777,0.0032190157837561
2024-02-20,600989SS,0.02020265273132502,0.00687285351414684,0.014035319756952462,0.005502020019524177,16.444117688241498,0.0018892373697974
2024-02-21,600989SS,0.0020668135949990503,0.010221531760568335,-0.004189975699503861,-0.00481263486046589,16.79405648876301,0.0026807914321482
2024-02-22,600989SS,0.0020626197391078577,0.006756815506251119,0.014588667509414673,0.015048124082577564,16.66672230753125,0.0023602743759865
2024-02-23,600989SS,0.012286797123630996,0.002018143637710611,0.0027548175340047975,0.004740991738733512,16.452136863605233,0.0019044484051281
2024-02-26,600989SS,0.004062329811824406,0.010030156290142325,0.014339620691558483,0.002699061751392087,16.78291778838286,0.0026510965861023
2024-02-27,600989SS,0.0026990983470124626,0.017804698849360614,4.398313527694969e-08,0.027908836816818574,17.05226747889491,0.0034705846372965
2024-02-28,600989SS,0.02725323631972874,0.006514625071846795,0.020134902370214283,-0.012529067179520643,16.745025141365172,0.0025525189917415
2024-02-29,600989SS,-0.01586286914386603,-0.00716849418718708,-0.005329814583604074,0.013184129836221381,16.360346372107948,0.001737421151779
2024-03-01,600989SS,0.01848240224877408,0.012995667903293895,0.017875364667568075,-0.0006550626567008226,16.19584878571286,0.0014738887510421
2024-03-04,600989SS,-0.0019640055112896174,-0.0038809824198605407,-0.0026281488564585697,0.0013096964872103061,16.68112287048125,0.0023945095690792
2024-03-05,600989SS,0.0006551403959411974,0.0012953368878525742,-0.0032948764854801625,0.005872815884650698,16.659836690330266,0.002344078253346
2024-03-06,600989SS,0.006527375951144864,-0.001295329790417005,0.009852309143751748,-0.0032584306575273512,16.077561427527993,0.0013094627609157
2024-03-07,600989SS,0.0006504463587296551,0.007103681276702599,0.0013063284727452896,0.0032584306575273365,16.428229265701695,0.0018594575695164
2024-03-08,600989SS,0.0051880190484081355,0.010243302660863015,0.0058574399778541465,0.014212087692522465,16.827479549687407,0.0027719058719599
2024-03-11,600989SS,0.012214841236487896,-0.003189813342318614,-0.022974394943281153,-0.030611335422564417,16.846103235015242,0.0028240126815711
2024-03-12,600989SS,-0.02589134988776773,-0.022618012076467898,-0.0006642066965332289,0.008561179540788716,16.862688371815818,0.0028712398726479
2024-03-13,600989SS,0.003273337811299976,0.0,0.0006642463664440915,0.0,16.453656043404536,0.0019073438036398
2024-03-14,600989SS,0.005865104082658787,0.013632125869196746,0.0006637169415335138,-0.0032841129611156272,16.628577675700928,0.0022719380623877
2024-03-15,600989SS,-0.009794413514580932,-0.008416999022736004,-0.0013279671151858962,0.007863750492841562,16.533174333553625,0.0020652058177497
2024-03-18,600989SS,0.004582670645341987,0.00454098828780835,0.012545500179451932,0.005857463845537097,16.71291359394187,0.0024718556955614
2024-03-19,600989SS,0.0032604870123945427,0.027451490749357522,0.007843188849993825,0.012254318000745773,17.147329243718808,0.0038166948726726
2024-03-20,600989SS,0.008427914155964547,-0.0018909587637420439,0.008427914155964547,0.015267437181749275,16.455700888348833,0.0019112480166472
2024-03-21,600989SS,0.024865843501847833,0.005662142775452668,0.0012903724217479366,-0.015267437181749215,16.535023015690573,0.0020690272583324
2024-03-22,600989SS,-0.011399742028522964,0.0006271910267764844,0.005785967554710423,0.007662886070475581,16.80347161367281,0.0027061506122176
2024-03-25,600989SS,0.0012730757240935829,-0.0018826601219718911,-0.002567421048766143,0.0012713964022315928,16.740441862121305,0.0025408468525712
2024-03-26,600989SS,0.001906598768699491,-0.006301204674884146,0.002567430475462203,-0.003181650962433261,16.684765925955958,0.0024032488098748
2024-03-27,600989SS,-0.0019065605834553219,-0.005069713900597792,-0.008368256162069553,-0.011538547354670295,16.497035042366925,0.0019919032674021
2024-03-28,600989SS,-0.013448846610373724,0.0038046890886587834,-0.0019411989949106286,0.01026303472297817,16.432145152224667,0.001866753270132
2024-03-29,600989SS,0.008346760743365702,0.029312992881757097,0.012230629955993704,0.04247985505813912,16.865740628498568,0.0028800170223959
2024-04-01,600989SS,0.04622930657342526,0.058489230563479856,0.046868911886911946,0.02952913365297636,17.609241843378083,0.0060575016397176
2024-04-02,600989SS,0.029475940652012568,-0.0005798699813111625,0.01994628216515953,0.002964698344348134,17.196567577304197,0.0040093260779242
2024-04-03,600989SS,0.0023681575686975405,-0.008153816155849581,0.000598228757831186,0.002365469474639425,16.795842147438236,0.0026855826873691
2024-04-08,600989SS,-0.006526336758469768,0.0017527536595562956,0.0029860126747988007,-0.002957798588252725,16.80197108137712,0.0027020929906798
2024-04-09,600989SS,8.849485130588529e-08,-0.011153454098819012,-0.018658375009270617,-0.01612439058410708,17.051680415253607,0.0034685477811025
2024-04-10,600989SS,-0.011373975649407436,-0.003548376324630971,0.002427146254467335,0.003005572184035641,16.974899655868064,0.0032121973541239
2024-04-11,600989SS,-0.0036188457733457185,0.004138498261321193,0.001816631339627136,0.010746449169336834,16.724659144874263,0.0025010601797626
2024-04-12,600989SS,0.015587840164466401,0.004121251441411091,0.012026514502788065,0.003556561719821163,16.64811854235671,0.0023167703076697
2024-04-15,600989SS,0.0011891173765802723,0.018049978641601246,0.004175382716629972,0.015850109353341926,17.24240235918368,0.0041973692090306
2024-04-16,600989SS,0.015330514327651711,-0.00288928427159008,0.0035651597198852994,-0.016441972728814876,16.80012915273823,0.0026971205088484
2024-04-17,600989SS,-0.014142876631762346,-0.013399694143292217,-0.016746893682581282,0.002365469474639425,17.015128249672454,0.003344053963253
2024-04-18,600989SS,-0.0029717866834694873,0.0005864035344272475,-0.029377797663490947,-0.023910209040594484,17.714504127757824,0.0067298962738189
2024-04-19,600989SS,-0.017412640515360376,-0.002347432032476901,0.02211377262891598,0.027447897525521698,17.338209268668802,0.0046194001670062
2024-04-22,600989SS,0.028658685584925497,-0.0011757708167366918,0.009071855911564349,-0.01362977833399973,16.852426760532328,0.0028419269797518
2024-04-23,600989SS,-0.019614258485955237,-0.00945629003443275,-0.02314357090295533,-0.013818119191521925,17.057958211481544,0.0034903911103818
2024-04-24,600989SS,-0.009650279933695,-0.00954663590917901,0.007977981899968963,-0.0012107148374944524,16.494857466105827,0.0019875704650516
2024-04-25,600989SS,-0.002427308042242437,-0.001800288474437336,0.004269515378041121,-0.0024258360596780873,16.477836350661732,0.0019540260876166
2024-04-26,600989SS,-0.025224244858266475,0.007181502344795954,-0.023400055854168055,0.012070291569011769,17.318544894829813,0.0045294498593046
2024-04-29,600989SS,0.037301821569756415,-0.0011933488297710996,0.02400861610328683,-0.006620588601314867,16.953454076249805,0.0031440433304191
2024-04-30,600989SS,-0.009044364735331661,0.012459309160282069,0.004248840731138109,0.0018099877418453968,16.939849040312467,0.0031015581674703
2024-05-06,600989SS,0.008443842647515949,0.008220830362013522,-0.0006059699613070695,0.029107991421048793,17.248578146183583,0.0042233714776594
2024-05-07,600989SS,0.019626009493084868,0.025975469706988177,0.028675822101907875,0.012220217837129075,17.354639483205645,0.0046959248419444
2024-05-08,600989SS,0.012873314614443462,0.002845057641283434,0.012873314614443462,-0.0005785091718208733,16.542410056270906,0.0020843678386443
2024-05-09,600989SS,0.00925931236990548,-0.013730183172265235,-0.013462393236980418,-0.006386127603956558,16.981482233820252,0.0032334116402472
2024-05-10,600989SS,-0.010422895673249341,-0.0011528498406327995,0.004703034596437132,-0.005255581061351576,16.064220816736025,0.0012921097334114
2024-05-13,600989SS,-0.00935667567452075,-0.009269937228455476,-0.016558447246483258,-0.01296408651453512,16.716730483361612,0.0024813085246588
2024-05-14,600989SS,-0.007075554499039038,-0.014068217384243707,-0.007782208233450918,-0.006545734318826461,16.643145075146474,0.0023052765314841
2024-05-15,600989SS,-0.013103278341039512,0.0005900638766081652,-0.0060277479761143985,0.002980488514378119,16.459353916250908,0.0019182426274538
2024-05-16,600989SS,0.006573182906193909,0.001179232461306644,0.0012084442745191914,-0.005970003373319747,16.658182964871262,0.0023402049947709
2024-05-17,600989SS,-0.005973811065345215,0.0035294410903710773,0.007819597844978307,0.017216101984406363,16.395477583630925,0.0017995436975217
2024-05-20,600989SS,0.021340462710304993,0.01688542392044859,0.00894732160318142,0.0005884952443017794,16.471199245212816,0.0019410999530282
2024-05-21,600989SS,-0.005882355584386904,-0.018060541090627043,-0.016163280293795063,-0.022005176756087534,16.45363180673539,0.0019072975765359
2024-05-22,600989SS,-0.017257268829068657,-0.0070797427518370076,0.004816362923061479,0.0036015093614011695,16.333095250134516,0.0016907137769847
2024-05-23,600989SS,-0.004210456515314753,-0.011312871910633193,-0.011476996223271562,-0.01084344021263154,16.21166950604113,0.0014973921651649
2024-05-24,600989SS,-0.004833837478003519,0.0029894972900408804,0.0006073669979615007,0.006640572254101824,16.284859816675972,0.0016110970678896
2024-05-27,600989SS,0.004230811519142722,0.0005967886481152143,0.0030312315124489024,0.0042028679585298994,16.272861598612362,0.0015918822744606
2024-05-28,600989SS,0.0030111740901202617,0.013629889957803726,0.00663652339320736,0.007164222433784807,16.59678705694536,0.0022008477312298
2024-05-29,600989SS,0.010170539371637945,-0.009461977427478584,-0.0042181849172545,-0.010765731795186015,16.499348596041735,0.0019965169778172
2024-05-30,600989SS,-0.010170512033267642,0.01650020612988472,-0.0006039747601730195,-0.0012031961455011974,16.875295547171458,0.0029076672395489
2024-05-31,600989SS,0.001201933952146347,-0.016500136730214537,-0.007885963876727976,-0.011504868523950917,16.587911825135453,0.002181401120466
2024-06-03,600989SS,-0.01391018325062474,-0.02040897938398685,-0.012871927808224966,-0.0036608385944849812,16.799198640569248,0.0026946119725596
2024-06-04,600989SS,-0.004272179069952648,-0.0018209741379029286,-0.002470592035168282,-0.0018354572458013987,16.47215517767323,0.0019429564007905
2024-06-05,600989SS,-0.003062816958060688,0.003033174877753131,0.003087370756817414,-0.0006125287638289547,16.341048304052624,0.0017042137276583
2024-06-06,600989SS,0.004285392082120607,0.014431996914958408,0.0018479128608864198,0.02001887311803746,16.639189654004618,0.0022961762010987
2024-06-07,600989SS,0.019958336627056365,-0.0011947564652472053,-0.0012315412850915184,-0.016959736696825756,16.906325667300077,0.0029993069501686
2024-06-11,600989SS,-0.02608585622701409,-0.010817472398575041,-4.048569828072479e-08,0.0073036395561799005,16.482046858567816,0.0019622708756735
2024-06-12,600989SS,0.019477191268898353,0.0024140849112779493,-0.0018500367529956949,-0.012202616640362396,16.547283861183015,0.0020945514377989
2024-06-13,600989SS,-0.018248632660409998,-0.005439730569628558,0.001233718944410671,0.006729834677821492,16.330000362448104,0.001685489296074
2024-06-14,600989SS,0.0012269003170209,0.004836759443083806,0.0036923916416666427,0.008500428622093712,16.013675914850825,0.0012284232388375
2024-06-17,600989SS,0.0030610019809327437,0.0018078326531685322,1.7387519273098287e-08,-0.01461666655372844,16.158278689389604,0.001419541904161
2024-06-18,600989SS,-0.001835441360845568,0.0030056920194713836,-0.001229259744652769,0.014011917176616106,16.28939965345203,0.0016184278138317
2024-06-19,600989SS,0.010962349269618187,0.008963267855250588,0.011009283701971385,0.0036231398123696373,16.47509077363437,0.0019486685162831
2024-06-20,600989SS,0.004833863905847251,0.012415256691742784,0.004248871983143983,0.024413252957453654,17.02467756441283,0.0033761403460152
2024-06-21,600989SS,0.024413135136308238,-0.0005878256973403778,-0.012801306308619297,-0.040209537265826226,17.181869017722033,0.0039508257462192
2024-06-24,600989SS,-0.043890398650316714,-0.005305065136807594,-0.003072156191358387,0.030159097398650178,17.116098785020753,0.0036993398014667
2024-06-25,600989SS,0.03384008700805889,0.006480209012125541,0.030305382200274504,0.0011877084729656619,16.901225390172844,0.0029840485968289
2024-06-26,600989SS,-2.8239770587695946e-08,-0.0023516410218475973,-2.823977047667364e-08,0.005327013073037573,16.37943377373785,0.0017709025294441
2024-06-27,600989SS,0.0035587279862629682,0.0017642648014999467,3.6972918043120446e-08,-0.007109047376237296,16.59691133970975,0.0022011212756848
2024-06-28,600989SS,0.0017747310706139278,0.029524655128306328,0.005952488232734451,0.029870529990204557,17.342221844585662,0.0046379730991441
2024-07-01,600989SS,0.02394266628131976,0.0028480754577367377,0.018812925558706745,0.013753711148172974,16.838665275701228,0.0028030857125799
2024-07-02,600989SS,0.009761769093303674,0.006237637933210485,0.011580936704219781,-0.0045636213968656995,16.404012816878414,0.0018149689593425
2024-07-03,600989SS,0.000571325049453415,-0.003964823614204276,-0.008092557986439918,-0.008613249182243128,16.18833079051068,0.0014628496095589
2024-07-04,600989SS,-0.009756210955741872,-0.006262540507018028,0.0011600877667111281,-0.0011541263763661918,16.16664626262782,0.0014314698605784
2024-07-08,600989SS,0.0034542041447768617,0.00455840805490904,0.0,0.0,16.520964391419184,0.0020401430911426
2024-07-09,600989SS,-0.00460830114244636,0.0011363873833742104,-0.008733660020534582,0.014330996955475017,16.5357809211435,0.0020705959798733
2024-07-10,600989SS,0.012051842266847067,0.0022687942772092406,0.001168923595858976,-0.018960643192120905,16.326338739708568,0.0016793289549464
2024-07-11,600989SS,-0.010321170841097302,0.016297163515645214,0.0034985534674922196,0.03421092262784514,16.844024299467645,0.0028181478393638
2024-07-12,600989SS,0.026167548378052817,-0.004469267334706196,0.011574146672864827,-0.022103433892632907,16.647574123631518,0.0023155093577316
2024-07-15,600989SS,-0.020420394011927235,-0.012961679882011424,-0.001727562236983882,0.0034324479327170862,16.36404617474586,0.0017438611737028
2024-07-16,600989SS,0.0034324439458817435,-0.0017030481421579672,0.0011520771350456125,-0.0028596844469769593,16.133003573610456,0.0013841124427047
2024-07-17,600989SS,-0.007452034141243185,-0.00970599299986973,-0.027430975533192164,-0.016748764944852498,16.685075457826652,0.0024039928071564
2024-07-18,600989SS,-0.010992224144925506,0.0005735690051531154,0.0005915514724351815,0.014455293393533832,16.38279748886324,0.0017768693712787
2024-07-19,600989SS,0.01501178705529593,0.013667570515251687,0.014675876428872664,0.010279893062573616,16.563561040072642,0.0021289238122085
2024-07-22,600989SS,0.00685321385170334,-0.0028321042716372485,0.0005826155768116937,-0.017770549680330008,16.709795704113738,0.0024641607236774
2024-07-23,600989SS,-0.0212834458161574,-0.01947358532338418,-0.05322626576383554,-0.05957686299335024,17.19277836418249,0.0039941626333286
2024-07-24,600989SS,-0.04155701490224319,-0.04554058053062986,-0.021168768213908947,-0.00528499387844827,16.905010185414895,0.0029953640100299
2024-07-25,600989SS,-0.023133252729041234,-0.02121109477374768,-0.051192260818355526,-0.054311998286541714,17.551699938378786,0.0057187802409804
2024-07-26,600989SS,-0.03934726245871662,-0.033336388673448174,0.01337811293139199,0.013857036986823022,16.729329763310453,0.0025127690006171
2024-07-29,600989SS,0.01696063032285419,0.014882160359494578,-0.006666716789786936,0.005228765031048827,17.06268337962351,0.0035069228227052
2024-07-30,600989SS,-0.0051880741083487536,-0.012277994727274234,-0.029873204408338686,-0.048757603622723356,17.148682921047282,0.0038218649446912
2024-07-31,600989SS,-0.03776531490534723,-0.01704960833584666,-0.002760523572819002,0.02834198373504919,17.21294229179916,0.0040755181087978
2024-08-01,600989SS,0.024017141776662868,0.020943154236839158,0.027940477998514828,-0.008016067455777827,16.941810505413923,0.0031076477361292
2024-08-02,600989SS,-0.01930176129383772,-0.03694348032351475,-0.03001593269051611,-0.025128649060932328,16.864669516109767,0.0028769338518431
2024-08-05,600989SS,-0.0265592965591247,-0.012851075474867711,-0.011142166193409814,-0.008287332334139952,17.0051532275622,0.0033108627663457
2024-08-06,600989SS,0.0020683003863301726,0.012851075474867732,0.01666710271113144,0.029383753789260413,16.912707397811502,0.0030185089254626
2024-08-07,600989SS,0.022472850013832202,0.026526729166799178,0.014359158474501787,0.021978901134384374,16.993376370638003,0.0032720999079782
2024-08-08,600989SS,0.01934037974893289,-0.007884396113605627,-0.010235478049843602,-0.036221260087117,17.0338577631377,0.0034072766867941
2024-08-09,600989SS,-0.017322233589970724,0.027969322708173032,0.016326877928051386,0.046706273901996526,17.33633543618147,0.004610752289513
2024-08-12,600989SS,0.030445768790301704,-0.005144700911737434,0.02465968970736255,-0.005884302832748759,16.916638391562028,0.0030303980183857
2024-08-13,600989SS,-0.005884302832748759,-0.003228946318758191,-0.013253992137607407,0.006535995831233369,17.047721118734326,0.0034548419220903
2024-08-14,600989SS,0.003273337811299976,-0.0071405467420845945,0.001999379967392625,-0.017083215993041568,16.591829688570662,0.0021899643164503
2024-08-15,600989SS,-0.009192470715659422,0.026993931117792417,0.0006655091855648504,0.028097261358541733,17.15733245814259,0.0038550656870181
2024-08-16,600989SS,0.027327665396625435,-0.011479737145212174,0.014531317054925382,-0.007762059601332586,16.54991663806857,0.0021000731903507
2024-08-19,600989SS,-0.015524229659517262,0.005118368379485568,0.0,-0.0052083402564665985,16.799219894800675,0.0026946692450776
2024-08-20,600989SS,-0.002610965021448758,-0.01738057658789817,-0.017196206207882786,-0.016453152004500513,16.68167722191354,0.002395837336955
2024-08-21,600989SS,-0.019136179970726842,-0.014388692577531654,-0.00803754406956818,-0.0033233155749241125,16.136778828374815,0.0013893476963033
2024-08-22,600989SS,-0.0006664597917836972,-0.001318421922228666,-0.014223066725915254,0.004649606078682009,16.588028090170106,0.0021816547559029
2024-08-23,600989SS,0.0,0.011803435737108094,0.02292751505215566,0.011857866316902856,16.338815547592887,0.0017004128779096
2024-08-26,600989SS,0.025667769056748686,0.0032541642727894186,0.011928590969079802,-0.0006551083533946282,16.31019962021751,0.0016524435986351
2024-08-27,600989SS,-0.012422554855074415,0.006476669493715367,0.0,0.003271196222485752,16.511475964532263,0.0020208768888105
2024-08-28,600989SS,-0.0006581263207390806,-0.007777089547902813,-0.007936541836548187,-0.011165966391767914,16.253642635911177,0.0015615800669976
2024-08-29,600989SS,-0.009923972997819342,-0.003911313027165026,-0.011352380481554222,0.005926866164523062,16.2192053446606,0.0015087188965063
2024-08-30,600989SS,0.009923972997819426,0.011688402575067841,-0.0006718326573199631,0.0,17.097611704601064,0.0036315780945102
2024-09-02,600989SS,-0.0026367822072875025,-0.007126668134284355,0.005361938000394903,-0.0032883447790714405,16.776673280918907,0.0026345933736748
2024-09-03,600989SS,0.001978285295432099,0.0077720524068111045,0.013939823293443005,0.020215847581384106,16.684045337340986,0.0024015176798364
2024-09-04,600989SS,0.007220225374784087,-0.007122053766242198,-0.011269597287495348,-0.028816635784376623,16.833127554454062,0.0027876059055039
2024-09-05,600989SS,-0.014493025058219568,-0.01373917808766885,-0.025659754608273834,-0.02217087242702338,16.726437165612978,0.0025055110725908
2024-09-06,600989SS,-0.031684437545500495,-0.02738066453520095,-0.016552086242696405,-0.02197895135027288,16.617454420931303,0.0022468067451221
2024-09-09,600989SS,-0.01657501513054588,-0.017071086613015846,-0.01966353581252698,-0.0034782113021151004,16.742341902233072,0.0025456791530966
2024-09-10,600989SS,-0.004886550439519238,-0.004832639564276693,0.0063626371619413475,-0.002092828567544533,16.36986109973641,0.0017540311365436
2024-09-11,600989SS,-0.002803082557629215,-0.013937494644137039,-0.011339586518986847,-0.008415189046159259,16.644291091617696,0.0023079199309165
2024-09-12,600989SS,0.001402556852828655,0.020834100011767113,0.005685866451179999,0.013986228915818986,16.748445939530455,0.0025612655961466
2024-09-13,600989SS,0.011149930366993726,0.0027453662666561485,0.004948801092697886,0.0034662212677954427,16.592557514990336,0.0021915588106243
2024-09-18,600989SS,0.002076825434239979,0.006830588627917037,0.019553676743176443,0.012379821495582128,16.41909858052376,0.0018425567221782
2024-09-19,600989SS,0.018499980028853138,0.014194225728417846,-0.007636250579835709,0.008168859931450249,16.738451469176415,0.0025357945983039
2024-09-20,600989SS,0.0020346352816508683,-0.008086289896264216,-0.0013947322728770039,-0.002035951344554738,16.781986560009685,0.0026486289587549
2024-09-23,600989SS,-0.002034635281650812,0.0033772535521188916,0.01523577021041768,-0.0027210874663639514,16.32685804740038,0.0016802012699409
2024-09-24,600989SS,0.01080367035561261,0.050618787703406026,0.01636026741704083,0.058859922270753894,17.23715411796914,0.0041753981074908
2024-09-25,600989SS,0.05297083045235738,0.02843786333217645,0.059709426062077395,0.015928976803339122,17.067385087064032,0.0035234501714082
2024-09-26,600989SS,0.006981977557056049,-0.005623207629031424,0.0006367544901816767,0.0018945813417768544,17.240170690555836,0.0041880125159455
2024-09-27,600989SS,0.006933507445969063,0.05545135189314124,0.010763008329869917,0.03166984409137293,17.03162292800603,0.003399670487313
2024-09-30,600989SS,0.0755874941442587,0.03666393462450316,0.04734973048976137,0.0587531598974427,18.04467198623579,0.0093626427451511
2024-10-08,600989SS,0.10127529981361154,0.08591552267993421,0.03829626388782791,0.011461378059944727,18.477622214817444,0.0144353178014279
2024-10-09,600989SS,-0.0937325217632546,-0.09683206527383377,-0.05954139639657171,-0.0604821106370434,17.84514634455633,0.0076691205693369
2024-10-10,600989SS,-0.049165954904318285,0.017182618831918742,0.010375441492253511,0.04266045615684141,17.78531795793223,0.0072237453330206
2024-10-11,600989SS,0.04916595490431833,-0.014874428787891707,0.01147012508089199,-0.025258336309047637,17.069979755904257,0.00353260422887
2024-10-14,600989SS,-0.02873254175289521,-0.020379184323379675,-0.0006004340644017406,0.00237676378723273,17.415426166625572,0.0049902288120657
2024-10-15,600989SS,-0.004770428013403809,-0.00945632618099683,-0.029252515208102084,-0.039339390104158094,17.219297916073305,0.004101503059308
2024-10-16,600989SS,-0.039627228630714946,-0.04183699182697051,-0.03845413258935633,-0.03326322809664551,17.39072939568818,0.0048684956659474
2024-10-17,600989SS,-0.014406734615391874,-0.012461208775693866,-0.010336061069077728,-0.014786543817337308,17.023479963472315,0.0033720994971433
2024-10-18,600989SS,-0.028802039741958482,0.0037547240322479422,-0.004555796741872682,0.019243711028461882,17.37592112617182,0.0047969328365159
2024-10-21,600989SS,0.025642467455926323,-0.006894456070424067,-0.003266921644281988,-0.010859262202180323,17.65751166263641,0.006357067999702
2024-10-22,600989SS,-0.00634925189920296,0.024232393581374707,0.017515884628483833,0.04397698312072593,17.48547759442782,0.0053523364889901
2024-10-23,600989SS,0.038730630630919416,0.009774044774924264,0.03413731959654011,0.0012285294493636035,16.74213227453522,0.0025451455641372
2024-10-24,600989SS,-0.013572035152275456,-0.014697244322264602,-0.015028446096910817,-0.007393800508497775,16.895873046624104,0.002968119609576
2024-10-25,600989SS,0.0,0.018337992526847684,0.006289292881774772,-0.002476838199488573,16.730450313640638,0.0025155862630506
2024-10-28,600989SS,0.0,-0.0024257692963934037,-0.006289292881774814,0.017819268562918447,16.902142983245835,0.0029867879959106
2024-10-29,600989SS,0.024541085222346,0.004845553225142598,0.009419197849001065,-0.012255102316681508,16.988091145742516,0.0032548517437271
2024-10-30,600989SS,-0.023920145831149698,-0.014607671835270829,-0.007528259214184675,-0.011782996897514848,16.760162040865985,0.0025914501222215
2024-10-31,600989SS,-0.004978225618896059,-0.006150104620326161,-0.008220097753954476,-0.0075141766974845805,17.24422245308557,0.0042050157720005
2024-11-01,600989SS,-0.011292485065709158,0.013480671355065347,0.0,0.012492402316380487,17.304090475505852,0.0044644501877107
2024-11-04,600989SS,0.02184176494258521,-0.01286394426947443,0.003169586833105701,-0.0006209393911963369,17.042267524885336,0.0034360518998365
2024-11-05,600989SS,0.0030816194423813046,0.00614632448246033,0.008821694932559231,0.008658024955633852,17.29914353590324,0.0044424193591164
2024-11-06,600989SS,0.0006152094202916534,0.025409720552114726,0.01246897798841309,0.017699632732462344,17.61916127244472,0.0061178876008965
2024-11-07,600989SS,0.01767793752797222,-0.002991281716177047,0.012315473744440855,0.007833674207474548,17.22341549360488,0.0041184261338378
2024-11-08,600989SS,0.014992785272139335,0.0065690713237473095,-0.0006121964597985535,-0.013901676956281021,17.17935966170499,0.0039409241460342
2024-11-11,600989SS,-0.02960045710741006,-0.02960045710741006,-0.0406178679253598,-0.02777103893138736,17.493496391467115,0.0053954283315404
2024-11-12,600989SS,-0.02169278947691552,-0.009858357840490706,-0.009612414418792686,-0.02599194544642708,17.60907972529838,0.00605651968876
2024-11-13,600989SS,-0.029245570486623,-0.020645082999245546,-0.003870938120161759,0.00895148845006252,17.322017473984733,0.0045452060744615
2024-11-14,600989SS,0.009630868685898384,0.010688569482798562,-0.0032373087631381754,-0.01604140906898805,17.324009600043123,0.0045542697231628
2024-11-15,600989SS,-0.00898590066560274,-0.0025046952592468964,0.0,0.019219053325953594,17.25059815679343,0.0042319113555471
2024-11-18,600989SS,0.0178918339061595,0.03511297852994205,0.019268430904715722,0.009472733806312531,17.494579925140403,0.0054012776283499
2024-11-19,600989SS,0.01133515309591644,-0.01647888702675055,0.013270339091630648,0.018680446509408692,17.026152860220314,0.0033811248278028
2024-11-20,600989SS,0.014299310385792546,0.024317284739611457,0.013715882968992394,0.02497856065427869,17.462652755083013,0.0052315539303076
2024-11-21,600989SS,0.027398904181992725,0.0041953730738818855,0.012919342433904161,-0.0042207841986816805,17.296487197215423,0.0044306344476309
2024-11-22,600989SS,-0.00602413779134763,-0.004195373073881796,-0.022875855950351343,-0.03192404626752101,17.000080611540017,0.003294110554828
2024-11-25,600989SS,-0.033797333484228954,-0.016349166325685997,-0.005644427297422992,-0.0075141766974845805,16.78291917716741,0.002651100267907
2024-11-26,600989SS,0.005609248247909603,0.017549674149752184,0.003766509177445115,0.029113194430667108,17.45460883701966,0.005189640537997
2024-11-27,600989SS,0.00989493828805576,-0.0072246456154137235,-0.003766509177445185,0.008510768612825232,16.939304460975322,0.003099869582731
2024-11-28,600989SS,0.015873363019514503,0.0,0.008142924222110567,-0.02886299376164167,17.05148036466625,0.0034678539654557
2024-11-29,600989SS,-0.028257469754405743,-0.009104744154206902,-0.0018732872167079367,0.006211224007393359,17.11865602135651,0.0037088119941298
2024-12-02,600989SS,0.003110493643333572,-0.012887510893378171,-0.006269637005402498,-0.008706484743445873,17.183739159680457,0.0039582212646519
2024-12-03,600989SS,-0.008107316736616134,-0.008684998635569747,-0.018407372700808524,-0.018279737317177056,17.451404022732635,0.0051730353259421
2024-12-04,600989SS,-0.017051278742027744,-0.009389716806476614,-0.003208166815670818,0.005076148117122006,16.933178256284002,0.0030809371973611
2024-12-05,600989SS,0.002544528242299443,-0.003149560843598628,0.0025673929907793006,-0.004440264135875995,16.581015562312086,0.0021664093570613
2024-12-06,600989SS,0.0038047236569035475,0.005662122646527047,-0.0025673929907794484,0.00949077505672472,16.98538158363059,0.0032460444577255
2024-12-09,600989SS,0.005050510920848728,0.0417751928853847,0.016571397331103962,0.043136682079987505,17.713732444563025,0.0067247049291508
2024-12-10,600989SS,0.05631837797055306,0.014337148852177113,0.039658196578573675,-0.004836764199049148,17.104947096612122,0.0036583150877272
2024-12-11,600989SS,-0.014388724288892547,-0.015541270432267761,-0.021492904552191706,-0.02144035485828612,17.186417274638668,0.0039688360440492
2024-12-12,600989SS,-0.02817082102306817,-0.015786619572440312,-0.0006209393911963369,0.0074029233181411745,16.810027142868172,0.0027239491380942
2024-12-13,600989SS,0.005574504992236294,-0.004907980574122873,-0.020709865681742507,-0.029312997261642118,17.354948174066482,0.0046973746548288
2024-12-16,600989SS,-0.026284370673978617,-0.02176028543703349,-0.010838491293767665,0.0018969169685934218,16.98255980943484,0.0032368977638731
2024-12-17,600989SS,-0.00253974203357454,0.0062657085457981454,0.0025608183600686714,-0.010797188254483121,16.825338617492843,0.0027659777572565
2024-12-18,600989SS,-0.0006358839812461135,-0.008783013977633168,-0.015464272419925871,-0.010269656893657188,17.102268034476616,0.0036485273507626
2024-12-19,600989SS,-0.02251625388285443,-0.013959634716070299,-0.011757114670682214,0.005148011620485861,16.67288799620347,0.002374872049922
2024-12-20,600989SS,0.011643100786379226,-0.0051249263654353835,0.0026246708769810494,-0.01162055089686506,16.812964149200592,0.0027319611542742
2024-12-23,600989SS,-0.00904401146100109,0.010223721723207768,0.007832930663269278,0.015464272419925996,17.138904475751886,0.003784675171485
2024-12-24,600989SS,0.014175512325111385,0.03129166535284183,0.012277994727274307,0.03332592123850825,17.479711076894304,0.0053215609650746
2024-12-25,600989SS,0.03334689189536829,0.008589089327876913,0.03223029276050784,0.008620705581483631,16.924665307069684,0.0030548206564225
2024-12-26,600989SS,0.012300324831523761,0.008515829145670416,0.0061996714854702225,0.009762118610128198,16.963821161565523,0.0031768074379777
2024-12-27,600989SS,0.007914754209315825,0.007843126918019366,-0.01306395154406947,-0.011603099747231772,17.275771280532776,0.0043397939613637
2024-12-30,600989SS,-0.015892769369755082,0.014320040736911063,0.015533027406431352,0.034413276685887624,17.35804597265128,0.0047119487379414
2024-12-31,600989SS,0.04104380056524521,0.010020719532151374,0.03215325191707136,-0.0005936615623041712,17.075807404300257,0.0035532511079755
2025-01-02,600989SS,-0.010701666250072038,-0.011799479544819384,-0.020507362467545778,-0.01797527292735724,17.084030810586274,0.0035825914098623
2025-01-03,600989SS,-0.004793294121529001,-0.0011876757680199905,0.0,-0.003634248243458604,16.93091301871685,0.0030739660410142
2025-01-06,600989SS,-0.010262696810954442,-0.0005943672683270852,0.0,0.010863130875356132,16.901069367227556,0.0029835830530754
2025-01-07,600989SS,0.015055990932483419,0.005336517485782713,-0.003662975128785712,-0.006020510872502626,16.70989918188553,0.0024644157227457
2025-01-08,600989SS,-0.014449364945418031,-0.01010410249837987,-0.0018365898382795014,0.007220298519253612,17.042247245137123,0.0034359822182729
2025-01-09,600989SS,0.018624718304680613,0.008328388061612268,0.009149171662403265,-0.007220298519253685,16.74468269495924,0.0025516450403893
2025-01-10,600989SS,-0.018018460089614587,-0.00952387286095172,-0.010375441492253498,-0.0006040609832467886,16.896475953348972,0.0029699096484901
2025-01-13,600989SS,0.006042337436066342,0.03871450496069792,0.01522099471739607,0.010219510865229429,17.509843042247518,0.0054843503248174
2025-01-14,600989SS,0.0018055243972067531,-0.02387303276611981,0.0030166626185910606,0.010708032767614784,17.06862153485737,0.0035278094282075
2025-01-15,600989SS,0.011954760929695413,0.0029421112570426995,0.0012041215800904933,-0.013103184130343679,16.648493522544,0.0023176392135858
2025-01-16,600989SS,-0.0011890880192127044,0.012262873931149457,0.006596647714195054,0.021939743755832065,17.2583328437285,0.0042647707809393
2025-01-17,600989SS,0.011827504213201763,-0.000580564847310504,-0.0011961998187748288,0.0005863517765228146,16.727677510052928,0.0025086206975924
2025-01-20,600989SS,0.001175115130863235,-0.0034903739569516817,-0.010830334445827046,-0.029142697737761875,17.415982178678856,0.0049930042110158
2025-01-21,600989SS,-0.02256634147899791,-0.02657379734963589,-0.00911592618261322,0.006616602205406817,16.61919216000105,0.0022507145035711
2025-01-22,600989SS,0.0012005078240660302,0.0005982787711275988,0.0030479234338066956,-0.0005997138870866757,16.443743370451145,0.0018885303269262
2025-01-23,600989SS,0.0005997138870866857,0.0035821753702908383,0.0012165729671993822,-0.010856578647955124,16.166284300921017,0.0014309518170167
2025-01-24,600989SS,-0.015710306555825008,-0.013801686235520354,-0.015931722914252818,-0.01036279185500449,16.447628652395686,0.0018958820727916
2025-01-27,600989SS,-0.008562705919049795,0.06378296025420561,0.005543602075210697,0.07152240726641595,17.552552074270984,0.0057236554958943
2025-02-05,600989SS,0.07283475661761721,-0.007396856608962863,0.03263123364954043,-0.03956305866535696,17.111011849151154,0.0036805692791417
2025-02-06,600989SS,-0.04079824371896236,-0.031325120585435164,-0.026507609211504517,-0.022810176938655762,17.080282878664747,0.0035691892315587
2025-02-07,600989SS,-0.02347380697960509,-0.02506098305980764,-0.011049737856306606,0.0006069942055358623,17.247761190965477,0.0042199225811701
2025-02-10,600989SS,0.006071687131811431,0.01439746989357022,0.007380041503099141,0.0024242990980936773,16.996660922431413,0.0032828649595537
2025-02-11,600989SS,0.0,0.001785110783595792,0.0067176197870141875,0.017402119847793763,17.062119869713626,0.0035049471935602
2025-02-12,600989SS,0.013826462468578375,0.01064470765503984,0.013901676956280978,0.01123942840592547,16.86827356776333,0.0028873211775261
2025-02-13,600989SS,0.0053587596041438385,0.004109174872231427,-0.008438831777262639,-0.027431599108354073,16.882274988914194,0.0029280321196848
2025-02-14,600989SS,-0.01797527292735724,-0.022512749256045288,-0.007290484232693686,0.0042232154233710194,16.343277204135223,0.001708016486491
2025-02-17,600989SS,0.003620973394739315,-0.0023995761570442435,-0.027195717157979405,-0.028704335345512963,17.43562762295673,0.0050920638490699
2025-02-18,600989SS,-0.028102093316881224,-0.012084669924680031,0.00873370127236491,0.007407493170317986,16.97268806981588,0.0032051011527794
2025-02-19,600989SS,0.008022324340669781,-0.006097602915933964,-0.009360478411634026,-0.014246108739548851,17.207348980878304,0.0040527861009473
2025-02-20,600989SS,-0.0179850376742987,-0.015408624990555059,-0.009448865167807047,-0.008142924222110513,16.986159330086043,0.0032485700394066
2025-02-21,600989SS,0.0,-0.005605754379385998,-0.009539059493648448,-0.012658385028833848,17.18404444882321,0.003959429851145
2025-02-24,600989SS,-0.021506154623343637,-0.004381894267495819,-0.0019187555261228138,0.006349251899202967,17.030391011957327,0.0033954849571516
2025-02-25,600989SS,0.005102046918878188,-0.004401119710137307,-0.005134794600235448,0.0,17.140945096364437,0.0037924061432374
2025-02-26,600989SS,0.008235720403154404,0.04195552839684055,0.016592609620006693,0.025001337228617453,17.318472126238223,0.0045291202695998
2025-02-27,600989SS,0.022458754877633207,0.004220784198681668,0.025618327163665525,0.022582523687738602,17.142337779258227,0.0037976914421077
2025-02-28,600989SS,0.021965533752690555,0.01907088082763958,0.016519217435990195,-0.0012077572970935217,17.06946630395809,0.0035307908718593
2025-03-03,600989SS,0.0036144297187043475,0.006472438232011169,0.00906074603540471,0.025650098200199343,17.634530599916342,0.0062126417092276
2025-03-04,600989SS,0.019059636097827393,-0.005882280144707355,0.0012019507755499145,-0.011848411964679043,16.67077308120616,0.0023698547046181
2025-03-05,600989SS,-0.004138439387444028,0.00588228014470747,0.004793294121529001,0.011259296824287177,16.91818500569454,0.0030350885012475
2025-03-06,600989SS,0.004728136931999134,-0.0005865838530441083,-0.004793294121529001,-0.008878402382641518,17.29025185272875,0.004403093866441
