Date,Stock,Open,High,Low,Close,Volume,Turnover
2020-03-13,601225SS,-0.04891936475136596,-0.00643109028886839,-0.04546256987617524,-0.018349296971669277,17.071941170640844,0.0026773308096383
2020-03-16,601225SS,0.02277411083515206,-0.019544432190713106,0.004095773911577393,-0.02817070594240984,16.977702585755935,0.0024365466829884
2020-03-17,601225SS,-0.018717152402272584,-0.015915422801902838,-0.019257846478189518,-0.009569391815443026,16.909587584163695,0.002276107480113
2020-03-18,601225SS,-0.010855003225569074,-0.017532584286573644,-0.015395727465297052,-0.02081973055143926,16.79308150854493,0.0020257918419344
2020-03-19,601225SS,-0.036114991812717406,-0.034605520145688046,-0.05508639590825763,-0.04152348704553468,17.240057602082317,0.0031674814253771
2020-03-20,601225SS,-0.020000692544403724,-0.014184598346644947,0.023565156120786693,0.015953901403483975,16.807222159438297,0.0020546413533243
2020-03-23,601225SS,-0.01453499800610462,0.0028531942780489978,-0.013186828666039846,-0.0028817156891218173,16.93269654421131,0.0023293184160427
2020-03-24,601225SS,0.03453566474622365,0.028091531494480848,0.034785905392984165,0.039608991126423104,16.789631888203765,0.0020188156683269
2020-03-25,601225SS,0.040199563197671505,0.019205143540997494,0.02670585777207598,0.01650666540748431,16.558455783751057,0.0016021314819757
2020-03-26,601225SS,-0.005449582125957167,-0.004084428060075848,-0.0013879397254999606,-0.010974019292381884,16.278250583415648,0.0012106164561481
2020-03-27,601225SS,-0.0027360328818138773,0.0013633021848612611,0.0027738685743555294,0.005502016181207698,16.131861564495864,0.0010457566238781
2020-03-30,601225SS,-0.009635445138489922,0.02422716234555756,-0.0013860769225643198,0.010914040220661383,16.614526302470164,0.0016945300422021
2020-03-31,601225SS,0.024591430235677777,0.014521775198411776,0.024658810634125495,0.01481515419162904,16.95332499314522,0.002377867670478
2020-04-01,601225SS,0.014735781347023465,0.0026178646470802506,0.012105142280588921,0.0026702906434277773,16.88568728277083,0.0022223527587018
2020-04-02,601225SS,0.0013289285110816079,-5.738334268678612e-09,0.001335966696153579,0.018494559422122532,16.582756407445345,0.0016415411795162
2020-04-03,601225SS,0.021025727021982448,0.005215136392003544,-0.002673790174538937,-0.018494559422122515,16.686475720133405,0.0018209436633092
2020-04-07,601225SS,-0.013089206330545656,-0.010457628423696538,-2.6883445942131877e-08,0.002663087999669979,16.93082491458463,0.0023249628717466
2020-04-08,601225SS,-0.010596114781011566,-0.006592006318248152,-0.005369134954735409,0.0013289347267639237,16.132235510299974,0.0010461477533444
2020-04-09,601225SS,0.003986641944492694,-0.002649044425119895,0.0040295449402498,-0.008000137379971352,15.56986320128379,0.0005961530961399
2020-04-10,601225SS,-0.01200806106059764,-0.006653300879265254,-0.009427593325482087,-0.009414848849802976,15.749509766856034,0.000713472647719
2020-04-13,601225SS,-0.009440445841779313,-0.004013440813187629,-0.005427509815211192,-0.0013523893759934973,15.760828245834828,0.0007215939477332
2020-04-14,601225SS,0.0040568616338938455,0.021221032388193947,0.006779809885367338,0.029335569562322646,16.530263843117933,0.0015575950178238
2020-04-15,601225SS,0.02925732860307392,0.0013113926388497318,0.008075293255326037,-0.018568331336526134,15.727796555288629,0.0006981478404095
2020-04-16,601225SS,-0.01452172433807018,-0.009216677140853032,-0.0013414120080075885,0.0013378240101097458,15.853197508932848,0.0007914224192426
2020-04-17,601225SS,-0.0026629217287906107,0.0052772452756662145,0.004018980901169621,0.009314987141836846,16.087506744341393,0.0010003859152318
2020-04-20,601225SS,0.006644348609024168,-2.1937253988164754e-07,0.0013357530619482008,-0.005312311643383509,16.139259606129055,0.0010535218640513
2020-04-21,601225SS,-0.006644454207866462,-0.013245100427976563,-0.02981236427526781,-0.03110449145086521,16.701613550967583,0.0018487184969804
2020-04-22,601225SS,-0.031146697327686417,-0.029772095221103734,-0.026482357699453743,-0.025036086120446728,17.331083249649698,0.0034693332185932
2020-04-23,601225SS,-0.019445106572716014,-0.016620999494726542,-0.004246321178580273,-0.002820941813290066,16.602403362287276,0.0016741113718413
2020-04-24,601225SS,-0.002809060363782028,0.008344891703505749,0.004246180570375379,0.01819498717754812,17.01609242412332,0.0025319039849709
2020-04-27,601225SS,0.002809104388352481,0.03270061198887322,0.007037470052251657,0.01650666540748431,16.69994466730728,0.0018456357737849
2020-04-28,601225SS,0.03851911367847014,-0.0013414671002751472,0.020819585991055264,0.006798094068628251,16.677974604262698,0.0018055292221637
2020-04-29,601225SS,2.7409572235960712e-08,0.0013414399493041115,-0.0027510032557224126,-0.0027136758283797502,16.391786526493508,0.0013561714912392
2020-04-30,601225SS,-0.004056824177472126,0.018592755833819006,0.00549445433836539,0.02416216649834041,17.23112221960946,0.0031393048382061
2020-05-06,601225SS,0.002706286491155657,-0.013245286688852843,-0.013793447238531162,-0.02961189802353532,17.494552178896942,0.0040854478422156
2020-05-07,601225SS,-0.013605434163715062,-0.02565954995678266,-0.00836803722756848,-0.01237110796396007,16.833368640489855,0.0021090714744573
2020-05-08,601225SS,-0.012405462719163905,0.006816639922882443,0.008368196854604418,0.015099779581733055,16.601502862013938,0.0016726045125659
2020-05-11,601225SS,0.017869769928262093,0.01884293276193332,0.019257726984906097,0.012186835311880462,16.697998206678083,0.0018420468102358
2020-05-12,601225SS,0.01889395812484309,2.700349063422834e-08,0.0013614638381102208,-0.0026953899065202905,16.45891748577593,0.0014503379731564
2020-05-13,601225SS,-0.009402371260961889,-0.01207259726690928,-0.01923133910236648,-0.019074125234479412,16.536789275150568,0.0015677922333544
2020-05-14,601225SS,-0.021828866774596455,-0.021828866774596455,-0.0027776938217481096,-0.009675206316126325,16.229581925783272,0.0011531081502416
2020-05-15,601225SS,-0.0069205639872366,-9.465170928674214e-08,-9.465170928674214e-08,0.001387862404934659,15.897209923839666,0.0008270327354833
2020-05-18,601225SS,0.005540175253055282,0.010974036623525793,0.0,0.0,16.935148198509495,0.0023350361058376
2020-05-19,601225SS,0.010989265549863611,0.014895439955560556,0.01106519814029259,0.019231432571631672,17.272315132426375,0.0032713223791183
2020-05-20,601225SS,0.01086960693082596,0.01467667724534526,-5.474256120587306e-08,0.005427361901062811,17.45398237800933,0.0039230191601353
2020-05-21,601225SS,-0.001352241461845165,-0.009314739244950545,0.009582629235686303,-0.00542736190106279,16.810138922434778,0.0020606430039368
2020-05-22,601225SS,-0.0027099922901144807,-0.01210504371331989,-0.023433164232929654,-0.023400907167933045,16.864846392683226,0.0021765162429168
2020-05-25,601225SS,-0.026118497074968078,-0.008152376956625176,-0.004193073153775832,0.019310826718839186,16.874939388928833,0.0021985950474441
2020-05-26,601225SS,0.02203949101704135,0.0013633446787949977,0.008368228632998794,-0.010989189886177189,16.724681008009778,0.0018918593963437
2020-05-27,601225SS,-0.016483749773289202,-0.005464299336286879,-0.004175144482539966,0.0013804838787418556,16.584276859051606,0.0016440389619937
2020-05-28,601225SS,0.005524802681502909,0.001368757815363431,0.0027853806028289626,-0.0055326461151024185,16.33765462534627,0.0012847109412635
2020-05-29,601225SS,-0.004140765628111201,-0.011004171198974141,-0.01118886117150761,-0.005563235409213092,16.76548513476829,0.0019706516640383
2020-06-01,601225SS,-0.011126590854779435,0.006891930129624481,0.004210572968428337,0.01109588152431546,17.130591979812976,0.0028390546953993
2020-06-02,601225SS,0.013889126572022887,-0.0027510029158364707,0.004192935349708192,-0.0041465172717192805,16.943757576281435,0.0023552261016133
2020-06-03,601225SS,-0.0013805116281997661,0.009595427581253578,0.004175116733081918,0.0027660333929773718,17.197589712075306,0.0030357814708643
2020-06-04,601225SS,0.004135225521182884,-0.006844503078232256,-0.008368130495605232,-0.01111110373926058,16.907614765643746,0.0022716215593281
2020-06-05,601225SS,-0.015246368368222104,-0.016620970474804892,-0.005618026144537847,-0.00419874829235067,16.68494396387306,0.0018181565564243
2020-06-08,601225SS,-2.8086977360874064e-08,0.005571011782682537,0.0028129106485071916,0.002801091480217101,17.056304183336476,0.0026357910449545
2020-06-09,601225SS,-0.0013974550064895495,-0.0013896852288734305,1.34610888035609e-07,0.004187123718732244,16.92285432901613,0.0023065052123067
2020-06-10,601225SS,0.002793342040532321,-0.001391773707127568,-0.004222300452817118,-0.012613950253958253,17.039561926570485,0.0025920293100803
2020-06-11,601225SS,-0.006998024488728433,-0.008391718388344592,-0.005657786774036204,-0.004240387252533976,16.928077773431333,0.0023185846352476
2020-06-12,601225SS,-0.01842715708253136,-0.011299515832720245,-0.012848135284898012,-0.0028368498822683424,16.95042234344417,0.0023709755608248
2020-06-15,601225SS,0.002857257374659262,-0.0014213819051227597,-0.004319644217229269,-0.01574832914136113,17.03836214898982,0.0025889213161255
2020-06-16,601225SS,-0.007158369789615014,0.0014213131644877084,-1.1591957077743721e-07,0.012903310970078085,16.91808889819857,0.0022955398688398
2020-06-17,601225SS,0.007158225760921754,0.0070771692051307955,0.01147791715708688,0.004264400448946217,16.982535501443234,0.0024483508093719
2020-06-18,601225SS,0.0071074105376957505,0.033290244259194135,0.0014255824581248149,0.02797392582250123,17.882258666778302,0.0060203045587515
2020-06-19,601225SS,0.026556369726319046,-5.57399946191023e-08,0.02947576774808304,0.005502016181207698,17.475376151329076,0.0040078515518842
2020-06-22,601225SS,0.006872989257102129,8.384127707012659e-08,-0.004157955436443489,-0.008264418137732439,16.924583704251003,0.0023104974765449
2020-06-23,601225SS,-0.009635317722202273,-0.012354312954568313,-0.011173272428904585,-0.012526263405350343,16.65632610835472,0.0017668622786543
2020-06-24,601225SS,-0.004158179184238825,0.0055095763377929225,0.0014034012195844265,0.016666962804613217,16.877134826921168,0.0022034272292042
2020-06-29,601225SS,0.002773939955341148,-0.008275951542025107,0.0014015228161631346,-0.013869885060740668,16.58685456837159,0.0016482822834894
2020-06-30,601225SS,-0.0027739797377538955,0.004146489597773436,0.0013995569686182363,0.006958941502900065,16.586677770337474,0.0016479908961629
2020-07-01,601225SS,0.005540319504457758,0.009609026809046847,0.006968773738440168,0.013774453597693574,17.073641210788455,0.0026818862507978
2020-07-02,601225SS,0.01098915669641984,0.06223048361781695,0.01516224645923828,0.05715837215265117,18.29725401256284,0.0091169306946245
2020-07-03,601225SS,0.06223037070038063,0.05129314316298375,0.05715825923521471,0.03178894024067422,18.198747322635406,0.0082616680455108
2020-07-06,601225SS,0.05007295794723052,0.03828222986274078,0.05406722648312235,0.05597565396800853,18.231104430937346,0.0085333636743627
2020-07-07,601225SS,0.06040936510395276,0.02892067200796772,0.003665420796331116,-0.03003207979036211,18.085620034657566,0.0073779750701735
2020-07-08,601225SS,-0.06530523587454792,-0.04072713384958457,-0.008573305957991597,0.020519627234549438,17.84907882853532,0.0058238293562739
2020-07-09,601225SS,0.025440511658360615,0.03844386912998407,0.007352915069368818,0.02710838286350709,18.312502618112035,0.0092570165185294
2020-07-10,601225SS,0.02708954608072589,-0.018505768259502762,-0.0009130197622803924,-0.04594222668611826,17.960858547566545,0.0065125932870182
2020-07-13,601225SS,-0.045999479174997936,-0.024601607897907687,-0.00896883543530841,0.01011371325148756,17.743632930311858,0.0052409989012859
2020-07-14,601225SS,0.010126717407948245,0.013605785856897142,0.005134852970212821,0.016220016786227885,17.83329812341333,0.0057326465774343
2020-07-15,601225SS,0.019950804958487903,-0.002460103461093882,-0.003848612716358167,-0.036551029454223435,17.880642197621558,0.0060105807831604
2020-07-16,601225SS,-0.03517949369128654,-0.021158196832112598,-0.024724715073278065,-0.020752956117234957,17.780299414036623,0.005436734444111
2020-07-17,601225SS,-0.02328692739970204,-0.02290167934325888,-0.01326278113416091,-0.010540208364967841,17.292747877664972,0.0033388520366999
2020-07-20,601225SS,-0.009204491042188168,0.022901747284277994,0.01062432768972821,0.041510463898710555,17.714016842724593,0.0050880569653893
2020-07-21,601225SS,0.05774536333275572,0.02852025775023682,0.04266965592137214,0.01638346829439941,18.08866724835534,0.0074004916261392
2020-07-22,601225SS,-0.0024969161470385142,-0.008594340998837364,2.112931163249263e-08,-0.008788506550852086,17.554157508027124,0.0043363660590708
2020-07-23,601225SS,-0.012578890065265795,-0.009913451019520294,-0.017880527784826055,0.010037655724874011,17.48424439496775,0.0040435522239826
2020-07-24,601225SS,0.018809363811099804,0.024601484594519368,0.005141414690183372,-0.008777486957468739,17.948295705401023,0.0064312883838284
2020-07-27,601225SS,-0.007481335405027744,-0.019632466014786812,0.003838790697249273,0.01251584456764541,17.36099294187447,0.0035746673131976
2020-07-28,601225SS,0.013673347955934043,0.023271141091437055,0.010165232544805006,0.004962754959117325,17.5525456416398,0.0043293820463706
2020-07-29,601225SS,-0.011173383939161388,-0.022032816972388125,-0.0050697794216789625,-0.0012384834454294907,17.331544505367248,0.0034709338375428
2020-07-30,601225SS,0.011173315351759024,0.006169070778526769,0.013880362197097436,-0.0024813331084131487,16.98444299795959,0.0024530254872568
2020-07-31,601225SS,-0.004950448150798382,0.0012293365980585334,5.2042460763331935e-08,0.004956686849914233,17.419357258140497,0.0037895088909437
2020-08-03,601225SS,0.0012397382765671936,-0.001229382164644551,0.00375227819385323,0.0012352612326761328,17.671779725027285,0.0048776273527774
2020-08-04,601225SS,0.006176721819219599,0.0024569690156930027,-0.0050062969722999414,-0.013673351436157107,17.570648381553415,0.0044084694146461
2020-08-05,601225SS,-0.01990109920409805,-0.01982711308736856,-0.02412806509225333,-0.020228194646078643,17.745276718489656,0.0052496210780639
2020-08-06,601225SS,-0.0101010862558781,-0.01132795958734327,-0.0025740014677451727,0.0,17.361946423551913,0.0035780773185124
2020-08-07,601225SS,-0.00892293768784171,-0.005076123937248364,-0.009061548551890458,-0.01674217199016265,17.26266940839397,0.0032399197990184
2020-08-10,601225SS,-0.011590555894762577,-0.006381603131817406,-0.011772492443673928,0.009049921606751068,17.290876133776294,0.0033326084056739
2020-08-11,601225SS,0.007742018711366281,0.0038338877128751407,0.009168380995134298,-0.003868513481607961,17.39811794219215,0.0037098710326995
2020-08-12,601225SS,-0.010336084238597946,-0.015424540135140604,-0.010485036984399657,-0.010389717367449182,17.24485283014437,0.0031827066968388
2020-08-13,601225SS,-3.852133841556318e-09,0.01669917893402862,0.013089175594966196,0.007802369174893472,17.18662312940027,0.0030026712063121
2020-08-14,601225SS,0.0038884958950758286,-0.006389826579707483,-0.007832995746110604,0.007741963215675629,17.142382051423038,0.0028727254550779
2020-08-17,601225SS,0.010296068972024326,0.03154833448929656,0.01560496058386682,0.02663434348797813,17.8833047922776,0.0060266058483671
2020-08-18,601225SS,0.024036617329734288,0.012345797497354939,0.027991655287035754,0.003747779998969864,17.711906636511667,0.0050773314362707
2020-08-19,601225SS,-0.002503111187404366,-0.006153755032695849,-0.006293234377400501,-0.0012476726608543725,17.43550895576828,0.0038512128649142
2020-08-20,601225SS,0.0012524988415778273,0.0036970104239834466,-0.01398607737306629,-0.02017708844786847,17.67505575722138,0.0048936328202524
2020-08-21,601225SS,-0.008799703456687515,-0.021132120771418048,0.0012794321998206822,0.008877508029858724,17.415806581878375,0.0037760774308079
2020-08-24,601225SS,0.0025221931591148158,0.011243236628490638,0.010178321188872283,0.0012619246931356294,17.13030001688529,0.0028382259176405
2020-08-25,601225SS,-0.0012603571867060613,-0.01250029917053699,-0.025642556176653234,-0.021670739030190345,17.534701637673248,0.0042528137086395
2020-08-26,601225SS,-0.01652937063342057,-0.007575901521109944,0.007761944818850768,0.005141279676042724,17.355515600733064,0.0035551411647966
2020-08-27,601225SS,0.010204316559434119,0.029964976015708182,0.014075840513110777,0.022814812018565916,17.75534732938036,0.0053027550671102
2020-08-28,601225SS,0.011356423395188515,0.0061311255966883214,0.007594841422346902,0.024753649380902805,17.943749961283984,0.0064021197388498
2020-08-31,601225SS,0.030885820336093148,0.01576751670064936,0.01997578119213498,-0.0061312050260045325,17.866902089259018,0.0059285595313042
2020-09-01,601225SS,-0.009780032038978554,-0.013325541030213193,-0.0024753181432468243,0.003683199963101587,16.99789275739296,0.0024862409606844
2020-09-02,601225SS,0.0024539865824135046,-0.0024418845900652042,-0.0024812708439460414,-0.009852228688250012,17.155465172630958,0.0029105566069034
2020-09-03,601225SS,-0.0036832126404262324,0.0073081282222503385,0.0012414934559170751,0.0,17.2664213282866,0.0032520985515152
2020-09-04,601225SS,-0.01611951011024522,-0.015902604504387834,-0.012484718085524388,0.0024721315287477012,16.923656232008458,0.0023083555476166
2020-09-07,601225SS,0.012422740915104548,0.004920228474130663,0.0050127108527316805,-0.012422393272063634,17.154605346982326,0.0029080551111716
2020-09-08,601225SS,-0.00619209365554517,0.0432239890278778,0.0012491479685741596,0.05235516652871908,18.2709234606761,0.0088800096934754
2020-09-09,601225SS,0.0365895208425688,0.002347412137056959,0.02952246211086278,-0.02037214155332008,17.876189126971518,0.0059838747478881
2020-09-10,601225SS,0.0011967281390251802,0.02088239170265772,0.009650173330715732,0.03567555058923136,18.255016886112276,0.0087398766287225
2020-09-11,601225SS,0.013072154161091762,0.0034383682355037613,0.0035949390094801733,0.0,17.85387637496959,0.0058518365777847
2020-09-14,601225SS,0.007058861506199968,-0.006888528151166526,0.004773345904575736,-0.01056962748623984,17.49992315048985,0.0041074496998594
2020-09-15,601225SS,-0.008240213893110204,-0.017432295453258157,-0.0059701377098641106,-0.001181423884576102,16.97354376475658,0.0024264345628718
2020-09-16,601225SS,-6.148012895471327e-09,0.017432227483825093,0.00358633745465253,0.01408472033255947,17.341655265175888,0.003506205628755
2020-09-17,601225SS,0.009411893175822554,6.79694331033956e-08,0.005948948033931024,-0.012903296447983345,17.459187473427352,0.0039434920852691
2020-09-18,601225SS,-0.003519081736349132,0.053824550313569156,0.009445113382346887,0.06954359613675401,18.418425913732317,0.0102913640650367
2020-09-21,601225SS,0.06922783975962092,0.0032697463821237324,0.04030477408896946,-0.01665773744551581,18.11784305649817,0.0076195875619984
2020-09-22,601225SS,-0.025542741181529664,-0.03318884035108932,-0.036785760322053246,-0.03998256224325493,18.01768604187689,0.0068934054758376
2020-09-23,601225SS,-0.02736777458827803,-0.017016887951927986,0.0023392725539483294,0.008125408948714273,17.506794967852375,0.0041357725479965
2020-09-24,601225SS,-0.016317377764718945,-0.008041434289770865,-0.012933890779776632,-0.013970017046713946,17.42714939986573,0.003819152626197
2020-09-25,601225SS,0.012843172320871505,0.010327201886543503,0.017595899221890674,0.013970017046713806,17.59349733478823,0.0045103579185807
2020-09-28,601225SS,0.020666692534847195,0.01697831405655327,0.009259336990015745,0.009206061348231109,17.56901274841958,0.0044012646695994
2020-09-29,601225SS,-0.007986373808965356,-0.014697795189728906,-0.008097233332200613,-0.011520747125843623,17.290991696329144,0.0033329935526746
2020-09-30,601225SS,-0.01384102332235386,-0.016073739152627543,-0.02946587700676002,-0.028203941427876154,17.473123184741933,0.0039988321600285
2020-10-09,601225SS,0.006944478911342082,0.050772260307223635,0.03525627680908349,0.0590106303606241,18.303338960929718,0.0091725758751226
2020-10-12,601225SS,0.04179030236537883,-0.0033058268322332073,0.023960010238278068,0.010061520920903783,17.80307352119369,0.0055619718918786
2020-10-13,601225SS,0.0011057666051616987,0.025069540351249718,0.01232520592066784,0.029591408353362183,17.904035150302956,0.0061528435024728
2020-10-14,601225SS,0.014262280563193426,-0.010822836537297695,0.007764768924068848,-0.015234460362699173,17.442746017753116,0.0038791854293837
2020-10-15,601225SS,-0.002180989113369555,0.028956583123389404,0.0033094921578811355,-0.0010970312177827977,17.952213054546892,0.0064565313968567
2020-10-16,601225SS,0.003269613482104834,-0.0042374056061962396,-0.0022051330379654135,0.02600359531661498,17.928293696673073,0.0063039276765507
2020-10-19,601225SS,0.02046388720058908,0.008456704608463206,0.00879125934791124,-0.020530219382139225,17.62810464321003,0.0046691816494887
2020-10-20,601225SS,-0.027013939292449378,-0.02450824086280921,-0.00879112787379771,0.0010912613450808227,17.1499337479054,0.0028945015262234
2020-10-21,601225SS,0.0032803778756121255,-0.011937343941865557,-0.006644666044856919,-0.009863187388419487,17.081333554495966,0.0027025957927553
2020-10-22,601225SS,-0.012081345417340544,-0.003280417063371337,-0.010050315155845056,-0.007739049364327888,17.393221831199813,0.0036917514857044
2020-10-23,601225SS,-0.005540206589805817,-0.009906542095707162,-0.002247141350973239,-0.010039147016799853,17.079083419668944,0.0026965214242435
2020-10-26,601225SS,-0.013422918697280437,-0.012242652374290753,-0.022754108407432888,-0.0011216420404281172,17.198275433285716,0.0030378638845758
2020-10-27,601225SS,-0.005646669699575363,-0.0033653009698643263,0.010303380460164843,-0.005627604273574349,16.801111785337067,0.0020421250041126
2020-10-28,601225SS,0.007896244936962558,0.004484325408298652,-0.0034226598280038146,0.006749246314002549,17.170857280874607,0.0029557027668029
2020-10-29,601225SS,-0.01471427869914379,-0.012380439676322937,-0.006880712782980626,-0.014681151191230073,17.194069820119086,0.0030251146317948
2020-10-30,601225SS,0.004550581607941442,0.017957769659262737,0.0011500653578934042,-0.004561054376852194,17.26315793917389,0.0032415029863015
2020-11-02,601225SS,-0.007977397389528443,0.02417695809375757,0.0011487182156555845,0.049062117046489336,18.102207188887338,0.0075013752821677
2020-11-03,601225SS,0.05237973806066491,0.01508657682150483,0.05146554647536929,0.011898577092014166,17.588690235961327,0.0044887282115472
2020-11-04,601225SS,0.015086515295162103,0.0032033767239510414,0.003266154339409657,0.001074701297040142,17.237743597277817,0.0031601603316917
2020-11-05,601225SS,-0.0010701490011403812,0.016913672763474465,0.012959099150944158,0.009620478854056848,17.6168958812863,0.0046171381194923
2020-11-06,601225SS,0.006403454455871309,0.005227497684516136,0.0032138624857632357,0.00952901414913629,17.506576943998414,0.0041348709491925
2020-11-09,601225SS,0.013734914164718495,0.0398620128612672,0.0063964264947802,0.04027380805173318,18.127158316447428,0.0076908976220239
2020-11-10,601225SS,0.03707960134905357,-0.0010023230516900392,0.02311041095864266,-0.017356126464403425,17.709879910595625,0.0050670514976832
2020-11-11,601225SS,-0.015283098725964717,0.020844417810878157,0.002074625594030411,0.02441623323681183,18.030913895854383,0.0069851961969435
2020-11-12,601225SS,0.022335891559999148,-0.006900131737944191,0.009283128623686042,0.004011948036955461,17.44468053232901,0.0038866970336503
2020-11-13,601225SS,0.005007577866217274,-0.007944386622523988,0.006141348084279715,-0.005017554195551067,17.321590761206604,0.0034365564249177
2020-11-16,601225SS,-3.6863369148318605e-08,0.02169709337021611,0.009141738346114644,0.02582068627383779,18.051542859198165,0.0071307901180602
2020-11-17,601225SS,0.017822234199270127,0.00389488489070106,-0.009141730873134921,-0.03086347690562905,17.849923057453857,0.0058287480774914
2020-11-18,601225SS,-0.03596786317498265,-0.030589485200853306,-0.016461244419772016,0.001010554742144982,17.500445542878055,0.0041095959609178
2020-11-19,601225SS,0.003047228618222595,0.0020020697599465263,0.011346161994077548,-0.0060789708160175985,17.217477876482295,0.0030967619790974
2020-11-20,601225SS,-0.0020304294740889485,0.01390291677689163,0.007153784029295873,0.02706925025222984,17.729212533133573,0.005165963931341
2020-11-23,601225SS,0.04665855770961421,0.06213168926518323,0.031080183820246254,0.057652834499653215,18.54367680813349,0.0116645694920811
2020-11-24,601225SS,0.028682658285168347,-0.016822778720635794,0.019551022934587676,-0.014104493260393907,18.033659428578016,0.0070044006331069
2020-11-25,601225SS,0.004701437893821521,0.014038609475368372,0.0028998816838579347,-0.01912116058480691,17.670584388836875,0.0048718004314148
2020-11-26,601225SS,-0.035325796620381725,-0.014038594073219116,-0.00872507351422362,0.020067628982676645,17.51024506276647,0.004150065998889
2020-11-27,601225SS,0.026847234881768784,0.007511775526548096,0.004856671979027985,-0.0028422215060328574,17.492605825489026,0.0040775038501002
2020-11-30,601225SS,-0.001893947182688875,0.026766654433316054,0.01156075760556841,-0.009533051406270887,18.405139024680807,0.0101555282671146
2020-12-01,601225SS,0.0018939512090452321,-0.02676665040695976,0.0009574760973481264,0.018035719058368566,17.861939098842754,0.0058992090400047
2020-12-02,601225SS,0.009416204888623965,0.010237369441959385,0.004773200439701701,0.004692562421763547,17.846662235496066,0.005809772522205
2020-12-03,601225SS,-0.013207677945402476,-0.023420180058040245,-0.04979059368255048,-0.05583730675850708,18.433405667605044,0.0104466866096044
2020-12-04,601225SS,-0.04169288807413708,-0.03865225900024533,-0.006024109863186824,0.0009894885535497477,17.575959903528364,0.0044319473940703
2020-12-07,601225SS,0.0029658554780066892,0.008827916891728085,-0.0050479979102428475,-0.01998067859243913,17.73550645525267,0.0051985806424924
2020-12-08,601225SS,-0.017928797556651607,-0.024717027510252586,-0.009151070696970562,0.0,17.255798964883418,0.0032177364044915
2020-12-09,601225SS,0.008008048171248809,0.019822241127586473,0.016211084176858345,0.009040764871099508,17.82037105225105,0.0056590171774357
2020-12-10,601225SS,0.00298660734968203,-0.0019646121755170407,-0.00604837533489706,0.003991993787558456,17.67491364205592,0.0048929374102151
2020-12-11,601225SS,0.027452723672499,0.036683706657038226,0.01704307225240329,0.012865153316408006,18.198343792249208,0.0082583348839333
2020-12-14,601225SS,-0.03945283941125421,-0.0595588335751311,-0.06892181062767334,-0.07554602258218465,18.47200912222447,0.0108578499086453
2020-12-15,601225SS,-0.04843811453900573,-0.04527525132783698,-0.011783883240121806,-0.007450946678681978,17.808868580289953,0.0055942974219953
2020-12-16,601225SS,-0.009549139352859736,0.002103119105006082,-0.009745606492190351,-0.013986234066347395,17.83250085374731,0.0057280779335924
2020-12-17,601225SS,-0.012875762225836222,-0.009498828262628774,-0.002178656501656602,0.01931387807969495,18.079316533113413,0.0073316142634928
2020-12-18,601225SS,0.04745222262863588,0.04459001455932431,0.042695888759865526,0.04060947752960616,18.60058489784766,0.0123476293482968
2020-12-21,601225SS,0.01937845488027896,0.004048607317348337,-0.008394562568550172,-0.011288000036798161,18.313769615604713,0.0092687525685818
2020-12-22,601225SS,-0.02454113812189485,-0.02454113812189485,-0.0452664099655281,-0.06062464300290884,18.352266733464482,0.0096325300995743
2020-12-23,601225SS,-0.059718998460780735,-0.03690431754274856,0.003302403487476558,0.015234460362699095,17.998704336480944,0.006763790926269
2020-12-24,601225SS,0.028170642068618364,0.008556037123632185,0.001098061844404605,0.0010791992850618872,17.725248454518702,0.0051455261789784
2020-12-25,601225SS,-0.00643076130609525,0.017942513008792925,0.010917252658906973,0.024508441482826465,18.15574059574309,0.0079138926813227
2020-12-28,601225SS,0.028618658903871174,0.007295372733697333,0.019355381369781197,0.0042015888512056355,18.02737569177245,0.006960524818805
2020-12-29,601225SS,-0.007341294978959605,-0.008341983238339179,-0.019355395383029755,-0.03303440255138723,17.89091843085767,0.0060726653657095
2020-12-30,601225SS,-0.02666831280908009,-0.014768302810010217,-0.004352625547718295,0.009703531306835888,17.772382504468734,0.0053938622399639
2020-12-31,601225SS,0.0053908405904030095,-0.00212763615261805,-0.0032769001131995414,0.0021436440708695105,18.102738866814228,0.007505364658319
2021-01-04,601225SS,-0.003230947423541339,0.028348346931650906,0.006543084580058179,0.02641468051454521,18.1787647120586,0.0080982168775658
2021-01-05,601225SS,0.030804253739938114,-0.009360547109886585,0.005419999944015831,-0.008377092439077477,18.015845322549907,0.00688072832208
2021-01-06,601225SS,-0.0010465082340193935,0.01555256062575495,0.024560804712662185,0.008377092439077511,17.899858553931033,0.0061271991485286
2021-01-07,601225SS,0.008342038417553547,0.03735917873235837,0.015698944902807176,0.04685172386578818,18.396286283910104,0.010066020784897
2021-01-08,601225SS,0.05946339915562803,0.028336065220509403,0.0387014044444537,0.018728969721774614,18.139720999273386,0.0077881253727777
2021-01-11,601225SS,0.005853460152973683,-0.009680817706283843,-0.009031850199602353,-0.027724684827954035,17.913924844280263,0.0062139951298473
2021-01-12,601225SS,-0.03162310430048622,-0.005853568823388749,-0.008097148092198513,0.021848019998269966,17.80865700378699,0.0055931139252929
2021-01-13,601225SS,0.021848165758819448,0.005853823232824789,0.014127517969199468,-0.01185763463236435,17.783840245723155,0.0054560191278284
2021-01-14,601225SS,-0.007889559519145517,-0.009775172986390362,-0.005022515700768083,0.009891240713561183,17.82147311340364,0.0056652571983532
2021-01-15,601225SS,0.009852141658922495,0.05448061515800767,0.026827094485627753,0.05365265510490365,18.59139094073103,0.0122346260424045
2021-01-18,601225SS,0.049723482462346674,0.032939821676744495,0.02993950857667642,0.02760066821307759,18.467024900033966,0.0108038666157949
2021-01-19,601225SS,0.024874619611656355,0.023132777522438797,0.035517814379461804,0.004526926463161727,18.34321704610552,0.0095457519625061
2021-01-20,601225SS,-0.0018215720382256343,-0.009721777736692383,0.0009176626886426004,0.010781642593911147,17.739790104185094,0.0052208973015948
2021-01-21,601225SS,0.01985625421988027,0.013233575486461108,0.01366775901113723,-0.0026844735199834527,17.884451770081924,0.00603352219732
2021-01-22,601225SS,-0.00627513574223349,-0.013233436910929819,-0.022884222882671206,-0.021739895425676305,18.20531572377137,0.0083161126070777
2021-01-25,601225SS,-0.02090032364277119,-0.020637847565514504,-0.010237479590132163,-0.005509707994184893,18.167314825661222,0.0080060220306031
2021-01-26,601225SS,-0.005524958410554452,0.01440163186100927,0.010237422099579839,0.0073394318378947375,17.625761955449594,0.0046582560172149
2021-01-27,601225SS,0.0036865694030545418,0.023842162557018105,0.003696791063357886,0.027942302779076545,18.171907438567846,0.0080428751524711
2021-01-28,601225SS,0.016423871680178653,-0.03643215233014612,-0.012065005006089317,-0.046392943820550446,17.857476710958817,0.0058729431285279
2021-01-29,601225SS,-0.03312184121947786,-0.01734424411095613,-0.06859287680581701,-0.05650148164338575,18.349993276734487,0.0096106558334784
2021-02-01,601225SS,-0.04986643441059567,-0.06269854749071987,-0.006018080729696695,-0.006920379019365749,17.763184971842,0.0053444794630558
2021-02-02,601225SS,-0.0029542275724212886,0.013632140215217449,0.007017595707538862,0.016724408478652465,17.805314046472052,0.0055744476015835
2021-02-03,601225SS,0.0009855402386134931,-0.0009677037361141719,0.007960137651093465,-0.0068527601287280025,17.345218503123387,0.0035187213590909
2021-02-04,601225SS,-0.0019722577894897976,0.010592347072703658,0.0009906926855524226,0.021380808924456065,17.694182136232566,0.0049881311227109
2021-02-05,601225SS,0.009823236968971163,-0.003838741483337583,-0.02202290696318886,-0.05028155780835504,17.764309637001777,0.0053504935943291
2021-02-08,601225SS,-0.04498504812578207,-0.015504141860521637,-0.01324520798570593,0.027918067560983997,17.332197205863242,0.0034732000573484
2021-02-09,601225SS,0.03219589959832478,0.016465165434437518,0.029309720179326412,0.016577560999999356,17.439726789832445,0.0038674909471517
2021-02-10,601225SS,0.01766479519831369,-0.0009610757381609915,0.0029835887242995185,-0.00387594732044156,17.386520163278675,0.0036670933102483
2021-02-18,601225SS,0.029709907239037308,0.08564826610706959,0.05034946486546059,0.09531012182107677,18.241120467312967,0.0086192636267591
2021-02-19,601225SS,0.09109508194713152,0.09506957308623001,0.09023262146663008,0.09506957308623001,18.99519191142409,0.0183214243638987
2021-02-22,601225SS,0.06346023433411102,0.06222842667705631,0.045539002952484295,-0.02601776143008907,19.154790537945264,0.0214917627259731
2021-02-23,601225SS,-0.04382676794799559,-0.07678011628128684,-0.037803744098826274,-0.024177929375442865,18.42233256893799,0.0103316475119729
2021-02-24,601225SS,0.006739867501707909,-0.02473317800998569,-0.017271484024260965,-0.023912216456217026,18.148579156253973,0.0078574202702552
2021-02-25,601225SS,-0.009278993314368801,-0.009224525890754547,-0.011388743873953012,-0.018317302152677708,18.00643042362663,0.0068162509596369
2021-02-26,601225SS,-0.05755723646208472,-0.0492114105274514,-0.06084486957506922,-0.057987156663422336,18.132018244372272,0.0077283658032292
2021-03-01,601225SS,-0.03284975910182861,-0.03329144698196981,-0.007518859494690758,0.004653318625965492,18.124340457105284,0.0076692562594973
2021-03-02,601225SS,0.020202705991328854,0.05776810935009515,0.02790869103519165,0.03377770554921693,18.61902595028673,0.012577445140247
2021-03-03,601225SS,0.013544305880125842,0.020513635587832802,0.0054896457474584255,0.0567095609805879,18.441675709150715,0.0105334393727674
2021-03-04,601225SS,0.03264516481358348,0.009263209034006317,0.03936097044076472,-0.017109107293600115,18.234276174997326,0.0085604722883023
2021-03-05,601225SS,-0.02460587681633142,-0.05071995584958031,-0.040273889008940966,-0.04680764239747247,18.0231777786895,0.0069313663852761
2021-03-08,601225SS,8.959062423618512e-08,0.0026420755325763626,-0.0027433719497924553,-0.012738967140206942,17.825141791568836,0.005686079375695
2021-03-09,601225SS,-0.03439257946681815,-0.010610207303552976,-0.025036159223405845,-0.0036697636138222486,18.006284279759864,0.0068152548791371
2021-03-10,601225SS,0.012808924673290959,-0.007136573971868918,0.0232028326683912,0.010968955619303389,17.82693422032199,0.0056962804076259
2021-03-11,601225SS,0.00272360798428737,0.014222520121319632,0.010041289011822588,0.024249167597776067,17.945133038678982,0.0064109804922247
2021-03-12,601225SS,0.025952279800218567,0.0557845292107929,0.01889399541104303,0.033161821638211145,18.397599561061472,0.0100792489443531
2021-03-15,601225SS,0.014035243992456543,0.016556671652554537,0.017668225806652303,0.03375846728972333,18.4254508787477,0.0103639150740622
2021-03-16,601225SS,0.04430035997949849,-0.010730550363916605,-0.010563407103075262,-0.03375846728972326,18.329234430791782,0.0094132062111517
2021-03-17,601225SS,-0.04255974550655557,-0.006661264974990386,-0.0035462306467181786,0.0270972635227665,18.100319765192797,0.0074872303614522
2021-03-18,601225SS,0.026599601032005836,-0.0008358195047072874,0.02629422716603894,-0.02967582964158992,17.70438284147743,0.005039273982217
2021-03-19,601225SS,-0.03533325682563239,-0.021978839234374683,-0.022748069969695046,-0.02439134284374909,17.435714572347326,0.0038520048195665
2021-03-22,601225SS,-0.017699702286320642,-0.021599253778681823,-0.013363420523168886,-0.004419078591864359,17.72685981647593,0.0051538241680158
2021-03-23,601225SS,0.0062307537002031285,-0.010535498734291644,-0.02451306544555782,-0.03149146984332155,17.66158951095835,0.0048281756743705
2021-03-24,601225SS,-0.03246468085428593,-0.03685818904636021,-0.03174881049593313,-0.036299978680065466,17.83255393720857,0.0057283820078715
2021-03-25,601225SS,-0.035451301106614694,-0.002750824866807444,-0.002850148862285545,0.019709881969259196,17.452109888829924,0.0039156802221995
2021-03-26,601225SS,0.01694953864789147,-0.008298865267035096,0.013232601083738704,-0.0009298700180645347,17.361036655789672,0.0035748235793213
2021-03-29,601225SS,0.03306077733052051,0.0680046939517067,0.0368705350874181,0.054311969162669595,18.310701243858,0.0092403561773779
2021-03-30,601225SS,0.011675019834673757,-0.027182793176576844,-0.002718622244467063,-0.021372227071431247,17.735780265676354,0.0052000042629811
2021-03-31,601225SS,-0.008968611936905681,-0.005347637176539519,-0.004547539985934689,-0.004510532065870413,17.16708766601147,0.0029445818792339
2021-04-01,601225SS,-0.0054201542762296814,0.0053475948409472856,-0.007319379142486298,0.011685401805452652,17.647094143705743,0.0047586942890041
2021-04-02,601225SS,0.014388716260021268,-0.002670212374041876,0.01458546913602142,-0.009878818008693878,17.164974232481942,0.0029383652724484
2021-04-06,601225SS,-0.01620188724259253,0.015037912472090006,-0.0027185711962775575,0.02495673740196575,17.553576216860822,0.0043338461002127
2021-04-07,601225SS,0.020656264268898702,-0.007933084121485884,-0.005459579381098015,-0.008841759149813519,17.755078163733288,0.005301327939659
2021-04-08,601225SS,0.00796826262410873,0.015803687938258766,0.009986513671501135,-0.0035586396254089756,17.636223498450377,0.0047072443639861
2021-04-09,601225SS,-0.020490762484034634,-2.3478106401517798e-08,-0.0009037085966155016,0.01591537456617693,17.778834610749918,0.0054287765272915
2021-04-12,601225SS,0.025767747789760643,0.01469979485195939,-0.014572281195371815,-0.03936103833679154,18.27389149882193,0.0089064050531273
2021-04-13,601225SS,-0.03936101949414674,-0.051067410671189285,-0.01199820312237475,-0.011932213588606038,17.91063549894498,0.0061935887338553
2021-04-14,601225SS,-0.013780841602998273,-0.0018085009990266446,0.0018550149916180022,0.018298528016738622,17.14712049856087,0.0028863700147595
2021-04-15,601225SS,0.021958934123761605,0.017937842793092382,0.015632668633288375,0.009923615629464585,17.4689372233735,0.0039821281881375
2021-04-16,601225SS,0.01704843708535127,0.021978964926569446,0.01987426823089596,0.01867557042681696,17.92979018969209,0.0063133685227838
2021-04-19,601225SS,0.014134527952548492,0.008658125745183558,0.01685183279049412,0.00789820185153946,17.82818413063668,0.0057034046988267
2021-04-20,601225SS,-0.006159331673351668,-0.005185951264591343,-0.00883400706897674,0.003490323703390343,17.473395635642945,0.0039999217939107
2021-04-21,601225SS,0.005281739295446596,-0.0008669466528364036,0.00442667714646657,0.0,17.133208280241437,0.0028464922408693
2021-04-22,601225SS,0.015679882074143964,0.01975182565832814,0.014906200971122267,0.007809338659170944,17.503044256955857,0.00412028951479
2021-04-23,601225SS,-0.0060685762652267295,-0.01369892774090045,-0.01667442614840604,-0.01129966236256133,17.49897367014541,0.0041035516078794
2021-04-26,601225SS,0.002605336641358809,0.0043010771589631945,0.003533630046918196,0.00783642273869346,17.91491703704095,0.0062201636706171
2021-04-27,601225SS,-0.005217417588655665,-0.01122151315242845,-0.007968243993975305,-0.0078364227386934,17.384905752034875,0.0036611778896552
2021-04-28,601225SS,-0.0043686758572187455,0.01976861324208756,0.008849716542743509,0.02332729925149082,18.057756600089082,0.007175236948376
2021-04-29,601225SS,0.025076894821738957,0.025211360038182324,0.01660140510031175,0.022795298472445904,18.161011295205153,0.007955714550197
2021-04-30,601225SS,0.021124497440783343,-0.007496997457233276,-0.03348338789789075,-0.06287049923019845,18.725968443827256,0.0139970645972857
2021-05-06,601225SS,-0.03922056217255189,0.0008359443362962846,0.030011246259065438,0.049425011679204205,18.61682364440386,0.0125497762374729
2021-05-07,601225SS,0.032509219939670216,0.02638231033728943,0.024056051927557484,0.018441382294266045,18.72527972519333,0.0139874278768816
2021-05-10,601225SS,0.030669650906720473,0.031240090086087247,0.03257079519655056,0.0517915738478057,18.874248707071253,0.0162343261756553
2021-05-11,601225SS,0.011363678814887356,-0.01509777480938381,-0.015735466336900518,-0.023943804121196746,18.50610014358489,0.0112343869038685
2021-05-12,601225SS,0.012033827551454854,0.026078140615001272,0.026360742148045343,0.013638423014743476,18.22662944188602,0.0084952622801317
2021-05-13,601225SS,-0.02339760089897326,-0.04140715552954764,-0.033901544034622894,-0.04314871931218686,18.217686059006276,0.0084196246283642
2021-05-14,601225SS,-0.02061926022449205,-0.013917518516533138,-0.013548088959015183,-0.011715616644744613,18.1319537123876,0.0077278670925306
2021-05-17,601225SS,-0.009208828900934747,0.003292262187418593,0.007643443828469743,0.005875020158329649,18.097947618021472,0.0074694905978681
2021-05-18,601225SS,0.011705704465847863,-0.0008221130250037473,0.007585320649880477,0.0025072283139777715,17.552974178841158,0.0043312377452701
2021-05-19,601225SS,-0.005000031915739855,-0.015748388115735534,-0.016935255692310167,-0.016835464925299276,17.485876973405066,0.0040501590319207
2021-05-20,601225SS,-0.044413828640096166,-0.044413828640096166,-0.04452941970034191,-0.036304772588753906,18.43112337934634,0.0104228714460491
2021-05-21,601225SS,-0.012302173449197446,0.011289964877811746,0.009773778621834359,0.01137890153321069,17.499579284059745,0.0041060375285719
2021-05-24,601225SS,0.008802649169468161,0.0025871264801497983,0.0026488104239841682,-0.001742291620594141,17.579128214166747,0.0044460114483561
2021-05-25,601225SS,0.012195434813686982,0.0017213420650737448,-0.003533437324986186,0.008680692240061233,17.744198174221758,0.0052439621814641
2021-05-26,601225SS,0.001730026462121102,0.0008594605423043751,0.015803573533700835,0.002589581283178577,17.229569178188736,0.0031344331515447
2021-05-27,601225SS,0.00431206876702951,0.022090738283823533,0.011260257142960776,0.01709425865894395,17.812154672633486,0.0056127110381118
2021-05-28,601225SS,0.022970044899350266,0.006700233312335063,0.012837242691612067,0.002539170802405733,17.526199765904487,0.0042168100968675
2021-05-31,601225SS,0.007540839017109548,0.002501124790921577,0.002547773498591581,0.004217676144539855,17.374766231924706,0.0036242428698979
2021-06-01,601225SS,-0.010910670574657541,0.0016638367694920032,-0.011087559348526727,0.01088331571123452,17.751713381111337,0.0052835200997438
2021-06-02,601225SS,0.013411744269265597,0.007453452301615888,0.021214191612002952,0.0008323009335100355,17.646094479572678,0.0047539395698571
2021-06-03,601225SS,0.0066391369872295415,0.009852402074860335,0.00836139948305946,0.009109880088958949,17.900024154208936,0.0061282138984466
2021-06-04,601225SS,-0.01584044802420205,-0.012330719974686682,-0.023590170346853997,-0.013278329350146298,17.615192137784145,0.0046092783976231
2021-06-07,601225SS,0.015840482163216357,0.013963444906074046,0.02774477542949775,0.016570544367119366,17.59987333598314,0.0045392078425544
2021-06-08,601225SS,0.0024781908541547317,-0.004906116168843476,-0.01083806749975974,-0.009909340600162622,17.450353194512402,0.0039088076071321
2021-06-09,601225SS,-0.002478448337568289,0.030672154715966255,0.008347091712898463,0.026209347001203386,18.2004720567083,0.0082759295211569
2021-06-10,601225SS,0.018033441787101635,-0.013605513535660176,0.013212546031449645,-0.006488111927891472,17.650027766703925,0.0047726750013572
2021-06-11,601225SS,0.006477845012867394,0.005624835286520942,0.0008201229810312431,0.000813453357209388,17.449585296703777,0.0039058071944096
2021-06-15,601225SS,0.0008065774951222613,-0.0016039508421023523,-0.010713067281056539,-0.0032574697096791503,17.760537472974626,0.0053303486733363
2021-06-16,601225SS,-0.010539114823426014,-0.0016064318475699669,-0.009991716415665696,-0.021435268395551474,17.786461216760248,0.0054703379526262
2021-06-17,601225SS,-0.01809259795723134,-0.024411217360284863,-0.0025135720708830945,-0.0016680730034972413,17.618346357508237,0.004623840028002
2021-06-18,601225SS,-0.008333338211907237,-0.013267184298066184,-0.030666693357516622,-0.02279529847244597,17.63931287366062,0.0047218092950356
2021-06-21,601225SS,-0.025425120885040557,-0.019385319622601524,-0.005203869910172705,-0.009438055605750973,17.35997561379456,0.003571032552844
2021-06-22,601225SS,-0.0017182887527260767,0.002549797109371709,0.006068361603988289,0.010291558079334335,17.25680832985292,0.0032209859146984
2021-06-23,601225SS,0.0111159894761343,0.025148034549118143,0.013734112724867742,0.025275164171299942,17.703523126067584,0.0050349435023883
2021-06-24,601225SS,0.026019128416502942,0.013974831323902193,0.01941820859579575,0.005806790581251608,17.738273226205493,0.0052129838406824
2021-06-25,601225SS,0.014802818807750463,0.023397486814643258,0.018227427267829575,0.03414955716965666,18.24920360928194,0.0086892166985837
2021-06-28,601225SS,-0.012320362900090817,-0.034066471002375975,-0.028311555032356495,-0.04831058477550081,18.089721108983937,0.0074082948240243
2021-06-29,601225SS,-0.018349144007136463,-0.017478584088976228,-0.009334002148593746,-0.010965940169549923,17.319098118197644,0.0034280009835734
2021-06-30,601225SS,-0.005063435750602813,0.007528180890149608,0.002554239950486665,0.005076090116546783,17.072940720160542,0.0026800082723717
2021-07-01,601225SS,-0.00254111163999904,-0.005850224892025375,1.6320561547120532e-07,-0.0076237746338405,16.85934914286603,0.0021645842155475
2021-07-02,601225SS,-0.007662964279865904,-0.011804628844324,-0.029337829492334724,-0.022357005031725344,17.515686095416005,0.0041727081866295
2021-07-05,601225SS,-0.00600094986970821,-0.005955005119692656,-0.0008761611466262915,0.005203763435205071,17.65594260551428,0.0048009882569203
2021-07-06,601225SS,-0.005172465772671239,-0.0008536302966910174,0.0017513497743866465,0.010327099753827614,17.58727658750839,0.0044823872107384
2021-07-07,601225SS,0.001727235905813686,-0.007715359074329125,-0.009670378472428671,-0.019888209968173958,17.851017190867207,0.0058351289957852
2021-07-08,601225SS,-0.012152995716550244,-0.013865065501443249,-0.04702493256682975,-0.042825453254904375,18.409397557541734,0.0101988681350276
2021-07-09,601225SS,-0.024315502723939748,-0.02037383972007317,0.02150039035171032,0.02043859706017539,17.726763026605184,0.0051533253541711
2021-07-12,601225SS,0.00673416261285309,0.021853716244439023,-0.0039176611281594685,-0.010653752216690359,17.85142575785698,0.0058375135240026
2021-07-13,601225SS,-0.007699690148062927,0.003752397481570668,0.013645521246195839,0.03256990330979922,17.851354653254727,0.0058370984646745
2021-07-14,601225SS,0.025752401713690223,0.07136204555958185,0.02768668253616644,0.02420972358172982,18.38868717436894,0.0099898178932891
2021-07-15,601225SS,0.023267770965595635,-0.02650324911211055,0.0056339424671807935,0.024535660111514323,17.81828454765974,0.0056472219216044
2021-07-16,601225SS,0.024535574713081487,0.022134590997230728,0.038572280578370026,0.0,17.97939833131979,0.0066344615752696
2021-07-19,601225SS,0.017794025908911833,-0.0026304238353930314,-2.0528360111557785e-08,-0.0008981102767602214,17.776977133093574,0.005418702055449
2021-07-20,601225SS,-0.02953253262873426,-0.010591631328518588,-0.02647366461289304,0.008944360021588552,17.593005994749287,0.0045081423434396
2021-07-21,601225SS,0.02067500698934683,0.0061920974958331095,0.016514231530668753,-0.01164343089276623,17.24643815112479,0.0031877563102748
2021-07-22,601225SS,-0.014337212975490374,-0.000882306755713166,-0.0027335258952251008,0.00986103449557923,17.530935541104505,0.0042368273231664
2021-07-23,601225SS,0.019661146679732715,0.025273751784682365,0.024336521502996318,0.004450481067166727,17.88577676598402,0.0060415218882518
2021-07-26,601225SS,-0.0026583793457618907,-0.024391435237675164,-0.03719248819208506,-0.019731611062774566,18.164152240260698,0.0079807422976144
2021-07-27,601225SS,-0.01429873525371539,-0.0035335084913787544,-0.013023322440526274,-0.03034708870567803,17.98026572621261,0.0066402187699657
2021-07-28,601225SS,-0.03480210149310348,-0.03695781685046511,-0.026567135363286143,-0.0018692449619835106,17.663266408098476,0.0048362788206965
2021-07-29,601225SS,0.009276459183050888,0.006407235724545518,0.006708200114489569,0.007455767083538204,17.813052804367267,0.0056177542564985
2021-07-30,601225SS,0.0009229963493799041,0.026115883879716063,0.03195766031166235,0.03646712646919679,18.14157960310825,0.0078026138726736
2021-08-02,601225SS,-0.0036968413025552267,-0.02977213435253593,-0.02719340265084319,-0.03183535770330568,18.224759858041548,0.0084793945125083
2021-08-03,601225SS,-0.0037105999714264148,-0.005509718596909639,-0.0009510683426320022,-0.022430850180345213,17.731453171681636,0.0051775519669461
2021-08-04,601225SS,-0.009337217509583487,0.005509648483071617,0.004746065420118883,0.024277544940831782,17.609518155739757,0.0045831994897651
2021-08-05,601225SS,0.011194190397426904,0.012739110841806072,0.004723656363909373,-0.016744551553261367,17.772728147394393,0.0053957269125616
2021-08-06,601225SS,-0.010256381578275008,-0.009995508522585008,8.666782959876929e-08,0.02501301235357033,17.70731840701782,0.0050540888359187
2021-08-09,601225SS,0.024989545394856837,0.004555693175765562,0.015895479663805997,-0.00826846080030897,17.500704955590162,0.004110662180668
2021-08-10,601225SS,-0.011954006973581892,-0.006383861493500121,-0.006514571493131105,0.004602039578910599,17.517392709420353,0.004179835469063
2021-08-11,601225SS,0.011953971641357808,0.03505959917895044,0.020333325560195546,0.026281410024525595,18.25249668019413,0.0087178780717492
2021-08-12,601225SS,0.020805965021796588,0.006164865533595871,0.01543391632363032,0.01332767703066028,18.250317599475657,0.0086989017944412
2021-08-13,601225SS,0.008025025165778165,-0.003518028025868875,0.005390802634099647,-0.012433581442926061,17.668259135903245,0.004860485423156
2021-08-16,601225SS,0.01147910479573456,0.018333062238874844,0.005361920846194375,0.008896830190867414,17.9545871246452,0.006471877864817
2021-08-17,601225SS,-0.01592953070835071,-0.01921455138172378,-0.024358448643906867,-0.030577899532740163,17.68962581831919,0.0049654553093887
2021-08-18,601225SS,-0.01982039921241907,-0.024097498917170532,-0.01843359058469518,-0.0018280150489887058,17.462755526117828,0.0039575878053635
2021-08-19,601225SS,-0.013742834186360381,-0.017312563891537708,-0.009345994922069022,-0.01940024624239585,17.415086337052546,0.003773358709692
2021-08-20,601225SS,-0.01487007857659063,-0.017617496757785765,-0.029539903094623975,-0.02359706076070656,17.888568628507784,0.0060584125543237
2021-08-23,601225SS,-0.0018745500085203437,0.021287199194032016,0.03047842826070694,0.035650972432740416,17.93359324487774,0.0063374243258551
2021-08-24,601225SS,0.029577014099762274,0.02353054185284642,0.02775390470949151,0.021878724109056284,17.967211095991154,0.0065540965380335
2021-08-25,601225SS,0.01356865590695541,0.023863093046650005,0.008178034952405256,0.03194577294885629,18.069281899745597,0.0072584120940452
2021-08-26,601225SS,0.020454325971329165,0.04858237231843335,0.023257000474635275,0.03770814470547837,18.683553140837173,0.0134157894801726
2021-08-27,601225SS,0.013117841599780708,-0.015933313598013466,0.011428604093897725,-0.012695962622109015,17.977812555794568,0.0066239491456966
2021-08-30,601225SS,0.03416211587081245,0.059081997169303735,0.03689823764313466,0.059521709451426555,18.736227796589194,0.0141414045730117
2021-08-31,601225SS,0.045947504167829084,0.08840490919850233,0.04368233648456541,0.09560207355343013,19.443963749842254,0.0286984451631669
2021-09-01,601225SS,0.12284906814778716,0.05464288380213071,0.0715702251685618,-0.003653628569698324,19.3275257369654,0.0255440632742383
2021-09-02,601225SS,-0.014286067146466729,-0.004846011322187837,0.025205145370544926,0.02815051098242819,19.093955887007297,0.0202232934564244
2021-09-03,601225SS,-0.0028818523270129647,-0.008362418775342006,-0.007347538140021829,-0.0049947139189368064,18.601312164937784,0.0123566126390678
2021-09-06,601225SS,0.03125258100226674,0.05048819611550484,0.0517356241438065,0.06104531151361093,18.856167349830983,0.0159434253886183
2021-09-07,601225SS,0.048457077081506,0.046157009240825365,0.026262714629589155,0.01734531378822555,18.733669328324638,0.014105270481605
2021-09-08,601225SS,-0.000666459791783475,-0.01214457755669374,0.004084445391219473,0.0,18.609978568239566,0.0124641654031919
2021-09-09,601225SS,0.014560252157366784,0.04649091120604065,0.006770551115946121,0.03827917479462127,19.06352672204931,0.0196171839905619
2021-09-10,601225SS,0.005242301071166406,-0.05748367711277852,-0.007450231884583187,-0.052936437161723374,18.7139916074946,0.0138304239500804
2021-09-13,601225SS,-0.013820491941680882,0.06360345002950947,0.02285053269311053,0.08303267935843442,18.918976208126868,0.0169769306452465
2021-09-14,601225SS,0.042808094018511975,-0.00244342320324583,0.013201510823605623,-0.03073308883239785,18.929671735809954,0.0171594823813768
2021-09-15,601225SS,-0.0006351098586570047,-0.02163917146982195,0.0013106731202352975,0.0019090147284676067,18.64907884988266,0.0129611709960396
2021-09-16,601225SS,0.03250291587605915,0.05057430755758746,0.04042896215372877,0.01889234761548268,18.828216979128722,0.015503970804103
2021-09-17,601225SS,-0.03632216829798709,-0.03815179882308978,-0.09148108705115852,-0.07108946195190124,18.814690994975162,0.0152956762096403
2021-09-22,601225SS,-0.051024768677523834,-0.02310434190196316,0.0204646523009314,0.05790238941552452,18.524007522969068,0.011437377423821
2021-09-23,601225SS,0.07745802702072539,0.05290281928501545,0.031242028335579163,0.026817884412697952,18.751036484318597,0.014352378486835
2021-09-24,601225SS,-0.010615145693476182,-0.04660561968168929,-0.043470536496831934,-0.10433536988011714,18.774771768444705,0.0146971112516045
2021-09-27,601225SS,-0.07020421712762479,-0.05682610419623282,-0.03760885109954705,0.007485585816381863,18.72811223640249,0.0140271035878434
2021-09-28,601225SS,-0.0006736578072814379,0.032039323724630434,0.03624085063152758,0.033336405375778616,18.585806174572802,0.0121664889582864
2021-09-29,601225SS,0.0331375032139133,0.008330664101159926,-0.03411403295405001,-0.06782265098957999,18.691191764075207,0.013518660036757
2021-09-30,601225SS,-0.07090368742061046,-0.05509578103817715,0.0021225023633099373,0.037870416136170745,18.480864807560813,0.0109544306248153
2021-10-08,601225SS,0.052482060319253676,0.02002718371563382,-0.010657468158195509,-0.026704994878356553,18.80881144899126,0.0152060084386066
2021-10-11,601225SS,-0.03651494584774684,0.015738278204587328,0.026781294099902916,0.05993070490623963,18.653626678542377,0.0130202504211523
2021-10-12,601225SS,0.03717886586724671,0.009067356243190874,0.002083953573628598,-0.02985303552534986,18.760094129722397,0.0144829677656905
2021-10-13,601225SS,-0.02281984903489751,-0.05159884859253978,-0.06006100410924732,-0.058942617366264834,18.607203612862005,0.0124296258451235
2021-10-14,601225SS,-0.06304607565199288,-0.04158601101652459,0.009534351139521915,-0.0007145737127879036,17.843743771692964,0.0057928416292102
2021-10-15,601225SS,0.007922352025546768,0.027915371363764027,0.005822544250598703,0.03718438556098245,18.163578208278768,0.0079761624108634
2021-10-18,601225SS,0.029684078509778125,0.046394824802423934,0.035641606033146575,0.035186189090971785,18.656328692406934,0.0130554788910628
2021-10-19,601225SS,0.04693150563200864,0.010457643015769636,0.03306093794280292,-0.01271338357290153,18.51016806742189,0.0112801806140815
2021-10-20,601225SS,-0.1086883633108218,-0.09544031234381678,-0.09517474233750528,-0.07405624678488097,18.777171347901525,0.0147324204847988
2021-10-21,601225SS,0.01980269209129135,0.08169212587978744,0.024292718435514678,0.08876233490048482,18.989802345287274,0.0182229454526951
2021-10-22,601225SS,0.08288753227990324,-0.009937218409021916,0.015157179121990475,-0.07222117496289651,18.71291960843953,0.0138156056925622
2021-10-25,601225SS,-0.039541495960604134,-0.037304998831159696,0.0028613484328589896,0.0183751428391551,17.765483758240563,0.0053567794120512
2021-10-26,601225SS,-0.003483165795883504,-0.0048494210670039384,0.0035650376792787384,-0.013394643532488664,17.779757254826375,0.0054337876672859
2021-10-27,601225SS,-0.029028576169136358,-0.026030305049621692,-0.03993272395109369,-0.03686722026795404,18.468251832017053,0.0108171303606059
2021-10-28,601225SS,-0.07920490497713945,-0.06249725955535022,-0.09961564655165367,-0.0804723056181242,19.401691316774663,0.0275105760004887
2021-10-29,601225SS,-0.025198175389508415,-0.0308191396134402,0.002451945955767217,-0.0015974202618241008,18.419179036954624,0.0102991176497168
2021-11-01,601225SS,-0.019324366603751374,-0.0047059614765801025,-0.002452073721773599,-0.012872361138778187,18.033899225486525,0.007006080468151
2021-11-02,601225SS,0.008903423348607883,-0.016647121817154494,-0.039220620692143014,-0.028749329861299813,18.391434594229928,0.0100173018553637
2021-11-03,601225SS,-0.030268207227515383,0.007961722956988004,0.014364370428653604,0.03922061945461892,18.297097192786115,0.0091155010916703
2021-11-04,601225SS,0.02703982777238409,-0.01598744849784389,0.017464151684590173,-0.013715264645874779,17.69835843833737,0.0050090066265121
2021-11-05,601225SS,-0.013018997480746393,-0.016247407248795098,-0.02335394419250859,-0.03639788687813164,17.83755164970898,0.0057570824733546
2021-11-08,601225SS,-0.031616675487999804,-0.012361120935976338,-0.007623993621705491,0.008389287115415884,17.712518073050017,0.0050804368515766
2021-11-09,601225SS,-0.0016918738355645722,-0.010000021306806904,-0.011115853596859402,-0.01600025435695112,17.8665632899369,0.0059265512795353
2021-11-10,601225SS,-0.009357923091314295,-0.019450974806413935,-0.02790073199430692,-0.011097091140936148,18.077680854487262,0.0073196319008968
2021-11-11,601225SS,0.0025608434503974833,0.02696037223404724,0.027900694452939502,0.0203916376217149,17.855229842305544,0.0058597622099199
2021-11-12,601225SS,0.008489022296971706,-0.001663878243965699,-0.0008602603993554636,-0.019533597345483714,17.526148177044014,0.0042165925620457
2021-11-15,601225SS,-0.01963356025131484,-0.020185714692753473,-0.01386504666770075,-0.000858040276231058,17.642832018503668,0.0047384552988992
2021-11-16,601225SS,0.004300980321142547,-0.0034043724729917743,-3.5948744405717914e-08,-0.014699832199735597,17.23557401738586,0.0031533115433402
2021-11-17,601225SS,-0.008620622922454807,0.01186464620346796,0.005222051252302812,0.029186706006250968,17.534570053349658,0.0042522541418267
2021-11-18,601225SS,0.02985281966973847,0.03720963944440288,0.02570819624536175,0.006745286992023911,17.963944062273384,0.0065327190228631
2021-11-19,601225SS,-0.0008404785677616288,-0.0016245055335049419,-0.006791041339469105,0.027353694124139887,17.759911611125105,0.0053270136551317
2021-11-22,601225SS,0.03714823342111127,0.030426637347467665,0.018565898964147693,-0.010686485984220678,17.87057994955031,0.0059504040913647
2021-11-23,601225SS,-0.017989117398803406,-0.02961405654784639,-5.77551030358992e-08,0.009049749362632054,17.50418671641505,0.004124999468592
2021-11-24,601225SS,0.020417272417302512,0.02566303760285526,0.02150629034644551,0.027465455992179894,17.985319640859572,0.0066738628148417
2021-11-25,601225SS,0.018422615734403052,0.003950976307635551,0.007337947343096989,-0.014446554968378473,17.62473374412908,0.0046534688070916
2021-11-26,601225SS,-0.03390150696077482,-0.026369829179549012,-0.023008416559349546,-0.015478839880875431,17.288056500962703,0.0033232249085925
2021-11-29,601225SS,-0.013223217499188875,-0.022932981489125367,-0.012547081574622525,-0.011560747977428176,17.496306276551554,0.0040926204057239
2021-11-30,601225SS,0.0008314245842117126,0.010712810264685735,-0.013559632649584553,-0.013378229159655088,17.56393508668731,0.0043789731781103
2021-12-01,601225SS,-0.007509339006398906,0.019481213437182898,0.009341960570810508,0.04284021424233198,17.87812357441286,0.0059954614425958
2021-12-02,601225SS,0.03132980166536272,0.023044264181517,0.03570321878738277,0.01996068432194485,17.776859393590993,0.0054180640977094
2021-12-03,601225SS,0.015304406935054643,0.07197355538763742,0.005693359306464912,0.050106862045792865,18.44754775180661,0.0105954741358197
2021-12-06,601225SS,0.05141329024171815,-0.01844378977574241,0.05904914067584503,-0.009822416552227054,17.83879989135889,0.0057642731905512
2021-12-07,601225SS,0.009070268582825392,-0.002236434493386508,-7.972377687174745e-08,0.012075527195163596,17.560445481787728,0.0043637189226349
2021-12-08,601225SS,0.006001504452912915,-0.002241304181260087,-0.02007792075492825,-0.023530464774824414,18.06581804262386,0.0072333134853557
2021-12-09,601225SS,-0.02729512129575672,-0.02499187783980737,-0.007045099936596946,-0.013921410651926865,18.104819488213675,0.0075209967374323
2021-12-10,601225SS,-0.015492133585760424,-0.01001933266812093,-0.011058488568040401,-0.014908097261978205,18.096782843953132,0.0074607953937531
2021-12-13,601225SS,-0.0031273871955326458,0.02750374537987578,0.014195901294048654,0.020345063600198728,18.333877341698127,0.009457012505079
2021-12-14,601225SS,0.01090339804466331,-0.027503778904334066,-0.03101651849406538,-0.02271943409762743,18.07093164658745,0.0072703965195603
2021-12-15,601225SS,-0.025893942172953335,0.0015480290053683195,0.013638409933972466,0.01728246775940688,17.542622929829903,0.0042866352677063
2021-12-16,601225SS,0.03207162482155674,0.0694568095715714,0.03137514960768607,0.06483056573270962,18.75203348399971,0.0143666949392758
2021-12-17,601225SS,0.05321586108248596,-0.005063424718744173,0.006158452459701466,-0.04784180770030717,18.524866257565584,0.0114472033139089
2021-12-20,601225SS,-0.06171998642789542,-0.055922032543247756,-0.019372839665693673,-0.01543236094311636,17.720529995565283,0.0051213044140633
2021-12-21,601225SS,-0.009360426951576259,0.013709307804969074,-0.005492333096713584,0.006201571288058626,17.844033785484093,0.0057945218768381
2021-12-22,601225SS,0.01478043780165884,-0.018321218374529682,0.003926167890158109,-0.008537123725096985,17.46534508347392,0.0039678494871167
2021-12-23,601225SS,-0.007751926615723512,0.010728104557889438,-0.004713311634365331,0.017001981477056647,17.47231070427963,0.0039955845064488
2021-12-24,601225SS,0.012374486728975873,-0.006883386510555272,-0.022293878158501288,-0.039067449969222456,18.09461951027646,0.0074446726493257
2021-12-27,601225SS,-0.03839085397700425,-0.027228343661171734,-0.008084095407924208,-0.008000019279516296,17.90371925084924,0.0061509001295103
2021-12-28,601225SS,-0.005606826939836614,-0.015097699560229537,-0.01636699443170195,-0.013748738912606327,17.870289731639353,0.0059486774280564
2021-12-29,601225SS,-0.01212135700813449,-0.0032077255243906024,0.010668938489128959,0.004063382711847063,17.34799523280895,0.0035285054750665
2021-12-30,601225SS,-0.0032573971868182804,-0.010496742734638674,-0.015631779376213063,-0.016353647076694205,17.668468356306565,0.004861502442285
2021-12-31,601225SS,-0.009836046570724698,-0.007331932370416979,-0.0033221702078781276,0.005754292409398575,17.74044534639836,0.0052243193749865
2022-01-04,601225SS,0.03321487682275984,0.03455550235238118,0.01813730115273695,0.005721369883780887,18.114359747638836,0.0075930923570608
2022-01-05,601225SS,-0.0266466565994551,-0.023981931829550853,-0.014814983710455849,-0.014778570201569538,17.725454002603975,0.0051465839407601
2022-01-06,601225SS,-0.00904246530897997,-0.013029507075812281,-0.002490737231843289,-0.0008275099851522714,17.556966783706354,0.0043485652344669
2022-01-07,601225SS,-0.002480452373581809,0.001637930140150652,-1.0934987724767982e-07,0.004954518370822499,17.45657348252273,0.0039331972936639
2022-01-10,601225SS,0.022914283404719252,0.021854375560087107,0.014851828800216394,0.027621557692896835,18.180827510252705,0.0081149391062911
2022-01-11,601225SS,-0.0008093903636492612,0.0015999768892013021,0.006530569153936925,-0.009661962082127086,17.42840546102042,0.0038239527295648
2022-01-12,601225SS,0.004040471736459017,-0.0024008926618519534,-0.007349860517456045,0.007255307189403297,17.55201964594993,0.0043271054088234
2022-01-13,601225SS,0.004024132522519748,0.054573192746497065,0.018676960748140715,0.026942971796717313,18.497612701332233,0.0111394391944784
2022-01-14,601225SS,0.0175163866022331,-0.037098579944557404,-0.018677000130753928,-0.0472276826647721,17.980647575894324,0.006642754819593
2022-01-17,601225SS,-0.03371105627725824,-0.025519694858911784,-0.0008200199483784053,0.006535971955448535,17.255092181240045,0.003215462964469
2022-01-18,601225SS,0.007320155227425753,0.0317992129302627,0.004093410690144038,0.03834345625572535,17.840939852831003,0.005776621721292
2022-01-19,601225SS,0.052103244963586266,0.054808175733866815,0.04863450098750359,0.012461126750066817,18.286861241256695,0.0090226711750548
2022-01-20,601225SS,-0.011605527310974261,-0.032370192034612416,-0.00859721972620446,0.00540329792607344,17.61870671360069,0.0046255065572178
2022-01-21,601225SS,0.01544433018412529,0.022693901094837068,0.013255583688097766,0.01755106438704466,18.016694371974815,0.0068865728814012
2022-01-24,601225SS,0.004587146973200306,0.0029873271304469615,0.003865524598218979,0.006784833080898328,17.777698420333856,0.005422611906068
2022-01-25,601225SS,0.005325209359322147,-0.01502663577469776,-0.006968752433344344,-0.031288453418857484,17.634050848755983,0.0046970282727456
2022-01-26,601225SS,-0.016061537702944377,-0.01525581569545688,-0.02120217287382448,-0.007001137521388303,17.42846836158843,0.0038241932659348
2022-01-27,601225SS,-0.0054117657346519805,0.01827921370061474,0.020424819265277207,0.004672835435921065,17.439291680942926,0.0038658085334587
2022-01-28,601225SS,-0.009345707660944481,-0.02599521331276706,-0.03561895911129879,-0.025975334472946206,17.562836262966595,0.0043741641010444
2022-02-07,601225SS,0.0015636612887753635,0.016897407508655926,0.023886404798900012,0.03986451973880753,17.7086631110861,0.0050608896614005
2022-02-08,601225SS,0.04506304400097408,0.056269528937210815,0.037069891197670485,0.052250720212569955,18.694828098955735,0.0135679078987542
2022-02-09,601225SS,0.025803126078157542,0.013586205113116687,0.029139222881798363,-0.002913286470600319,18.406189146137855,0.0101661984068547
2022-02-10,601225SS,-0.025056685136039144,0.0014193856385425888,-0.024600657569085832,0.02093173976973808,18.180089678634253,0.0081089538558856
2022-02-11,601225SS,0.038072150587630686,0.02728408478747638,0.04500958524821002,0.010657436204442348,18.19312448344186,0.0082153443713743
2022-02-14,601225SS,0.018505683161717378,-0.009708970824525223,-0.0007219078913756855,-0.012802603823606876,17.675231760631213,0.0048944941921334
2022-02-15,601225SS,-0.03736063373775362,-0.03258072138980831,-0.01748040282312024,-0.016600856331615222,17.575449297061414,0.0044296849906651
2022-02-16,601225SS,0.004382813897651452,0.015005658064598543,-0.000734955536953623,0.010857926456775177,17.48471267693264,0.0040454461900319
2022-02-17,601225SS,0.007262192785746073,-0.011412410919077309,0.010969041610216114,-0.0021621742036310207,17.08365304298347,0.0027088717084656
2022-02-18,601225SS,-0.0014482783638446706,0.04420213593984412,0.0036296937809148595,0.04583102558814584,17.918746226893326,0.0062440275190638
2022-02-21,601225SS,0.0515468715551038,0.022396606422989417,0.04116977260190904,0.01640501845085184,17.873348436720356,0.0059669005335916
2022-02-22,601225SS,0.013670774689479463,0.010016851015218325,0.01381239559283033,0.007429967896303674,18.01110669067933,0.0068482002133051
2022-02-23,601225SS,0.007440029672750168,-0.013378131882504161,-0.006882384954786353,-0.006752200457679589,17.961937494002186,0.0065196238185447
2022-02-24,601225SS,0.010057004478984647,0.014042314952720479,0.002069682980999052,-0.0027137475830676136,17.91680986313235,0.0062319485087068
2022-02-25,601225SS,-0.029792257789222197,0.0013271396156767945,-0.07214836489589933,-0.04374176237128005,18.926376222999963,0.0171030261642244
2022-02-28,601225SS,-0.038533611330721376,-0.035778285013656215,0.03636770995132172,0.00988710897318593,18.396772762208688,0.0100709188769233
2022-03-01,601225SS,0.011363649763998404,0.012973766396487925,0.007826313807253514,0.03385465339809414,18.16859954606448,0.0080163141404134
2022-03-02,601225SS,0.04959702527999012,0.01615114197121506,0.0320809234024913,0.008792825169346166,17.8780114324142,0.0059947891372527
2022-03-03,601225SS,0.009364607623254395,0.0270019905344003,0.025746655723078323,0.008048293238419135,18.158265272173804,0.0079338979426906
2022-03-04,601225SS,-0.004671387399109186,0.005184714022399953,-0.010084091085639988,0.015247201370062288,18.007265683549086,0.0068219466793431
2022-03-07,601225SS,0.04575959272992101,0.02363570137063737,0.01741504377451357,-0.0013166360352624023,18.234456292764957,0.0085620143203488
2022-03-08,601225SS,-0.042420591187901424,-0.04784352661459155,-0.04204004550840185,-0.04307522226851667,18.137208411431573,0.0077685815864182
2022-03-09,601225SS,-0.027028637375222108,0.011850006063526767,-0.014649715587873018,0.02042278742428573,18.149714539653797,0.0078663465213123
2022-03-10,601225SS,0.0006846385364580975,-0.015166771279003477,0.002807074750009415,-0.02042278742428568,18.42102218565451,0.0103181179600326
2022-03-11,601225SS,-0.007557637881578911,-8.504466148781073e-08,-0.009859343816568736,0.009582489448463523,18.180422429546347,0.0081116525666859
2022-03-14,601225SS,-0.006226214002460529,3.600166522263968e-08,0.009158262242853894,-0.027626069761303183,17.946267261581518,0.0064182560985434
2022-03-15,601225SS,-0.02033016963393935,-0.06378577407983396,-0.07346087277628977,-0.07486237995146204,18.232928648438595,0.0085489445930817
2022-03-16,601225SS,-0.053831186898188534,-0.019306989975116116,-0.0030234572014518264,0.041395419182769295,17.753055412558894,0.0052906155100769
2022-03-17,601225SS,0.038127739170670374,0.023547272180362906,0.013534053652453013,0.005055955248597083,17.94078183753798,0.0063831456276069
2022-03-18,601225SS,0.0021559415366585234,0.022316051330898964,0.0395365688861229,0.03816711835387962,17.817044176355086,0.0056402216118431
2022-03-21,601225SS,0.026913957221704816,0.04186985778556396,0.026913957221704816,0.028710254903341375,17.834728367713712,0.0057408515288191
2022-03-22,601225SS,0.03028444897513467,0.011834466763161846,0.03028444897513467,0.029218507322214312,17.956768190383382,0.0064860088608284
2022-03-23,601225SS,0.033336351206805934,-6.90607859209971e-08,-0.008852705352678588,-0.013838842935598502,17.772788055863295,0.0053960501719887
2022-03-24,601225SS,-0.00591906384357349,0.011049910042113349,0.02832293855217565,0.013838842935598583,17.556262302565166,0.0043455028310247
2022-03-25,601225SS,0.00526319496303947,0.0032268922761996923,0.007287220662625494,0.0013081044741474243,17.642924549325873,0.0047388937723594
2022-03-28,601225SS,0.013685283321679922,0.033579085353932246,0.009852161652094,0.032156938803258206,17.961425558665955,0.0065162870468588
2022-03-29,601225SS,0.02933890498335327,0.048641940619472517,0.039095055117088454,0.05360081245748063,18.474323173958975,0.010883004628735
2022-03-30,601225SS,0.018063528961827505,-0.0065495556614769725,-0.000628675137158931,-0.044778981914649914,18.1942221915887,0.0082243673733384
2022-03-31,601225SS,-0.00743501676629964,-0.009603892722101687,-0.005044128624482005,0.03149389011426442,18.150336787257313,0.0078712428598573
2022-04-01,601225SS,0.014201958629450862,0.003612087354579769,0.017544186382069255,0.0006074497837824972,18.12919539487099,0.0077065805520936
2022-04-06,601225SS,0.0024496152619433186,-0.012700369613862847,-0.028348324597150625,-0.032728918072381735,18.185049456919348,0.008149272372447
2022-04-07,601225SS,-0.004904893444590711,0.008484940261388404,0.024614844768795042,0.0223474136002604,17.94459288325095,0.0064075185013479
2022-04-08,601225SS,0.020079673043716925,0.025619435102618097,0.02219555612117757,0.04030600163394259,18.0456138720702,0.0070886368412283
2022-04-11,601225SS,0.011976137168962037,0.026126362829091327,0.009708819652867545,0.008220923950008119,18.285467995784323,0.0090101091321845
2022-04-12,601225SS,0.03509135767272261,0.016482285981456256,0.014388738660828957,0.006412085581192978,18.239624861854164,0.0086063822440081
2022-04-13,601225SS,-0.021493671761992086,0.017323656071949536,0.01065729046864771,0.026943494985117118,18.08632214203074,0.0073831570198715
2022-04-14,601225SS,0.03632559496182374,0.03323648815182738,0.02213253388717052,0.03719546423922556,18.19567643750661,0.0082363363269601
2022-04-15,601225SS,0.03832753372146771,0.02487567730806969,-0.0034621620196669425,-0.044575563881728925,18.383294154166016,0.0099360876174695
2022-04-18,601225SS,-0.07172148511783528,-0.06478250866698344,-0.018670377201256503,-0.026560474105831296,18.07570203163727,0.007305161967273
2022-04-19,601225SS,0.0011702880123060728,-0.021991279407778244,-0.007685488397600029,0.021418978008850488,17.855024084135696,0.0058585566399828
2022-04-20,601225SS,0.00641213578276948,-0.0034266305275283755,-0.015550501464075012,-0.04810303468896006,18.077993556471352,0.0073219211222507
2022-04-21,601225SS,-0.019953629698011954,-0.02139423944015718,-0.011518820807067684,-0.005423361966205903,18.000606880711725,0.0067766715869983
2022-04-22,601225SS,-0.02521139505150517,-0.010575881742748346,-0.004277381596658899,0.001207784959875741,17.87030968898456,0.0059487961490521
2022-04-25,601225SS,-0.006709510464846167,-0.03180598824530981,-0.05023036798848161,-0.04127481343105413,18.160088512506555,0.0079483765405748
2022-04-26,601225SS,-0.008604670049862458,-0.012269882849504818,-0.028078711495502565,-0.039119928401371566,18.402070512869177,0.0101244136705247
2022-04-27,601225SS,-0.05715860014296044,-0.01743525579911086,0.0026453499277484306,0.03786129390520655,17.949411562232815,0.0064384687864295
2022-04-28,601225SS,0.06269873159672461,0.09290899327882106,0.0614791186440423,0.08910837501079898,18.530213779529106,0.0115085814498034
2022-04-29,601225SS,0.07164937484445467,0.0068454553132022465,0.0383841646834379,-0.008678214633922548,18.157542889341162,0.0079281687005486
2022-05-05,601225SS,-0.01671029090638626,-0.0022766279875809,-0.004192827060086862,-0.02411168303285111,17.978758663239216,0.0066302190789415
2022-05-06,601225SS,-0.043950054527173855,-0.00973383488960261,-0.021845566573145354,0.0,17.749924270092553,0.0052740757465483
2022-05-09,601225SS,0.0018198631428683956,-0.041709385475312714,-0.03686762157568645,-0.014388739553691438,17.76197189764122,0.0053380001435197
2022-05-10,601225SS,-0.0128089026823585,-0.02305922311524764,-0.006385742753733773,-0.04571517424983093,18.14030543199075,0.0077926783384342
2022-05-11,601225SS,-0.027381917873606155,0.0115960544400175,0.008293552465641769,0.034786120692035814,17.83203955004431,0.00572543615936
2022-05-12,601225SS,0.03897793825007153,0.023981908682235906,0.011370922697173873,-0.012285130761581487,17.690634260879254,0.0049704652116316
2022-05-13,601225SS,-0.012210130015117508,0.0059066784116683065,0.005012500968861188,0.041760979750972926,17.741869333441773,0.0052317640375276
2022-05-16,601225SS,0.0467991202720835,0.024434042637579558,0.04461477766195952,0.02285476487599521,17.697397643850717,0.0050041963116946
2022-05-17,601225SS,0.008172869450308819,0.01652930609738461,0.02362772773993836,0.0023147105199026246,17.599302885694154,0.0045366191884894
2022-05-18,601225SS,0.0017427225804307691,-0.020560312251630495,-0.012334777872054337,-0.013969819859548064,17.325195670445847,0.0034489672558161
2022-05-19,601225SS,-0.02111521908212751,-0.004047541824070137,-0.022714755154396308,0.007591198288733325,17.623691938080853,0.0046486233195031
2022-05-20,601225SS,0.018209029402247386,0.045861430187167734,0.025075872821998645,0.03655461852107251,17.665206014919104,0.0048456684033893
2022-05-23,601225SS,0.04662588101136419,0.030520109285215462,0.05282520386092774,0.019439735374337047,17.95374528306063,0.006466431861471
2022-05-24,601225SS,0.007747548196652864,0.0005365319997348406,0.012229131591630133,-0.0016516707898845307,17.660285989415904,0.004821886143394
2022-05-25,601225SS,-0.002207381960388976,0.0010724804610861285,-0.01111119807948206,0.019640668989891502,17.873036507677895,0.0059650395742483
2022-05-26,601225SS,0.048526988951880616,0.04146489118110307,0.03620797618074233,0.03659914895234736,18.336380833068336,0.009480717715045
2022-05-27,601225SS,0.015666149389974827,0.011755870016990796,0.016034683160255445,0.008298866780806748,18.02346999965497,0.0069333921718576
2022-05-30,601225SS,0.00413650505772367,-0.013299442059701369,-0.017112701769134684,-0.01877013592891471,18.08611887940787,0.0073816564524994
2022-05-31,601225SS,-0.020329150791143353,-0.00619851081556826,0.014457904997758867,-0.0015803318199674194,17.844949011496777,0.0057998276016836
2022-06-01,601225SS,0.00577598369518243,0.002587524251490931,-0.0005316442249037649,0.019316891606172094,17.61334981502317,0.0046007944364266
2022-06-02,601225SS,0.0031364078368345018,-0.004662022653398639,-0.0069388693311215315,-0.03098174721566674,17.850606953745444,0.0058327357001614
2022-06-06,601225SS,-0.016842524931532876,0.009816653436304284,0.0064068629094180705,0.03201532335837668,17.55634763075351,0.0043458736407376
2022-06-07,601225SS,0.013706022148199038,0.007172074826126405,0.005836984103199994,-0.003622294625236426,17.773829915834746,0.0054016750304229
2022-06-08,601225SS,0.018158840448600774,0.03953483305308242,0.026626573620891332,0.05004842438565221,18.22414801307144,0.0084742080243883
2022-06-09,601225SS,0.04228103309493534,0.05303365681373402,0.034931388149256934,0.02867749214554554,18.345945430445816,0.0095718320049696
2022-06-10,601225SS,0.020005622968151185,-0.0023292540921245448,0.024571345069529116,0.020394360394756523,17.603342573078205,0.0045549827788171
2022-06-13,601225SS,0.017241535286179683,0.0161926209279765,0.00484243388233109,0.007949334079951166,17.913162461564994,0.0062092594927022
2022-06-14,601225SS,0.006625886722312075,0.0027498984313034714,0.021506300731195804,0.015712126221254542,17.71383985102109,0.0050871565011909
2022-06-15,601225SS,0.02744999260428791,0.0036546566430294136,0.0028328572533019357,-0.02038042782659474,17.494797652145806,0.0040864508334945
2022-06-16,601225SS,-0.021805605365861146,-0.028209990739094113,-0.048790082612236406,-0.041563221835236294,18.31518310778284,0.0092818631416477
2022-06-17,601225SS,-0.04215185140795584,-0.017029827098421903,-0.013958444077908728,0.011156960333201687,17.892980050408802,0.0060851978056904
2022-06-20,601225SS,-0.006872971804501216,-0.03199499611403517,-0.04255963906118473,-0.06734037001243279,18.506234162804024,0.0112358926285384
2022-06-21,601225SS,-0.05310967301738652,-0.012391618050445268,0.0015704204988155758,0.0178988483879358,18.02477682168334,0.0069424588045612
2022-06-22,601225SS,0.03822123558360042,0.006462937110815784,0.005736607043213052,-0.0173828362928052,17.626977443675063,0.0046639215151559
2022-06-23,601225SS,-0.03303993700148699,-0.00696181078397203,-0.012559125662070883,0.026966715572071476,17.697984065707587,0.0050071317424646
2022-06-24,601225SS,0.019447891617785932,0.015841933733289123,0.023934630493348062,-0.005032708507339752,17.725337553927695,0.0051459846627541
2022-06-27,601225SS,0.004046412685275421,0.023781620647352796,0.01682412738549135,0.04633643158527631,17.939989598118817,0.0063780906505811
2022-06-28,601225SS,0.048285392566068,0.027904474981990276,0.048356788824834275,0.025209532995962375,17.652401442361842,0.0047840172401485
2022-06-29,601225SS,0.023765437080074843,0.02077158361892431,0.017665783666340005,0.003750647773366433,17.70083872568646,0.0050214458225485
2022-06-30,601225SS,0.0018769668418000464,-0.024041815206022714,-0.015740882039390947,-0.00893079417722644,17.690819121316324,0.0049713841389561
2022-07-01,601225SS,-0.015591986648578441,0.02950890186916046,-0.040221095183757334,0.02701618245869139,18.13618225185999,0.0077606138707328
2022-07-04,601225SS,0.03509107444351435,0.024237880810332617,0.07796133667368627,0.011877474209110209,17.83420598412634,0.0057378533853077
2022-07-05,601225SS,0.024972880008391762,0.024530411871093533,0.031444849410022416,0.03918573510859641,18.09933753230282,0.0074798797680233
2022-07-06,601225SS,-0.0008970455761382145,-0.03165089454694435,-0.049193934844407615,-0.06354904109892749,18.27331387529117,0.0089012619894549
2022-07-07,601225SS,-0.04029864714194646,-0.01258448634213709,-0.004723707718997192,0.02026777087583987,17.922422123573863,0.0062670221565369
2022-07-08,601225SS,0.05036555167171935,0.021507152490442022,-0.0035310499280116927,-0.027088435087773567,18.349334430291602,0.009604325972433
2022-07-11,601225SS,-0.05699134066969375,-0.06077205976088004,-0.03871453585434527,-0.020172242096459382,17.88036010407712,0.0060088854762228
2022-07-12,601225SS,-0.013626424630271406,0.02963157205495745,0.03516377778173888,0.03651310594169298,17.69071126773507,0.0049708479862753
2022-07-13,601225SS,0.013626476758853614,-0.017178059328387923,-0.014329658413702933,-0.01984179433367313,17.466229498714466,0.0039713602660308
2022-07-14,601225SS,0.004001999964717009,0.001978188519022881,0.01636026553343003,0.007984159512312933,17.22496231170203,0.0031200264463921
2022-07-15,601225SS,0.005476597178306605,0.014713340114347863,-0.02568202238625231,-0.044723029449612706,18.173684003882997,0.0080571765456023
2022-07-18,601225SS,-0.03075610714976488,-0.013725769167421353,-0.011512418862008914,0.04918602256152745,17.870658210749784,0.0059508697953573
2022-07-19,601225SS,0.0357090597928588,0.0014796955711262748,0.02904766486574372,-0.01746979003601346,17.372388562779022,0.0036156358555755
2022-07-20,601225SS,-0.01895309674433952,-0.004940693166681684,0.008653706546810294,0.004020148983990172,16.918533593052306,0.002296560910661
2022-07-21,601225SS,-0.0005037353275554273,-0.015976432305046778,-0.05629424352607762,-0.055684554078026686,17.952271682707067,0.0064569099425163
2022-07-22,601225SS,-0.05381537863341756,-0.04057040398174447,-0.01839876332012316,-0.01280695985032544,17.67702259448742,0.0049032672714454
2022-07-25,601225SS,-0.011227081257668348,0.011982339196639697,0.013561301499289186,0.018622363264773966,17.381498641693707,0.0036487250783526
2022-07-26,601225SS,0.017058055813290302,0.027581046952832897,0.016034700369526693,0.02704284341077307,17.322203046226488,0.0034386612213017
2022-07-27,601225SS,0.0307075505305134,-0.0020172407791881003,0.017866961022790635,-0.004113160636139342,17.225761597961863,0.0031225212376368
2022-07-28,601225SS,0.0046023919294326905,-0.0070922248750506555,0.004157978623381431,0.003086367394398712,16.951678546857433,0.0023739558600858
2022-07-29,601225SS,-0.006654893672900458,0.008101210313692089,-0.013051699497418355,-0.018663086017171104,17.30885466644006,0.0033930656544706
2022-08-01,601225SS,-0.02023398186069568,-0.01115612711648506,-0.016424142785599873,0.022763597450358553,17.5909358515554,0.0044988194961806
2022-08-02,601225SS,0.0010477041987612455,-0.0030644127309759892,0.012739025365349755,-0.019628675173477047,17.33993241045179,0.0035001701462688
2022-08-03,601225SS,0.01093473714014154,0.0030644473080111306,0.005784978451423921,0.006240336723051922,17.34646606826896,0.0035231139327854
2022-08-04,601225SS,-0.0005180568573289377,-0.0159346594067157,-0.020662998925925512,-0.01357020144280787,17.357768690358647,0.0035631602471682
2022-08-05,601225SS,-0.01830103872569645,-0.006236925148350186,-0.025482559808781002,-0.025546923600181688,17.91618375208332,0.0062280478380779
2022-08-08,601225SS,-0.029453351723647603,0.04784627775905581,0.004930150875809247,0.07024994081903661,17.844703291013875,0.0057984026402975
2022-08-09,601225SS,0.07887151785221805,0.02309119283042014,0.0777703940748869,0.023834325377084853,17.592292939435342,0.0045049289343175
2022-08-10,601225SS,0.014955289805075328,0.00436145004928228,0.0020200666982593345,-0.01782227576044228,16.926251355106565,0.0023143537944126
2022-08-11,601225SS,0.0019774012668699534,-0.018546122103620253,-0.0030317157725252655,0.0004994810353284506,16.872584984083225,0.0021934247532392
2022-08-12,601225SS,-0.009925734418592635,0.034853482195038886,0.01456935523114512,0.042996265617818524,17.53902368235632,0.004271234338681
2022-08-15,601225SS,0.043909694718583026,0.027219072758433646,0.04343224287985388,0.0066731453750711435,17.639734690955084,0.0047238014560353
2022-08-16,601225SS,0.0009539956193091333,-0.01304788113220449,-0.014430453669542216,-0.004284841876167001,17.066663312858115,0.002663237461901
2022-08-17,601225SS,-0.0004770097287647739,-0.005172872904103886,0.0014524530104387773,-0.00191018626166064,17.00140680600733,0.0024949931013673
2022-08-18,601225SS,-0.005261821488283416,-0.0051996391064474,-0.01118955817706029,-0.017844711283328,17.24068553242342,0.003169471007728
2022-08-19,601225SS,-0.0014398567867322126,0.01084153157025104,0.0034188530052303065,0.025463877462652686,17.45348487918834,0.0039210679480802
2022-08-22,601225SS,0.023731433699048822,0.028196847526865233,0.03873289898423995,0.02575637835602298,17.933513311768902,0.0063369177760638
2022-08-23,601225SS,0.0107301763173959,0.023424409513354356,0.003745299372980191,0.02826078760123765,17.870677068789735,0.0059509820181578
2022-08-24,601225SS,0.03779192657934994,0.019837623598723365,0.02537631241848672,-0.0031509705896130506,18.092618773685622,0.0074297927105257
2022-08-25,601225SS,-0.004927173302510024,0.04689692021840924,0.006357840317901689,0.0620557227718248,18.465544753711562,0.0107878871411009
2022-08-26,601225SS,0.049922764252693215,-0.02530715368879173,0.012595779770864027,-0.04152851072715911,18.064753620326307,0.0072256182812869
2022-08-29,601225SS,-0.03521333571358203,-0.007718731794407482,-0.017133002746098535,0.01968141971255236,17.8214681611538,0.0056652291426531
2022-08-30,601225SS,0.013187053558122592,-0.006911385305769154,-0.00776074492592496,-0.05108806797255772,18.031404048551735,0.0069886208489842
2022-08-31,601225SS,-0.04739386449536799,-0.025017878203605706,-0.0004585391487230267,0.0027308457129289762,17.941079476370142,0.0063850457824136
2022-09-01,601225SS,0.016349181238774303,0.07283737133591776,0.0009166271974540876,0.06638343478640045,18.359128107288324,0.0096988497519427
2022-09-02,601225SS,0.052643776303129344,-0.0276514304780494,0.038198418734807935,-0.017160328104012332,17.770441125603696,0.0053834008676393
2022-09-05,601225SS,0.0029868684313244334,0.051739136140104135,0.019214481674154377,0.059631329451696684,18.20887238096509,0.0083457428302107
2022-09-06,601225SS,0.0502703487411118,0.023127141657773572,0.05101219150167869,0.019778755017449367,18.072630061077103,0.0072827551586048
2022-09-07,601225SS,0.0008099616609120675,-0.005137479544913524,0.011442634085525878,-0.0020005480005740343,17.603696695213742,0.0045565960847194
2022-09-08,601225SS,-0.0024321226117976196,-0.01155613781271792,-0.025099020840162963,-0.008849549762350195,17.64022261426281,0.0047261068713043
2022-09-09,601225SS,0.0032415380687756176,0.006790569383472166,0.014067310631218351,0.011249691012648956,17.377301817400546,0.0036334441080745
2022-09-13,601225SS,0.012462416070818352,-0.0007966256664317837,-0.008251015436036745,-0.02221880592515156,17.338800992319523,0.0034962122296341
2022-09-14,601225SS,-0.03372239109425249,-0.013638327182057248,-0.0045670349694038855,-0.0057352680229631305,17.304281022718534,0.0033775824149723
2022-09-15,601225SS,0.017206512244496517,0.01682060576534687,-0.00793820763545247,-0.00246807726702097,17.690763598301338,0.0049711081203771
2022-09-16,601225SS,-0.02550543538563894,-0.03146703496063154,-0.06096559734964646,-0.07081859757204036,18.68930201553669,0.0134931372918953
2022-09-19,601225SS,-0.04954035646397792,-0.05043072269213819,0.008877142838065842,0.013611684804896598,17.73928804795931,0.0052182767754293
2022-09-20,601225SS,0.012184752763667877,0.015398088686830205,-0.005761049221067805,0.0008719237002814803,17.441644948400604,0.0038749165276908
2022-09-21,601225SS,-0.010434950271383463,-0.006814330053874924,0.013245193287763513,0.0,17.46680740050363,0.0039736559855799
2022-09-22,601225SS,-0.003502751017427188,0.02072380604402556,-0.003515062551011242,0.0351062071962921,17.644726332944717,0.0047474399305676
2022-09-23,601225SS,0.028962583408465997,-0.00882900758603214,0.012248757598250946,-0.02815874463316508,17.602195077066664,0.0045497589518609
2022-09-26,601225SS,-0.0324775091723918,-0.015319566704087158,-0.022868303463454996,-0.022315619736213266,17.30016741886684,0.0033637169166524
2022-09-27,601225SS,-0.007510436160933221,-0.026946294944335147,-0.04457297417422821,0.002210007284173084,17.743748074818686,0.0052416024082762
2022-09-28,601225SS,0.02062834440733352,0.021787306804132985,0.03653366246349575,-0.00797882610462543,17.495967769353456,0.0040912352586769
2022-09-29,601225SS,-0.00697475129096075,0.006016308660482558,0.010261127489598714,0.018082061014945115,17.44097206286534,0.0038723100293754
2022-09-30,601225SS,0.0017482379748725014,-0.010335970215481107,0.006194712102710911,-0.004819200513407343,17.24197505382581,0.0031735607448948
2022-10-10,601225SS,0.00043660580753677623,0.029852924484137965,0.010531031824811292,0.01525418982832194,17.64240066096418,0.0047364117712132
2022-10-11,601225SS,0.009556917310024206,-0.027258935349685813,-0.02923151403774485,-0.02585032802701203,17.426123342980716,0.0038152359679448
2022-10-12,601225SS,-0.036095479166455086,-0.022708443453221004,-0.004956132612420115,0.0026595286006423145,17.521228176162666,0.0041958978731059
2022-10-13,601225SS,-0.0017944558105603351,-0.011550534120074793,-0.040558489161628616,-0.043888459334664655,18.01433003881889,0.0068703099616192
2022-10-14,601225SS,-0.023166959552016746,-0.004927053793850259,0.0018797629832019156,0.011497131800107016,17.7542010636322,0.0052966801828687
2022-10-17,601225SS,-0.012951305541755085,-0.01903968418933218,-0.03828227211731479,-0.013812548174548052,18.137656168503174,0.0077720608026697
2022-10-18,601225SS,0.0032535766427253233,0.00775025690860476,0.03121504513722867,-0.0032504672935912793,17.593836099836025,0.0045118861290691
2022-10-19,601225SS,-0.011668801193683893,0.0031738153127301425,0.00047265537928171345,0.008337198570426084,17.79726249725232,0.0055297448661501
2022-10-20,601225SS,0.008415156016864716,-0.012298113336729703,-0.004737173847998698,-0.01299934186171747,17.83952319184855,0.0057684440004397
2022-10-21,601225SS,-0.012178067369157695,0.013655328308217366,0.006625816451631943,0.010228026959323684,17.48759963938433,0.0040571421163073
2022-10-24,601225SS,0.019136988373929607,-0.013655360139396317,-0.010431748480678054,-0.026243481645652298,17.71155400763641,0.0050755413381993
2022-10-25,601225SS,-0.01960828795427815,-0.017568417507382656,-0.020221978738222374,-0.01627590929546843,17.63629124859497,0.0047075632912829
2022-10-26,601225SS,-0.022890905262354988,-0.01598538676701022,-0.021136300866540402,-0.010186885224366813,17.874118679233963,0.0059714982645932
2022-10-27,601225SS,-0.006290704255846136,0.00943408413164508,0.020649811651391486,0.029308021126851304,17.710373955840364,0.005069555468918
2022-10-28,601225SS,0.02587566072660171,0.04722382900865907,0.010648559581316466,0.013637400370031279,17.961504874367918,0.0065168039112458
2022-10-31,601225SS,0.0009457275078625227,-0.041139159410215065,-0.05289090615672238,-0.07515032682579144,18.478312288626046,0.01092650488861
2022-11-01,601225SS,-0.06491665239629679,-0.06158754556653154,-0.05745706454520333,-0.026015241461395316,18.836721531896714,0.0156363874167201
2022-11-02,601225SS,-0.02605499994226224,0.006924055252145852,0.0244303947314818,0.033039960117521215,18.182405826244562,0.0081277571574249
2022-11-03,601225SS,0.024540877524739532,-0.0009864245675315817,0.02895741805042566,-0.008032372661272182,17.661287815104878,0.0048267192534677
2022-11-04,601225SS,9.708807042192988e-08,0.05378160860073192,0.009132499344664424,0.05013346637247065,18.026425702599777,0.006953915535364
2022-11-07,601225SS,0.04879035185587171,0.007452391703889636,0.04686445262574936,0.028357320825699472,17.82392955349133,0.0056791906698584
2022-11-08,601225SS,0.05064371435380868,0.04136011459942816,0.023810635891954757,-0.001865638760865393,17.83902826440643,0.0057655897455373
2022-11-09,601225SS,-0.02079098720073675,-0.04601141032517321,-0.03349617427393656,-0.03419151417285652,17.76020386939614,0.0053285707464878
2022-11-10,601225SS,-0.04146406595166371,-0.04043348781530272,-0.03314664598925555,-0.009708752170426235,17.71933857602205,0.0051152064251276
2022-11-11,601225SS,0.01209207062398746,0.019707455850106186,0.016463351514084235,0.018845684619440552,17.977470590157917,0.0066216843699344
2022-11-14,601225SS,0.004317675068469,0.016053310536100113,-0.027082771090266387,-0.04353819405219038,18.329300710993436,0.0094138301410413
2022-11-15,601225SS,-0.053083780300652146,-0.06132753421908858,-0.0035651182815007844,0.0039919497689881595,17.743299308334386,0.0052392506804728
2022-11-16,601225SS,0.01701741432566131,0.024109376420810073,0.024194683940754087,0.01532024224440411,17.708506756269927,0.0050600984287698
2022-11-17,601225SS,0.0024783720085463107,-0.018151047359163643,-0.05528531256428887,-0.058573019563171,18.439824212874917,0.0105139547921868
2022-11-18,601225SS,-0.05285798326417616,-0.034243143407059265,-0.006865680978079637,0.002596683334192572,17.79727523712365,0.0055298153148382
2022-11-21,601225SS,-0.008912057217984668,-0.02175105482171904,-0.007980774895858075,-0.013577049022643846,17.906690752184026,0.006169204720351
2022-11-22,601225SS,-1.1049641390609223e-07,0.029406170758428447,0.013266202884454868,0.019266246095764845,17.759100697100145,0.0053226956559636
2022-11-23,601225SS,0.023420353592488365,0.010116502379800725,0.019316790023906575,0.007194382129707943,17.58704775909242,0.0044813616304951
2022-11-24,601225SS,0.005130824522202562,0.015976317534356858,-0.004145122103183116,0.0162522038616807,17.841454805245966,0.005779597172693
2022-11-25,601225SS,0.012207612575103262,0.02301194266454028,0.02613518721826547,0.036115645482949016,18.136464751034158,0.0077628065474716
2022-11-28,601225SS,0.01505304579091488,-0.007774454485880551,-0.004054624887077484,-0.030088497979260685,18.100900857628602,0.0074915823987858
2022-11-29,601225SS,0.00298353759158782,-0.01474227233728312,-0.0030519826079086843,0.0034991804884291723,17.9817006456509,0.0066497537884569
2022-11-30,601225SS,-0.014000241171872157,0.023000661671656392,0.011144987278412304,0.00646596031037624,18.23631712356507,0.0085779616135045
2022-12-01,601225SS,0.023881723277991113,-0.011678939112115845,-0.015740318376725092,-0.028156669910457975,18.453850243076282,0.0106624628960065
2022-12-02,601225SS,-0.04217491340516048,-0.043517767316633774,-0.02120593473908494,-0.022693091147930614,18.144647110906092,0.0078265851992068
2022-12-05,601225SS,-0.0066889229060914926,0.012195283783334133,0.006253343069900987,0.02930048329134913,18.162590560573395,0.0079682886611442
2022-12-06,601225SS,0.013842763141073884,0.012547228569616141,0.004664449218186471,0.01008078094348623,17.848762707722955,0.0058219886135379
2022-12-07,601225SS,0.012648766399850851,-0.007509427069941571,-0.007265203075060595,-0.027970377470329395,18.034064514348916,0.0070072385909482
2022-12-08,601225SS,-0.027007888062293036,-0.008579354985612195,6.074238039037204e-08,0.006682227401420565,17.646610972068107,0.0047563955782223
2022-12-09,601225SS,0.008230353318484523,-0.0025375274447299334,-0.0010423711463423831,0.00816316495243725,18.30988441432441,0.0092328114632593
2022-12-12,601225SS,-0.0015379771711493872,-0.002543816106343207,-0.02267420746113074,-0.04097013243953052,18.559695885802284,0.0118529297895938
2022-12-13,601225SS,-0.032858207543611344,-0.023712419833591306,0.0005331880269529712,0.005806314628621685,17.832094567526067,0.0057257511671105
2022-12-14,601225SS,0.008973417442227877,0.006240322960904052,0.00796392844204029,0.011512398269573563,17.903513672307604,0.0061496357663782
2022-12-15,601225SS,0.005240885372391041,-0.003115475402284041,-0.0047708934789034785,-0.016789602753991127,17.604974462974713,0.0045624220777684
2022-12-16,601225SS,-0.01686897414295157,0.0010396754562407627,-0.0005313525025365221,0.011573200152673921,17.55912944420624,0.0043579798816271
2022-12-19,601225SS,0.010576413461398771,-0.002600882121922106,-0.012303025799562287,-0.02381713003443111,17.483965213773782,0.0040424234977829
2022-12-20,601225SS,-0.02180355239671889,-0.0199901859130214,-0.009735070481148921,-0.00590924814126548,17.302724124354253,0.0033723279536671
2022-12-21,601225SS,-0.0021528078114640536,-0.011220919657184957,-0.001631604137440452,-0.004860846715090764,16.942745148209845,0.0023528428111473
2022-12-22,601225SS,0.0032276492974727387,0.0048244921686548675,-0.01425460835390855,-0.019683420476766782,17.42071523516963,0.0037946584528114
2022-12-23,601225SS,-0.02777204165346938,-0.01726052372276335,-0.017265921492231145,0.011529006659414786,17.23091865409052,0.0031386658490069
2022-12-26,601225SS,0.011528922542430544,0.02206167643444939,0.026609074704691368,0.02053010762381902,17.386959811043372,0.0036687058941289
2022-12-27,601225SS,0.029050088557026094,0.020543344794293157,0.02591947376734291,0.00798949104910674,17.352811168077537,0.0035455395140177
2022-12-28,601225SS,-0.007450992706026201,-0.012064231085500922,-0.010179714355949313,-0.00959508999921768,17.164448283725118,0.0029368202491692
2022-12-29,601225SS,-0.00804505650537006,-0.016494176342343736,-0.0162869445519245,-0.015654871439192756,17.23849500185727,0.003162535783065
2022-12-30,601225SS,-0.009196639781683611,0.002143747890702921,0.002733022408754896,0.010822733278288801,17.09271849650611,0.0027335405079552
2023-01-03,601225SS,0.0016292119830523177,0.0021390528575012855,0.0054437600067186905,0.005367787483844782,17.231513593014142,0.0031405337191293
2023-01-04,601225SS,0.015612498924743406,-1.4720454595155127e-07,-0.02640429577386729,-0.022740708640851235,17.609863461358795,0.0045847823676103
2023-01-05,601225SS,-0.022145035613113893,-0.011821633047716036,0.013839204727908923,0.005461599972137521,17.537600705999953,0.0042651607953369
2023-01-06,601225SS,0.0038157401343673443,0.027194434841984236,0.0065753060147434325,0.03215702848952426,17.66302100458449,0.0048350921264694
2023-01-09,601225SS,0.037377564999980004,0.011506341501484264,0.02481251971345731,0.009971221412869914,17.718822693689827,0.0051125682610036
2023-01-10,601225SS,0.0031397524641830175,0.006220963743641228,0.0037224626105738733,-0.007863656190446523,17.01599660259768,0.0025316613856817
2023-01-11,601225SS,-0.005763643367868212,0.022989453356025175,0.005821687919550233,0.032619979747155685,18.269048328966196,0.0088633741073534
2023-01-12,601225SS,0.027469974017384585,-0.003034822653086688,0.018819151098877437,0.0015271955265029244,17.39016243889252,0.0036804742288656
2023-01-13,601225SS,0.00459063350275025,0.008072642054412198,0.009791348690136866,0.003554141779247409,17.239929617263684,0.0031670760617689
2023-01-16,601225SS,0.003555912999389096,-0.008579498181287679,-0.01134622322620379,-0.005590882374817135,17.642890572288753,0.0047387327615216
2023-01-17,601225SS,0.0025323601300832658,0.010587508631636208,0.005689127127956062,0.009637350987703602,17.639516051327696,0.004722768758721
2023-01-18,601225SS,-0.003547047388881578,0.006996438183377042,0.014337136979020202,0.0015132142724511397,17.365396816641393,0.0035904444155254
2023-01-19,601225SS,0.01661261819647088,0.00546327646203115,-0.003564941870727167,0.0025170613416022887,17.40443450191443,0.0037333788213051
2023-01-20,601225SS,-0.0035010139877916413,-5.504442464559004e-08,0.01468742143588997,0.006514679528440556,17.356541589575468,0.003558790571876
2023-01-30,601225SS,0.006989631432199757,-0.002479579387571113,-0.030111983395439988,-0.023756526942264586,17.70087331627826,0.0050216195203388
2023-01-31,601225SS,-0.02417033713202402,-0.014503830634157975,0.008769727736963344,0.0,17.147860664682643,0.0028885071989738
2023-02-01,601225SS,-0.003574215423532339,-0.013184752523568799,-0.011363689301738599,-0.005642386820216702,17.186428097498094,0.0030020856467183
2023-02-02,601225SS,-0.005642483676869021,0.007120994312678081,0.003111945274657143,0.009216607632283744,17.27955021044451,0.0032950764802675
2023-02-03,601225SS,0.005642428923387626,-0.00916504140534132,-0.008320365055367452,-0.018519070636386203,17.16599594993277,0.0029413689858414
2023-02-06,601225SS,-0.023810499105107588,-0.01806482606567867,-0.013140691254056753,-0.00886566995254101,17.2039856872126,0.0030552604815633
2023-02-07,601225SS,0.005745651686479364,0.014991161652802378,0.008429946971280829,0.0005236879411353341,17.08400949524228,0.0027098374640543
2023-02-08,601225SS,-0.0026076679681089465,-0.014470617558855,-0.004206146047183236,-0.00577588715789127,16.803532684578364,0.0020470747722629
2023-02-09,601225SS,-0.007863716894794728,0.001040606319783594,-0.00369489481703756,0.007867841009902296,16.898980045024825,0.0022520911819429
2023-02-10,601225SS,0.0078637214257199,-0.003646766331592112,-0.005834040461589389,-0.01739173432969478,17.088658711487845,0.0027224654171907
2023-02-13,601225SS,-0.022710260936684528,-0.021097808400018184,-0.03243519285130191,-0.00800642727857882,17.86930360991529,0.0059428141993172
2023-02-14,601225SS,0.0016013028115765167,0.003193146927947573,0.01310059585267854,0.005877672509360509,17.06818341437945,0.002667288931918
2023-02-15,601225SS,1.1402484003048785e-08,0.0005312320780921591,0.00108394379163427,-0.012329254065079611,16.89622407835414,0.0022458930382836
2023-02-16,601225SS,-0.008032211460318793,-0.00106278396879642,-0.008705221594992993,-0.008667598523683,17.28342754921036,0.0033078774091726
2023-02-17,601225SS,-0.01189850522583918,0.0005315277560514801,0.004362077845747308,0.0065076855519231635,17.35262094811775,0.0035448651457555
2023-02-20,601225SS,0.017795071328119794,0.019990252070471032,0.00920672789926876,0.03505408373659359,18.042427963966375,0.0070660890320379
2023-02-21,601225SS,0.03104705637496669,0.029255432914972027,0.026072420871157458,0.017589792339015888,17.863891492596085,0.0059107378698308
2023-02-22,601225SS,0.007742079413253504,0.0030303048507372625,0.014081017839154072,0.004604800679236525,17.66488124092983,0.0048440949118261
2023-02-23,601225SS,0.029883169897093397,0.023917367898251458,0.019995562974026052,0.008640421442857425,18.496132173976584,0.0111229591524585
2023-02-24,601225SS,-0.016604280341244896,-0.01538110889732008,-0.008666927579067889,-0.0020264227023955375,17.41349998648303,0.0037673775851248
2023-02-27,601225SS,0.0035452360870079475,0.024204627419449568,0.012213830182946951,0.0190864695819353,17.89601155535671,0.0061036731030887
2023-02-28,601225SS,0.015053038380682459,-0.019217008771419113,0.0020212816798323555,-0.004987452224282758,17.24935681703321,0.0031970738970901
2023-03-01,601225SS,-0.002992649261267418,0.008915223547987669,0.0035271702723687023,0.000999368208770745,17.303760268555294,0.0033758239827095
2023-03-02,601225SS,-0.005007385776292148,-0.004943027543463018,-0.004032104855643297,-0.000999368208770721,16.89109325916872,0.0022343992780826
2023-03-03,601225SS,0.004007984861958689,-0.006462947052976125,-0.003034909463245003,-0.002002081244340219,17.20931625497784,0.0030715902399249
2023-03-06,601225SS,-0.0035062996303773055,-0.0014974945618136774,-0.022542141643685364,-0.029488837470162985,17.862765172329695,0.0059040842336286
2023-03-07,601225SS,-0.01771740091152989,0.008950960843761428,0.010309524609119408,0.01586947203551924,17.930173268173696,0.0063157875017506
2023-03-08,601225SS,0.003059536594012866,-0.022023040323130776,-0.0035962885234333995,-0.0056023886179886176,16.955552763916444,0.0023831709198205
2023-03-09,601225SS,-0.002038652487349187,0.022022971936421692,0.008711340266235903,0.009657060793939238,17.549727842844216,0.0043171998900573
2023-03-10,601225SS,0.007623962229583968,-0.01747855924395475,-0.015424472737249367,-0.021990105840414713,17.213442246383483,0.003084289776355
2023-03-13,601225SS,-0.01839613723147819,-0.005557087601567704,0.003103973333295674,0.01742732555484094,17.048733922864542,0.0026159127562587
2023-03-14,601225SS,0.011792136134921046,0.01308532814371542,0.0010325267839036895,-0.014845392353857857,17.089366076094585,0.0027243918742163
2023-03-15,601225SS,-0.00613501848062251,-0.0232685672240704,-0.007770014501221615,0.0025754015887544546,17.209515133305402,0.003072201173424
2023-03-16,601225SS,-0.01498360852159046,-0.015992229746079962,-0.025277855453065327,-0.03400803642829948,17.606567331739132,0.0045696952085841
2023-03-17,601225SS,-0.013626899562422756,0.008285959750944923,5.7770056401926674e-08,0.009006644160070803,17.438141282701178,0.0038613638710563
2023-03-20,601225SS,0.005787898811035472,0.001546029408776135,0.0005332037560664486,-0.007942833224963154,17.36282353876602,0.0035812170814218
2023-03-21,601225SS,-0.009488753539595397,-0.02608389873540851,-0.010179596447578784,-0.00800642727857882,17.028563864825564,0.0025636781999512
2023-03-22,601225SS,-0.009579605975472855,0.02040344675870994,0.006976151360151231,0.029048687511162893,17.49776617281189,0.004098599570518
2023-03-23,601225SS,0.022734243295795823,0.010816604025672713,0.020641149444387007,0.0041560136303993795,17.07050810676745,0.0026734967712972
2023-03-24,601225SS,0.011951305419617107,-0.007714152063689539,-0.008945146447646582,-0.004156013630399414,17.06206999110306,0.0026510324071854
2023-03-27,601225SS,-0.004659498172369401,0.021956487443796288,0.0005285227072870147,0.01856694571331269,17.556572463548413,0.0043468508455275
2023-03-28,601225SS,0.015448170212406494,-0.007095881630501848,0.018320254034291737,-0.010788741859061014,16.88391998768568,0.0022184286739407
2023-03-29,601225SS,-0.0005111202915245012,-0.002546427405635832,-0.009379961552684427,-0.010906409449002579,16.862238086496482,0.0021708466191376
2023-03-30,601225SS,-0.015456149579807196,0.03949528028744686,-0.0005236398245520913,0.062251360378282515,18.009095385260387,0.0068344402332985
2023-03-31,601225SS,0.056032839579729564,0.009270632695108447,0.05651798284101036,-0.0019646020977292676,17.443175267736223,0.0038808509271398
2023-04-03,601225SS,0.00636159512222376,0.008222521288404474,-0.009950388206392838,-0.006906775529784012,17.575793532282,0.0044312101067748
2023-04-04,601225SS,-0.018213761008392334,-0.012603256003510636,0.0034938012236374436,0.00641490888599191,17.22761461171937,0.0031283126767905
2023-04-06,601225SS,0.007424055066139931,-0.003910029225689625,-0.009009044977232785,-0.01586542340754718,17.06408432102523,0.002656377843224
2023-04-07,601225SS,-0.007920763856357555,-0.01480036774787172,-0.006051340060597124,-0.009036159567765056,16.817615085514095,0.0020761064394116
2023-04-10,601225SS,-0.019574197961835037,-0.018561003447825353,-0.02821440037242925,-0.018321262419060756,17.203922688849016,0.0030550680112089
2023-04-11,601225SS,-0.01275194609230497,-0.013765140606314539,-0.0015619539413800048,-0.006699210176766789,16.922916129570375,0.0023066477600183
2023-04-12,601225SS,-0.004115180156129553,0.0005132752138932864,0.003121771037392656,0.004128017030104665,17.108536216967114,0.0027771226657195
2023-04-13,601225SS,0.0020598278565958725,0.016285379733648665,0.0031120558076783537,0.004111046535992779,17.39681602071173,0.0037050442145291
2023-04-14,601225SS,0.002568545319220325,-0.011167723958252733,-0.009365459153533366,-0.01030953914170818,17.449750678571824,0.0039064531975338
2023-04-17,601225SS,-0.009796427377858578,0.025700612315864558,0.004693646252189263,0.038124077338198004,17.734898733813782,0.0051954223133109
2023-04-18,601225SS,0.03412610829906917,0.026995518525802526,0.03777890883413481,0.016324922550073943,17.8737874828608,0.0059695208534652
2023-04-19,601225SS,0.01737442867334176,-0.007290480764142853,0.01195235118665054,-0.0034407032928987255,17.108055381508578,0.0027757876476073
2023-04-20,601225SS,-0.0034507467736056914,-0.01227002522618025,-0.02557165503647833,-0.01138899090732604,17.635679884998442,0.0047046861379782
2023-04-21,601225SS,-0.008430548407966471,-0.005446982447020024,-0.0010163293741098554,-0.019105662431643567,17.32735535496824,0.003456423986434
2023-04-24,601225SS,-0.01505291503894728,-0.013496743108660317,-0.01382157479738369,-0.013285832891055343,17.37580957180921,0.0036280261604286
2023-04-25,601225SS,-0.012719608111015785,-0.00960821891832961,-0.012448309076463687,-0.004640414563810514,17.21020829596494,0.0030743314468592
2023-04-26,601225SS,-0.011846660453949647,-0.009188378348465665,-0.002612911174958804,-0.0015515629886245104,17.392698749462674,0.0036898209028406
2023-04-27,601225SS,0.005683382119112265,0.003072220913204641,-0.016354911757227572,-0.0036297030749368763,18.06077822556587,0.007196950616218
2023-04-28,601225SS,-0.008796999978254382,0.007639393411571836,0.01740086632807459,0.016486661080076626,17.73914931853754,0.0052175528971081
2023-05-04,601225SS,0.008281688135774179,-0.0010150798691164606,-0.01368426065591401,0.0010215490028914638,17.62375235552682,0.0046489041859421
2023-05-05,601225SS,0.007702130978219665,0.014120123247322173,0.032328027898756995,0.011672203736732478,17.438404925168694,0.0038623820247908
2023-05-08,601225SS,0.009164933020802325,0.05361898388234442,0.012238678651223264,0.05210009291080921,18.314088036124144,0.0092717043995589
2023-05-09,601225SS,0.06095260530948365,0.005207231222699654,0.05233193904666793,0.00047891350276301885,17.79774271357913,0.0055324009776705
2023-05-10,601225SS,-0.005738843791596885,-0.010918669959305542,-0.021882745947224936,-0.02177675305017529,17.151810918679924,0.0028999401030606
2023-05-11,601225SS,-0.019860227181935364,-0.012971670492808032,-0.005422821675366723,-0.0014688742227290527,17.142514892059026,0.0028731070951162
2023-05-12,601225SS,0.0009779588773176776,-0.005333341003788893,-0.013436368971891308,-0.013317077796056837,17.37891482377645,0.0036393096060248
2023-05-15,601225SS,-0.022739431053370892,-0.0004862630485669599,-0.0050225244965447615,0.01722910526435155,17.419801724308048,0.0037911935738478
2023-05-16,601225SS,0.02469255301209107,0.01352675001736225,0.026336805724482083,0.0014630319520674475,17.241262624005955,0.0031713006107006
2023-05-17,601225SS,0.0009751644586824285,-0.011583121901253452,-0.013330159717251393,-0.017699598984110426,17.058138338509675,0.0026406299312018
2023-05-18,601225SS,-0.017699555390440408,0.006773149038105047,5.158597549297515e-08,0.016236567032042806,17.303204147828293,0.0033739471388889
2023-05-19,601225SS,0.006920493711964637,-0.0077443841851260456,0.0009935509238087113,-0.009316021734102863,16.901769817340263,0.0022583827758386
2023-05-22,601225SS,0.006383530311108387,-0.006336851893887337,-0.0034817543738341022,-0.011394745853374976,17.34790159771094,0.0035281750985685
2023-05-23,601225SS,-0.016782398611448177,-0.009334570944944533,-0.011526199321375268,-0.011526199321375268,17.170669411232552,0.0029551475321202
2023-05-24,601225SS,-0.015045269899342436,-0.021956885967164542,-0.02811312452264679,-0.02811312452264679,17.356953214453,0.0035602557601851
2023-05-25,601225SS,-0.030787475567645422,-0.03126059192356248,-0.03696307197811897,-0.02785992614093164,18.002817363926656,0.006791667874437
2023-05-26,601225SS,-0.029616141694902256,-0.030657732966869043,-0.04567500290127727,-0.045251594552537286,18.26785945176433,0.0088528429052164
2023-05-29,601225SS,-0.0483876357567717,-0.042769622081695456,-0.020478578266697467,-0.019713428832344365,18.02848647739774,0.0069682607655266
2023-05-30,601225SS,-0.01361343283172605,-0.009569531405484305,-0.009238008617151692,-0.01259321980606678,17.74755618609568,0.0052616010683029
2023-05-31,601225SS,-0.01728162405792891,-0.024621952707919646,-0.03782955533145443,-0.035173657395049955,18.253749329037685,0.0087288053543584
2023-06-01,601225SS,-0.024111735718241593,-0.019315804478542784,0.004207963308473048,-0.001194077010141495,17.42251219036243,0.003801483414447
2023-06-02,601225SS,-0.0023837246094243676,0.006480183983534229,0.004787564608005673,0.01482387850005387,17.545563072967457,0.0042992571352312
2023-06-05,601225SS,0.01186256430988094,0.03121644647357167,0.012459414749176563,0.022695245975720254,17.88214619935865,0.0060196275086944
2023-06-06,601225SS,0.02618711667363367,0.023067066794112814,0.025037664926261995,0.019937970757693026,17.798120816510544,0.0055344931902478
2023-06-07,601225SS,0.018213391399829974,-0.008377533839762662,-0.004610912784751409,-0.00792748469533627,17.277810251252486,0.0032893481664391
2023-06-08,601225SS,-0.005656263370567628,0.0005605901986639657,0.0166144674727051,0.01242938198076882,16.838631367814067,0.0021202002011191
2023-06-09,601225SS,0.009034634227151084,0.005589780588330233,0.001135774312680452,-0.003374521500175386,16.695948190987064,0.0018382744531765
2023-06-12,601225SS,-0.002814447614019129,0.005558820531923639,-0.0011356028717592948,0.011204783063795106,17.19268426824499,0.0030209260808019
2023-06-13,601225SS,0.008419879248706607,-0.00723237800700715,-0.005126784524863982,-0.00839176317720111,17.136109085665545,0.0028547613490389
2023-06-14,601225SS,-0.0022383154335048503,0.0016736972205398802,0.009661933475026903,0.0011230088546360457,17.312582445017597,0.0034057378572223
2023-06-15,601225SS,-0.0005604286073159564,-0.0005576164781167851,-0.00396715201889471,0.005037767919907261,17.427398945491323,0.0038201057979791
2023-06-16,601225SS,0.003916041869828803,0.012195205077709945,0.012976148559416777,0.003344425053800951,17.17180397937509,0.0029585022512025
2023-06-19,601225SS,0.0033444666898976034,-0.0016541811050979369,0.0005604055495092789,-0.004461787523090375,16.783085405889672,0.0020056426919574
2023-06-20,601225SS,3.4662189628450676e-08,-0.004424746883622688,-0.007309588507123688,-0.0050434143052538695,16.923522842158146,0.0023080476569371
2023-06-21,601225SS,-0.016269633331167627,-0.008349747197542936,-0.0028256609948005373,-0.007330169003884761,16.57897427367705,0.0016353443767544
2023-06-26,601225SS,-0.004535133656930835,-0.01407283033038102,-0.01942917422910356,-0.014823528538481765,17.332306784265942,0.0034735806659271
2023-06-27,601225SS,-0.005698064351019396,0.009591029774997546,-0.011024243327203082,0.01651991610602512,17.364163830710805,0.0035860201760223
2023-06-28,601225SS,0.012492967958323425,0.017807853622420922,0.030453355550062847,0.022347219124353213,17.407159662427162,0.0037435667536996
2023-06-29,601225SS,0.021218038856069973,0.005500571038918442,0.009014122882570853,-0.01111128187610208,17.41107323412757,0.0037582461767606
2023-06-30,601225SS,-0.006095880761432092,0.0016443674676196722,0.006707773188100873,0.016071373700743453,17.019050425895117,0.0025394044494742
2023-07-03,601225SS,0.010506018998615732,0.020060200567305973,0.01108033095801866,0.02013662539606301,17.50913715156067,0.0041454706402445
2023-07-04,601225SS,0.017989125494615583,0.011209229760865455,0.016393964224605144,0.01178390383889364,17.40227541715964,0.0037253268353735
2023-07-05,601225SS,0.0182018823682349,0.016320505647010534,0.013459240008981826,0.01269865802983251,17.46337396227211,0.0039600360777819
2023-07-06,601225SS,0.01839711268709818,0.00468846568292376,0.008519472956168153,0.004720437054377481,17.166141118135638,0.0029417960101005
2023-07-07,601225SS,-0.005221846693240948,1.1705210315408072e-07,0.00739578665100756,0.0010460664432094158,17.12765531707553,0.0028307295789754
2023-07-10,601225SS,0.006783232285061798,0.012396892887669318,0.005249427372237988,0.0031316497813165395,17.722415488362252,0.0051309697058973
2023-07-11,601225SS,-0.0010406662546106962,-0.012396900953968027,-0.013175480473836897,-0.007847319982122751,17.844850712762863,0.0057992575139832
2023-07-12,601225SS,-0.006519144941539053,-0.005715527767906113,-0.005512030965361632,-0.0029699769741694144,17.590656809854192,0.0044975643130385
2023-07-13,601225SS,-0.014302923440949435,-0.004733683639317547,-0.004830874203959129,-0.0053683007249058935,17.531080043133624,0.0042374395975629
2023-07-14,601225SS,0.004192811437096665,-0.0035651963987501484,0.007838349092830306,-0.002395199982759674,17.333109992535306,0.0034763717955043
2023-07-17,601225SS,-0.00840340908063836,-0.009569477126555622,-0.025548875037331012,-0.017539094553725324,17.114682633745822,0.0027942445850254
2023-07-18,601225SS,-0.007259636465439939,-0.009661927573249168,-0.002467578209660851,-0.011043101812430898,16.92450593431764,0.002310317796289
2023-07-19,601225SS,-0.01652925282992618,-3.96644238659774e-08,-0.001236162033593251,0.004309083818798505,16.74815664190319,0.0019367974077034
2023-07-20,601225SS,0.015314247273184778,0.006049661417052597,0.008620718597355631,0.00551305291382692,16.618414592336325,0.0017011316928423
2023-07-21,601225SS,-0.006097629092388692,-0.009697062611352926,-0.007384609388768864,-0.011056668149620138,16.613572685457463,0.0016929148796726
2023-07-24,601225SS,-0.011688890331834317,-0.01163876865669165,-0.008685011943289786,-0.005574518299956103,16.446608509891707,0.0014325952183396
2023-07-25,601225SS,0.00862607537243429,0.030939756083314847,0.013614205341984206,0.027566818056270648,17.361276139506508,0.0035756797939045
2023-07-26,601225SS,0.015825146187449454,-0.0035905456752619554,0.011002664711094469,0.0006041514700534979,16.535259132160288,0.0015653951213302
2023-07-27,601225SS,0.001810031235584054,-0.0024009819703243937,-0.006709390277611228,-0.009708770594548178,16.799990308681018,0.0020398360921966
2023-07-28,601225SS,-0.017021845053978784,-0.003612369150479205,-0.006138893673121027,0.00789552625969909,17.032821158507744,0.002574615797156
2023-07-31,601225SS,0.016418849654484185,0.010798052042426327,-0.0024659428688179916,-0.017699544294822945,17.67542370412755,0.0048954337486492
2023-08-01,601225SS,-0.02133582673431849,-0.025991241350456724,-3.495044803584193e-08,0.001845593776119107,17.049179542494887,0.0026170787181486
2023-08-02,601225SS,0.0006158838687555843,-0.0030665830080798275,-0.014925778370894656,-0.013614230774888048,17.333737180139515,0.00347855281675
2023-08-03,601225SS,-0.016765300925421635,-0.002460041344984667,-0.0018814105657390648,0.007448917033228882,16.85527670243672,0.0021557870000817
2023-08-04,601225SS,0.013681934666158597,0.005526694607845903,0.0043846920978309585,-0.005581306363777686,16.89637227210927,0.0022462258902846
2023-08-07,601225SS,-0.006817665084961884,-0.01170340069935115,-0.0012509339623987977,-0.0012447071561646349,16.717401821954624,0.0018781381992167
2023-08-08,601225SS,-0.0043626420626500986,0.004327729881412077,0.0006256764784296867,0.005588426422251865,16.86087368982438,0.0021678867427759
2023-08-09,601225SS,0.008706532519435657,-0.0018523010007812138,0.0018745054589120987,-0.004343719266087249,16.244631821466673,0.0011705935558974
2023-08-10,601225SS,-0.0018593914613135268,0.03223120277329899,0.005602110307490436,0.036034287780081456,17.690051734303548,0.0049675706266603
2023-08-11,601225SS,0.029341956185021664,0.01189789305137321,0.006804798261144982,-0.026749321035184074,17.223569280034834,0.0031156831764647
2023-08-14,601225SS,-0.028102108760305656,-0.04042784869056087,-0.0130314804926256,-0.004322325114508878,17.022764185989885,0.0025488527222161
2023-08-15,601225SS,0.0024753355426845704,3.007676284982788e-08,0.0012484982284490427,0.0006186647333891153,16.43728075092508,0.0014192944441303
2023-08-16,601225SS,-0.007444282854146367,-0.0037014177754007933,0.0018696381810064976,-0.0018570809087561026,16.618339100500155,0.0017010032761268
2023-08-17,601225SS,0.0012445706018478864,-0.0030951035234832525,-0.014424819330982991,-0.00559183612447283,17.049653248902473,0.0026183187388351
2023-08-18,601225SS,-0.003114226690953053,0.01293528152112338,0.01068187602516963,0.004352009957980599,17.0828296296902,0.0027066421054745
2023-08-21,601225SS,0.003114264909556715,-0.009222282733862086,-0.008788512320289772,-0.014370771625393236,16.746920127090593,0.0019344040089337
2023-08-22,601225SS,-0.011886226778213858,0.0030835500365168998,-0.0006306400957186416,0.019321317251645362,16.866656014995932,0.0021804584813662
2023-08-23,601225SS,0.018703796958513326,0.025533305376864216,0.018750500094396157,0.01713620580796542,17.852732146894873,0.0058451445712867
2023-08-24,601225SS,0.01896656519512617,-0.004210529214807813,0.013530401566358327,-0.0042566159358575495,16.9994313108819,0.0024900691197061
2023-08-25,601225SS,-0.010356384784894333,-0.005439638682122176,-0.004285287831698225,-0.0006094904224479963,16.78465252193944,0.0020087882310404
2023-08-28,601225SS,0.044904161186332274,0.04503119761270114,0.032591836471734664,0.03475472195753596,18.03229337753877,0.0069948387966671
2023-08-29,601225SS,-0.006461032598222635,-0.014002436363721492,-0.008348140255989121,-0.01543047482344536,17.612473402346087,0.0045967640081846
2023-08-30,601225SS,-0.005910092478852701,0.0017610089414822894,0.0,0.0,17.32969433421579,0.0034645179527698
2023-08-31,601225SS,-0.013126857299929183,-0.012393245617445477,-0.00841875291077046,-0.0047962723862811606,17.490388978444777,0.0040684746593787
2023-09-01,601225SS,-0.0012019188381718238,0.05487956720293346,0.0042181579699289646,0.06062470769466817,18.426529834621334,0.0103751033159408
2023-09-04,601225SS,0.062356405510004244,0.027171016013998857,0.062356405510004244,0.025685302135801523,18.348974408635716,0.0096008688294161
2023-09-05,601225SS,0.022347283749132203,0.007086390453386333,0.01625135964139292,0.007140991490514732,17.64910875787573,0.0047682908856311
2023-09-06,601225SS,0.0033095586044726345,-0.002174888863442841,-0.0005558784746479908,-0.003838606261701292,17.49294600349367,0.0040788911632122
2023-09-07,601225SS,0.001650572693472372,0.017269620704167172,0.0094104516835884,0.007662754719985221,17.744042006109684,0.0052431433057171
2023-09-08,601225SS,0.004935532642568837,-0.00967756014738073,-0.0027586294018997616,-0.010413984511136915,16.969381662374218,0.0024163564809208
2023-09-11,601225SS,-0.009343325461986407,-0.003246754583546612,-0.011111295283004915,-0.007743395267882481,17.566914240264172,0.0043920382638095
2023-09-12,601225SS,-0.005537199716835616,-0.011995914273670468,-0.003357621846070376,-0.00612654637642606,16.899295191497046,0.0022528010324141
2023-09-13,601225SS,0.004432352152502946,0.011453899717075841,0.00614723793971223,0.011663830269061537,17.306668715637276,0.0033856566804305
2023-09-14,601225SS,0.002759938584321934,0.019334417549849287,0.008873983546094045,0.03152417983038998,18.238302457549317,0.0085950086488461
2023-09-15,601225SS,0.029869318855948405,0.003716654455151295,0.007700854284951056,-0.023823490159249398,18.036583199752773,0.0070249098656172
2023-09-18,601225SS,-0.017814281712325287,-0.01602609503036362,-0.000548158036897359,0.015225947218414256,17.754136058312955,0.0052963358816666
2023-09-19,601225SS,0.014061925448159361,0.022891647199153615,0.014153786949961479,0.014465778864387704,17.718287833050002,0.0051098344805782
2023-09-20,601225SS,0.010152330194883851,0.004725698758989772,0.011287391463897711,0.00741931889594891,17.46356533526269,0.0039607939942687
2023-09-21,601225SS,-0.0005318479866381601,-0.0026226306030327448,-0.001069503631434295,-0.005824839657867881,17.115105095809085,0.002795425296787
2023-09-22,601225SS,0.0026560418247889143,-0.004738168710880267,-0.010217981010038053,-0.005858967300008697,17.34099487529351,0.0035038909303499
2023-09-25,601225SS,-0.002656001112138816,0.0015819010394618775,0.0107529363401468,0.0021346251739235078,16.977471337023182,0.0024359832997751
2023-09-26,601225SS,-0.003730415863849528,-0.009529018435249658,-0.011293610264787684,-0.008565433176019857,17.172905710002784,0.0029617635200484
2023-09-27,601225SS,-0.0026729250826663734,-0.006403262320818287,-0.007055496788989079,-0.01135447800590049,17.009824268726806,0.0025160832519035
2023-09-28,601225SS,-0.00482979053961987,-0.0016074748453518964,0.0016324356477120671,0.0037990227092908517,16.95437404803101,0.0023803634931823
2023-10-09,601225SS,-0.007559285929613958,0.018066499309289306,-0.0021772979642566146,0.016120888472629647,17.263044811218748,0.0032411363024269
2023-10-10,601225SS,0.016662423409869363,-0.008461294684566805,0.008681423131127117,-0.011796466790166675,16.953925721161667,0.0023792965514105
2023-10-11,601225SS,-0.013956148268490997,-0.013365533912053005,-0.017988957989201356,-0.014670138647671636,16.988730348144248,0.0024635650442163
2023-10-12,601225SS,-0.01251034741109167,-0.004315007967383361,0.0049382791375084155,0.0021869233012728993,16.778994447091048,0.0019974544502175
2023-10-13,601225SS,-0.0010952927397827417,0.0010805445281295521,-0.006039007997552807,0.009782726178584762,16.553617624956,0.0015943988359247
2023-10-16,601225SS,0.018458695813716227,0.013941222308217194,0.01421563609913959,0.010758582922432485,17.08440794090609,0.0027109174022167
2023-10-17,601225SS,-0.0016150853530390707,0.00212763360399822,-0.008176613518692403,0.0005349406224374115,17.130199599728787,0.0028379409253633
2023-10-18,601225SS,0.005909282775839067,0.005299469433611981,0.01790122550204257,0.0005345464132013648,17.136089466231617,0.0028547053407847
2023-10-19,601225SS,0.002140185926082853,-0.011161420090021789,-0.012442600103572699,-0.015078246900431158,16.96523619897258,0.0024063602968591
2023-10-20,601225SS,-0.010746878964092944,-0.010746878964092944,-0.009297235470854969,-0.012558078799198765,16.84227002117056,0.0021279289276237
2023-10-23,601225SS,-0.01798923656481774,-0.0037890950101397394,-0.013274827254140385,-0.006615488408050101,16.884151320293626,0.0022189419282192
2023-10-24,601225SS,-0.0066225442349341825,-0.002171560324265027,-0.0005568115770618651,0.0033131031792366906,16.95645619222267,0.0023853249168257
2023-10-25,601225SS,0.012654967227167104,-2.6814233526695445e-08,0.008321775095344144,-0.0005514593775040353,16.71206057991018,0.0018681333508946
2023-10-26,601225SS,-0.010442530690441881,-0.0027210261727235643,-0.014468801221413398,0.002754149479729139,16.761776919082394,0.0019633575945935
2023-10-27,601225SS,-0.0016589339405942496,-0.00710980345241367,-0.0022447835774683155,-0.015521476308871835,17.093851141679604,0.0027366383936063
2023-10-30,601225SS,-0.01112956698259585,-0.009374067036258114,-0.01243638192063884,-0.01633358976964724,17.33247237631915,0.0034741559109254
2023-10-31,601225SS,-0.014656358227870234,0.004422396705455144,-0.003418715541672817,0.023015381155028353,17.288141106724115,0.0033235060844693
2023-11-01,601225SS,0.025232491513806233,0.0011024914799991987,0.01416848655447918,-0.003892189881651998,16.83814524460248,0.0021191697730157
2023-11-02,601225SS,-0.008898923476150017,0.0071369673012651345,0.006170958287180743,0.0027815038641279214,16.783241991523035,0.0020059567713943
2023-11-03,601225SS,0.011663672549345023,0.0054555261658447785,-0.0022395286162657014,-0.001111695825180104,16.851751224870814,0.0021482002024129
2023-11-06,601225SS,-0.007204289522695563,-0.0208913008800176,-0.02612305166384228,-0.028774906250954666,17.70232756454187,0.0050289275144878
2023-11-07,601225SS,-0.031067135393038663,-0.015113672478390868,0.0011501038972497272,0.011948980779122893,17.214495995079822,0.0030875415557729
2023-11-08,601225SS,0.007430555314628554,0.00450184760919946,0.009153248058272995,0.0022597065181591664,16.765426144680156,0.0019705354185456
2023-11-09,601225SS,0.009634623085231647,0.032047024723107415,0.008505928916948279,0.025628285719867274,17.202764615040586,0.0030515320646814
2023-11-10,601225SS,0.022309933860630154,0.008123653743147946,0.019570167969460216,0.0174486761997564,17.311467604288733,0.0034019431174905
2023-11-13,601225SS,0.018038159103770265,0.004305665502887715,0.013201457840410262,-0.00324852689266321,17.244588505938548,0.0031818655415653
2023-11-14,601225SS,-0.0027122687425998977,-0.00808863610540593,-0.0071292077694811535,-0.010905351212281507,16.575138716267066,0.0016290839329375
2023-11-15,601225SS,-0.0021750344822066836,-0.0037971055895654757,-0.0005505142738119341,0.007101980376625271,16.657795046269392,0.0017694595969796
2023-11-16,601225SS,-0.003271542387856544,0.008119177047035367,0.0027495516980019395,0.001631771976151707,16.82098081309425,0.0020831058208593
2023-11-17,601225SS,0.005989799984587089,-0.003239620369881454,-0.004954401998898676,0.004338492094286275,17.112204834065267,0.0027873295769699
2023-11-20,601225SS,0.00271053980525612,-0.0010824582460260727,0.004954314272734458,-0.0016248118650727965,16.901327427163466,0.0022573839103979
2023-11-21,601225SS,-0.004884560490547801,0.012375932901494812,0.007658877102622954,0.002706445522954118,16.938132409795397,0.0023420147549481
2023-11-22,601225SS,0.004884651405588455,0.005333230232673949,-0.0027286114943276545,0.010752798213260655,16.965290548902217,0.0024064910859317
2023-11-23,601225SS,0.007013856278914762,0.021053501601670913,0.0146463528596371,0.018543508949475603,17.363202874594805,0.003582575823104
2023-11-24,601225SS,0.02338054823618031,0.013450782957890265,0.022891692252455687,0.010444071227222356,17.245931766676197,0.0031861424886427
2023-11-27,601225SS,0.016667035927216762,0.0,0.006818760415704589,0.0,17.593880654813706,0.0045120871605379
2023-11-28,601225SS,-0.0062177599526564405,-0.0046355888850922525,-0.002617157479856111,0.0005192776007611834,17.153476510538397,0.002904774244594
2023-11-29,601225SS,0.0005196739866186586,0.01536916212854707,0.0031397387087457197,0.016478261546308794,17.711119689779103,0.0050733374185513
2023-11-30,601225SS,0.01903850471699397,0.00253874661426118,0.016580744114408425,-0.005120289951425261,17.36784597169845,0.0035992487480622
2023-12-01,601225SS,-0.005622473589411575,-0.004065185549726777,-0.003603734978664077,0.003586829646765155,17.25303552942371,0.0032088566722607
2023-12-04,601225SS,-0.0005126056674359629,0.015159614596962974,0.004117441469743766,0.010684551625868862,17.407970902638635,0.003746604917842
2023-12-05,601225SS,0.018293114600844675,0.0010023245191039117,0.0015395722732527853,-0.006600847546221865,17.304508935340678,0.00337835229639
2023-12-06,601225SS,-0.013178108494419642,-0.01820064415990003,-0.006688949668243337,-0.004595276911030121,17.34011887188491,0.0035008228538802
2023-12-07,601225SS,-0.006654725320112867,-0.002554262031035637,-0.008294515361947507,-0.01599208141078097,17.075328651719477,0.0026864155960303
2023-12-08,601225SS,-0.024435884926891086,-0.009249806637052306,-0.017857605242705445,0.0005198175693192225,17.424863219214405,0.003810431326155
2023-12-11,601225SS,0.013591493050682905,0.019934237120806067,0.00739181864882945,0.023119540396262492,17.37911634468327,0.0036400430769199
2023-12-12,601225SS,0.022080424439101343,0.004040328563385124,0.025961920744667525,0.007084941828525854,16.74224483501818,0.0019253812132615
2023-12-13,601225SS,0.00456058614989196,0.0005040618186905922,-0.0005125557813112801,-0.012176553923263111,16.637461304639757,0.0017338431951275
2023-12-14,601225SS,-0.009141864430171643,-0.009109479291841853,-0.007205441415534367,-0.004092162599673965,16.42135097833002,0.0013968645307679
2023-12-15,601225SS,-0.005115076700121474,-0.005096827036349897,-0.0031040135651667473,-0.005654076531249489,16.635844315082753,0.0017310418541007
2023-12-18,601225SS,-0.011864938381218902,0.005096891472696837,-0.00937008385712595,0.009235607806902926,16.823347720830622,0.0020880421800353
2023-12-19,601225SS,0.01952779838900358,0.0010162691631378702,0.012474147527115856,0.0040774594203189084,16.729077167800707,0.0019001946210713
2023-12-20,601225SS,-0.0015278642936584375,0.024581067970617137,0.013340341233539783,0.012133563300225357,17.428884587018782,0.0038257853237701
2023-12-21,601225SS,0.014170236452763885,-0.003972175201275152,0.0060975463021612185,0.009004599266165062,17.344226277518434,0.0035152317250978
2023-12-22,601225SS,0.011491464780923246,0.034713760079429015,0.017077247994536335,0.020700574501351637,17.617534975152175,0.0046200898473233
2023-12-25,601225SS,0.017237600056615433,0.0043155461746603,0.010896577638556402,0.008742198450984241,17.067458230398877,0.0026653553578214
2023-12-26,601225SS,0.012615403891156828,0.02177089189298887,0.009804027624955108,-0.004361546001693901,17.657500379539584,0.0048084729400924
2023-12-27,601225SS,-0.006773124252438069,-0.02416610292609322,-0.007343982310626179,0.007740691425924083,17.235461160278867,0.003152955689791
2023-12-28,601225SS,0.007255183079971316,-0.0004797116169315567,-0.007398257740859109,-0.009685312143724556,17.62228881881064,0.0046421053202334
2023-12-29,601225SS,-0.016031436980768008,0.003831411859802339,0.010832167519501001,0.016409635758018713,17.22204155723296,0.0031109269101284
2024-01-02,601225SS,0.013618897355483588,0.025019014798575993,0.01265222462446001,0.02178118789093543,17.694467745152863,0.0049895559809511
2024-01-03,601225SS,0.025752494342270924,0.004187079162349094,0.019631983201303216,0.00700122346436379,17.38592402138612,0.0036649078537265
2024-01-04,601225SS,0.01402556273189323,0.023400887158411553,0.01459193657416947,0.02435229094710954,17.73784802596139,0.0052107677498116
2024-01-05,601225SS,0.020221223098653856,0.013961117472437742,0.022638988631371693,0.004077031792635758,17.86327393442666,0.0059070887721893
2024-01-08,601225SS,0.0027260067868617836,-9.088810173392645e-08,-0.0018290355400390414,0.005859703129987148,17.855049101998777,0.0058587032103866
2024-01-09,601225SS,0.00045360718871892186,0.007130213735352935,0.00045763738951535513,0.007165338112026193,17.56030260854319,0.0043630955084751
2024-01-10,601225SS,0.019758166822727536,0.02065548354188223,0.019928111905195316,-0.0004463608518425722,17.37021506956273,0.0036077858294263
2024-01-11,601225SS,-0.0057970643096822575,-0.023323404370638873,-0.015819454073286457,-0.011223446661047036,17.382574604200702,0.0036526530826599
2024-01-12,601225SS,-0.006731064030271314,0.003999138436001796,0.00681046637381475,0.01567784480961446,17.058500720937307,0.0026415870225302
2024-01-15,601225SS,0.008964656555911192,0.019759156050625986,0.01169602203562696,0.020238194603034287,17.65890089131159,0.0048152119811464
2024-01-16,601225SS,0.019006073215011878,0.0039053767960389794,0.013327536032969035,-0.0008714338442401635,17.305158097740584,0.0033805461077343
2024-01-17,601225SS,0.004804593897871674,0.007335542572174012,0.00615926924838613,-0.005244788304786091,17.609855677207637,0.0045847466791094
2024-01-18,601225SS,-0.006119008282216443,0.0030048744173653665,-0.025767800603891958,0.015652468601226672,18.030610563488555,0.0069830776821473
2024-01-19,601225SS,0.011767446313047762,-0.006450210824282543,0.01607182289510678,-0.020044266584442253,17.51985449321054,0.0041901379966149
2024-01-22,601225SS,-0.015720850287579635,-0.01652932416313362,-0.011581407086515188,-0.007067136257973131,17.503403800931824,0.0041217712064521
2024-01-23,601225SS,-0.012846131546374043,0.007863819949070087,0.0004480085417384765,0.012772801024328423,17.33091478090825,0.0034687487936048
2024-01-24,601225SS,0.0185517858994939,0.024501549567904176,0.02302008560189823,0.020788962730977013,17.443530979977332,0.0038822316389107
2024-01-25,601225SS,0.028474707257856113,0.020593328689758793,0.023784841031898353,0.015734966574591037,17.5773908608827,0.0044382938616148
2024-01-26,601225SS,-0.004262684698142803,-0.0016654047979702232,-0.0008551733083732646,0.012578662619912747,17.379095347142233,0.0036399666457663
2024-01-29,601225SS,0.02489054578483605,0.0004165798396328802,0.008517962146767007,-0.009208919788748814,17.083196432518474,0.0027076350915957
2024-01-30,601225SS,-0.011313705821367818,0.007469000303032488,-0.009373634416189014,0.003358595482163208,17.154074269773822,0.0029065111193519
2024-01-31,601225SS,0.001684203201411994,0.003713601500469598,0.006825912133512395,0.013322369285776932,17.57743178568707,0.0044384755016438
2024-02-01,601225SS,0.013787569977821181,0.005749491617946289,0.0033955999851065705,-0.010392928851773838,17.522273249504003,0.0042002851863566
2024-02-02,601225SS,-0.007078961372367214,-0.009049826838008921,-0.006376220488790429,0.005002030435305899,17.500444739715928,0.0041095926602472
2024-02-05,601225SS,0.005002093160326577,0.012320495866363796,0.019844447849704076,0.018538195726712618,17.51110744949099,0.0041536465044696
2024-02-06,601225SS,0.016904102389574727,0.008534839787789766,0.003755461882792983,-0.011081627225843866,17.609586726821398,0.0045835137754939
2024-02-07,601225SS,-0.012754717501093766,-0.022923607621274718,-0.029159060344455735,-0.008704669200932472,18.128031140389336,0.0076976133520918
2024-02-08,601225SS,-0.014598902251206849,0.003307065063644536,0.006837540498524394,0.007052424420490911,17.585653497376352,0.0044751177931771
2024-02-19,601225SS,0.012111319778972621,0.047157688509262836,0.011854574102785545,0.047628105430655765,17.821102755830083,0.0056631594158943
2024-02-20,601225SS,0.05058742380806914,0.029482427604440267,0.06082271744816117,0.00980598838891584,17.488171728839,0.0040594638286374
2024-02-21,601225SS,0.009426557831248525,-0.006519735331534349,-0.0015855052598509746,-0.007837114885178695,17.391648854143195,0.0036859490099334
2024-02-22,601225SS,-0.012588610628785704,0.03478617577761088,0.001585507393544946,0.05696174686183176,17.500265166587926,0.004108854754076
2024-02-23,601225SS,0.06513204520383523,0.004079309507045716,0.04794105802414094,-0.009708903668875439,17.354166855258583,0.0035503494162513
2024-02-26,601225SS,-0.023645210866221227,-0.0007404128608418224,-0.02098102455863854,-0.014742188098612104,17.42149877201912,0.0037976328727529
2024-02-27,601225SS,-0.012612437749704816,-0.026267960990289607,-0.011242647892396172,-0.0099503447297298,17.285393288277525,0.0033143862284522
2024-02-28,601225SS,0.003072193374784479,0.0034162144756763897,-0.025267805440328365,0.006517178699088888,17.679668029620522,0.004916255719699
2024-02-29,601225SS,-0.006925752676747348,-0.004938222317064154,0.017047032903004203,-0.014239229621708097,17.539987872541616,0.0042753546070509
2024-03-01,601225SS,-0.011260130278096553,-0.004962930520883862,0.0015709529284558654,0.0011620414526321184,17.462862586508304,0.0039580115289519
2024-03-04,601225SS,0.0027296000100694015,0.02718182109590992,0.002743507399212605,0.03649214692518128,17.486167791281527,0.0040513370618874
2024-03-05,601225SS,0.042316238326474964,0.016987092069205498,0.03914547279821665,0.0066964052625892315,17.493950054877622,0.0040829886363258
2024-03-06,601225SS,0.01959034946256724,0.020656683521598516,0.004880889355850758,0.004070377195816027,17.553252935505384,0.0043324452749804
2024-03-07,601225SS,-0.010671628032307656,-0.0032332692833736266,0.007834374896215272,0.023719407701500654,17.192561445386282,0.0030205550647971
2024-03-08,601225SS,0.025567411497134773,0.00035967062260432755,0.0066666567299008645,-0.007238544954787437,17.2537470440317,0.0032111406331708
2024-03-11,601225SS,-0.014164020209983225,-0.013763330303246396,-0.030737054573952184,-0.04002017091444289,17.668447096758545,0.0048613990900368
2024-03-12,601225SS,-0.040303913475297215,-0.03601644395669724,-0.03446614609227777,-0.03696993192916386,17.951088582042335,0.0064492752851238
2024-03-13,601225SS,-0.0392207881111747,-0.036970043982060816,-0.03040234061765241,-0.009856247045856324,17.712315229746626,0.0050794064234733
2024-03-14,601225SS,-0.01195221158690789,-0.00550737296523906,-0.005702624540945806,-0.0031745114790579275,17.575185860558204,0.0044285182036076
2024-03-15,601225SS,-0.0020061059287321847,-0.017509463239848082,-0.019386060481757495,-0.018047484120965955,18.29593984717323,0.0091049574088727
2024-03-18,601225SS,-0.014970868026238763,-0.01089817539207893,-0.002502030191614839,-0.015086855259350409,17.909817886159864,0.0061885268460505
2024-03-19,601225SS,-0.007775817915430256,0.027223445847301835,0.006658336314572829,0.01872250309748979,17.88807041386874,0.0060553949162266
2024-03-20,601225SS,0.011844097551918627,0.0011841731835848497,0.01849237734705535,0.008831914248923503,17.616658693815594,0.0046160431220203
2024-03-21,601225SS,0.014110216508112249,-0.006728796154629111,-0.005307275577721756,0.0031922461957684775,17.386603417040494,0.0036673986222789
2024-03-22,601225SS,0.012728919080631406,0.01966248984467339,0.031032166906348947,0.011093607758875237,17.675567221506576,0.0048961363789034
2024-03-25,601225SS,0.003551025389626753,0.02840883056621898,-0.0007939647669244558,0.0237504299172026,17.632105732667497,0.0046879008870737
2024-03-26,601225SS,0.029111312570052006,-0.008361862694193723,-0.011182253184534856,-0.028489714462637667,17.629746011434225,0.0046768517890902
2024-03-27,601225SS,-0.036622645842281185,-0.022776501631186052,0.004008050929317284,-0.004761932887678547,17.436898869574488,0.0038565694407161
2024-03-28,601225SS,-0.004773331903098353,-0.0169329031410546,-0.016942743667257665,-0.00558437384883778,17.54527218078796,0.0042980066968031
2024-03-29,601225SS,-0.012841247317075708,0.01810357585704536,-0.0028518858104505974,0.0035935499369614834,16.83783266763163,0.0021185074728304
2024-04-01,601225SS,-0.002426216283531466,-0.03129587409956213,-0.014796876320879799,-0.014452337182376037,17.980676487843727,0.0066429468773636
2024-04-02,601225SS,9.194590132892122e-08,0.018736909275588787,0.018055590076551033,0.020809184644405336,17.555432209943667,0.0043418971578308
2024-04-03,601225SS,0.02241878568009058,0.02032903381516073,0.01853386885970026,0.01883138700011037,17.401110302263785,0.0037209889290358
2024-04-08,601225SS,0.009456241130645525,0.008093969042016093,0.0019939792111753046,-0.010156431520581816,17.4486721013917,0.0039022420575765
2024-04-09,601225SS,0.00781268673424859,-0.006933592962430079,-0.003591989983499356,-0.004327991084762843,17.01985020262717,0.0025414362185212
2024-04-10,601225SS,-0.01568668060378492,0.00693368567951003,0.009550377086212975,0.01292865367980179,17.106539476885075,0.0027715830058451
2024-04-11,601225SS,0.012178556255282252,0.006123241282046849,0.0031633030692800753,0.011610005725595682,17.27969945226317,0.0032955682801871
2024-04-12,601225SS,0.011260096838338127,0.014018134915281658,0.017221648331510936,-0.001925573464988863,17.19721406266196,0.0030346412954635
2024-04-15,601225SS,-0.005808359895821514,0.015307335106284368,-0.0007764483465967483,0.031869133398139834,17.394635300511688,0.0036969733528874
2024-04-16,601225SS,0.039220743659255534,0.017628061427057556,0.03134812604198843,0.009661923995499994,17.35863212238424,0.0035662381225038
2024-04-17,601225SS,0.004470881239956991,-0.010613080443578685,-0.0026380405773621194,0.0011087820360641347,17.02542200257024,0.0025556361160314
2024-04-18,601225SS,0.005930304863754847,0.013521062238999744,0.0033904522852257384,-0.0037010063766662734,17.282115614190708,0.0033035405342946
2024-04-19,601225SS,-0.005558564319987126,-0.0029079531769444257,0.008239800952395885,0.009594257800718936,16.952653804798633,0.0023762722088261
2024-04-22,601225SS,0.007035733872010127,0.006169452684790364,-0.03685129652978107,-0.05123531025782464,17.86002188220455,0.0058879098130772
2024-04-23,601225SS,-0.057332069251673376,-0.06001421485594195,-0.029454301783688342,-0.01636823908797689,17.459485999530497,0.0039446694963601
2024-04-24,601225SS,0.0073974159426049005,-0.009262842061670006,-0.004393832156487562,-0.009078421732721447,17.407847007657807,0.0037461407610387
2024-04-25,601225SS,-0.02196172083531151,-0.011308403228187753,-0.004011252232492121,0.0,17.173149496109108,0.0029624856448884
2024-04-26,601225SS,-0.016793739029791553,-0.006294329376262256,-0.020711390191962123,-0.006364433280275847,18.006864098639074,0.0068192076384739
2024-04-29,601225SS,0.0008061166161478329,-0.018319975232387924,-0.02619155099143925,-0.03368144067826946,18.180865717664172,0.0081152491630357
2024-04-30,601225SS,-0.02447105520284641,-0.00928734662301755,0.018364480770774724,0.01230537282992974,17.334994670629232,0.0034829298154051
2024-05-06,601225SS,0.02688552753840722,0.00928735229974797,-0.024279126438841257,-0.026436947299893716,18.03155242582355,0.0069896578784287
2024-05-07,601225SS,-0.0397674300927614,-0.03392924035251879,0.0021163995711057583,0.004177160480077061,17.5614760038513,0.0043682181492482
2024-05-08,601225SS,0.002088981291709301,0.052249237429490246,0.00967817591607125,0.047618379800244505,18.00262323835478,0.0067903495659697
2024-05-09,601225SS,0.04408878089051381,-0.0023706513417336133,0.0321411713005209,-0.009986169486402692,17.255087594060758,0.0032154482145972
2024-05-10,601225SS,-0.004803874209450705,0.002765160249273757,0.0056611424629508,0.0020051952771563946,17.272050557758565,0.003270456984545
2024-05-13,601225SS,-0.006845194842254365,-0.01750940881293269,-0.022426991899902566,-0.02064424657264327,17.422394751496647,0.0038010369987482
2024-05-14,601225SS,-0.0146522521369338,-0.01700441185577465,-0.022941487376267992,-0.009451487675752416,17.58325102952309,0.004464379370814
2024-05-15,601225SS,-0.010303088855331455,0.007728257746622118,0.007984763418956193,0.01556765663289534,17.295531781708082,0.0033481600309412
2024-05-16,601225SS,0.018876400154233447,0.004043824602743703,0.012066054112917111,-0.014742174591846303,17.4214166621814,0.003797321062527
2024-05-17,601225SS,-0.014742330067736233,-0.013815771136795925,-0.008305750678986349,0.006578941525043529,16.898783039485476,0.0022516475511849
2024-05-20,601225SS,0.006578956805993996,0.039708427179106304,0.016953048592827247,0.03780105614910066,17.51274570583657,0.0041604568193795
2024-05-21,601225SS,0.0393782061290331,0.016380917851503682,0.029889024531322198,0.019539397479555288,17.381872062513374,0.0036500878427271
2024-05-22,601225SS,0.01834921650284097,0.02105341000204481,0.015791970000076008,0.0023192991682988383,17.599989331895713,0.0045397344026612
2024-05-23,601225SS,0.009624734339754358,-0.008368202457180923,0.0019565561260052313,-0.01126000882605324,17.01534626475224,0.0025300154856572
2024-05-24,601225SS,-0.015444354243271036,-0.008438962455999675,-0.009032094969285325,-0.009415564239495118,16.93669844640407,0.0023386587981144
2024-05-27,601225SS,-0.008204685001983306,0.02848126345305684,0.0027576508541415955,0.026066572984728243,17.531403612019208,0.0042388109230518
2024-05-28,601225SS,0.02364902100203374,-0.004502880385388155,0.021790626326393312,0.011075019578176888,17.039174183003507,0.0025910244621742
2024-05-29,601225SS,0.007253392171174642,0.0011276810494808712,0.002690792838832893,-0.0022813019382602094,16.917292634562948,0.0022937127413701
2024-05-30,601225SS,-0.006104606385325063,-0.006406637578758893,-0.020555242732105527,-0.0227151106515053,17.279397095491742,0.0032945719933953
2024-05-31,601225SS,-0.006912473595795904,-0.010260480203473763,0.006639290303139201,0.013537189486769768,17.27861879271618,0.0032920088163816
2024-06-03,601225SS,0.001924963058484387,0.01026047905958119,0.001944425414843433,0.01449303919516988,17.169522127795254,0.0029517590843102
2024-06-04,601225SS,0.007662845800557406,-0.00873379106603726,-0.01015243660239492,-0.03428030018218555,17.651152523622976,0.004778046120739
2024-06-05,601225SS,-0.020046978446051737,-0.0015267092738443292,0.003916951165052235,0.007806366993706144,17.14040664081247,0.0028670562438825
2024-06-06,601225SS,0.008144275338217457,0.034906909741004744,0.0015625319125401641,0.035895432209739245,17.470014382528127,0.0039864198850867
2024-06-07,601225SS,0.03080691045517972,-0.00591927369690515,0.03414878637228665,0.00187377048131829,17.036834384031017,0.0025849690725184
2024-06-11,601225SS,-0.00037472348877083266,-1.1293414119866719e-07,-0.009094520746079467,-0.005631801278791965,17.44829928100329,0.0039007874933009
2024-06-12,601225SS,-0.0014997612314075572,0.03929214990594157,0.004178580250020033,0.045989430438318456,17.86331957744681,0.005907358395719
2024-06-13,601225SS,0.040806982620265726,-0.0025005300176461566,0.03866653647509625,-0.003602348172358856,17.13138528140283,0.0028413078156684
2024-06-14,601225SS,-0.0018028691597144753,-0.003941955662209678,-0.011738986065932303,-0.011980587737685476,17.27848740807621,0.0032915763253869
2024-06-17,601225SS,-0.019311847472330376,-0.009017135114114994,-0.007407411123262365,-0.01138663844433851,17.065069795181394,0.0026589969253461
2024-06-18,601225SS,-0.0007360794821508851,-0.01019671961588276,-0.0040975112996103095,0.004055370994736481,16.680851987917322,0.0018107319041988
2024-06-19,601225SS,-0.00036833385537667524,0.00874633412280122,0.003353697590245342,-0.0077563773714027845,16.69018345325826,0.0018277077688306
2024-06-20,601225SS,-0.005540057311068508,0.01154423803733075,0.0014871321912543858,0.02272839108180676,17.11590826675446,0.0027976714031311
2024-06-21,601225SS,0.01543577116640953,-0.0014357545894375036,0.004447737676547108,-0.010200517575367905,17.123590540586815,0.0028192466490997
2024-06-24,601225SS,-0.008055747780643725,-0.0021575511188994287,-0.01115679413400711,-0.011045811866987349,16.891479243506833,0.002235261887715
2024-06-25,601225SS,0.002570217715779103,-0.018162498474776082,-0.00374673493004205,-0.007805311806438899,16.785847123063913,0.0020111893657568
2024-06-26,601225SS,-0.017385354594923033,-0.008466881057846359,-0.0041376287295944916,0.0,16.862707701185936,0.0021718663200614
2024-06-27,601225SS,0.007435009463149671,-0.0018501085756343172,-0.005670076047834446,-0.0063634882299241765,17.093809341764707,0.0027365240047408
2024-06-28,601225SS,-0.01478643990627413,0.006728148030197797,-0.0018896533843181654,0.017814003331473233,17.04112967564208,0.0025960961488448
2024-07-01,601225SS,0.018801979572513578,0.053129870317588083,0.021735694319390993,0.041799445460633015,17.150073499139168,0.002894906064664
2024-07-02,601225SS,0.04217140675486555,-0.004782062342769843,0.03268891174373542,-0.0026086300624745245,16.77283126291922,0.0019851816286087
2024-07-03,601225SS,-0.008218133777729016,-0.004805033839058365,-0.013330964401041586,-0.02264237753339054,16.907930471279784,0.0022723388363081
2024-07-04,601225SS,-0.012835278365198306,-0.010802888769357089,-0.002303307656353956,0.0030487156571912307,16.889937045767713,0.0022318173285048
2024-07-08,601225SS,-0.01223257983957367,-0.0007493844936832425,-0.0038506392483720524,0.00455575295942277,16.87464706897426,0.0021979524481364
2024-07-09,601225SS,0.015267563540044247,0.000749467353785901,-0.0007718145917153873,0.00792321808272909,16.904396597022547,0.0022643228483152
2024-07-10,601225SS,0.0003786120768898434,-0.005257402231908493,-0.024625127213758116,-0.046538061672360125,17.48389562957456,0.0040421422187601
2024-07-11,601225SS,-0.043729124091118336,-0.03720464836615064,-0.010742114646807821,0.0,16.975229535807408,0.0024305284258769
2024-07-12,601225SS,0.011797264563669528,6.783580178424432e-08,-0.014098872019145364,-0.01867718139342238,16.816941960586835,0.0020747094305796
2024-07-15,601225SS,-0.03056401103567951,0.000781273864137702,-0.0024370166252235086,0.024173982629069043,16.967675776424734,0.0024122379660322
2024-07-16,601225SS,0.025469011781258728,0.0019504441815418195,0.029649613552761786,0.0019557846678565733,16.73893747982144,0.0019190238122457
2024-07-17,601225SS,0.005485816681691283,-6.647829430306772e-08,-0.022760070419467444,-0.02212658973620212,16.761442106904585,0.00196270034856
2024-07-18,601225SS,-0.018935418392720667,-0.01176015933928132,0.0012109661831702847,0.007165612272371746,16.672756842268587,0.0017961329349837
2024-07-19,601225SS,0.0011939188455100636,0.017201246157878027,0.00683406128114817,0.007508391560327334,17.144922171632388,0.0028800317988916
2024-07-22,601225SS,0.0075293847324217535,-0.018384898739856874,-0.054334237487308326,-0.046332439007671845,17.758208732555726,0.0053179501168067
2024-07-23,601225SS,-0.04481077797411058,-0.037816300545540874,0.009682282042814502,-0.015794168621374744,16.937537407689653,0.0023406216656625
2024-07-24,601225SS,-0.010375663227218251,-0.0020520666276446103,-0.01010539307889194,0.01579416862137478,17.000159674850934,0.0024918834570772
2024-07-25,601225SS,0.007481371894261659,-0.006595208628968731,-0.011920027839502913,-0.021255210451375867,17.111318608738635,0.0027848604690683
2024-07-26,601225SS,-0.01880942306682701,-0.011647553927974712,0.0025661354360991383,0.0008419854904686431,16.643091126508406,0.0017436319526711
2024-07-29,601225SS,0.0025284674754261984,-0.002094165966968947,-0.002566230852283985,-0.008877672381140372,16.743190035878662,0.0019272019456819
2024-07-30,601225SS,-0.008453144722134315,-0.011385318165221226,-0.026031831765001685,-0.026679654597037018,16.92452602471909,0.0023103642119693
2024-07-31,601225SS,-0.024056164172443398,0.003386916241172002,-0.0008795716578804981,0.019862400336516876,17.041271823685175,0.0025964652050764
2024-08-01,601225SS,0.024480509845936454,0.01218252538606789,0.017877099438474278,-0.009881886610481788,16.86988200127562,0.0021875039690563
2024-08-02,601225SS,-0.02317692242388595,-0.02237795635656056,-0.016118757280942773,0.009026576273770546,16.890766743101917,0.0022336698298797
2024-08-05,601225SS,0.011655552450915325,0.005535394909934576,0.010050284020995554,-0.010322776230161961,16.965067901197436,0.0024059553458347
2024-08-06,601225SS,0.004709913614612756,-0.005962546623761996,-0.02598696846790432,-0.021412247126698262,17.07504840295751,0.0026856628368413
2024-08-07,601225SS,-0.03609865964982818,-0.0029945815964926696,-0.00044627918058128127,0.016210747610582523,17.02299454150213,0.0025494399321453
2024-08-08,601225SS,0.02363358747585601,-0.009038130720659777,0.008003676226937219,-0.017978928121557214,16.665326489617968,0.0017828364929046
2024-08-09,601225SS,-0.017452547000622046,-0.01612585117386882,-0.012926397399754926,0.00044235959890807577,16.889998326473478,0.0022319541000428
2024-08-12,601225SS,-0.013738304448309873,0.02344868669167296,0.002240590178727217,0.02100729486881187,16.65854318177082,0.0017707838879124
2024-08-13,601225SS,0.033351047492935174,-0.002148209034330546,0.017306804013733527,0.0025951208390440706,16.2777881749325,0.0012100567861893
2024-08-14,601225SS,-0.003458768776391632,-5.701411772023812e-08,0.004389782460491023,-0.005197077420330478,16.178111805343047,0.0010952590500955
2024-08-15,601225SS,-0.0017338430059344913,0.030915049102143752,0.0061135802335225455,0.03372785809308723,17.00135893177813,0.00249487365835
2024-08-16,601225SS,0.03453774946648245,0.016543002679633323,0.03423535738179135,0.017891109827593163,16.825983354229532,0.00209355275275
2024-08-19,601225SS,0.014149158963244623,0.011419338442917799,0.009629466242286323,0.0020596380908103223,16.563217338754605,0.001609778310591
2024-08-20,601225SS,0.007410447612465864,-0.011419379247000542,-0.0210533865264007,-0.025845473375089557,16.91938680476132,0.0022985211995603
2024-08-21,601225SS,-0.028287984090449032,-0.023237513307663486,-0.01846733698567772,-0.005080461580864502,16.71085692196443,0.001865886109945
2024-08-22,601225SS,-0.0059247898208870265,-0.00589477381578225,0.00129952948050976,-0.001699239225907466,16.69213919925791,0.0018312857989083
2024-08-23,601225SS,-0.004679782194940579,0.016750820862416874,0.011620576913337196,0.0055119828084220866,16.561217878649337,0.0016065628385497
2024-08-26,601225SS,0.008492548307006428,-0.012116277547814386,-0.0051480755022329985,-0.0008460661990359379,16.708078402695563,0.001860708904961
2024-08-27,601225SS,-0.004661958577030289,0.014604827093561281,0.00557578762177443,0.01636977953278945,16.854166871192778,0.0021533957673771
2024-08-28,601225SS,0.01726721090604583,0.004133957291387684,0.012749898672881859,-0.004590064702816075,16.659785903614655,0.0017729858477872
2024-08-29,601225SS,0.0016687404410108868,-0.009533703150301257,-0.0021137383775106998,-0.0004183032695250972,16.15625522437885,0.0010715801423484
2024-08-30,601225SS,0.009954424092659701,0.04399892216156405,0.007588557853118689,0.03130402403968621,17.37076332919943,0.0036097643751598
2024-09-02,601225SS,0.015154939960009658,-0.001595571934951054,0.023657449012091242,0.005661128309511528,16.862451924861006,0.0021713108790868
2024-09-03,601225SS,0.0060790676504686066,0.0043816657743154476,-0.009064685798221945,-0.007284430482490691,16.73639998941375,0.0019141604804067
2024-09-04,601225SS,-0.012195306058377119,-0.023322388902178803,-0.006228011153583238,-0.008156747205599415,16.404784430257752,0.0013739139366181
2024-09-05,601225SS,0.0008176476695142428,0.011729235926725931,-0.001250243855369468,-0.014436187289906588,16.685965622058923,0.0018200150402647
2024-09-06,601225SS,-0.06631098608147734,-0.05496118142531307,-0.05661891223364457,-0.054205767207896084,17.552167616162613,0.00432774573892
2024-09-09,601225SS,-0.016733029067006147,-0.03721760717261923,-0.038232651902699234,-0.02531775387754345,17.57656664002968,0.0044346372343184
2024-09-10,601225SS,-0.013411132941855359,0.009216552331923441,0.01817397830549134,0.018275456339316168,16.88501411485581,0.0022208572454815
2024-09-11,601225SS,0.022252889904202273,-0.007454464086376775,-0.027849184751507106,-0.027312954810411613,17.284196978701807,0.0033104235671036
2024-09-12,601225SS,-0.02676335216201988,-0.018658922502639463,0.00921659932176209,0.006334831961323242,16.630473669136336,0.001721769960944
2024-09-13,601225SS,0.0022577612163660553,0.01733762681633703,0.015024130083246127,0.004500423495904818,16.71191033302544,0.0018678526907476
2024-09-18,601225SS,0.004051311964184787,0.028244293971254893,0.003158190008918505,0.04306461311303544,16.907216336728187,0.0022707166598536
2024-09-19,601225SS,0.043513821526833175,-0.001715259945481751,0.024472867775153805,-0.009073210846176002,16.79452694632815,0.0020287221154066
2024-09-20,601225SS,-0.010810848702424873,0.013217116523140367,0.01005917450535048,0.01934298076469338,16.925410539747077,0.0023124086679689
2024-09-23,601225SS,0.02405607656870085,0.02054143575885215,0.019392969426631483,0.019393523167856145,16.66932626711126,0.0017899817227345
2024-09-24,601225SS,0.035852110499373244,0.050566863568058625,0.028194565588502647,0.05681036418085369,17.38912463258913,0.0036766565907315
2024-09-25,601225SS,0.05768151769032748,0.0443659487656489,0.04463212932630355,0.00275748453611555,17.576170574342083,0.0044328811744126
2024-09-26,601225SS,-0.001934586876919539,0.010137209802247412,0.005934788454842424,0.05025031242500709,17.40333363697032,0.0037292711367419
2024-09-27,601225SS,0.05427099506086829,0.02835758590729042,0.01604409903137945,-0.0011229850492786774,16.77902677239473,0.0019975190195862
2024-09-30,601225SS,-0.00036688644829930244,0.02048590719443823,0.008888956832633216,0.03242730272524935,18.615332783587778,0.0125310802077281
2024-10-08,601225SS,0.07355736095845529,0.06072925537237979,-0.008500795739583235,-0.05285934716317615,18.706405792681824,0.0137259058431362
2024-10-09,601225SS,-0.11897701365670436,-0.11669559567690546,-0.046058138991223324,-0.058238295121071544,18.264966492383653,0.0088272689999604
2024-10-10,601225SS,-0.038360950512792584,-0.012493087547803499,0.0028402960278837088,0.0358175555949514,18.199140868562264,0.0082649200312206
2024-10-11,601225SS,0.027938073762014532,0.00038084804407675324,0.016874609424312997,-0.007061674671064929,17.64100073369895,0.0047297857781272
2024-10-14,601225SS,-0.010532527272551637,0.003800918188902752,-0.009205506784839107,0.017561519696264162,17.683289470165906,0.0049340919247522
2024-10-15,601225SS,0.011308340696717472,-0.02031119116618209,0.005613399949548719,-0.033034924201816716,17.256478021080078,0.0032199221704512
2024-10-16,601225SS,-0.03592259941542525,-0.01678742331064595,-0.010046275143318528,0.0007994006728536193,17.140003949449873,0.0028659019374857
2024-10-17,601225SS,0.014365882990355114,0.017174614338801297,0.008045138286327008,-0.002399967558427114,17.051263834008775,0.0026225391619285
2024-10-18,601225SS,-0.010755015335029238,-0.015600988877851173,-0.007237666433881469,0.007580285451577555,17.50240141112134,0.0041176416549462
2024-10-21,601225SS,0.007182862281811868,-0.003543956682735742,0.0008067761932960269,-0.006379543202628705,17.680331446607994,0.0049195183294424
2024-10-22,601225SS,-0.007182870468018753,0.0070754471808019805,0.00040308788764363616,0.013113570250468463,17.194592042784194,0.0030266948278452
2024-10-23,601225SS,0.008309353657182623,-0.00988891551786445,-0.0025631318304604536,-0.005606217826097907,17.439571291688495,0.0038668896062265
2024-10-24,601225SS,-0.0064026110440151,0.00039719436231816757,0.007681448357584666,0.001195450558626669,17.267777060555655,0.0032565105166494
2024-10-25,601225SS,0.013556830964498116,0.0031720836390641124,0.0012075125783431776,-0.004390374216753387,17.225116852081314,0.0031205086537377
2024-10-28,601225SS,-0.009950286078890733,-0.00039592548773733174,-0.002013289682030557,0.009950375627445544,17.433469703920892,0.0038433672740411
2024-10-29,601225SS,0.00955415896231588,0.003952544589661136,-0.0032297579292205943,-0.00995037562744566,17.254238988921895,0.0032127207260751
2024-10-30,601225SS,-0.013562173981458025,-0.003160739097555314,-0.01630684289048705,-0.011263153582889363,17.51639980494133,0.0041756873512849
2024-10-31,601225SS,-0.01619472732571923,-0.008345068084052562,-0.004118694449441852,-0.0016194501358815987,17.14940096764052,0.0028929598036148
2024-11-01,601225SS,0.012170504350610525,0.013082443014813339,0.01230536982051228,0.019659600269920217,17.46521075606557,0.0039673165319605
2024-11-04,601225SS,0.016000409981831696,-0.0063216195718650186,0.012960889227391062,0.002380939927297912,16.922812157559996,0.00230640794567
2024-11-05,601225SS,-0.0019861244484624557,0.0027706400347477056,-0.0036282918667970123,-0.005963012820320341,17.563935863996285,0.0043789765819269
2024-11-06,601225SS,-0.0027871601471721134,-0.008733644346970796,-0.03660697304307591,-0.04193573938588393,18.153482648324793,0.0078960436861709
2024-11-07,601225SS,-0.049029504982765905,-0.02748764169823829,-0.002096970034522886,0.014448106195742657,17.656220681332385,0.0048023234813244
2024-11-08,601225SS,0.021541889464149554,0.013433972537335935,0.010856092336481028,-0.008230425796465183,17.429440012441905,0.0038279108524913
2024-11-11,601225SS,-0.02489755538631199,-0.027882085536459517,-0.03292827678710538,-0.029352230881260245,18.007662497577584,0.0068246542606957
2024-11-12,601225SS,-0.019088567704531625,-0.01677188555589373,-0.007322907402775689,-0.014573794569064307,17.635932374768554,0.0047058741731027
2024-11-13,601225SS,-0.009898869818236256,0.01635609947286714,-0.002163951095245031,0.02009046009735892,17.7290291244832,0.0051650165357325
2024-11-14,601225SS,0.016727753085041035,-0.007934953520866681,0.00862817492480151,-0.008073107289634385,17.243084564366367,0.0031770837981777
2024-11-15,601225SS,-0.0029819131841928195,-0.0029393415808811295,-0.0025807340494147795,0.0038322160385909653,17.404918151983072,0.0037351849069997
2024-11-18,601225SS,0.008073072883738847,0.017507749244865364,0.016232786190440385,0.013927215022682267,17.72550697124107,0.0051468565555226
2024-11-19,601225SS,0.010524217316434416,-0.009549625269772063,-0.007229443031794089,-0.006306561167508082,17.48546562002054,0.0040484933278726
2024-11-20,601225SS,-0.007566133988229167,0.0008340865704007537,0.003833916008233518,0.007981620572399949,17.16872617361514,0.0029494105540315
2024-11-21,601225SS,0.004210448213356425,0.01242769331955944,0.011834386052812089,0.006256501777157385,17.231357213136064,0.0031400426412314
2024-11-22,601225SS,0.010865161491320323,-0.002886049168173996,-0.019088526406364093,-0.026971668081115636,17.465589696545464,0.0039688201937113
2024-11-25,601225SS,-0.01549766530609652,-0.020860182263780946,-0.00817037200632376,-0.009873441578425998,17.082967725200152,0.0027070159064201
2024-11-26,601225SS,-0.024787617540522718,-0.002532720603761758,-0.006932457710462544,0.00859104154824168,16.922203760544292,0.0023050051606644
2024-11-27,601225SS,0.012043136891120847,0.001689261318161396,0.006500581211505815,0.010212959237861976,16.919521196111514,0.0022988301216994
2024-11-28,601225SS,0.009785228896267682,0.006728299015642508,0.007316521439743414,-0.01106872511379167,16.924803677373923,0.0023110057798174
2024-11-29,601225SS,-0.006370798745666692,-0.010109529002912686,-0.006452939711226682,-0.0004281166886002788,16.945196416257154,0.0023586173343641
2024-12-02,601225SS,-0.003414416635137794,-0.001270936941976846,-0.004758840585690252,0.007254151511179888,17.212861752522574,0.0030824998845755
2024-12-03,601225SS,0.00596760392331023,0.024289224487904867,0.01677096224945752,0.02311502312700603,17.681902021519225,0.0049272508723474
2024-12-04,601225SS,0.01977764530051488,0.03775571033733252,0.021932539246780697,0.0347045047380492,17.940175784241053,0.0063792782731218
2024-12-05,601225SS,0.03761683221221225,-0.0023933129618939125,0.03121400880196018,0.0012031213748061593,17.257663205265693,0.003223740633753
2024-12-06,601225SS,0.004803890707087496,0.00517823427728385,0.002019845781200242,-0.006433464904443476,17.233848923314675,0.0031478764734655
2024-12-09,601225SS,-0.002399085255414492,-0.007577314639294355,-0.03448617030581151,-0.008507270777578131,17.610528040394716,0.0045878303306186
2024-12-10,601225SS,0.0043939230760600785,0.0043939230760600785,0.023938450287335485,0.0012198311582681885,17.46240392881115,0.0039561965727051
2024-12-11,601225SS,-0.01688145353980983,0.010309357911652564,0.001222672712861375,0.025673245803744613,17.45839528702549,0.0039403693414425
2024-12-12,601225SS,0.030341636277839822,0.003150824826377367,0.018163980181671452,-0.0027761365083625532,17.080313519112767,0.002699840454825
2024-12-13,601225SS,-0.019456587532394636,-0.010276737019611912,-0.01612932418631804,-0.0228971092953821,17.46934983828039,0.003983771612659
2024-12-16,601225SS,-0.003615204261846729,-0.003582109945464889,0.0012187091238128683,0.012919010083060681,17.202538424520167,0.0030508419150878
2024-12-17,601225SS,0.009611581903713676,0.02247282735926095,0.01610993815505605,0.014732439138284174,17.36682346056802,0.0035955703569691
2024-12-18,601225SS,0.014246391430384928,-0.0050810954147959934,0.0035892270482184518,-0.0047543399259627715,17.293836775326238,0.0033424896851403
2024-12-19,601225SS,-0.018640266390808746,-0.009053359319530732,-0.027852457036003232,-0.025745543934179747,17.171891833417785,0.0029587621790124
2024-12-20,601225SS,-0.022263629729028137,-0.03459724023983718,-0.038386066592304396,-0.03736435098931233,17.836451284685626,0.0057507510651198
2024-12-23,601225SS,-0.034988991057978557,-0.020261168507893515,-0.001276890007887083,-0.0021172600157873677,17.272718292845056,0.0032726415127533
2024-12-24,601225SS,-0.0008481854240116546,-0.012187613166356604,-0.014154200946431416,-0.013657892438377062,17.677058649829387,0.0049034440636145
2024-12-25,601225SS,-0.011092249047806584,0.000845352757008865,0.0034497878385632845,0.007705555257006904,17.466966610791868,0.0039742886828758
2024-12-26,601225SS,0.005988113543122052,-0.0076336215694302705,-0.012126541073829674,-0.020681524366482507,17.496050761987203,0.004091574815165
2024-12-27,601225SS,-0.01894163825518727,-0.016742179707935463,-0.025150329188084464,-0.007867128200445082,17.82184910325185,0.0056673876780804
2024-12-30,601225SS,-0.005665777113568042,0.015037900434381178,0.01990779886430635,0.023846757015054197,17.69379740493508,0.004986212401632
2024-12-31,601225SS,0.016041963744045856,0.007646489798701884,0.018229636375985105,-0.0034335149228615783,17.452947548670778,0.0039189616045069
2025-01-02,601225SS,0.0055758238698291225,0.006327900208953754,-0.006039645581736277,-0.006037041072839989,17.40210869526244,0.0037247057935707
2025-01-03,601225SS,-0.0051458024190246905,-0.002104908181508154,0.0008649500618929531,0.01757811261665289,17.522493083201546,0.0042012086521032
2025-01-06,601225SS,0.011116002520789751,-0.00888889170571161,-0.013493091940972295,-0.015849568846315526,17.300822285381614,0.0033659204237165
2025-01-07,601225SS,-0.014561268341341485,-0.014561268341341485,-0.013233484387542278,-0.023150200481176983,17.057014895902654,0.0026376650006883
2025-01-08,601225SS,-0.021806328686721294,-0.01828520168754505,-0.007130117939904757,-0.0039848432558393454,17.026952338672878,0.0025595500924887
2025-01-09,601225SS,-0.00619194857940688,-0.009713075578583147,-0.025363746279316566,-0.01971392893840045,17.154965576703415,0.0029091028677955
2025-01-10,601225SS,-0.013399097540137982,-0.005784275627154024,0.0004586135273476327,0.002259846082708128,17.137048669542416,0.0028574448973837
2025-01-13,601225SS,-0.004055043156258588,0.0031186603240601052,0.008673834297240371,-0.0018075201288150174,16.937643385034526,0.0023408697316874
2025-01-14,601225SS,0.0040549885055323935,-0.008936550100700817,-0.006383934005357033,0.002710013278588473,17.213365961433105,0.0030840545004287
2025-01-15,601225SS,-0.007220237445265034,0.006709919951926514,-0.0036663579459717322,-0.012253403973674823,17.576225835212437,0.0044331261460588
2025-01-16,601225SS,-0.0031753211202830934,-0.000445950194952024,0.007319321053485676,0.01944443392757098,17.471775287258,0.0039934457750452
2025-01-17,601225SS,0.02218736449191521,0.013946330111679424,0.0027984688131121233,-0.012996254648410826,17.325091591001076,0.0034486083078882
2025-01-20,601225SS,-0.020293767551854414,-0.01918409931557678,-0.013793287052991699,-0.0045683213254873335,17.275880338850442,0.0032830061341708
2025-01-21,601225SS,-0.0027372906271362143,-0.013605703841128854,-0.012578803444333176,-0.015225203942972875,17.356293547615014,0.003557907951928
2025-01-22,601225SS,-0.017511929731748806,-0.013793287052991699,-0.014640141680087005,-0.020667740588159213,17.39128469382293,0.0036846069778962
2025-01-23,601225SS,-0.014516736254680225,-0.007901508624681988,0.0019010941206335054,0.01320154420987065,17.09917411041554,0.0027512442736005
2025-01-24,601225SS,0.0037664790749430688,0.023975350553168667,0.0075686194804562455,0.010715198752519872,17.392643258856584,0.0036896161581173
2025-01-27,601225SS,0.01908365272046021,0.0,0.016822855467163687,0.007846801240105224,16.88762310218802,0.0022266589992308
2025-02-05,601225SS,0.005058585336740704,-0.0022805548754950226,-0.03681400626709762,-0.041300996233155245,17.598608459796235,0.004533469936152
2025-02-06,601225SS,-0.04359717349628231,-0.04244049647553237,-0.007237649093558576,-0.0004792824694891409,17.417241943928587,0.0037815013609192
2025-02-07,601225SS,-0.0043217425868810905,0.017473919738290825,0.0,0.01946417190166116,17.31911235030811,0.0034280497716107
2025-02-10,601225SS,0.020953082112767467,0.001403451893374238,0.01299034190972855,-0.0032964330680336335,17.09403648760845,0.0027371456654194
2025-02-11,601225SS,-0.0004713754157252853,0.0009346009147672619,0.0009555881029143331,0.0,17.328312669537805,0.003459734455901
2025-02-12,601225SS,-0.00047150774602275385,-0.004681674425482663,0.0028612067768483394,-0.0033074257553357793,17.115100594227684,0.0027954127129803
2025-02-13,601225SS,-0.0014161289150315978,0.0014068319747663962,0.0014275846419460737,-0.0009469011372002265,17.188371494668395,0.0030079255644714
2025-02-14,601225SS,-0.0009452012947510937,0.0,0.0,0.003782506710352532,17.18710712650244,0.0030041248422741
2025-02-17,601225SS,0.0018895100275992665,-0.005167998870879263,-0.029435205892613295,-0.02920967078477821,17.826660631420413,0.0056947221816643
2025-02-18,601225SS,-0.03408061966392772,-0.03304100507974074,-0.01529758233754621,-0.020619291064390474,17.55702069676055,0.0043487996852256
2025-02-19,601225SS,-0.01574834218524093,-0.01867381343898603,-0.018570211724698683,-0.01650449695001984,17.663833346779402,0.0048390214716742
2025-02-20,601225SS,-0.01751360188285615,-0.014992746284591046,-0.014799913120377562,-0.015244158637217122,17.60682224700387,0.0045708602421604
2025-02-21,601225SS,-0.015259667384934086,-0.008596769575407283,-0.0036055461316110943,0.0,17.63322767511849,0.0046931633937635
2025-02-24,601225SS,-0.006169728589620061,-0.0010162834946622211,-0.006730502424729126,0.0010234673592508818,17.72453996705079,0.0051418819291968
2025-02-25,601225SS,0.008217809629424217,0.01212747413255955,0.003112008049580401,0.002554338292874396,17.76492019179391,0.0053537613613703
2025-02-26,601225SS,0.002554338292874396,-0.0035220008645742637,0.005680398008432725,-0.006654801581951791,17.37356637873385,0.0036198969181757
2025-02-27,601225SS,-0.00871130660344185,-0.01728564397794745,-0.014000771085241255,-0.007216494843940409,17.32432501733194,0.0034459657084881
2025-02-28,601225SS,-0.0036091657209167535,-0.0030816390653088514,-0.01049872391747335,-0.01985431748422861,17.68132150604779,0.0049243913570012
2025-03-03,601225SS,-0.017718032190119335,-0.008264501707599804,0.0015817972744773424,0.004738105658545722,17.42365091406453,0.0038058147194435
2025-03-04,601225SS,0.000525636205588118,-0.010951921187390003,-0.014862204404127792,-0.01534832503121758,17.28644915325776,0.0033178876210844
2025-03-05,601225SS,-0.014289761611719708,-0.012134126362040625,-0.005899754718025767,-0.0016013180467561376,17.032632726074908,0.0025741307017236
2025-03-06,601225SS,-0.0005332033621831804,0.0026503719552267734,0.0005377912868648273,0.007450875197871865,17.08201526344929,0.0027044388047022
