Date,Stock,Open,High,Low,Close,Volume,Turnover
2020-03-13,601607SS,-0.06399481760455882,-0.04887148266341772,-0.04982411219621198,-0.031119928795958946,17.137733488940942,0.0099386959258517
2020-03-16,601607SS,0.02122246745986404,0.029719017317198212,0.02493590578100671,0.009153316296339777,17.10305222485112,0.0095999179553214
2020-03-17,601607SS,-0.00341101896111484,-0.009436563327170884,-0.025523256552050493,0.015819669294172407,16.984139530207393,0.0085236261329506
2020-03-18,601607SS,0.024192431756820273,0.006670292184104015,0.024377253373312757,-0.020958096552525902,16.76761090324598,0.0068641568678145
2020-03-19,601607SS,-0.031049705138227513,-0.015071492807949633,-0.020858384211752196,-0.007469223691455309,16.554251735690652,0.0055453183744698
2020-03-20,601607SS,0.019870221064357436,0.0700422519316482,0.03169388194062333,0.09510054048422963,17.86520176760067,0.0205714484077106
2020-03-23,601607SS,0.0684303267170472,0.02996073362707757,0.05248359880667741,-0.011603651143834331,17.943811246483946,0.0222538181243474
2020-03-24,601607SS,-0.0026280617155922865,-0.03363831909425054,-0.021763603102411454,-0.018201774539065872,17.321011767185983,0.0119378509194116
2020-03-25,601607SS,-0.01645017114665987,0.009429264177795842,0.01582580947700753,0.016077633947805724,17.436463571751357,0.0133988101683155
2020-03-26,601607SS,-0.0042895770229731955,0.020129650015368386,0.002163351483707549,0.025198229026039926,17.600331628847883,0.0157845872076956
2020-03-27,601607SS,0.03588773189274963,-0.013892748468627883,0.012882574430704391,-0.026262051264326985,17.197279252405945,0.0105484779885833
2020-03-30,601607SS,-0.012519769098331838,0.03161924336332377,0.0015988016834418606,0.04424345345695488,17.95858364753566,0.0225850006135468
2020-03-31,601607SS,0.024884778840652107,-0.006547389792917626,0.032480596380143556,-0.006641045165863067,17.317176790576887,0.0118921572121487
2020-04-01,601607SS,-0.0030770984017837715,-0.016302124231289475,-0.02876021474671144,-0.03282415257205911,17.222460130675366,0.0108174704577435
2020-04-02,601607SS,-0.03289248604642773,-0.03289248604642773,-0.03289594120983032,-0.007442830846230025,17.09795248132036,0.0095510854564485
2020-04-03,601607SS,-0.005322055678872935,0.016320375430960724,0.025441076227402052,0.010087673717535982,17.105282998381547,0.0096213571030411
2020-04-07,601607SS,0.03203225926756509,0.026283495925426295,0.015907161861238087,0.029666568901500132,17.568674891676487,0.0152927251181066
2020-04-08,601607SS,0.0036110916690080858,0.026105987157654467,0.005769847042991248,0.011218912852225689,17.79057106481333,0.01909207658776
2020-04-09,601607SS,0.015836674116771338,-0.005466038370014084,0.01711200184937534,0.006570556071537309,17.451293830307552,0.0135989987479193
2020-04-10,601607SS,0.01857959256409059,0.013363305873188087,0.007682531762667519,-0.005050479650098325,17.36589006804805,0.0124858050614216
2020-04-13,601607SS,-0.01756635881947741,-0.0019685657807451567,0.002038670027158289,0.020050761991075895,17.36543548365666,0.0124801304990453
2020-04-14,601607SS,0.013078625721365804,-0.01139474382735745,-0.0051046213462286605,-0.013490153413242284,17.489107273677046,0.0141230697510725
2020-04-15,601607SS,-0.006517997285632729,0.006456498308675595,0.013723144017737372,-0.0015101289277351963,17.356113093722538,0.012364326476569
2020-04-16,601607SS,-0.0015099794892902345,0.002472304549469188,-0.012188914764185245,0.0035203828090112307,17.42292279235232,0.013218602659278
2020-04-17,601607SS,0.0075282309528420955,-0.007434975759256075,-0.003070615697720888,-0.017726506422877392,17.28977179783523,0.0115706779091205
2020-04-20,601607SS,-0.013085372267749924,-0.00149380756521603,0.01019878722393379,0.008649135472317793,17.15585431867503,0.0101204350074488
2020-04-21,601607SS,-0.004569646428456499,0.021198795621687794,-0.013278908344601657,0.01807286871311434,17.59564906532086,0.0157108476534794
2020-04-22,601607SS,0.018654508854784466,-0.023693058387525792,0.010230240616363672,-0.015542997162586064,17.13018836895297,0.0098639894589031
2020-04-23,601607SS,-0.016620945249789576,0.0014972506766190872,-0.003568753967935248,-0.009647288449103054,17.05809552661004,0.0091778947857147
2020-04-24,601607SS,0.0010151732415799716,-0.015075606052435221,-0.03376063356216291,-0.031090588231603634,17.131128155600237,0.0098732638621198
2020-04-27,601607SS,-0.04196410274955076,-0.04029467351342484,-0.02081730174043303,-0.014312417067402279,16.740963275464786,0.0066836589622945
2020-04-28,601607SS,-0.008501687873732256,-0.0005273497994154391,-0.01850902410485356,-0.01777589872142557,16.867829145629255,0.0075877223671269
2020-04-29,601607SS,-0.028140421676116602,-0.021322761181005043,0.0010982069181153218,-0.006543051519057138,16.504232091433675,0.0052747663686444
2020-04-30,601607SS,0.006564572737161742,-0.0016176694959047428,0.004927427107773733,0.011963080229953878,16.504876897718233,0.0052781686681738
2020-05-06,601607SS,-0.0027300575787381604,0.008062276895167355,-0.0016398208196249798,0.008075298661992669,16.77189126580416,0.006893600920054
2020-05-07,601607SS,0.016269317729987874,2.0247515015025628e-08,0.009256828497114329,-0.007534966437455237,16.400511380537573,0.004755080710891
2020-05-08,601607SS,-0.003772354883924832,-0.005367518736080606,2.0112219687770784e-07,0.0010801395246341724,16.530639048762932,0.0054159123241594
2020-05-11,601607SS,0.0010792885938012023,-0.0005384373384513186,-0.005434883538954308,-0.007040500460068224,16.43028039113282,0.0048987627956864
2020-05-12,601607SS,-0.010846171038004409,-0.005399638563290781,-0.015376544240886952,-0.013129315779530427,16.67175711848827,0.0062367513237375
2020-05-13,601607SS,-0.010413834363667104,-0.0032536689868594127,-0.0066628291863684045,0.006039131766025975,16.44254417733151,0.0049592100783164
2020-05-14,601607SS,0.007136974539133627,-0.006539563854018373,-8.935629036246341e-08,-0.015444449561972311,16.379337901588254,0.0046554575087163
2020-05-15,601607SS,-0.010448274785685814,-0.008786513021099233,-0.0016727246727708993,-0.0022258568409904114,16.175108959826606,0.0037954813091244
2020-05-18,601607SS,-0.004987674831711907,0.0016532614079919235,-0.0033539270674294032,0.007216068420612252,16.18199725055442,0.0038217159424611
2020-05-19,601607SS,0.011599231714504814,0.005491669077924565,0.01168962424026273,0.0011057547504531406,16.236913351164684,0.0040374593766153
2020-05-20,601607SS,-0.008825222214151843,-0.0071449304859165395,-0.008893901424175421,-0.008321823171065347,16.009715915372926,0.0032169000180943
2020-05-21,601607SS,-0.0011084871848590595,-0.001103592852022825,-0.011229727426487379,-0.011768113431273592,16.632515188871277,0.0059967490278701
2020-05-22,601607SS,-0.015088467582446008,-0.01895278040598096,-0.02400119018801274,-0.019926813446304637,16.439691785007533,0.0049450846197854
2020-05-25,601607SS,-0.021628718565243416,-0.005077633120131874,0.0028875878420312287,0.014273683046205621,16.059315770310118,0.0033804810737096
2020-05-26,601607SS,0.015415899547590413,0.005640403565407529,0.01601889731670337,0.006779943804536867,15.861519662055139,0.0027738101969967
2020-05-27,601607SS,0.00846252597595799,0.0016856719164152969,-0.003980888392107091,-0.009049953427016153,15.766434260985477,0.0025222124771376
2020-05-28,601607SS,-0.010731529049236709,-0.001123585954857058,-0.007435002415960776,-0.0017061106691087186,15.84844876244156,0.0027377899192284
2020-05-29,601607SS,0.001702175106107838,0.002806698859600631,0.010280064209869355,0.013005645901784622,16.01389213238782,0.0032303625839141
2020-06-01,601607SS,0.010713402469346852,0.013363205890715144,0.012983494729040682,0.01339314179953612,16.33055707091868,0.0044338104216273
2020-06-02,601607SS,0.014476952534581167,0.0016580271420806377,0.006707802130324583,0.0011080253217441703,15.999467395704468,0.0031840999146541
2020-06-03,601607SS,-0.0022137909094775707,0.006604132404211558,0.001113379568813837,-0.0033278860994962398,16.43602371666627,0.0049269789368734
2020-06-04,601607SS,0.0005539291963546478,-0.006604204692742655,-0.003344401742305594,0.0022198607777520847,15.98724831018461,0.0031454298586116
2020-06-05,601607SS,0.0,-0.0022112178821775534,0.002230949884960899,0.0,15.8516725304679,0.0027466301617781
2020-06-08,601607SS,2.9086744589543784e-08,0.006069046906819648,0.0038921492321481494,0.0005541062131910673,16.16036776155185,0.0037399417270484
2020-06-09,601607SS,0.004970974934446747,0.009852266558959011,0.006085654552459949,0.01593878629623897,16.656548328846164,0.0061426155395393
2020-06-10,601607SS,0.012048384049115245,0.0021762042773247558,-0.0033149119310627675,-0.008212474427953217,16.266700897539025,0.0041595345290566
2020-06-11,601607SS,-0.013150953640885452,-0.01257874448176404,-0.009452383385904336,-0.01495459729157914,16.308419520337093,0.0043367351797008
2020-06-12,601607SS,-0.025133985192946053,-0.007180402409168234,-0.015766104584448753,0.002229518907362222,16.190263928835115,0.0038534397863452
2020-06-15,601607SS,0.021265459405479293,0.017038045363298563,0.02466486573842655,0.010523543253609258,16.637480995563052,0.0060266017862702
2020-06-16,601607SS,0.009917578349436875,-0.005464390591479114,0.0016599140937320293,0.0033004284393357616,16.322496000786593,0.0043982128320724
2020-06-17,601607SS,0.0016434289644611953,0.039220694651970846,0.00716055192021796,0.028155654169327565,17.471560575137257,0.013877417988821
2020-06-18,601607SS,0.022193018336019197,-0.015932355282151787,0.008743181765636371,-0.012896494351826203,16.776646262511914,0.0069264580272482
2020-06-19,601607SS,-0.009682637959810204,-0.00321705312355833,-0.0010885737378653047,-0.002165542088443556,16.553571174525782,0.0055415457297967
2020-06-22,601607SS,-0.002706335123618448,-0.007547290355361424,-0.005461545612075158,-0.004890008279980707,16.491462201708902,0.0052078364326855
2020-06-23,601607SS,-0.0038014354009207525,0.0005408967475228046,-0.00274213906803718,-0.0027271837470639435,16.344519017792514,0.0044961492250495
2020-06-24,601607SS,0.0010876032295090545,0.0027006071125692996,0.004930205307272636,0.00978273411548809,16.550987192337054,0.0055272449578336
2020-06-29,601607SS,0.0037970170037121822,0.0032308955610911108,-0.005479478302481997,-0.007600533879518075,16.696312335997995,0.0063917918546542
2020-06-30,601607SS,-0.0010832315500824707,-0.004310233646447362,0.006571820231957648,0.00163358962481748,16.62912497397621,0.0059764531818574
2020-07-01,601607SS,-0.0021703948496482636,0.0037725860380694648,0.0010911625922997048,0.009745657347947368,16.882609689534647,0.0077007059585813
2020-07-02,601607SS,0.008114714175965968,0.015479308874255537,0.010306604754120575,0.013911421907570533,17.059144085987338,0.0091875234009372
2020-07-03,601607SS,0.014442482527933814,0.011061371958297364,0.01073525715670782,0.010044893092677285,17.200791272198583,0.0105855895835031
2020-07-06,601607SS,0.016329116995455074,0.023810703152383973,0.02165396359692823,0.02390971705362938,17.511261648214514,0.0144394491899484
2020-07-07,601607SS,0.019659280075912524,0.010178273716762914,0.009360488628482625,-0.005665640966436654,17.52213213564092,0.0145972692812709
2020-07-08,601607SS,-0.008747129028582849,-0.013251953353831157,-0.011452421746320293,0.0020639692484228666,17.17612782557296,0.0103277056760836
2020-07-09,601607SS,0.005154542571961141,0.024830121005211668,0.015068955223908656,0.02040872523411493,17.507892421475542,0.0143908812745372
2020-07-10,601607SS,0.016824262238247865,0.0039960162211496245,0.007706266311416342,-0.008622923012732446,17.27725149149012,0.0114267125981261
2020-07-13,601607SS,-0.005068467154757074,0.00794441034575092,0.006630929433951112,0.028623663263594983,17.410617045156517,0.0130569346353053
2020-07-14,601607SS,0.033969354542861374,0.01813338883045098,0.010619562747375536,0.004938246301650209,17.41163770562482,0.0130702681360218
2020-07-15,601607SS,9.03750766685533e-08,0.0038779393093262677,0.014977961409756978,0.0054042112561796946,17.524151658142515,0.0146267785830904
2020-07-16,601607SS,0.0058765198388039275,-0.00825852756082662,-0.04718100563481931,-0.05281589229123028,17.423748558525464,0.0132295226425622
2020-07-17,601607SS,-0.05675646912694119,-0.04898541220577306,-0.004686426652320677,-0.003104187491921229,16.766172973420286,0.0068542937843209
2020-07-20,601607SS,0.010581250986129978,0.008093831345150978,0.001964091184845794,0.016824928971220558,16.658062222686624,0.0061519218505177
2020-07-21,601607SS,0.004177516999615487,0.021605752447077693,0.015864883768690875,0.020129649788535414,17.037460373278883,0.0089904481584371
2020-07-22,601607SS,0.01602504996792927,0.002033523120105556,0.014583549956493188,-0.00615073427595784,16.806999139782373,0.0071399191601585
2020-07-23,601607SS,-0.005656878559000871,0.02557187163589903,-0.009350584102281088,0.028884836696045843,17.4499403996502,0.0135806058951524
2020-07-24,601607SS,0.025459620486133188,-0.004962812049295386,-0.008912255723879336,-0.052292821502432967,17.27438475425865,0.0113940021232299
2020-07-27,601607SS,-0.048413208432553735,0.004467506690595025,-0.002108659024464775,0.05628073683506475,17.6518934766118,0.0166198176833233
2020-07-28,601607SS,0.06635096400581374,0.005433531930537546,0.03474566736486495,-0.009999979240152373,17.304386252498205,0.0117410187495227
2020-07-29,601607SS,-0.02196808197323509,0.016609940405393125,0.0066038722633767295,0.031654414340041265,17.679798981899513,0.0170901337879683
2020-07-30,601607SS,0.03667417617611689,0.017291632792707724,0.029927545398263186,-0.0019492568175981562,17.662110576563695,0.0167904944515084
2020-07-31,601607SS,-0.002436017671873248,-0.02214818865011323,-0.016349133881652392,0.0,17.36185304788917,0.0124355012203707
2020-08-03,601607SS,0.03968968596797562,0.09336082624805812,0.06338277535994555,0.0953101891770057,18.082276273769644,0.0255587219001751
2020-08-04,601607SS,0.07537957309350853,0.09551163013313654,0.06313092079523547,0.08375398369233057,18.88545490458131,0.0570630765940469
2020-08-05,601607SS,0.02786891132598981,-0.014616500605863982,-0.0030857000967684876,-0.018522862173703577,18.261041452549428,0.0305615843060367
2020-08-06,601607SS,0.006322437271119938,0.03259186631655019,0.0436260044720502,0.0024895931990832495,18.146794470342183,0.0272620826218117
2020-08-07,601607SS,0.03833147430278769,0.028104827540292518,-0.018771945501527883,0.04338813983655285,18.193525745029927,0.0285663113039737
2020-08-10,601607SS,0.024761721165656028,-0.011614463813838571,0.03927045670749887,-0.03144151388274007,17.80200016266032,0.0193115335117483
2020-08-11,601607SS,-0.03696685589704399,-0.03890922475661538,-0.046618636532632915,-0.052544138642954666,17.810982218083854,0.019485772118271
2020-08-12,601607SS,-0.04307589214387913,-0.04682857096567928,-0.03667298347790098,-0.011721448278862946,17.42242365120301,0.0132120063569553
2020-08-13,601607SS,-0.022909918628835735,-0.026656691548114668,-0.0013509495951665518,-0.0216295701960251,17.11349393338286,0.0097006826666323
2020-08-14,601607SS,-0.021211579042670323,-0.011393585084034414,-0.008599245316494787,0.008000118567843422,16.944799867563994,0.008194819517195
2020-08-17,601607SS,0.005789420936205845,0.012264665167365093,0.017571950680728452,0.011006054922351722,17.086857383451715,0.0094457009314668
2020-08-18,601607SS,0.013671479713351803,0.013834982510225307,0.015950588158252763,0.0039325648222398885,16.993177021628767,0.0086010074741658
2020-08-19,601607SS,0.006548914912122298,-0.010358267251328601,-0.024472702540605316,-0.0292054887429041,17.177865858782887,0.0103456711799528
2020-08-20,601607SS,-0.04176533828684574,-0.038474852272451066,-0.025086998026618266,-0.020872057708126734,16.878663320793308,0.0076703760178131
2020-08-21,601607SS,-0.0018165558530945569,0.0031510295436319,-0.004165698945959145,-0.004595597394624904,16.71485235340179,0.0065114011465937
2020-08-24,601607SS,-0.007299249040037969,-0.01494249659692282,4.645494880783379e-08,0.001380975900435394,16.508249605981696,0.0052960004462555
2020-08-25,601607SS,-0.00229191821138374,-0.005948225908432302,-0.020145880680217096,-0.02468109707374381,16.87560221161104,0.0076469320588217
2020-08-26,601607SS,-0.031704322103543146,-0.011539498644851261,-0.00521942658822158,-0.005199688754759703,16.634010661795184,0.0060057237132358
2020-08-27,601607SS,-0.00047376449650702045,-0.012613995782643729,-0.013410127745242813,0.007554392833969646,16.496963226601103,0.0052365638150873
2020-08-28,601607SS,0.01458492707846971,0.03010170499164591,0.024763082079010644,0.02599947290419954,16.990153536297775,0.008575041726461
2020-08-31,601607SS,0.02536451027130463,0.03276040032203718,0.020023996576736654,0.01726538762131103,17.303014190295137,0.0117249203874816
2020-09-01,601607SS,0.024736965554770573,-0.0030954043256534725,0.017367732398707182,0.007181227757375306,16.838749578277085,0.0073702519701874
2020-09-02,601607SS,-0.0035601107506119762,-0.004883307505550502,-0.014145581736584893,-0.025363548587437224,16.929254774306745,0.0080684153060795
2020-09-03,601607SS,-0.026656312104433352,0.03154001082822715,-0.003683349688338573,0.0382497924593429,17.47280893842351,0.0138947528662548
2020-09-04,601607SS,0.017249576655042915,-0.03466025125696871,0.010552937204279616,-0.018717146494137665,16.80512238976802,0.0071265318823157
2020-09-07,601607SS,-0.004510529841507804,-0.0031298705220083513,-0.023552233567276534,-0.0380517943081524,16.81697039765099,0.0072114692683025
2020-09-08,601607SS,-0.028894350941535342,-0.031387473013088425,-0.007033845182865193,0.008376215741297008,16.22159223056614,0.0039760724283302
2020-09-09,601607SS,-0.008880781266363222,-0.0069558439288861535,-0.019482789322574027,-0.031539568310600306,16.59373971798467,0.0057686727060645
2020-09-10,601607SS,-0.006594440305510462,-0.0032626346102231966,-0.007707162997600102,-0.011060444933735909,16.323865469223048,0.0044042401723979
2020-09-11,601607SS,-0.02391302085789097,-0.01694946461920867,-0.002420655379125581,0.01820853956492489,16.04937549228185,0.0033470446076072
2020-09-14,601607SS,0.0215473295869436,0.00945179745230592,0.007725754623540733,-0.010021619686619031,16.238772185295804,0.0040449713241432
2020-09-15,601607SS,-0.01191342648811864,-0.013257817077571739,-0.0062727041480319145,0.0028735250554301687,16.168764430376985,0.003771476992476
2020-09-16,601607SS,0.0023939914112759814,-0.00334211090577591,-0.0077746060613153155,-0.016393853214129,16.21147524110039,0.0039360493397878
2020-09-17,601607SS,-0.016880180137573364,-0.016393905920070617,-0.022195859049422503,-0.017161597801100797,16.498226403936744,0.005243182703803
2020-09-18,601607SS,-0.016675267669826518,0.0072656627310951705,0.004975121068434046,0.022978305244187532,16.384761879464133,0.004680777213876
2020-09-21,601607SS,0.021043273749409522,0.0124703493461541,0.016244660807446666,0.00048337200756855,16.188639572278664,0.0038471855065464
2020-09-22,601607SS,-0.002424188777065544,0.002855868077447199,0.0038986546352167213,-0.004842624971435218,16.40043364422206,0.0047547110827756
2020-09-23,601607SS,0.005325474003492299,0.010401889412982143,-0.00048657367866188165,0.01445798352164354,16.725167216566742,0.0065789129510601
2020-09-24,601607SS,0.001447572916675049,-0.02091332279910545,-0.011255283772911785,-0.014943599916614553,16.455657864767087,0.005024671898725
2020-09-25,601607SS,-0.007744465066898105,0.01146143281796368,0.007354758437418168,0.0,16.44158555198489,0.0049544583314289
2020-09-28,601607SS,0.0024266103519630633,-0.017241693570906214,-0.010311805363680392,-0.012707853915235335,15.979871894967689,0.0031223132230628
2020-09-29,601607SS,-0.009252477037683778,-0.0009666548293566066,-0.001976312582503008,0.008327280158550276,16.024052188528678,0.0032633505487825
2020-09-30,601607SS,0.005367096057881822,0.005785869335425602,-1.6294787096948333e-08,-0.009311553142159833,15.9696990015673,0.0030907112739985
2020-10-09,601607SS,-0.006835967090875086,0.0009610658812548331,0.009352757091765277,0.02095080984836425,16.355226679802062,0.0045445511483971
2020-10-12,601607SS,0.021808464043430238,0.019972091625753807,0.018927935238871416,0.023351016944438866,16.59033658806329,0.0057490745286381
2020-10-13,601607SS,0.017110652350525963,0.014489625903926766,0.014793971100800891,0.006104818868604875,16.63462986964668,0.0060094436563251
2020-10-14,601607SS,0.003763034210552093,-0.0037191030961187367,-0.0023713112848209677,-0.011773053752013141,16.320646868039894,0.0043900874667895
2020-10-15,601607SS,-0.005649731600538954,-0.006073376170984502,-0.009062769331281882,-0.00047388149783754685,16.39499257219136,0.004728910610106
2020-10-16,601607SS,-0.008534877068127451,0.013960212539951574,0.006209716212272583,0.02480818239468929,16.804016484250816,0.0071186549673567
2020-10-19,601607SS,0.029096274802711264,-0.0009247132473604142,-0.0004764532975921064,-0.025756619613935695,16.690895235185522,0.0063572604862585
2020-10-20,601607SS,-0.024819852211514514,-0.018203599784229293,-0.0076518742267912354,0.0018957756118227473,16.08110194418448,0.0034549369392494
2020-10-21,601607SS,0.0004740763205729769,0.013567521897262602,0.009555790240367337,0.007077171644404003,16.48324530290068,0.0051652194940803
2020-10-22,601607SS,0.00708379900468325,-0.01262589899929139,-0.0076372988684189624,-0.015159005752993731,16.102910436982697,0.0035311115217484
2020-10-23,601607SS,-0.01948255872509518,-0.008032062878232849,-0.04008353316251462,-0.04042418340407601,16.841474999231394,0.007390366408027
2020-10-26,601607SS,-0.03964308727475244,-0.041158138528503516,-0.01153764922254922,-0.0034853182684958664,16.028621279650515,0.0032782952122055
2020-10-27,601607SS,-0.002999930799647356,1.4011506106296098e-07,0.006036417927507233,0.00447888139930232,15.809463789471867,0.0026331109501449
2020-10-28,601607SS,0.011451369394676471,-1.5973788979492122e-07,0.0020037992545003467,0.0014883390258006552,15.861714034708966,0.0027743494023172
2020-10-29,601607SS,-0.009450376283506447,0.014233519917965048,0.0015005155836191528,0.012318566583006977,16.193812307057332,0.0038671375374644
2020-10-30,601607SS,0.020282548165191785,-0.002928435107991652,-0.007524578957830963,-0.024790668759835748,16.472085483209028,0.0051078970210076
2020-11-02,601607SS,-0.023285542457947898,-0.020242507639205643,-0.002016083408899558,0.0020060614651009586,16.06136825010128,0.0033874265688396
2020-11-03,601607SS,0.0010019080928162873,0.006462890974808275,0.002519561922848248,0.007984138555120658,16.064057962585277,0.0033965500375883
2020-11-04,601607SS,0.007483290968244852,-0.0014877435177781087,-0.01674738826210693,-0.017548709536775904,16.627868941215578,0.0059689512727264
2020-11-05,601607SS,-0.013510422559818729,0.009876599205155684,0.015740270914475395,0.026455126159834034,16.57144587888617,0.0056414898021589
2020-11-06,601607SS,0.02241680578581729,0.0014730396533876877,0.011520248345330298,0.003933121822916046,16.32018911562237,0.0043880783533477
2020-11-09,601607SS,0.004914034433255446,0.013161315065714966,0.0099109223043096,0.013161315065714966,16.509373595499902,0.0053019564422599
2020-11-10,601607SS,0.029463538418833042,0.042660375031252716,0.018564138543234143,0.0019351114545253685,16.707897339890778,0.0064662713821296
2020-11-11,601607SS,-0.02213745473066035,-0.042660313008641704,-0.018564076520622644,-0.015587078927651741,16.28973375906722,0.0042564523832599
2020-11-12,601607SS,-0.0034121227923768925,-0.002909769279163125,0.000492989582871159,-0.001965644346421242,15.88117994742658,0.0028288837106439
2020-11-13,601607SS,-0.006367845578640227,-0.004868575763202784,-0.008413810410000087,-0.0009842729836095345,16.11663738820985,0.0035799171320582
2020-11-16,601607SS,-1.7226780017326438e-09,0.011162431448949833,0.011366541968427672,0.014177743293816021,16.01747554843372,0.0032419590834482
2020-11-17,601607SS,0.017535723014720207,2.24482918621005e-08,0.0009823632524397548,0.005325559335281604,16.21238303515823,0.0039396240846358
2020-11-18,601607SS,-0.0053254916039610104,0.011516476804110689,0.008311022918146317,0.0033744327972126727,16.292713359167205,0.0042691538234842
2020-11-19,601607SS,0.008699880295012858,0.0009537212698388288,0.008725091072548777,0.008624752952283245,16.075738207405966,0.0034364551749668
2020-11-20,601607SS,0.009578491857291795,0.00047647120196110855,-7.057715172654014e-08,-0.006701837821248482,15.901078544597148,0.0028857383227171
2020-11-23,601607SS,-0.0071752956817089245,0.0052269694901472515,0.0038535996326768606,0.004313491471379818,16.636773901984437,0.0060223419208319
2020-11-24,601607SS,-2.277281678071087e-08,-0.012878829723786556,-0.013552930189567353,-0.018340264439195106,16.42903503816047,0.0048926659036108
2020-11-25,601607SS,-0.012560546455845563,-0.00529485103272735,-0.01324523273275359,-0.0039043283549985864,16.481971664844917,0.0051586450611224
2020-11-26,601607SS,-0.008789096259935687,-0.013605554871982515,-0.004454320001753567,-0.010816253328200865,16.076951521224753,0.0034406272044319
2020-11-27,601607SS,-0.005409360329761957,-0.004412879088030126,-0.003976162868802831,0.0049309770772792425,15.872338964066948,0.0028039838255841
2020-11-30,601607SS,0.0024623548182374218,0.0019635675304510033,0.001492886623180504,-0.01088044624026894,16.382948969006392,0.004672299070644
2020-12-01,601607SS,-0.00542552548211479,-0.005409423299485178,0.0014905416215347715,0.005454864270154486,16.362002074268517,0.0045754468245349
2020-12-02,601607SS,1.16317438022255e-07,0.002954301858473216,0.00049652879365403,-0.0009894211397187265,16.375888173227487,0.0046394251132835
2020-12-03,601607SS,8.769810226494449e-08,0.005393609372188263,0.0004962538712344853,0.003952658102904958,16.485381865697125,0.0051762671084111
2020-12-04,601607SS,0.0029630841940125473,-0.003428881934682339,0.001487074388378837,0.0004930376249444034,16.057750033966418,0.0033751922725865
2020-12-07,601607SS,0.000985552300071938,-0.002456446311038216,-0.014467829798426075,-0.019408569981908815,16.46558603566594,0.0050748061625707
2020-12-08,601607SS,-0.019398846718927113,-0.018868550975661348,-0.014170324316147656,-0.01264250232569443,16.541680991537657,0.0054760459068855
2020-12-09,601607SS,-0.010603273726526788,-0.008052213487995112,-0.001019748998523813,-0.000508884838833536,15.886057913373856,0.0028427166216074
2020-12-10,601607SS,-0.0050891619795121685,-0.003036582250363243,-0.00768254961597077,-0.008180070341020657,16.199825672777905,0.0038904621112352
2020-12-11,601607SS,-0.005628123695069317,-0.009676643136250057,-0.017112197545692764,-0.01656354990816361,16.218993011540505,0.0039657511637198
2020-12-14,601607SS,-0.01707664297389628,-0.013395274448668927,-0.006295878126590335,0.0031266974609195685,15.873611372578708,0.0028075539097479
2020-12-15,601607SS,-0.0026130333797858268,-0.00311701597220629,-0.004748163557225494,-0.011512447642119703,16.286648604064435,0.0042433408028184
2020-12-16,601607SS,-0.0005235620404916269,-1.2687427414168695e-07,0.0063257159148464494,0.003152764165529072,15.677044815125146,0.0023065364436485
2020-12-17,601607SS,0.004701133372756113,0.010867061827170758,0.0036717881824714694,0.016649843500252018,16.169179563427008,0.0037730429823964
2020-12-18,601607SS,0.009852257095446909,0.0035962182604587565,0.0067832125577325045,-0.00621111311822243,15.804364836788594,0.0026197190116178
2020-12-21,601607SS,-0.006211349022860469,-0.009791600904437094,-0.009929662466497185,-0.0031203036017162177,15.820216699929645,0.0026615773342267
2020-12-22,601607SS,-0.001039014014497518,0.017963009072168693,0.008368212220386478,0.0051947085079914026,16.473381720857866,0.0051145223629785
2020-12-23,601607SS,-0.00208102638742104,-0.023675700003689265,-0.009945062045922617,-0.007802272489903625,16.003806952986587,0.0031979475246988
2020-12-24,601607SS,-0.005221909638101316,-0.0015637036255077483,-0.006861998166738646,-0.013669992396733728,15.913858614767369,0.0029228549368354
2020-12-25,601607SS,-0.012645103287992511,-0.016303309300586113,-0.02629616867022862,-0.013859567467217844,16.177576089034357,0.0038048568133387
2020-12-28,601607SS,-0.009054641733050534,-0.006383027178301977,0.0005436562484815533,-0.004303373848943187,15.792547765727727,0.0025889437962431
2020-12-29,601607SS,-0.0037523734470261117,0.014830776262429195,0.007040393144686326,0.011790086736259173,16.02799127740077,0.0032762305290664
2020-12-30,601607SS,0.013337053831162769,-0.0047431329454678895,0.010201323913271292,0.007430966511494388,15.793637416335645,0.0025917663783501
2020-12-31,601607SS,0.006865575589595149,0.016763079669374972,0.012211537697518373,0.015219444447053369,16.0988455509908,0.0035167870878498
2021-01-04,601607SS,0.013072156327897592,0.0015573388235440126,-0.0021130224273449446,-0.005745598278884361,16.218038809197484,0.0039619688391639
2021-01-05,601607SS,-0.008346378011908299,-0.001557227071850198,-0.001587721343620717,0.004703476626851337,16.536417752568994,0.0054472998817465
2021-01-06,601607SS,0.004703298781867413,0.00930707750814266,0.011061388610468792,0.0062368301600245115,16.269671017511197,0.0041719072117816
2021-01-07,601607SS,0.006237058182626799,-0.006713135546705921,-0.020640993902527195,-0.022001852945098,16.449358915840346,0.0049931212171878
2021-01-08,601607SS,-0.020943176755115856,-0.010416723612307964,0.004801275233280252,0.007387942661471014,16.16279775610388,0.0037490408168331
2021-01-11,601607SS,0.0052771475490324335,0.005742644361354562,-0.008551652318869892,-0.016967446260688152,16.276862460048044,0.00420201738336
2021-01-12,601607SS,-0.006335860870689031,-0.006266281361515358,0.009083691717258407,0.013280409158969624,16.13633990776297,0.0036511499551564
2021-01-13,601607SS,0.004228263200914953,-6.907222044178436e-08,-0.001064387983527605,0.00158172820225696,16.321062372171212,0.0043919119454307
2021-01-14,601607SS,-0.0015834487660357944,0.0057456914704520695,0.002658846705651177,0.009960810404868492,16.367987067237735,0.0046029129540659
2021-01-15,601607SS,0.020910341006558593,0.006748003578902401,0.003710596340421782,-0.007329810571345228,16.20919634694075,0.0039270897120175
2021-01-18,601607SS,-0.015641603339578394,-0.009355625023336329,0.0010576343175882298,0.006285946859661432,16.155641693402288,0.0037223082073061
2021-01-19,601607SS,0.0062860502029778755,0.0031283053017420615,7.188673575594774e-08,-0.003661961798322744,16.133654088330374,0.0036413567819271
2021-01-20,601607SS,-0.0026142081036213743,0.010872670248357617,0.009468919946761679,0.006790399678186777,16.41197952740597,0.0048099265680366
2021-01-21,601607SS,0.00782259055973456,-0.0010305355351493976,0.006262897642514501,0.0031184619107169393,16.213657253698702,0.0039446472267546
2021-01-22,601607SS,0.0010383781431672777,0.008724652103464459,-0.008884373597743658,0.01544819232783381,16.715529520467456,0.0065158119465
2021-01-25,601607SS,0.016469767576428523,0.00102150794403028,3.401243384604572e-08,-0.022217377665478284,16.579986838148116,0.0056898798945387
2021-01-26,601607SS,-0.019588317942773523,-0.019588317942773523,-0.024443258900802848,-0.024326912317105875,16.421843229299952,0.0048576050097772
2021-01-27,601607SS,-0.028512928093150643,-0.022638379390517993,0.0010753328980536772,0.003740342667033073,15.924011991042567,0.0029526829577573
2021-01-28,601607SS,-0.0026818223247660174,-0.008556371027398653,-0.02227764505384742,-0.026481042320215295,16.21173461688052,0.0039370703881608
2021-01-29,601607SS,-0.012973089594783207,-0.012973089594783207,-0.010494308047687662,-0.011013213225532873,16.00402419386464,0.0031986423251717
2021-02-01,601607SS,-0.019780754845981803,-0.006002636983864759,-0.005567925505409104,0.004971060113837424,15.742245168776247,0.0024619344131986
2021-02-02,601607SS,0.007188150220143294,0.013050631615495597,0.01331122025050749,0.012592419684335226,15.795455745023668,0.0025964833493626
2021-02-03,601607SS,0.012592696975063865,-0.0037887264594467377,1.6540090927918338e-07,-0.00984126986399047,15.80471443286502,0.0026206350153372
2021-02-04,601607SS,-0.010940986205297732,-0.013100631561436678,-0.02341246589930017,-0.02334738777133712,15.923338248577023,0.0029506942796235
2021-02-05,601607SS,-0.01887914898825898,-0.00883024977574583,0.0005636905543155023,0.000562105278458597,15.50722793620075,0.0019462999656331
2021-02-08,601607SS,-0.0022447359873892635,0.0071803065039823324,0.0033764357381935255,0.018379779070701686,15.705376898666847,0.0023728199785483
2021-02-09,601607SS,0.02167369321049852,0.021775558080614526,0.016713630667966498,0.020213771846992606,16.072325811014124,0.0034247486115807
2021-02-10,601607SS,0.019597780532569792,0.003225835133195573,0.017525130119538924,0.0016212754128681697,15.809075669267939,0.0026320891847435
2021-02-18,601607SS,0.0021540456337201565,0.008551706200410864,0.005954026001017929,0.0032344589610942874,16.183167030101846,0.003826189123834
2021-02-19,601607SS,-0.0016151505731323804,0.002657375882694197,-0.0016203844839860807,0.01070674184814287,16.299197547602464,0.0042969257656073
2021-02-22,601607SS,0.011783867158887674,0.006876525902746764,0.013423075731716593,0.0005324072064191105,16.40507320029196,0.004776822086061
2021-02-23,601607SS,0.001064263511731138,-0.0021108218075998916,-0.0042758461759185365,-0.0005324072064190665,16.258552482277008,0.0041257786268234
2021-02-24,601607SS,-0.0053332091949995645,-0.0010570513417308834,0.0010707438014809206,0.0005324072064191105,16.269425298269592,0.0041708822197527
2021-02-25,601607SS,0.0042690401119234766,0.03277291329609825,0.004803954729382707,0.017410183795316957,16.743480880708947,0.0067005069774774
2021-02-26,601607SS,0.022117574654594546,0.07205851048191726,0.019509951590994244,0.06822518084013084,17.85853724654939,0.0204348053902451
2021-03-01,601607SS,0.06405007363567258,-0.02312236883605182,0.0404251218869895,-0.018240505808951056,17.168240368418292,0.0102465667477906
2021-03-02,601607SS,-0.017245927099074517,-0.018195721062355428,-0.027454692823835884,-0.027744534550092986,16.78039442459394,0.0069524682307108
2021-03-03,601607SS,-0.0236371955854751,-0.021571082651043374,-0.004132360961958575,0.006119261328737038,16.61119604693879,0.0058702566222673
2021-03-04,601607SS,-0.007149970204843079,0.022067303610263066,0.005677648437922379,0.007092379802480233,16.70252981361057,0.0064316564799309
2021-03-05,601607SS,0.014754678015572216,-0.018018591252218205,-0.000514867090051798,-0.01321164113121727,16.453434817326386,0.0050135142205422
2021-03-08,601607SS,-0.0025284905240185915,0.0015139568131549395,-0.016615194469941412,-0.018065011339129355,16.371746913380917,0.0046202517751556
2021-03-09,601607SS,-0.027722450473866445,-0.020377547836840006,-0.007356794733559872,-0.0010421216520330795,16.15924479196033,0.0037357442430768
2021-03-10,601607SS,0.005709919289955856,-0.005677430684244183,-0.012738978746900977,-0.022674297527015663,16.331804272977156,0.0044393437294184
2021-03-11,601607SS,-0.02888102875135136,-0.019336931948725468,-0.006430923890676645,0.007968058716300033,16.3182406719142,0.0043795367531065
2021-03-12,601607SS,0.006902062674302095,0.00683672601116919,0.004827084592456969,0.005803302437155204,15.812510809336455,0.0026411463283697
2021-03-15,601607SS,0.0010575953536187204,0.00887032829173717,0.009584683392403192,0.0026266312452801746,16.02361253903904,0.0032619161335646
2021-03-16,601607SS,0.011038336579407513,0.007246541696564688,0.007917841983243388,0.01458379236210532,15.943346709401734,0.0030103277350742
2021-03-17,601607SS,0.008847356334637601,0.0030897110497050363,0.010980494147775452,0.0025819793984941087,15.732580953343508,0.0024382563444504
2021-03-18,601607SS,0.011334548055656595,0.01682425161856306,0.005186753477295519,0.0,16.183694984235682,0.0038282097097294
2021-03-19,601607SS,-0.012890098254429007,-0.008631689575935955,-0.007268951423716762,0.0,16.15842469199697,0.0037326818149862
2021-03-22,601607SS,0.006207891282684966,0.0015285602038917104,0.008303061027681075,0.011282193243143323,15.87137367549021,0.0028012784776127
2021-03-23,601607SS,0.013319809122137647,0.0025425759219687943,-0.004143005011464591,-0.009221464239990913,15.897787077294778,0.0028762556227642
2021-03-24,601607SS,-0.01745428901596688,-0.014837912265719401,-0.016218096539245642,-0.01765367226232278,15.973275753668156,0.0031017857768925
2021-03-25,601607SS,-0.009888136180973235,-0.0036147760463880064,0.006833178277354278,0.00522467320505384,15.396552493812946,0.0017423846311707
2021-03-26,601607SS,0.0036545564601961427,0.003614927259380772,0.003660288974908041,0.010368270054116576,15.58770470173784,0.0021094070655078
2021-03-29,601607SS,0.013971653123341239,0.005141380425519682,-0.0073337221323893625,-0.01664107290579814,16.38778929745503,0.0046949693560438
2021-03-30,601607SS,-0.019720408229366514,-0.005141459703447238,0.0026252818850272747,0.011470430229834946,16.177050267326877,0.0038028566627513
2021-03-31,601607SS,0.010427701740510564,0.030959152593344138,0.008355171151846245,0.016452835919106488,16.626307942945502,0.0059596410180921
2021-04-01,601607SS,0.019517732344743518,-0.003504418533239383,0.013942879957529113,0.01115621753539674,16.147892677249445,0.0036935754471916
2021-04-02,601607SS,0.009113987310171226,0.0015033064471555143,0.010711593865241748,0.003021108215428735,16.11286469332398,0.0035664366405296
2021-04-06,601607SS,0.0025168862751339355,0.021303702750056695,0.0055653724329945,0.01596035757854703,16.491679854163536,0.0052089700545097
2021-04-07,601607SS,0.015960558906595732,-0.004913898714852699,0.00653780304527878,-0.005955164721455713,16.194126722769955,0.0038683536175491
2021-04-08,601607SS,-0.010445089907361078,-0.010896434787021125,-0.008557698016287758,-0.003989903734577447,15.841425655738504,0.0027186294876108
2021-04-09,601607SS,0.0009993151418204315,-0.001495383379875645,0.0010103302029157693,-0.0020012550467238257,15.745313537386563,0.002469500137853
2021-04-12,601607SS,-0.002500777714300982,0.009925583846033407,0.004032165839493726,-0.001002025471201677,16.1559304041126,0.0037233830328055
2021-04-13,601607SS,-0.012597727366948488,-0.017937660050834192,-0.019812585915363588,-0.019231344442340773,16.271477206513893,0.0041794492745003
2021-04-14,601607SS,-0.01019363781306752,-0.012139671171759505,-0.005659866511679564,-0.004609418992981094,15.946177272961473,0.0030188607309751
2021-04-15,601607SS,-0.004106745469186988,-0.0010183209039018727,0.0025767483996230484,0.006651429079908048,15.547859137255266,0.0020270090354291
2021-04-16,601607SS,0.00819665847423883,0.011648623093375892,0.006156867589985784,0.009642127114851346,15.656350466688119,0.0022592946721741
2021-04-19,601607SS,0.00813023845830358,0.024864652565268267,0.007643547320200507,0.023953433667753616,16.662260050071097,0.0061778008377919
2021-04-20,601607SS,0.028929578274035958,0.009775077005672645,0.02753600313528495,0.0009855199378448747,16.41650896214661,0.0048317622324348
2021-04-21,601607SS,-3.5041379856655375e-08,-0.0004865458365436556,-0.007932642171869226,-0.004443397391077403,16.42751788424004,0.0048852486038253
2021-04-22,601607SS,-0.0019684305080635333,0.0058225927181856695,0.004469962775785542,0.010337449507633507,16.460859411513795,0.0050508760583567
2021-04-23,601607SS,0.008339519298267309,-0.002906951234438185,0.0014854577002490286,-0.000979932688503942,16.045671936568937,0.003334671566368
2021-04-26,601607SS,0.0014644641166128075,0.0067697662614557156,-0.0024771063790382563,-0.010842908001069828,16.316911427120885,0.0043737191435739
2021-04-27,601607SS,-0.015732781014919314,-0.004830870661480949,-0.0024831264178193065,0.018168948849382957,16.55874931552943,0.0055703150583571
2021-04-28,601607SS,0.020113272715547487,0.008678724989474742,0.012354761838307223,0.00678938806679111,16.593180536229223,0.0057654478710521
2021-04-29,601607SS,0.02730730078375485,0.06639733397469509,0.038540607573933156,0.05225964668329285,17.823167018210473,0.0197246547743671
2021-04-30,601607SS,0.02887944094039058,0.01736837064561454,0.02335452643731186,0.02625762227480387,17.440585195047273,0.013454148982453
2021-05-06,601607SS,0.028068898825929927,-0.010652448057124415,-0.026668126776320838,-0.03686411310554193,17.504085115602003,0.0143361949562
2021-05-07,601607SS,-0.035904893244400445,-0.019829576037215753,0.008028231777839392,-0.01118906752252508,16.885578995491397,0.0077236056930536
2021-05-10,601607SS,-0.0013891111402722625,0.008159755454169625,0.00936344218874265,0.01673695188253311,16.91638461325557,0.0079652388699073
2021-05-11,601607SS,-0.0009272969585781386,-0.014552374136120731,-0.008893105740828374,0.00230245976981514,16.568952010614094,0.0056274381975481
2021-05-12,601607SS,-0.025365414220614706,-0.0373352248784846,-0.06758357189715664,-0.052892432053050435,17.783362667424786,0.0189549481421003
2021-05-13,601607SS,-0.036825755695205846,0.01650596539169381,0.018934472517661175,0.020164033507745042,17.283842432062876,0.0115022741213844
2021-05-14,601607SS,0.025342446307816083,-0.0037488917361500895,0.016642521906642695,0.0014247196599563112,16.983018390918293,0.0085140753153043
2021-05-17,601607SS,0.021895154483811543,0.03913042997312167,0.02776624786916531,0.04046125345733058,17.300245487073106,0.0116925024601529
2021-05-18,601607SS,0.03651902486594947,0.019227094554450323,0.029311219625574772,0.0068135636315622885,16.986397139840033,0.0085428908921934
2021-05-19,601607SS,0.008587556574620528,0.032675522668626736,0.01637146659100418,0.046005410868620936,17.563263902257972,0.0152101998154954
2021-05-20,601607SS,0.02883342218229924,-0.011640460320562951,0.0058467479451417385,-0.0298396610266799,17.12145366492605,0.009778205620947
2021-05-21,601607SS,-0.002188809256932045,-0.008273542538104212,-0.008556717366140418,-0.011198420514508358,16.867051451462835,0.0075818237333906
2021-05-24,601607SS,-0.02934849133214138,-0.027034703865638693,-0.022411186710795467,-0.008595432572243584,16.721312762925578,0.0065536036428114
2021-05-25,601607SS,0.008537404572296603,0.017809814174529367,0.021053288363105646,0.007694011181980093,16.891000744795573,0.0077655948733367
2021-05-26,601607SS,-0.011701258320750118,0.01836524493545116,-0.004084368328090521,0.0319459536880973,17.272605673958612,0.0113737492989183
2021-05-27,601607SS,0.0298795299802403,-0.00521297175241673,0.02292745005752712,-0.006132339582305974,16.709637146541247,0.0064775312368525
2021-05-28,601607SS,0.007005398157850591,0.001740806649724853,0.001776362316204757,0.004821547713114511,16.75958115349632,0.006809260101656
2021-05-31,601607SS,0.0026144232355805154,0.01510285043309571,0.010152416860236609,0.016048943314891755,17.137506602901066,0.0099364412301994
2021-06-01,601607SS,0.0052082683947963435,-0.0055831668997643,-0.009708981210275944,-0.027482721996727646,16.903691056196806,0.0078647706498199
2021-06-02,601607SS,-0.02498481648476759,-0.027506576828144728,-0.010700014973321815,-0.008884999644997529,16.427037964341775,0.0048829046381432
2021-06-03,601607SS,-0.0008882127772147553,0.012755699654470447,0.0035793259014852115,-0.0008929705960274614,16.46835321750772,0.0050888685226067
2021-06-04,601607SS,-0.0066860254843975715,-0.014084762855953475,-0.006721980240953374,-0.0013407637484060058,16.189486019484402,0.0038504433248629
2021-06-07,601607SS,0.0008939821728568909,0.008826208729174697,-0.01540584731536997,0.012002739348788639,16.643795483173438,0.0060647770927499
2021-06-08,601607SS,0.009339854540649282,0.0008785515376497255,1.8269059195314013e-07,-0.032789620466113986,16.739838554929626,0.006676145939224
2021-06-09,601607SS,-0.029195989873384967,-0.02849722027646245,-0.009174455526456637,-0.0022858122312023887,16.527644675183947,0.0053997193143758
2021-06-10,601607SS,-0.007778405571494804,-0.0077078672263329595,-0.006008672108411166,-0.007810571008752692,16.456545502238534,0.0050291339661584
2021-06-11,601607SS,-0.004142706017577094,-0.010984082332048914,-0.011188917738154744,-0.011598367313416779,16.370600470442398,0.0046149579548341
2021-06-15,601607SS,-0.012999286445701703,-0.007854051932326625,-0.013214005022186368,0.0,16.6467720572337,0.0060828562456129
2021-06-16,601607SS,-0.004214633187762258,-0.005581510192838841,-0.0076301275679736035,-0.0250428330422561,16.26362873430444,0.00414677536805
2021-06-17,601607SS,-0.01990580879430457,-0.021212172280001745,-0.0110710241414561,-0.0033548232046507927,16.224990648696096,0.0039896077725276
2021-06-18,601607SS,-0.004317684921992137,-0.002384980580051096,-0.0014532585013200473,-0.0019221943017677413,15.940591233098008,0.0030020442650397
2021-06-21,601607SS,-0.007237628626544344,-0.00382773164751141,-0.01219227932058883,-0.00675682450588384,16.51831891122233,0.0053495968814979
2021-06-22,601607SS,0.0019352511344160757,0.01286034757683301,0.010737142196710745,0.01728325931546676,16.411168094222283,0.0048060252167743
2021-06-23,601607SS,0.018674250427921254,0.011294364636105414,0.01493645977351737,0.0014269535761315115,16.343351769230747,0.0044909041626558
2021-06-24,601607SS,0.0009483210631907638,-0.006572871893631557,-0.00335329938019542,-0.00811268752568686,15.881501418456438,0.0028297932611082
2021-06-25,601607SS,-0.012878767615766427,-0.0033026150388973997,-0.0024020389650090484,0.013327165489557913,16.058264963892267,0.0033769307078256
2021-06-28,601607SS,0.018078492287613074,0.008470671731078688,-0.0024079356551175842,0.007067167926831701,16.59894660962379,0.0057987878968413
2021-06-29,601607SS,0.009385300845339091,0.0032747732331080068,0.01720879757793348,-0.006594506335282832,16.068118752898695,0.0034103707590698
2021-06-30,601607SS,-0.009856925521465712,-0.007501247816716069,-0.015282087558993329,-0.0014188555811055846,16.26015182912598,0.0041323824579438
2021-07-01,601607SS,3.5125436164515416e-08,0.022336912957372106,0.013859229742976896,0.015962823124159364,16.86588550297479,0.0075729888685535
2021-07-02,601607SS,0.012655454070875033,-0.012037101465810255,-0.015303874828001955,-0.03266546936691876,16.680236077880547,0.0062898573115874
2021-07-05,601607SS,-0.02786492493191887,-0.024040831980085258,-0.00774078607035547,0.004321674742758323,16.143664172511336,0.0036779901189363
2021-07-06,601607SS,-4.941752151912414e-08,-0.0038241423693550296,-0.02458339144593684,-0.02769196225454243,16.806581383832853,0.0071369370392433
2021-07-07,601607SS,-0.031130825061897138,-0.022276841700014944,0.0034783138607612173,-0.0014788007688031814,16.255519732229814,0.0041132851248212
2021-07-08,601607SS,0.0029599636344919246,0.001468051604455831,-0.010471305775024427,-0.013909897703876776,16.28885925453313,0.0042527317231423
2021-07-09,601607SS,-0.014388725525079627,-0.02025263498928021,-0.006537705168551872,-0.003507918170599756,16.30812128830019,0.0043354420190683
2021-07-12,601607SS,-0.002501842582444015,0.011411753581914048,0.003022737945348055,0.0020060614651009586,16.407198238999925,0.0047869838118631
2021-07-13,601607SS,0.0149181966295993,-0.0004935614024042869,0.01100558655720317,0.009473955973025975,15.956224041315599,0.0030493433987823
2021-07-14,601607SS,-0.007928676074142127,0.0034491137697137027,-0.005988083734310442,0.0,16.47463791609561,0.005120951239181
2021-07-15,601607SS,0.004467711553601786,-0.006910078290253957,-0.00904976432023102,-0.008472432330990876,16.435726570933316,0.0049255151234931
2021-07-16,601607SS,-0.007457190564391855,-0.004467678422428445,0.0030257364918244547,0.0005003330634636788,16.44971764414268,0.0049949127125249
2021-07-19,601607SS,0.0036336617202790676,0.0077508443795249755,-0.004297614883272299,0.009691555495504628,16.484901355016436,0.005173780454087
2021-07-20,601607SS,0.0010182346300203322,0.005548379940225968,0.012358518352091246,0.006072720296387187,16.53200189885823,0.0054232984332115
2021-07-21,601607SS,0.005076282365068431,-0.0040321499252842655,0.0015341822652680994,-0.006580483810160968,16.447347957928976,0.0049830903490599
2021-07-22,601607SS,-0.0035507067453747275,0.0015139169868604386,-1.2252925048077596e-07,-0.0010164060239128976,16.529858486684862,0.0054116865175679
2021-07-23,601607SS,0.0010159910707740855,-0.004042223607225626,-0.013892485703678,-0.01279094575790909,16.566003711124935,0.0056108712574791
2021-07-26,601607SS,-0.014830386508020052,-0.01736520338331801,-0.036943556507820156,-0.03457661236900646,16.78155564553588,0.0069605462721225
2021-07-27,601607SS,-0.029275309613702002,-0.01767184013543977,0.003220731588419157,-0.004808848563752075,16.334694633222995,0.0044521935945115
2021-07-28,601607SS,-0.007989486360974405,-0.010013404232245983,-0.0010725276179393204,0.006938750724664303,15.96594769766814,0.0030791387949141
2021-07-29,601607SS,0.01486218796397265,0.00843894474105042,0.011203141177723436,0.00583402890703029,15.948123485563166,0.0030247417975168
2021-07-30,601607SS,-0.001581804395620248,-0.0005253671784575973,-0.017121863899132637,0.006325835667977694,16.273725550486187,0.0041888566864763
2021-08-02,601607SS,0.0021085692509563475,0.008372648727890843,0.0069911381573850365,0.0020997144876894283,16.31382615465205,0.0043602458223289
2021-08-03,601607SS,0.00210421189300743,0.034318358774252544,0.013837387688378939,0.021271878379947724,17.00179281674987,0.0086754321489722
2021-08-04,601607SS,0.024910394494670855,-0.014709978017349825,0.012083073568842827,-0.0035999398771510813,16.334609111716095,0.0044518128524567
2021-08-05,601607SS,-0.005138655190104529,0.0050969923225532305,0.0026077449204136853,-0.00620139308392488,16.157284825152715,0.0037284294783456
2021-08-06,601607SS,-0.005683401245229942,-0.01898964820527742,-0.016807270809644385,-0.018310826729517782,16.329218603492816,0.0044278798801293
2021-08-09,601607SS,-0.019357106668138255,-0.003113654669232079,-0.006909395480361988,0.012070413451793407,16.23343071499785,0.0040234228295999
2021-08-10,601607SS,0.012598600592189287,0.00570102674585676,0.01692267209026615,0.00831174913318932,16.283109370876936,0.0042283491740384
2021-08-11,601607SS,0.010895079824464563,0.00154920167189085,0.0036640282299656374,-0.00883344699112658,16.11584471951186,0.0035770805678983
2021-08-12,601607SS,-0.009331281417871982,-0.00621118193426552,-0.00209203614070495,-0.0026130114173132874,15.946801152069549,0.0030207447229696
2021-08-13,601607SS,-0.005221983605493946,-0.0041623527474833515,-0.011585258618538905,-0.00788036151162103,16.153045333153248,0.0037126562886621
2021-08-16,601607SS,-0.009997522134594612,0.006754941705959972,0.0010587439046053076,0.011015070786871462,16.12268440649714,0.0036016305431224
2021-08-17,601607SS,0.014177071800240734,0.0061950713474014305,0.0015859404955000478,-0.008907720835969565,16.570857427573895,0.0056381710364324
2021-08-18,601607SS,-0.006276177390518944,-0.016606451135056547,-0.001057068971631119,0.0026281201266292256,16.022638930417425,0.0032587418490511
2021-08-19,601607SS,-0.0021007890215091105,0.008856534605753951,0.0026405739383652134,0.0,16.03797372348031,0.0033090991087142
2021-08-20,601607SS,0.0005258131432805542,-0.008856357668061473,-0.010071396615409114,-0.010023575018165814,16.201573191295807,0.0038972667102941
2021-08-23,601607SS,-0.011628102469601885,-0.010520915589836317,-0.0032017836329831834,0.0,15.970646134763292,0.0030936399763015
2021-08-24,601607SS,0.002124219054316958,-1.0015610254229359e-07,0.0037343188331245398,0.0005299941312973174,16.154096184895334,0.0037165597910095
2021-08-25,601607SS,-0.00106155778733677,0.0005287307814451553,-0.0021322080195133094,0.0026462015277115775,16.046068896183858,0.0033359955592197
2021-08-26,601607SS,0.0037105560894568476,0.009468780193421115,0.003196557482067879,0.0063225026162375,16.227133267785625,0.0039981651473925
2021-08-27,601607SS,0.007905204344191978,-0.0010476483005039806,0.0005318303695150101,-0.0036832849942935795,15.949494379109003,0.0030288912405889
2021-08-30,601607SS,-0.0026282254267646393,0.019206304198816578,0.007415213798560034,0.024988218469789585,16.680487125964866,0.0062914365665323
2021-08-31,601607SS,0.02597549832094795,0.002567368197255024,0.003161208669009132,-0.012936778602280784,16.848899244869266,0.0074454384876176
2021-09-01,601607SS,-0.020726143168206108,-0.004626108873411146,-0.00263375262417218,0.00519470498680629,16.77539531872228,0.0069177988343574
2021-09-02,601607SS,0.010416835187881075,-0.00103081771029767,0.011015246330251837,0.001553366725427706,16.502094055963852,0.0052635007776946
2021-09-03,601607SS,0.0005180795462505075,0.023950318715993492,0.005203012287284676,0.01794468500086076,16.957674093155138,0.008301003528789
2021-09-06,601607SS,0.019487811189514974,0.018953103959704114,0.02156137379136373,0.011116765628669457,16.938958024045288,0.0081470862227855
2021-09-07,601607SS,0.014120110190629852,-8.307891675544388e-08,0.007084935831062206,0.008007960270747277,16.78691791506938,0.0069979708499179
2021-09-08,601607SS,1.2733095411192186e-07,-0.0059463188369802845,0.001511877996382988,-0.004997403564609745,16.60241864203544,0.0058189564703215
2021-09-09,601607SS,0.002500585219298729,0.010874912690115878,0.00802400891343769,0.01343630504725671,16.701813661210196,0.0064270520823696
2021-09-10,601607SS,0.015365800428645677,0.00539349496764591,0.005479374502185753,-0.001979196481795833,16.501043947702943,0.005257976432758
2021-09-13,601607SS,-0.0034490373309584627,-0.004901912723563209,-0.0044807996206032595,-0.0014869467032573949,16.441244162510504,0.0049527672200611
2021-09-14,601607SS,-0.004948085667020815,-0.0009833179301459946,-0.004000108070026755,-0.0074682867838891664,16.787437827386928,0.0070016101273176
2021-09-15,601607SS,-0.00796816646413518,-0.014866444312700547,-0.016161957549659694,-0.01358514200730608,16.459608519365695,0.0050445619066905
2021-09-16,601607SS,-0.009545523420543123,-0.002499517267288008,-0.00715388989767493,-0.012232640458829788,16.4594285553708,0.0050436541487971
2021-09-17,601607SS,-0.015772392501939746,-0.017672809093709375,-0.005141443483979558,0.005115095809338882,16.23409594291549,0.0040261002134656
2021-09-22,601607SS,-0.009273665039235962,-0.006131811627301396,-0.00984212974238252,-0.00768248886713832,16.190373520924723,0.0038538621160445
2021-09-23,601607SS,0.007220191081360904,0.020797063978589454,0.012930074948314212,0.01884437857299615,16.646843782762236,0.006083292557365
2021-09-24,601607SS,0.019843151452843523,0.003508035889279753,0.012257799573858816,-0.0035378673440882315,16.2107596053217,0.0039332335694501
2021-09-27,601607SS,-0.0025221024541383524,-0.0030059627969198925,-0.009179045307392992,-0.005076147716592058,16.112690067079747,0.0035658139014061
2021-09-28,601607SS,-0.007604627184425914,-0.012115276681045156,-0.005651262034623191,-0.009716336109105656,16.049339394333007,0.0033469237883299
2021-09-29,601607SS,-0.015384807203004511,-0.012263737975132616,-0.022402547746987182,-0.023395788661759,16.2364027270593,0.0040353982786179
2021-09-30,601607SS,-0.017201481566148986,-0.010855799509613783,-0.0005271448739316257,0.006292447480836456,15.915816785305609,0.0029285839933665
2021-10-08,601607SS,0.006289445772433904,0.007766177256655845,0.00839916465276941,0.010917931153916993,16.112854540301342,0.0035664004305978
2021-10-11,601607SS,0.016066550847006967,0.013828464873654094,0.008847112491037699,0.0005167369679686055,16.144029541624693,0.0036793341885818
2021-10-12,601607SS,-0.002574075410869655,-0.00817165391461272,-0.009370117390713712,-0.007782132946454049,16.036605078968257,0.0033045732257575
2021-10-13,601607SS,-0.010362610249841251,-0.011346023387020123,-0.0068223213588878735,0.0010411664322963453,15.88167573240923,0.0028302865766143
2021-10-14,601607SS,0.001561214323960146,-0.0020768941572775427,0.004203888136063994,-0.007310708496967201,15.687544092715958,0.0023308809902498
2021-10-15,601607SS,-0.008879686649239028,-0.006256502884658185,-0.01692267225244042,-0.00842111542478175,16.080922927242305,0.0034543185022959
2021-10-18,601607SS,-0.007900897872357085,-0.010515286127348011,-0.0010671626678704022,-0.007959594937031564,15.981651907267713,0.0031278759290163
2021-10-19,601607SS,-0.010632783247719395,-0.004768229038843888,-0.004816715502602722,0.0,16.2799115633975,0.0042148493227443
2021-10-20,601607SS,0.004266714539777433,-0.0005312769319009815,0.0010723544723711107,-0.0037363665833170293,15.972534128483012,0.0030994862669682
2021-10-21,601607SS,-0.00426683369114281,-6.289507257398683e-08,0.0010711990007309616,0.0032033282240888725,15.752433298122515,0.0024871451300489
2021-10-22,601607SS,6.289507272602184e-08,-0.0010632257926401192,-0.0005354246025798129,-0.003203328224088903,15.83522558222366,0.0027018259281857
2021-10-25,601607SS,-0.000534680932314504,-0.0005321213427374557,-0.0005359286364244587,0.004268791444995041,15.600016785920946,0.0021355388052761
2021-10-26,601607SS,0.0042690749302098,0.005307916299977235,0.0037444340208803435,0.0015962338249526668,15.966117675764659,0.003079662225611
2021-10-27,601607SS,0.002127516295121253,-0.0031814018891492815,-0.0172325963630927,-0.020408917984245215,16.10425135947151,0.0035358496450973
2021-10-28,601607SS,-0.028019022001682777,-0.023100616951095783,-0.021411631590036975,-0.016963363526880142,16.148944979335976,0.0036974642504577
2021-10-29,601607SS,-7.883038697349857e-09,0.014567309874149144,0.007739079304410534,0.028829770822503584,16.179213045459996,0.0038110902993153
2021-11-01,601607SS,0.006536030615391921,-0.009147215752780975,0.0011007545679661398,-0.013495467949777053,16.274687520085397,0.0041928881783845
2021-11-02,601607SS,-0.0005431318859458934,-0.0037910277174527706,-0.009395017512765468,-0.020313652457711925,16.342550582038093,0.0044873075484431
2021-11-03,601607SS,-0.01698198802692212,-0.013107726768093523,0.0005551452691124813,0.0027693150278004673,15.743095827316399,0.0024640295700427
2021-11-04,601607SS,-0.0005524793785067869,-0.001650484992442697,1.7212681442046605e-07,0.0038643610758256615,15.464360319130241,0.0018646297193314
2021-11-05,601607SS,0.002208595077590167,0.003298413817447986,0.0011092122437764108,0.0022014066394721167,15.587514498786978,0.002109005888145
2021-11-08,601607SS,0.002203838257384804,-0.0010982880155460872,-0.006116330619482381,-0.011612088178712265,15.961870754764197,0.003066610875551
2021-11-09,601607SS,-0.009955917646500938,-0.008276059770964433,-0.0005579591124236015,0.0027770054356142456,15.656749794800485,0.0022601970523549
2021-11-10,601607SS,0.0005558588082849419,0.008825337104499889,-0.000558068099506238,0.008835082743098218,15.876590171542277,0.0028159295179256
2021-11-11,601607SS,0.006644552790858121,0.004383632752385231,0.010000064046098918,0.004935545455562114,15.651349430591019,0.0022480240620259
2021-11-12,601607SS,0.009884681663527399,0.002729973126301225,0.007709266174952736,0.0010934250050008648,15.431819411328094,0.001804929580244
2021-11-15,601607SS,-0.0010934222150934913,0.0054377642950205135,-0.002196549337192139,0.006536009165307408,15.708998655524605,0.0023814293379687
2021-11-16,601607SS,0.007629373783977791,0.004328949248513777,0.00602893867028337,-0.0038074972763719266,15.870573337797442,0.0027990374054991
2021-11-17,601607SS,-0.0032624771714087363,-0.00758804330612825,-0.005479242792427904,-0.005464375898852434,15.637688815526861,0.00221752346851
2021-11-18,601607SS,-0.006009443925098085,-0.006550289083679633,-0.0071686538045998205,-0.006597207069210103,15.655509087150776,0.0022573945470418
2021-11-19,601607SS,-0.0038429172872486823,-0.0016442669157398524,-0.0005535120924898096,0.003304100618564043,15.694434697987418,0.0023469976365139
2021-11-22,601607SS,0.0010995036943738685,0.003285922106384703,0.0060723414169878386,0.005482463796509343,15.577320998822472,0.0020876169324099
2021-11-23,601607SS,0.004385912773397049,0.004908503995684116,0.003845030678091152,0.003819851164178535,15.54117936877934,0.0020135142033335
2021-11-24,601607SS,0.0043668441541549995,0.004343137519038421,0.0010959449105153879,0.002176254753926071,15.546412367808083,0.0020240785405552
2021-11-25,601607SS,0.0038052132034151736,0.009166803485504606,0.006550026964908102,0.004338240958820861,15.95109315587348,0.0030337376352189
2021-11-26,601607SS,0.0037910805921532887,-0.0037643042344317527,-0.0027238768297815044,-0.005969959782497658,15.673911179999806,0.0022993199118016
2021-11-29,601607SS,-0.004333766831166027,0.006444680838376034,0.004897907563743987,0.01028968395541195,16.03501888685371,0.0032993356921615
2021-11-30,601607SS,0.003793087620055835,-0.010223326548605092,-0.0070824329413526075,-0.008657965131735102,16.05980074449639,0.0033821209175503
2021-12-01,601607SS,-0.007055605166806742,-0.002707776512342509,0.0005465151154027732,0.0005433524914329585,15.48857582655118,0.0019103338235053
2021-12-02,601607SS,0.0005444076633092594,0.01025077366289263,0.0027284583195979523,0.006496971583651493,15.941024168374858,0.0030033442374416
2021-12-03,601607SS,0.00705190880537581,-0.003764319349552852,0.004350314584381128,0.0010787922046083262,15.557158490394484,0.0020459468297434
2021-12-06,601607SS,0.002159865196672883,-0.0010781013024459933,-0.003260855566294031,-0.008119116279692655,15.752748497592558,0.0024879292005517
2021-12-07,601607SS,-0.006493498564435225,-0.0016193945827908984,0.0016317749562571498,0.0048794651228599864,15.518225129454722,0.0019678219301274
2021-12-08,601607SS,0.007571561442972076,0.0026974574613277446,0.0021715010361106775,0.0005405968925709116,15.579316955075862,0.0020917878863325
2021-12-09,601607SS,-0.002697500854826807,0.009117852210324833,0.0010839911670082524,0.01075289135302024,16.18890232983499,0.0038481965165225
2021-12-10,601607SS,0.0102123223074404,-0.0005341610474887695,0.0037847944723552237,-0.006437938781277113,15.987100012019765,0.0031449634316687
2021-12-13,601607SS,-0.006976104021458169,-0.0010687680030474812,-0.0005397217106814331,-0.0005382686414690023,15.764788885475568,0.002518065902179
2021-12-14,601607SS,-0.002156421870620794,-0.0053621037241241435,-0.002162352785480833,-0.002156421870620794,15.633961940661106,0.0022092744158364
2021-12-15,601607SS,1.445917552183316e-07,0.012820820610836751,0.002702180502129392,0.016591344485966608,16.3414181462611,0.0044822288366271
2021-12-16,601607SS,0.019770731210315123,0.003179531316103658,0.006991016570228035,-0.00585587855004444,16.16462488018713,0.0037558970419333
2021-12-17,601607SS,-0.01277971464008706,-0.006902026895547297,-0.0016090476758480131,0.0,15.613381977777857,0.0021642722824189
2021-12-20,601607SS,0.003744451744099621,0.0063729211862836015,0.0037505720635242,0.002133529940761731,16.130271622047673,0.0036290608212358
2021-12-21,601607SS,0.003730211956317054,0.0005291273975894796,0.0032032658373263166,0.006372648934287673,15.863525671975411,0.0027793800732337
2021-12-22,601607SS,0.006362703916379226,0.004750576403639645,0.0026616246563322503,0.004753085375194847,16.060170201845544,0.0033833706979675
2021-12-23,601607SS,0.0031662542689859935,0.0005265192566008157,-0.0010636999095691231,-0.0036948416007681023,15.904508664862954,0.0028956537492804
2021-12-24,601607SS,-0.005282656936535068,0.01825345588414992,-0.0010649913024852323,0.013655682296814473,16.666905204145028,0.0062065644301255
2021-12-27,601607SS,0.016807242038955818,0.031037825360448038,0.020564929127594146,0.03687054067733561,17.197206381004527,0.0105477093341901
2021-12-28,601607SS,0.03530671164061197,-0.0035131946044365658,0.015536233363644443,-0.015708460742437445,16.554136843054202,0.0055446812947792
2021-12-29,601607SS,-0.015197742160022279,-0.0005028228920748383,0.0041027440313981854,0.005094354199152194,16.46856243408328,0.0050899333097092
2021-12-30,601607SS,0.00559935914895156,0.0020100213956401746,0.0005114783603312829,0.008601043642448573,16.23663182515688,0.0040363228866776
2021-12-31,601607SS,0.006577177859343495,0.01197609329472673,0.012201472117126662,0.0010069860959843462,16.6662671738192,0.0062026057165951
2022-01-04,601607SS,0.025393532058837553,0.026916268187015226,0.015543100787896169,0.031213859965298216,17.40642215878625,0.0130022769981021
2022-01-05,601607SS,0.005393540870609004,-0.012633692207588018,-0.004987541293109393,-0.018213668986820846,16.907044163414923,0.0078911863328155
2022-01-06,601607SS,-0.016268589027055788,-0.001958006624375286,-0.00451021931540004,0.00939435355713707,16.5678985499254,0.0056215130337627
2022-01-07,601607SS,0.005452403335017579,0.015557096746149551,0.014955537428860959,0.003929436185151162,16.635157707687455,0.0060126165067819
2022-01-10,601607SS,0.012282149267872996,-0.004350993323439196,0.0034577264664227563,0.0,16.077074469935084,0.0034410502511595
2022-01-11,601607SS,-0.009320658901872534,0.012039555266878115,-0.000986782505603595,0.01411555537700483,16.856679760826864,0.007503593789121
2022-01-12,601607SS,0.02000548780496507,-0.0033565481855828403,0.009823155295015294,-0.0029042815304055657,16.185143365186256,0.0038337584336301
2022-01-13,601607SS,-0.007272826609520582,-0.007714585520634271,-0.02024259337301785,-0.02602644565674883,16.856481984016273,0.0075021098989469
2022-01-14,601607SS,-0.017673442234867148,-0.01217448415517361,0.0004986430150745729,0.006941001872282039,16.477203752367135,0.0051341076338945
2022-01-17,601607SS,0.0034611375274529645,0.0058623813172040086,0.008438958826938715,0.0054201837091957,16.257655485954636,0.0041220794775563
2022-01-18,601607SS,0.0024648027306342283,-0.009297902803112853,-0.008937549299547869,-0.00888461133396933,16.2422344459176,0.0040590003423609
2022-01-19,601607SS,-0.011887283217378775,-0.005917300011747436,-0.01355783631510427,-0.011970287734646557,16.245607122664023,0.0040727131510755
2022-01-20,601607SS,-0.0034937574144376722,0.008372491653149084,0.00905898074076573,0.014446146730758206,16.394909856499435,0.00472851947114
2022-01-21,601607SS,0.010939810698226438,-0.006889856481325868,-0.014127413265584435,-0.026561355240647667,16.123965589112558,0.003606247847194
2022-01-24,601607SS,-0.023518679470198266,-0.022472885568088706,-0.004073312615528161,0.0005077635137737409,15.642024692640728,0.002227159254016
2022-01-25,601607SS,-0.00762385143195566,-0.005063170480397505,-0.020098602361679253,-0.023627186914455527,16.23841573225769,0.0040435297386419
2022-01-26,601607SS,-0.013354108493503996,-0.015345648775134878,-0.012045180767197673,-0.008350792029105174,15.813221708216506,0.0026430245841373
2022-01-27,601607SS,-0.010917879197897043,0.001545111824739254,-0.005812486073770583,-0.00789280154413445,16.148935961813912,0.0036974309086394
2022-01-28,601607SS,-0.0105096951856138,-0.016083264525533793,-0.004780830458203553,-0.002644802022054117,15.841615403142294,0.0027191453895099
2022-02-07,601607SS,0.006319149702230241,0.00885199238400853,0.01112007195007379,0.018368489050937974,15.67048971029521,0.002291466300264
2022-02-08,601607SS,0.009404460751195411,0.009801386814913531,0.008912238285963084,0.012916725397766518,15.509194761392123,0.0019501317651452
2022-02-09,601607SS,0.012916696382019444,0.006141268446803134,0.01038430625883458,0.0040983200507025965,15.491147736734911,0.0019152533550272
2022-02-10,601607SS,-0.0005135004219544538,0.00964721035339196,0.004637986091290755,-0.0010229536584553,15.541468486559106,0.0020140964303552
2022-02-11,601607SS,0.003589011173812699,-0.0101574643086446,-0.012936688697539812,-0.0139140854646914,15.767026110208954,0.0025237056886803
2022-02-14,601607SS,-0.014433496202114739,-0.005117958956843889,-0.013106567968314475,-0.014110748002325724,15.988309920289536,0.0031487708522169
2022-02-15,601607SS,-0.012539299299361395,-0.01239040327244842,0.0005275145201511001,0.0026281201266292256,15.506262062463815,0.0019444209928371
2022-02-16,601607SS,0.006811660232021451,4.571019125322113e-08,0.004735658694018045,0.0026213392116180255,15.368512078191003,0.0016942060621546
2022-02-17,601607SS,0.0005221101209859746,-0.004686254906242558,-0.010554086143540213,-0.011055664573518927,15.765888141727812,0.002520835424188
2022-02-18,601607SS,-0.01631174714109328,-0.007859512731820239,-0.0026560215705199197,0.00527994687545346,15.377393652873971,0.0017093203027828
2022-02-21,601607SS,0.017355217602504334,0.010986265643366211,0.010582216279629943,0.011518482717338593,15.743835707539594,0.0024658533316556
2022-02-22,601607SS,-0.005751840633352119,-0.006263171668068369,-0.00898779942541901,-0.017327971731455002,15.84246598887071,0.0027214592400013
2022-02-23,601607SS,-0.010013259764650699,-0.0020964572402577823,0.0010616230921220507,0.0015877859130897602,15.577419569090015,0.0020878227195469
2022-02-24,601607SS,-0.000529682115715776,-0.009488723644031043,-0.024705898408448803,-0.019221096380789927,16.361958585689962,0.0045752478491673
2022-02-25,601607SS,-0.014411958019396091,-0.004246442405155859,0.007044093115642189,0.004303236248705605,15.832070737992302,0.0026933155186778
2022-02-28,601607SS,4.679083544399927e-08,-0.003196517866450716,-0.007044201717547531,0.0026803563624870335,15.909788370866602,0.0029109823813858
2022-03-01,601607SS,0.007498716986489705,5.3618039236605644e-08,0.008662796115760285,-0.0037542920685643398,15.541660710735803,0.0020144836256652
2022-03-02,601607SS,-0.010729577135334335,0.007972462548352035,-0.0037806285393612296,0.012283251738730004,15.816468935666544,0.0026516210370473
2022-03-03,601607SS,0.01923123198755905,0.013669986128424424,0.0182310161234015,0.010034379767409158,15.926891682082907,0.0029611980279494
2022-03-04,601607SS,0.010526330276439089,0.008837994415590298,0.010570840376636132,0.006285855449872925,16.298700985885663,0.0042947926062606
2022-03-07,601607SS,-0.001571938502425994,0.011322893393113806,-0.003159619732174634,0.007802373586725339,16.6558881188009,0.0061385614612381
2022-03-08,601607SS,0.021272018476124168,-0.0020490805286443254,-0.024560569084988593,-0.039635161085366036,16.37996371541587,0.0046583718704523
2022-03-09,601607SS,-0.05161752610618694,-0.04617813212440904,-0.052716809119977885,-0.03566903986431978,16.5465533909227,0.0055027924984654
2022-03-10,601607SS,-0.01744863406053655,0.03275510890894734,0.02975243679275554,0.06436394668324807,16.92977669634298,0.0080726274891323
2022-03-11,601607SS,0.042009320453168915,0.004666833381186134,0.035320118720912966,0.012493620991865255,16.62241797403052,0.0059365032302069
2022-03-14,601607SS,0.022941464033922193,0.03006583288074432,0.025304303273301125,-0.0015533667254276923,16.892256068076247,0.007775349327035
2022-03-15,601607SS,-0.004649741899750054,-0.03006573099037851,-0.05400905739630131,-0.055939740629026506,16.723358382603145,0.0065670235454443
2022-03-16,601607SS,-0.05262989759526613,-0.027801631419113265,-0.02222339296603716,0.017920477851141974,16.416532557296577,0.0048318762399427
2022-03-17,601607SS,0.02213315341276354,0.08363696619436614,0.048255038686274496,0.09540806616893086,17.36235352488612,0.0124417264605213
2022-03-18,601607SS,0.18249954279667235,0.09513224334897037,0.18517258567480735,0.09513224334897037,17.11172868461286,0.0096835736531293
2022-03-21,601607SS,0.09539113483685153,0.09539113483685153,0.09539113483685153,0.09539113483685153,17.287183395985537,0.011540767071424
2022-03-22,601607SS,0.013654804742637238,0.07214195516013022,-0.02913025954517542,0.008455866410970212,19.1541048393036,0.0746497517986283
2022-03-23,601607SS,-0.030784225468044477,-0.05410910150896001,-0.06492726245297667,-0.038419223147824255,18.752665950321592,0.0499672758298622
2022-03-24,601607SS,-0.02541260125479436,0.0473140397386646,0.05151550001795059,0.09531025012668898,18.317716044921426,0.0323436722311049
2022-03-25,601607SS,0.18932930031856357,0.08144038494852736,0.057791177013881645,-0.042559570254994974,19.09393473561555,0.0702905309683283
2022-03-28,601607SS,-0.13993657839770646,-0.09709252670143455,-0.04646322344336135,-0.03540193953797799,18.482444725863274,0.0381355562204607
2022-03-29,601607SS,-0.02892844145103715,-0.01707455305779525,-0.024494465298719584,0.0,18.41479010817443,0.0356408503849558
2022-03-30,601607SS,-0.013735870251743571,-0.015381826824024076,-0.013342081969760361,-0.0032813437808931066,18.402106943938588,0.0351916661813818
2022-03-31,601607SS,0.0016749396361030032,0.05339757654267425,0.030719049196899603,0.006960051959945938,18.610737705212546,0.0433557814690091
2022-04-01,601607SS,-0.009247577260326361,-0.05339759481988813,-0.012685084658269114,-0.019362016315052747,18.101586336394504,0.026057058397267
2022-04-06,601607SS,0.025845533971864617,-0.018452113320027115,-0.004264377163239593,-0.019744405824759167,17.894077895076688,0.021174131889759
2022-04-07,601607SS,-0.03987940894138468,-0.056206364513735584,-0.06624947710129142,-0.07029693930117067,18.103793975755934,0.0261146465293441
2022-04-08,601607SS,-0.07144312347305777,-0.05321109492530871,-0.04769489076851791,-0.049450343185600903,17.656547206232595,0.0166973420716947
2022-04-11,601607SS,-0.031303690574197254,-0.04291320704244475,-0.029156542981499584,-0.021267172755446342,17.570179016660358,0.0153157445963137
2022-04-12,601607SS,-0.04713034142176401,-0.03502390972532408,-0.025975470811621514,-0.010805534709847757,17.489069093903822,0.0141225305457519
2022-04-13,601607SS,-0.015037864006717718,-0.02371643339686138,-0.025629214780326228,-0.04960521650231089,17.711494705820368,0.0176404939186129
2022-04-14,601607SS,-0.031292659348073674,-0.010050472415282206,-0.004683955245841095,0.0005187205857832054,17.24433902741464,0.0110567528571457
2022-04-15,601607SS,0.006233813475794034,0.0025222097246488362,0.004164582238403036,0.005689195522145491,17.51537396697379,0.0144989510706965
2022-04-18,601607SS,0.007223924099721246,0.016487887290291676,0.008792289650974639,0.019408106153033046,17.41777701935939,0.013150757436628
2022-04-19,601607SS,0.013278972209977818,-0.023565948548036682,-0.017138814275696693,-0.02665459281781802,17.36701125640636,0.0124998118517604
2022-04-20,601607SS,-0.03143770004195883,-0.01636861728986615,-0.015307796828761601,-0.019407924819403833,17.17713571936843,0.0103381201543797
2022-04-21,601607SS,-0.01583141835877561,-0.027714020797349175,-0.0362887433649924,-0.03668137285190455,17.168580260965005,0.0102500500715238
2022-04-22,601607SS,-0.032435138738429126,-0.032878175025946484,-0.012767232428355858,-0.011049823593245373,17.003899051240946,0.0086937239007416
2022-04-25,601607SS,-0.016621057502240747,-0.005494653370549807,-0.04982426957648852,-0.053049352003010315,17.46397525233495,0.0137725515168235
2022-04-26,601607SS,-0.04747812231119503,-0.03818540455563579,-0.00470860586081169,-0.0005859578736731608,17.189340168655193,0.0104650642878442
2022-04-27,601607SS,-0.01000898799434516,-0.013252901305113233,-0.03237705145685807,0.007009355137924622,17.273910682113478,0.0113886018241981
2022-04-28,601607SS,0.0076629841759971494,0.006360324958753288,0.02170075586666489,-0.004667399964261404,16.905784397833088,0.0078812515464867
2022-04-29,601607SS,-0.0017633482728094186,0.016576330263950615,0.009495453704415905,0.028251924272707587,17.325978999131014,0.0119972965134341
2022-05-05,601607SS,0.02784425148822238,0.03727856504556736,0.020462840446456892,0.031340223773983905,17.41348317581133,0.0130944111976562
2022-05-06,601607SS,0.015328057345791802,-0.012641093310745503,0.014934121492142087,-0.030203697061853264,16.983168664536347,0.0085153548523981
2022-05-09,601607SS,-0.009054969230974996,0.04170656265319529,0.00113949791937613,0.050384276034094115,17.627773579880166,0.016223745203826
2022-05-10,601607SS,0.032991538111517026,-0.014427204851688186,0.019177133741885195,0.0,17.302380707189208,0.0117174952003842
2022-05-11,601607SS,0.03247039450357165,0.09197753185528217,0.047991808503699815,0.0952120071994405,17.403484447263413,0.0129641361089833
2022-05-12,601607SS,0.08274223686835454,0.048392459965896306,0.03402563381345092,-0.0349687700981398,18.405534252810774,0.0353124858171792
2022-05-13,601607SS,-0.020302597685339437,0.006991624327913749,0.02841400536956424,0.06828099247014757,18.392091889359477,0.0348409787284418
2022-05-16,601607SS,0.05309258128301983,-0.020174286416008023,-0.021745501467772547,-0.0521433459928683,18.000478181075547,0.0235512884557792
2022-05-17,601607SS,-0.05660041021160629,-0.057046855168240866,-0.047640457811600284,-0.051319570435225385,17.891532039820632,0.0211202941744761
2022-05-18,601607SS,-0.04413249077515516,-0.03940148995317765,-0.0010730910645346142,-0.013786125750502816,17.14544588835447,0.0100156434649141
2022-05-19,601607SS,-0.02443017826409516,-0.02163092144854927,-0.02280220538877053,-0.0016028366425553716,17.234075414802465,0.0109438510069234
2022-05-20,601607SS,0.036943378442337596,0.09263985970280239,0.057097404623673735,0.03726474795049514,18.49244437600124,0.0385188114596549
2022-05-23,601607SS,-0.02094304531604362,-0.058560533240766474,-0.025211386360534795,-0.020823111596961864,17.79748226059906,0.0192244826846945
2022-05-24,601607SS,0.0015860403654892287,-0.01610843977016486,-0.05916296192183555,-0.06801645718390498,17.993587121730766,0.0233895530311415
2022-05-25,601607SS,-0.06718347640404439,-0.058237651579516,-0.0011294014887233664,0.011198083701385617,17.110555406702012,0.0096722187921497
2022-05-26,601607SS,0.014582404242159893,0.0011099784299875238,0.0016934866115398284,-0.0027877293175014575,16.970714728523927,0.0084099627986187
2022-05-27,601607SS,0.0005565756589435844,0.0027692004177833204,0.0005637946841669552,0.0027877293175013456,16.923862113472488,0.0080250221842835
2022-05-30,601607SS,0.0011125328333934593,-0.001660548054969864,-0.00508604203463605,-0.005023475585062519,16.652262926397295,0.0061163482814126
2022-05-31,601607SS,-0.006692551218855596,-0.002773776728342807,1.0788626809483555e-07,0.007248489647840362,17.08781620521776,0.0094547620187489
2022-06-01,601607SS,0.0011183480734738216,-0.0016682345070034546,-0.0034053335377763373,-0.01624249699257466,17.00160633996166,0.0086738145330105
2022-06-02,601607SS,-0.012939608518595297,-0.006700064638692404,-0.0039873874382371655,0.003944936955118156,16.629601223506736,0.0059793001429284
2022-06-06,601607SS,0.0073343305636004935,0.0027971258973792223,0.00795903885752349,0.005608418061964554,16.707263694650614,0.0064621753576698
2022-06-07,601607SS,0.005605217158344357,0.03459029271300349,0.007896134796172667,0.030296972327402645,17.466364390518404,0.0138054953844483
2022-06-08,601607SS,0.029738013173249006,-0.005411200776186673,0.009505336485127892,-0.01586028886351824,17.078246088433033,0.0093647104280427
2022-06-09,601607SS,-0.015860325693322498,-0.015860325693322498,-0.014009704650837052,-0.018920945097209794,16.9193873432602,0.0079891922775427
2022-06-10,601607SS,-0.025685398629717655,-0.001103126170147207,-0.003958206720919479,0.017817870433847898,17.197539595130376,0.010551224565685
2022-06-13,601607SS,0.012366632386223285,-0.0038706890981230328,0.006213004006467686,-0.013333608800522414,16.76032788660016,0.0068143467007839
2022-06-14,601607SS,-0.002797083801937287,-0.0027738064774977026,-0.014747791384933541,0.005021017913546883,16.91021679147591,0.0079162618898214
2022-06-15,601607SS,0.002797000184426559,0.013245052447050569,0.021481680124284246,0.003887741044895569,17.30966058505339,0.0118031083855926
2022-06-16,601607SS,0.005571200821707709,1.3446109432278856e-07,0.005577415236588636,0.0016616567923697864,16.898115515557137,0.0078210423172695
2022-06-17,601607SS,0.0038812190238016997,0.0010958048079473192,-0.009500047064329232,0.0077176449521965,17.22189874406025,0.0108113993786886
2022-06-20,601607SS,0.007168522105289929,0.010893265596478286,0.017256253433357408,0.005476459873837276,16.99232324341044,0.0085936672549282
2022-06-21,601607SS,0.007117498419264473,0.01612085303149005,0.0022050945729838846,0.004903391096402823,17.298513584719895,0.0116722697126352
2022-06-22,601607SS,0.009772073827094788,-7.4342495769325325e-09,0.007133140253962849,0.006500602618154978,17.395249974126894,0.0128578215982293
2022-06-23,601607SS,-0.0016219894832662871,-0.015037806311155836,-0.015427232537810375,-0.014686065882122706,17.277931785793655,0.0114344887706017
2022-06-24,601607SS,-0.012523961414275765,-0.0016246296045090516,0.0077433677967819504,0.0,16.994072134387363,0.0086087097927212
2022-06-27,601607SS,0.008185441312600416,0.0054052135445761,0.0022013596549552974,-0.0005482304724499862,17.325560879664494,0.0119922812586272
2022-06-28,601607SS,-0.01147857453569249,-0.013568682310728478,-0.009944802536316013,0.0027375878183133278,17.051686902073264,0.0091192651699565
2022-06-29,601607SS,0.003292958416424883,0.004905887548128633,0.001109803680175285,-0.013763046796702058,17.06994860416601,0.0092873283697992
2022-06-30,601607SS,-0.011019407592733552,-0.008738411921807188,-0.001665287477569192,0.0022148152848950825,17.392835016852544,0.0128268079709277
2022-07-01,601607SS,-0.0005541554453126335,-0.005500663421982774,-0.006689113406654931,-0.00499039382338297,16.754150544903627,0.0067723818994647
2022-07-04,601607SS,-0.0011092229220868932,0.013151031313995996,0.007799619653866154,0.01872308732861415,17.23884812681707,0.0109962077001456
2022-07-05,601607SS,0.023582076081198146,0.005428753949070189,0.0022171826604733963,-0.0038262281617323884,16.961324859882826,0.0083313639432622
2022-07-06,601607SS,-0.012544354249492027,-0.008154211003646125,-0.0105759388396247,-0.016009021673289336,17.011183383217595,0.0087572830864185
2022-07-07,601607SS,-0.011037694575005644,-0.016511183017473223,-0.00280208923023094,-0.007821353001562621,16.71430788749913,0.0065078568754506
2022-07-08,601607SS,-0.006681493797391512,0.013778210112455181,0.0005611149292240217,0.020539300656753003,17.001439961081847,0.0086723715134525
2022-07-11,601607SS,0.05277272652890419,0.039178597930562276,0.031468230496324766,0.015808411227371755,18.034349524878902,0.0243626659077409
2022-07-12,601607SS,-0.030672535899886593,-0.03590007167871614,-0.024203782186391663,-0.02463861783766659,17.404628349107895,0.012978974293696
2022-07-13,601607SS,-0.018197403965758766,-0.014286018367639246,-0.00614353069551628,-0.0027755785384879555,16.671162843571974,0.0062330460797295
2022-07-14,601607SS,-0.0039028960657189024,-0.000553494314522292,0.0016792681954151155,-0.002783073856428431,16.57868479013757,0.0056824762182919
2022-07-15,601607SS,-0.0011178577708444298,-0.006666521061464088,-0.011814321202729856,-0.015164484794101526,16.888939435395113,0.0077496040655484
2022-07-18,601607SS,-0.010683238375364551,-0.003350217519856618,0.001131193783695984,0.011814378230575429,16.15070890980771,0.0037039920765728
2022-07-19,601607SS,0.010123876452770358,0.0027926205087403662,0.006198914754449605,0.0022347276755575575,16.172618305345292,0.0037860398383017
2022-07-20,601607SS,0.003351996710878262,0.006116328954915934,0.005602345307308392,0.004454414299934367,16.287775048009674,0.0042481233819251
2022-07-21,601607SS,0.0033406237145707364,-0.00055459697330699,-0.001677422288662142,-0.006689141975491899,16.30908643781809,0.0043396283891004
2022-07-22,601607SS,0.0007160446401060827,-0.0015049954189033526,-0.008646726768800546,-0.002867785830054468,16.31215966116702,0.0043529855517525
2022-07-25,601607SS,-0.010291786118800864,-0.0028482323128560844,0.004038088666412561,0.002867670461517425,15.919088704032028,0.0029381817763699
2022-07-26,601607SS,0.0034424966539919207,-0.004001057151952939,-0.003460107257376164,-0.000572622630685649,16.005406904846545,0.0032030681826734
2022-07-27,601607SS,-0.001146087715588947,0.0011448072205439118,0.0011547221462872659,-0.002869546916196619,15.683724767340234,0.002321995574914
2022-07-28,601607SS,-0.0017216965076492794,-0.0005722516177984008,0.0017296526456473955,-0.0011501051669599509,16.164812238180843,0.0037566008052606
2022-07-29,601607SS,-0.0011494735430994335,-0.0040149223404914005,-0.014505642610116751,-0.011574159026122945,16.49985273161305,0.0052517167752465
2022-08-01,601607SS,-0.01623212494557528,-0.013306460197652671,-0.006449734773644267,-0.005837705679522912,16.159962379553832,0.0037384259291127
2022-08-02,601607SS,-0.006449882852764002,-0.009950438629278559,-0.029853066482346813,-0.024897659646471407,16.739475149517247,0.0066737202323098
2022-08-03,601607SS,-0.028036440546154503,-0.007083954468248157,0.0006058410265024272,-0.009044405646722143,16.22642139597501,0.0039953199788925
2022-08-04,601607SS,0.003020249425149642,-0.012518680418916692,5.769185074227473e-08,0.007843184609870229,15.835292722766358,0.0027020073363587
2022-08-05,601607SS,0.0048135263891864585,0.01665722141322208,0.008443965635107775,0.01786836595206202,16.149991332220377,0.0037013351280151
2022-08-08,601607SS,0.019025530504929698,0.014059975785526029,0.017267531395453235,0.00647244239249106,16.039120731329497,0.0033128968493797
2022-08-09,601607SS,0.004700275412364233,-0.005249446068188437,-0.004140855867658301,-0.0047032016208168655,15.723554013910148,0.0024163453920752
2022-08-10,601607SS,-0.0023473095712936843,-0.004689284629212975,-0.004158054162104117,-0.00591004133214131,15.649253586834538,0.0022433174879245
2022-08-11,601607SS,-0.007075535786203574,0.005273988433256451,0.002971853339176123,0.012956574648826732,16.05698017119083,0.0033725948373821
2022-08-12,601607SS,0.01059468057626311,0.002335123832053685,0.01003856664288962,0.0023378533275646134,15.73475605838655,0.0024435655808815
2022-08-15,601607SS,0.0005852632403320178,-0.0029197244741229356,-0.0035316325807621674,-0.007029902402601202,15.733812953101994,0.0024412621273012
2022-08-16,601607SS,-0.004692196992766553,-0.0017560776886072782,-1.1080026976910001e-07,-0.0011766084514835727,15.535779575060117,0.002002670942083
2022-08-17,601607SS,-0.0005879650070067766,-0.0017588329988792197,-0.002952311694961726,0.001176608451483529,15.631399066370887,0.0022036195717397
2022-08-18,601607SS,-0.0005885220166143938,-0.0029387530896970407,-0.004742250390132784,-0.010044502160950536,15.78084749338829,0.0025588289639805
2022-08-19,601607SS,-0.010056260106994376,-0.005311297151316243,-0.003571374833696567,-0.0029734665535307027,15.641846800854328,0.0022267630958517
2022-08-22,601607SS,-0.0035735052374987007,-0.0011841374533565403,-0.009586620307159186,0.004753443140691031,15.911872390722879,0.0029170552530116
2022-08-23,601607SS,0.011862535206819994,0.0047282044669996,0.008990215874138672,-0.0011861993324409985,15.679736414587541,0.0023127530794589
2022-08-24,601607SS,-0.011266058585402536,-0.0047282222669097745,-0.007185795332001425,-0.012541366059153895,15.886607505155991,0.0028442793849002
2022-08-25,601607SS,-0.006580900573404729,-0.00832831308307804,-0.006027578786884117,0.005991727653832987,15.683865878197867,0.0023223232568708
2022-08-26,601607SS,0.005387566623387101,0.0047675209446685594,0.006027589697489852,0.0005971428145678515,15.42666719254891,0.0017956541014847
2022-08-29,601607SS,-0.008393290089931671,-0.004170370320190051,-0.004819274196112709,-0.0011947628242777797,15.40125703146636,0.0017506010590543
2022-08-30,601607SS,0.02320836089059919,0.029413862411909526,0.02091501438531812,0.025960168921558117,16.964581581819935,0.0083585411103673
2022-08-31,601607SS,0.009950462468780803,0.004049869209239366,0.010588479341198382,0.006386250931677888,16.826534023064717,0.0072807679074217
2022-09-01,601607SS,0.0052280327882976586,0.013192034150120062,0.0005849929858155713,0.0126510910421497,16.949939685148596,0.0082370478264335
2022-09-02,601607SS,0.015522039186773804,0.0028450172789816867,0.015090258573918498,0.0,16.561414320144394,0.0055851797731189
2022-09-05,601607SS,0.0028481498143354688,0.01466468590404978,0.0011513271592340408,0.0,16.575484104929913,0.0056643174752819
2022-09-06,601607SS,-0.0039898900676847765,-0.01523320371813166,-0.003458347555219343,-0.0017159576074906827,16.195092154428615,0.0038720900522905
2022-09-07,601607SS,-0.002859492255465366,1.6913803415202545e-07,0.004608467920529717,0.0005724283358707827,16.090490819471935,0.0034875276704109
2022-09-08,601607SS,-1.1941667301927555e-07,-0.002276780401294816,-0.00230155932290507,-0.006312834888090193,15.842557541193091,0.0027217084073536
2022-09-09,601607SS,0.0005726162099998289,0.005681884670803485,0.001726578221694189,0.010309307215475296,16.12294248605326,0.0036025601703806
2022-09-13,601607SS,0.009683811631028695,-0.0005668652935616609,0.0011493322418838587,-0.006287576841625259,15.867719125566104,0.0027910597480566
2022-09-14,601607SS,-0.01946252556421123,-0.006825871331088776,-0.01562983444503976,0.0028628598514864956,15.9981611149841,0.0031799433012985
2022-09-15,601607SS,0.01206584382359349,0.002280588014884005,0.002913114760351095,-0.010922676683358373,16.052656137382268,0.0033580431054959
2022-09-16,601607SS,-0.012065703914521877,-0.00571106176636734,-0.015831493723960616,-0.02161924518085651,16.522460821023035,0.0053718003814407
2022-09-19,601607SS,-0.021028848589667075,-0.02846557112874852,-0.019093752281387256,-0.008303800490016373,16.017509718814203,0.0032420698643285
2022-09-20,601607SS,-0.009489978790800867,-0.002359824613033812,0.006006046765104231,0.0,15.713055302626948,0.0023911095792326
2022-09-21,601607SS,0.0005958893689405979,-0.005330090584673653,-0.006608545996879263,0.0011904957436013432,15.734684310897187,0.0024433902674495
2022-09-22,601607SS,-0.004776241670759848,0.006510857091124411,0.006009652401175277,-0.006565154413876722,15.700508213414903,0.0023612955403635
2022-09-23,601607SS,-0.0035971802629777053,-0.007104961128355508,-0.01509243351933568,-0.012654728376460238,16.24506366415368,0.0040705004015817
2022-09-26,601607SS,-0.012692767587366737,-0.023445577741512152,-0.02214115929241665,-0.02393482319257874,16.37622673738801,0.0046409961224024
2022-09-27,601607SS,-0.01655965605878372,0.006668721357970737,0.004343854789327067,0.02756684778707186,16.060092739454106,0.0033831086241049
2022-09-28,601607SS,0.025039375236376647,0.017964532151561345,0.018405405980477546,-0.0036320245944930244,16.16127438618227,0.0037433339881809
2022-09-29,601607SS,0.0024097557803506833,-0.0005936005990611744,-0.008547078738695505,-0.007303619078635278,16.02522272862755,0.0032671726684119
2022-09-30,601607SS,-0.01637904912902108,-0.01134695424093457,0.0012253885405499822,0.008515699264597068,15.84289219569705,0.0027226193918746
2022-10-10,601607SS,0.009738439490945945,0.0035971826731827526,-0.0030664111882983207,-0.01157485258836787,16.04402857027622,0.0033291959793593
2022-10-11,601607SS,-0.013414751468862974,-0.01750713763678186,-0.016723819936188187,0.0030591533237709348,16.077811949032608,0.0034435888900391
2022-10-12,601607SS,-7.677281416646011e-08,0.008489931263757,0.0068471710624889645,0.009726433949880051,15.805470401194116,0.0026226168817017
2022-10-13,601607SS,0.018248736353976693,0.011408243333613387,0.020264836220366643,0.010231913505215235,15.947038847913857,0.0030214628268639
2022-10-14,601607SS,0.009598036027584623,0.033463518399809294,0.01388478279227747,0.028918976511420717,16.700578665225507,0.0064191195977133
2022-10-17,601607SS,0.02592963312474949,0.008623240260402662,0.027787777075448505,0.0017436495951613055,16.23007253012984,0.0040099340922453
2022-10-18,601607SS,0.002324086009740797,-0.0005726743655338146,-0.0017508191341664104,0.011547429179744734,16.477181755711115,0.0051339947019291
2022-10-19,601607SS,0.009818167122046174,-0.0034423068816971324,-0.0058582628962559535,-0.016204091447054342,16.057584635188473,0.0033746340660147
2022-10-20,601607SS,-0.020906532705173845,-0.005763650431286821,0.0005874614159581947,-0.0017516775210796266,16.004618394615186,0.0032005435258466
2022-10-21,601607SS,0.0005865880930479716,-0.0011566500508432638,4.240004116588639e-09,0.006408339788389258,15.860498973465383,0.0027709804446062
2022-10-24,601607SS,0.014556350560974127,0.011507593067328436,-0.02196585527446538,-0.02112741820969974,16.299970608041466,0.0043002488335038
2022-10-25,601607SS,-0.03230818336182925,-0.0301997518870643,-0.0066245560854681085,-0.009535207896882275,15.983156982871735,0.003132587163802
2022-10-26,601607SS,-0.0029896200700723864,0.03134317764057525,0.00842358704168942,0.03875985237629575,16.81295476532303,0.0071825687235537
2022-10-27,601607SS,0.041061484453928196,0.013621148314643002,0.03126175471699562,0.020525227301181975,17.03816802340781,0.0089968125020879
2022-10-28,601607SS,0.0017227079560300199,-0.009629063937161442,-0.005240180568312153,-0.030947956895259667,16.72409031729652,0.0065718319375716
2022-10-31,601607SS,-0.013283399683044797,0.008501070778505523,-0.012926060275858714,0.023016002778857715,16.976777947748154,0.008461109147983
2022-11-01,601607SS,0.019574581206996306,0.012896221253460243,0.030861265459214235,0.018038773861105376,17.202851379383496,0.0106074195116745
2022-11-02,601607SS,0.020316531746536012,0.09252064168801047,0.021554835165357545,0.05065052643334897,18.421043198257866,0.0358644140888292
2022-11-03,601607SS,0.016620994864371227,-0.061259615441608725,0.008382308065034889,-0.04175176980237218,17.680652373970698,0.0171047245978996
2022-11-04,601607SS,-0.009384584924822803,0.008066683483734214,0.0005563167780115578,0.024611596312122046,17.361871729485124,0.0124357335375567
2022-11-07,601607SS,0.02573366666968694,-0.00914721967166506,0.007756353230403567,-0.008136710630687329,16.72721313217921,0.0065923866308193
2022-11-08,601607SS,-0.009231557465366696,-0.00650754388733709,1.1692954365032924e-07,-0.001089826358080319,16.514057748150833,0.0053268498740645
2022-11-09,601607SS,-0.0016380302386303461,0.014583063662329598,0.005503516509353333,0.005979945984042672,16.665624861031734,0.0061986229826149
2022-11-10,601607SS,0.004361909989721604,0.0037461656129974545,0.007109598022687181,0.004326522393900289,16.609641998056297,0.0058611410408305
2022-11-11,601607SS,0.02631044020486437,0.013266420998196126,-0.014270179829658823,-0.021271558695556688,17.496201376528212,0.0142236164857644
2022-11-14,601607SS,-0.04442785758430287,0.004208217532718914,-0.004987646186111528,0.03998360898602314,17.410972285454232,0.0130615738087417
2022-11-15,601607SS,0.05129332977508147,-6.880583793079805e-09,0.03278983645153197,0.0010587787349973187,16.701645073637813,0.00642596865253
2022-11-16,601607SS,-0.007926004795245961,0.006801064083098332,0.005362003671214948,-0.00530503238794195,16.841260994257038,0.0073887850019971
2022-11-17,601607SS,-0.0058525919541274245,0.024209311115895953,7.758028207562701e-08,0.030384811484787205,17.50822599527803,0.0143956824963811
2022-11-18,601607SS,0.034612777109600125,0.010126702749201758,0.028467863982409993,0.0077102121890013035,17.13973131836893,0.0099585715932503
2022-11-21,601607SS,0.0025740799416302056,-0.01676440485747259,-0.007826770553288133,-0.008742649614841703,16.767823038556305,0.0068656131523971
2022-11-22,601607SS,-0.00877878138930991,0.0030690318739170336,-0.02171119348897534,-0.027226833023461433,17.064322550755836,0.0092352240705568
2022-11-23,601607SS,-0.023086078917694656,-0.030596151802665335,-0.027131374970314228,-0.023631664732736268,17.127792787970893,0.0098403877536743
2022-11-24,601607SS,-0.019293392081147224,-0.006869359480464235,0.010396683099789705,0.020441710183258823,16.76268552773475,0.0068304314392863
2022-11-25,601607SS,0.011834721620582562,-0.0015917725462802064,-0.00381772835141892,-0.004803661896809774,16.451184455938897,0.0050022446859365
2022-11-28,601607SS,-0.01889403625667025,-6.688634892039525e-08,0.0005462444758382816,-0.005364906986915728,16.42645555583781,0.0048800616207282
2022-11-29,601607SS,0.010840173970428208,0.018938020567182016,0.013022439740666945,0.031244296759938645,17.018896918063145,0.0088250938917077
2022-11-30,601607SS,0.03287669207514393,0.026736615827494405,0.02869477676846509,0.008824232785911433,17.375837689002758,0.0126106289420497
2022-12-01,601607SS,0.021162081424312078,0.003545295449845849,-0.008416655132340462,-0.007782111163936863,17.0811957675052,0.0093923740988846
2022-12-02,601607SS,-0.024296740402824066,-0.024566201916421632,0.004217289809881608,-0.0067938125487853945,16.314500898682414,0.004363188865199
2022-12-05,601607SS,0.014545662464931065,0.02254198090926971,0.0073375420452077185,0.018187078061460187,16.998203610460646,0.008644350045463
2022-12-06,601607SS,0.0015459647485689975,0.00202427423186135,-0.010498788183796813,-0.0187116608518864,17.098343797660476,0.0095548236837608
2022-12-07,601607SS,-0.0036110189803546145,0.0005054535893598088,0.004212754222693852,0.0325190581895448,17.401557188003537,0.0129391749179994
2022-12-08,601607SS,0.02248433479525879,0.012054346190642226,0.023371525433559536,0.004054708671314412,17.51248540577692,0.0144571303920761
2022-12-09,601607SS,-0.0020232180716187108,-0.009027061149919535,-0.0035997889377681995,-0.01221378383205493,17.012783225955328,0.0087713045758386
2022-12-12,601607SS,0.0010121763796396266,0.020937964086185118,0.00872025127600954,0.030756084327673856,17.66928909176987,0.0169114589270328
2022-12-13,601607SS,0.019534776641724805,-0.002469802069236129,-0.004094166291753307,-0.012993696627122782,17.254492140720913,0.0111695851556178
2022-12-14,601607SS,-0.022574456528010507,-0.024531978408897866,-0.028610589389032798,-0.04002589959706937,17.33235761981592,0.0120740673050077
2022-12-15,601607SS,-0.02882332283308638,-0.008653603354923104,0.0015818534495635182,-0.0005236531189990809,16.964468383546734,0.0083575949914571
2022-12-16,601607SS,-0.007863830623004303,0.0010218818198482133,-0.0015819113573575772,0.021249705756084893,17.3166934156055,0.0118864102299088
2022-12-19,601607SS,0.03262007790852567,0.005602378107675957,-0.021334132325269414,-0.03868741825190776,17.189957310772606,0.0104715247132942
2022-12-20,601607SS,-0.05335993703029618,-0.05158743006053083,-0.02290184439328264,-0.032505665953519,16.839273281958953,0.0073741128093478
2022-12-21,601607SS,-0.02337683903737213,-0.01834898734547371,-0.0027614688546883865,0.007679812264038203,16.424135262952102,0.0048687515740206
2022-12-22,601607SS,0.007125152555682049,-0.0005448945742928026,-0.015608007735480982,-0.02601866198812965,16.74467473217952,0.0067085111649689
2022-12-23,601607SS,-0.027687248436774982,-0.007109727376743385,-0.0011241319646043118,0.012263228681618004,16.4019547752469,0.0047619491254732
2022-12-26,601607SS,0.06467889507147391,0.05447156241617759,0.03699012635373958,0.04442774456437316,17.482134101441837,0.0140249297220435
2022-12-27,601607SS,-0.015380802206370094,-0.027933256381344515,-0.02136480781413742,-0.038902778555104316,17.190767407875406,0.0104800111023522
2022-12-28,601607SS,-0.03204174046459677,-0.029836722624007612,-0.007224209821355298,-0.007188258151217838,16.692556475490857,0.0063678302011928
2022-12-29,601607SS,-0.011657226715388373,0.002749391354544955,-0.007276977539334527,0.0038769429206889643,16.765568824583738,0.0068501540211317
2022-12-30,601607SS,0.011105098830557446,-0.0055065370799651575,-0.0022496631990646357,-0.014476879460357922,16.771592806223712,0.0068915437657126
2023-01-03,601607SS,-0.013900652050025756,0.004957374329901333,0.005614903096241689,0.01613396325924147,16.849550628089982,0.0074502899014461
2023-01-04,601607SS,0.012242612476424922,-0.002751224954490814,0.0011189845405683097,-0.004979400276651393,16.254577349646688,0.0041094106621221
2023-01-05,601607SS,0.0005530305150061111,0.008230551880554894,0.005577354192599137,0.011579970216218392,16.591437888344526,0.0057554094741265
2023-01-06,601607SS,0.008257715850427033,0.003817978350058557,0.01051193461782762,0.0005481595253837062,16.283018897767377,0.0042279666394127
2023-01-09,601607SS,0.0010958640088633842,0.0010880089201582743,0.0016496978008008823,-0.0005481595253836045,16.221787785642274,0.0039768500455777
2023-01-10,601607SS,-0.0010958747695330954,0.003257447245408887,-0.004405248238305165,0.008733712619102853,16.35686220513417,0.0045519899590332
2023-01-11,601607SS,0.008189978148517515,0.001624574423954394,0.008243993334702309,-0.0065430954747761495,16.030326605192,0.003283890542949
2023-01-12,601607SS,-0.005452561898010224,-0.007059515083698415,-0.011560945957897575,-0.00548556698303066,16.121389619881057,0.0035969702173497
2023-01-13,601607SS,-0.006032389223199007,0.010840170335576459,0.0027648048803043724,0.019068989517535873,16.53405411077397,0.0054344396197423
2023-01-16,601607SS,0.019068992918482994,0.018692175058392914,0.02292679285638004,0.010735435763726018,16.49432897668145,0.0052227875493636
2023-01-17,601607SS,0.009132598472027607,-0.006901915729810497,-0.0010798272367005572,-0.006964779621847751,15.938565554411385,0.0029959692423288
2023-01-18,601607SS,-0.008053853177669103,-0.005877724187399407,-3.644285950578636e-08,-0.0026918897465081043,15.608635927259298,0.0021540248717287
2023-01-19,601607SS,-0.002698986511395209,0.003210276456695587,-0.005417122665084735,0.0037665983248566792,16.01762858725534,0.0032424552670677
2023-01-20,601607SS,0.007538990646545213,0.005327629789627662,0.011342276181422315,0.00642389389376201,16.156993138803006,0.0037273421048501
2023-01-30,601607SS,0.009078858165298187,0.004241803698122856,0.00321715197503829,-0.0021366801794499247,16.51087415670125,0.0053099183250786
2023-01-31,601607SS,-0.008006528465538662,-0.007968250252336882,-0.005906190993665487,-0.0010702163084555048,16.06143386671865,0.0033876488476287
2023-02-01,601607SS,0.001606467448843597,0.021108947938932216,0.002688962638510216,0.019613617034451542,16.502447569358427,0.0052653618247818
2023-02-02,601607SS,0.020127822375311282,0.0026076918714913007,0.015454626488562228,-0.0015759115307683318,16.05671055255285,0.0033716856454319
2023-02-03,601607SS,-0.004203914128796096,-0.010471362894556666,-0.009564405876169451,-0.003687132686474933,15.9765980982826,0.0031121081170454
2023-02-06,601607SS,-0.005279849305701926,-0.003162848948020739,-0.0075026678113011966,-0.015957831890260177,16.209243544089684,0.0039272750638464
2023-02-07,601607SS,-0.007438839242033026,-0.007419229157119159,-0.004853020313000943,-0.0005362915782857239,16.249269692212156,0.0040876570974701
2023-02-08,601607SS,-0.005347684324872008,-0.0031966222014217396,0.004314939651037374,0.0005362915782858862,15.53805355928099,0.0020072301668581
2023-02-09,601607SS,-0.0037603025888419085,-0.001602079475858783,-0.0021550259931603613,0.002142618173688309,15.633230616048724,0.0022076593094739
2023-02-10,601607SS,0.004296340406428494,0.0010682831063370994,-0.005408479984590441,-0.005903038318575611,15.87268322866754,0.0028049493042599
2023-02-13,601607SS,-0.0032205024549782383,0.005855868790164245,0.0064865350517081845,0.010174229265680948,16.027787609573423,0.003275563334185
2023-02-14,601607SS,0.013881567769202597,0.004237149838767082,0.008049252200031887,0.00425291857462173,15.809889867291828,0.0026342330995155
2023-02-15,601607SS,-0.0031863235344009775,0.005797306513259195,0.004798894679651973,0.0005305322155136302,15.87958703428972,0.0028243811311086
2023-02-16,601607SS,0.00689106607557206,0.0094141257183277,-0.00640346612920692,-0.0031865663264389428,16.61549713276992,0.0058955594772608
2023-02-17,601607SS,-0.009554189122240219,-0.0046959378015074054,0.0021390250357827788,0.008474659089399234,16.39031473524422,0.004706841194465
2023-02-20,601607SS,0.012191976536058144,-0.0020943296058000493,0.00213448129784753,0.005260381555584812,16.169013739965134,0.0037724173751595
2023-02-21,601607SS,0.004206175617871823,0.010427737250484152,0.013238287237007774,0.010957710450478672,16.437861030580642,0.0049360396656413
2023-02-22,601607SS,0.01043844081055912,0.008778677256372202,0.0068150783586295146,0.006723432987400533,16.434384349174497,0.0049189084242594
2023-02-23,601607SS,0.007242758010798773,-0.0010287003356868809,0.005211209064079552,-0.0030974186323136153,16.190620849758318,0.0038548154052382
2023-02-24,601607SS,-0.0025806264252855645,0.0020564858121104894,-0.002081133780629987,0.0020660460342376446,16.165534140121782,0.0037593136820298
2023-02-27,601607SS,0.02197892171870787,0.03035136348541633,0.0015612170258599302,0.0,17.01351876063049,0.0087777585480334
2023-02-28,601607SS,-0.019913970023675044,-0.01253468099009351,0.0010394780458760008,0.019418093852395808,16.93243702034845,0.008094131886432
2023-03-01,601607SS,0.02092446139127938,0.003022645508991089,0.019038436177806088,0.0,16.39024823772599,0.0047065282115894
2023-03-02,601607SS,-0.0015162290538286323,-0.005042788327391842,-0.001530247388700502,-0.007620022792670809,16.099012724615267,0.0035173750510983
2023-03-03,601607SS,-0.003039713526619966,0.0035325375377500074,0.0010203036828691089,0.0030548370425314965,15.93893118530342,0.0029970648616504
2023-03-06,601607SS,0.0035454233658918474,0.016488140869262036,0.004579140311005407,0.01463572590748232,16.755633393865633,0.006782431768844
2023-03-07,601607SS,0.008056379494242755,-0.003972246918507668,0.006072788118659853,-0.0060301663815482244,16.66458277677837,0.006192166859335
2023-03-08,601607SS,-0.007551080478068497,-0.006488816037490082,-0.009632643006439718,-0.0010086910809110636,16.142923864110617,0.0036752682793127
2023-03-09,601607SS,0.006547560807004342,0.005493288677284085,0.009127978912819678,0.0055347467297365855,16.23930472215799,0.0040471259943405
2023-03-10,601607SS,-0.0045283238685718385,0.0009955364531883553,-0.004553525963137478,0.0010030254749589555,16.539019324048983,0.0054614898728292
2023-03-13,601607SS,0.003021117189117069,0.03855070600134059,0.00505819284363316,0.03835271648094689,17.293872818011025,0.0116182269272437
2023-03-14,601607SS,0.03652927359436919,0.008579716352106082,0.020969368977376716,-0.0185009243604797,16.779505952488677,0.0069462938995732
2023-03-15,601607SS,-0.013665405139851868,-0.0009497388189411033,0.005420048152191962,0.018500924360479634,16.694595581862696,0.0063808281326406
2023-03-16,601607SS,0.013665342897476167,0.030411758949282,0.00977996031079457,0.026655604671180458,17.334179222989412,0.0120960815094656
2023-03-17,601607SS,0.031960789692719115,-0.004618924155147602,0.028306086952986198,0.0004695541875554672,16.81620330798643,0.0072059395456532
2023-03-20,601607SS,-0.008960109153199893,-0.0083682267990585,-0.025390490083217886,-0.028573262798039307,16.92473427143716,0.0080320243246533
2023-03-21,601607SS,-0.01961320501110826,-0.026491641115631508,-0.013678851995498084,-0.012150868698207145,16.76958741688326,0.0068777373847982
2023-03-22,601607SS,-0.008246490883969183,-0.0014392454543308312,0.0049067816472149655,0.014563308647877226,16.257835680049904,0.0041228223189288
2023-03-23,601607SS,0.005343668338595713,0.005744452948448451,0.002444375825734137,-0.009198810291978388,16.2916965430497,0.0042648150849273
2023-03-24,601607SS,-0.003397187363451716,-0.013939191629767181,-0.021219627269119058,-0.023125193339628182,16.539073216337478,0.0054617842129676
2023-03-27,601607SS,-0.018151093529595094,-0.02103287463126489,-0.007007052165643135,-0.0004979422751617188,15.96886858025021,0.0030881457465556
2023-03-28,601607SS,-0.0034714601037424695,0.027786305587475447,0.0025080987146674353,0.02118827633146096,16.561784821882622,0.0055872494754564
2023-03-29,601607SS,0.017725777494253053,-0.010147397202135306,0.01294197899326222,-0.0029296390725699253,15.937650173226993,0.0029932280429398
2023-03-30,601607SS,-0.00440200350718401,-0.005845096898735183,-0.0009894720346238309,-0.0024479722231552717,15.672563887989062,0.0022962241418925
2023-03-31,601607SS,-0.0029455184784346906,0.0034138484940669156,-0.00645652902379835,-0.0014716451625183273,16.51354368865295,0.0053241122598172
2023-04-03,601607SS,-0.004434644381258943,0.007759448243460614,0.0039780820469841015,-0.0014739131274468485,16.499425567754667,0.005249473910562
2023-04-04,601607SS,0.009828182295985985,0.023867536589546472,0.014778706387342308,0.0362096596556603,16.991545560182697,0.0085869867017742
2023-04-06,601607SS,0.03034174939830811,0.004705768371715724,0.02510984151404977,0.00047400597615586377,16.326520856882514,0.00441595067944
2023-04-07,601607SS,0.001422300890097685,0.004683997476353919,0.00047689915031693086,0.007554455289352362,16.248752089860968,0.0040855418638322
2023-04-10,601607SS,0.005668233209049064,0.004661900760638134,0.004755008733941454,-0.0075544552893522885,16.333375645391246,0.0044463250759659
2023-04-11,601607SS,0.004230357918533821,-0.008407323062032663,-0.009054146614831933,0.0023668559827403853,16.29598582030889,0.0042831473487985
2023-04-12,601607SS,-0.00800566749517331,0.0042125405235800654,0.008104965028413956,-0.0037896440911797677,16.005373997370278,0.0032029627795056
2023-04-13,601607SS,-0.0023668452906792543,0.008835220480167475,-0.006191946704217751,0.020202705405479165,16.619259105948462,0.005917780185884
2023-04-14,601607SS,0.018779862213290456,0.0027738878182321,0.021272300945836604,-0.004194854018142631,16.360461504349853,0.0045684034550349
2023-04-17,601607SS,-0.003727908354912016,0.00964859673153698,-0.003748871249780755,0.01759305369511523,16.700472375151417,0.0064184373452366
2023-04-18,601607SS,0.012987259400422606,0.009556377168071388,0.01629843220894555,0.0013758077233195528,16.530077412813004,0.0054128714069193
2023-04-19,601607SS,0.0023014665624166266,0.018843095989458224,0.0032280313562078103,0.022656162154129893,16.90076054003339,0.0078417565493254
2023-04-20,601607SS,0.02227868812351699,0.004434600514335206,0.0064250337843805945,-0.015805282130341946,16.457101389836417,0.0050319303767305
2023-04-21,601607SS,-0.011759536902305249,-0.011571128646597826,0.002284630013272185,0.0009099330550028783,16.6251986342885,0.00595303360183
2023-04-24,601607SS,0.007704585918656736,-0.0017921214190439756,-0.005033177046527242,-0.004557875707389386,16.64856706619298,0.0060937848332373
2023-04-25,601607SS,-0.012264580819811369,-0.0022446763896593735,-0.009216643195433067,0.005466981536890526,16.737480192038042,0.0066604197148975
2023-04-26,601607SS,0.0045600437020208474,-0.0013492005523940062,0.009675278126469405,-0.0013639230377509221,16.35916666077341,0.0045624919147883
2023-04-27,601607SS,0.005897020053605387,0.03450138834793073,0.008673823359728435,0.04362052915550485,17.39563273394917,0.0128627439978646
2023-04-28,601607SS,0.032921086502278554,0.0008691821921917411,0.017125186968332724,-0.0021800668292662486,16.977573970303638,0.0084678470634052
2023-05-04,601607SS,0.0013120638962127384,0.035420878248804244,0.016837022029058468,0.008259212335631805,17.420834855471938,0.0131910318436076
2023-05-05,601607SS,0.009136527605975237,-0.025479073832533828,-0.00749725461688333,-0.0034691833993865974,16.834501538508416,0.0073390092523273
2023-05-08,601607SS,-0.006081602027136014,0.020856305704529336,0.009253223461123136,-0.002174378173787812,16.87536120190487,0.0076450892959575
2023-05-09,601607SS,-0.002181182071833787,-0.030798062584977685,-0.023969252592394876,-0.026021427647200977,16.987960926536232,0.0085562606028416
2023-05-10,601607SS,-0.022075963747373136,-0.01974185754741201,-0.001348660421995672,0.00178574398609349,16.62078062940206,0.0059267910811814
2023-05-11,601607SS,-0.0008932759734784796,-0.008453911450525282,-0.018615740491983605,-0.023466801170112257,16.39038054286754,0.004707150950713
2023-05-12,601607SS,-0.01803464349163479,0.0031230765314655706,-0.0004583169483698058,0.005918666322945124,16.545461771447226,0.0054967888200755
2023-05-15,601607SS,0.0009094663426992857,-0.013453227769682026,-0.01944512003334956,-0.010495316051602139,16.468665476529573,0.0050904578159486
2023-05-16,601607SS,-0.0068415087241048035,-0.010438008074613614,0.004664211077963111,-0.011998214931944782,16.779154204466717,0.0069438509839785
2023-05-17,601607SS,-0.011044751297903199,-0.011009285973029376,-0.005599602461646039,0.0009279959777323493,15.987374933255195,0.003145828167861
2023-05-18,601607SS,-0.00046285211516434207,0.01237699792823854,0.006064840827810133,0.004165729855431401,16.58773683953037,0.0057341477909239
2023-05-19,601607SS,0.0009254403699022843,0.00454531470532364,-0.003261189715404889,0.016036938221805356,16.233533449806565,0.0040238361964447
2023-05-22,601607SS,0.018332480766128152,0.01931361708148275,0.026705261922861528,0.0058918424933297265,16.435896441684935,0.0049263518955797
2023-05-23,601607SS,0.004982923229569032,0.004438509852919022,0.003628077574786568,0.00540785164474358,16.23798340347676,0.0040417819820343
2023-05-24,601607SS,-0.0013566268776674247,-0.01922721259602584,-0.031734256659836715,-0.017226272072220213,16.492268145976535,0.0052120353507138
2023-05-25,601607SS,-0.015504164500194864,-0.009981874144956819,0.0023338055185581777,-0.003664653311556863,16.21394341351187,0.0039457761878945
2023-05-26,601607SS,0.005042560263012232,0.036709688758076835,0.008356639929976765,0.03649885189178166,16.45074516169301,0.0050000477110665
2023-05-29,601607SS,0.04164447922805205,0.018293046132431677,0.046519897492920445,0.019281802199004338,16.667381179305362,0.0062095193039634
2023-05-30,601607SS,0.010037274145897028,3.2996178577961527e-08,-0.005309666640358103,-0.004349707586088125,16.393090049198772,0.0047199223012016
2023-05-31,601607SS,-0.003915649261678872,0.01329059313124801,0.011907423057786286,0.021988351849491643,16.83175016143361,0.007318844622503
2023-06-01,601607SS,0.017286572294957257,0.0008515195669022633,-0.003953375371321871,-0.026357062077692346,16.446961604441533,0.0049811654864494
2023-06-02,601607SS,-0.023408136642195557,-0.01673497619742214,0.0035149331229506944,0.0008752878533568689,15.96827237771972,0.0030863051347765
2023-06-05,601607SS,0.0030654796373921485,0.020133378581708744,-0.0035150014622399206,0.024628517883519236,16.232423747401885,0.0040193734119829
2023-06-06,601607SS,0.025044474478047304,0.0059196450894163696,0.012683342144993781,-0.015917782081736675,16.29541907118511,0.0042807205663418
2023-06-07,601607SS,-0.016337340311402618,-0.009317995873248707,-0.0039188906608819225,0.0004336954341843193,16.29005200751937,0.0042578072083307
2023-06-08,601607SS,0.005188138687365391,-0.012848086244844174,-0.02071922365535841,-0.013967890212766412,16.618030949815125,0.00591051668868
2023-06-09,601607SS,-0.01871666343412327,0.03306771050090667,0.0022245525866895653,0.019587057709143683,17.740512649466996,0.0181598841606853
2023-06-12,601607SS,0.019147715724826313,-0.030055110042244045,-0.04499733180832659,-0.04857466229111314,17.5485951812039,0.0149887140597856
2023-06-13,601607SS,-0.045863380868116164,-0.0398912457064381,0.008333471236843934,-0.01000461089106845,16.52097381581234,0.0053638184218281
2023-06-14,601607SS,-0.01271600591835432,0.004907289932837916,0.007349499416490326,0.0176674725042587,16.368799426161914,0.0046066536909774
2023-06-15,601607SS,0.013618034186302842,-0.009389721806691894,-0.005507188095184678,-0.009021317680810777,16.520793667530768,0.005362852226124
2023-06-16,601607SS,-0.003613248202814902,1.216936772801668e-07,-0.00046018805646327475,-0.015525311544976833,16.291317345981064,0.0042631981859939
2023-06-19,601607SS,-0.017344225113735626,-0.01721847971318624,-0.01624541763077395,-0.015770341423658275,16.43133486462691,0.0049039311360464
2023-06-20,601607SS,-0.015309956792646533,-0.014269480844989706,-0.014612615155959607,-0.013176591687043264,16.3895702134283,0.0047033381524522
2023-06-21,601607SS,-0.013176638872973568,-0.021556590566000875,-0.020144605391137847,-0.0200964082895694,16.073211876902143,0.0034277845096223
2023-06-26,601607SS,-0.024455750970869997,-0.012872621077311045,-0.01661001708876091,0.00048326504728233384,16.2074360470096,0.0039201829364185
2023-06-27,601607SS,0.008218567722347287,0.020423428634820787,0.019512890771937404,0.017716478312048926,16.18616169307159,0.0038376644455766
2023-06-28,601607SS,0.015763391358079165,0.006560437465538846,0.010571898439961267,0.01320153693447316,16.33614118945976,0.0044586386038519
2023-06-29,601607SS,0.012715028690417947,0.01988504103763247,0.016591986538999095,0.00885993533871343,15.857400922040433,0.0027624090876884
2023-06-30,601607SS,0.006064833404521661,0.04038232726742354,0.009358936048880743,0.03959557364561103,17.004525058435718,0.0086991679385028
2023-07-03,601607SS,0.03832583436414827,-0.01506456739967421,0.022565964068041403,-0.013025097383299109,16.13922954858354,0.0036617157264348
2023-07-04,601607SS,-0.015336381313296284,-0.011675076318729228,-0.030046188101787538,-0.031223887682458706,16.537030631634376,0.0054506394412951
2023-07-05,601607SS,-0.022989474308091194,-0.024692523445306515,-0.0014086803919364892,0.00046636374690149705,15.972097845943411,0.0030981343100108
2023-07-06,601607SS,-0.0027945672532193803,-0.006036745673298402,-0.009917476640029784,-0.013139585423260734,15.71594698736352,0.0023980339220262
2023-07-07,601607SS,-0.01267330847238677,0.01065567968482356,0.004734839307420974,0.016862218407099158,15.807619898468632,0.0026282602533448
2023-07-10,601607SS,0.016862246027808742,-0.0009221135474115333,0.007060487742621302,-0.00512228317767598,15.20010497499762,0.0014316205998321
2023-07-11,601607SS,-0.00605637461948288,-0.00601434505411571,-0.00564430287073662,0.0037279309993755215,15.157646636171236,0.0013721086806871
2023-07-12,601607SS,0.006520748287393813,-0.00046412865702196376,-0.009478841684574616,-0.022102974510569334,15.808086848341238,0.0026294878058831
2023-07-13,601607SS,-0.01685433863215139,-0.012614042480378767,-0.004294910562501105,0.0033230572135295156,16.277016449941407,0.0042026645014475
2023-07-14,601607SS,-0.003784245161549524,-0.0037682023909838373,0.004771070466911839,-0.00047400597615578825,15.311331967675912,0.0016000487671058
2023-07-17,601607SS,-0.0037987396397474956,-0.0018895783325271222,-0.019707499742300783,0.002367881539517201,15.986300008190907,0.0031424484547247
2023-07-18,601607SS,0.006165481754208013,0.007067130965381218,0.018278468360266944,0.002834247620115321,15.975228472323545,0.0031078486101214
2023-07-19,601607SS,3.632545487267947e-08,-0.004234275159471383,-0.013435807695344517,-0.017126957133179493,16.01697679340285,0.003240342543029
2023-07-20,601607SS,-0.008851397033747389,-0.010211179008284216,0.001288209602738427,-0.003466228784616876,15.880429403944643,0.0028267613067225
2023-07-21,601607SS,-0.009380454200701062,0.005383005264097707,-0.0004971120087090954,0.011834487315369853,15.858294468986774,0.0027648785333321
2023-07-24,601607SS,0.01281438942531967,-0.00048816467393886806,0.0034748044998256463,-0.0044215242667968,16.004512085172045,0.0032002032958936
2023-07-25,601607SS,0.0014680532938636099,0.012615363916304283,0.009861906537422763,0.019985984925286884,16.01339780457559,0.0032287661202887
2023-07-26,601607SS,0.011667656571283068,0.016260587086131303,0.0092797610114275,0.002891693260476605,15.945945905439428,0.0030181623453605
2023-07-27,601607SS,0.010098523703783597,-0.008575678780314568,-0.004873422144731147,-0.014542340340126633,15.87572315276185,0.0028134891119302
2023-07-28,601607SS,-0.023724136273678528,-0.006239445691620747,-0.005388109369582995,0.009718321677039173,16.186384101065443,0.0038385180678295
2023-07-31,601607SS,0.00926624497510087,0.0014434101070501502,-0.015342985952324303,-0.027949710254830475,16.74937801285054,0.0067401374929972
2023-08-01,601607SS,-0.022086899781355286,-0.022855401069075354,-0.005000009051347155,-0.000497475020650464,16.297510487330655,0.0042896827037113
2023-08-02,601607SS,-0.005473926064728305,-0.011875415970616324,-0.01872052687780797,-0.02213370559113677,16.609761207342284,0.0058618397849594
2023-08-03,601607SS,-0.021690699578488022,-0.006492010416434066,-0.00409421664572723,0.014141635349650943,16.454225114553857,0.0050174779532711
2023-08-04,601607SS,0.017189515963874514,0.006491967125029643,0.019299699161950394,0.0020039647105743958,16.089078187166674,0.0034826045537472
2023-08-07,601607SS,0.0015026345012232871,-0.002491798750037213,-0.03950230305206739,-0.03878031672237809,16.913525600769887,0.0079424986742432
2023-08-08,601607SS,-0.041907073395917635,-0.02577862952001527,0.0015684762795307471,0.010866823613755312,16.253624210416824,0.0041054956873211
2023-08-09,601607SS,0.012448405590524644,0.000512037185025355,0.009360582615980035,-0.0005146885404970119,15.858773863460335,0.0027662043187546
2023-08-10,601607SS,0.0010303286146000233,-0.0025622834640399955,-0.004669368963810912,-0.0046452692897976725,15.650187903816445,0.0022454144373394
2023-08-11,601607SS,-0.004645160152497912,0.002562209058715961,0.0025968063667554733,-0.002589947110540058,15.931550748381376,0.0029750266367428
2023-08-14,601607SS,-0.010923317819416094,-0.0056453944351842296,-0.016736856319534747,0.006204741546791964,15.816625761914603,0.0026520369134914
2023-08-15,601607SS,0.014538067965643069,0.01633518532732321,0.013099453657966215,0.013821562949732108,16.396246570939397,0.0047348443782315
2023-08-16,601607SS,0.012804264282889314,0.003538013944076571,0.01652084271224741,-0.0020356789571559925,15.847823410709964,0.0027360783725526
2023-08-17,601607SS,-0.004079558883436049,-0.006072844827950294,-0.007194348065480416,-0.0020397315855634536,15.734508661881327,0.0024429611259809
2023-08-18,601607SS,-1.0670201668089212e-08,-0.00508909944282203,-0.008285912651090481,-0.0175081896819283,15.646866791424412,0.0022379695319624
2023-08-21,601607SS,-0.01908747568988709,-0.01646128954854936,-0.014140115902586382,-0.015179640840354856,15.998706638911921,0.0031816785099099
2023-08-22,601607SS,-0.012051496658693744,-0.011476380229609841,-0.019169772950348007,-0.008474544924611652,16.36789577770763,0.0046024927754517
2023-08-23,601607SS,-0.009001947761014555,-0.004733151720209706,0.0005374729583469817,-0.008547082005253547,15.899572160707155,0.0028813945649618
2023-08-24,601607SS,-0.008546977867659376,-0.009533810727884307,7.487309536290489e-08,-0.0016105981890405514,15.731194314846608,0.0024348777068565
2023-08-25,601607SS,-0.004840028588630128,-0.0037324277798890166,-0.007010062008349801,0.0,15.763290814421033,0.0025142964841335
2023-08-28,601607SS,0.04994462084395676,0.045937054528436126,0.019823795887251573,0.02494146176926736,16.565621346214105,0.0056087262671646
2023-08-29,601607SS,-0.027028682619217655,-0.012837132622309837,0.005291051544865584,0.010946226244286131,16.052831960282198,0.0033586335783436
2023-08-30,601607SS,0.006826003757879654,-0.01195750504336335,-0.07731995001810373,-0.08828470521296429,17.960822563156785,0.0226356231737001
2023-08-31,601607SS,-0.08515778712072646,-0.06314469744756528,-0.0017117831405529082,0.012380632903644691,16.96625776634099,0.0083725633168157
2023-09-01,601607SS,0.0191879507600304,-0.0022309560891050602,0.013049798406016146,-0.00223959330752394,15.987229161465972,0.00314536962823
2023-09-04,601607SS,-0.01237366365933974,-0.0039161627528609706,-0.022229526504757905,-0.002806673469161745,16.889146853833783,0.0077512116431132
2023-09-05,601607SS,0.004517244697230522,0.005589770119872804,0.010891530186102946,-0.010169576548166156,16.843813936875947,0.0074076722458126
2023-09-06,601607SS,-0.008486560333340033,-0.01629709276389503,-0.0028547313269442556,0.0017020906802911026,15.856705302081041,0.0027604881687339
2023-09-07,601607SS,-2.1302641544512215e-08,-0.0017011149313078313,-0.007460552856008502,-0.0142737440125137,16.28952358714118,0.004255557890391
2023-09-08,601607SS,-0.01200365996390772,0.0050947024478857,-0.0023068883899930166,0.015406863753429785,16.424450595125645,0.004870287090236
2023-09-11,601607SS,0.015406848989126223,0.013460713060606366,0.019440256743029953,0.010701298782965097,16.456291971920198,0.0050278590897489
2023-09-12,601607SS,0.012939674044070313,0.007769147580114713,0.010140946345351556,0.007256471163227831,16.330599278504813,0.0044339975660271
2023-09-13,601607SS,0.0005588811811723772,-0.001106167077193643,-0.003931414728623648,-0.00837752293845015,15.778716132285199,0.0025533809825633
2023-09-14,601607SS,-0.004479271172045364,-0.006662914831419353,-0.0011261365593039571,0.004476795403140152,15.887441843136706,0.0028466534657731
2023-09-15,601607SS,0.005037871668876815,0.003337083491742616,0.001126221038769944,-0.003916002814762343,16.293426076645456,0.0042721976088377
2023-09-18,601607SS,-0.00335572824808787,-0.0005554642919690351,-0.0022536239511862246,0.0011204236259038025,16.26948254361335,0.0041711209901938
2023-09-19,601607SS,0.0005600702938492206,-0.0022247557302446227,0.003940310436527021,0.005026538083083667,15.897510199913848,0.0028754593627795
2023-09-20,601607SS,0.0022370072322127734,0.001112917004962015,-0.0016868211900011537,-0.0055867025221430205,15.81336276948304,0.0026433974388802
2023-09-21,601607SS,-0.004479226719173193,-0.005018080280976184,-0.003382207928618214,-0.006181505717908117,15.980700460614697,0.0031249013368987
2023-09-22,601607SS,-0.006756716461169564,0.002791028768355373,-0.00793650949705006,0.009537249345826046,16.24048149962197,0.0040518913647667
2023-09-25,601607SS,0.011794456373566919,0.01383906699459604,0.01804891007820511,0.0039007275353098634,16.425202852992395,0.0048739521806564
2023-09-26,601607SS,0.0077865034535021665,-0.000549847858664507,-0.0005590720996951424,-0.003900727535309937,16.076054371745833,0.003437541831434
2023-09-27,601607SS,-0.005555445728249421,0.0010995698114679934,0.0016765240891890177,0.011105137389513504,16.270431942921817,0.0041750829303519
2023-09-28,601607SS,0.009977787358241974,0.003291218018049275,0.00889384648181159,-0.0016579885344258079,16.25829236837033,0.0041247055938949
2023-10-09,601607SS,-0.0027616863391707568,-0.004390840772152587,-0.012810010617015687,-0.001106890933097672,16.4014700336225,0.0047596413697228
2023-10-10,601607SS,0.0016580111322534868,-0.0011006844862449967,-0.0044943289747776,-0.01562519343409818,16.47263946565343,0.0051107274904264
2023-10-11,601607SS,-0.017265869446499753,-0.003862035213585297,0.0016878244042707318,0.006726444545821877,16.37475544505961,0.0046341728806064
2023-10-12,601607SS,0.011173342653069991,0.006062327353541473,0.007838750689843804,0.0072363829563508635,16.21510810833842,0.0039503744907148
2023-10-13,601607SS,-0.0011117577521089668,-3.4398146612533213e-09,-0.0011161005243395673,0.007184286032190347,16.28630163347081,0.0042418687436121
2023-10-16,601607SS,0.011062059275585193,0.005479339477971287,-0.008410499777625787,-0.02058485430617912,16.646985097057307,0.0060841522743588
2023-10-17,601607SS,-0.02450012545680632,-0.024897472460733473,-0.010755849522189064,-0.0028145730619019847,16.032996916428676,0.0032926712721455
2023-10-18,601607SS,-0.0016925658603850508,-0.007874131477472662,-0.016643083697737773,-0.024537627624054825,16.322040562139374,0.0043962101718858
2023-10-19,601607SS,-0.02689717039938492,-0.023422964955537515,-0.013399666389480572,-0.014547849836187877,15.976816493193763,0.0031127878599229
2023-10-20,601607SS,-0.012255680501550827,-0.012212914883764546,-0.010020683068719472,-0.005878897913243279,16.094303447877614,0.0035008496986737
2023-10-23,601607SS,-0.007662889275113444,0.001169663882712911,-0.004750552091653835,-0.0035439306629482187,15.935210615440043,0.0029859347890592
2023-10-24,601607SS,0.0017735453918711098,-0.003513034016030122,-0.0023838017078371175,-0.0035566509036935607,16.08128881406014,0.0034555826232802
2023-10-25,601607SS,0.002948992105351802,-0.0011735716360607633,0.004761961516774446,0.006510913314342401,16.170770071152386,0.0037790488118714
2023-10-26,601607SS,-0.007092283377418903,0.004101832594350815,-0.0017832204530070378,0.007640186827851198,15.896097568344272,0.0028714002652798
2023-10-27,601607SS,0.010032692606020738,0.04012007500602064,0.008883807118433855,0.03396025314228446,16.516474846514036,0.0053397409682879
2023-10-30,601607SS,0.03915287644005979,0.015607947643138111,0.043271835052225205,0.011814443494237443,16.859060332327832,0.0075214779102723
2023-10-31,601607SS,0.008993925042307194,0.0011055576101765116,0.007874078504215985,0.008354301497302954,16.46074895961992,0.005050318210299
2023-11-01,601607SS,0.008913646790810414,0.0016559667562177946,0.0016791408385524811,0.0011085148387273668,15.970917042987663,0.0030944781824448
2023-11-02,601607SS,-0.0016653331645239734,0.0038536417635397172,0.006689019325825256,0.0027663010747166275,16.119744490874368,0.0035910576015605
2023-11-03,601607SS,0.0027739285056404325,-0.00164970550449307,-0.00836818440863396,-0.010552707903508724,16.235065556113682,0.004030005866898
2023-11-06,601607SS,-0.003329651162089179,0.0049409572034186215,0.00781246175218526,0.010552707903508856,16.255600700639935,0.0041136181844906
2023-11-07,601607SS,0.007752076092387731,-0.0043906493106375686,-0.0005558988007378514,-0.0005525186502133892,15.893455104706105,0.0028638227096577
2023-11-08,601607SS,-0.00220867063486175,0.003294866562159877,0.002777071714854866,0.0,15.84264236780636,0.0027219392904828
2023-11-09,601607SS,0.004962723305476126,0.007101898426122532,0.003322158155339836,0.0016569646999381577,15.92966821114251,0.0029694313059993
2023-11-10,601607SS,-0.004962757957337645,-0.00545850973042499,-0.006655605521116633,0.0038557146960537187,16.038479877135554,0.0033107744454583
2023-11-13,601607SS,0.00551268054007819,0.0016405892035207693,0.0033333792061403093,-0.001650690627032317,15.921286047433437,0.0029446450699333
2023-11-14,601607SS,-0.0016507372930273968,-0.005479462327965058,-0.002777151888625379,-0.0077391673612194345,15.897175999943682,0.002874498544788
2023-11-15,601607SS,-0.0016532964420970851,-0.002200181380131387,0.0011118441639318105,0.002770899983960893,15.900119227018692,0.0028829713103074
2023-11-16,601607SS,-0.0033149712620292554,-0.003309485923913059,-0.00948941080071866,-0.007777863578800749,15.732344783887443,0.0024376805706838
2023-11-17,601607SS,-0.00833566039723511,-0.0038748685346195622,-0.000561007164775239,0.00445188277313047,15.658184758267163,0.0022634426811895
2023-11-20,601607SS,0.004454464689829274,0.006082454339464698,0.004479405216276244,-0.005009641494279368,16.18786356868599,0.0038442012345461
2023-11-21,601607SS,-0.009489424005266353,-0.0011031578153111333,-0.008415269319312205,0.004454252386719815,16.53312672563212,0.0054294021370565
2023-11-22,601607SS,0.0067076737817728105,-0.004424837605832957,0.004496855614638534,-0.008368284359684574,16.01650590588962,0.0032388170652105
2023-11-23,601607SS,-0.005026391907132131,-0.003887746891345556,-0.0011222043727313273,0.006143638209815097,15.69563264362439,0.0023498108972523
2023-11-24,601607SS,0.005583347851196244,0.024190269947487172,0.005040569795998194,0.015469905775322897,16.63879976141259,0.0060345547062345
2023-11-27,601607SS,0.020937487540936394,-0.0032643673767414547,-0.008415151323317008,-0.024418533370758062,16.628835671060422,0.0059747244265012
2023-11-28,601607SS,-0.031010176309964676,-0.017592489856830054,-0.017619036684457495,0.008948627595435018,16.322696259640374,0.0043990937014026
2023-11-29,601607SS,0.00784296209238063,-0.0016654984096989155,0.01536276998869752,-0.012889098637758294,15.770009998925136,0.0025312473928849
2023-11-30,601607SS,-0.010659136529598524,-0.0005555416493105652,1.8100713821644087e-07,0.01288909863775839,15.943515095155554,0.0030108346741189
2023-12-01,601607SS,0.00954254104086621,-5.622716284104958e-08,0.0033822116006349445,-0.0011141817255574478,15.86673084998016,0.0027883027740438
2023-12-04,601607SS,0.0027895009259758475,0.0022210750826588293,0.003370794692697058,-0.005589715671102061,15.90096237668929,0.0028854031119627
2023-12-05,601607SS,-0.006147077633086176,-0.007236439663378766,-0.00788294513479205,-0.008443653243704151,15.920559172037416,0.0029425054573314
2023-12-06,601607SS,-0.008443577447597588,-0.010106765212461498,-0.013659826095700713,-0.01022735909634164,16.00634565486549,0.0032060764751234
2023-12-07,601607SS,-0.010227413840054546,-0.010209902134421424,-0.004019655667767382,-0.0017148501775280929,15.804785842157534,0.0026208221597371
2023-12-08,601607SS,-0.0022869779861536257,-0.0034265985596412902,-0.004613517605351722,-0.004587063201200377,15.957250966189157,0.0030524764541656
2023-12-11,601607SS,-0.008046091895396073,0.005704437498889061,-0.00696062946243457,0.00972259415413973,15.698652199435772,0.0023569170067331
2023-12-12,601607SS,0.010333027977149621,0.007367480115013612,0.015593725983342523,-0.0017088777562977516,15.36068745741852,0.0016810012680273
2023-12-13,601607SS,0.0005709522670554083,0.002819350352276033,0.0017176516696421065,0.0,15.761785497618263,0.0025105145180917
2023-12-14,601607SS,0.0011409694086688656,-0.0005631926256900181,-0.0017176097652421324,-0.0034266531966415433,15.652387104624024,0.0022503579893111
2023-12-15,601607SS,-0.002283170195966086,-0.013613368537029035,-0.018508441010749336,-0.01964247846453622,16.02802465264283,0.00327633987589
2023-12-18,601607SS,-0.05039150153234522,-0.03132513990159233,-0.048439951823694774,-0.02241978816564334,16.616136354816838,0.0058993292538206
2023-12-19,601607SS,0.0035993158997648634,-0.005910142973513081,0.004279974185347535,-0.014423363402534315,16.298819765854425,0.0042953027719329
2023-12-20,601607SS,-0.002998403096583819,-0.0023737741396980005,0.013333773350524597,0.006636615433074929,15.925288633354699,0.0029564548854021
2023-12-21,601607SS,-0.0018034180593465188,-0.0035714650044853602,-0.005433229035416537,0.006592744182090536,15.797369590052867,0.0026014573750392
2023-12-22,601607SS,0.005998791133228261,0.0017873023311314642,0.002418385371440342,-0.006592744182090564,15.782851000544742,0.0025639607358945
2023-12-25,601607SS,-0.005998803946617725,-0.008368290696459951,-0.007272771874037165,-0.006031366647593066,15.927153523587975,0.0029619734941119
2023-12-26,601607SS,-0.0072464437953482525,-0.004813467253366698,-0.017178363241851742,-0.021401007659834125,16.4023470955298,0.004763817701358
2023-12-27,601607SS,-0.01773214839755004,-0.01091588029520922,-0.0018582503022905102,0.012895378265401523,16.077615993667322,0.0034429141663601
2023-12-28,601607SS,0.011043124330902434,0.016929151739550993,0.006796528614899118,0.013333652937604476,16.576734697267685,0.0056714056590539
2023-12-29,601607SS,0.010922480589007355,0.00418786612894033,0.017094498247050068,0.007198550350029605,15.88035837741595,0.002826560538784
2024-01-02,601607SS,0.011997795694733929,0.02126487088937793,0.006636452521450104,0.010110117304106582,16.275915989344867,0.0041980421781774
2024-01-03,601607SS,0.007722001698069862,0.008149025373968678,0.013142442170629555,0.010008925044507337,16.126203691777448,0.0036143280396908
2024-01-04,601607SS,0.011764798161196709,-0.008733745959317618,0.002962831620596952,-0.0005860964683157506,15.761154957425578,0.0025089320365192
2024-01-05,601607SS,-0.0029283566617220903,-0.0005850095880756145,-0.01070806259489437,-0.01714493745444674,15.95285832408178,0.0030390974221488
2024-01-08,601607SS,-0.01655846509575498,-0.017114574304950496,-0.00539723309454246,-0.007181318861451443,15.973706323732925,0.0031031216007119
2024-01-09,601607SS,-0.008383403917698198,-0.0029806262508816684,-0.007242014470354561,-0.004213091935581589,15.534216959969157,0.0019995439814406
2024-01-10,601607SS,-0.003011094128085233,-0.008393294393703652,-0.006684956719319148,-0.00787161800876739,15.71291795154432,0.0023907811802474
2024-01-11,601607SS,-0.008479667363251573,-0.00664452383565565,-0.014742212290131142,-0.00916040695502101,16.30708799184849,0.0043309645355253
2024-01-12,601607SS,-0.009165938400010004,4.897526372446861e-09,0.004938281886719546,0.0012262747273762478,15.681986730698188,0.0023179633659775
2024-01-15,601607SS,0.0006135704156960016,-0.004860284011013962,-0.004319654107731366,-0.003683224415590657,16.027322991022473,0.0032740418000224
2024-01-16,601607SS,-0.003687810963836123,-0.004272258592986436,-7.059704481512188e-08,0.00551973188166109,15.908903450385157,0.0029084075325744
2024-01-17,601607SS,0.004914021200241009,0.004881040952333782,-0.0037174322282713277,-0.013547069563377333,15.905866322239984,0.0028995877253327
2024-01-18,601607SS,-0.01917780849632329,-0.02028967390395126,-0.04702270393527542,-0.014361773838050117,16.804091320312786,0.0071191877194221
2024-01-19,601607SS,-0.010675140157535398,0.001241498583830946,0.02315214299201421,0.0012571051021051313,16.270874418715852,0.0041769307124145
2024-01-22,601607SS,0.002522103399421888,-0.008097240215125328,-0.021202166926871158,-0.025446604565236834,16.229138243001394,0.0040061894116778
2024-01-23,601607SS,-0.022286849098474875,-0.01005664949754868,-0.0026007853201258043,0.01661374820650789,16.20847158646765,0.0039242445435174
2024-01-24,601607SS,0.017869044824193468,0.013801919995316514,0.0155042203686971,0.013845410771833381,16.052109469132148,0.0033562078714294
2024-01-25,601607SS,0.013819331486604849,0.0516047971087157,0.025942602388840667,0.051168295428154695,16.98745350483879,0.0085519200717138
2024-01-26,601607SS,0.04154533071354909,0.0100089719235194,0.04039721238654727,0.006510913314342401,16.638112030044297,0.0060304059801908
2024-01-29,601607SS,0.012488998362975966,0.00700525902814658,0.008957862555664702,0.004121198697137491,16.56156830072729,0.0055860398486269
2024-01-30,601607SS,-0.0005911256866162615,0.009264757030514551,-0.004170299016500333,-0.001764148714981336,16.746668043056374,0.0067218966502408
2024-01-31,601607SS,-6.607512780989885e-09,-0.011594383618292655,-0.002989499770882714,-0.002357049982156206,16.855458501003927,0.0074944355444973
2024-02-01,601607SS,-0.004742149269948315,0.0005829347464392486,0.005970076835951453,-0.007699241488951732,16.48363149094741,0.0051672146254693
2024-02-02,601607SS,-0.0005943835450512891,-0.006430942462129258,-0.03451750395116011,-0.00476760128932144,16.602327514597658,0.0058184262278554
2024-02-05,601607SS,-0.006561388973849251,0.008759228803223332,0.003690085103254792,0.013645947004453663,16.742970200595796,0.0066970860352108
2024-02-06,601607SS,0.015439784815176947,0.022989529391642213,0.03557799448390906,0.03417655285931974,16.83856277015072,0.0073688752757518
2024-02-07,601607SS,0.03701989285418404,0.0022700667302082878,0.01936109204636452,0.0005693015067143402,16.789305252834364,0.0070146973287951
2024-02-08,601607SS,-0.0005679987625844862,0.002830557069661487,-0.0029094371719126733,0.001706073575036642,16.85856229569082,0.0075177328711907
2024-02-19,601607SS,6.3928673261707816e-09,6.3928673261707816e-09,0.015037897029151481,0.002270098652561209,16.394818868917888,0.0047280892541289
2024-02-20,601607SS,-0.002275335244650446,0.014590649756586506,0.004581935805641632,0.009029429138260943,16.248615011966546,0.0040849818646894
2024-02-21,601607SS,0.012450635361658986,0.0011134295975174483,0.009101230056619817,0.0016839376103976954,16.34420200882329,0.0044947241312002
2024-02-22,601607SS,1.0568297922339598e-07,1.0568297922339598e-07,0.005646669598990974,0.0072646899850374955,16.017302024502325,0.0032413965747062
2024-02-23,601607SS,0.01007266826566088,0.0044419049982241865,0.00673389742912013,0.0016689484138323813,16.088023378913714,0.0034789330100717
2024-02-26,601607SS,0.0055524097448546575,0.0005537791322215849,-0.00955341948368282,-0.01230446408722504,16.11640802772297,0.0035790961345953
2024-02-27,601607SS,-0.01731391202123827,-0.003327670046498346,-0.000564626940652859,0.01007857998572049,15.988123061133482,0.0031481825304543
2024-02-28,601607SS,0.011761547070560338,0.009400179804654296,0.005633782846408174,-0.008391691907763076,16.427684459046347,0.0048860624310046
2024-02-29,601607SS,-0.01458229427884396,-0.0022038731943885195,-0.00563369681697341,0.01836959897631591,16.174209880939113,0.0037920704052547
2024-03-01,601607SS,0.024003310499745134,0.00987936574834072,0.016807089918913755,0.004402879692899026,16.097005202776682,0.003510320926173
2024-03-04,601607SS,0.004951788723644709,0.01463831281576172,0.01159899862246536,0.013635249071258753,16.479552931275357,0.0051461827498535
2024-03-05,601607SS,0.008743150272963336,0.01177103312557945,0.006022432275492637,0.01077594091343309,16.563093923401812,0.0055945685423577
2024-03-06,601607SS,0.015119149218930957,0.0005318189111073698,0.008695732099262495,-0.005373455414124352,16.106684086022444,0.0035444618726311
2024-03-07,601607SS,-0.005373509440053254,-0.006935186564517027,-0.01088145863563428,-0.013561389846042675,16.09405866339888,0.0034999928497932
2024-03-08,601607SS,-0.011379094412547428,-0.01022340723564749,8.881730866853498e-09,0.0021822746519698285,15.593305982154334,0.0021212556005076
2024-03-11,601607SS,-0.0016362585461249047,-0.0021656270270062204,-0.012661966922814715,-0.009307495598363032,16.071364251078588,0.0034214570929316
2024-03-12,601607SS,-0.006022375536825472,-0.006525230561245666,0.0027664404243326166,-0.002754003471030682,16.16020823630784,0.0037393451594597
2024-03-13,601607SS,-0.004954597934132022,-0.009868619396958968,-0.01840039282125292,-0.014444703743237494,16.155655466353455,0.0037223594748332
2024-03-14,601607SS,-0.006644600840315364,-1.1806338865189572e-08,-0.01817198736348144,-0.019209649838050742,17.0093938962844,0.008741626055328
2024-03-15,601607SS,-0.027599592014784048,-0.02567099481961967,-0.008633228454580425,0.002279153239113338,16.702127999447974,0.0064290726682651
2024-03-18,601607SS,0.003420709660717583,-0.004532596993904783,0.0017326261220128026,-0.00456362468569121,16.75861844108901,0.006802707896577
2024-03-19,601607SS,-0.0034206640788444756,0.002268865980571215,0.0023055906247933457,-0.006309143012364148,16.46423005810662,0.0050679295021625
2024-03-20,601607SS,-0.00802752159566685,-0.009106476616751973,-0.002305520037557162,0.0022989134595618973,16.06942501964455,0.0034148285243331
2024-03-21,601607SS,0.004595038050448809,0.0057012657287655,0.0040310592205150845,0.0005738754852217518,16.17419097213768,0.0037919987024196
2024-03-22,601607SS,-0.000573281130877819,-0.008564156185146112,-0.020906647032023735,-0.019114429088181874,16.62661674132589,0.0059614816298712
2024-03-25,601607SS,-0.024377299062542317,-0.010954305626034173,-0.00470599874710827,0.0,16.262683148980546,0.0041428560910789
2024-03-26,601607SS,0.004689257187621183,-0.005814070696856077,-0.002952501083534811,-0.005865220348872327,16.12907545172545,0.0036247224411931
2024-03-27,601607SS,-0.0058650464172055215,0.0023297944372291414,0.004719863668683286,0.0029369102694901113,16.220638250015888,0.0039722811409199
2024-03-28,601607SS,0.001175805984644608,-0.0005819161431392492,-0.0029472014619473345,0.0,15.925257225258816,0.0029563620302305
2024-03-29,601607SS,-0.021378545470349272,-0.01524959864161485,-0.03422730110998897,-0.007062967820806923,16.537610793450888,0.0054538026118692
2024-04-01,601607SS,0.014302970621563495,0.04223940192358293,0.030678995645069564,0.03994745281130836,17.134500640915146,0.0099066175114476
2024-04-02,601607SS,0.041153403867960674,0.0028289669747443057,0.020522630579146547,-0.018328164677109952,16.42855064090583,0.0048902964834222
2024-04-03,601607SS,-0.022395482280150616,-0.013079582079369672,-0.005237130649515895,0.004613629909389132,16.611131246391462,0.0058698762387267
2024-04-08,601607SS,-0.010507897506474517,-0.01557567017642197,-0.024211403434043915,-0.03751903367243237,17.004416828643897,0.0086982264802769
2024-04-09,601607SS,-0.017165311007807056,-0.01641306363875949,-0.0035927804470467107,0.010104108348796093,16.146233930171494,0.0036874538176379
2024-04-10,601607SS,0.009506836231044353,0.004128504140263685,-0.0006001331445037699,-0.008910104561427283,16.044477097481273,0.0033306895494161
2024-04-11,601607SS,-0.01729825084106605,-0.008274179651554216,-0.0036078461139573002,0.0011926963723604299,15.910557696422499,0.0029132227364711
2024-04-12,601607SS,0.009580829162373218,0.0011861939929764156,0.005406978455335343,-0.0035822482447563824,15.942793599688276,0.0030086631537554
2024-04-15,601607SS,-0.0041803320113568175,0.033802868194990336,0.0005991175653651302,0.03525644105526233,16.778564824110365,0.006939759620203
2024-04-16,601607SS,0.03469909774182648,0.018171903713895057,0.03298286196515346,0.011481154278620904,16.97900097980892,0.0084799393880446
2024-04-17,601607SS,0.007486400565468177,-0.009044729831475064,0.002892620347536033,0.0028497541216316287,16.36002413542306,0.0045664058140467
2024-04-18,601607SS,0.008569020714026708,0.006791146937425576,0.009200756343521667,-0.005135530952939268,16.462984156930418,0.0050616192941522
2024-04-19,601607SS,-0.0045610270405743655,0.008424608488027275,-0.0005726069187723855,0.017579189048412196,16.613201808767393,0.0058820427758005
2024-04-22,601607SS,0.01587346975016117,0.011123709910745806,0.013087122360632213,0.0005619432703861111,16.28375846825772,0.0042310946755975
2024-04-23,601607SS,-0.004509623094106536,-0.014484982900107015,-0.010798694505100908,-0.011299527790822198,16.06925734062988,0.0034142559771942
2024-04-24,601607SS,-0.005097779578102922,-0.003935943057657485,-0.001143590951816139,0.008486538141018758,16.08348308795329,0.0034631734439268
2024-04-25,601607SS,0.007918514886702515,0.006178049833912384,0.01250729477693563,0.003374507526519811,15.908298390365943,0.0029066483035132
2024-04-26,601607SS,0.0011261612331938094,0.0011191224133863475,-0.0039627246489214825,0.0022434715089038213,16.03395277406747,0.0032958201021525
2024-04-29,601607SS,0.00952123120157754,0.016089176527466612,0.013521440056256214,0.01169600154990806,16.646813136493723,0.0060831061299935
2024-04-30,601607SS,0.0038944225330542074,0.002748104574813798,0.0022359684546644685,-0.007781969576943354,16.1308953837538,0.0036313251967709
2024-05-06,601607SS,0.008294197744641723,4.870373426021612e-09,0.0022309547553343795,0.009441900908248447,16.63622630788041,0.0060190450244702
2024-05-07,601607SS,-0.004415072508267013,-0.0044005015869527,-0.0061470802146508675,-0.001106278608298894,16.242801424629057,0.0040613023618845
2024-05-08,601607SS,-0.0011069221783274743,0.0005510388013399291,0.007816778027236864,-0.0027708999839609204,15.87055079461957,0.0027989743070041
2024-05-09,601607SS,-0.0016622800198343869,0.0027512594082375916,-0.002226954085140168,0.00828977212267747,16.070901207948403,0.0034198731773024
2024-05-10,601607SS,0.007734746923245063,0.004932812071438335,0.006666567632788986,-0.003307645394199526,16.086028243796953,0.0034719989873953
2024-05-13,601607SS,-0.008289661709653355,0.003275030144219118,-0.003327813207335575,0.008248529417684275,16.53834572086849,0.0054578122344126
2024-05-14,601607SS,0.011586317322137123,0.036387153426508854,0.00829881312238492,0.0318000777550219,17.167173028201592,0.0102356360090812
2024-05-15,601607SS,0.03344443145735086,-0.0026308874204310976,0.023415250492531063,-0.012813769773691853,16.41097464598447,0.0048050955895161
2024-05-16,601607SS,-0.011203213707851633,-0.014327733800060352,-0.008105997129051358,-0.008092980061591948,16.146039752213348,0.0036867378648286
2024-05-17,601607SS,-0.006998637562548776,-0.008049392770084391,-0.0070787700836805285,0.0,16.053917491549328,0.0033622814600835
2024-05-20,601607SS,-0.0027049265103309215,3.296087504125494e-08,0.004362086071579762,0.0016238865017185495,16.19076685574166,0.0038553782724944
2024-05-21,601607SS,-9.363897795918986e-08,-0.005402612742868446,-0.010941059370697382,-0.011969731213931066,16.117695470896958,0.0035837069854118
2024-05-22,601607SS,-0.014184506225102003,-0.008705124070907054,-0.008284992985047323,-0.012668792809162362,16.148031081295724,0.0036940866884065
2024-05-23,601607SS,-0.011049793386778375,-0.009884586506996867,-0.00947338095659748,-0.00667406886051402,15.983373034823,0.0031332640385661
2024-05-24,601607SS,-3.951314820132223e-08,0.014790618983621474,0.0039116555017217605,0.019890152271260467,16.695587449550636,0.0063871602100156
2024-05-27,601607SS,0.014888585306641139,0.005422975350848253,0.015495486583405466,0.008172132409114316,16.105966894057158,0.0035419207241522
2024-05-28,601607SS,0.008176667224978357,0.0027006041998584645,0.0038367878265359286,-0.007625248080124115,15.926722168824082,0.0029606961081031
2024-05-29,601607SS,-0.009272018870869694,-0.0135761609902609,-0.011554579803364658,-0.01044261704178876,15.71281117653491,0.0023905259181542
2024-05-30,601607SS,-0.008253120681045134,-0.004383668995503276,-0.0005535692980622612,0.0,15.690267442338396,0.0023372374465888
2024-05-31,601607SS,0.002758645041259737,0.004930239388725744,0.0038685247549249675,0.00330947011874621,15.887589814409896,0.0028470747199298
2024-06-03,601607SS,-3.727685218924287e-08,0.016260545794734314,-0.0011037101560661755,0.012585603379328384,16.47900653064014,0.0051433716402001
2024-06-04,601607SS,0.013136537967297862,-0.0037704516414989375,0.0038578721715280084,0.005423099827070988,16.264124955801062,0.004148833597934
2024-06-05,601607SS,0.0016299810308748799,0.015528992077296,0.013114880922106515,0.0010810574190791178,16.125313142093475,0.0036111107334761
2024-06-06,601607SS,0.0054142857807048415,-0.006396486467808585,-0.001629962727678255,-0.003788825045876373,16.119039505387555,0.0035885268499928
2024-06-07,601607SS,0.0021573500925459003,0.00904974463993645,0.0021726882579055067,0.01827016869679465,16.46195453897339,0.0050564104416903
2024-06-11,601607SS,0.00751490527918801,0.005812404411777983,-0.0070787308805357685,-0.0032000367699012195,16.745902709184286,0.0067167541229015
2024-06-12,601607SS,-0.0016055936425125987,-0.00952893043270048,0.005992978176828689,-0.004819285426734186,16.158866028146424,0.0037343295461387
2024-06-13,601607SS,-0.008066632063984471,-0.009083614047139883,-0.014774500275605661,-0.025001177318303248,16.210362477183764,0.0039316718816999
2024-06-14,601607SS,-0.020180843725724637,-0.00430352112512139,-0.0022075811764855915,0.01691702535212598,16.623933918513256,0.0059455094648201
2024-06-17,601607SS,0.009868580440646065,0.01338714377390646,0.012627160786434428,0.010228982641821692,16.463936507546123,0.0050664420268466
2024-06-18,601607SS,0.019984498617264354,0.023134595734589754,0.015160037408948968,0.027471367856718505,16.96827307570342,0.0083894536366714
2024-06-19,601607SS,0.030544672839327443,0.005183977275465693,0.024941471272356387,0.004160081033897543,16.36517226794357,0.0045899748944855
2024-06-20,601607SS,-0.0005188479421150027,0.004127939550054561,-0.010537575081921472,-0.015163766444803281,16.366386501721067,0.0045955515824918
2024-06-21,601607SS,-0.011482435970019581,-0.014523103967683733,-0.0026517689609827644,0.0021053208092769457,16.133535441574757,0.0036409247723452
2024-06-24,601607SS,-0.004735612983826453,0.0031299646341537563,0.0,0.0,16.292093494905103,0.0042665083473802
2024-06-25,601607SS,-0.0005274029528917519,-0.0020854803937441083,-0.0053247728038888775,-0.008447697819614724,16.298778615993765,0.0042951260244442
2024-06-26,601607SS,-0.0037008213834840275,0.0015646074099426232,0.005324880740648529,0.017346062421243726,16.221104212940205,0.0039741325081243
2024-06-27,601607SS,0.016286180812391755,0.012943447884007926,0.008461133383320147,0.003121682113409206,16.447195420464364,0.004982330299007
2024-06-28,601607SS,2.6477706565349437e-08,-0.0067097312433116035,0.0026295911539059125,-0.007299244065047916,16.115345873783987,0.003575296601359
2024-07-01,601607SS,-0.004700911383264786,0.008765277373371428,-0.001576837465706195,0.014029844409001744,16.326133929909723,0.0044142423593917
2024-07-02,601607SS,0.013520692095932794,0.0035869064370102183,0.009945083975651199,-0.005173304615830402,15.979464763699099,0.0031210422903092
2024-07-03,601607SS,-0.0031040200521596215,-0.007186821144324732,-0.017866972260231817,-0.018848720198213566,16.1135374782553,0.0035688368929374
2024-07-04,601607SS,-0.0198855022099849,-0.022929655054952328,-0.012270183487327115,-0.011161489788568275,16.07465157595433,0.0034327230423955
2024-07-08,601607SS,0.01988549871298068,0.021382825396854484,0.02071795160752144,0.01800898015877613,16.15954791081964,0.0037368767893585
2024-07-09,601607SS,-0.01041667888272771,-0.005692034504248667,-0.006329156829972595,0.00627952198676975,15.98920672254421,0.0031515959439231
2024-07-10,601607SS,0.0026142273187871865,-0.005203058507066288,-0.007968262828549759,-0.017895335783033355,15.92494272611188,0.0029554324029724
2024-07-11,601607SS,-0.0131407468476934,-0.006279452537162557,-0.009646346508753536,0.005824824314791864,15.972680901532067,0.0030999412214574
2024-07-12,601607SS,0.005277106049508258,0.007322305091290244,0.01655578610070465,0.008412267834630003,16.073932769384626,0.0034302564648652
2024-07-15,601607SS,0.0021030398747187767,0.0010415328654884682,0.001058727209103289,0.005742515690271204,15.90787276715153,0.0029054114296063
2024-07-16,601607SS,0.006282727240553452,0.004155985366661363,0.010002783958076213,0.0036374357845759177,15.817353195116377,0.0026539667953004
2024-07-17,601607SS,0.0020854537411463666,0.026599858922408365,-1.004501814441555e-07,0.022057649467762824,16.64934165234993,0.0060985068234483
2024-07-18,601607SS,0.022657969750752936,0.0025208722698272044,0.02124983651052724,0.004050747833417801,16.421144128146896,0.0048542102390455
2024-07-19,601607SS,0.007608625733170825,0.018459030907892734,0.010711700850969738,0.019515315877488934,16.77765621300455,0.0069334569409904
2024-07-22,601607SS,0.01951520795900876,0.0020674142966572305,0.006733105288271755,0.002021157201936517,16.227231540913447,0.0039985580789293
2024-07-23,601607SS,-0.0025323022748640627,-0.0045419853053633545,-0.014508018218171088,-0.027118465247290877,16.55656255942065,0.0055581474457408
2024-07-24,601607SS,-0.030375624180512362,-0.009657076539065598,-0.002613023795719086,0.006204672201181204,16.12053028483062,0.0035938805421817
2024-07-25,601607SS,0.00884730458252922,-0.0025568653743762667,0.0072992583271315,-0.0015475378761607528,15.74492337122412,0.0024685368102623
2024-07-26,601607SS,0.003620505907450876,0.0071428977749678135,-0.0036429338249636244,0.01333348633281055,16.078927184440158,0.0034474314449766
2024-07-29,601607SS,0.013333377843526327,-0.0020357376907801897,-0.003133200797116534,-0.016435963699295248,16.11114938139135,0.0035603243323444
2024-07-30,601607SS,-0.016435850438231356,-0.004083671815266715,-0.0020942431805372843,0.009791443100498978,16.09116125494816,0.0034898666168945
2024-07-31,601607SS,0.010816526958533992,0.007643418371448452,0.010946203663325434,-0.00514142785785341,16.617927402971688,0.0059099047049817
2024-08-01,601607SS,-0.006682178874663701,0.004052674221240163,-1.2215623254267357e-08,-0.0015475378761607528,16.314273185455956,0.0043621954224175
2024-08-02,601607SS,-0.0046523565760537315,-0.01067357027421082,-0.005718764191877343,0.0030927831709762097,16.03695359755898,0.0033057251318047
2024-08-05,601607SS,-0.0010367207962917865,0.0005108781791302599,-0.01417719997802238,-0.023432499244987897,16.423368863051426,0.0048650215925344
2024-08-06,601607SS,-0.01462938280649607,-0.022205974675419456,-0.007963955998743628,0.007871933342431477,16.282654208998906,0.0042264250284562
2024-08-07,601607SS,0.0062959812375699585,0.006765637978023741,0.013764134293927897,0.00521380510167596,15.863168432976208,0.0027783873474806
2024-08-08,601607SS,0.0036544239568486454,0.0056891506035805384,0.0015760179621186643,0.004669314815958402,16.17552175118929,0.0037970483745873
2024-08-09,601607SS,0.0062336629518593995,0.003089603531309032,-0.005263157716213149,-0.01670190180399436,15.745262433847733,0.002469373940863
2024-08-12,601607SS,-0.013555984220955997,0.0015411884641174222,0.0015818203135013536,0.019286564617940122,16.182433839530663,0.00382338482595
2024-08-13,601607SS,0.02180769013559028,-3.2458276704696704e-08,0.005778844208890176,0.004121556086500392,15.794613397989064,0.0025942971299179
2024-08-14,601607SS,-0.004633134996238499,0.0010262768169741513,0.004182001269178762,-0.0015435565358269078,15.644972922375812,0.0022337351210307
2024-08-15,601607SS,-0.0020661176409813072,0.007153753882291181,0.00882888448012628,0.00973615214359033,15.942122023361168,0.0030066432848883
2024-08-16,601607SS,0.013354092639834931,0.00861856675763931,0.009264111376576506,0.008631694431463102,15.812789584264968,0.002641882716487
2024-08-19,601607SS,0.00813016222765848,0.008544960581904576,0.003579679333626089,-0.002531020051515201,15.646865189461558,0.0022379659468206
2024-08-20,601607SS,-0.0015194070696894885,-0.003007494322843262,0.0015302571660790998,0.0,15.744489755370315,0.0024674666454472
2024-08-21,601607SS,-0.005590866384292128,-0.009584025616118002,-0.013857124184381208,-0.016351973976275552,15.81918665849339,0.0026588372103802
2024-08-22,601607SS,-0.010245984883733848,-0.012238749821145424,-0.004661975700157581,-0.002579230708702256,15.656409495427358,0.0022594280394476
2024-08-23,601607SS,-0.00723516732326714,-0.0015404973929383284,-0.015171695831492063,-0.0031040823228103503,15.849479333071491,0.0027406128598495
2024-08-26,601607SS,0.0005185216598257838,-0.008256001253193757,-0.023467698319641565,-0.028378128523953876,16.476691279201475,0.0051314772153858
2024-08-27,601607SS,-0.004676486175049582,0.012358706522010984,0.027676053603906983,0.02941392664358461,16.556878958403047,0.0055599063162878
2024-08-28,601607SS,-0.0010422551881718147,-0.0123586588727929,-0.008434434105250958,-0.019336862983877195,16.09501943130074,0.00350335714682
2024-08-29,601607SS,-0.012591983369045004,-0.011988666728773693,-0.013859523594389156,-0.014350536609241227,15.963327897446918,0.0030710826228672
2024-08-30,601607SS,-0.019190352694663446,-0.011603435497106143,-0.010250858494564696,-0.0042918139282930624,16.365871247175058,0.0045931843133883
2024-09-02,601607SS,-7.69546269674828e-08,0.0005302984817688746,-0.0043479056090910805,0.003220509059018493,16.27451632382934,0.0041921704330043
2024-09-03,601607SS,-0.001615937350832081,0.010023795959846435,0.005431805047602482,0.01383742441824419,16.125254564676798,0.0036108992101123
2024-09-04,601607SS,0.019221173581619594,0.007843304151820359,0.019313985367271767,0.009992269439906021,16.06511683160817,0.0034001484443719
2024-09-05,601607SS,0.007900909310712294,0.012936704225639029,0.01267166597018462,0.01402968667315444,15.969421729606047,0.0030898544251181
2024-09-06,601607SS,0.019226487025468437,0.003080135212342028,0.009919268663491196,-0.006730424288787509,15.606311067537462,0.0021490228819464
2024-09-09,601607SS,-0.002576761483507529,-0.0005127463430918678,-0.003643020913614366,0.002593950100244985,15.7192437771317,0.0024059527831438
2024-09-10,601607SS,-0.006730449143657143,-0.008238914373724543,-0.02267427966894638,-0.022531599244289855,15.913691662087025,0.002922366999042
2024-09-11,601607SS,-0.022590969461561732,-0.022484649983200676,-0.02156418379679771,-0.016026071593625575,15.878571415815346,0.0028215140932438
2024-09-12,601607SS,-0.014989531407891249,-0.015991794135139827,-0.02594689546580792,-0.02012574591337323,16.412481626949663,0.0048123422365539
2024-09-13,601607SS,-0.021260051792941277,-0.002690386835010779,0.011123645968573868,0.010929025913107928,15.965187215892106,0.0030767980558596
2024-09-18,601607SS,0.011503845749220245,0.008583702792836054,0.013732673951706503,0.01724175749334465,15.786881804737414,0.0025743164178658
2024-09-19,601607SS,0.018883725190908102,0.02218797203966696,-0.002184492957106912,0.019048279925161365,16.220999290967367,0.0039737155561377
2024-09-20,601607SS,0.019058307565942095,-0.003663955216587285,0.020563444491156064,-0.008949792110282214,16.21424802147501,0.0039469782859264
2024-09-23,601607SS,-0.008954520447312753,-0.003677443162885162,-0.014567336477110919,-0.02354313628623637,15.908413215917259,0.0029069820802109
2024-09-24,601607SS,-0.007903188633958141,0.02877655655879787,0.003797113151999623,0.04362392369465945,16.548808794616736,0.0055152175242601
2024-09-25,601607SS,0.03318709474022024,0.007674712794338654,0.04414436238966183,0.010872537670235749,16.107083842937545,0.0035458790791685
2024-09-26,601607SS,0.006198410411508872,0.01868264015089257,0.005189445171951039,0.02642432452511617,16.162229275972244,0.0037469101670857
2024-09-27,601607SS,0.03441636725181684,0.011934491489199835,0.0235305479201724,-0.002008078755808519,16.641000387617247,0.0060478491289057
2024-09-30,601607SS,0.019217117036768438,0.05060106818892743,0.014056395002080925,0.060920174894779654,17.803661720740084,0.0193436474190558
2024-10-08,601607SS,0.12378422321669966,0.08638461481696573,0.05480164157271546,0.034846731947852774,17.708948506156887,0.0175956348323516
2024-10-09,601607SS,-0.07102784194633677,-0.07145897920683035,-0.03701458101073692,-0.0636257155875108,17.410806073960995,0.0130594030054065
2024-10-10,601607SS,-0.04497803141682299,-0.011173289684249826,0.006832598138643229,0.008238480435784254,17.145789680054587,0.0100190873520879
2024-10-11,601607SS,0.003866603431572388,-0.02272831984523813,-0.026116230652818602,-0.018509986129742848,16.79103384867085,0.007026833392164
2024-10-14,601607SS,-0.018009682705208117,-0.018854771740875034,-0.0055069279721108935,0.006859379697288241,16.97860522249631,0.0084765840538722
2024-10-15,601607SS,0.003921569803270919,0.007778349853539852,0.012967774061678133,-0.010800267701799756,16.72866177161952,0.0066019435432067
2024-10-16,601607SS,-0.02226165440107485,-0.007778349853540004,-0.009960279738835192,0.002957097574022498,16.68135820990536,0.0062969193238245
2024-10-17,601607SS,0.019321849552822082,0.007778349853539852,0.01588909815520414,0.004419361653831807,16.66622879350321,0.0062023676631823
2024-10-18,601607SS,-0.0019645884930372813,0.01966018041303611,-0.0019723383467514237,0.019408645396414306,17.058051658136463,0.0091774921742952
2024-10-21,601607SS,0.02284421661975723,-0.011941866604933944,0.0019723383467514363,-0.01647324861282809,16.90865960906846,0.0079039444182796
2024-10-22,601607SS,-0.01647324861282809,0.011466909142201198,0.004914033686157859,0.01406770319361886,16.712323029860425,0.0064949525162027
2024-10-23,601607SS,0.01406770319361886,0.005684564866409298,0.01363218224660311,0.010541511826276169,16.983985910813022,0.0085223168391802
2024-10-24,601607SS,0.00576365349844207,-0.007110701524310168,-0.003390639880569892,-0.004777858327833979,16.459123850543953,0.0050421175570392
2024-10-25,601607SS,0.0004788235298037218,-0.00333570444103065,0.0,0.0023918282174241793,16.554040108348346,0.0055441449575721
2024-10-28,601607SS,0.0023906845955042437,-0.00047745183872907056,-0.0024290099053087748,-0.004309326831649055,16.72537748848987,0.006580296457265
2024-10-29,601607SS,-0.004787006739532813,-0.0038277521145259658,-0.004387048482193093,-0.016937273126650176,16.400132670035504,0.0047532802526996
2024-10-30,601607SS,-0.019380432743475107,-0.020339687368481893,-0.048033199762671994,-0.044407365381179176,17.276246261829108,0.0114152318986708
2024-10-31,601607SS,-0.0419642057643543,-0.03890768450588364,-0.012896748112762164,-0.012837146509224165,17.008551436026746,0.008734264683754
2024-11-01,601607SS,-0.012320472324358591,0.005579553379301957,-0.003120099483606744,0.009771254278656551,16.976594672031744,0.0084595585741722
2024-11-04,601607SS,0.00976613403148405,-0.0040547405626594315,0.0031200994836068727,0.0020449397371948984,16.89054377184272,0.0077620470170519
2024-11-05,601607SS,0.001533385799501821,0.0020293770587954925,0.003627871019548505,0.005602286568485731,17.185190440389736,0.0104217270942596
2024-11-06,601607SS,0.007631663627281256,0.003036509043471521,0.00772998544190667,-0.008159139727238598,16.97053890820059,0.0084084842861573
2024-11-07,601607SS,-0.013779267121889366,0.01105535415742195,-0.003084807923420621,0.02378049350690396,17.232867960286942,0.0109306447787395
2024-11-08,601607SS,0.03086511789144518,0.0064756969509611835,0.01177385211024646,-0.01005037438579784,17.100553339848332,0.0095759588114593
2024-11-11,601607SS,-0.013039313851209117,0.009389766902502757,-0.0010183533662769064,0.02641572471928539,17.221578791079033,0.0108079407924335
2024-11-12,601607SS,0.02738538790882811,0.05734971938129183,0.035038658351702806,0.03906932768273187,17.99054506451092,0.0233185087864998
2024-11-13,601607SS,0.04419547508032318,0.016125595928821058,0.019966567878134122,-0.010939445427032655,17.792700437075176,0.0191327740414673
2024-11-14,601607SS,0.017699537787539587,0.00045694445451374417,0.01293433398524387,0.008571495582588058,17.60859891238155,0.0159156237804781
2024-11-15,601607SS,-0.037154473226621076,-0.03960445226893994,-0.022137621934621144,-0.023507907412282585,17.07802202812235,0.0093626124030853
2024-11-18,601607SS,-0.014479072472636162,0.012281605513459847,0.00097278501266621,0.005325536886990616,17.1627150748509,0.0101901075768535
2024-11-19,601607SS,0.006782942371572098,-0.010382316842721138,-0.0034088026845390763,0.009610874942703912,16.814454817563718,0.0071933510373943
2024-11-20,601607SS,0.004816983541560178,0.051767603190971165,0.01212136053234482,0.048539668136063654,17.74302439845464,0.0182055545645267
2024-11-21,601607SS,0.046934940984680165,-0.004514697460094657,0.033644447863805736,0.005452032161774037,17.158710927202133,0.0101493864612106
2024-11-22,601607SS,0.0022899549426093125,0.01704837887755679,0.011121601164400169,-0.016906910736102163,17.211969363620906,0.0107045800799749
2024-11-25,601607SS,-0.012428259075081239,-0.02613938525859115,-0.014856429361214226,0.00367985332632416,17.204556441648087,0.0106255212509306
2024-11-26,601607SS,-0.0004632952996543721,0.016304736725855484,0.00838385492633546,0.010959003051836941,16.921199633052147,0.0080036841375615
2024-11-27,601607SS,0.020184195788486767,-0.0004493475173524805,0.005089097798950462,-0.0031839778038332484,16.685413189836652,0.0063225050465029
2024-11-28,601607SS,-0.0009086987247587813,-0.0054078924721745105,0.0046040772047409905,-0.005940207860374518,16.50876510791836,0.0052987312487334
2024-11-29,601607SS,-0.00867389763160178,-0.007256260997334705,-0.007839563922971353,-0.003213208884173753,16.70248454998618,0.00643136536642
2024-12-02,601607SS,0.00045841069215289915,-0.00593469727941066,-0.0182206069390558,-0.020906720638068,17.106999466768794,0.0096378860406075
2024-12-03,601607SS,-0.022243713394936648,-0.016155457859530778,0.00047137541572530185,0.0032810717059978092,16.35128077648765,0.0045266541207355
2024-12-04,601607SS,0.0051414279183681225,0.003715746249107906,-0.0009428831617480227,0.0,16.585447705384624,0.0057210365689966
2024-12-05,601607SS,-0.006079095958715618,-0.010720193228976146,-0.002834266095465762,-0.005631213232197134,15.912685921771178,0.0029194293338845
2024-12-06,601607SS,-0.002818201303937023,0.02544663062817494,0.005660432109435186,0.022336877831935498,16.94261857740494,0.0081769637186636
2024-12-09,601607SS,0.021866389522715742,0.002281595536711567,0.009829196229417494,-0.007390326949455088,16.11016004717887,0.003556803723137
2024-12-10,601607SS,0.007792846201384847,0.0027309741694992594,-0.0037330853491839354,-0.0069783776714948025,16.502850031572102,0.0052674813605898
2024-12-11,601607SS,-0.004576684605926282,0.013095735112917277,0.01898644023794098,0.02353050776428939,17.10656761143596,0.0096337247665676
2024-12-12,601607SS,0.0,-0.011732996488325037,-0.005981115728835041,0.00182227879703891,16.56800823757017,0.0056221296781453
2024-12-13,601607SS,0.008222993351282392,0.0027198323566729058,-0.0013853932954902542,-0.01052398397781994,16.627096110124278,0.0059643400633958
2024-12-16,601607SS,-0.016514077120584912,-0.008181877696509217,-0.005096082504724465,-0.008314149894885341,16.109112725018086,0.0035530805534201
2024-12-17,601607SS,-0.0037071367966851065,-0.011475912114912654,-0.007459234666147314,-0.00698162579538813,15.797820274150308,0.0026026300749086
2024-12-18,601607SS,-0.0032551343227692564,0.004146523006534244,0.003270252509381657,0.010223105690810363,15.760046477484286,0.0025061524761134
2024-12-19,601607SS,0.001396355224553973,-0.0018408158152601855,-0.004206603569936825,0.0013860333627021002,15.769212132025407,0.0025292285995603
2024-12-20,601607SS,0.00602826603183967,0.0018408158152601283,0.003740066184004685,-0.00927653998764581,15.889061911495142,0.0028512689772738
2024-12-23,601607SS,-0.007890506624943642,0.0,-0.005615402676908848,0.005576261754074696,16.168192865327267,0.0037693219637646
2024-12-24,601607SS,0.0051127517123932,-0.002762408073613597,-0.004232320221739654,0.00046329529965437175,16.09688754043315,0.0035099079178423
2024-12-25,601607SS,0.001852752509828705,0.005058585336740704,0.0093809677539874,0.005542690125190687,16.19343899543961,0.0038656941593922
2024-12-26,601607SS,0.00046265226578250205,-0.005519744150001072,-0.0269711020406911,-0.037545435576255254,16.833267400237993,0.0073299574864138
2024-12-27,601607SS,-0.03578537219646873,-0.022860793164326303,-0.006254582288700794,0.012357582607466869,16.29527693582854,0.0042801121677852
2024-12-30,601607SS,0.016167738833627536,0.006585131422928753,0.013423053471403448,-0.00615965736747945,15.67740551231429,0.0023073685550508
2024-12-31,601607SS,-0.007575786282511008,-0.008474641450527952,-0.009088822981389008,-0.0019029936597422328,16.28014825674409,0.0042158470676959
2025-01-02,601607SS,0.012281605513459847,0.02197896357262409,-0.016961898965736535,-0.019231343409939896,16.632948833211,0.0059993500482164
2025-01-03,601607SS,-0.03341594258314205,-0.03434830467744694,-0.004899494116001508,-0.0058423164939181696,16.06232297066364,0.0033906621592773
2025-01-06,601607SS,0.019707431437373395,0.014730671314605573,0.007340361583517279,0.00971828657771271,16.37807214389004,0.0046495685548627
2025-01-07,601607SS,-0.01873700646207278,-0.027739698376892365,-0.01919819630087423,-0.016577666275000923,16.30525424042499,0.0043230298997839
2025-01-08,601607SS,-0.013180588654738982,-0.008278599492421091,-0.003984065041278902,-0.0049285650114030575,16.085529276502218,0.0034702670054115
2025-01-09,601607SS,-0.008884574885378922,-0.009334409678597536,-0.00650821148943725,-0.008434685508196574,15.663069063793861,0.0022745250713953
2025-01-10,601607SS,0.0014862864277721966,-0.001976330484170053,0.0,-0.008004037190454193,15.546971393902528,0.0020252103698085
2025-01-13,601607SS,-0.025063967704605106,-0.012941954618381813,-0.013653838562866866,-0.001507951398755497,15.740179997607394,0.0024568553428685
2025-01-14,601607SS,0.007585351878984511,0.006491961406845625,0.003557802865381031,0.009511988589209765,16.318824172021266,0.0043820929591808
2025-01-15,601607SS,0.009027157607762662,-0.0009960388193819795,0.005565438789739264,-0.008004037190454193,15.777301086522368,0.0025497703862977
2025-01-16,601607SS,-0.0055069279721108935,-0.0004983916918997449,-0.015251909068522583,-0.01671347720638302,16.40406991593673,0.0047720319781566
2025-01-17,601607SS,-0.01670501624094962,-0.02268808457801708,-0.01392854370216075,-0.011299519830985863,16.435061075097266,0.0049222383039253
2025-01-20,601607SS,-0.007686413241127515,0.005086403381976973,0.009821765770598963,0.008742666672233229,16.18192079270131,0.0038214237534077
2025-01-21,601607SS,0.013285847967440895,0.002027416632393725,-0.0010293597125859688,-0.002563505331860075,15.82953679424353,0.0026864994471654
2025-01-22,601607SS,-0.014315207680026806,-0.013765216631903941,-0.009831930995781333,-0.0005134905979662955,15.485982984668007,0.0019053870449061
2025-01-23,601607SS,0.005648313255280713,0.018815751635590683,0.015480244251062158,0.009711322840422568,16.15364212234481,0.0037148726232976
2025-01-24,601607SS,0.006634326910596213,-0.002017192599349769,0.0,0.004567384389447759,15.816765803189158,0.0026524083341777
2025-01-27,601607SS,0.00860983172662111,0.025418773940319887,0.014235053704380758,0.02005077811406127,16.433840188250414,0.0049162324744503
2025-02-05,601607SS,0.025884991949740702,0.021904052235889707,0.011044350207112485,0.02354201694172534,16.645851604449856,0.0060772598393269
2025-02-06,601607SS,0.013665355768872352,-0.004342595530399842,0.006469251675743678,-0.01612543793840065,16.355533115800412,0.0045459439759706
2025-02-07,601607SS,-0.02007410676932207,-0.015103792959084497,-0.00896868532501159,0.0004925008324726794,16.365466067394994,0.0045913236248153
2025-02-10,601607SS,0.003948668830921498,-0.0004910497778971558,0.005988083734310781,-0.0074129136626652865,16.35094086854786,0.0045251157364067
2025-02-11,601607SS,-0.006920412830192618,-0.005417428107747791,-0.003988037291230684,-0.0004961661731319484,16.03005898490308,0.0032830118247038
2025-02-12,601607SS,-0.003478249212265034,-0.0029673347762116556,-0.0004996367183777542,0.0009920862874738634,15.845861771680033,0.0027307164345376
2025-02-13,601607SS,0.0009950477131504647,-0.0014870231420124956,0.0009990239245655948,-0.006466033847005853,15.59740536433622,0.0021299692875532
2025-02-14,601607SS,-0.00498507410119478,0.002971743999271231,-0.0019990468960884604,0.007952320274778126,15.949710016539761,0.0030295444534174
2025-02-17,601607SS,0.00994532608080402,0.003948668830921498,-0.0005003867531793956,-0.00845145821785783,16.208212002521414,0.0039232260047437
2025-02-18,601607SS,-0.009445689362426351,-0.010398662042457612,-0.009554944432719748,-0.010539670454103929,15.950167766461432,0.003030931544764
2025-02-19,601607SS,-0.011049897584199334,-0.012018160071241334,-0.006590698918909514,0.0,15.83525331473339,0.0027019008576485
2025-02-20,601607SS,0.000504934583274759,0.006027086693054139,0.0030472073970535104,-0.0035380221573455698,15.955352931715606,0.0030466882427954
2025-02-21,601607SS,-0.0045535193967312215,-0.006531003496223298,-0.008658066948398564,-0.004567384389447687,16.38638654895559,0.0046883881113165
2025-02-24,601607SS,-0.0035559954526838272,-0.0025233036710558612,0.0010225184075854173,-0.004077473751843394,16.116808723221936,0.0035805305498132
2025-02-25,601607SS,-0.007150152535518902,-0.013225025829505641,-0.01337469703054969,-0.012333135290935113,16.125012971039396,0.0036100269451223
2025-02-26,601607SS,-0.00978635337800993,-0.006163390727471244,-0.0025926505296019775,0.0036128914047112424,16.13550816931644,0.003648114415629
2025-02-27,601607SS,0.0025847077568328953,0.0030863947976448895,0.003110394734752195,0.0010298897761548819,16.14732099955212,0.0036914645157238
2025-02-28,601607SS,0.004635508965875068,0.004100463289077259,-0.00936045885251237,-0.011907960325605748,16.43102623024312,0.0049024178477098
2025-03-03,601607SS,-0.011369596369816725,0.002554338292874396,0.0052110792054034785,0.0067479705031553115,16.513443215567396,0.0053235773566668
2025-03-04,601607SS,0.0005196273923781429,-0.011288022540690152,-0.0020811145712500865,-0.0031087830917953595,15.84969580898187,0.0027412062008107
2025-03-05,601607SS,0.0005193575199785434,-0.004654688779644454,-0.012051571019632407,-0.011482444658130869,16.176683942036394,0.0038014638351779
2025-03-06,601607SS,-0.010438548047528058,-0.0057187890124397655,-0.0005272992109651797,0.004190678058750989,16.234810649799716,0.004028978723784
