epoch,loss
1,2.3783783646979533
2,1.558623122967538
3,1.2084969851434082
4,1.0707407557035324
5,1.0129540301900255
6,0.9789898143006381
7,0.9531573916863919
8,0.9314738221061497
9,0.9121685819940971
10,0.894394026681818
11,0.8776649012448188
12,0.8626556487459495
13,0.8453104499562125
14,0.8287920975424999
15,0.8120968720101359
