epoch,loss
1,2.2789793773130937
2,1.6587842746214434
3,1.207158840786327
4,0.9701881191947244
5,0.8180151798508384
6,0.69470839175311
7,0.6126567044041373
8,0.5412944213910537
9,0.472973015091636
10,0.3842230038209395
