,PLRX,WMG
PLRX,1.0,-0.01929307943548405
WMG,-0.01929307943548405,1.0
