,OPEN,TFINP
OPEN,1.0,0.32227524177096484
TFINP,0.32227524177096484,1.0
