,MSPR,YGMZ
MSPR,1.0,-0.21946100035141963
YGMZ,-0.21946100035141963,1.0
