,DYN,PTVE
DYN,1.0,-0.5818308895867806
PTVE,-0.5818308895867806,1.0
