,ALVR,LI,TALK
ALVR,1.0,-0.4059189645910692,0.2117453627780387
LI,-0.4059189645910692,1.0,-0.35582880325334604
TALK,0.2117453627780387,-0.35582880325334604,1.0
