,IVA,NKTX,QH
IVA,1.0,0.07765513827088756,0.024545758823730116
NKTX,0.07765513827088756,1.0,0.6522040561330924
QH,0.024545758823730116,0.6522040561330924,1.0
