,GAN,PCTTU
GAN,1.0,0.49634076695742363
PCTTU,0.49634076695742363,1.0
