,CLEU,KC
CLEU,1.0,-0.38066713991826273
KC,-0.38066713991826273,1.0
