,DADA,LEGN
DADA,1.0,0.36811837038304673
LEGN,0.36811837038304673,1.0
