,ARRY,EBC
ARRY,1.0,0.39526026307057516
EBC,0.39526026307057516,1.0
