,OBIO,VOXR
OBIO,1.0,-0.38295547414348674
VOXR,-0.38295547414348674,1.0
