,FHTX,FULTP
FHTX,1.0,0.6579456777926096
FULTP,0.6579456777926096,1.0
