,ARBE,AVIR,SHOT
ARBE,1.0,0.20094783241655292,-0.03456184911265336
AVIR,0.20094783241655292,1.0,0.29925618262674625
SHOT,-0.03456184911265336,0.29925618262674625,1.0
