,BIGC,RXT,WSBCP
BIGC,1.0,0.4025713149351935,0.4369932308584502
RXT,0.4025713149351935,1.0,0.5876389502318541
WSBCP,0.4369932308584502,0.5876389502318541,1.0
