,EVGO,MRVI,SHC
EVGO,1.0,0.25053719899494964,-0.23586381272413268
MRVI,0.25053719899494964,1.0,0.6352687022656138
SHC,-0.23586381272413268,0.6352687022656138,1.0
