,JAMF,NUKK
JAMF,1.0,-0.22468109137264905
NUKK,-0.22468109137264905,1.0
