,IMCC,NEOV
IMCC,1.0,0.45448517966435487
NEOV,0.45448517966435487,1.0
