,API,EBON,PYPD
API,1.0,-0.3088482602013777,-0.05210394114278365
EBON,-0.3088482602013777,1.0,-0.09198019666836482
PYPD,-0.05210394114278365,-0.09198019666836482,1.0
