,LYRA,NVVE
LYRA,1.0,-0.34232854245831346
NVVE,-0.34232854245831346,1.0
