,IBEX,NAUT
IBEX,1.0,-0.44967451941531866
NAUT,-0.44967451941531866,1.0
