,RILYL,SLN
RILYL,1.0,-0.3982949262899476
SLN,-0.3982949262899476,1.0
