,CNXC,PWP,RKLB,SKIN,VMAR
CNXC,1.0,-0.3081004564743632,0.13012552039862296,0.0407757660608987,0.05560026077249667
PWP,-0.3081004564743632,1.0,0.09590399810127004,0.35357527629784125,0.22979208330258963
RKLB,0.13012552039862296,0.09590399810127004,1.0,0.555311840845286,0.04126367441955795
SKIN,0.0407757660608987,0.35357527629784125,0.555311840845286,1.0,0.2894966736876897
VMAR,0.05560026077249667,0.22979208330258963,0.04126367441955795,0.2894966736876897,1.0
