,ALGS,OPT,PAYO,PRAX,TARS
ALGS,1.0,-0.05901460164393455,0.23546768906750798,0.05304364133935726,0.36718966959461047
OPT,-0.05901460164393455,1.0,0.12508838173145592,-0.42438845951677096,0.10726255004719684
PAYO,0.23546768906750798,0.12508838173145592,1.0,-0.16207337039924385,0.3747174910824301
PRAX,0.05304364133935726,-0.42438845951677096,-0.16207337039924385,1.0,0.12928693962095522
TARS,0.36718966959461047,0.10726255004719684,0.3747174910824301,0.12928693962095522,1.0
