,FATBP,NCNO,PCT
FATBP,1.0,-0.3990426501405605,0.5478647988851184
NCNO,-0.3990426501405605,1.0,-0.34820331887768835
PCT,0.5478647988851184,-0.34820331887768835,1.0
