,CIFR,MLTX
CIFR,1.0,0.08638282195894517
MLTX,0.08638282195894517,1.0
