,FROG,MNSBP,STEP
FROG,1.0,0.45838353649077623,0.530132067247716
MNSBP,0.45838353649077623,1.0,0.4462860766663036
STEP,0.530132067247716,0.4462860766663036,1.0
