,LUNG,LXEH
LUNG,1.0,-0.359997173590887
LXEH,-0.359997173590887,1.0
