,EOSE,NAYA,NN
EOSE,1.0,-0.5219629037672566,0.3717714585474595
NAYA,-0.5219629037672566,1.0,-0.18043656646994183
NN,0.3717714585474595,-0.18043656646994183,1.0
