,PRFX,QVCGP
PRFX,1.0,0.5083744336747742
QVCGP,0.5083744336747742,1.0
