,TOI,ZI
TOI,1.0,-0.1338466602150457
ZI,-0.1338466602150457,1.0
