,BSY,CRSR,GDRX
BSY,1.0,0.3567727573997561,-0.29835861549479226
CRSR,0.3567727573997561,1.0,-0.31909882058702876
GDRX,-0.29835861549479226,-0.31909882058702876,1.0
