,BNR,CLOV,GBIO,PCVX,RNA
BNR,1.0,0.3695062675644872,0.3591994825844572,0.12121323457057902,0.42676222916257506
CLOV,0.3695062675644872,1.0,-0.018445306640501223,-0.2761560828803231,-0.0555118349354207
GBIO,0.3591994825844572,-0.018445306640501223,1.0,0.692688067042726,0.6045912960472573
PCVX,0.12121323457057902,-0.2761560828803231,0.692688067042726,1.0,0.39188699183336206
RNA,0.42676222916257506,-0.0555118349354207,0.6045912960472573,0.39188699183336206,1.0
