,CCCS,GDEV
CCCS,1.0,0.29635668562901935
GDEV,0.29635668562901935,1.0
