,ABL,MKTW
ABL,1.0,0.34021310721037873
MKTW,0.34021310721037873,1.0
