,BDSX,ROOT
BDSX,1.0,-0.6751566986920781
ROOT,-0.6751566986920781,1.0
