,SHFS,SLNHP
SHFS,1.0,0.5511315388714694
SLNHP,0.5511315388714694,1.0
