,GGR,LDTC
GGR,1.0,0.5620243296320655
LDTC,0.5620243296320655,1.0
