,LOT,VEEA
LOT,1.0,0.22280153492873417
VEEA,0.22280153492873417,1.0
