,ABNB,COOT,HTOO,HYFM
ABNB,1.0,0.03245909556973893,0.30968171423867114,0.37843320272667363
COOT,0.03245909556973893,1.0,0.2600686948109615,0.5138278620521068
HTOO,0.30968171423867114,0.2600686948109615,1.0,0.10991548077098101
HYFM,0.37843320272667363,0.5138278620521068,0.10991548077098101,1.0
