,ALHC,CRCT,EWTX,IKNA,LVTX,SATL,STEC,TCBIO,TDUP
ALHC,1.0,0.520434067629858,-0.4106644619321417,-0.1910223287318627,-0.11903667594088616,-0.06565912321148995,-0.32806979105216627,0.524368940905713,-0.3080704859872938
CRCT,0.520434067629858,1.0,-0.3944118606672541,0.06425117910006586,-0.5520419489874202,-0.37764738326462466,-0.2801948345742796,0.442806848124885,-0.061497061294285185
EWTX,-0.4106644619321417,-0.3944118606672541,1.0,0.3294203535342224,0.4762676414938444,-0.06861527956773894,0.7853503618925933,-0.4792273382390939,0.6270657957751982
IKNA,-0.1910223287318627,0.06425117910006586,0.3294203535342224,1.0,-0.22996342287992882,-0.1907174548951563,0.5998372152546101,-0.5584454022724581,0.6306122668893803
LVTX,-0.11903667594088616,-0.5520419489874202,0.4762676414938444,-0.22996342287992882,1.0,0.25138167671978817,0.31666884416700325,-0.059147493243630424,-0.07918142599905251
SATL,-0.06565912321148995,-0.37764738326462466,-0.06861527956773894,-0.1907174548951563,0.25138167671978817,1.0,0.0032288220276308734,0.025296799020233785,-0.17244325968696733
STEC,-0.32806979105216627,-0.2801948345742796,0.7853503618925933,0.5998372152546101,0.31666884416700325,0.0032288220276308734,1.0,-0.5721309842366047,0.7573478208889239
TCBIO,0.524368940905713,0.442806848124885,-0.4792273382390939,-0.5584454022724581,-0.059147493243630424,0.025296799020233785,-0.5721309842366047,1.0,-0.5968462102088365
TDUP,-0.3080704859872938,-0.061497061294285185,0.6270657957751982,0.6306122668893803,-0.07918142599905251,-0.17244325968696733,0.7573478208889239,-0.5968462102088365,1.0
