,AIRS,AURA,BFRI,OZKAP,TRDA,UDMY
AIRS,1.0,0.27854925311041545,-0.5968980994872521,0.45043061465095413,0.3059567052389355,0.4098477806424879
AURA,0.27854925311041545,1.0,-0.022534132662638873,-0.30265534284601237,0.4742108171706564,0.5724022158245721
BFRI,-0.5968980994872521,-0.022534132662638873,1.0,-0.3831467319968965,-0.2542760750077212,-0.44410951041311364
OZKAP,0.45043061465095413,-0.30265534284601237,-0.3831467319968965,1.0,-0.34317214519639966,0.0412960489872777
TRDA,0.3059567052389355,0.4742108171706564,-0.2542760750077212,-0.34317214519639966,1.0,0.41425665787717775
UDMY,0.4098477806424879,0.5724022158245721,-0.44410951041311364,0.0412960489872777,0.41425665787717775,1.0
