,MSAI,PFXNZ
MSAI,1.0,-0.4735549257092878
PFXNZ,-0.4735549257092878,1.0
