,AIP,RENT
AIP,1.0,-0.33510733800114595
RENT,-0.33510733800114595,1.0
