,ACHL,ECX
ACHL,1.0,-0.32502849904568853
ECX,-0.32502849904568853,1.0
