,MOVE,UPC
MOVE,1.0,0.32583178312366823
UPC,0.32583178312366823,1.0
