,PGY,SKYT
PGY,1.0,-0.1791541994030942
SKYT,-0.1791541994030942,1.0
