,BNIX,FLNC,GFS,OFSSH
BNIX,1.0,0.03879473278308898,0.539343177130483,-0.10847237115294035
FLNC,0.03879473278308898,1.0,-0.354717087202339,0.3537479117269876
GFS,0.539343177130483,-0.354717087202339,1.0,-0.2998370418908731
OFSSH,-0.10847237115294035,0.3537479117269876,-0.2998370418908731,1.0
