,EZGO,RILYT
EZGO,1.0,0.06288603406098524
RILYT,0.06288603406098524,1.0
