,GRAB,HUMA
GRAB,1.0,0.39464471227507214
HUMA,0.39464471227507214,1.0
