,AVAH,BNAI,BTMD,FTCI,NYXH,PRVA,UROY
AVAH,1.0,0.13828943012176625,-0.11465851176890703,0.5307246227521083,0.39877476346407364,0.7662302159712951,0.21320680313793333
BNAI,0.13828943012176625,1.0,0.1374273638973105,0.17426671444359815,0.26735024676628316,0.17654832050603972,0.27086944910989275
BTMD,-0.11465851176890703,0.1374273638973105,1.0,0.31814729940979736,0.31380178844637135,0.010973209889318436,0.3603047463049382
FTCI,0.5307246227521083,0.17426671444359815,0.31814729940979736,1.0,0.44796922497308805,0.5730760800642981,0.4782376964360647
NYXH,0.39877476346407364,0.26735024676628316,0.31380178844637135,0.44796922497308805,1.0,0.5616071767699874,0.4936235231085503
PRVA,0.7662302159712951,0.17654832050603972,0.010973209889318436,0.5730760800642981,0.5616071767699874,1.0,0.33336791872479354
UROY,0.21320680313793333,0.27086944910989275,0.3603047463049382,0.4782376964360647,0.4936235231085503,0.33336791872479354,1.0
