,FLYW,SNTI
FLYW,1.0,-0.32712924733838733
SNTI,-0.32712924733838733,1.0
