,KLTR,PYCR,VEEE
KLTR,1.0,0.01498849085608831,-0.1994948585473136
PYCR,0.01498849085608831,1.0,-0.43105495656817805
VEEE,-0.1994948585473136,-0.43105495656817805,1.0
