,AGRI,RNAZ,SNTG
AGRI,1.0,0.626604607946468,0.40061435599535355
RNAZ,0.626604607946468,1.0,0.39545957253157216
SNTG,0.40061435599535355,0.39545957253157216,1.0
