,ATLN,VBNK
ATLN,1.0,-0.2341364732966121
VBNK,-0.2341364732966121,1.0
