,BZFD,SCLX,SDST
BZFD,1.0,0.532005225789022,0.504224755178935
SCLX,0.532005225789022,1.0,0.4399931732976259
SDST,0.504224755178935,0.4399931732976259,1.0
