,NEWTZ,RSVRW
NEWTZ,1.0,-0.24099701369977716
RSVRW,-0.24099701369977716,1.0
