,ICCM,RNXT
ICCM,1.0,0.6726701577012288
RNXT,0.6726701577012288,1.0
