,POWWP,VMEO
POWWP,1.0,-0.031212900855492463
VMEO,-0.031212900855492463,1.0
