,GLBE,IPW,WALD
GLBE,1.0,0.7416548874816911,0.04256576683502935
IPW,0.7416548874816911,1.0,-0.028236436921515007
WALD,0.04256576683502935,-0.028236436921515007,1.0
