,BPYPM,CADL
BPYPM,1.0,0.08493590556981537
CADL,0.08493590556981537,1.0
