,FWRG,JTAI,NTRB,NTRBW,RMSG
FWRG,1.0,-0.19487659864934925,-0.07261435841813918,-0.06703279295131395,-0.013066530805988508
JTAI,-0.19487659864934925,1.0,0.1343700146471522,0.3411606264942943,0.31690220405664393
NTRB,-0.07261435841813918,0.1343700146471522,1.0,0.8166445224432597,-0.5102798225696122
NTRBW,-0.06703279295131395,0.3411606264942943,0.8166445224432597,1.0,-0.17289443769359975
RMSG,-0.013066530805988508,0.31690220405664393,-0.5102798225696122,-0.17289443769359975,1.0
