,ABCL,CERT,FDMT,HTOOW,NBTX,VVOS
ABCL,1.0,0.4384185359209701,0.24146050622521337,-0.08996928030427934,0.21019818476015756,0.4739152511344675
CERT,0.4384185359209701,1.0,0.15571881719130082,-0.09807746956176042,0.0765000775370569,0.5919933538017652
FDMT,0.24146050622521337,0.15571881719130082,1.0,0.3195666865353709,0.05869667697215112,0.2847255592506069
HTOOW,-0.08996928030427934,-0.09807746956176042,0.3195666865353709,1.0,-0.07072188740096468,0.0877226250862515
NBTX,0.21019818476015756,0.0765000775370569,0.05869667697215112,-0.07072188740096468,1.0,0.3953263480992983
VVOS,0.4739152511344675,0.5919933538017652,0.2847255592506069,0.0877226250862515,0.3953263480992983,1.0
