,ACVA,AENT,EEIQ
ACVA,1.0,0.32444326691383807,-0.19863808852528467
AENT,0.32444326691383807,1.0,-0.5328820472621332
EEIQ,-0.19863808852528467,-0.5328820472621332,1.0
