,BIRD,TSVT
BIRD,1.0,0.644945189689151
TSVT,0.644945189689151,1.0
