,HTCO,PDYN,PET
HTCO,1.0,0.011592348611352332,-0.028313076386960956
PDYN,0.011592348611352332,1.0,0.3946404825690891
PET,-0.028313076386960956,0.3946404825690891,1.0
