,NPCE,RGTI
NPCE,1.0,0.2048668422669862
RGTI,0.2048668422669862,1.0
