,JZXN,OCS,PSNY,SLDP
JZXN,1.0,0.5746797423643063,0.10490815564313212,-0.23610049755844237
OCS,0.5746797423643063,1.0,0.21309176064919627,-0.11057901169225834
PSNY,0.10490815564313212,0.21309176064919627,1.0,0.15418459166862014
SLDP,-0.23610049755844237,-0.11057901169225834,0.15418459166862014,1.0
