,ISPC,LYEL,VERV
ISPC,1.0,-0.09949058692488555,0.3175973489044431
LYEL,-0.09949058692488555,1.0,-0.03030812474882959
VERV,0.3175973489044431,-0.03030812474882959,1.0
