,IKT,INBS,PHAR
IKT,1.0,0.4496673135240189,0.3930349977971713
INBS,0.4496673135240189,1.0,-0.024916413398996685
PHAR,0.3930349977971713,-0.024916413398996685,1.0
