,COEP,DCGO,DWTX
COEP,1.0,0.03463597825412686,-0.32018147514491896
DCGO,0.03463597825412686,1.0,0.0038179371334123857
DWTX,-0.32018147514491896,0.0038179371334123857,1.0
