,DASH,GRABW,PUBM
DASH,1.0,0.27380571133193793,-0.21316266244295617
GRABW,0.27380571133193793,1.0,0.09128139529127743
PUBM,-0.21316266244295617,0.09128139529127743,1.0
