,ANEB,BSLK,BWMN,HROWL,TRML
ANEB,1.0,-0.31269725960894956,0.09382141777559164,0.5253438193019855,0.030344129340525317
BSLK,-0.31269725960894956,1.0,0.038182284354727314,-0.2675705927925151,-0.1838267423040369
BWMN,0.09382141777559164,0.038182284354727314,1.0,-0.21633139690597342,-0.4605263713496446
HROWL,0.5253438193019855,-0.2675705927925151,-0.21633139690597342,1.0,0.24766497815516927
TRML,0.030344129340525317,-0.1838267423040369,-0.4605263713496446,0.24766497815516927,1.0
