,ALKT,COIN,RUM
ALKT,1.0,0.39564037287493103,0.3942658273084269
COIN,0.39564037287493103,1.0,0.2509888195072121
RUM,0.3942658273084269,0.2509888195072121,1.0
