,ESLA,FAAS,SRAD,TMCWW
ESLA,1.0,0.3545536430158214,-0.6649747993023742,-0.5194270020710543
FAAS,0.3545536430158214,1.0,-0.21874233967054102,-0.36714325080895727
SRAD,-0.6649747993023742,-0.21874233967054102,1.0,0.7517315523195561
TMCWW,-0.5194270020710543,-0.36714325080895727,0.7517315523195561,1.0
