,DFLI,FATBB
DFLI,1.0,-0.40031553341011195
FATBB,-0.40031553341011195,1.0
