,BTBD,DERM
BTBD,1.0,-0.3952781183191864
DERM,-0.3952781183191864,1.0
