,BAOS,CGNT,TLSI
BAOS,1.0,0.35728598410198104,0.6903034313899966
CGNT,0.35728598410198104,1.0,0.19416421999570477
TLSI,0.6903034313899966,0.19416421999570477,1.0
