,BJDX,EXFY,RIVN,RZLV
BJDX,1.0,0.5022299230739568,0.4794247139707509,-0.10233898705997244
EXFY,0.5022299230739568,1.0,0.3945389396758695,-0.059547240960241485
RIVN,0.4794247139707509,0.3945389396758695,1.0,0.1993742773909276
RZLV,-0.10233898705997244,-0.059547240960241485,0.1993742773909276,1.0
