,DSGN,UHG
DSGN,1.0,0.3541677617074539
UHG,0.3541677617074539,1.0
