,ONDS,SEER,SPRY,YQ
ONDS,1.0,-0.5883186503342025,0.665739170358451,-0.5973331848225684
SEER,-0.5883186503342025,1.0,-0.4058956936576097,0.603394367044708
SPRY,0.665739170358451,-0.4058956936576097,1.0,-0.4011839028817062
YQ,-0.5973331848225684,0.603394367044708,-0.4011839028817062,1.0
