,EWCZ,LSB
EWCZ,1.0,-0.1528653709225075
LSB,-0.1528653709225075,1.0
