,GIPR,LFMDP
GIPR,1.0,0.4235230482386065
LFMDP,0.4235230482386065,1.0
