,OPAL,OXSQG
OPAL,1.0,0.1705568052822955
OXSQG,0.1705568052822955,1.0
