,MDAI,PIII,WTO
MDAI,1.0,-0.08268971745581734,-0.0963445186863148
PIII,-0.08268971745581734,1.0,0.2181315185293941
WTO,-0.0963445186863148,0.2181315185293941,1.0
