,ACGLN,DLO
ACGLN,1.0,0.5993281759766272
DLO,0.5993281759766272,1.0
