,ROIV,SNPX,XOS
ROIV,1.0,0.48136774323597226,0.5661013164660672
SNPX,0.48136774323597226,1.0,0.39706972686121367
XOS,0.5661013164660672,0.39706972686121367,1.0
