,HOLO,IVVD
HOLO,1.0,0.31048300579065713
IVVD,0.31048300579065713,1.0
