,LIDR,SRZN
LIDR,1.0,0.09459785329217338
SRZN,0.09459785329217338,1.0
