,BEAT,BHFAM,BLZE,EFSCP,LVLU,TIVC
BEAT,1.0,0.0010131393167133157,0.2961405677923834,0.20954568545625069,0.15334544174582568,0.05459466677881654
BHFAM,0.0010131393167133157,1.0,-0.44237783958352495,-0.0846967402962466,-0.5919142130770572,-0.09418658974864336
BLZE,0.2961405677923834,-0.44237783958352495,1.0,0.0383420432844092,0.6180996344785993,0.3991969823194114
EFSCP,0.20954568545625069,-0.0846967402962466,0.0383420432844092,1.0,-0.02695438118887266,-0.20977768435338162
LVLU,0.15334544174582568,-0.5919142130770572,0.6180996344785993,-0.02695438118887266,1.0,0.013782075046045245
TIVC,0.05459466677881654,-0.09418658974864336,0.3991969823194114,-0.20977768435338162,0.013782075046045245,1.0
