,NHPBP,VGAS
NHPBP,1.0,-0.016429891292530873
VGAS,-0.016429891292530873,1.0
