,ACXP,ELEV,GHRS,LENZ,MCW,TKNO
ACXP,1.0,0.5901224368250122,0.6139490659442842,0.7367756933761536,0.001283442379345856,0.48643641585032577
ELEV,0.5901224368250122,1.0,0.5641554924126554,0.4815796921618881,-0.03844893408868606,0.6647898101286418
GHRS,0.6139490659442842,0.5641554924126554,1.0,0.6738508359970035,0.32796273597756015,0.653474233918504
LENZ,0.7367756933761536,0.4815796921618881,0.6738508359970035,1.0,0.029756553507048766,0.5057073163340988
MCW,0.001283442379345856,-0.03844893408868606,0.32796273597756015,0.029756553507048766,1.0,0.023490041995029392
TKNO,0.48643641585032577,0.6647898101286418,0.653474233918504,0.5057073163340988,0.023490041995029392,1.0
