,DSP,EXE,GRI,NAMSW
DSP,1.0,-0.39563977325214805,0.7954844693589875,0.7431214181920565
EXE,-0.39563977325214805,1.0,-0.2751680772562086,-0.4453454804298513
GRI,0.7954844693589875,-0.2751680772562086,1.0,0.7758320250334081
NAMSW,0.7431214181920565,-0.4453454804298513,0.7758320250334081,1.0
