,MQ,SQFTP
MQ,1.0,-0.45394376288965255
SQFTP,-0.45394376288965255,1.0
