,CXAI,SANA,SNSE
CXAI,1.0,0.7706757759473151,0.7513877497404681
SANA,0.7706757759473151,1.0,0.8026829416101083
SNSE,0.7513877497404681,0.8026829416101083,1.0
