,FINW,LITM
FINW,1.0,-0.47165903068951964
LITM,-0.47165903068951964,1.0
