,EJH,VERA
EJH,1.0,-0.6637261720857243
VERA,-0.6637261720857243,1.0
