,BZ,JANX,TASK
BZ,1.0,-0.22117585824535207,0.3107933160311144
JANX,-0.22117585824535207,1.0,0.49761505657962113
TASK,0.3107933160311144,0.49761505657962113,1.0
