,OCG,WNW
OCG,1.0,0.6754305489695639
WNW,0.6754305489695639,1.0
