,EVGOW,SEATW,SOFI,WFRD
EVGOW,1.0,0.10509473016190514,0.3137317711903676,-0.14146117322384655
SEATW,0.10509473016190514,1.0,0.12752775048130707,0.3512684902748576
SOFI,0.3137317711903676,0.12752775048130707,1.0,0.33953020077143525
WFRD,-0.14146117322384655,0.3512684902748576,0.33953020077143525,1.0
