,AUUD,VRPX
AUUD,1.0,0.35555030968954066
VRPX,0.35555030968954066,1.0
