,AISP,AUR,GRRR
AISP,1.0,-0.2901782336695439,0.011759257037149307
AUR,-0.2901782336695439,1.0,0.35572893829100405
GRRR,0.011759257037149307,0.35572893829100405,1.0
