,BGM,LEXX
BGM,1.0,-0.4544928802574096
LEXX,-0.4544928802574096,1.0
