,DRVN,PLTK,VSSYW
DRVN,1.0,0.7271578303659642,0.5088942736857734
PLTK,0.7271578303659642,1.0,0.6342598374055859
VSSYW,0.5088942736857734,0.6342598374055859,1.0
