,CNCK,TMC
CNCK,1.0,-0.314645467291466
TMC,-0.314645467291466,1.0
