,HBANP,WAFDP
HBANP,1.0,0.4833765851335928
WAFDP,0.4833765851335928,1.0
