,AMPGW,PPTA
AMPGW,1.0,0.18212513576919725
PPTA,0.18212513576919725,1.0
