,SOND,SWVL
SOND,1.0,0.481780789412445
SWVL,0.481780789412445,1.0
