,CNOBP,DATS,DATSW,DRMA,MOBX
CNOBP,1.0,0.6555166157143728,0.6071698791356411,0.2419303772446189,0.4469005294537573
DATS,0.6555166157143728,1.0,0.9415290148522587,0.30357432095787623,0.4305948309498128
DATSW,0.6071698791356411,0.9415290148522587,1.0,0.38805492472861586,0.46738309737663564
DRMA,0.2419303772446189,0.30357432095787623,0.38805492472861586,1.0,0.06304790206167281
MOBX,0.4469005294537573,0.4305948309498128,0.46738309737663564,0.06304790206167281,1.0
