,ENVX,RSVR
ENVX,1.0,0.16951997837226712
RSVR,0.16951997837226712,1.0
