,APP,KRT
APP,1.0,0.2922103297779218
KRT,0.2922103297779218,1.0
