,ABOS,DNUT,EVCM,HEPS,HTZ,VRAR,WAVE
ABOS,1.0,0.4720952674560139,-0.5368523345521031,-0.027008459046648486,0.412146375390454,0.543372227718282,0.514900232269673
DNUT,0.4720952674560139,1.0,-0.11047565726978612,0.383391815370688,0.6231419350914797,0.46109598160433657,0.7568939365347189
EVCM,-0.5368523345521031,-0.11047565726978612,1.0,0.4512443395820968,-0.08389774564014411,-0.2628696808644714,-0.1266326253378904
HEPS,-0.027008459046648486,0.383391815370688,0.4512443395820968,1.0,0.19405686874135963,0.1110502306981354,0.4456828885628375
HTZ,0.412146375390454,0.6231419350914797,-0.08389774564014411,0.19405686874135963,1.0,0.6151577874828363,0.6574824663059771
VRAR,0.543372227718282,0.46109598160433657,-0.2628696808644714,0.1110502306981354,0.6151577874828363,1.0,0.7241359883515468
WAVE,0.514900232269673,0.7568939365347189,-0.1266326253378904,0.4456828885628375,0.6574824663059771,0.7241359883515468,1.0
