,HUDI,MNTK,PAX
HUDI,1.0,0.30979921669130067,0.21055467799682553
MNTK,0.30979921669130067,1.0,0.6216619626426532
PAX,0.21055467799682553,0.6216619626426532,1.0
