,CERO,OP
CERO,1.0,0.10031337614045732
OP,0.10031337614045732,1.0
