,GREEL,GTLB,LUCD
GREEL,1.0,0.49972270325421597,0.039853932642907444
GTLB,0.49972270325421597,1.0,0.31889626858907993
LUCD,0.039853932642907444,0.31889626858907993,1.0
