,ABSI,BASE,ZENV
ABSI,1.0,-0.572320831290304,-0.3077726130350876
BASE,-0.572320831290304,1.0,0.8050750838589108
ZENV,-0.3077726130350876,0.8050750838589108,1.0
