,GATE,GATEW
GATE,1.0,0.3222594010548502
GATEW,0.3222594010548502,1.0
