,IINN,IINNW,METCL
IINN,1.0,0.7131362388820641,0.010777927404857057
IINNW,0.7131362388820641,1.0,0.04124499259650136
METCL,0.010777927404857057,0.04124499259650136,1.0
