,BRLS,VLCN
BRLS,1.0,0.5120293380252234
VLCN,0.5120293380252234,1.0
