,HOOD,NUVL,RLYB
HOOD,1.0,-0.2716417387599957,0.5858223202054159
NUVL,-0.2716417387599957,1.0,-0.5799960951163657
RLYB,0.5858223202054159,-0.5799960951163657,1.0
