,BNZI,LGVN
BNZI,1.0,-0.259106364763136
LGVN,-0.259106364763136,1.0
