,BCAB,LOGC,UPST,XOMAP
BCAB,1.0,0.5051056646274666,0.7131459587422067,0.42782690617330016
LOGC,0.5051056646274666,1.0,0.4606823050390682,0.11586398368278823
UPST,0.7131459587422067,0.4606823050390682,1.0,0.5206785427482015
XOMAP,0.42782690617330016,0.11586398368278823,0.5206785427482015,1.0
