,ATLCP,AUID
ATLCP,1.0,-0.17606146770700976
AUID,-0.17606146770700976,1.0
