,ASTL,GAINN,INNV
ASTL,1.0,-0.3600416323925599,0.38241279788838484
GAINN,-0.3600416323925599,1.0,-0.29649093353089917
INNV,0.38241279788838484,-0.29649093353089917,1.0
