,AFRM,MSGM,REE
AFRM,1.0,-0.07808402979305092,0.2426190415575052
MSGM,-0.07808402979305092,1.0,-0.07014016228949271
REE,0.2426190415575052,-0.07014016228949271,1.0
