,CGTX,PYXS
CGTX,1.0,0.16038695675426967
PYXS,0.16038695675426967,1.0
