,BETR,BRNS,HOWL
BETR,1.0,-0.36992346570206613,0.36586766734718584
BRNS,-0.36992346570206613,1.0,-0.5220255892913086
HOWL,0.36586766734718584,-0.5220255892913086,1.0
