,ARBKL,NYMTZ
ARBKL,1.0,0.011743527519680524
NYMTZ,0.011743527519680524,1.0
