,ARHS,MDXH,NRDS
ARHS,1.0,0.6277194884059532,0.8121980197469251
MDXH,0.6277194884059532,1.0,0.6242329884733255
NRDS,0.8121980197469251,0.6242329884733255,1.0
