,RMCO,VALN,XBP
RMCO,1.0,-0.22384914004886083,0.024254679341955448
VALN,-0.22384914004886083,1.0,0.2813304639026896
XBP,0.024254679341955448,0.2813304639026896,1.0
