,ALTI,PTIX
ALTI,1.0,0.12193251493517847
PTIX,0.12193251493517847,1.0
