,FSBC,FYBR,HNST
FSBC,1.0,-0.21423551951997338,-0.3170345404611298
FYBR,-0.21423551951997338,1.0,0.40385972595254244
HNST,-0.3170345404611298,0.40385972595254244,1.0
