,ALVO,HSCS
ALVO,1.0,0.5955445246962097
HSCS,0.5955445246962097,1.0
