,ACRV,CMND
ACRV,1.0,0.48221340729121076
CMND,0.48221340729121076,1.0
