,AIRJ,ENGN
AIRJ,1.0,0.04914474365856873
ENGN,0.04914474365856873,1.0
