,MHUA,ZIMV
MHUA,1.0,0.4473747703040141
ZIMV,0.4473747703040141,1.0
