,KBSX,TZUP
KBSX,1.0,0.1382172202550927
TZUP,0.1382172202550927,1.0
