,AKAN,FEAM
AKAN,1.0,-0.06127106625817047
FEAM,-0.06127106625817047,1.0
