,CAPT,NUTX
CAPT,1.0,-0.11247070438285271
NUTX,-0.11247070438285271,1.0
