,AGNCL,YOSH
AGNCL,1.0,0.5721566610423721
YOSH,0.5721566610423721,1.0
