,ACDC,ASNS
ACDC,1.0,-0.07992021719627976
ASNS,-0.07992021719627976,1.0
