,FUFU,NRSN,SMX
FUFU,1.0,-0.4407162523875086,0.3942090340314563
NRSN,-0.4407162523875086,1.0,-0.3281377454996678
SMX,0.3942090340314563,-0.3281377454996678,1.0
