,ANNA,TNMG
ANNA,1.0,0.2664255115045876
TNMG,0.2664255115045876,1.0
