,AMLX,CJET,FCNCO,HOUR,VIGL
AMLX,1.0,0.3810889340356212,-0.22497811359580924,-0.08107921689699146,0.017461220789479714
CJET,0.3810889340356212,1.0,-0.3733556613842901,-0.3868957544215711,0.2016564476861229
FCNCO,-0.22497811359580924,-0.3733556613842901,1.0,0.3881507616622585,-0.3257037410197682
HOUR,-0.08107921689699146,-0.3868957544215711,0.3881507616622585,1.0,-0.1462583545154947
VIGL,0.017461220789479714,0.2016564476861229,-0.3257037410197682,-0.1462583545154947,1.0
