,EUDA,SIDU
EUDA,1.0,-0.21600336010731974
SIDU,-0.21600336010731974,1.0
