,DTI,NVNI
DTI,1.0,0.4121249212386532
NVNI,0.4121249212386532,1.0
