,LNKB,THRD
LNKB,1.0,-0.09483247496984208
THRD,-0.09483247496984208,1.0
