,GEGGL,IPX
GEGGL,1.0,0.347414584814168
IPX,0.347414584814168,1.0
