,JFBR,JZ,ONFO
JFBR,1.0,0.7937325093109305,0.8844980267654494
JZ,0.7937325093109305,1.0,0.9202830967312321
ONFO,0.8844980267654494,0.9202830967312321,1.0
