,ACLX,LIEN,NVCT
ACLX,1.0,-0.0541626145368488,0.02909064956180093
LIEN,-0.0541626145368488,1.0,-0.44861546961699095
NVCT,0.02909064956180093,-0.44861546961699095,1.0
