,GTI,VSTE
GTI,1.0,-0.17689673621806362
VSTE,-0.17689673621806362,1.0
