,BLTE,HLVX,KLTO
BLTE,1.0,-0.06393368516250351,0.5263462644936882
HLVX,-0.06393368516250351,1.0,0.15204771508413167
KLTO,0.5263462644936882,0.15204771508413167,1.0
