,DRCT,TCBP,ZVSA
DRCT,1.0,0.40151852466513327,0.35882035083167985
TCBP,0.40151852466513327,1.0,-0.293412267105127
ZVSA,0.35882035083167985,-0.293412267105127,1.0
