,EMCG,LASE
EMCG,1.0,0.13624645056043821
LASE,0.13624645056043821,1.0
