,AREB,CRML
AREB,1.0,-0.17648713457677218
CRML,-0.17648713457677218,1.0
