,ASPI,GLST,SNAL
ASPI,1.0,-0.06630374977041885,0.6712437541961224
GLST,-0.06630374977041885,1.0,0.033438374049047634
SNAL,0.6712437541961224,0.033438374049047634,1.0
