,LION,VMCAU
LION,1.0,-0.1540359838809648
VMCAU,-0.1540359838809648,1.0
