,HTCR,MODD,SKYX
HTCR,1.0,-0.20647672805129336,0.027948612775794336
MODD,-0.20647672805129336,1.0,-0.06804284211738817
SKYX,0.027948612775794336,-0.06804284211738817,1.0
