,ACON,JCSE
ACON,1.0,-0.2859599714091328
JCSE,-0.2859599714091328,1.0
