,ANTX,LCFY
ANTX,1.0,0.4459012597229897
LCFY,0.4459012597229897,1.0
