,CFSB,RDZN,TPG
CFSB,1.0,0.08540670633192132,0.12554678537644956
RDZN,0.08540670633192132,1.0,-0.0466859976062606
TPG,0.12554678537644956,-0.0466859976062606,1.0
