,IONR,IVCA
IONR,1.0,0.6357470564317623
IVCA,0.6357470564317623,1.0
