,CING,REFI
CING,1.0,-0.13506132800828535
REFI,-0.13506132800828535,1.0
