,OST,TNON
OST,1.0,0.48546821050159805
TNON,0.48546821050159805,1.0
