,AIEV,FOXX
AIEV,1.0,-0.09948447024627163
FOXX,-0.09948447024627163,1.0
