,MBINM,SBC
MBINM,1.0,0.36048918843758326
SBC,0.36048918843758326,1.0
