,GV,OKYO
GV,1.0,0.8485614670907321
OKYO,0.8485614670907321,1.0
