,CEG,NSTS
CEG,1.0,-0.3595570475100311
NSTS,-0.3595570475100311,1.0
