,GDST,STSS
GDST,1.0,0.09211757054447325
STSS,0.09211757054447325,1.0
