,CRDO,KSCP
CRDO,1.0,-0.5382298335206878
KSCP,-0.5382298335206878,1.0
