,FMTO,MSSA
FMTO,1.0,-0.23480175575020948
MSSA,-0.23480175575020948,1.0
