,MTEK,NVX
MTEK,1.0,0.5808510781485691
NVX,0.5808510781485691,1.0
