,ATMV,ELVN,QSG
ATMV,1.0,-0.0954346522426834,-0.14659191972648705
ELVN,-0.0954346522426834,1.0,-0.036776695435084814
QSG,-0.14659191972648705,-0.036776695435084814,1.0
