,ELVN,GXAI
ELVN,1.0,-0.6723992832952922
GXAI,-0.6723992832952922,1.0
