,ATMC,CETY
ATMC,1.0,0.15159130097471935
CETY,0.15159130097471935,1.0
