,ELVN,MLYS
ELVN,1.0,-0.2194076661989627
MLYS,-0.2194076661989627,1.0
