,ELVN,HSAI,NXT
ELVN,1.0,-0.7170047361779062,0.2228227979605064
HSAI,-0.7170047361779062,1.0,-0.13914449271944163
NXT,0.2228227979605064,-0.13914449271944163,1.0
