,COYA,HROWM
COYA,1.0,-0.3149370950293172
HROWM,-0.3149370950293172,1.0
