,BREA,ELVN
BREA,1.0,0.12614074428494498
ELVN,0.12614074428494498,1.0
