,ELVN,LICN
ELVN,1.0,-0.5693291350927245
LICN,-0.5693291350927245,1.0
