,BFRG,ELVN
BFRG,1.0,-0.4899864192665661
ELVN,-0.4899864192665661,1.0
