,ELVN,GNLX,HSPO
ELVN,1.0,0.7539221883195717,0.5913425270158836
GNLX,0.7539221883195717,1.0,0.6663860779376378
HSPO,0.5913425270158836,0.6663860779376378,1.0
