,ASST,ELVN,GPCR
ASST,1.0,0.14497054228419798,0.11322683317649965
ELVN,0.14497054228419798,1.0,0.4592907516462195
GPCR,0.11322683317649965,0.4592907516462195,1.0
