,CTOR,ECDA,RWAYZ
CTOR,1.0,0.30431520389767425,0.0905706564137366
ECDA,0.30431520389767425,1.0,0.19436403154222362
RWAYZ,0.0905706564137366,0.19436403154222362,1.0
