name,horizon,mae,mse,rmse,r2,accuracy
small,day1,0.01641141635984094,0.0009695343960184347,0.03113734728615196,0.5888479134513968,0.72
small,day5,0.015566368748819863,0.0007052296350672138,0.02655616002111777,0.4906437287793616,0.748
small,day20,0.018036635374176026,0.0008160767200859853,0.028567056552714444,0.4952926354088121,0.77475
big,day1,0.015723704031993822,0.0010597313865757323,0.03255351573295475,0.55059792353837,0.77
big,day5,0.015121707273593793,0.000739615237202375,0.0271958680170789,0.4658085244482605,0.768
big,day20,0.01689625273504209,0.0007248303696605533,0.02692267389507501,0.5517244682479248,0.77675