epoch,loss,epoch times
1,0.8648094342645621,731.7491526603699
2,0.7249109437891604,860.7219634056091
